image	size	width	height	backend	speed	quality	bytes	encode_ms	decode_ms	ssim2	aom_gate
1025469	64	64	64	zenravif-420	6	5.0	313	4.69	1.75	55.3684	identical
1025469	64	64	64	zenravif-444	6	5.0	312	3.82	0.49	55.3587	identical
1025469	64	64	64	svt-rs-420	6	5.0	273	0.96	0.55	48.7671	identical
1025469	64	64	64	zenravif-420	6	10.0	313	3.09	0.43	54.9175	identical
1025469	64	64	64	zenravif-444	6	10.0	313	3.95	0.36	55.7213	identical
1025469	64	64	64	svt-rs-420	6	10.0	274	0.27	0.37	52.9115	identical
1025469	64	64	64	zenravif-420	6	15.0	319	2.96	0.41	59.5255	identical
1025469	64	64	64	zenravif-444	6	15.0	318	4.03	0.48	59.5748	identical
1025469	64	64	64	svt-rs-420	6	15.0	274	0.31	0.46	54.4891	identical
1025469	64	64	64	zenravif-420	6	20.0	321	3.09	0.35	61.4794	identical
1025469	64	64	64	zenravif-444	6	20.0	321	4.10	0.38	60.9060	identical
1025469	64	64	64	svt-rs-420	6	20.0	289	0.28	0.34	60.3604	identical
1025469	64	64	64	zenravif-420	6	25.0	327	3.17	0.35	63.5609	identical
1025469	64	64	64	zenravif-444	6	25.0	325	4.14	0.35	63.3125	identical
1025469	64	64	64	svt-rs-420	6	25.0	293	0.29	0.34	60.5191	identical
1025469	64	64	64	zenravif-420	6	30.0	332	4.61	0.36	63.9027	identical
1025469	64	64	64	zenravif-444	6	30.0	331	6.09	0.39	63.9027	identical
1025469	64	64	64	svt-rs-420	6	30.0	297	0.35	0.38	62.1974	identical
1025469	64	64	64	zenravif-420	6	35.0	340	3.65	0.32	65.7151	identical
1025469	64	64	64	zenravif-444	6	35.0	340	4.79	0.34	65.6229	identical
1025469	64	64	64	svt-rs-420	6	35.0	302	0.32	0.31	63.1058	identical
1025469	64	64	64	zenravif-420	6	40.0	355	4.33	0.35	66.7953	identical
1025469	64	64	64	zenravif-444	6	40.0	354	5.56	0.34	66.7043	identical
1025469	64	64	64	svt-rs-420	6	40.0	315	0.33	0.29	66.5107	identical
1025469	64	64	64	zenravif-420	6	45.0	369	4.46	0.33	68.2120	identical
1025469	64	64	64	zenravif-444	6	45.0	370	5.34	0.36	69.0377	identical
1025469	64	64	64	svt-rs-420	6	45.0	335	0.43	0.34	68.0325	identical
1025469	64	64	64	zenravif-420	6	50.0	397	3.92	0.43	70.4742	identical
1025469	64	64	64	zenravif-444	6	50.0	397	4.92	0.34	70.9263	identical
1025469	64	64	64	svt-rs-420	6	50.0	354	0.39	0.35	70.4292	identical
1025469	64	64	64	zenravif-420	6	55.0	416	4.80	0.32	70.9480	identical
1025469	64	64	64	zenravif-444	6	55.0	416	5.57	0.34	71.4504	identical
1025469	64	64	64	svt-rs-420	6	55.0	384	0.38	0.33	71.1953	identical
1025469	64	64	64	zenravif-420	6	60.0	447	4.96	0.33	72.3148	identical
1025469	64	64	64	zenravif-444	6	60.0	452	5.89	0.45	72.5540	identical
1025469	64	64	64	svt-rs-420	6	60.0	420	0.39	0.39	72.2015	identical
1025469	64	64	64	zenravif-420	6	65.0	481	5.77	0.32	75.2522	identical
1025469	64	64	64	zenravif-444	6	65.0	487	6.97	0.35	75.5551	identical
1025469	64	64	64	svt-rs-420	6	65.0	455	0.40	0.40	72.5030	identical
1025469	64	64	64	zenravif-420	6	70.0	525	6.46	0.33	75.3010	identical
1025469	64	64	64	zenravif-444	6	70.0	527	7.81	0.49	76.1112	identical
1025469	64	64	64	svt-rs-420	6	70.0	492	0.64	0.44	72.9306	identical
1025469	64	64	64	zenravif-420	6	75.0	602	6.91	0.36	78.3260	identical
1025469	64	64	64	zenravif-444	6	75.0	612	10.50	0.37	84.4812	identical
1025469	64	64	64	svt-rs-420	6	75.0	542	0.48	0.37	77.4524	identical
1025469	64	64	64	zenravif-420	6	80.0	671	8.96	0.37	76.8234	identical
1025469	64	64	64	zenravif-444	6	80.0	700	11.17	0.41	84.9574	identical
1025469	64	64	64	svt-rs-420	6	80.0	622	0.60	0.38	79.1948	identical
1025469	64	64	64	zenravif-420	6	85.0	762	9.52	0.42	80.5951	identical
1025469	64	64	64	zenravif-444	6	85.0	813	11.73	0.40	88.3024	identical
1025469	64	64	64	svt-rs-420	6	85.0	670	0.59	0.36	78.1934	identical
1025469	64	64	64	zenravif-420	6	90.0	927	10.34	0.35	82.2729	identical
1025469	64	64	64	zenravif-444	6	90.0	1023	14.24	0.42	89.0461	identical
1025469	64	64	64	svt-rs-420	6	90.0	857	0.59	0.37	84.4661	identical
1025469	64	64	64	zenravif-420	6	95.0	1289	11.57	0.38	84.3921	identical
1025469	64	64	64	zenravif-444	6	95.0	1563	16.49	0.45	91.0551	identical
1025469	64	64	64	svt-rs-420	6	95.0	1168	0.84	0.38	83.9591	identical
1025469	64	64	64	zenravif-420	6	100.0	2327	10.47	0.45	86.0247	identical
1025469	64	64	64	zenravif-444	6	100.0	3974	16.73	0.55	95.3214	identical
1025469	64	64	64	svt-rs-420	6	100.0	1755	0.79	0.40	85.3565	identical
1044329	64	64	64	zenravif-420	6	5.0	419	10.46	1.52	21.0435	identical
1044329	64	64	64	zenravif-444	6	5.0	413	12.05	0.48	21.8352	identical
1044329	64	64	64	svt-rs-420	6	5.0	352	0.40	0.34	12.4750	identical
1044329	64	64	64	zenravif-420	6	10.0	428	11.72	0.44	19.6219	identical
1044329	64	64	64	zenravif-444	6	10.0	422	12.94	0.36	18.2616	identical
1044329	64	64	64	svt-rs-420	6	10.0	380	0.41	0.35	14.3935	identical
1044329	64	64	64	zenravif-420	6	15.0	471	13.61	0.40	25.6683	identical
1044329	64	64	64	zenravif-444	6	15.0	464	16.82	0.39	24.5930	identical
1044329	64	64	64	svt-rs-420	6	15.0	491	0.43	0.43	20.8908	identical
1044329	64	64	64	zenravif-420	6	20.0	511	15.46	0.40	25.6405	identical
1044329	64	64	64	zenravif-444	6	20.0	510	21.62	0.42	31.6670	identical
1044329	64	64	64	svt-rs-420	6	20.0	552	0.53	0.34	20.2199	identical
1044329	64	64	64	zenravif-420	6	25.0	543	17.62	0.46	27.3949	identical
1044329	64	64	64	zenravif-444	6	25.0	539	21.62	0.43	40.1981	identical
1044329	64	64	64	svt-rs-420	6	25.0	631	0.50	0.41	22.0306	identical
1044329	64	64	64	zenravif-420	6	30.0	607	18.09	0.41	35.8579	identical
1044329	64	64	64	zenravif-444	6	30.0	620	22.87	0.46	39.8458	identical
1044329	64	64	64	svt-rs-420	6	30.0	722	0.57	0.45	20.8956	identical
1044329	64	64	64	zenravif-420	6	35.0	654	19.52	0.48	32.8363	identical
1044329	64	64	64	zenravif-444	6	35.0	667	27.04	0.48	30.2416	identical
1044329	64	64	64	svt-rs-420	6	35.0	863	0.66	0.43	24.7799	identical
1044329	64	64	64	zenravif-420	6	40.0	720	22.34	0.43	40.1472	identical
1044329	64	64	64	zenravif-444	6	40.0	766	27.48	0.45	52.2157	identical
1044329	64	64	64	svt-rs-420	6	40.0	990	0.65	0.39	25.2149	identical
1044329	64	64	64	zenravif-420	6	45.0	802	22.56	0.43	43.0322	identical
1044329	64	64	64	zenravif-444	6	45.0	842	30.39	0.48	44.5256	identical
1044329	64	64	64	svt-rs-420	6	45.0	1120	0.73	0.45	36.2756	identical
1044329	64	64	64	zenravif-420	6	50.0	891	24.65	0.39	40.8471	identical
1044329	64	64	64	zenravif-444	6	50.0	958	30.02	0.47	44.7945	identical
1044329	64	64	64	svt-rs-420	6	50.0	1288	0.66	0.39	43.2111	identical
1044329	64	64	64	zenravif-420	6	55.0	982	26.60	0.41	44.6952	identical
1044329	64	64	64	zenravif-444	6	55.0	1062	33.21	0.46	47.4160	identical
1044329	64	64	64	svt-rs-420	6	55.0	1435	0.73	0.43	47.7245	identical
1044329	64	64	64	zenravif-420	6	60.0	1106	28.00	0.53	45.8335	identical
1044329	64	64	64	zenravif-444	6	60.0	1190	35.68	0.57	52.9702	identical
1044329	64	64	64	svt-rs-420	6	60.0	1660	0.83	0.40	48.6100	identical
1044329	64	64	64	zenravif-420	6	65.0	1244	30.16	0.41	46.3871	identical
1044329	64	64	64	zenravif-444	6	65.0	1337	38.64	0.56	56.3767	identical
1044329	64	64	64	svt-rs-420	6	65.0	1801	0.66	0.39	49.7177	identical
1044329	64	64	64	zenravif-420	6	70.0	1380	28.62	0.41	49.0135	identical
1044329	64	64	64	zenravif-444	6	70.0	1588	39.57	0.39	59.9281	identical
1044329	64	64	64	svt-rs-420	6	70.0	1937	0.69	0.43	51.0082	identical
1044329	64	64	64	zenravif-420	6	75.0	1627	31.92	0.41	52.9788	identical
1044329	64	64	64	zenravif-444	6	75.0	1906	43.08	0.60	61.7233	identical
1044329	64	64	64	svt-rs-420	6	75.0	2084	0.80	0.44	53.7443	identical
1044329	64	64	64	zenravif-420	6	80.0	1755	33.31	0.46	52.2355	identical
1044329	64	64	64	zenravif-444	6	80.0	2144	47.55	0.48	66.8866	identical
1044329	64	64	64	svt-rs-420	6	80.0	2269	0.70	0.42	53.6578	identical
1044329	64	64	64	zenravif-420	6	85.0	1997	34.74	0.55	53.0680	identical
1044329	64	64	64	zenravif-444	6	85.0	2549	49.54	0.51	71.4261	identical
1044329	64	64	64	svt-rs-420	6	85.0	2542	0.69	0.45	54.8471	identical
1044329	64	64	64	zenravif-420	6	90.0	2310	37.70	0.51	54.8312	identical
1044329	64	64	64	zenravif-444	6	90.0	3097	52.99	0.55	74.0090	identical
1044329	64	64	64	svt-rs-420	6	90.0	3105	0.68	0.44	55.4766	identical
1044329	64	64	64	zenravif-420	6	95.0	2889	44.76	0.46	55.7117	identical
1044329	64	64	64	zenravif-444	6	95.0	4068	62.02	0.57	83.6522	identical
1044329	64	64	64	svt-rs-420	6	95.0	3945	0.56	0.52	55.5908	identical
1044329	64	64	64	zenravif-420	6	100.0	4313	22.83	0.62	56.3542	identical
1044329	64	64	64	zenravif-444	6	100.0	7014	38.44	0.72	95.3202	identical
1044329	64	64	64	svt-rs-420	6	100.0	4525	0.77	0.53	55.7728	identical
1189261	64	64	64	zenravif-420	6	5.0	382	5.51	0.35	38.0564	identical
1189261	64	64	64	zenravif-444	6	5.0	380	8.21	0.35	30.4331	identical
1189261	64	64	64	svt-rs-420	6	5.0	308	0.29	0.32	19.4495	identical
1189261	64	64	64	zenravif-420	6	10.0	391	5.57	0.42	38.4030	identical
1189261	64	64	64	zenravif-444	6	10.0	387	8.45	0.39	37.1185	identical
1189261	64	64	64	svt-rs-420	6	10.0	339	0.35	0.34	28.4435	identical
1189261	64	64	64	zenravif-420	6	15.0	403	7.79	0.33	40.1190	identical
1189261	64	64	64	zenravif-444	6	15.0	409	9.28	0.40	39.2125	identical
1189261	64	64	64	svt-rs-420	6	15.0	348	0.34	0.36	26.9402	identical
1189261	64	64	64	zenravif-420	6	20.0	431	7.45	0.38	42.4467	identical
1189261	64	64	64	zenravif-444	6	20.0	428	10.10	0.37	40.5930	identical
1189261	64	64	64	svt-rs-420	6	20.0	382	0.37	0.36	38.4049	identical
1189261	64	64	64	zenravif-420	6	25.0	451	8.13	0.41	47.0711	identical
1189261	64	64	64	zenravif-444	6	25.0	457	10.50	0.44	48.0860	identical
1189261	64	64	64	svt-rs-420	6	25.0	414	0.40	0.35	37.6667	identical
1189261	64	64	64	zenravif-420	6	30.0	487	9.22	0.37	49.9468	identical
1189261	64	64	64	zenravif-444	6	30.0	490	12.39	0.46	47.8501	identical
1189261	64	64	64	svt-rs-420	6	30.0	459	0.50	0.36	44.9038	identical
1189261	64	64	64	zenravif-420	6	35.0	522	9.52	0.39	50.0813	identical
1189261	64	64	64	zenravif-444	6	35.0	539	14.04	0.45	56.0955	identical
1189261	64	64	64	svt-rs-420	6	35.0	510	0.53	0.37	47.4237	identical
1189261	64	64	64	zenravif-420	6	40.0	559	10.04	0.40	51.9962	identical
1189261	64	64	64	zenravif-444	6	40.0	587	13.32	0.43	60.6100	identical
1189261	64	64	64	svt-rs-420	6	40.0	557	0.50	0.38	51.3025	identical
1189261	64	64	64	zenravif-420	6	45.0	609	11.66	0.45	60.9459	identical
1189261	64	64	64	zenravif-444	6	45.0	652	15.36	0.42	61.8532	identical
1189261	64	64	64	svt-rs-420	6	45.0	623	0.57	0.36	56.2831	identical
1189261	64	64	64	zenravif-420	6	50.0	666	11.29	0.42	62.3312	identical
1189261	64	64	64	zenravif-444	6	50.0	704	15.08	0.36	66.2409	identical
1189261	64	64	64	svt-rs-420	6	50.0	684	0.54	0.36	61.2386	identical
1189261	64	64	64	zenravif-420	6	55.0	723	12.00	0.40	64.2727	identical
1189261	64	64	64	zenravif-444	6	55.0	773	15.48	0.43	67.1471	identical
1189261	64	64	64	svt-rs-420	6	55.0	742	0.67	0.38	61.0380	identical
1189261	64	64	64	zenravif-420	6	60.0	778	12.46	0.39	65.1734	identical
1189261	64	64	64	zenravif-444	6	60.0	851	17.42	0.42	69.8504	identical
1189261	64	64	64	svt-rs-420	6	60.0	855	0.74	0.42	67.0430	identical
1189261	64	64	64	zenravif-420	6	65.0	859	13.97	0.39	67.6864	identical
1189261	64	64	64	zenravif-444	6	65.0	954	19.67	0.39	71.8150	identical
1189261	64	64	64	svt-rs-420	6	65.0	942	0.75	0.38	69.0238	identical
1189261	64	64	64	zenravif-420	6	70.0	934	15.66	0.46	69.1846	identical
1189261	64	64	64	zenravif-444	6	70.0	1036	21.79	0.41	74.8108	identical
1189261	64	64	64	svt-rs-420	6	70.0	1024	0.79	0.42	71.0239	identical
1189261	64	64	64	zenravif-420	6	75.0	1093	14.24	0.39	72.2054	identical
1189261	64	64	64	zenravif-444	6	75.0	1235	25.41	0.50	76.3510	identical
1189261	64	64	64	svt-rs-420	6	75.0	1122	1.04	0.50	71.5137	identical
1189261	64	64	64	zenravif-420	6	80.0	1221	16.89	0.41	73.6298	identical
1189261	64	64	64	zenravif-444	6	80.0	1399	29.70	0.53	80.7644	identical
1189261	64	64	64	svt-rs-420	6	80.0	1248	0.95	0.39	73.9892	identical
1189261	64	64	64	zenravif-420	6	85.0	1379	18.45	0.40	74.4415	identical
1189261	64	64	64	zenravif-444	6	85.0	1606	29.15	0.44	83.4406	identical
1189261	64	64	64	svt-rs-420	6	85.0	1425	0.88	0.44	75.8959	identical
1189261	64	64	64	zenravif-420	6	90.0	1629	20.76	0.48	74.7889	identical
1189261	64	64	64	zenravif-444	6	90.0	1982	33.62	0.51	85.7471	identical
1189261	64	64	64	svt-rs-420	6	90.0	1808	0.78	0.40	75.7158	identical
1189261	64	64	64	zenravif-420	6	95.0	2165	26.98	0.46	77.1621	identical
1189261	64	64	64	zenravif-444	6	95.0	2796	36.20	0.51	90.3887	identical
1189261	64	64	64	svt-rs-420	6	95.0	2359	0.80	0.44	76.8819	identical
1189261	64	64	64	zenravif-420	6	100.0	3624	18.23	0.53	77.5533	identical
1189261	64	64	64	zenravif-444	6	100.0	5830	30.73	0.67	96.3729	identical
1189261	64	64	64	svt-rs-420	6	100.0	3079	0.93	0.47	77.1738	identical
1279330	64	64	64	zenravif-420	6	5.0	369	6.33	0.36	47.3502	identical
1279330	64	64	64	zenravif-444	6	5.0	367	8.20	0.41	46.5805	identical
1279330	64	64	64	svt-rs-420	6	5.0	315	0.26	0.33	41.0078	identical
1279330	64	64	64	zenravif-420	6	10.0	373	6.08	0.36	47.9325	identical
1279330	64	64	64	zenravif-444	6	10.0	374	8.62	0.68	47.7377	identical
1279330	64	64	64	svt-rs-420	6	10.0	323	0.35	0.27	45.2312	identical
1279330	64	64	64	zenravif-420	6	15.0	395	7.42	0.36	59.1796	identical
1279330	64	64	64	zenravif-444	6	15.0	394	9.33	0.39	52.6299	identical
1279330	64	64	64	svt-rs-420	6	15.0	339	0.40	0.38	45.8954	identical
1279330	64	64	64	zenravif-420	6	20.0	413	7.67	0.38	62.8535	identical
1279330	64	64	64	zenravif-444	6	20.0	411	10.11	0.36	63.6551	identical
1279330	64	64	64	svt-rs-420	6	20.0	357	0.39	0.32	52.8546	identical
1279330	64	64	64	zenravif-420	6	25.0	431	8.09	0.37	61.9023	identical
1279330	64	64	64	zenravif-444	6	25.0	434	11.02	0.40	66.4284	identical
1279330	64	64	64	svt-rs-420	6	25.0	373	0.36	0.35	57.6751	identical
1279330	64	64	64	zenravif-420	6	30.0	452	7.89	0.36	68.7000	identical
1279330	64	64	64	zenravif-444	6	30.0	457	11.32	0.42	67.0121	identical
1279330	64	64	64	svt-rs-420	6	30.0	393	0.34	0.36	60.9797	identical
1279330	64	64	64	zenravif-420	6	35.0	487	8.98	0.37	68.1604	identical
1279330	64	64	64	zenravif-444	6	35.0	490	13.25	0.43	75.6295	identical
1279330	64	64	64	svt-rs-420	6	35.0	433	0.38	0.37	67.0662	identical
1279330	64	64	64	zenravif-420	6	40.0	500	9.77	0.39	73.0541	identical
1279330	64	64	64	zenravif-444	6	40.0	518	13.50	0.45	75.9822	identical
1279330	64	64	64	svt-rs-420	6	40.0	471	0.41	0.35	68.5456	identical
1279330	64	64	64	zenravif-420	6	45.0	534	10.17	0.40	77.2797	identical
1279330	64	64	64	zenravif-444	6	45.0	554	12.91	0.43	76.4154	identical
1279330	64	64	64	svt-rs-420	6	45.0	509	0.34	0.36	71.2394	identical
1279330	64	64	64	zenravif-420	6	50.0	570	10.16	0.39	77.4103	identical
1279330	64	64	64	zenravif-444	6	50.0	595	13.18	0.38	78.5939	identical
1279330	64	64	64	svt-rs-420	6	50.0	545	0.36	0.37	74.8200	identical
1279330	64	64	64	zenravif-420	6	55.0	612	9.95	0.42	81.0532	identical
1279330	64	64	64	zenravif-444	6	55.0	626	13.97	0.44	77.4285	identical
1279330	64	64	64	svt-rs-420	6	55.0	600	0.40	0.35	76.2708	identical
1279330	64	64	64	zenravif-420	6	60.0	651	11.01	0.37	82.2522	identical
1279330	64	64	64	zenravif-444	6	60.0	665	14.57	0.41	79.9691	identical
1279330	64	64	64	svt-rs-420	6	60.0	662	0.49	0.39	79.8135	identical
1279330	64	64	64	zenravif-420	6	65.0	694	11.81	0.41	83.4507	identical
1279330	64	64	64	zenravif-444	6	65.0	724	17.14	0.39	82.7019	identical
1279330	64	64	64	svt-rs-420	6	65.0	727	0.45	0.36	81.9595	identical
1279330	64	64	64	zenravif-420	6	70.0	741	12.62	0.43	83.7094	identical
1279330	64	64	64	zenravif-444	6	70.0	788	16.54	0.41	81.7231	identical
1279330	64	64	64	svt-rs-420	6	70.0	781	0.50	0.37	81.2122	identical
1279330	64	64	64	zenravif-420	6	75.0	813	12.76	0.41	84.7088	identical
1279330	64	64	64	zenravif-444	6	75.0	874	17.56	0.43	85.3803	identical
1279330	64	64	64	svt-rs-420	6	75.0	831	0.46	0.35	84.0884	identical
1279330	64	64	64	zenravif-420	6	80.0	889	14.25	0.43	85.7748	identical
1279330	64	64	64	zenravif-444	6	80.0	975	20.80	0.46	86.9215	identical
1279330	64	64	64	svt-rs-420	6	80.0	902	0.59	0.37	85.7651	identical
1279330	64	64	64	zenravif-420	6	85.0	980	15.91	0.44	87.0191	identical
1279330	64	64	64	zenravif-444	6	85.0	1088	21.56	0.45	89.3011	identical
1279330	64	64	64	svt-rs-420	6	85.0	1013	0.47	0.32	87.0033	identical
1279330	64	64	64	zenravif-420	6	90.0	1142	17.60	0.43	89.1567	identical
1279330	64	64	64	zenravif-444	6	90.0	1295	22.15	0.51	90.1755	identical
1279330	64	64	64	svt-rs-420	6	90.0	1246	0.51	0.39	89.1562	identical
1279330	64	64	64	zenravif-420	6	95.0	1479	21.11	0.45	89.3238	identical
1279330	64	64	64	zenravif-444	6	95.0	1746	28.54	0.47	92.2635	identical
1279330	64	64	64	svt-rs-420	6	95.0	1684	0.83	0.39	89.7172	identical
1279330	64	64	64	zenravif-420	6	100.0	3092	19.65	0.49	90.7148	identical
1279330	64	64	64	zenravif-444	6	100.0	4784	36.59	0.62	96.3821	identical
1279330	64	64	64	svt-rs-420	6	100.0	2314	0.75	0.45	90.2553	identical
1418519	64	64	64	zenravif-420	6	5.0	320	4.69	1.76	72.3513	identical
1418519	64	64	64	zenravif-444	6	5.0	319	3.79	0.49	70.4289	identical
1418519	64	64	64	svt-rs-420	6	5.0	276	0.95	0.53	68.8614	identical
1418519	64	64	64	zenravif-420	6	10.0	321	2.95	0.41	75.4471	identical
1418519	64	64	64	zenravif-444	6	10.0	321	3.81	0.38	73.5002	identical
1418519	64	64	64	svt-rs-420	6	10.0	279	0.28	0.35	73.2965	identical
1418519	64	64	64	zenravif-420	6	15.0	324	3.11	0.40	78.4428	identical
1418519	64	64	64	zenravif-444	6	15.0	323	4.15	0.53	76.7613	identical
1418519	64	64	64	svt-rs-420	6	15.0	283	0.26	0.43	74.9413	identical
1418519	64	64	64	zenravif-420	6	20.0	331	3.79	0.38	80.2790	identical
1418519	64	64	64	zenravif-444	6	20.0	330	4.67	0.38	79.3431	identical
1418519	64	64	64	svt-rs-420	6	20.0	283	0.22	0.32	74.6497	identical
1418519	64	64	64	zenravif-420	6	25.0	338	3.66	0.35	83.2289	identical
1418519	64	64	64	zenravif-444	6	25.0	338	5.18	0.35	80.4446	identical
1418519	64	64	64	svt-rs-420	6	25.0	288	0.25	0.37	78.3530	identical
1418519	64	64	64	zenravif-420	6	30.0	346	3.80	0.36	84.1171	identical
1418519	64	64	64	zenravif-444	6	30.0	345	5.13	0.44	83.2156	identical
1418519	64	64	64	svt-rs-420	6	30.0	300	0.28	0.37	82.1257	identical
1418519	64	64	64	zenravif-420	6	35.0	351	4.56	0.39	85.5315	identical
1418519	64	64	64	zenravif-444	6	35.0	351	5.82	0.35	84.9613	identical
1418519	64	64	64	svt-rs-420	6	35.0	312	0.29	0.36	83.4466	identical
1418519	64	64	64	zenravif-420	6	40.0	359	4.72	0.34	86.2239	identical
1418519	64	64	64	zenravif-444	6	40.0	360	5.81	0.34	85.8504	identical
1418519	64	64	64	svt-rs-420	6	40.0	318	0.27	0.31	84.1651	identical
1418519	64	64	64	zenravif-420	6	45.0	370	4.59	0.37	87.0439	identical
1418519	64	64	64	zenravif-444	6	45.0	372	6.35	0.49	87.1190	identical
1418519	64	64	64	svt-rs-420	6	45.0	329	0.33	0.38	85.4771	identical
1418519	64	64	64	zenravif-420	6	50.0	375	5.38	0.34	87.8161	identical
1418519	64	64	64	zenravif-444	6	50.0	377	7.36	0.34	87.2067	identical
1418519	64	64	64	svt-rs-420	6	50.0	337	0.30	0.36	86.1459	identical
1418519	64	64	64	zenravif-420	6	55.0	381	5.01	0.34	87.9287	identical
1418519	64	64	64	zenravif-444	6	55.0	390	8.03	0.32	88.3805	identical
1418519	64	64	64	svt-rs-420	6	55.0	348	0.32	0.33	86.2133	identical
1418519	64	64	64	zenravif-420	6	60.0	398	6.17	0.32	90.2285	identical
1418519	64	64	64	zenravif-444	6	60.0	404	8.28	0.36	87.9337	identical
1418519	64	64	64	svt-rs-420	6	60.0	369	0.37	0.36	88.7250	identical
1418519	64	64	64	zenravif-420	6	65.0	419	6.24	0.36	90.2633	identical
1418519	64	64	64	zenravif-444	6	65.0	425	8.62	0.44	89.4481	identical
1418519	64	64	64	svt-rs-420	6	65.0	381	0.60	0.45	89.5588	identical
1418519	64	64	64	zenravif-420	6	70.0	436	6.31	0.35	90.0392	identical
1418519	64	64	64	zenravif-444	6	70.0	437	8.50	0.37	89.4415	identical
1418519	64	64	64	svt-rs-420	6	70.0	396	0.38	0.37	89.6726	identical
1418519	64	64	64	zenravif-420	6	75.0	465	6.51	0.32	90.6405	identical
1418519	64	64	64	zenravif-444	6	75.0	469	8.33	0.34	89.4662	identical
1418519	64	64	64	svt-rs-420	6	75.0	408	0.40	0.34	90.0327	identical
1418519	64	64	64	zenravif-420	6	80.0	483	7.03	0.38	90.6754	identical
1418519	64	64	64	zenravif-444	6	80.0	506	9.46	0.36	92.0810	identical
1418519	64	64	64	svt-rs-420	6	80.0	448	0.44	0.38	90.5249	identical
1418519	64	64	64	zenravif-420	6	85.0	510	7.69	0.39	92.4307	identical
1418519	64	64	64	zenravif-444	6	85.0	537	9.73	0.38	92.5105	identical
1418519	64	64	64	svt-rs-420	6	85.0	468	0.52	0.52	91.8361	identical
1418519	64	64	64	zenravif-420	6	90.0	590	7.91	0.38	92.3374	identical
1418519	64	64	64	zenravif-444	6	90.0	647	9.70	0.36	93.4784	identical
1418519	64	64	64	svt-rs-420	6	90.0	556	0.49	0.33	93.0743	identical
1418519	64	64	64	zenravif-420	6	95.0	755	8.73	0.39	93.0983	identical
1418519	64	64	64	zenravif-444	6	95.0	847	11.09	0.37	94.0920	identical
1418519	64	64	64	svt-rs-420	6	95.0	702	0.53	0.33	93.4816	identical
1418519	64	64	64	zenravif-420	6	100.0	1856	10.04	0.47	95.2796	identical
1418519	64	64	64	zenravif-444	6	100.0	2939	18.71	0.50	95.9213	identical
1418519	64	64	64	svt-rs-420	6	100.0	1001	0.59	0.34	94.4178	identical
1420710	64	64	64	zenravif-420	6	5.0	370	5.40	0.45	49.7905	identical
1420710	64	64	64	zenravif-444	6	5.0	369	6.62	0.34	49.4548	identical
1420710	64	64	64	svt-rs-420	6	5.0	331	0.33	0.31	51.3404	identical
1420710	64	64	64	zenravif-420	6	10.0	383	5.73	0.44	51.2464	identical
1420710	64	64	64	zenravif-444	6	10.0	380	6.90	0.39	50.8339	identical
1420710	64	64	64	svt-rs-420	6	10.0	352	0.40	0.40	56.1176	identical
1420710	64	64	64	zenravif-420	6	15.0	396	5.93	0.36	55.0799	identical
1420710	64	64	64	zenravif-444	6	15.0	397	7.41	0.36	54.7931	identical
1420710	64	64	64	svt-rs-420	6	15.0	380	0.35	0.35	58.8673	identical
1420710	64	64	64	zenravif-420	6	20.0	429	6.32	0.40	58.7943	identical
1420710	64	64	64	zenravif-444	6	20.0	424	7.49	0.38	58.4624	identical
1420710	64	64	64	svt-rs-420	6	20.0	395	0.36	0.36	61.6397	identical
1420710	64	64	64	zenravif-420	6	25.0	454	6.66	0.37	60.9220	identical
1420710	64	64	64	zenravif-444	6	25.0	454	8.19	0.37	61.6561	identical
1420710	64	64	64	svt-rs-420	6	25.0	444	0.43	0.41	64.1082	identical
1420710	64	64	64	zenravif-420	6	30.0	498	7.11	0.38	63.9342	identical
1420710	64	64	64	zenravif-444	6	30.0	498	8.68	0.39	64.0723	identical
1420710	64	64	64	svt-rs-420	6	30.0	498	0.42	0.35	65.3075	identical
1420710	64	64	64	zenravif-420	6	35.0	547	7.40	0.38	66.3350	identical
1420710	64	64	64	zenravif-444	6	35.0	548	9.70	0.34	66.8476	identical
1420710	64	64	64	svt-rs-420	6	35.0	593	0.47	0.32	67.1707	identical
1420710	64	64	64	zenravif-420	6	40.0	607	8.89	0.37	68.5841	identical
1420710	64	64	64	zenravif-444	6	40.0	614	11.98	0.38	69.3627	identical
1420710	64	64	64	svt-rs-420	6	40.0	665	0.43	0.40	68.5992	identical
1420710	64	64	64	zenravif-420	6	45.0	678	9.26	0.41	68.7320	identical
1420710	64	64	64	zenravif-444	6	45.0	684	12.31	0.39	70.1291	identical
1420710	64	64	64	svt-rs-420	6	45.0	793	0.47	0.36	68.8526	identical
1420710	64	64	64	zenravif-420	6	50.0	764	11.56	0.41	71.1632	identical
1420710	64	64	64	zenravif-444	6	50.0	776	13.80	0.38	72.6677	identical
1420710	64	64	64	svt-rs-420	6	50.0	901	0.45	0.37	70.3892	identical
1420710	64	64	64	zenravif-420	6	55.0	831	11.33	0.41	72.5339	identical
1420710	64	64	64	zenravif-444	6	55.0	853	14.95	0.54	73.2354	identical
1420710	64	64	64	svt-rs-420	6	55.0	1026	0.60	0.39	71.6421	identical
1420710	64	64	64	zenravif-420	6	60.0	958	11.86	0.45	73.4861	identical
1420710	64	64	64	zenravif-444	6	60.0	991	16.03	0.43	75.0721	identical
1420710	64	64	64	svt-rs-420	6	60.0	1222	0.54	0.40	74.1534	identical
1420710	64	64	64	zenravif-420	6	65.0	1074	12.88	0.41	74.4698	identical
1420710	64	64	64	zenravif-444	6	65.0	1111	16.74	0.45	76.0172	identical
1420710	64	64	64	svt-rs-420	6	65.0	1376	0.54	0.50	75.6475	identical
1420710	64	64	64	zenravif-420	6	70.0	1178	15.24	0.44	73.8845	identical
1420710	64	64	64	zenravif-444	6	70.0	1237	17.14	0.48	76.4907	identical
1420710	64	64	64	svt-rs-420	6	70.0	1515	0.65	0.41	76.5247	identical
1420710	64	64	64	zenravif-420	6	75.0	1442	14.87	0.40	76.9888	identical
1420710	64	64	64	zenravif-444	6	75.0	1550	19.20	0.46	80.6126	identical
1420710	64	64	64	svt-rs-420	6	75.0	1669	0.64	0.39	78.8544	identical
1420710	64	64	64	zenravif-420	6	80.0	1667	15.87	0.41	78.8301	identical
1420710	64	64	64	zenravif-444	6	80.0	1806	20.57	0.48	81.4539	identical
1420710	64	64	64	svt-rs-420	6	80.0	1891	0.70	0.41	80.4201	identical
1420710	64	64	64	zenravif-420	6	85.0	1898	19.65	0.45	79.8516	identical
1420710	64	64	64	zenravif-444	6	85.0	2099	29.28	0.54	83.5220	identical
1420710	64	64	64	svt-rs-420	6	85.0	2123	0.53	0.38	81.6546	identical
1420710	64	64	64	zenravif-420	6	90.0	2276	22.36	0.50	81.4946	identical
1420710	64	64	64	zenravif-444	6	90.0	2599	30.62	0.51	85.2954	identical
1420710	64	64	64	svt-rs-420	6	90.0	2624	0.48	0.40	83.1983	identical
1420710	64	64	64	zenravif-420	6	95.0	2886	23.13	0.51	83.0868	identical
1420710	64	64	64	zenravif-444	6	95.0	3514	32.24	0.66	88.7342	identical
1420710	64	64	64	svt-rs-420	6	95.0	3258	0.54	0.54	84.0365	identical
1420710	64	64	64	zenravif-420	6	100.0	4485	22.60	0.61	84.9990	identical
1420710	64	64	64	zenravif-444	6	100.0	7015	38.12	0.74	96.3268	identical
1420710	64	64	64	svt-rs-420	6	100.0	3995	0.57	0.51	84.5956	identical
1475938	64	64	64	zenravif-420	6	5.0	303	1.78	0.33	83.0119	identical
1475938	64	64	64	zenravif-444	6	5.0	303	2.50	0.31	83.2287	identical
1475938	64	64	64	svt-rs-420	6	5.0	271	0.18	0.42	86.0752	identical
1475938	64	64	64	zenravif-420	6	10.0	300	1.74	0.32	85.1359	identical
1475938	64	64	64	zenravif-444	6	10.0	300	2.42	0.30	85.1359	identical
1475938	64	64	64	svt-rs-420	6	10.0	272	0.16	0.31	85.9088	identical
1475938	64	64	64	zenravif-420	6	15.0	305	1.93	0.32	83.6982	identical
1475938	64	64	64	zenravif-444	6	15.0	304	2.57	0.33	84.2492	identical
1475938	64	64	64	svt-rs-420	6	15.0	272	0.18	0.30	86.0491	identical
1475938	64	64	64	zenravif-420	6	20.0	306	1.84	0.33	86.3053	identical
1475938	64	64	64	zenravif-444	6	20.0	306	2.61	0.33	85.7932	identical
1475938	64	64	64	svt-rs-420	6	20.0	272	0.17	0.31	86.0491	identical
1475938	64	64	64	zenravif-420	6	25.0	307	1.89	0.33	86.5462	identical
1475938	64	64	64	zenravif-444	6	25.0	307	2.68	0.37	86.5462	identical
1475938	64	64	64	svt-rs-420	6	25.0	274	0.18	0.36	86.9182	identical
1475938	64	64	64	zenravif-420	6	30.0	312	1.92	0.33	87.7421	identical
1475938	64	64	64	zenravif-444	6	30.0	312	2.76	0.35	87.4846	identical
1475938	64	64	64	svt-rs-420	6	30.0	275	0.22	0.36	87.4417	identical
1475938	64	64	64	zenravif-420	6	35.0	319	2.10	0.32	88.9701	identical
1475938	64	64	64	zenravif-444	6	35.0	319	2.99	0.32	88.6191	identical
1475938	64	64	64	svt-rs-420	6	35.0	275	0.22	0.35	87.6702	identical
1475938	64	64	64	zenravif-420	6	40.0	322	2.09	0.40	89.7947	identical
1475938	64	64	64	zenravif-444	6	40.0	323	2.91	0.42	89.5551	identical
1475938	64	64	64	svt-rs-420	6	40.0	277	0.21	0.44	87.7771	identical
1475938	64	64	64	zenravif-420	6	45.0	324	2.17	0.35	89.9496	identical
1475938	64	64	64	zenravif-444	6	45.0	327	3.27	0.34	90.0392	identical
1475938	64	64	64	svt-rs-420	6	45.0	277	0.30	0.31	87.5992	identical
1475938	64	64	64	zenravif-420	6	50.0	327	2.10	0.39	91.2011	identical
1475938	64	64	64	zenravif-444	6	50.0	329	2.88	0.30	91.2317	identical
1475938	64	64	64	svt-rs-420	6	50.0	306	0.25	0.34	91.6370	identical
1475938	64	64	64	zenravif-420	6	55.0	334	1.87	0.35	91.3655	identical
1475938	64	64	64	zenravif-444	6	55.0	335	2.89	0.30	91.5351	identical
1475938	64	64	64	svt-rs-420	6	55.0	308	0.28	0.29	91.1094	identical
1475938	64	64	64	zenravif-420	6	60.0	338	2.52	0.36	91.8850	identical
1475938	64	64	64	zenravif-444	6	60.0	341	3.46	0.30	91.8701	identical
1475938	64	64	64	svt-rs-420	6	60.0	312	0.26	0.31	92.1792	identical
1475938	64	64	64	zenravif-420	6	65.0	347	2.33	0.36	91.8025	identical
1475938	64	64	64	zenravif-444	6	65.0	349	3.13	0.34	92.4277	identical
1475938	64	64	64	svt-rs-420	6	65.0	315	0.27	0.33	92.2933	identical
1475938	64	64	64	zenravif-420	6	70.0	348	2.76	0.36	92.2360	identical
1475938	64	64	64	zenravif-444	6	70.0	355	3.31	0.35	92.6528	identical
1475938	64	64	64	svt-rs-420	6	70.0	315	0.26	0.31	92.2113	identical
1475938	64	64	64	zenravif-420	6	75.0	354	3.01	0.35	92.5354	identical
1475938	64	64	64	zenravif-444	6	75.0	362	4.41	0.38	92.9736	identical
1475938	64	64	64	svt-rs-420	6	75.0	325	0.29	0.32	92.2098	identical
1475938	64	64	64	zenravif-420	6	80.0	366	3.18	0.30	92.6063	identical
1475938	64	64	64	zenravif-444	6	80.0	381	3.78	0.31	92.8270	identical
1475938	64	64	64	svt-rs-420	6	80.0	339	0.29	0.31	92.6576	identical
1475938	64	64	64	zenravif-420	6	85.0	381	3.26	0.31	92.8148	identical
1475938	64	64	64	zenravif-444	6	85.0	393	4.47	0.32	93.3853	identical
1475938	64	64	64	svt-rs-420	6	85.0	357	0.30	0.34	92.5244	identical
1475938	64	64	64	zenravif-420	6	90.0	409	3.59	0.35	93.2235	identical
1475938	64	64	64	zenravif-444	6	90.0	426	4.86	0.32	93.8715	identical
1475938	64	64	64	svt-rs-420	6	90.0	389	0.35	0.31	92.6233	identical
1475938	64	64	64	zenravif-420	6	95.0	484	3.90	0.30	93.1309	identical
1475938	64	64	64	zenravif-444	6	95.0	515	5.09	0.27	94.2893	identical
1475938	64	64	64	svt-rs-420	6	95.0	453	0.37	0.31	92.9981	identical
1475938	64	64	64	zenravif-420	6	100.0	1187	4.56	0.49	94.6894	identical
1475938	64	64	64	zenravif-444	6	100.0	1775	6.02	0.39	96.6837	identical
1475938	64	64	64	svt-rs-420	6	100.0	615	0.49	0.30	94.0513	identical
1531677	64	64	64	zenravif-420	6	5.0	350	4.72	0.36	37.4705	identical
1531677	64	64	64	zenravif-444	6	5.0	350	5.85	0.35	37.4705	identical
1531677	64	64	64	svt-rs-420	6	5.0	311	0.34	0.32	33.9340	identical
1531677	64	64	64	zenravif-420	6	10.0	353	4.22	0.41	34.8271	identical
1531677	64	64	64	zenravif-444	6	10.0	353	5.36	0.35	34.8271	identical
1531677	64	64	64	svt-rs-420	6	10.0	331	0.38	0.37	41.1958	identical
1531677	64	64	64	zenravif-420	6	15.0	376	4.79	0.38	42.4698	identical
1531677	64	64	64	zenravif-444	6	15.0	375	5.89	0.41	42.8519	identical
1531677	64	64	64	svt-rs-420	6	15.0	373	0.39	0.34	47.4946	identical
1531677	64	64	64	zenravif-420	6	20.0	408	6.43	0.35	47.6881	identical
1531677	64	64	64	zenravif-444	6	20.0	408	7.37	0.41	47.6436	identical
1531677	64	64	64	svt-rs-420	6	20.0	416	0.47	0.39	50.6424	identical
1531677	64	64	64	zenravif-420	6	25.0	438	6.40	0.36	50.6372	identical
1531677	64	64	64	zenravif-444	6	25.0	437	8.61	0.35	50.2021	identical
1531677	64	64	64	svt-rs-420	6	25.0	449	0.47	0.33	53.5009	identical
1531677	64	64	64	zenravif-420	6	30.0	480	6.58	0.39	53.3085	identical
1531677	64	64	64	zenravif-444	6	30.0	479	7.95	0.34	52.7003	identical
1531677	64	64	64	svt-rs-420	6	30.0	502	0.42	0.36	56.3817	identical
1531677	64	64	64	zenravif-420	6	35.0	523	6.15	0.36	55.5541	identical
1531677	64	64	64	zenravif-444	6	35.0	523	7.17	0.35	55.4727	identical
1531677	64	64	64	svt-rs-420	6	35.0	613	0.52	0.36	58.1788	identical
1531677	64	64	64	zenravif-420	6	40.0	587	7.50	0.46	58.5532	identical
1531677	64	64	64	zenravif-444	6	40.0	590	8.03	0.32	57.8801	identical
1531677	64	64	64	svt-rs-420	6	40.0	727	0.51	0.35	59.4201	identical
1531677	64	64	64	zenravif-420	6	45.0	668	8.18	0.34	59.4242	identical
1531677	64	64	64	zenravif-444	6	45.0	667	8.82	0.43	59.9642	identical
1531677	64	64	64	svt-rs-420	6	45.0	820	0.54	0.39	60.4832	identical
1531677	64	64	64	zenravif-420	6	50.0	774	7.64	0.35	61.0008	identical
1531677	64	64	64	zenravif-444	6	50.0	778	8.88	0.37	60.0374	identical
1531677	64	64	64	svt-rs-420	6	50.0	917	0.57	0.38	60.7399	identical
1531677	64	64	64	zenravif-420	6	55.0	856	7.82	0.43	61.4168	identical
1531677	64	64	64	zenravif-444	6	55.0	863	8.89	0.38	62.8155	identical
1531677	64	64	64	svt-rs-420	6	55.0	1055	0.69	0.43	61.3282	identical
1531677	64	64	64	zenravif-420	6	60.0	991	8.62	0.38	61.8207	identical
1531677	64	64	64	zenravif-444	6	60.0	1005	10.63	0.38	65.2969	identical
1531677	64	64	64	svt-rs-420	6	60.0	1249	0.60	0.37	62.4201	identical
1531677	64	64	64	zenravif-420	6	65.0	1097	9.43	0.39	62.7381	identical
1531677	64	64	64	zenravif-444	6	65.0	1126	11.56	0.37	66.5031	identical
1531677	64	64	64	svt-rs-420	6	65.0	1371	0.67	0.46	62.5038	identical
1531677	64	64	64	zenravif-420	6	70.0	1257	10.09	0.39	65.2253	identical
1531677	64	64	64	zenravif-444	6	70.0	1283	12.27	0.44	70.2958	identical
1531677	64	64	64	svt-rs-420	6	70.0	1499	0.66	0.40	65.9613	identical
1531677	64	64	64	zenravif-420	6	75.0	1478	11.70	0.36	67.4180	identical
1531677	64	64	64	zenravif-444	6	75.0	1527	14.25	0.42	70.3747	identical
1531677	64	64	64	svt-rs-420	6	75.0	1652	0.58	0.38	67.0261	identical
1531677	64	64	64	zenravif-420	6	80.0	1694	14.34	0.43	69.1624	identical
1531677	64	64	64	zenravif-444	6	80.0	1762	18.88	0.47	75.8678	identical
1531677	64	64	64	svt-rs-420	6	80.0	1832	0.65	0.43	67.6940	identical
1531677	64	64	64	zenravif-420	6	85.0	1937	14.66	0.43	70.5653	identical
1531677	64	64	64	zenravif-444	6	85.0	2028	18.08	0.47	77.0637	identical
1531677	64	64	64	svt-rs-420	6	85.0	2054	0.57	0.39	69.6112	identical
1531677	64	64	64	zenravif-420	6	90.0	2267	17.05	0.48	73.1355	identical
1531677	64	64	64	zenravif-444	6	90.0	2435	22.14	0.48	82.1105	identical
1531677	64	64	64	svt-rs-420	6	90.0	2510	0.60	0.42	75.5910	identical
1531677	64	64	64	zenravif-420	6	95.0	2788	22.36	0.54	76.1036	identical
1531677	64	64	64	zenravif-444	6	95.0	3169	24.44	0.50	86.9615	identical
1531677	64	64	64	svt-rs-420	6	95.0	3082	0.54	0.42	76.2484	identical
1531677	64	64	64	zenravif-420	6	100.0	4309	19.58	0.60	78.7837	identical
1531677	64	64	64	zenravif-444	6	100.0	6208	34.17	0.66	95.5378	identical
1531677	64	64	64	svt-rs-420	6	100.0	3834	0.70	0.49	78.5067	identical
1025469	128	128	128	zenravif-420	6	5.0	382	14.16	0.52	-15.9316	identical
1025469	128	128	128	zenravif-444	6	5.0	386	17.49	0.48	-17.8450	identical
1025469	128	128	128	svt-rs-420	6	5.0	302	0.83	0.38	-42.1652	identical
1025469	128	128	128	zenravif-420	6	10.0	391	12.81	0.49	-14.0712	identical
1025469	128	128	128	zenravif-444	6	10.0	389	16.55	0.52	-13.6012	identical
1025469	128	128	128	svt-rs-420	6	10.0	312	0.95	0.49	-36.1933	identical
1025469	128	128	128	zenravif-420	6	15.0	414	13.52	0.54	-1.9609	identical
1025469	128	128	128	zenravif-444	6	15.0	406	17.46	0.72	-2.2607	identical
1025469	128	128	128	svt-rs-420	6	15.0	331	1.06	0.49	-18.3960	identical
1025469	128	128	128	zenravif-420	6	20.0	438	13.86	0.52	3.1395	identical
1025469	128	128	128	zenravif-444	6	20.0	443	18.34	0.59	3.4359	identical
1025469	128	128	128	svt-rs-420	6	20.0	363	1.07	0.47	-9.6602	identical
1025469	128	128	128	zenravif-420	6	25.0	476	19.85	0.51	19.9503	identical
1025469	128	128	128	zenravif-444	6	25.0	482	24.29	0.54	19.7865	identical
1025469	128	128	128	svt-rs-420	6	25.0	406	1.08	0.47	2.5245	identical
1025469	128	128	128	zenravif-420	6	30.0	520	17.71	0.50	30.3031	identical
1025469	128	128	128	zenravif-444	6	30.0	516	23.12	0.59	27.9671	identical
1025469	128	128	128	svt-rs-420	6	30.0	447	1.27	0.56	12.2615	identical
1025469	128	128	128	zenravif-420	6	35.0	562	19.24	0.66	36.1164	identical
1025469	128	128	128	zenravif-444	6	35.0	564	26.45	0.72	37.2470	identical
1025469	128	128	128	svt-rs-420	6	35.0	545	1.32	0.46	30.6935	identical
1025469	128	128	128	zenravif-420	6	40.0	632	21.89	0.51	47.3782	identical
1025469	128	128	128	zenravif-444	6	40.0	646	27.54	0.55	46.1101	identical
1025469	128	128	128	svt-rs-420	6	40.0	613	1.32	0.48	41.9174	identical
1025469	128	128	128	zenravif-420	6	45.0	723	24.33	0.52	55.0040	identical
1025469	128	128	128	zenravif-444	6	45.0	722	30.43	0.65	54.4699	identical
1025469	128	128	128	svt-rs-420	6	45.0	701	1.40	0.49	49.9361	identical
1025469	128	128	128	zenravif-420	6	50.0	793	24.96	0.46	59.5489	identical
1025469	128	128	128	zenravif-444	6	50.0	798	29.60	0.53	61.5270	identical
1025469	128	128	128	svt-rs-420	6	50.0	799	1.45	0.55	59.2601	identical
1025469	128	128	128	zenravif-420	6	55.0	890	28.78	0.48	65.2571	identical
1025469	128	128	128	zenravif-444	6	55.0	921	33.49	0.57	66.4217	identical
1025469	128	128	128	svt-rs-420	6	55.0	950	1.45	0.44	64.6475	identical
1025469	128	128	128	zenravif-420	6	60.0	1004	30.31	0.56	68.4621	identical
1025469	128	128	128	zenravif-444	6	60.0	1049	37.00	0.50	70.5528	identical
1025469	128	128	128	svt-rs-420	6	60.0	1121	1.60	0.54	70.9770	identical
1025469	128	128	128	zenravif-420	6	65.0	1146	36.41	0.51	72.3672	identical
1025469	128	128	128	zenravif-444	6	65.0	1176	45.09	0.58	74.8215	identical
1025469	128	128	128	svt-rs-420	6	65.0	1274	1.59	0.54	73.6103	identical
1025469	128	128	128	zenravif-420	6	70.0	1298	37.04	0.56	75.9290	identical
1025469	128	128	128	zenravif-444	6	70.0	1346	51.50	0.50	77.5552	identical
1025469	128	128	128	svt-rs-420	6	70.0	1384	1.75	0.47	75.9554	identical
1025469	128	128	128	zenravif-420	6	75.0	1584	47.68	0.61	80.0972	identical
1025469	128	128	128	zenravif-444	6	75.0	1704	66.57	0.62	82.6500	identical
1025469	128	128	128	svt-rs-420	6	75.0	1560	1.76	0.51	77.9743	identical
1025469	128	128	128	zenravif-420	6	80.0	1846	49.27	0.53	81.7204	identical
1025469	128	128	128	zenravif-444	6	80.0	1938	68.33	0.62	84.3840	identical
1025469	128	128	128	svt-rs-420	6	80.0	1813	1.92	0.49	80.6599	identical
1025469	128	128	128	zenravif-420	6	85.0	2199	59.61	0.78	84.1108	identical
1025469	128	128	128	zenravif-444	6	85.0	2420	75.09	0.67	86.7696	identical
1025469	128	128	128	svt-rs-420	6	85.0	2166	2.09	0.53	83.0642	identical
1025469	128	128	128	zenravif-420	6	90.0	2797	63.03	0.62	86.0982	identical
1025469	128	128	128	zenravif-444	6	90.0	3232	87.06	0.76	89.2901	identical
1025469	128	128	128	svt-rs-420	6	90.0	2890	2.39	0.58	85.8543	identical
1025469	128	128	128	zenravif-420	6	95.0	4320	72.32	0.73	87.4545	identical
1025469	128	128	128	zenravif-444	6	95.0	5671	92.68	0.78	92.3246	identical
1025469	128	128	128	svt-rs-420	6	95.0	4153	2.67	0.58	87.8464	identical
1025469	128	128	128	zenravif-420	6	100.0	8525	51.24	0.88	89.9649	identical
1025469	128	128	128	zenravif-444	6	100.0	14971	94.68	1.29	96.1247	identical
1025469	128	128	128	svt-rs-420	6	100.0	6529	3.08	0.70	89.0151	identical
1044329	128	128	128	zenravif-420	6	5.0	740	39.10	0.63	13.8073	identical
1044329	128	128	128	zenravif-444	6	5.0	716	49.10	0.61	7.4659	identical
1044329	128	128	128	svt-rs-420	6	5.0	643	1.11	0.46	-14.4569	identical
1044329	128	128	128	zenravif-420	6	10.0	784	42.19	0.58	14.7830	identical
1044329	128	128	128	zenravif-444	6	10.0	802	52.24	0.59	15.2870	identical
1044329	128	128	128	svt-rs-420	6	10.0	848	1.31	0.48	9.5414	identical
1044329	128	128	128	zenravif-420	6	15.0	917	47.09	0.59	27.0698	identical
1044329	128	128	128	zenravif-444	6	15.0	924	63.59	0.67	27.8620	identical
1044329	128	128	128	svt-rs-420	6	15.0	1129	1.36	0.53	22.2971	identical
1044329	128	128	128	zenravif-420	6	20.0	1008	53.83	0.61	35.7255	identical
1044329	128	128	128	zenravif-444	6	20.0	1039	68.49	0.74	35.6057	identical
1044329	128	128	128	svt-rs-420	6	20.0	1335	1.57	0.53	27.3260	identical
1044329	128	128	128	zenravif-420	6	25.0	1146	57.48	0.71	41.8478	identical
1044329	128	128	128	zenravif-444	6	25.0	1179	76.25	0.68	41.3568	identical
1044329	128	128	128	svt-rs-420	6	25.0	1607	1.76	0.61	39.0855	identical
1044329	128	128	128	zenravif-420	6	30.0	1332	65.71	0.67	46.3591	identical
1044329	128	128	128	zenravif-444	6	30.0	1398	86.61	0.75	47.9349	identical
1044329	128	128	128	svt-rs-420	6	30.0	1944	1.91	0.58	43.3598	identical
1044329	128	128	128	zenravif-420	6	35.0	1524	70.72	0.73	51.3593	identical
1044329	128	128	128	zenravif-444	6	35.0	1586	92.16	0.73	55.5174	identical
1044329	128	128	128	svt-rs-420	6	35.0	2414	2.13	0.63	54.1719	identical
1044329	128	128	128	zenravif-420	6	40.0	1769	77.69	0.71	57.2516	identical
1044329	128	128	128	zenravif-444	6	40.0	1882	110.33	0.87	60.1905	identical
1044329	128	128	128	svt-rs-420	6	40.0	2847	2.54	0.66	58.3293	identical
1044329	128	128	128	zenravif-420	6	45.0	2032	85.74	0.76	61.3535	identical
1044329	128	128	128	zenravif-444	6	45.0	2166	117.42	0.86	64.7452	identical
1044329	128	128	128	svt-rs-420	6	45.0	3290	2.32	0.70	65.3311	identical
1044329	128	128	128	zenravif-420	6	50.0	2389	90.82	0.71	64.7426	identical
1044329	128	128	128	zenravif-444	6	50.0	2618	119.50	0.69	68.2016	identical
1044329	128	128	128	svt-rs-420	6	50.0	3794	2.54	0.67	68.6065	identical
1044329	128	128	128	zenravif-420	6	55.0	2689	90.76	0.66	68.1310	identical
1044329	128	128	128	zenravif-444	6	55.0	2962	129.30	0.72	72.7980	identical
1044329	128	128	128	svt-rs-420	6	55.0	4355	2.55	0.68	71.6554	identical
1044329	128	128	128	zenravif-420	6	60.0	3163	101.12	0.76	71.6735	identical
1044329	128	128	128	zenravif-444	6	60.0	3546	135.95	0.80	75.8935	identical
1044329	128	128	128	svt-rs-420	6	60.0	5052	2.89	0.74	75.6339	identical
1044329	128	128	128	zenravif-420	6	65.0	3462	108.97	0.74	73.6928	identical
1044329	128	128	128	zenravif-444	6	65.0	3960	142.44	0.83	77.9519	identical
1044329	128	128	128	svt-rs-420	6	65.0	5713	2.92	0.76	76.7884	identical
1044329	128	128	128	zenravif-420	6	70.0	4094	108.99	0.77	76.1872	identical
1044329	128	128	128	zenravif-444	6	70.0	4748	153.04	0.91	81.6505	identical
1044329	128	128	128	svt-rs-420	6	70.0	6069	2.59	0.78	76.8833	identical
1044329	128	128	128	zenravif-420	6	75.0	4845	122.78	0.84	78.4121	identical
1044329	128	128	128	zenravif-444	6	75.0	5878	170.88	0.94	84.8671	identical
1044329	128	128	128	svt-rs-420	6	75.0	6686	2.43	0.86	78.2235	identical
1044329	128	128	128	zenravif-420	6	80.0	5370	131.19	0.79	79.8050	identical
1044329	128	128	128	zenravif-444	6	80.0	6752	177.17	0.94	86.2989	identical
1044329	128	128	128	svt-rs-420	6	80.0	7180	2.75	0.87	79.6308	identical
1044329	128	128	128	zenravif-420	6	85.0	6162	137.02	0.90	80.8536	identical
1044329	128	128	128	zenravif-444	6	85.0	8134	199.65	1.07	88.7538	identical
1044329	128	128	128	svt-rs-420	6	85.0	8165	2.81	0.90	80.6774	identical
1044329	128	128	128	zenravif-420	6	90.0	7268	144.03	0.92	81.6631	identical
1044329	128	128	128	zenravif-444	6	90.0	9999	207.83	1.15	90.8932	identical
1044329	128	128	128	svt-rs-420	6	90.0	9989	2.61	0.81	82.4680	identical
1044329	128	128	128	zenravif-420	6	95.0	9089	161.44	0.99	83.1405	identical
1044329	128	128	128	zenravif-444	6	95.0	13297	232.87	1.24	93.0269	identical
1044329	128	128	128	svt-rs-420	6	95.0	12500	2.65	0.99	83.0684	identical
1044329	128	128	128	zenravif-420	6	100.0	14791	92.50	1.41	83.7023	identical
1044329	128	128	128	zenravif-444	6	100.0	24800	153.89	1.80	96.6288	identical
1044329	128	128	128	svt-rs-420	6	100.0	15113	2.90	1.25	83.5122	identical
1189261	128	128	128	zenravif-420	6	5.0	548	24.88	0.62	1.4526	identical
1189261	128	128	128	zenravif-444	6	5.0	548	32.10	0.55	4.5323	identical
1189261	128	128	128	svt-rs-420	6	5.0	407	1.02	0.48	-18.1556	identical
1189261	128	128	128	zenravif-420	6	10.0	580	24.59	0.62	11.7617	identical
1189261	128	128	128	zenravif-444	6	10.0	576	33.16	0.57	11.2278	identical
1189261	128	128	128	svt-rs-420	6	10.0	497	1.08	0.55	1.5976	identical
1189261	128	128	128	zenravif-420	6	15.0	624	26.27	0.54	20.6087	identical
1189261	128	128	128	zenravif-444	6	15.0	620	37.44	0.61	17.4073	identical
1189261	128	128	128	svt-rs-420	6	15.0	551	1.13	0.60	14.9989	identical
1189261	128	128	128	zenravif-420	6	20.0	689	29.54	0.62	30.0427	identical
1189261	128	128	128	zenravif-444	6	20.0	692	41.84	0.57	28.5279	identical
1189261	128	128	128	svt-rs-420	6	20.0	638	1.22	0.48	26.4706	identical
1189261	128	128	128	zenravif-420	6	25.0	760	31.93	0.53	39.4943	identical
1189261	128	128	128	zenravif-444	6	25.0	771	44.84	0.62	39.1876	identical
1189261	128	128	128	svt-rs-420	6	25.0	721	1.43	0.55	37.1745	identical
1189261	128	128	128	zenravif-420	6	30.0	831	34.62	0.66	47.3902	identical
1189261	128	128	128	zenravif-444	6	30.0	863	48.24	0.70	47.5285	identical
1189261	128	128	128	svt-rs-420	6	30.0	833	1.52	0.55	43.8201	identical
1189261	128	128	128	zenravif-420	6	35.0	940	36.08	0.64	54.9962	identical
1189261	128	128	128	zenravif-444	6	35.0	990	54.07	0.72	53.9890	identical
1189261	128	128	128	svt-rs-420	6	35.0	997	1.75	0.51	53.6075	identical
1189261	128	128	128	zenravif-420	6	40.0	1075	38.12	0.64	58.8588	identical
1189261	128	128	128	zenravif-444	6	40.0	1130	52.88	0.71	61.6888	identical
1189261	128	128	128	svt-rs-420	6	40.0	1149	1.69	0.50	59.5284	identical
1189261	128	128	128	zenravif-420	6	45.0	1235	43.61	0.67	65.5697	identical
1189261	128	128	128	zenravif-444	6	45.0	1310	57.69	0.79	66.1447	identical
1189261	128	128	128	svt-rs-420	6	45.0	1333	1.69	0.52	65.8629	identical
1189261	128	128	128	zenravif-420	6	50.0	1383	42.32	0.58	70.0323	identical
1189261	128	128	128	zenravif-444	6	50.0	1485	61.63	0.66	72.6715	identical
1189261	128	128	128	svt-rs-420	6	50.0	1512	1.81	0.53	68.8792	identical
1189261	128	128	128	zenravif-420	6	55.0	1588	46.76	0.60	73.7843	identical
1189261	128	128	128	zenravif-444	6	55.0	1715	64.14	0.70	74.8892	identical
1189261	128	128	128	svt-rs-420	6	55.0	1713	2.05	0.53	72.8102	identical
1189261	128	128	128	zenravif-420	6	60.0	1754	49.83	0.66	76.4338	identical
1189261	128	128	128	zenravif-444	6	60.0	1925	66.06	0.68	77.4374	identical
1189261	128	128	128	svt-rs-420	6	60.0	2062	2.68	0.59	78.8262	identical
1189261	128	128	128	zenravif-420	6	65.0	2051	49.57	0.65	79.6071	identical
1189261	128	128	128	zenravif-444	6	65.0	2260	72.52	0.74	81.4459	identical
1189261	128	128	128	svt-rs-420	6	65.0	2344	2.29	0.59	79.5611	identical
1189261	128	128	128	zenravif-420	6	70.0	2299	55.00	0.65	81.8596	identical
1189261	128	128	128	zenravif-444	6	70.0	2581	77.80	0.76	83.8742	identical
1189261	128	128	128	svt-rs-420	6	70.0	2568	2.56	0.60	82.0548	identical
1189261	128	128	128	zenravif-420	6	75.0	2785	55.54	0.72	84.2494	identical
1189261	128	128	128	zenravif-444	6	75.0	3141	85.15	0.80	86.8294	identical
1189261	128	128	128	svt-rs-420	6	75.0	2834	2.58	0.63	84.0129	identical
1189261	128	128	128	zenravif-420	6	80.0	3155	61.53	0.72	85.7195	identical
1189261	128	128	128	zenravif-444	6	80.0	3703	92.01	0.82	88.5455	identical
1189261	128	128	128	svt-rs-420	6	80.0	3309	2.76	0.66	85.9000	identical
1189261	128	128	128	zenravif-420	6	85.0	3774	70.68	0.71	87.4427	identical
1189261	128	128	128	zenravif-444	6	85.0	4506	103.95	0.90	89.9788	identical
1189261	128	128	128	svt-rs-420	6	85.0	3880	2.67	0.69	87.1048	identical
1189261	128	128	128	zenravif-420	6	90.0	4723	81.72	0.72	88.3532	identical
1189261	128	128	128	zenravif-444	6	90.0	5901	105.85	0.84	92.3014	identical
1189261	128	128	128	svt-rs-420	6	90.0	5135	2.84	0.63	88.6725	identical
1189261	128	128	128	zenravif-420	6	95.0	6708	98.33	0.86	89.3974	identical
1189261	128	128	128	zenravif-444	6	95.0	8674	139.35	1.15	94.2485	identical
1189261	128	128	128	svt-rs-420	6	95.0	7363	2.39	0.78	89.5985	identical
1189261	128	128	128	zenravif-420	6	100.0	12017	61.69	1.03	90.2757	identical
1189261	128	128	128	zenravif-444	6	100.0	20103	106.55	1.64	96.8816	identical
1189261	128	128	128	svt-rs-420	6	100.0	10007	2.91	0.93	90.1547	identical
1279330	128	128	128	zenravif-420	6	5.0	570	26.92	0.62	11.1730	identical
1279330	128	128	128	zenravif-444	6	5.0	566	33.34	0.65	10.6034	identical
1279330	128	128	128	svt-rs-420	6	5.0	416	0.89	0.53	-7.4201	identical
1279330	128	128	128	zenravif-420	6	10.0	595	27.04	0.63	19.1989	identical
1279330	128	128	128	zenravif-444	6	10.0	589	34.13	0.59	19.9175	identical
1279330	128	128	128	svt-rs-420	6	10.0	452	0.93	0.49	7.7734	identical
1279330	128	128	128	zenravif-420	6	15.0	641	28.64	0.59	30.6830	identical
1279330	128	128	128	zenravif-444	6	15.0	637	37.60	0.70	25.9256	identical
1279330	128	128	128	svt-rs-420	6	15.0	488	0.94	0.49	16.9347	identical
1279330	128	128	128	zenravif-420	6	20.0	711	32.50	0.64	40.7543	identical
1279330	128	128	128	zenravif-444	6	20.0	715	39.55	0.66	40.7865	identical
1279330	128	128	128	svt-rs-420	6	20.0	566	1.00	0.43	28.5919	identical
1279330	128	128	128	zenravif-420	6	25.0	794	34.25	0.63	50.3717	identical
1279330	128	128	128	zenravif-444	6	25.0	785	46.51	0.72	49.9681	identical
1279330	128	128	128	svt-rs-420	6	25.0	646	1.20	0.48	41.5677	identical
1279330	128	128	128	zenravif-420	6	30.0	855	37.16	0.56	55.7641	identical
1279330	128	128	128	zenravif-444	6	30.0	878	49.81	0.66	56.0494	identical
1279330	128	128	128	svt-rs-420	6	30.0	698	1.09	0.46	50.8163	identical
1279330	128	128	128	zenravif-420	6	35.0	963	38.71	0.65	63.0636	identical
1279330	128	128	128	zenravif-444	6	35.0	976	51.32	0.70	64.9626	identical
1279330	128	128	128	svt-rs-420	6	35.0	852	1.29	0.50	61.8778	identical
1279330	128	128	128	zenravif-420	6	40.0	1039	40.54	0.59	68.6771	identical
1279330	128	128	128	zenravif-444	6	40.0	1075	56.07	0.70	68.8026	identical
1279330	128	128	128	svt-rs-420	6	40.0	978	1.23	0.40	66.5164	identical
1279330	128	128	128	zenravif-420	6	45.0	1162	43.05	0.59	73.5322	identical
1279330	128	128	128	zenravif-444	6	45.0	1221	59.52	0.67	74.6041	identical
1279330	128	128	128	svt-rs-420	6	45.0	1103	1.21	0.49	69.5387	identical
1279330	128	128	128	zenravif-420	6	50.0	1280	42.76	0.52	76.4445	identical
1279330	128	128	128	zenravif-444	6	50.0	1343	55.93	0.58	77.3232	identical
1279330	128	128	128	svt-rs-420	6	50.0	1246	1.29	0.49	74.7569	identical
1279330	128	128	128	zenravif-420	6	55.0	1430	45.99	0.62	79.1912	identical
1279330	128	128	128	zenravif-444	6	55.0	1494	64.22	0.61	79.7499	identical
1279330	128	128	128	svt-rs-420	6	55.0	1405	1.43	0.48	77.9291	identical
1279330	128	128	128	zenravif-420	6	60.0	1537	45.42	0.51	80.8823	identical
1279330	128	128	128	zenravif-444	6	60.0	1640	59.75	0.56	82.6662	identical
1279330	128	128	128	svt-rs-420	6	60.0	1649	1.49	0.49	82.2117	identical
1279330	128	128	128	zenravif-420	6	65.0	1709	51.84	0.62	83.6277	identical
1279330	128	128	128	zenravif-444	6	65.0	1850	67.42	0.67	84.9451	identical
1279330	128	128	128	svt-rs-420	6	65.0	1871	1.57	0.51	84.2059	identical
1279330	128	128	128	zenravif-420	6	70.0	1890	50.70	0.58	85.5655	identical
1279330	128	128	128	zenravif-444	6	70.0	2051	68.35	0.70	86.8634	identical
1279330	128	128	128	svt-rs-420	6	70.0	2033	1.54	0.54	85.5824	identical
1279330	128	128	128	zenravif-420	6	75.0	2197	58.01	0.64	87.7811	identical
1279330	128	128	128	zenravif-444	6	75.0	2386	75.35	0.70	89.2323	identical
1279330	128	128	128	svt-rs-420	6	75.0	2282	1.67	0.56	86.4006	identical
1279330	128	128	128	zenravif-420	6	80.0	2434	62.42	0.67	88.6246	identical
1279330	128	128	128	zenravif-444	6	80.0	2709	80.37	0.69	90.4122	identical
1279330	128	128	128	svt-rs-420	6	80.0	2534	1.78	0.58	88.7455	identical
1279330	128	128	128	zenravif-420	6	85.0	2779	63.33	0.63	89.8064	identical
1279330	128	128	128	zenravif-444	6	85.0	3137	89.96	0.72	91.4251	identical
1279330	128	128	128	svt-rs-420	6	85.0	2917	1.66	0.58	89.8403	identical
1279330	128	128	128	zenravif-420	6	90.0	3406	72.90	0.65	91.1753	identical
1279330	128	128	128	zenravif-444	6	90.0	3899	91.06	0.78	93.1952	identical
1279330	128	128	128	svt-rs-420	6	90.0	3822	1.84	0.57	92.2645	identical
1279330	128	128	128	zenravif-420	6	95.0	4749	87.56	0.79	92.5466	identical
1279330	128	128	128	zenravif-444	6	95.0	5771	106.50	0.92	94.9001	identical
1279330	128	128	128	svt-rs-420	6	95.0	5474	2.00	0.65	93.1919	identical
1279330	128	128	128	zenravif-420	6	100.0	10976	86.47	1.14	94.3356	identical
1279330	128	128	128	zenravif-444	6	100.0	17400	146.27	1.47	97.0405	identical
1279330	128	128	128	svt-rs-420	6	100.0	7867	2.21	0.81	93.8244	identical
1418519	128	128	128	zenravif-420	6	5.0	414	13.10	0.53	18.4653	identical
1418519	128	128	128	zenravif-444	6	5.0	415	19.24	0.53	17.6007	identical
1418519	128	128	128	svt-rs-420	6	5.0	319	0.71	0.47	-5.1310	identical
1418519	128	128	128	zenravif-420	6	10.0	429	14.87	0.46	23.7012	identical
1418519	128	128	128	zenravif-444	6	10.0	426	18.81	0.61	23.7668	identical
1418519	128	128	128	svt-rs-420	6	10.0	345	0.81	0.52	1.2128	identical
1418519	128	128	128	zenravif-420	6	15.0	453	16.76	0.53	32.1461	identical
1418519	128	128	128	zenravif-444	6	15.0	448	22.35	0.52	30.5044	identical
1418519	128	128	128	svt-rs-420	6	15.0	377	0.86	0.50	21.5050	identical
1418519	128	128	128	zenravif-420	6	20.0	472	17.65	0.49	38.0801	identical
1418519	128	128	128	zenravif-444	6	20.0	465	27.63	0.55	35.5475	identical
1418519	128	128	128	svt-rs-420	6	20.0	391	0.98	0.58	31.5923	identical
1418519	128	128	128	zenravif-420	6	25.0	499	21.07	0.49	46.1403	identical
1418519	128	128	128	zenravif-444	6	25.0	499	28.24	0.56	46.1590	identical
1418519	128	128	128	svt-rs-420	6	25.0	414	1.07	0.48	40.3188	identical
1418519	128	128	128	zenravif-420	6	30.0	527	21.28	0.49	54.2052	identical
1418519	128	128	128	zenravif-444	6	30.0	527	31.52	0.55	55.2464	identical
1418519	128	128	128	svt-rs-420	6	30.0	458	1.07	0.46	48.3655	identical
1418519	128	128	128	zenravif-420	6	35.0	559	22.56	0.54	59.5623	identical
1418519	128	128	128	zenravif-444	6	35.0	567	29.48	0.64	60.5960	identical
1418519	128	128	128	svt-rs-420	6	35.0	514	1.16	0.46	55.3808	identical
1418519	128	128	128	zenravif-420	6	40.0	605	25.80	0.52	66.0329	identical
1418519	128	128	128	zenravif-444	6	40.0	625	32.71	0.58	63.8279	identical
1418519	128	128	128	svt-rs-420	6	40.0	566	1.24	0.51	61.1038	identical
1418519	128	128	128	zenravif-420	6	45.0	648	24.69	0.58	68.1488	identical
1418519	128	128	128	zenravif-444	6	45.0	673	33.87	0.55	70.0693	identical
1418519	128	128	128	svt-rs-420	6	45.0	629	1.19	0.47	66.4960	identical
1418519	128	128	128	zenravif-420	6	50.0	704	25.08	0.47	73.9502	identical
1418519	128	128	128	zenravif-444	6	50.0	729	34.98	0.49	74.8547	identical
1418519	128	128	128	svt-rs-420	6	50.0	686	1.28	0.45	73.5447	identical
1418519	128	128	128	zenravif-420	6	55.0	776	26.22	0.47	75.8928	identical
1418519	128	128	128	zenravif-444	6	55.0	799	36.71	0.58	77.6569	identical
1418519	128	128	128	svt-rs-420	6	55.0	750	1.45	0.47	76.0203	identical
1418519	128	128	128	zenravif-420	6	60.0	836	28.68	0.47	80.6849	identical
1418519	128	128	128	zenravif-444	6	60.0	870	36.61	0.55	80.9864	identical
1418519	128	128	128	svt-rs-420	6	60.0	884	1.45	0.53	79.0357	identical
1418519	128	128	128	zenravif-420	6	65.0	932	29.18	0.48	82.5996	identical
1418519	128	128	128	zenravif-444	6	65.0	988	41.92	0.52	83.8731	identical
1418519	128	128	128	svt-rs-420	6	65.0	988	1.47	0.49	82.3308	identical
1418519	128	128	128	zenravif-420	6	70.0	1032	32.36	0.48	84.0224	identical
1418519	128	128	128	zenravif-444	6	70.0	1087	42.38	0.57	85.3829	identical
1418519	128	128	128	svt-rs-420	6	70.0	1054	1.57	0.52	83.6298	identical
1418519	128	128	128	zenravif-420	6	75.0	1184	33.37	0.49	86.3200	identical
1418519	128	128	128	zenravif-444	6	75.0	1283	45.22	0.61	87.2207	identical
1418519	128	128	128	svt-rs-420	6	75.0	1112	1.50	0.46	84.9494	identical
1418519	128	128	128	zenravif-420	6	80.0	1322	36.08	0.54	87.7962	identical
1418519	128	128	128	zenravif-444	6	80.0	1436	49.82	0.56	88.4639	identical
1418519	128	128	128	svt-rs-420	6	80.0	1316	1.54	0.53	87.1565	identical
1418519	128	128	128	zenravif-420	6	85.0	1548	40.03	0.57	89.0728	identical
1418519	128	128	128	zenravif-444	6	85.0	1706	52.13	0.63	89.9698	identical
1418519	128	128	128	svt-rs-420	6	85.0	1485	1.53	0.55	88.7101	identical
1418519	128	128	128	zenravif-420	6	90.0	1989	48.44	0.57	90.6435	identical
1418519	128	128	128	zenravif-444	6	90.0	2225	56.99	0.65	92.3935	identical
1418519	128	128	128	svt-rs-420	6	90.0	2038	1.75	0.51	90.9741	identical
1418519	128	128	128	zenravif-420	6	95.0	2926	55.40	0.62	92.8937	identical
1418519	128	128	128	zenravif-444	6	95.0	3484	65.26	0.68	93.7997	identical
1418519	128	128	128	svt-rs-420	6	95.0	2871	1.90	0.50	92.8107	identical
1418519	128	128	128	zenravif-420	6	100.0	7418	50.24	0.85	95.0569	identical
1418519	128	128	128	zenravif-444	6	100.0	12150	92.12	1.17	96.1291	identical
1418519	128	128	128	svt-rs-420	6	100.0	4898	2.10	0.64	94.2971	identical
1420710	128	128	128	zenravif-420	6	5.0	600	23.02	0.59	1.6295	identical
1420710	128	128	128	zenravif-444	6	5.0	608	28.06	0.63	1.5862	identical
1420710	128	128	128	svt-rs-420	6	5.0	510	1.05	0.48	5.8753	identical
1420710	128	128	128	zenravif-420	6	10.0	653	23.94	0.52	6.8366	identical
1420710	128	128	128	zenravif-444	6	10.0	647	31.31	0.59	4.5770	identical
1420710	128	128	128	svt-rs-420	6	10.0	622	1.07	0.46	17.6773	identical
1420710	128	128	128	zenravif-420	6	15.0	727	26.23	0.70	19.3596	identical
1420710	128	128	128	zenravif-444	6	15.0	729	32.91	0.63	18.8296	identical
1420710	128	128	128	svt-rs-420	6	15.0	769	1.16	0.46	31.7203	identical
1420710	128	128	128	zenravif-420	6	20.0	849	27.53	0.58	30.3474	identical
1420710	128	128	128	zenravif-444	6	20.0	854	34.66	0.64	29.4773	identical
1420710	128	128	128	svt-rs-420	6	20.0	921	1.28	0.48	41.2844	identical
1420710	128	128	128	zenravif-420	6	25.0	980	27.88	0.53	40.0667	identical
1420710	128	128	128	zenravif-444	6	25.0	974	36.60	0.54	40.4443	identical
1420710	128	128	128	svt-rs-420	6	25.0	1086	1.29	0.45	47.3917	identical
1420710	128	128	128	zenravif-420	6	30.0	1159	32.25	0.62	47.2675	identical
1420710	128	128	128	zenravif-444	6	30.0	1162	39.33	0.69	47.6277	identical
1420710	128	128	128	svt-rs-420	6	30.0	1333	1.38	0.47	55.1236	identical
1420710	128	128	128	zenravif-420	6	35.0	1355	38.71	0.67	54.4315	identical
1420710	128	128	128	zenravif-444	6	35.0	1371	47.94	0.68	54.8764	identical
1420710	128	128	128	svt-rs-420	6	35.0	1801	2.15	0.58	62.0123	identical
1420710	128	128	128	zenravif-420	6	40.0	1664	40.65	0.69	62.2712	identical
1420710	128	128	128	zenravif-444	6	40.0	1688	53.75	0.64	61.7512	identical
1420710	128	128	128	svt-rs-420	6	40.0	2148	1.91	0.59	68.4202	identical
1420710	128	128	128	zenravif-420	6	45.0	1938	45.33	0.69	65.8010	identical
1420710	128	128	128	zenravif-444	6	45.0	1961	62.32	0.67	66.4453	identical
1420710	128	128	128	svt-rs-420	6	45.0	2651	1.95	0.54	72.3163	identical
1420710	128	128	128	zenravif-420	6	50.0	2337	48.13	0.57	70.6953	identical
1420710	128	128	128	zenravif-444	6	50.0	2377	65.01	0.67	71.2247	identical
1420710	128	128	128	svt-rs-420	6	50.0	3145	2.13	0.55	74.8755	identical
1420710	128	128	128	zenravif-420	6	55.0	2684	55.14	0.65	73.8198	identical
1420710	128	128	128	zenravif-444	6	55.0	2757	71.54	0.72	74.2553	identical
1420710	128	128	128	svt-rs-420	6	55.0	3742	2.41	0.65	78.6021	identical
1420710	128	128	128	zenravif-420	6	60.0	3262	57.57	0.70	77.4440	identical
1420710	128	128	128	zenravif-444	6	60.0	3349	74.62	0.71	78.2887	identical
1420710	128	128	128	svt-rs-420	6	60.0	4604	2.25	0.63	82.1781	identical
1420710	128	128	128	zenravif-420	6	65.0	3764	63.87	0.72	80.7755	identical
1420710	128	128	128	zenravif-444	6	65.0	3934	77.94	0.77	81.3724	identical
1420710	128	128	128	svt-rs-420	6	65.0	5213	1.98	0.71	84.2042	identical
1420710	128	128	128	zenravif-420	6	70.0	4194	67.16	0.70	82.2399	identical
1420710	128	128	128	zenravif-444	6	70.0	4433	94.57	0.83	83.2852	identical
1420710	128	128	128	svt-rs-420	6	70.0	5765	2.22	0.74	85.5084	identical
1420710	128	128	128	zenravif-420	6	75.0	5351	78.55	0.77	85.4263	identical
1420710	128	128	128	zenravif-444	6	75.0	5726	108.92	0.95	86.8916	identical
1420710	128	128	128	svt-rs-420	6	75.0	6422	2.50	0.72	87.4466	identical
1420710	128	128	128	zenravif-420	6	80.0	6228	83.54	0.78	87.1249	identical
1420710	128	128	128	zenravif-444	6	80.0	6758	114.68	1.01	88.7669	identical
1420710	128	128	128	svt-rs-420	6	80.0	7330	2.44	0.76	89.2033	identical
1420710	128	128	128	zenravif-420	6	85.0	7274	106.16	0.91	89.4657	identical
1420710	128	128	128	zenravif-444	6	85.0	8083	129.43	0.99	90.5462	identical
1420710	128	128	128	svt-rs-420	6	85.0	8335	2.15	0.81	90.3940	identical
1420710	128	128	128	zenravif-420	6	90.0	8764	114.32	1.07	91.4453	identical
1420710	128	128	128	zenravif-444	6	90.0	10088	144.52	1.15	92.6235	identical
1420710	128	128	128	svt-rs-420	6	90.0	10321	1.83	0.81	92.1142	identical
1420710	128	128	128	zenravif-420	6	95.0	11166	134.13	1.09	93.1088	identical
1420710	128	128	128	zenravif-444	6	95.0	13767	173.22	1.35	94.3836	identical
1420710	128	128	128	svt-rs-420	6	95.0	12864	1.81	0.95	93.7376	identical
1420710	128	128	128	zenravif-420	6	100.0	17581	95.95	1.53	94.9476	identical
1420710	128	128	128	zenravif-444	6	100.0	27701	167.37	2.08	97.5189	identical
1420710	128	128	128	svt-rs-420	6	100.0	15902	2.05	1.06	94.4573	identical
1475938	128	128	128	zenravif-420	6	5.0	362	8.12	0.57	29.0846	identical
1475938	128	128	128	zenravif-444	6	5.0	360	11.46	0.66	27.3087	identical
1475938	128	128	128	svt-rs-420	6	5.0	300	0.69	0.53	25.5717	identical
1475938	128	128	128	zenravif-420	6	10.0	369	8.44	0.52	32.6804	identical
1475938	128	128	128	zenravif-444	6	10.0	363	11.04	0.57	29.6450	identical
1475938	128	128	128	svt-rs-420	6	10.0	304	0.61	0.48	38.2428	identical
1475938	128	128	128	zenravif-420	6	15.0	375	8.44	0.53	38.1134	identical
1475938	128	128	128	zenravif-444	6	15.0	369	12.29	0.60	38.2033	identical
1475938	128	128	128	svt-rs-420	6	15.0	336	0.69	0.54	32.9606	identical
1475938	128	128	128	zenravif-420	6	20.0	396	8.95	0.47	40.6774	identical
1475938	128	128	128	zenravif-444	6	20.0	397	13.02	0.61	41.0498	identical
1475938	128	128	128	svt-rs-420	6	20.0	350	0.80	0.53	38.3046	identical
1475938	128	128	128	zenravif-420	6	25.0	422	10.40	0.63	47.1426	identical
1475938	128	128	128	zenravif-444	6	25.0	423	15.02	0.61	46.7375	identical
1475938	128	128	128	svt-rs-420	6	25.0	372	0.80	0.51	43.3390	identical
1475938	128	128	128	zenravif-420	6	30.0	441	12.51	0.50	55.5225	identical
1475938	128	128	128	zenravif-444	6	30.0	446	16.64	0.66	57.2153	identical
1475938	128	128	128	svt-rs-420	6	30.0	399	0.80	0.50	50.6779	identical
1475938	128	128	128	zenravif-420	6	35.0	471	12.27	0.67	62.4513	identical
1475938	128	128	128	zenravif-444	6	35.0	477	17.43	0.65	62.2304	identical
1475938	128	128	128	svt-rs-420	6	35.0	434	0.91	0.50	55.3674	identical
1475938	128	128	128	zenravif-420	6	40.0	493	14.11	0.56	66.1737	identical
1475938	128	128	128	zenravif-444	6	40.0	501	17.89	0.60	64.0827	identical
1475938	128	128	128	svt-rs-420	6	40.0	480	1.04	0.50	56.9045	identical
1475938	128	128	128	zenravif-420	6	45.0	537	16.34	0.60	70.3267	identical
1475938	128	128	128	zenravif-444	6	45.0	546	22.24	0.56	69.0867	identical
1475938	128	128	128	svt-rs-420	6	45.0	532	1.00	0.47	59.8008	identical
1475938	128	128	128	zenravif-420	6	50.0	574	14.70	0.40	75.3267	identical
1475938	128	128	128	zenravif-444	6	50.0	580	18.39	0.45	74.2540	identical
1475938	128	128	128	svt-rs-420	6	50.0	587	1.18	0.53	77.0351	identical
1475938	128	128	128	zenravif-420	6	55.0	616	14.09	0.44	77.7559	identical
1475938	128	128	128	zenravif-444	6	55.0	633	17.48	0.50	79.8983	identical
1475938	128	128	128	svt-rs-420	6	55.0	645	1.13	0.45	79.2332	identical
1475938	128	128	128	zenravif-420	6	60.0	672	13.46	0.44	80.4209	identical
1475938	128	128	128	zenravif-444	6	60.0	674	21.35	0.48	80.8964	identical
1475938	128	128	128	svt-rs-420	6	60.0	700	1.15	0.48	82.5795	identical
1475938	128	128	128	zenravif-420	6	65.0	730	17.60	0.50	83.1803	identical
1475938	128	128	128	zenravif-444	6	65.0	767	23.49	0.50	83.6499	identical
1475938	128	128	128	svt-rs-420	6	65.0	739	1.32	0.47	83.3657	identical
1475938	128	128	128	zenravif-420	6	70.0	786	16.87	0.50	84.6799	identical
1475938	128	128	128	zenravif-444	6	70.0	814	26.64	0.54	85.5195	identical
1475938	128	128	128	svt-rs-420	6	70.0	807	1.35	0.44	83.5463	identical
1475938	128	128	128	zenravif-420	6	75.0	871	21.57	0.48	86.7944	identical
1475938	128	128	128	zenravif-444	6	75.0	921	24.72	0.52	87.0219	identical
1475938	128	128	128	svt-rs-420	6	75.0	868	1.38	0.48	86.2658	identical
1475938	128	128	128	zenravif-420	6	80.0	961	21.20	0.44	88.0654	identical
1475938	128	128	128	zenravif-444	6	80.0	1047	29.59	0.51	89.1030	identical
1475938	128	128	128	svt-rs-420	6	80.0	951	1.34	0.51	87.3917	identical
1475938	128	128	128	zenravif-420	6	85.0	1084	22.70	0.49	89.4905	identical
1475938	128	128	128	zenravif-444	6	85.0	1215	32.93	0.59	90.6658	identical
1475938	128	128	128	svt-rs-420	6	85.0	1064	1.31	0.46	88.7624	identical
1475938	128	128	128	zenravif-420	6	90.0	1280	25.69	0.55	90.3114	identical
1475938	128	128	128	zenravif-444	6	90.0	1482	36.20	0.56	91.8065	identical
1475938	128	128	128	svt-rs-420	6	90.0	1303	1.73	0.45	90.2492	identical
1475938	128	128	128	zenravif-420	6	95.0	1806	31.11	0.50	91.3929	identical
1475938	128	128	128	zenravif-444	6	95.0	2229	42.56	0.54	92.8447	identical
1475938	128	128	128	svt-rs-420	6	95.0	1776	1.83	0.46	91.2813	identical
1475938	128	128	128	zenravif-420	6	100.0	5045	23.73	0.73	93.4538	identical
1475938	128	128	128	zenravif-444	6	100.0	8172	39.27	1.01	95.2205	identical
1475938	128	128	128	svt-rs-420	6	100.0	2679	2.38	0.55	93.1765	identical
1531677	128	128	128	zenravif-420	6	5.0	571	21.02	0.58	-19.4940	identical
1531677	128	128	128	zenravif-444	6	5.0	570	26.31	0.54	-20.5503	identical
1531677	128	128	128	svt-rs-420	6	5.0	502	1.04	0.46	-17.8592	identical
1531677	128	128	128	zenravif-420	6	10.0	615	22.06	0.62	-13.1574	identical
1531677	128	128	128	zenravif-444	6	10.0	610	25.55	0.62	-15.3655	identical
1531677	128	128	128	svt-rs-420	6	10.0	594	1.62	0.44	-1.4878	identical
1531677	128	128	128	zenravif-420	6	15.0	695	25.52	0.55	1.9286	identical
1531677	128	128	128	zenravif-444	6	15.0	693	34.57	0.57	-0.3062	identical
1531677	128	128	128	svt-rs-420	6	15.0	778	1.60	0.54	12.3428	identical
1531677	128	128	128	zenravif-420	6	20.0	831	25.68	0.56	15.2232	identical
1531677	128	128	128	zenravif-444	6	20.0	839	32.50	0.67	16.6166	identical
1531677	128	128	128	svt-rs-420	6	20.0	972	1.73	0.56	25.8214	identical
1531677	128	128	128	zenravif-420	6	25.0	959	29.72	0.54	24.7814	identical
1531677	128	128	128	zenravif-444	6	25.0	965	39.59	0.67	26.0696	identical
1531677	128	128	128	svt-rs-420	6	25.0	1181	1.84	0.52	37.0248	identical
1531677	128	128	128	zenravif-420	6	30.0	1149	28.64	0.54	35.0524	identical
1531677	128	128	128	zenravif-444	6	30.0	1148	36.20	0.53	35.7352	identical
1531677	128	128	128	svt-rs-420	6	30.0	1429	1.78	0.51	45.3688	identical
1531677	128	128	128	zenravif-420	6	35.0	1354	30.90	0.62	44.8497	identical
1531677	128	128	128	zenravif-444	6	35.0	1362	38.68	0.65	45.1193	identical
1531677	128	128	128	svt-rs-420	6	35.0	1882	2.50	0.53	56.3775	identical
1531677	128	128	128	zenravif-420	6	40.0	1654	35.76	0.58	51.2818	identical
1531677	128	128	128	zenravif-444	6	40.0	1673	42.20	0.72	51.6682	identical
1531677	128	128	128	svt-rs-420	6	40.0	2316	2.14	0.56	62.3586	identical
1531677	128	128	128	zenravif-420	6	45.0	1976	38.26	0.66	59.8554	identical
1531677	128	128	128	zenravif-444	6	45.0	2004	46.17	0.64	59.8541	identical
1531677	128	128	128	svt-rs-420	6	45.0	2778	2.43	0.65	68.1168	identical
1531677	128	128	128	zenravif-420	6	50.0	2416	39.42	0.55	64.7566	identical
1531677	128	128	128	zenravif-444	6	50.0	2441	44.72	0.64	66.1149	identical
1531677	128	128	128	svt-rs-420	6	50.0	3290	2.87	0.66	72.5500	identical
1531677	128	128	128	zenravif-420	6	55.0	2785	43.52	0.62	69.6528	identical
1531677	128	128	128	zenravif-444	6	55.0	2837	45.91	0.61	70.1137	identical
1531677	128	128	128	svt-rs-420	6	55.0	3880	2.74	0.62	76.5293	identical
1531677	128	128	128	zenravif-420	6	60.0	3359	43.37	0.68	74.3380	identical
1531677	128	128	128	zenravif-444	6	60.0	3427	53.18	0.66	74.7396	identical
1531677	128	128	128	svt-rs-420	6	60.0	4610	2.86	0.68	80.4510	identical
1531677	128	128	128	zenravif-420	6	65.0	3853	47.21	0.68	77.6457	identical
1531677	128	128	128	zenravif-444	6	65.0	3960	55.91	0.73	78.0061	identical
1531677	128	128	128	svt-rs-420	6	65.0	5200	2.51	0.70	82.9185	identical
1531677	128	128	128	zenravif-420	6	70.0	4478	46.79	0.72	80.1639	identical
1531677	128	128	128	zenravif-444	6	70.0	4626	62.87	0.71	81.1884	identical
1531677	128	128	128	svt-rs-420	6	70.0	5708	2.54	0.65	84.4963	identical
1531677	128	128	128	zenravif-420	6	75.0	5371	53.07	0.69	83.8727	identical
1531677	128	128	128	zenravif-444	6	75.0	5625	78.07	0.82	85.1328	identical
1531677	128	128	128	svt-rs-420	6	75.0	6268	2.64	0.73	85.9695	identical
1531677	128	128	128	zenravif-420	6	80.0	6211	62.86	0.73	86.6490	identical
1531677	128	128	128	zenravif-444	6	80.0	6589	81.52	0.92	87.1589	identical
1531677	128	128	128	svt-rs-420	6	80.0	7067	3.14	0.73	88.2547	identical
1531677	128	128	128	zenravif-420	6	85.0	7185	67.18	0.89	88.4578	identical
1531677	128	128	128	zenravif-444	6	85.0	7775	87.34	1.00	89.7061	identical
1531677	128	128	128	svt-rs-420	6	85.0	8028	2.38	0.78	89.0002	identical
1531677	128	128	128	zenravif-420	6	90.0	8533	84.02	0.93	90.3803	identical
1531677	128	128	128	zenravif-444	6	90.0	9520	108.05	1.10	92.1790	identical
1531677	128	128	128	svt-rs-420	6	90.0	9938	1.96	0.84	91.2143	identical
1531677	128	128	128	zenravif-420	6	95.0	10836	107.79	0.97	92.3409	identical
1531677	128	128	128	zenravif-444	6	95.0	12886	123.37	1.31	94.1209	identical
1531677	128	128	128	svt-rs-420	6	95.0	12385	1.90	0.98	92.9936	identical
1531677	128	128	128	zenravif-420	6	100.0	17220	80.82	1.52	94.4287	identical
1531677	128	128	128	zenravif-444	6	100.0	25767	132.54	1.95	97.0660	identical
1531677	128	128	128	svt-rs-420	6	100.0	15306	2.58	1.18	93.8524	identical
1025469	256	256	256	zenravif-420	6	5.0	600	52.20	1.37	-27.5802	identical
1025469	256	256	256	zenravif-444	6	5.0	603	70.06	0.88	-31.4496	identical
1025469	256	256	256	svt-rs-420	6	5.0	377	3.14	1.42	-52.2979	identical
1025469	256	256	256	zenravif-420	6	10.0	645	54.46	1.26	-20.7814	identical
1025469	256	256	256	zenravif-444	6	10.0	644	71.61	0.83	-17.6339	identical
1025469	256	256	256	svt-rs-420	6	10.0	454	3.41	1.15	-38.8305	identical
1025469	256	256	256	zenravif-420	6	15.0	697	57.95	1.72	-12.3950	identical
1025469	256	256	256	zenravif-444	6	15.0	695	70.79	0.91	-10.1282	identical
1025469	256	256	256	svt-rs-420	6	15.0	560	3.56	0.87	-21.7698	identical
1025469	256	256	256	zenravif-420	6	20.0	795	65.81	1.30	1.8900	identical
1025469	256	256	256	zenravif-444	6	20.0	795	87.86	1.57	1.2115	identical
1025469	256	256	256	svt-rs-420	6	20.0	668	3.88	1.46	-13.1421	identical
1025469	256	256	256	zenravif-420	6	25.0	905	75.79	1.10	13.1110	identical
1025469	256	256	256	zenravif-444	6	25.0	906	92.50	0.97	13.5326	identical
1025469	256	256	256	svt-rs-420	6	25.0	799	3.90	1.08	-0.2711	identical
1025469	256	256	256	zenravif-420	6	30.0	1053	85.86	1.79	25.4647	identical
1025469	256	256	256	zenravif-444	6	30.0	1053	115.94	1.03	24.3207	identical
1025469	256	256	256	svt-rs-420	6	30.0	929	4.05	1.16	8.9380	identical
1025469	256	256	256	zenravif-420	6	35.0	1195	89.85	1.24	34.9074	identical
1025469	256	256	256	zenravif-444	6	35.0	1207	117.82	1.01	34.5194	identical
1025469	256	256	256	svt-rs-420	6	35.0	1201	4.33	1.13	23.4612	identical
1025469	256	256	256	zenravif-420	6	40.0	1387	100.02	1.04	41.3188	identical
1025469	256	256	256	zenravif-444	6	40.0	1408	125.20	1.03	41.2186	identical
1025469	256	256	256	svt-rs-420	6	40.0	1444	4.85	0.97	33.4710	identical
1025469	256	256	256	zenravif-420	6	45.0	1630	110.25	1.18	50.3109	identical
1025469	256	256	256	zenravif-444	6	45.0	1638	147.09	1.03	49.3425	identical
1025469	256	256	256	svt-rs-420	6	45.0	1741	5.03	0.94	45.7100	identical
1025469	256	256	256	zenravif-420	6	50.0	1926	109.03	0.86	57.7172	identical
1025469	256	256	256	zenravif-444	6	50.0	1997	141.70	0.90	57.4669	identical
1025469	256	256	256	svt-rs-420	6	50.0	2035	5.17	0.87	52.2510	identical
1025469	256	256	256	zenravif-420	6	55.0	2338	118.47	0.96	61.7235	identical
1025469	256	256	256	zenravif-444	6	55.0	2390	146.28	1.02	62.5657	identical
1025469	256	256	256	svt-rs-420	6	55.0	2502	5.54	0.95	60.1121	identical
1025469	256	256	256	zenravif-420	6	60.0	2717	137.79	0.92	67.3851	identical
1025469	256	256	256	zenravif-444	6	60.0	2787	172.02	1.00	67.5104	identical
1025469	256	256	256	svt-rs-420	6	60.0	3148	6.34	0.94	67.5692	identical
1025469	256	256	256	zenravif-420	6	65.0	3339	158.43	1.03	72.2962	identical
1025469	256	256	256	zenravif-444	6	65.0	3414	199.59	1.21	73.1277	identical
1025469	256	256	256	svt-rs-420	6	65.0	3631	6.40	1.05	72.0534	identical
1025469	256	256	256	zenravif-420	6	70.0	3729	167.89	1.07	74.5064	identical
1025469	256	256	256	zenravif-444	6	70.0	3925	222.16	1.30	75.9013	identical
1025469	256	256	256	svt-rs-420	6	70.0	4112	6.50	1.01	74.5568	identical
1025469	256	256	256	zenravif-420	6	75.0	4810	190.85	1.29	79.8429	identical
1025469	256	256	256	zenravif-444	6	75.0	5100	253.51	1.28	80.7234	identical
1025469	256	256	256	svt-rs-420	6	75.0	4761	7.14	1.14	76.8158	identical
1025469	256	256	256	zenravif-420	6	80.0	5864	202.83	1.35	82.5362	identical
1025469	256	256	256	zenravif-444	6	80.0	6248	280.26	1.48	83.2759	identical
1025469	256	256	256	svt-rs-420	6	80.0	5656	7.17	1.07	79.8505	identical
1025469	256	256	256	zenravif-420	6	85.0	7048	230.41	1.37	83.9873	identical
1025469	256	256	256	zenravif-444	6	85.0	7711	298.31	1.66	85.4514	identical
1025469	256	256	256	svt-rs-420	6	85.0	6916	7.82	1.27	82.9659	identical
1025469	256	256	256	zenravif-420	6	90.0	9419	273.39	1.61	86.7755	identical
1025469	256	256	256	zenravif-444	6	90.0	10831	327.78	1.83	88.5347	identical
1025469	256	256	256	svt-rs-420	6	90.0	9717	8.52	1.26	86.3884	identical
1025469	256	256	256	zenravif-420	6	95.0	15348	290.56	1.86	89.4609	identical
1025469	256	256	256	zenravif-444	6	95.0	19330	375.78	2.27	91.6054	identical
1025469	256	256	256	svt-rs-420	6	95.0	14286	10.51	1.51	88.8528	identical
1025469	256	256	256	zenravif-420	6	100.0	31545	224.55	2.56	91.7667	identical
1025469	256	256	256	zenravif-444	6	100.0	55757	393.53	4.00	95.7351	identical
1025469	256	256	256	svt-rs-420	6	100.0	23301	12.22	1.93	90.8747	identical
1044329	256	256	256	zenravif-420	6	5.0	1801	163.16	1.23	0.6410	identical
1044329	256	256	256	zenravif-444	6	5.0	1773	204.95	1.26	0.5907	identical
1044329	256	256	256	svt-rs-420	6	5.0	1612	4.28	0.97	-28.8998	identical
1044329	256	256	256	zenravif-420	6	10.0	1988	170.76	1.44	5.0000	identical
1044329	256	256	256	zenravif-444	6	10.0	1946	223.46	1.31	4.5862	identical
1044329	256	256	256	svt-rs-420	6	10.0	2284	4.63	1.14	-8.2883	identical
1044329	256	256	256	zenravif-420	6	15.0	2318	187.43	1.31	14.3687	identical
1044329	256	256	256	zenravif-444	6	15.0	2353	244.49	1.35	12.3698	identical
1044329	256	256	256	svt-rs-420	6	15.0	3098	5.56	1.03	8.2320	identical
1044329	256	256	256	zenravif-420	6	20.0	2699	199.92	1.25	22.7109	identical
1044329	256	256	256	zenravif-444	6	20.0	2765	281.22	1.43	22.7826	identical
1044329	256	256	256	svt-rs-420	6	20.0	3934	6.05	1.16	17.3724	identical
1044329	256	256	256	zenravif-420	6	25.0	3193	231.40	1.40	30.4940	identical
1044329	256	256	256	zenravif-444	6	25.0	3287	313.65	1.50	30.3290	identical
1044329	256	256	256	svt-rs-420	6	25.0	4887	6.84	1.21	25.2200	identical
1044329	256	256	256	zenravif-420	6	30.0	3796	253.68	1.46	39.1344	identical
1044329	256	256	256	zenravif-444	6	30.0	3959	341.00	1.65	41.1032	identical
1044329	256	256	256	svt-rs-420	6	30.0	5999	7.35	1.29	32.5634	identical
1044329	256	256	256	zenravif-420	6	35.0	4443	265.41	1.54	46.1212	identical
1044329	256	256	256	zenravif-444	6	35.0	4679	367.38	1.66	47.8947	identical
1044329	256	256	256	svt-rs-420	6	35.0	7928	7.84	1.27	44.8095	identical
1044329	256	256	256	zenravif-420	6	40.0	5334	296.01	1.60	53.2697	identical
1044329	256	256	256	zenravif-444	6	40.0	5681	394.09	1.72	55.7557	identical
1044329	256	256	256	svt-rs-420	6	40.0	9484	8.07	1.34	51.9618	identical
1044329	256	256	256	zenravif-420	6	45.0	6231	311.54	1.63	56.9811	identical
1044329	256	256	256	zenravif-444	6	45.0	6699	427.67	2.01	61.0385	identical
1044329	256	256	256	svt-rs-420	6	45.0	11128	8.77	1.54	61.1264	identical
1044329	256	256	256	zenravif-420	6	50.0	7461	330.66	1.56	61.4680	identical
1044329	256	256	256	zenravif-444	6	50.0	8184	439.52	1.74	66.2668	identical
1044329	256	256	256	svt-rs-420	6	50.0	12867	8.52	1.60	63.9733	identical
1044329	256	256	256	zenravif-420	6	55.0	8415	348.89	1.62	64.9577	identical
1044329	256	256	256	zenravif-444	6	55.0	9462	488.58	1.82	69.8024	identical
1044329	256	256	256	svt-rs-420	6	55.0	14819	9.75	1.66	68.2739	identical
1044329	256	256	256	zenravif-420	6	60.0	9992	384.71	1.54	69.0729	identical
1044329	256	256	256	zenravif-444	6	60.0	11259	505.57	2.03	73.7380	identical
1044329	256	256	256	svt-rs-420	6	60.0	17583	10.40	1.81	71.1592	identical
1044329	256	256	256	zenravif-420	6	65.0	11360	399.44	1.73	72.3509	identical
1044329	256	256	256	zenravif-444	6	65.0	13014	526.47	2.08	77.1410	identical
1044329	256	256	256	svt-rs-420	6	65.0	19592	10.02	1.87	75.1106	identical
1044329	256	256	256	zenravif-420	6	70.0	13154	436.68	1.90	74.9810	identical
1044329	256	256	256	zenravif-444	6	70.0	15486	572.27	2.24	80.4998	identical
1044329	256	256	256	svt-rs-420	6	70.0	21095	10.89	1.97	76.4552	identical
1044329	256	256	256	zenravif-420	6	75.0	16004	476.16	2.17	77.5155	identical
1044329	256	256	256	zenravif-444	6	75.0	19526	644.58	2.49	84.2347	identical
1044329	256	256	256	svt-rs-420	6	75.0	23163	10.85	1.90	77.6376	identical
1044329	256	256	256	zenravif-420	6	80.0	18055	497.83	2.26	79.0780	identical
1044329	256	256	256	zenravif-444	6	80.0	22874	697.54	2.64	86.5229	identical
1044329	256	256	256	svt-rs-420	6	80.0	25311	10.63	2.20	78.8817	identical
1044329	256	256	256	zenravif-420	6	85.0	21092	533.32	2.37	80.4347	identical
1044329	256	256	256	zenravif-444	6	85.0	27821	687.78	2.79	88.1480	identical
1044329	256	256	256	svt-rs-420	6	85.0	28701	9.57	2.27	79.9201	identical
1044329	256	256	256	zenravif-420	6	90.0	25055	539.63	2.38	81.5097	identical
1044329	256	256	256	zenravif-444	6	90.0	34323	744.25	3.15	89.7623	identical
1044329	256	256	256	svt-rs-420	6	90.0	35484	9.71	2.45	81.7614	identical
1044329	256	256	256	zenravif-420	6	95.0	32371	615.28	2.79	82.6685	identical
1044329	256	256	256	zenravif-444	6	95.0	47131	858.35	3.60	92.6675	identical
1044329	256	256	256	svt-rs-420	6	95.0	44028	10.31	2.89	82.5066	identical
1044329	256	256	256	zenravif-420	6	100.0	54992	364.15	4.04	83.2745	identical
1044329	256	256	256	zenravif-444	6	100.0	93672	601.13	6.35	96.1807	identical
1044329	256	256	256	svt-rs-420	6	100.0	54678	11.48	3.77	83.0049	identical
1189261	256	256	256	zenravif-420	6	5.0	1387	120.30	1.83	-1.5560	identical
1189261	256	256	256	zenravif-444	6	5.0	1370	154.56	1.25	-2.4141	identical
1189261	256	256	256	svt-rs-420	6	5.0	879	3.84	1.31	-24.0757	identical
1189261	256	256	256	zenravif-420	6	10.0	1490	114.23	1.09	6.0630	identical
1189261	256	256	256	zenravif-444	6	10.0	1478	150.61	1.31	6.0775	identical
1189261	256	256	256	svt-rs-420	6	10.0	1167	4.32	1.31	-5.7439	identical
1189261	256	256	256	zenravif-420	6	15.0	1703	122.72	1.32	16.7767	identical
1189261	256	256	256	zenravif-444	6	15.0	1702	170.10	1.39	16.3018	identical
1189261	256	256	256	svt-rs-420	6	15.0	1491	4.83	1.88	8.4521	identical
1189261	256	256	256	zenravif-420	6	20.0	1975	130.84	1.43	28.0618	identical
1189261	256	256	256	zenravif-444	6	20.0	1967	194.91	1.32	27.0438	identical
1189261	256	256	256	svt-rs-420	6	20.0	1796	5.16	1.46	19.4703	identical
1189261	256	256	256	zenravif-420	6	25.0	2275	136.11	1.35	35.9739	identical
1189261	256	256	256	zenravif-444	6	25.0	2295	195.64	1.47	35.4155	identical
1189261	256	256	256	svt-rs-420	6	25.0	2129	5.34	1.78	30.4572	identical
1189261	256	256	256	zenravif-420	6	30.0	2604	163.27	1.34	42.8146	identical
1189261	256	256	256	zenravif-444	6	30.0	2714	203.55	1.47	43.7586	identical
1189261	256	256	256	svt-rs-420	6	30.0	2601	5.71	1.42	40.8666	identical
1189261	256	256	256	zenravif-420	6	35.0	3083	173.92	1.33	50.3855	identical
1189261	256	256	256	zenravif-444	6	35.0	3226	237.27	1.51	51.5509	identical
1189261	256	256	256	svt-rs-420	6	35.0	3393	6.90	1.00	50.4867	identical
1189261	256	256	256	zenravif-420	6	40.0	3623	184.60	1.47	56.6368	identical
1189261	256	256	256	zenravif-444	6	40.0	3793	259.36	1.69	57.5515	identical
1189261	256	256	256	svt-rs-420	6	40.0	4078	6.96	1.07	57.0653	identical
1189261	256	256	256	zenravif-420	6	45.0	4269	193.17	1.36	62.7679	identical
1189261	256	256	256	zenravif-444	6	45.0	4507	277.32	1.88	63.1399	identical
1189261	256	256	256	svt-rs-420	6	45.0	4820	7.58	3.12	62.0518	identical
1189261	256	256	256	zenravif-420	6	50.0	4853	199.88	1.46	67.0379	identical
1189261	256	256	256	zenravif-444	6	50.0	5239	264.80	1.48	67.8499	identical
1189261	256	256	256	svt-rs-420	6	50.0	5621	7.66	1.16	66.5047	identical
1189261	256	256	256	zenravif-420	6	55.0	5705	201.15	1.31	70.7677	identical
1189261	256	256	256	zenravif-444	6	55.0	6103	289.75	1.79	72.5482	identical
1189261	256	256	256	svt-rs-420	6	55.0	6623	8.80	1.23	71.3111	identical
1189261	256	256	256	zenravif-420	6	60.0	6437	233.27	1.31	73.8403	identical
1189261	256	256	256	zenravif-444	6	60.0	7162	297.27	1.70	76.1835	identical
1189261	256	256	256	svt-rs-420	6	60.0	8020	8.87	1.34	75.7884	identical
1189261	256	256	256	zenravif-420	6	65.0	7627	246.25	1.38	77.7768	identical
1189261	256	256	256	zenravif-444	6	65.0	8464	324.39	1.87	79.4311	identical
1189261	256	256	256	svt-rs-420	6	65.0	9220	9.17	1.50	77.7418	identical
1189261	256	256	256	zenravif-420	6	70.0	8511	246.81	1.64	79.9020	identical
1189261	256	256	256	zenravif-444	6	70.0	9603	357.97	1.85	82.1381	identical
1189261	256	256	256	svt-rs-420	6	70.0	10215	9.81	1.51	79.9636	identical
1189261	256	256	256	zenravif-420	6	75.0	10510	282.64	1.81	82.5600	identical
1189261	256	256	256	zenravif-444	6	75.0	12074	390.89	1.85	84.9999	identical
1189261	256	256	256	svt-rs-420	6	75.0	11457	10.09	1.51	81.5284	identical
1189261	256	256	256	zenravif-420	6	80.0	12181	291.13	1.98	84.5243	identical
1189261	256	256	256	zenravif-444	6	80.0	14345	468.67	3.95	87.6071	identical
1189261	256	256	256	svt-rs-420	6	80.0	13404	11.71	2.57	83.6736	identical
1189261	256	256	256	zenravif-420	6	85.0	14445	509.18	3.76	85.4827	identical
1189261	256	256	256	zenravif-444	6	85.0	17259	1100.22	65.83	89.1553	identical
1189261	256	256	256	svt-rs-420	6	85.0	15767	46.68	6.76	85.6684	identical
1189261	256	256	256	zenravif-420	6	90.0	18230	1368.60	2.29	87.3957	identical
1189261	256	256	256	zenravif-444	6	90.0	22752	532.91	2.54	91.5299	identical
1189261	256	256	256	svt-rs-420	6	90.0	21442	9.25	2.14	87.7439	identical
1189261	256	256	256	zenravif-420	6	95.0	26111	472.39	2.75	88.7206	identical
1189261	256	256	256	zenravif-444	6	95.0	33998	625.26	3.26	93.6834	identical
1189261	256	256	256	svt-rs-420	6	95.0	29998	12.16	2.42	88.8918	identical
1189261	256	256	256	zenravif-420	6	100.0	48475	312.42	3.69	89.6926	identical
1189261	256	256	256	zenravif-444	6	100.0	82168	513.76	6.29	96.5200	identical
1189261	256	256	256	svt-rs-420	6	100.0	40822	12.63	3.17	89.4149	identical
1279330	256	256	256	zenravif-420	6	5.0	1304	105.62	2.00	10.5982	identical
1279330	256	256	256	zenravif-444	6	5.0	1271	142.11	0.97	6.5593	identical
1279330	256	256	256	svt-rs-420	6	5.0	841	3.33	1.69	-13.5488	identical
1279330	256	256	256	zenravif-420	6	10.0	1407	112.09	1.99	15.7615	identical
1279330	256	256	256	zenravif-444	6	10.0	1385	134.34	1.07	15.2160	identical
1279330	256	256	256	svt-rs-420	6	10.0	1014	3.44	1.83	3.9849	identical
1279330	256	256	256	zenravif-420	6	15.0	1631	120.71	1.59	27.7908	identical
1279330	256	256	256	zenravif-444	6	15.0	1581	157.72	1.12	24.7552	identical
1279330	256	256	256	svt-rs-420	6	15.0	1219	4.03	1.14	16.0955	identical
1279330	256	256	256	zenravif-420	6	20.0	1851	128.90	1.36	37.3430	identical
1279330	256	256	256	zenravif-444	6	20.0	1839	173.05	1.14	35.7330	identical
1279330	256	256	256	svt-rs-420	6	20.0	1459	4.30	1.90	25.8153	identical
1279330	256	256	256	zenravif-420	6	25.0	2090	141.66	1.65	44.9249	identical
1279330	256	256	256	zenravif-444	6	25.0	2108	197.98	1.26	45.6496	identical
1279330	256	256	256	svt-rs-420	6	25.0	1718	4.14	1.72	36.3697	identical
1279330	256	256	256	zenravif-420	6	30.0	2390	157.75	1.32	53.9954	identical
1279330	256	256	256	zenravif-444	6	30.0	2398	217.18	1.28	51.7511	identical
1279330	256	256	256	svt-rs-420	6	30.0	2048	4.49	1.10	45.9604	identical
1279330	256	256	256	zenravif-420	6	35.0	2705	168.17	1.32	60.2407	identical
1279330	256	256	256	zenravif-444	6	35.0	2769	227.68	1.27	60.2372	identical
1279330	256	256	256	svt-rs-420	6	35.0	2597	4.86	1.06	57.4005	identical
1279330	256	256	256	zenravif-420	6	40.0	3092	184.19	1.27	64.9787	identical
1279330	256	256	256	zenravif-444	6	40.0	3242	239.26	1.42	66.1673	identical
1279330	256	256	256	svt-rs-420	6	40.0	3056	4.53	1.29	62.2567	identical
1279330	256	256	256	zenravif-420	6	45.0	3580	195.92	1.45	70.5696	identical
1279330	256	256	256	zenravif-444	6	45.0	3718	252.11	1.44	71.2721	identical
1279330	256	256	256	svt-rs-420	6	45.0	3609	4.76	0.90	67.4525	identical
1279330	256	256	256	zenravif-420	6	50.0	4037	196.24	1.31	74.1308	identical
1279330	256	256	256	zenravif-444	6	50.0	4246	265.37	1.45	74.8251	identical
1279330	256	256	256	svt-rs-420	6	50.0	4188	5.20	1.11	73.0888	identical
1279330	256	256	256	zenravif-420	6	55.0	4569	209.19	1.24	77.4855	identical
1279330	256	256	256	zenravif-444	6	55.0	4834	266.70	1.36	78.5830	identical
1279330	256	256	256	svt-rs-420	6	55.0	4850	5.14	0.88	76.7614	identical
1279330	256	256	256	zenravif-420	6	60.0	5113	211.79	1.22	79.4130	identical
1279330	256	256	256	zenravif-444	6	60.0	5468	287.29	1.53	81.0383	identical
1279330	256	256	256	svt-rs-420	6	60.0	5839	5.33	0.97	80.7471	identical
1279330	256	256	256	zenravif-420	6	65.0	5773	221.48	1.40	82.0449	identical
1279330	256	256	256	zenravif-444	6	65.0	6302	311.40	1.62	83.6473	identical
1279330	256	256	256	svt-rs-420	6	65.0	6701	5.48	1.01	83.0178	identical
1279330	256	256	256	zenravif-420	6	70.0	6476	237.69	1.48	83.8273	identical
1279330	256	256	256	zenravif-444	6	70.0	7110	312.83	1.82	85.4135	identical
1279330	256	256	256	svt-rs-420	6	70.0	7374	5.89	1.27	84.3001	identical
1279330	256	256	256	zenravif-420	6	75.0	7747	264.94	1.43	86.3450	identical
1279330	256	256	256	zenravif-444	6	75.0	8597	337.34	2.83	87.9657	identical
1279330	256	256	256	svt-rs-420	6	75.0	8214	6.90	1.64	85.8461	identical
1279330	256	256	256	zenravif-420	6	80.0	8839	290.23	3.35	87.6681	identical
1279330	256	256	256	zenravif-444	6	80.0	9933	445.22	41.77	89.4550	identical
1279330	256	256	256	svt-rs-420	6	80.0	9453	42.31	5.63	87.8997	identical
1279330	256	256	256	zenravif-420	6	85.0	10336	767.57	37.02	89.3363	identical
1279330	256	256	256	zenravif-444	6	85.0	11834	1022.24	228.20	91.1156	identical
1279330	256	256	256	svt-rs-420	6	85.0	11091	7.89	67.93	89.4792	identical
1279330	256	256	256	zenravif-420	6	90.0	12924	655.21	2.01	90.7115	identical
1279330	256	256	256	zenravif-444	6	90.0	15143	413.35	2.24	92.7239	identical
1279330	256	256	256	svt-rs-420	6	90.0	15000	6.80	1.50	91.1191	identical
1279330	256	256	256	zenravif-420	6	95.0	18488	426.78	2.00	92.1230	identical
1279330	256	256	256	zenravif-444	6	95.0	22281	512.01	2.60	94.3448	identical
1279330	256	256	256	svt-rs-420	6	95.0	21024	7.56	1.98	92.5302	identical
1279330	256	256	256	zenravif-420	6	100.0	42902	381.01	3.47	93.5623	identical
1279330	256	256	256	zenravif-444	6	100.0	68627	683.45	5.11	96.7590	identical
1279330	256	256	256	svt-rs-420	6	100.0	31533	7.68	2.32	93.1196	identical
1418519	256	256	256	zenravif-420	6	5.0	802	70.29	1.48	7.2233	identical
1418519	256	256	256	zenravif-444	6	5.0	794	84.30	0.94	5.2674	identical
1418519	256	256	256	svt-rs-420	6	5.0	551	3.04	1.41	-15.9089	identical
1418519	256	256	256	zenravif-420	6	10.0	857	73.22	1.32	10.9609	identical
1418519	256	256	256	zenravif-444	6	10.0	841	92.56	1.00	10.3390	identical
1418519	256	256	256	svt-rs-420	6	10.0	682	3.79	1.71	0.4395	identical
1418519	256	256	256	zenravif-420	6	15.0	951	79.97	1.08	20.6218	identical
1418519	256	256	256	zenravif-444	6	15.0	950	107.99	1.06	23.2361	identical
1418519	256	256	256	svt-rs-420	6	15.0	821	3.93	1.46	18.5690	identical
1418519	256	256	256	zenravif-420	6	20.0	1067	87.37	1.31	30.8171	identical
1418519	256	256	256	zenravif-444	6	20.0	1077	108.78	0.97	30.8015	identical
1418519	256	256	256	svt-rs-420	6	20.0	944	3.78	1.32	27.2797	identical
1418519	256	256	256	zenravif-420	6	25.0	1208	89.45	1.25	39.6608	identical
1418519	256	256	256	zenravif-444	6	25.0	1193	126.10	1.11	39.0970	identical
1418519	256	256	256	svt-rs-420	6	25.0	1091	4.40	1.18	37.1056	identical
1418519	256	256	256	zenravif-420	6	30.0	1366	98.66	1.19	47.3743	identical
1418519	256	256	256	zenravif-444	6	30.0	1355	123.97	1.08	46.8600	identical
1418519	256	256	256	svt-rs-420	6	30.0	1291	4.17	1.18	42.8742	identical
1418519	256	256	256	zenravif-420	6	35.0	1538	104.01	1.18	53.8481	identical
1418519	256	256	256	zenravif-444	6	35.0	1585	133.86	1.27	53.4441	identical
1418519	256	256	256	svt-rs-420	6	35.0	1586	4.54	0.94	51.9284	identical
1418519	256	256	256	zenravif-420	6	40.0	1788	100.97	1.09	60.9528	identical
1418519	256	256	256	zenravif-444	6	40.0	1812	146.17	1.10	61.2399	identical
1418519	256	256	256	svt-rs-420	6	40.0	1833	4.71	1.26	58.8757	identical
1418519	256	256	256	zenravif-420	6	45.0	2038	113.79	1.23	64.7125	identical
1418519	256	256	256	zenravif-444	6	45.0	2113	164.28	1.29	65.2188	identical
1418519	256	256	256	svt-rs-420	6	45.0	2168	4.89	1.17	64.9619	identical
1418519	256	256	256	zenravif-420	6	50.0	2324	115.93	0.99	70.2484	identical
1418519	256	256	256	zenravif-444	6	50.0	2424	151.33	1.11	71.1604	identical
1418519	256	256	256	svt-rs-420	6	50.0	2505	5.33	1.12	69.0358	identical
1418519	256	256	256	zenravif-420	6	55.0	2663	120.08	1.02	73.3016	identical
1418519	256	256	256	zenravif-444	6	55.0	2772	152.84	1.14	74.4407	identical
1418519	256	256	256	svt-rs-420	6	55.0	2875	5.42	0.96	73.6097	identical
1418519	256	256	256	zenravif-420	6	60.0	2981	126.62	1.06	76.5236	identical
1418519	256	256	256	zenravif-444	6	60.0	3174	172.90	1.22	77.6306	identical
1418519	256	256	256	svt-rs-420	6	60.0	3436	5.84	0.95	77.2453	identical
1418519	256	256	256	zenravif-420	6	65.0	3474	135.61	1.08	79.9436	identical
1418519	256	256	256	zenravif-444	6	65.0	3704	196.89	1.24	81.0226	identical
1418519	256	256	256	svt-rs-420	6	65.0	3864	5.81	0.93	79.0921	identical
1418519	256	256	256	zenravif-420	6	70.0	3854	143.33	1.13	81.7599	identical
1418519	256	256	256	zenravif-444	6	70.0	4142	186.51	1.33	82.8060	identical
1418519	256	256	256	svt-rs-420	6	70.0	4277	6.06	1.10	82.1038	identical
1418519	256	256	256	zenravif-420	6	75.0	4658	157.21	1.22	84.5535	identical
1418519	256	256	256	zenravif-444	6	75.0	5085	212.20	1.34	86.0596	identical
1418519	256	256	256	svt-rs-420	6	75.0	4673	6.13	1.02	83.3621	identical
1418519	256	256	256	zenravif-420	6	80.0	5314	168.60	1.20	86.5645	identical
1418519	256	256	256	zenravif-444	6	80.0	5857	228.67	1.40	87.5319	identical
1418519	256	256	256	svt-rs-420	6	80.0	5468	6.19	1.00	85.5431	identical
1418519	256	256	256	zenravif-420	6	85.0	6281	184.24	1.32	87.9481	identical
1418519	256	256	256	zenravif-444	6	85.0	7042	244.41	1.34	89.0338	identical
1418519	256	256	256	svt-rs-420	6	85.0	6382	6.48	1.15	87.8025	identical
1418519	256	256	256	zenravif-420	6	90.0	7962	205.16	2.05	89.5439	identical
1418519	256	256	256	zenravif-444	6	90.0	9170	260.14	1.62	91.2111	identical
1418519	256	256	256	svt-rs-420	6	90.0	8497	6.93	1.07	90.4409	identical
1418519	256	256	256	zenravif-420	6	95.0	11256	226.64	1.41	91.3360	identical
1418519	256	256	256	zenravif-444	6	95.0	13817	291.46	1.76	93.0647	identical
1418519	256	256	256	svt-rs-420	6	95.0	12415	7.57	1.39	91.9244	identical
1418519	256	256	256	zenravif-420	6	100.0	29377	214.49	2.61	93.4144	identical
1418519	256	256	256	zenravif-444	6	100.0	48462	376.27	4.20	94.9888	identical
1418519	256	256	256	svt-rs-420	6	100.0	19266	8.21	1.87	92.8506	identical
1420710	256	256	256	zenravif-420	6	5.0	1457	94.16	2.00	-11.2643	identical
1420710	256	256	256	zenravif-444	6	5.0	1461	125.95	1.08	-10.6478	identical
1420710	256	256	256	svt-rs-420	6	5.0	1230	4.18	1.58	-8.4978	identical
1420710	256	256	256	zenravif-420	6	10.0	1643	93.86	1.18	-2.2383	identical
1420710	256	256	256	zenravif-444	6	10.0	1638	126.67	1.06	-2.2861	identical
1420710	256	256	256	svt-rs-420	6	10.0	1641	3.84	1.06	9.3719	identical
1420710	256	256	256	zenravif-420	6	15.0	1996	109.10	1.81	12.0498	identical
1420710	256	256	256	zenravif-444	6	15.0	1979	144.97	1.00	12.6557	identical
1420710	256	256	256	svt-rs-420	6	15.0	2162	4.27	1.02	23.6536	identical
1420710	256	256	256	zenravif-420	6	20.0	2448	124.39	1.16	25.1661	identical
1420710	256	256	256	zenravif-444	6	20.0	2432	148.25	1.08	25.3711	identical
1420710	256	256	256	svt-rs-420	6	20.0	2711	4.43	0.90	35.1160	identical
1420710	256	256	256	zenravif-420	6	25.0	2950	129.88	1.21	34.1882	identical
1420710	256	256	256	zenravif-444	6	25.0	2942	168.28	1.22	33.2278	identical
1420710	256	256	256	svt-rs-420	6	25.0	3479	4.76	1.05	43.0204	identical
1420710	256	256	256	zenravif-420	6	30.0	3692	142.86	1.26	44.0055	identical
1420710	256	256	256	zenravif-444	6	30.0	3670	180.79	1.28	42.8527	identical
1420710	256	256	256	svt-rs-420	6	30.0	4430	4.86	1.12	51.4485	identical
1420710	256	256	256	zenravif-420	6	35.0	4496	164.39	1.40	50.7001	identical
1420710	256	256	256	zenravif-444	6	35.0	4507	210.10	1.37	50.6703	identical
1420710	256	256	256	svt-rs-420	6	35.0	6192	6.75	1.14	59.3863	identical
1420710	256	256	256	zenravif-420	6	40.0	5619	188.08	1.45	58.1746	identical
1420710	256	256	256	zenravif-444	6	40.0	5645	232.57	1.54	58.2098	identical
1420710	256	256	256	svt-rs-420	6	40.0	7660	7.09	1.22	65.2455	identical
1420710	256	256	256	zenravif-420	6	45.0	6679	209.50	1.54	63.9002	identical
1420710	256	256	256	zenravif-444	6	45.0	6791	269.63	1.77	63.9712	identical
1420710	256	256	256	svt-rs-420	6	45.0	9570	7.88	1.34	70.0232	identical
1420710	256	256	256	zenravif-420	6	50.0	8278	206.82	1.64	68.5339	identical
1420710	256	256	256	zenravif-444	6	50.0	8448	287.81	1.71	68.7311	identical
1420710	256	256	256	svt-rs-420	6	50.0	11522	8.48	1.37	73.9437	identical
1420710	256	256	256	zenravif-420	6	55.0	9655	238.81	1.63	72.0689	identical
1420710	256	256	256	zenravif-444	6	55.0	10016	302.95	1.86	73.2204	identical
1420710	256	256	256	svt-rs-420	6	55.0	13879	9.62	1.54	77.3602	identical
1420710	256	256	256	zenravif-420	6	60.0	11839	259.96	1.75	75.9261	identical
1420710	256	256	256	zenravif-444	6	60.0	12241	349.57	2.15	76.7407	identical
1420710	256	256	256	svt-rs-420	6	60.0	17227	9.39	1.67	81.0256	identical
1420710	256	256	256	zenravif-420	6	65.0	13850	296.22	1.86	79.1275	identical
1420710	256	256	256	zenravif-444	6	65.0	14559	378.52	2.21	79.9775	identical
1420710	256	256	256	svt-rs-420	6	65.0	19767	8.25	1.72	83.2976	identical
1420710	256	256	256	zenravif-420	6	70.0	15581	283.95	1.86	80.9965	identical
1420710	256	256	256	zenravif-444	6	70.0	16533	374.69	2.33	81.9063	identical
1420710	256	256	256	svt-rs-420	6	70.0	21856	8.48	1.64	84.9392	identical
1420710	256	256	256	zenravif-420	6	75.0	20025	328.14	1.99	84.8256	identical
1420710	256	256	256	zenravif-444	6	75.0	21476	447.78	2.54	85.8885	identical
1420710	256	256	256	svt-rs-420	6	75.0	24454	9.70	1.82	86.5695	identical
1420710	256	256	256	zenravif-420	6	80.0	23513	382.18	2.20	86.9721	identical
1420710	256	256	256	zenravif-444	6	80.0	25463	482.65	2.85	88.1180	identical
1420710	256	256	256	svt-rs-420	6	80.0	27900	9.86	2.00	88.4489	identical
1420710	256	256	256	zenravif-420	6	85.0	27401	449.86	2.66	89.0981	identical
1420710	256	256	256	zenravif-444	6	85.0	30435	537.74	3.06	90.2510	identical
1420710	256	256	256	svt-rs-420	6	85.0	32061	8.37	2.17	89.8195	identical
1420710	256	256	256	zenravif-420	6	90.0	33438	494.87	2.80	90.9446	identical
1420710	256	256	256	zenravif-444	6	90.0	38411	596.32	3.41	92.2285	identical
1420710	256	256	256	svt-rs-420	6	90.0	40029	7.47	3.69	92.0191	identical
1420710	256	256	256	zenravif-420	6	95.0	43002	604.49	3.54	92.8712	identical
1420710	256	256	256	zenravif-444	6	95.0	53092	739.40	4.29	94.5317	identical
1420710	256	256	256	svt-rs-420	6	95.0	50191	7.53	2.94	93.5145	identical
1420710	256	256	256	zenravif-420	6	100.0	68978	405.28	5.39	94.8661	identical
1420710	256	256	256	zenravif-444	6	100.0	109491	715.51	7.77	97.3049	identical
1420710	256	256	256	svt-rs-420	6	100.0	62264	8.38	4.00	94.2112	identical
1475938	256	256	256	zenravif-420	6	5.0	882	55.99	1.07	-5.6292	identical
1475938	256	256	256	zenravif-444	6	5.0	872	76.39	1.02	-6.4817	identical
1475938	256	256	256	svt-rs-420	6	5.0	618	3.77	1.22	-22.0621	identical
1475938	256	256	256	zenravif-420	6	10.0	952	58.76	1.35	0.4005	identical
1475938	256	256	256	zenravif-444	6	10.0	937	78.96	0.96	-1.2140	identical
1475938	256	256	256	svt-rs-420	6	10.0	806	3.16	1.23	-1.2081	identical
1475938	256	256	256	zenravif-420	6	15.0	1112	66.44	1.09	13.7868	identical
1475938	256	256	256	zenravif-444	6	15.0	1081	87.93	1.00	11.9180	identical
1475938	256	256	256	svt-rs-420	6	15.0	1045	3.82	0.96	11.3230	identical
1475938	256	256	256	zenravif-420	6	20.0	1295	71.06	1.07	23.0828	identical
1475938	256	256	256	zenravif-444	6	20.0	1283	102.39	1.12	20.9837	identical
1475938	256	256	256	svt-rs-420	6	20.0	1314	4.41	0.99	20.7050	identical
1475938	256	256	256	zenravif-420	6	25.0	1494	85.81	1.37	33.0218	identical
1475938	256	256	256	zenravif-444	6	25.0	1515	108.09	1.10	33.4787	identical
1475938	256	256	256	svt-rs-420	6	25.0	1667	4.64	0.97	35.7643	identical
1475938	256	256	256	zenravif-420	6	30.0	1780	91.08	1.11	41.4964	identical
1475938	256	256	256	zenravif-444	6	30.0	1795	112.63	1.20	42.8880	identical
1475938	256	256	256	svt-rs-420	6	30.0	2016	4.84	0.94	42.0891	identical
1475938	256	256	256	zenravif-420	6	35.0	2141	110.34	1.30	48.7831	identical
1475938	256	256	256	zenravif-444	6	35.0	2165	139.39	1.30	47.5780	identical
1475938	256	256	256	svt-rs-420	6	35.0	2595	5.54	1.03	50.7045	identical
1475938	256	256	256	zenravif-420	6	40.0	2534	122.43	1.19	55.5997	identical
1475938	256	256	256	zenravif-444	6	40.0	2584	149.27	1.25	55.7805	identical
1475938	256	256	256	svt-rs-420	6	40.0	3113	6.00	1.08	56.4461	identical
1475938	256	256	256	zenravif-420	6	45.0	2999	122.46	1.16	62.4407	identical
1475938	256	256	256	zenravif-444	6	45.0	3077	174.90	1.38	61.0860	identical
1475938	256	256	256	svt-rs-420	6	45.0	3696	6.21	1.10	61.7479	identical
1475938	256	256	256	zenravif-420	6	50.0	3472	111.18	1.10	66.8458	identical
1475938	256	256	256	zenravif-444	6	50.0	3626	156.42	1.15	67.8557	identical
1475938	256	256	256	svt-rs-420	6	50.0	4341	6.60	1.15	71.9340	identical
1475938	256	256	256	zenravif-420	6	55.0	4072	122.14	1.16	71.3779	identical
1475938	256	256	256	zenravif-444	6	55.0	4188	180.11	1.28	72.3700	identical
1475938	256	256	256	svt-rs-420	6	55.0	5012	6.98	1.18	74.9939	identical
1475938	256	256	256	zenravif-420	6	60.0	4577	140.01	1.13	74.5918	identical
1475938	256	256	256	zenravif-444	6	60.0	4771	183.89	1.30	75.4579	identical
1475938	256	256	256	svt-rs-420	6	60.0	5958	7.32	1.18	78.9690	identical
1475938	256	256	256	zenravif-420	6	65.0	5333	151.94	1.22	78.0963	identical
1475938	256	256	256	zenravif-444	6	65.0	5649	190.11	1.37	79.3072	identical
1475938	256	256	256	svt-rs-420	6	65.0	6589	7.49	1.25	80.6299	identical
1475938	256	256	256	zenravif-420	6	70.0	5931	164.81	1.28	80.3839	identical
1475938	256	256	256	zenravif-444	6	70.0	6305	196.16	1.39	81.7844	identical
1475938	256	256	256	svt-rs-420	6	70.0	7210	8.14	1.29	81.9624	identical
1475938	256	256	256	zenravif-420	6	75.0	7113	193.42	1.41	83.1636	identical
1475938	256	256	256	zenravif-444	6	75.0	7740	219.39	1.56	84.5085	identical
1475938	256	256	256	svt-rs-420	6	75.0	7950	8.03	1.28	83.8499	identical
1475938	256	256	256	zenravif-420	6	80.0	8129	189.18	1.38	85.4912	identical
1475938	256	256	256	zenravif-444	6	80.0	9096	246.48	1.69	86.5177	identical
1475938	256	256	256	svt-rs-420	6	80.0	9021	7.89	1.40	85.6723	identical
1475938	256	256	256	zenravif-420	6	85.0	9472	200.28	1.52	87.1227	identical
1475938	256	256	256	zenravif-444	6	85.0	10933	253.48	1.79	88.4847	identical
1475938	256	256	256	svt-rs-420	6	85.0	10276	8.04	1.44	86.7696	identical
1475938	256	256	256	zenravif-420	6	90.0	11505	228.81	1.62	88.5202	identical
1475938	256	256	256	zenravif-444	6	90.0	13719	272.53	1.80	90.0967	identical
1475938	256	256	256	svt-rs-420	6	90.0	13215	9.13	1.39	88.5642	identical
1475938	256	256	256	zenravif-420	6	95.0	15539	245.62	1.76	89.7644	identical
1475938	256	256	256	zenravif-444	6	95.0	19852	312.73	2.13	92.2451	identical
1475938	256	256	256	svt-rs-420	6	95.0	17504	9.43	1.64	90.4169	identical
1475938	256	256	256	zenravif-420	6	100.0	32775	169.66	2.74	91.7086	identical
1475938	256	256	256	zenravif-444	6	100.0	52190	282.04	4.26	94.3219	identical
1475938	256	256	256	svt-rs-420	6	100.0	25105	10.28	2.29	91.5519	identical
1531677	256	256	256	zenravif-420	6	5.0	1232	130.49	1.17	-18.9042	identical
1531677	256	256	256	zenravif-444	6	5.0	1209	137.22	1.01	-22.0565	identical
1531677	256	256	256	svt-rs-420	6	5.0	959	3.88	1.67	-23.2186	identical
1531677	256	256	256	zenravif-420	6	10.0	1335	97.07	0.96	-13.6183	identical
1531677	256	256	256	zenravif-444	6	10.0	1303	128.67	0.85	-14.6516	identical
1531677	256	256	256	svt-rs-420	6	10.0	1282	4.29	1.65	-7.1725	identical
1531677	256	256	256	zenravif-420	6	15.0	1590	120.50	1.25	-1.8251	identical
1531677	256	256	256	zenravif-444	6	15.0	1582	155.75	1.11	-2.4622	identical
1531677	256	256	256	svt-rs-420	6	15.0	1769	4.75	1.50	6.9847	identical
1531677	256	256	256	zenravif-420	6	20.0	2008	130.01	1.16	12.8154	identical
1531677	256	256	256	zenravif-444	6	20.0	1988	167.09	1.15	11.9311	identical
1531677	256	256	256	svt-rs-420	6	20.0	2383	5.68	1.04	19.5702	identical
1531677	256	256	256	zenravif-420	6	25.0	2445	129.34	1.19	21.2772	identical
1531677	256	256	256	zenravif-444	6	25.0	2446	163.07	1.15	21.0041	identical
1531677	256	256	256	svt-rs-420	6	25.0	3133	6.28	1.07	31.3387	identical
1531677	256	256	256	zenravif-420	6	30.0	3132	132.58	1.11	31.0231	identical
1531677	256	256	256	zenravif-444	6	30.0	3147	147.53	1.26	31.4769	identical
1531677	256	256	256	svt-rs-420	6	30.0	4067	6.66	1.03	40.8231	identical
1531677	256	256	256	zenravif-420	6	35.0	3805	154.01	1.23	41.4247	identical
1531677	256	256	256	zenravif-444	6	35.0	3813	179.71	1.26	40.3572	identical
1531677	256	256	256	svt-rs-420	6	35.0	5632	7.40	1.14	51.1941	identical
1531677	256	256	256	zenravif-420	6	40.0	4952	158.28	1.34	49.4731	identical
1531677	256	256	256	zenravif-444	6	40.0	4966	194.72	1.32	48.6158	identical
1531677	256	256	256	svt-rs-420	6	40.0	7150	7.88	1.15	59.2647	identical
1531677	256	256	256	zenravif-420	6	45.0	6051	163.73	1.41	56.0720	identical
1531677	256	256	256	zenravif-444	6	45.0	6084	217.59	1.51	56.4256	identical
1531677	256	256	256	svt-rs-420	6	45.0	8750	8.48	1.15	64.0699	identical
1531677	256	256	256	zenravif-420	6	50.0	7652	180.56	1.53	63.0762	identical
1531677	256	256	256	zenravif-444	6	50.0	7701	213.41	1.41	63.0668	identical
1531677	256	256	256	svt-rs-420	6	50.0	10524	9.02	1.31	69.3651	identical
1531677	256	256	256	zenravif-420	6	55.0	8964	179.17	1.43	67.5769	identical
1531677	256	256	256	zenravif-444	6	55.0	9089	223.42	1.62	67.9204	identical
1531677	256	256	256	svt-rs-420	6	55.0	12627	10.44	1.51	73.1622	identical
1531677	256	256	256	zenravif-420	6	60.0	10959	208.89	1.54	72.5876	identical
1531677	256	256	256	zenravif-444	6	60.0	11124	246.89	1.72	72.8408	identical
1531677	256	256	256	svt-rs-420	6	60.0	15473	10.45	1.60	78.0536	identical
1531677	256	256	256	zenravif-420	6	65.0	12780	208.36	1.70	75.1316	identical
1531677	256	256	256	zenravif-444	6	65.0	13085	268.89	1.66	76.4651	identical
1531677	256	256	256	svt-rs-420	6	65.0	17564	10.65	1.76	80.3114	identical
1531677	256	256	256	zenravif-420	6	70.0	15100	218.88	1.75	78.5550	identical
1531677	256	256	256	zenravif-444	6	70.0	15546	269.79	1.91	79.6116	identical
1531677	256	256	256	svt-rs-420	6	70.0	19451	9.79	1.62	82.1678	identical
1531677	256	256	256	zenravif-420	6	75.0	18795	259.05	1.82	82.5302	identical
1531677	256	256	256	zenravif-444	6	75.0	19493	336.60	2.18	83.4463	identical
1531677	256	256	256	svt-rs-420	6	75.0	21538	9.67	1.75	83.4209	identical
1531677	256	256	256	zenravif-420	6	80.0	21371	275.28	1.99	84.8052	identical
1531677	256	256	256	zenravif-444	6	80.0	22467	354.49	2.39	85.7992	identical
1531677	256	256	256	svt-rs-420	6	80.0	24439	10.78	1.85	86.0390	identical
1531677	256	256	256	zenravif-420	6	85.0	25053	314.54	2.46	87.2090	identical
1531677	256	256	256	zenravif-444	6	85.0	26814	408.64	2.75	88.3998	identical
1531677	256	256	256	svt-rs-420	6	85.0	27958	10.17	2.14	87.9875	identical
1531677	256	256	256	zenravif-420	6	90.0	30382	379.87	2.53	89.5752	identical
1531677	256	256	256	zenravif-444	6	90.0	33466	441.51	3.44	91.0296	identical
1531677	256	256	256	svt-rs-420	6	90.0	35204	7.38	2.30	90.6633	identical
1531677	256	256	256	zenravif-420	6	95.0	38998	434.14	3.10	91.5902	identical
1531677	256	256	256	zenravif-444	6	95.0	45673	542.35	3.83	93.3847	identical
1531677	256	256	256	svt-rs-420	6	95.0	44691	7.91	3.40	92.5350	identical
1531677	256	256	256	zenravif-420	6	100.0	63269	324.38	4.63	94.1781	identical
1531677	256	256	256	zenravif-444	6	100.0	94986	524.65	6.60	96.5457	identical
1531677	256	256	256	svt-rs-420	6	100.0	56216	9.59	3.63	93.4508	identical
1025469	512	512	512	zenravif-420	6	5.0	1479	318.96	8.88	-33.0728	identical
1025469	512	512	512	zenravif-444	6	5.0	1505	378.77	3.26	-33.7351	identical
1025469	512	512	512	svt-rs-420	6	5.0	802	12.84	6.83	-58.5244	identical
1025469	512	512	512	zenravif-420	6	10.0	1582	312.16	9.04	-27.6320	identical
1025469	512	512	512	zenravif-444	6	10.0	1611	365.41	3.96	-28.2740	identical
1025469	512	512	512	svt-rs-420	6	10.0	1161	13.30	5.91	-45.9481	identical
1025469	512	512	512	zenravif-420	6	15.0	1872	299.20	7.43	-15.4893	identical
1025469	512	512	512	zenravif-444	6	15.0	1878	400.34	6.40	-15.2958	identical
1025469	512	512	512	svt-rs-420	6	15.0	1592	14.75	5.41	-32.9104	identical
1025469	512	512	512	zenravif-420	6	20.0	2253	334.71	9.17	-0.4344	identical
1025469	512	512	512	zenravif-444	6	20.0	2242	462.92	6.66	-2.1559	identical
1025469	512	512	512	svt-rs-420	6	20.0	2037	15.62	9.75	-21.3502	identical
1025469	512	512	512	zenravif-420	6	25.0	2652	373.21	5.43	11.8525	identical
1025469	512	512	512	zenravif-444	6	25.0	2654	488.09	5.20	10.4359	identical
1025469	512	512	512	svt-rs-420	6	25.0	2597	16.26	9.26	-4.3402	identical
1025469	512	512	512	zenravif-420	6	30.0	3101	413.49	7.29	20.8264	identical
1025469	512	512	512	zenravif-444	6	30.0	3150	545.19	4.77	20.7367	identical
1025469	512	512	512	svt-rs-420	6	30.0	3238	16.19	8.06	7.2082	identical
1025469	512	512	512	zenravif-420	6	35.0	3871	447.00	5.31	30.8610	identical
1025469	512	512	512	zenravif-444	6	35.0	3875	602.73	7.60	30.9007	identical
1025469	512	512	512	svt-rs-420	6	35.0	4381	18.98	2.16	23.3083	identical
1025469	512	512	512	zenravif-420	6	40.0	4573	478.60	2.84	40.8656	identical
1025469	512	512	512	zenravif-444	6	40.0	4650	647.77	2.92	39.8030	identical
1025469	512	512	512	svt-rs-420	6	40.0	5337	18.61	3.43	32.0414	identical
1025469	512	512	512	zenravif-420	6	45.0	5655	538.27	2.71	49.3687	identical
1025469	512	512	512	zenravif-444	6	45.0	5735	709.80	3.00	48.8885	identical
1025469	512	512	512	svt-rs-420	6	45.0	6539	20.83	2.51	43.2606	identical
1025469	512	512	512	zenravif-420	6	50.0	6728	551.29	2.69	56.2920	identical
1025469	512	512	512	zenravif-444	6	50.0	6901	706.63	2.75	56.4418	identical
1025469	512	512	512	svt-rs-420	6	50.0	7795	22.45	2.43	50.1414	identical
1025469	512	512	512	zenravif-420	6	55.0	8040	603.17	2.81	61.2504	identical
1025469	512	512	512	zenravif-444	6	55.0	8365	785.29	3.00	62.3592	identical
1025469	512	512	512	svt-rs-420	6	55.0	9483	23.68	2.63	58.3564	identical
1025469	512	512	512	zenravif-420	6	60.0	9505	657.18	2.84	66.7236	identical
1025469	512	512	512	zenravif-444	6	60.0	9858	777.50	3.06	67.6129	identical
1025469	512	512	512	svt-rs-420	6	60.0	11969	24.40	2.65	66.4445	identical
1025469	512	512	512	zenravif-420	6	65.0	11412	689.36	3.05	71.4790	identical
1025469	512	512	512	zenravif-444	6	65.0	11992	870.09	3.67	72.1601	identical
1025469	512	512	512	svt-rs-420	6	65.0	13835	25.72	2.81	70.9483	identical
1025469	512	512	512	zenravif-420	6	70.0	13177	765.44	3.36	74.0664	identical
1025469	512	512	512	zenravif-444	6	70.0	14100	942.36	3.61	74.9041	identical
1025469	512	512	512	svt-rs-420	6	70.0	15500	26.12	4.21	74.0073	identical
1025469	512	512	512	zenravif-420	6	75.0	16785	875.38	3.73	78.5347	identical
1025469	512	512	512	zenravif-444	6	75.0	18136	1117.68	4.21	79.8782	identical
1025469	512	512	512	svt-rs-420	6	75.0	17838	28.91	3.23	76.4496	identical
1025469	512	512	512	zenravif-420	6	80.0	20451	990.87	4.04	81.3373	identical
1025469	512	512	512	zenravif-444	6	80.0	22356	1190.49	4.40	82.9970	identical
1025469	512	512	512	svt-rs-420	6	80.0	21319	29.98	3.59	79.3556	identical
1025469	512	512	512	zenravif-420	6	85.0	25037	1080.70	5.03	83.7368	identical
1025469	512	512	512	zenravif-444	6	85.0	27794	1317.71	5.04	85.3290	identical
1025469	512	512	512	svt-rs-420	6	85.0	25812	28.45	3.71	82.0690	identical
1025469	512	512	512	zenravif-420	6	90.0	33067	1300.99	152.74	86.1389	identical
1025469	512	512	512	zenravif-444	6	90.0	38534	3215.11	5.49	88.1525	identical
1025469	512	512	512	svt-rs-420	6	90.0	36805	36.65	3.99	85.2436	identical
1025469	512	512	512	zenravif-420	6	95.0	54004	1377.80	5.87	88.3074	identical
1025469	512	512	512	zenravif-444	6	95.0	69209	1691.66	7.90	91.5170	identical
1025469	512	512	512	svt-rs-420	6	95.0	53626	40.79	5.06	87.8466	identical
1025469	512	512	512	zenravif-420	6	100.0	121251	975.92	9.57	90.7984	identical
1025469	512	512	512	zenravif-444	6	100.0	215825	1764.95	15.69	95.3914	identical
1025469	512	512	512	svt-rs-420	6	100.0	92270	40.26	7.10	90.0385	identical
1044329	512	512	512	zenravif-420	6	5.0	5265	591.04	2.73	-17.4866	identical
1044329	512	512	512	zenravif-444	6	5.0	5255	737.97	3.01	-17.7510	identical
1044329	512	512	512	svt-rs-420	6	5.0	4677	16.51	2.87	-40.1791	identical
1044329	512	512	512	zenravif-420	6	10.0	5911	624.46	2.88	-11.7057	identical
1044329	512	512	512	zenravif-444	6	10.0	5921	785.28	3.13	-11.9305	identical
1044329	512	512	512	svt-rs-420	6	10.0	6778	18.18	2.48	-21.6618	identical
1044329	512	512	512	zenravif-420	6	15.0	7281	697.72	3.16	1.5126	identical
1044329	512	512	512	zenravif-444	6	15.0	7292	946.32	3.58	-0.1610	identical
1044329	512	512	512	svt-rs-420	6	15.0	9604	22.56	2.74	-2.1913	identical
1044329	512	512	512	zenravif-420	6	20.0	8960	764.44	3.40	14.7206	identical
1044329	512	512	512	zenravif-444	6	20.0	9152	1017.97	3.68	13.7729	identical
1044329	512	512	512	svt-rs-420	6	20.0	12479	23.79	2.89	9.2539	identical
1044329	512	512	512	zenravif-420	6	25.0	10869	864.44	3.61	23.6160	identical
1044329	512	512	512	zenravif-444	6	25.0	11196	1153.67	4.04	23.0903	identical
1044329	512	512	512	svt-rs-420	6	25.0	16188	27.25	3.18	20.5522	identical
1044329	512	512	512	zenravif-420	6	30.0	13131	931.91	3.91	31.8500	identical
1044329	512	512	512	zenravif-444	6	30.0	13767	1222.14	4.31	34.1527	identical
1044329	512	512	512	svt-rs-420	6	30.0	20335	29.34	3.52	30.6328	identical
1044329	512	512	512	zenravif-420	6	35.0	15849	1033.05	4.15	41.5030	identical
1044329	512	512	512	zenravif-444	6	35.0	16590	1345.45	4.61	42.9128	identical
1044329	512	512	512	svt-rs-420	6	35.0	27292	31.34	3.92	43.0401	identical
1044329	512	512	512	zenravif-420	6	40.0	19651	1128.10	4.45	48.2604	identical
1044329	512	512	512	zenravif-444	6	40.0	20808	1480.26	4.88	50.6989	identical
1044329	512	512	512	svt-rs-420	6	40.0	32974	33.00	4.18	50.7787	identical
1044329	512	512	512	zenravif-420	6	45.0	23261	1184.65	4.63	54.1080	identical
1044329	512	512	512	zenravif-444	6	45.0	25021	1590.09	5.47	56.2970	identical
1044329	512	512	512	svt-rs-420	6	45.0	39207	35.75	4.71	58.4209	identical
1044329	512	512	512	zenravif-420	6	50.0	28259	1218.73	4.72	58.9221	identical
1044329	512	512	512	zenravif-444	6	50.0	30762	1633.65	5.36	62.4645	identical
1044329	512	512	512	svt-rs-420	6	50.0	46050	35.49	4.84	63.0099	identical
1044329	512	512	512	zenravif-420	6	55.0	32809	1354.00	4.84	63.6154	identical
1044329	512	512	512	zenravif-444	6	55.0	36124	1748.07	5.47	67.3147	identical
1044329	512	512	512	svt-rs-420	6	55.0	53760	39.62	5.18	67.4667	identical
1044329	512	512	512	zenravif-420	6	60.0	39461	1428.01	5.40	68.1366	identical
1044329	512	512	512	zenravif-444	6	60.0	43774	1885.79	5.88	72.1387	identical
1044329	512	512	512	svt-rs-420	6	60.0	64581	40.07	5.53	71.4285	identical
1044329	512	512	512	zenravif-420	6	65.0	45087	1475.08	5.73	70.7825	identical
1044329	512	512	512	zenravif-444	6	65.0	50662	1999.47	6.55	75.2466	identical
1044329	512	512	512	svt-rs-420	6	65.0	72368	41.56	5.96	73.8259	identical
1044329	512	512	512	zenravif-420	6	70.0	52735	1588.87	6.03	73.6760	identical
1044329	512	512	512	zenravif-444	6	70.0	60357	2100.79	7.10	78.6536	identical
1044329	512	512	512	svt-rs-420	6	70.0	78941	41.50	6.06	75.2790	identical
1044329	512	512	512	zenravif-420	6	75.0	64865	1715.19	6.87	76.6942	identical
1044329	512	512	512	zenravif-444	6	75.0	76630	2305.56	8.02	82.6925	identical
1044329	512	512	512	svt-rs-420	6	75.0	87107	42.88	6.74	76.3925	identical
1044329	512	512	512	zenravif-420	6	80.0	73306	1827.48	7.27	78.4535	identical
1044329	512	512	512	zenravif-444	6	80.0	89361	2413.58	8.51	84.9778	identical
1044329	512	512	512	svt-rs-420	6	80.0	97004	38.79	7.21	78.2974	identical
1044329	512	512	512	zenravif-420	6	85.0	86198	1946.99	7.87	79.6170	identical
1044329	512	512	512	zenravif-444	6	85.0	109215	2671.41	10.03	87.3579	identical
1044329	512	512	512	svt-rs-420	6	85.0	110817	39.52	8.09	79.6048	identical
1044329	512	512	512	zenravif-420	6	90.0	102717	2086.57	8.73	81.0536	identical
1044329	512	512	512	zenravif-444	6	90.0	135134	2837.31	11.46	89.7062	identical
1044329	512	512	512	svt-rs-420	6	90.0	138274	36.77	8.96	81.5162	identical
1044329	512	512	512	zenravif-420	6	95.0	135556	2402.32	10.05	82.3105	identical
1044329	512	512	512	zenravif-444	6	95.0	189643	3231.09	13.23	92.2324	identical
1044329	512	512	512	svt-rs-420	6	95.0	173732	40.51	10.91	82.4257	identical
1044329	512	512	512	zenravif-420	6	100.0	224981	1420.95	16.20	83.1611	identical
1044329	512	512	512	zenravif-444	6	100.0	378077	2360.09	25.26	96.0157	identical
1044329	512	512	512	svt-rs-420	6	100.0	217362	44.62	13.98	82.9340	identical
1189261	512	512	512	zenravif-420	6	5.0	4118	449.18	2.83	-10.7351	identical
1189261	512	512	512	zenravif-444	6	5.0	4031	546.85	2.71	-12.2397	identical
1189261	512	512	512	svt-rs-420	6	5.0	2667	15.38	5.14	-28.1264	identical
1189261	512	512	512	zenravif-420	6	10.0	4508	443.65	3.53	-5.9066	identical
1189261	512	512	512	zenravif-444	6	10.0	4446	578.89	2.95	-6.2754	identical
1189261	512	512	512	svt-rs-420	6	10.0	3807	16.47	6.12	-11.7265	identical
1189261	512	512	512	zenravif-420	6	15.0	5443	505.50	3.04	4.8794	identical
1189261	512	512	512	zenravif-444	6	15.0	5421	658.88	3.09	3.2723	identical
1189261	512	512	512	svt-rs-420	6	15.0	5167	18.50	7.12	0.8011	identical
1189261	512	512	512	zenravif-420	6	20.0	6558	506.97	3.24	14.7051	identical
1189261	512	512	512	zenravif-444	6	20.0	6582	753.55	3.33	14.4596	identical
1189261	512	512	512	svt-rs-420	6	20.0	6667	21.34	6.99	12.0377	identical
1189261	512	512	512	zenravif-420	6	25.0	7794	546.47	3.24	24.2294	identical
1189261	512	512	512	zenravif-444	6	25.0	7996	766.06	3.71	23.4025	identical
1189261	512	512	512	svt-rs-420	6	25.0	8313	23.89	7.11	22.9024	identical
1189261	512	512	512	zenravif-420	6	30.0	9310	641.09	3.35	34.2445	identical
1189261	512	512	512	zenravif-444	6	30.0	9654	843.47	3.81	33.4721	identical
1189261	512	512	512	svt-rs-420	6	30.0	10232	23.19	4.05	31.0773	identical
1189261	512	512	512	zenravif-420	6	35.0	11338	690.00	3.65	40.3448	identical
1189261	512	512	512	zenravif-444	6	35.0	11987	914.71	4.23	42.9842	identical
1189261	512	512	512	svt-rs-420	6	35.0	13550	27.45	2.87	41.6691	identical
1189261	512	512	512	zenravif-420	6	40.0	13581	729.75	3.72	47.3333	identical
1189261	512	512	512	zenravif-444	6	40.0	14637	958.05	4.32	49.9358	identical
1189261	512	512	512	svt-rs-420	6	40.0	16502	26.52	3.04	48.1569	identical
1189261	512	512	512	zenravif-420	6	45.0	16381	834.54	3.83	54.6395	identical
1189261	512	512	512	zenravif-444	6	45.0	17848	1066.50	4.79	57.6713	identical
1189261	512	512	512	svt-rs-420	6	45.0	19874	28.66	3.30	54.9377	identical
1189261	512	512	512	zenravif-420	6	50.0	19201	775.53	3.96	60.2474	identical
1189261	512	512	512	zenravif-444	6	50.0	21164	1036.88	4.79	63.4231	identical
1189261	512	512	512	svt-rs-420	6	50.0	23551	30.22	3.53	59.2891	identical
1189261	512	512	512	zenravif-420	6	55.0	22771	830.81	3.98	64.4642	identical
1189261	512	512	512	zenravif-444	6	55.0	25271	1123.15	4.94	68.5780	identical
1189261	512	512	512	svt-rs-420	6	55.0	27850	30.83	3.70	64.2393	identical
1189261	512	512	512	zenravif-420	6	60.0	26062	878.95	4.42	67.9624	identical
1189261	512	512	512	zenravif-444	6	60.0	29517	1163.17	5.46	72.8556	identical
1189261	512	512	512	svt-rs-420	6	60.0	34194	34.09	4.04	68.5105	identical
1189261	512	512	512	zenravif-420	6	65.0	30905	932.38	4.65	70.6988	identical
1189261	512	512	512	zenravif-444	6	65.0	35180	1276.93	5.84	76.3577	identical
1189261	512	512	512	svt-rs-420	6	65.0	38831	34.75	3.96	70.8146	identical
1189261	512	512	512	zenravif-420	6	70.0	34868	1033.81	4.90	72.2385	identical
1189261	512	512	512	zenravif-444	6	70.0	40277	1340.19	6.16	79.1333	identical
1189261	512	512	512	svt-rs-420	6	70.0	42954	35.91	4.42	72.7240	identical
1189261	512	512	512	zenravif-420	6	75.0	42926	1087.97	5.40	74.7028	identical
1189261	512	512	512	zenravif-444	6	75.0	50839	1452.89	6.42	83.2700	identical
1189261	512	512	512	svt-rs-420	6	75.0	47895	35.53	4.69	74.3248	identical
1189261	512	512	512	zenravif-420	6	80.0	50119	1181.65	5.37	76.3833	identical
1189261	512	512	512	zenravif-444	6	80.0	61261	1546.45	7.18	85.7372	identical
1189261	512	512	512	svt-rs-420	6	80.0	55800	39.99	5.15	75.7390	identical
1189261	512	512	512	zenravif-420	6	85.0	58968	1292.32	6.22	77.3045	identical
1189261	512	512	512	zenravif-444	6	85.0	73307	1704.62	7.98	88.0078	identical
1189261	512	512	512	svt-rs-420	6	85.0	65068	38.63	5.67	76.9209	identical
1189261	512	512	512	zenravif-420	6	90.0	73914	1414.54	7.01	78.3703	identical
1189261	512	512	512	zenravif-444	6	90.0	94988	1848.25	9.06	90.8506	identical
1189261	512	512	512	svt-rs-420	6	90.0	86895	36.16	6.59	78.0596	identical
1189261	512	512	512	zenravif-420	6	95.0	105151	1657.51	8.85	78.8396	identical
1189261	512	512	512	zenravif-444	6	95.0	141091	2197.13	11.66	93.2324	identical
1189261	512	512	512	svt-rs-420	6	95.0	120200	38.68	8.35	78.8757	identical
1189261	512	512	512	zenravif-420	6	100.0	194499	1083.57	14.05	79.3793	identical
1189261	512	512	512	zenravif-444	6	100.0	329312	1976.31	21.67	95.9327	identical
1189261	512	512	512	svt-rs-420	6	100.0	163460	42.65	10.69	79.2308	identical
1279330	512	512	512	zenravif-420	6	5.0	3418	377.71	5.64	0.5074	identical
1279330	512	512	512	zenravif-444	6	5.0	3304	479.43	3.49	-1.2027	identical
1279330	512	512	512	svt-rs-420	6	5.0	2115	13.84	7.12	-21.3574	identical
1279330	512	512	512	zenravif-420	6	10.0	3726	377.93	5.81	7.6609	identical
1279330	512	512	512	zenravif-444	6	10.0	3629	489.70	3.38	5.8630	identical
1279330	512	512	512	svt-rs-420	6	10.0	2737	14.12	8.79	-7.4660	identical
1279330	512	512	512	zenravif-420	6	15.0	4344	408.70	6.74	20.0578	identical
1279330	512	512	512	zenravif-444	6	15.0	4283	535.96	3.67	18.8530	identical
1279330	512	512	512	svt-rs-420	6	15.0	3431	15.58	5.82	9.5818	identical
1279330	512	512	512	zenravif-420	6	20.0	5093	450.12	2.87	31.6582	identical
1279330	512	512	512	zenravif-444	6	20.0	5073	593.44	2.73	30.4111	identical
1279330	512	512	512	svt-rs-420	6	20.0	4208	15.33	8.10	20.4217	identical
1279330	512	512	512	zenravif-420	6	25.0	5814	487.53	2.71	40.6776	identical
1279330	512	512	512	zenravif-444	6	25.0	5834	643.03	2.93	39.6170	identical
1279330	512	512	512	svt-rs-420	6	25.0	5043	16.46	7.50	32.4679	identical
1279330	512	512	512	zenravif-420	6	30.0	6812	529.81	2.95	49.2109	identical
1279330	512	512	512	zenravif-444	6	30.0	6881	714.74	3.19	49.2243	identical
1279330	512	512	512	svt-rs-420	6	30.0	6077	17.03	7.34	41.5045	identical
1279330	512	512	512	zenravif-420	6	35.0	7964	596.73	3.03	56.3258	identical
1279330	512	512	512	zenravif-444	6	35.0	8087	767.85	3.24	56.8694	identical
1279330	512	512	512	svt-rs-420	6	35.0	7754	18.42	3.88	52.1171	identical
1279330	512	512	512	zenravif-420	6	40.0	9092	616.41	3.10	61.6764	identical
1279330	512	512	512	zenravif-444	6	40.0	9416	831.97	3.33	62.9636	identical
1279330	512	512	512	svt-rs-420	6	40.0	9141	18.04	2.59	58.7917	identical
1279330	512	512	512	zenravif-420	6	45.0	10552	666.14	3.44	67.1702	identical
1279330	512	512	512	zenravif-444	6	45.0	10982	882.50	3.59	68.2384	identical
1279330	512	512	512	svt-rs-420	6	45.0	10792	18.44	2.46	64.6777	identical
1279330	512	512	512	zenravif-420	6	50.0	12046	655.97	3.05	71.7924	identical
1279330	512	512	512	zenravif-444	6	50.0	12707	853.84	3.56	72.3842	identical
1279330	512	512	512	svt-rs-420	6	50.0	12577	18.14	2.58	70.0025	identical
1279330	512	512	512	zenravif-420	6	55.0	13729	691.18	3.35	74.6594	identical
1279330	512	512	512	zenravif-444	6	55.0	14491	901.63	3.86	75.8028	identical
1279330	512	512	512	svt-rs-420	6	55.0	14623	19.57	2.67	73.9541	identical
1279330	512	512	512	zenravif-420	6	60.0	15478	713.53	3.38	77.4430	identical
1279330	512	512	512	zenravif-444	6	60.0	16580	959.60	4.09	78.6839	identical
1279330	512	512	512	svt-rs-420	6	60.0	17834	21.24	2.93	78.0229	identical
1279330	512	512	512	zenravif-420	6	65.0	17734	778.31	3.56	80.5113	identical
1279330	512	512	512	zenravif-444	6	65.0	19088	1040.15	4.37	81.7271	identical
1279330	512	512	512	svt-rs-420	6	65.0	20210	21.46	3.02	80.7968	identical
1279330	512	512	512	zenravif-420	6	70.0	19951	796.41	3.64	82.4034	identical
1279330	512	512	512	zenravif-444	6	70.0	21585	1071.38	4.33	83.8451	identical
1279330	512	512	512	svt-rs-420	6	70.0	22338	22.38	3.15	82.7186	identical
1279330	512	512	512	zenravif-420	6	75.0	24178	876.59	4.01	85.0180	identical
1279330	512	512	512	zenravif-444	6	75.0	26462	1134.18	4.63	86.7327	identical
1279330	512	512	512	svt-rs-420	6	75.0	24947	22.50	3.39	84.4515	identical
1279330	512	512	512	zenravif-420	6	80.0	27533	929.39	4.25	86.3095	identical
1279330	512	512	512	zenravif-444	6	80.0	30790	1201.86	5.14	88.3697	identical
1279330	512	512	512	svt-rs-420	6	80.0	29093	22.81	3.50	86.4720	identical
1279330	512	512	512	zenravif-420	6	85.0	32538	1002.76	4.46	88.2606	identical
1279330	512	512	512	zenravif-444	6	85.0	36707	1314.61	5.49	89.7345	identical
1279330	512	512	512	svt-rs-420	6	85.0	34117	23.83	3.82	87.9146	identical
1279330	512	512	512	zenravif-420	6	90.0	41196	1072.89	5.16	89.5768	identical
1279330	512	512	512	zenravif-444	6	90.0	47437	1348.26	6.43	91.7149	identical
1279330	512	512	512	svt-rs-420	6	90.0	47243	24.04	4.47	89.7956	identical
1279330	512	512	512	zenravif-420	6	95.0	61664	1311.33	6.42	91.1202	identical
1279330	512	512	512	zenravif-444	6	95.0	73491	1589.21	7.64	93.5342	identical
1279330	512	512	512	svt-rs-420	6	95.0	68296	27.94	5.69	90.9730	identical
1279330	512	512	512	zenravif-420	6	100.0	149585	1186.37	11.16	92.4085	identical
1279330	512	512	512	zenravif-444	6	100.0	234279	2095.04	17.41	95.6645	identical
1279330	512	512	512	svt-rs-420	6	100.0	104565	31.80	7.50	91.8881	identical
1418519	512	512	512	zenravif-420	6	5.0	1777	291.00	10.75	0.6252	identical
1418519	512	512	512	zenravif-444	6	5.0	1760	404.97	8.68	-1.3093	identical
1418519	512	512	512	svt-rs-420	6	5.0	1090	11.21	8.94	-16.3091	identical
1418519	512	512	512	zenravif-420	6	10.0	1954	298.77	10.03	6.8247	identical
1418519	512	512	512	zenravif-444	6	10.0	1950	342.01	10.19	3.6571	identical
1418519	512	512	512	svt-rs-420	6	10.0	1440	13.10	7.68	0.6874	identical
1418519	512	512	512	zenravif-420	6	15.0	2269	302.34	11.16	19.1381	identical
1418519	512	512	512	zenravif-444	6	15.0	2231	435.12	2.97	16.2519	identical
1418519	512	512	512	svt-rs-420	6	15.0	1859	13.29	6.79	14.2591	identical
1418519	512	512	512	zenravif-420	6	20.0	2706	326.82	8.43	28.8806	identical
1418519	512	512	512	zenravif-444	6	20.0	2648	406.03	4.84	25.9180	identical
1418519	512	512	512	svt-rs-420	6	20.0	2255	13.32	2.66	25.4408	identical
1418519	512	512	512	zenravif-420	6	25.0	3095	344.16	8.23	37.1730	identical
1418519	512	512	512	zenravif-444	6	25.0	3109	464.57	3.08	37.2806	identical
1418519	512	512	512	svt-rs-420	6	25.0	2713	14.13	5.39	33.9290	identical
1418519	512	512	512	zenravif-420	6	30.0	3605	338.64	9.97	45.2469	identical
1418519	512	512	512	zenravif-444	6	30.0	3644	530.18	5.75	45.3265	identical
1418519	512	512	512	svt-rs-420	6	30.0	3255	16.65	10.46	42.1352	identical
1418519	512	512	512	zenravif-420	6	35.0	4259	607.84	29.38	53.2589	identical
1418519	512	512	512	zenravif-444	6	35.0	4345	1102.06	126.39	53.1438	identical
1418519	512	512	512	svt-rs-420	6	35.0	4168	32.97	10.65	51.8199	identical
1418519	512	512	512	zenravif-420	6	40.0	4972	1228.71	5.26	59.0807	identical
1418519	512	512	512	zenravif-444	6	40.0	5123	516.67	2.46	59.5068	identical
1418519	512	512	512	svt-rs-420	6	40.0	4971	15.24	2.29	57.4719	identical
1418519	512	512	512	zenravif-420	6	45.0	5889	405.35	2.48	64.1954	identical
1418519	512	512	512	zenravif-444	6	45.0	6081	570.66	2.99	64.6164	identical
1418519	512	512	512	svt-rs-420	6	45.0	5967	17.00	2.37	63.3393	identical
1418519	512	512	512	zenravif-420	6	50.0	6783	439.25	2.73	68.9708	identical
1418519	512	512	512	zenravif-444	6	50.0	7022	577.61	2.78	69.8144	identical
1418519	512	512	512	svt-rs-420	6	50.0	7001	17.54	3.98	67.7574	identical
1418519	512	512	512	zenravif-420	6	55.0	7878	414.09	2.55	72.8065	identical
1418519	512	512	512	zenravif-444	6	55.0	8155	580.38	2.88	73.3165	identical
1418519	512	512	512	svt-rs-420	6	55.0	8278	19.08	3.76	72.3015	identical
1418519	512	512	512	zenravif-420	6	60.0	8942	448.77	2.67	75.9433	identical
1418519	512	512	512	zenravif-444	6	60.0	9370	573.24	2.95	76.1102	identical
1418519	512	512	512	svt-rs-420	6	60.0	9975	19.76	4.43	76.3953	identical
1418519	512	512	512	zenravif-420	6	65.0	10609	473.60	2.77	79.1185	identical
1418519	512	512	512	zenravif-444	6	65.0	11149	668.09	3.19	79.4316	identical
1418519	512	512	512	svt-rs-420	6	65.0	11299	19.55	3.58	78.7862	identical
1418519	512	512	512	zenravif-420	6	70.0	11917	512.94	2.84	81.1732	identical
1418519	512	512	512	zenravif-444	6	70.0	12782	689.15	3.12	81.7526	identical
1418519	512	512	512	svt-rs-420	6	70.0	12536	20.26	2.93	81.2096	identical
1418519	512	512	512	zenravif-420	6	75.0	14399	539.27	3.03	84.2484	identical
1418519	512	512	512	zenravif-444	6	75.0	15799	707.72	3.57	84.7674	identical
1418519	512	512	512	svt-rs-420	6	75.0	13944	22.97	2.66	82.8170	identical
1418519	512	512	512	zenravif-420	6	80.0	16709	556.03	3.26	85.7095	identical
1418519	512	512	512	zenravif-444	6	80.0	18493	760.31	3.68	86.5250	identical
1418519	512	512	512	svt-rs-420	6	80.0	16412	20.84	2.68	85.0626	identical
1418519	512	512	512	zenravif-420	6	85.0	19972	621.27	3.46	87.3751	identical
1418519	512	512	512	zenravif-444	6	85.0	22418	788.56	3.98	88.1811	identical
1418519	512	512	512	svt-rs-420	6	85.0	19310	20.95	2.61	86.9589	identical
1418519	512	512	512	zenravif-420	6	90.0	25195	641.88	3.68	88.4995	identical
1418519	512	512	512	zenravif-444	6	90.0	29098	808.08	4.17	90.0505	identical
1418519	512	512	512	svt-rs-420	6	90.0	26040	21.97	2.86	89.3147	identical
1418519	512	512	512	zenravif-420	6	95.0	38333	732.75	4.36	90.6618	identical
1418519	512	512	512	zenravif-444	6	95.0	46908	936.08	5.44	91.8946	identical
1418519	512	512	512	svt-rs-420	6	95.0	40129	27.19	4.17	90.7163	identical
1418519	512	512	512	zenravif-420	6	100.0	106654	752.90	9.33	92.4208	identical
1418519	512	512	512	zenravif-444	6	100.0	180032	1315.89	14.75	93.6104	identical
1418519	512	512	512	svt-rs-420	6	100.0	65468	30.70	5.90	91.6792	identical
1420710	512	512	512	zenravif-420	6	5.0	4758	395.32	6.08	-16.5172	identical
1420710	512	512	512	zenravif-444	6	5.0	4728	502.61	4.73	-17.2081	identical
1420710	512	512	512	svt-rs-420	6	5.0	3944	16.46	6.88	-15.1581	identical
1420710	512	512	512	zenravif-420	6	10.0	5439	419.71	4.42	-8.4121	identical
1420710	512	512	512	zenravif-444	6	10.0	5423	519.26	3.69	-9.5055	identical
1420710	512	512	512	svt-rs-420	6	10.0	5663	17.19	4.87	3.2990	identical
1420710	512	512	512	zenravif-420	6	15.0	6729	460.84	5.03	6.2211	identical
1420710	512	512	512	zenravif-444	6	15.0	6663	559.86	4.73	5.4810	identical
1420710	512	512	512	svt-rs-420	6	15.0	7725	18.32	3.05	18.5596	identical
1420710	512	512	512	zenravif-420	6	20.0	8615	518.81	2.92	20.0165	identical
1420710	512	512	512	zenravif-444	6	20.0	8568	619.39	2.98	18.7203	identical
1420710	512	512	512	svt-rs-420	6	20.0	10016	19.23	2.69	30.0489	identical
1420710	512	512	512	zenravif-420	6	25.0	10586	547.69	3.29	30.7075	identical
1420710	512	512	512	zenravif-444	6	25.0	10511	701.76	3.22	29.8275	identical
1420710	512	512	512	svt-rs-420	6	25.0	12690	18.86	5.54	38.8268	identical
1420710	512	512	512	zenravif-420	6	30.0	13504	624.50	3.44	40.8873	identical
1420710	512	512	512	zenravif-444	6	30.0	13419	796.81	3.49	40.1426	identical
1420710	512	512	512	svt-rs-420	6	30.0	16238	19.48	2.63	46.6614	identical
1420710	512	512	512	zenravif-420	6	35.0	16257	703.35	3.70	48.0067	identical
1420710	512	512	512	zenravif-444	6	35.0	16290	878.14	4.07	47.5000	identical
1420710	512	512	512	svt-rs-420	6	35.0	22943	24.60	3.03	56.1309	identical
1420710	512	512	512	zenravif-420	6	40.0	20824	780.67	4.26	55.7780	identical
1420710	512	512	512	zenravif-444	6	40.0	20956	943.78	4.48	55.4502	identical
1420710	512	512	512	svt-rs-420	6	40.0	29013	27.93	3.46	62.7662	identical
1420710	512	512	512	zenravif-420	6	45.0	25212	828.90	4.52	61.4813	identical
1420710	512	512	512	zenravif-444	6	45.0	25484	1095.68	4.94	61.5947	identical
1420710	512	512	512	svt-rs-420	6	45.0	36067	31.00	3.87	67.5837	identical
1420710	512	512	512	zenravif-420	6	50.0	31540	905.14	4.76	66.9263	identical
1420710	512	512	512	zenravif-444	6	50.0	32149	1171.39	5.32	67.5222	identical
1420710	512	512	512	svt-rs-420	6	50.0	43775	31.83	4.28	71.8772	identical
1420710	512	512	512	zenravif-420	6	55.0	37084	1025.43	4.98	70.6668	identical
1420710	512	512	512	zenravif-444	6	55.0	38137	1333.33	5.88	71.5114	identical
1420710	512	512	512	svt-rs-420	6	55.0	54020	34.08	4.81	75.9436	identical
1420710	512	512	512	zenravif-420	6	60.0	45387	1124.51	5.46	74.5038	identical
1420710	512	512	512	zenravif-444	6	60.0	46873	1421.68	6.65	75.4398	identical
1420710	512	512	512	svt-rs-420	6	60.0	67166	35.29	5.30	80.0138	identical
1420710	512	512	512	zenravif-420	6	65.0	52877	1187.31	6.23	77.6767	identical
1420710	512	512	512	zenravif-444	6	65.0	55155	1572.02	7.43	78.7527	identical
1420710	512	512	512	svt-rs-420	6	65.0	76459	33.68	5.45	82.2445	identical
1420710	512	512	512	zenravif-420	6	70.0	59770	1311.90	6.52	80.0565	identical
1420710	512	512	512	zenravif-444	6	70.0	63063	1723.18	7.99	81.2151	identical
1420710	512	512	512	svt-rs-420	6	70.0	84936	33.25	5.55	84.1319	identical
1420710	512	512	512	zenravif-420	6	75.0	76856	1537.02	7.15	83.9043	identical
1420710	512	512	512	zenravif-444	6	75.0	82155	1958.24	8.87	85.3316	identical
1420710	512	512	512	svt-rs-420	6	75.0	94972	37.22	6.40	85.9390	identical
1420710	512	512	512	zenravif-420	6	80.0	91086	1691.41	8.13	86.3114	identical
1420710	512	512	512	zenravif-444	6	80.0	97897	2130.42	9.53	87.7205	identical
1420710	512	512	512	svt-rs-420	6	80.0	108574	38.80	6.97	87.8673	identical
1420710	512	512	512	zenravif-420	6	85.0	107039	1881.56	8.97	88.4622	identical
1420710	512	512	512	zenravif-444	6	85.0	117614	2329.84	10.43	89.9104	identical
1420710	512	512	512	svt-rs-420	6	85.0	124127	27.91	7.33	89.0798	identical
1420710	512	512	512	zenravif-420	6	90.0	130118	2054.07	9.58	90.5683	identical
1420710	512	512	512	zenravif-444	6	90.0	148160	3145.83	31.58	92.0021	identical
1420710	512	512	512	svt-rs-420	6	90.0	156805	30.24	24.35	91.4658	identical
1420710	512	512	512	zenravif-420	6	95.0	167558	2645.75	12.31	92.4823	identical
1420710	512	512	512	zenravif-444	6	95.0	205589	2984.00	15.78	94.1502	identical
1420710	512	512	512	svt-rs-420	6	95.0	197205	31.04	10.52	93.0238	identical
1420710	512	512	512	zenravif-420	6	100.0	271611	1618.07	20.07	94.5181	identical
1420710	512	512	512	zenravif-444	6	100.0	428799	2614.59	27.84	96.8956	identical
1420710	512	512	512	svt-rs-420	6	100.0	245322	31.90	13.89	93.8194	identical
1475938	512	512	512	zenravif-420	6	5.0	1975	254.46	9.41	-5.5455	identical
1475938	512	512	512	zenravif-444	6	5.0	1951	319.16	3.56	-6.9240	identical
1475938	512	512	512	svt-rs-420	6	5.0	1281	11.54	7.63	-18.6524	identical
1475938	512	512	512	zenravif-420	6	10.0	2159	239.57	5.97	-0.7061	identical
1475938	512	512	512	zenravif-444	6	10.0	2104	385.98	8.73	-1.6185	identical
1475938	512	512	512	svt-rs-420	6	10.0	1776	12.11	5.67	-2.1386	identical
1475938	512	512	512	zenravif-420	6	15.0	2494	316.53	8.81	10.0067	identical
1475938	512	512	512	zenravif-444	6	15.0	2513	377.97	3.65	7.9466	identical
1475938	512	512	512	svt-rs-420	6	15.0	2367	13.78	3.83	8.5929	identical
1475938	512	512	512	zenravif-420	6	20.0	3050	349.99	3.37	21.3145	identical
1475938	512	512	512	zenravif-444	6	20.0	3029	452.86	8.16	18.5406	identical
1475938	512	512	512	svt-rs-420	6	20.0	2976	15.20	2.77	18.6404	identical
1475938	512	512	512	zenravif-420	6	25.0	3508	363.19	8.91	28.2695	identical
1475938	512	512	512	zenravif-444	6	25.0	3567	476.24	3.99	28.9832	identical
1475938	512	512	512	svt-rs-420	6	25.0	3776	16.21	2.50	26.9292	identical
1475938	512	512	512	zenravif-420	6	30.0	4227	380.66	2.58	38.6466	identical
1475938	512	512	512	zenravif-444	6	30.0	4311	485.99	2.59	38.0052	identical
1475938	512	512	512	svt-rs-420	6	30.0	4668	16.39	4.86	36.3747	identical
1475938	512	512	512	zenravif-420	6	35.0	5139	409.22	8.45	45.5140	identical
1475938	512	512	512	zenravif-444	6	35.0	5162	534.56	2.60	44.5794	identical
1475938	512	512	512	svt-rs-420	6	35.0	6028	17.10	3.28	44.8099	identical
1475938	512	512	512	zenravif-420	6	40.0	6073	417.89	3.35	52.5315	identical
1475938	512	512	512	zenravif-444	6	40.0	6259	530.64	3.46	51.9071	identical
1475938	512	512	512	svt-rs-420	6	40.0	7276	17.17	2.48	51.5295	identical
1475938	512	512	512	zenravif-420	6	45.0	7356	512.99	3.06	58.5909	identical
1475938	512	512	512	zenravif-444	6	45.0	7605	603.06	2.80	58.5439	identical
1475938	512	512	512	svt-rs-420	6	45.0	8807	19.04	2.51	57.8972	identical
1475938	512	512	512	zenravif-420	6	50.0	8730	457.00	2.77	63.7331	identical
1475938	512	512	512	zenravif-444	6	50.0	8974	608.05	2.80	64.1592	identical
1475938	512	512	512	svt-rs-420	6	50.0	10408	19.19	2.67	64.4037	identical
1475938	512	512	512	zenravif-420	6	55.0	10309	484.66	2.80	68.8213	identical
1475938	512	512	512	zenravif-444	6	55.0	10645	594.26	2.92	69.5106	identical
1475938	512	512	512	svt-rs-420	6	55.0	12290	21.89	2.90	68.9784	identical
1475938	512	512	512	zenravif-420	6	60.0	11982	518.42	2.97	72.2379	identical
1475938	512	512	512	zenravif-444	6	60.0	12357	648.21	3.11	73.2638	identical
1475938	512	512	512	svt-rs-420	6	60.0	14945	21.73	3.99	74.2314	identical
1475938	512	512	512	zenravif-420	6	65.0	14277	549.17	2.81	75.7970	identical
1475938	512	512	512	zenravif-444	6	65.0	14914	683.85	3.39	77.2624	identical
1475938	512	512	512	svt-rs-420	6	65.0	16800	25.05	3.40	76.5767	identical
1475938	512	512	512	zenravif-420	6	70.0	15961	570.98	3.09	78.4598	identical
1475938	512	512	512	zenravif-444	6	70.0	16838	930.86	13.41	79.4817	identical
1475938	512	512	512	svt-rs-420	6	70.0	18711	37.89	6.22	78.8788	identical
1475938	512	512	512	zenravif-420	6	75.0	19763	936.49	18.05	81.7987	identical
1475938	512	512	512	zenravif-444	6	75.0	21167	1054.63	3.60	83.0830	identical
1475938	512	512	512	svt-rs-420	6	75.0	20901	25.72	3.38	80.9966	identical
1475938	512	512	512	zenravif-420	6	80.0	23023	860.42	11.48	84.0240	identical
1475938	512	512	512	zenravif-444	6	80.0	25191	1479.32	8.83	85.0385	identical
1475938	512	512	512	svt-rs-420	6	80.0	24253	28.30	8.28	83.5370	identical
1475938	512	512	512	zenravif-420	6	85.0	27184	754.87	3.88	85.5357	identical
1475938	512	512	512	zenravif-444	6	85.0	30508	894.85	4.44	86.9626	identical
1475938	512	512	512	svt-rs-420	6	85.0	28527	27.58	3.48	85.1264	identical
1475938	512	512	512	zenravif-420	6	90.0	34451	745.40	4.44	87.3140	identical
1475938	512	512	512	zenravif-444	6	90.0	39876	1006.01	4.83	89.3331	identical
1475938	512	512	512	svt-rs-420	6	90.0	38053	29.14	3.85	87.7353	identical
1475938	512	512	512	zenravif-420	6	95.0	49976	879.44	4.86	89.2301	identical
1475938	512	512	512	zenravif-444	6	95.0	61849	1139.50	6.28	91.5467	identical
1475938	512	512	512	svt-rs-420	6	95.0	55045	27.32	4.99	89.1590	identical
1475938	512	512	512	zenravif-420	6	100.0	110504	639.24	9.22	90.5286	identical
1475938	512	512	512	zenravif-444	6	100.0	180689	1072.35	13.91	93.5743	identical
1475938	512	512	512	svt-rs-420	6	100.0	81992	31.60	6.41	89.9928	identical
1531677	512	512	512	zenravif-420	6	5.0	3268	370.55	8.68	-42.7305	identical
1531677	512	512	512	zenravif-444	6	5.0	3235	474.58	2.90	-42.7228	identical
1531677	512	512	512	svt-rs-420	6	5.0	2203	15.62	3.56	-50.5620	identical
1531677	512	512	512	zenravif-420	6	10.0	3657	401.17	8.28	-36.2890	identical
1531677	512	512	512	zenravif-444	6	10.0	3646	503.32	4.61	-37.1946	identical
1531677	512	512	512	svt-rs-420	6	10.0	3331	16.23	7.58	-35.8998	identical
1531677	512	512	512	zenravif-420	6	15.0	4652	433.83	5.62	-21.8251	identical
1531677	512	512	512	zenravif-444	6	15.0	4617	512.64	2.64	-22.7755	identical
1531677	512	512	512	svt-rs-420	6	15.0	5045	18.00	8.99	-16.6550	identical
1531677	512	512	512	zenravif-420	6	20.0	6121	474.23	2.78	-7.5232	identical
1531677	512	512	512	zenravif-444	6	20.0	6088	587.91	2.72	-8.1748	identical
1531677	512	512	512	svt-rs-420	6	20.0	6891	18.72	2.09	-1.3823	identical
1531677	512	512	512	zenravif-420	6	25.0	7720	490.28	2.69	4.8420	identical
1531677	512	512	512	zenravif-444	6	25.0	7688	594.63	2.73	5.3756	identical
1531677	512	512	512	svt-rs-420	6	25.0	9379	21.95	4.00	12.5265	identical
1531677	512	512	512	zenravif-420	6	30.0	10209	516.91	3.01	18.2862	identical
1531677	512	512	512	zenravif-444	6	30.0	10204	629.59	3.46	17.9507	identical
1531677	512	512	512	svt-rs-420	6	30.0	12559	30.21	5.74	25.7157	identical
1531677	512	512	512	zenravif-420	6	35.0	12971	809.92	3.11	31.1173	identical
1531677	512	512	512	zenravif-444	6	35.0	12997	1176.96	8.62	30.4247	identical
1531677	512	512	512	svt-rs-420	6	35.0	17933	27.89	6.01	39.9045	identical
1531677	512	512	512	zenravif-420	6	40.0	16835	572.50	3.22	40.5458	identical
1531677	512	512	512	zenravif-444	6	40.0	16878	697.47	3.54	40.2531	identical
1531677	512	512	512	svt-rs-420	6	40.0	22970	26.64	2.97	49.4422	identical
1531677	512	512	512	zenravif-420	6	45.0	20870	583.64	3.74	49.3500	identical
1531677	512	512	512	zenravif-444	6	45.0	21021	731.00	4.03	48.8496	identical
1531677	512	512	512	svt-rs-420	6	45.0	28874	30.11	3.62	56.8822	identical
1531677	512	512	512	zenravif-420	6	50.0	26625	630.53	3.89	57.3941	identical
1531677	512	512	512	zenravif-444	6	50.0	26853	749.63	4.18	57.7591	identical
1531677	512	512	512	svt-rs-420	6	50.0	35231	29.48	3.41	63.1486	identical
1531677	512	512	512	zenravif-420	6	55.0	31929	636.01	4.28	63.3720	identical
1531677	512	512	512	zenravif-444	6	55.0	32435	771.47	4.34	63.6411	identical
1531677	512	512	512	svt-rs-420	6	55.0	43004	35.34	4.06	69.1411	identical
1531677	512	512	512	zenravif-420	6	60.0	39300	736.01	4.48	69.0141	identical
1531677	512	512	512	zenravif-444	6	60.0	40006	858.80	4.94	69.3051	identical
1531677	512	512	512	svt-rs-420	6	60.0	53647	38.89	4.93	74.3484	identical
1531677	512	512	512	zenravif-420	6	65.0	45772	789.86	5.27	72.8230	identical
1531677	512	512	512	zenravif-444	6	65.0	46877	949.01	5.42	73.4686	identical
1531677	512	512	512	svt-rs-420	6	65.0	61331	38.80	4.72	77.6371	identical
1531677	512	512	512	zenravif-420	6	70.0	54570	865.61	5.72	76.5273	identical
1531677	512	512	512	zenravif-444	6	70.0	56058	1022.66	6.01	77.2760	identical
1531677	512	512	512	svt-rs-420	6	70.0	68482	35.62	5.22	79.8274	identical
1531677	512	512	512	zenravif-420	6	75.0	68552	926.18	6.23	80.9149	identical
1531677	512	512	512	zenravif-444	6	75.0	71199	1146.52	7.27	82.0666	identical
1531677	512	512	512	svt-rs-420	6	75.0	76513	37.25	5.53	81.9604	identical
1531677	512	512	512	zenravif-420	6	80.0	78808	1086.68	7.05	83.6340	identical
1531677	512	512	512	zenravif-444	6	80.0	82677	1357.02	7.52	84.7616	identical
1531677	512	512	512	svt-rs-420	6	80.0	87928	41.24	6.15	84.8575	identical
1531677	512	512	512	zenravif-420	6	85.0	92519	1150.37	7.40	86.1004	identical
1531677	512	512	512	zenravif-444	6	85.0	98921	1452.26	8.84	87.4188	identical
1531677	512	512	512	svt-rs-420	6	85.0	101292	38.84	6.41	86.9725	identical
1531677	512	512	512	zenravif-420	6	90.0	113458	1309.93	8.70	88.7722	identical
1531677	512	512	512	zenravif-444	6	90.0	123900	1625.24	9.83	90.1230	identical
1531677	512	512	512	svt-rs-420	6	90.0	129377	29.56	7.63	89.8433	identical
1531677	512	512	512	zenravif-420	6	95.0	147929	1641.77	10.49	91.4667	identical
1531677	512	512	512	zenravif-444	6	95.0	172224	1930.69	12.59	93.1037	identical
1531677	512	512	512	svt-rs-420	6	95.0	166406	28.55	9.05	92.1295	identical
1531677	512	512	512	zenravif-420	6	100.0	241250	1063.25	16.76	94.2466	identical
1531677	512	512	512	zenravif-444	6	100.0	361808	1747.74	23.58	96.2606	identical
1531677	512	512	512	svt-rs-420	6	100.0	211713	33.74	12.09	93.3023	identical
