image	size	width	height	backend	speed	quality	bytes	encode_ms	decode_ms	ssim2	aom_gate
1025469	65	65	65	zenravif-420	6	5.0	327	5.68	1.03	46.7333	identical
1025469	65	65	65	zenravif-444	6	5.0	328	6.67	0.52	46.7174	identical
1025469	65	65	65	svt-rs-420	6	5.0	291	0.51	0.48	42.2027	identical
1025469	65	65	65	zenravif-420	6	10.0	330	4.86	0.44	50.7649	identical
1025469	65	65	65	zenravif-444	6	10.0	330	6.27	0.45	51.0683	identical
1025469	65	65	65	svt-rs-420	6	10.0	295	0.38	0.39	47.0349	identical
1025469	65	65	65	zenravif-420	6	15.0	333	4.91	0.43	57.4040	identical
1025469	65	65	65	zenravif-444	6	15.0	333	6.36	0.43	57.3934	identical
1025469	65	65	65	svt-rs-420	6	15.0	299	0.48	0.38	49.4896	identical
1025469	65	65	65	zenravif-420	6	20.0	340	5.14	0.41	59.4642	identical
1025469	65	65	65	zenravif-444	6	20.0	340	6.50	0.41	58.9327	identical
1025469	65	65	65	svt-rs-420	6	20.0	310	0.39	0.39	58.9073	identical
1025469	65	65	65	zenravif-420	6	25.0	347	5.07	0.40	61.2149	identical
1025469	65	65	65	zenravif-444	6	25.0	347	6.65	0.38	60.9357	identical
1025469	65	65	65	svt-rs-420	6	25.0	316	0.42	0.35	59.0638	identical
1025469	65	65	65	zenravif-420	6	30.0	357	7.18	0.39	62.1047	identical
1025469	65	65	65	zenravif-444	6	30.0	353	8.35	0.31	61.8995	identical
1025469	65	65	65	svt-rs-420	6	30.0	320	0.41	0.33	60.9212	identical
1025469	65	65	65	zenravif-420	6	35.0	368	5.97	0.32	64.6926	identical
1025469	65	65	65	zenravif-444	6	35.0	370	7.52	0.32	64.6349	identical
1025469	65	65	65	svt-rs-420	6	35.0	335	0.42	0.35	65.3841	identical
1025469	65	65	65	zenravif-420	6	40.0	379	5.83	0.40	66.1549	identical
1025469	65	65	65	zenravif-444	6	40.0	377	7.45	0.37	66.1800	identical
1025469	65	65	65	svt-rs-420	6	40.0	343	0.46	0.39	66.7258	identical
1025469	65	65	65	zenravif-420	6	45.0	400	6.23	0.39	67.6544	identical
1025469	65	65	65	zenravif-444	6	45.0	398	8.03	0.35	67.6994	identical
1025469	65	65	65	svt-rs-420	6	45.0	375	0.44	0.37	66.2930	identical
1025469	65	65	65	zenravif-420	6	50.0	428	6.42	0.34	69.5616	identical
1025469	65	65	65	zenravif-444	6	50.0	430	9.09	0.40	69.3876	identical
1025469	65	65	65	svt-rs-420	6	50.0	396	0.56	0.39	70.2255	identical
1025469	65	65	65	zenravif-420	6	55.0	457	6.84	0.38	70.1167	identical
1025469	65	65	65	zenravif-444	6	55.0	464	10.15	0.37	73.4623	identical
1025469	65	65	65	svt-rs-420	6	55.0	425	0.51	0.39	70.1186	identical
1025469	65	65	65	zenravif-420	6	60.0	487	8.40	0.42	71.2441	identical
1025469	65	65	65	zenravif-444	6	60.0	497	9.97	0.40	71.7963	identical
1025469	65	65	65	svt-rs-420	6	60.0	468	0.56	0.40	71.2387	identical
1025469	65	65	65	zenravif-420	6	65.0	534	9.75	0.41	72.3904	identical
1025469	65	65	65	zenravif-444	6	65.0	545	11.66	0.40	74.8967	identical
1025469	65	65	65	svt-rs-420	6	65.0	513	0.62	0.42	72.7916	identical
1025469	65	65	65	zenravif-420	6	70.0	575	9.28	0.38	73.2459	identical
1025469	65	65	65	zenravif-444	6	70.0	597	11.51	0.52	82.7497	identical
1025469	65	65	65	svt-rs-420	6	70.0	541	0.59	0.39	73.0909	identical
1025469	65	65	65	zenravif-420	6	75.0	673	11.35	0.44	73.9527	identical
1025469	65	65	65	zenravif-444	6	75.0	692	14.54	0.41	80.7293	identical
1025469	65	65	65	svt-rs-420	6	75.0	590	0.71	0.64	77.5359	identical
1025469	65	65	65	zenravif-420	6	80.0	750	12.39	0.48	80.9877	identical
1025469	65	65	65	zenravif-444	6	80.0	771	16.36	0.46	86.4139	identical
1025469	65	65	65	svt-rs-420	6	80.0	669	0.70	0.44	79.9596	identical
1025469	65	65	65	zenravif-420	6	85.0	846	14.35	0.43	81.3026	identical
1025469	65	65	65	zenravif-444	6	85.0	885	16.38	0.44	86.0080	identical
1025469	65	65	65	svt-rs-420	6	85.0	741	0.64	0.39	81.2960	identical
1025469	65	65	65	zenravif-420	6	90.0	1034	16.17	0.43	82.6062	identical
1025469	65	65	65	zenravif-444	6	90.0	1150	21.38	0.44	87.6194	identical
1025469	65	65	65	svt-rs-420	6	90.0	977	0.87	0.37	83.7465	identical
1025469	65	65	65	zenravif-420	6	95.0	1442	17.18	0.47	84.2099	identical
1025469	65	65	65	zenravif-444	6	95.0	1743	23.24	0.49	90.7673	identical
1025469	65	65	65	svt-rs-420	6	95.0	1316	0.91	0.45	84.5598	identical
1025469	65	65	65	zenravif-420	6	100.0	2553	12.10	0.46	86.4742	identical
1025469	65	65	65	zenravif-444	6	100.0	4194	23.02	0.61	95.2705	identical
1025469	65	65	65	svt-rs-420	6	100.0	1946	0.94	0.43	85.8890	identical
1044329	65	65	65	zenravif-420	6	5.0	459	14.29	0.44	19.8308	identical
1044329	65	65	65	zenravif-444	6	5.0	447	18.84	0.48	12.9228	identical
1044329	65	65	65	svt-rs-420	6	5.0	381	0.65	0.47	12.1283	identical
1044329	65	65	65	zenravif-420	6	10.0	470	16.38	0.49	15.7064	identical
1044329	65	65	65	zenravif-444	6	10.0	466	17.67	0.48	13.2113	identical
1044329	65	65	65	svt-rs-420	6	10.0	420	0.61	0.40	13.7596	identical
1044329	65	65	65	zenravif-420	6	15.0	505	17.34	0.46	22.7452	identical
1044329	65	65	65	zenravif-444	6	15.0	509	21.04	0.51	17.5534	identical
1044329	65	65	65	svt-rs-420	6	15.0	543	0.85	0.48	21.8391	identical
1044329	65	65	65	zenravif-420	6	20.0	560	15.69	0.50	23.2970	identical
1044329	65	65	65	zenravif-444	6	20.0	573	19.72	0.50	29.0326	identical
1044329	65	65	65	svt-rs-420	6	20.0	623	0.80	0.52	19.2003	identical
1044329	65	65	65	zenravif-420	6	25.0	603	19.63	0.49	28.7753	identical
1044329	65	65	65	zenravif-444	6	25.0	606	22.28	0.43	33.6219	identical
1044329	65	65	65	svt-rs-420	6	25.0	702	0.77	0.46	20.9890	identical
1044329	65	65	65	zenravif-420	6	30.0	665	21.75	0.49	34.9127	identical
1044329	65	65	65	zenravif-444	6	30.0	669	31.55	0.68	33.8655	identical
1044329	65	65	65	svt-rs-420	6	30.0	788	0.79	0.46	17.8196	identical
1044329	65	65	65	zenravif-420	6	35.0	713	24.87	0.47	35.8144	identical
1044329	65	65	65	zenravif-444	6	35.0	747	33.06	0.45	38.4371	identical
1044329	65	65	65	svt-rs-420	6	35.0	935	0.97	0.47	28.8863	identical
1044329	65	65	65	zenravif-420	6	40.0	785	27.15	0.53	39.7917	identical
1044329	65	65	65	zenravif-444	6	40.0	836	32.55	0.52	42.9413	identical
1044329	65	65	65	svt-rs-420	6	40.0	1060	0.83	0.46	34.2475	identical
1044329	65	65	65	zenravif-420	6	45.0	880	26.10	0.51	40.8022	identical
1044329	65	65	65	zenravif-444	6	45.0	915	32.96	0.47	49.1852	identical
1044329	65	65	65	svt-rs-420	6	45.0	1212	0.89	0.46	36.7811	identical
1044329	65	65	65	zenravif-420	6	50.0	967	28.12	0.44	44.4962	identical
1044329	65	65	65	zenravif-444	6	50.0	1065	36.11	0.49	49.9351	identical
1044329	65	65	65	svt-rs-420	6	50.0	1367	0.99	0.45	40.4060	identical
1044329	65	65	65	zenravif-420	6	55.0	1074	30.08	0.47	43.3086	identical
1044329	65	65	65	zenravif-444	6	55.0	1209	40.77	0.51	49.2458	identical
1044329	65	65	65	svt-rs-420	6	55.0	1556	1.09	0.47	46.5067	identical
1044329	65	65	65	zenravif-420	6	60.0	1212	34.20	0.43	47.0453	identical
1044329	65	65	65	zenravif-444	6	60.0	1331	43.63	0.47	51.2503	identical
1044329	65	65	65	svt-rs-420	6	60.0	1768	1.11	0.49	49.3152	identical
1044329	65	65	65	zenravif-420	6	65.0	1324	35.63	0.45	46.4943	identical
1044329	65	65	65	zenravif-444	6	65.0	1445	46.58	0.53	58.0682	identical
1044329	65	65	65	svt-rs-420	6	65.0	1933	1.14	0.54	51.2871	identical
1044329	65	65	65	zenravif-420	6	70.0	1477	36.01	0.50	49.3956	identical
1044329	65	65	65	zenravif-444	6	70.0	1699	45.77	0.52	59.6821	identical
1044329	65	65	65	svt-rs-420	6	70.0	2085	0.97	0.53	51.2445	identical
1044329	65	65	65	zenravif-420	6	75.0	1767	38.37	0.48	51.6968	identical
1044329	65	65	65	zenravif-444	6	75.0	2094	50.78	0.59	60.8267	identical
1044329	65	65	65	svt-rs-420	6	75.0	2235	1.02	0.57	51.1095	identical
1044329	65	65	65	zenravif-420	6	80.0	1909	42.12	0.52	55.1360	identical
1044329	65	65	65	zenravif-444	6	80.0	2332	54.25	0.63	64.9803	identical
1044329	65	65	65	svt-rs-420	6	80.0	2403	1.23	0.51	53.0445	identical
1044329	65	65	65	zenravif-420	6	85.0	2154	44.06	0.51	53.4410	identical
1044329	65	65	65	zenravif-444	6	85.0	2757	63.25	0.58	69.9963	identical
1044329	65	65	65	svt-rs-420	6	85.0	2744	1.04	0.55	54.2461	identical
1044329	65	65	65	zenravif-420	6	90.0	2490	45.09	0.54	53.7782	identical
1044329	65	65	65	zenravif-444	6	90.0	3303	65.77	0.60	74.5407	identical
1044329	65	65	65	svt-rs-420	6	90.0	3291	1.16	0.56	54.4064	identical
1044329	65	65	65	zenravif-420	6	95.0	3113	49.77	0.54	55.5062	identical
1044329	65	65	65	zenravif-444	6	95.0	4383	70.83	0.62	83.3604	identical
1044329	65	65	65	svt-rs-420	6	95.0	4037	0.97	0.57	55.5413	identical
1044329	65	65	65	zenravif-420	6	100.0	4639	25.04	0.63	55.6621	identical
1044329	65	65	65	zenravif-444	6	100.0	7531	42.89	0.81	95.2713	identical
1044329	65	65	65	svt-rs-420	6	100.0	4823	1.07	0.59	55.6311	identical
1189261	65	65	65	zenravif-420	6	5.0	406	9.35	0.44	34.8001	identical
1189261	65	65	65	zenravif-444	6	5.0	400	12.40	0.38	31.5391	identical
1189261	65	65	65	svt-rs-420	6	5.0	337	0.40	0.35	13.5607	identical
1189261	65	65	65	zenravif-420	6	10.0	417	12.55	0.47	32.1535	identical
1189261	65	65	65	zenravif-444	6	10.0	410	15.36	0.47	31.4500	identical
1189261	65	65	65	svt-rs-420	6	10.0	359	0.51	0.43	20.6004	identical
1189261	65	65	65	zenravif-420	6	15.0	423	9.06	0.45	32.0698	identical
1189261	65	65	65	zenravif-444	6	15.0	429	16.68	0.54	39.2778	identical
1189261	65	65	65	svt-rs-420	6	15.0	395	0.53	0.41	33.0659	identical
1189261	65	65	65	zenravif-420	6	20.0	451	11.13	0.47	38.3976	identical
1189261	65	65	65	zenravif-444	6	20.0	458	14.55	0.44	42.0357	identical
1189261	65	65	65	svt-rs-420	6	20.0	417	0.55	0.40	37.0665	identical
1189261	65	65	65	zenravif-420	6	25.0	486	13.80	0.50	46.5604	identical
1189261	65	65	65	zenravif-444	6	25.0	497	17.81	0.50	44.6734	identical
1189261	65	65	65	svt-rs-420	6	25.0	440	0.53	0.44	38.7012	identical
1189261	65	65	65	zenravif-420	6	30.0	514	13.04	0.43	49.0978	identical
1189261	65	65	65	zenravif-444	6	30.0	528	14.32	0.50	48.1976	identical
1189261	65	65	65	svt-rs-420	6	30.0	484	0.52	0.43	44.7470	identical
1189261	65	65	65	zenravif-420	6	35.0	560	14.67	0.51	51.1518	identical
1189261	65	65	65	zenravif-444	6	35.0	571	18.44	0.54	54.3479	identical
1189261	65	65	65	svt-rs-420	6	35.0	557	0.55	0.44	46.5742	identical
1189261	65	65	65	zenravif-420	6	40.0	608	14.46	0.48	54.2131	identical
1189261	65	65	65	zenravif-444	6	40.0	623	19.14	0.49	58.1289	identical
1189261	65	65	65	svt-rs-420	6	40.0	628	0.68	0.44	53.4324	identical
1189261	65	65	65	zenravif-420	6	45.0	665	15.79	0.46	56.7205	identical
1189261	65	65	65	zenravif-444	6	45.0	686	26.36	0.51	59.4963	identical
1189261	65	65	65	svt-rs-420	6	45.0	685	0.67	0.44	53.2096	identical
1189261	65	65	65	zenravif-420	6	50.0	703	15.02	0.42	58.0235	identical
1189261	65	65	65	zenravif-444	6	50.0	765	19.84	0.44	62.3480	identical
1189261	65	65	65	svt-rs-420	6	50.0	768	0.79	0.46	58.4391	identical
1189261	65	65	65	zenravif-420	6	55.0	773	15.56	0.48	63.6260	identical
1189261	65	65	65	zenravif-444	6	55.0	821	23.94	0.41	66.8895	identical
1189261	65	65	65	svt-rs-420	6	55.0	854	0.86	0.46	61.8505	identical
1189261	65	65	65	zenravif-420	6	60.0	835	19.00	0.45	63.4686	identical
1189261	65	65	65	zenravif-444	6	60.0	919	26.19	0.51	68.0562	identical
1189261	65	65	65	svt-rs-420	6	60.0	965	0.85	0.45	66.1502	identical
1189261	65	65	65	zenravif-420	6	65.0	949	21.54	0.44	66.3442	identical
1189261	65	65	65	zenravif-444	6	65.0	1049	25.73	0.47	72.6084	identical
1189261	65	65	65	svt-rs-420	6	65.0	1067	0.96	0.48	67.6407	identical
1189261	65	65	65	zenravif-420	6	70.0	1045	21.27	0.42	66.3504	identical
1189261	65	65	65	zenravif-444	6	70.0	1113	35.05	0.48	74.1214	identical
1189261	65	65	65	svt-rs-420	6	70.0	1153	0.91	0.48	68.5196	identical
1189261	65	65	65	zenravif-420	6	75.0	1192	24.79	0.50	69.2172	identical
1189261	65	65	65	zenravif-444	6	75.0	1347	38.96	0.55	77.8937	identical
1189261	65	65	65	svt-rs-420	6	75.0	1266	0.96	0.47	69.2437	identical
1189261	65	65	65	zenravif-420	6	80.0	1330	22.81	0.46	72.0319	identical
1189261	65	65	65	zenravif-444	6	80.0	1518	32.84	0.50	80.2349	identical
1189261	65	65	65	svt-rs-420	6	80.0	1403	1.11	0.47	72.7095	identical
1189261	65	65	65	zenravif-420	6	85.0	1487	26.35	0.50	72.0966	identical
1189261	65	65	65	zenravif-444	6	85.0	1752	41.08	0.54	83.9663	identical
1189261	65	65	65	svt-rs-420	6	85.0	1568	1.05	0.50	72.9097	identical
1189261	65	65	65	zenravif-420	6	90.0	1765	32.54	0.54	72.5849	identical
1189261	65	65	65	zenravif-444	6	90.0	2148	41.16	0.57	86.9013	identical
1189261	65	65	65	svt-rs-420	6	90.0	1974	1.12	0.48	73.5295	identical
1189261	65	65	65	zenravif-420	6	95.0	2321	36.99	0.53	73.9820	identical
1189261	65	65	65	zenravif-444	6	95.0	3006	47.43	0.59	90.2572	identical
1189261	65	65	65	svt-rs-420	6	95.0	2565	0.98	0.49	74.0750	identical
1189261	65	65	65	zenravif-420	6	100.0	3833	20.04	0.58	75.2145	identical
1189261	65	65	65	zenravif-444	6	100.0	6164	32.30	0.72	96.3726	identical
1189261	65	65	65	svt-rs-420	6	100.0	3303	1.05	0.52	74.6710	identical
1279330	65	65	65	zenravif-420	6	5.0	381	8.34	0.46	54.1159	identical
1279330	65	65	65	zenravif-444	6	5.0	381	10.63	0.42	50.3470	identical
1279330	65	65	65	svt-rs-420	6	5.0	330	0.37	0.36	36.4955	identical
1279330	65	65	65	zenravif-420	6	10.0	393	8.30	0.37	56.6189	identical
1279330	65	65	65	zenravif-444	6	10.0	388	11.71	0.39	50.9934	identical
1279330	65	65	65	svt-rs-420	6	10.0	347	0.42	0.45	43.8575	identical
1279330	65	65	65	zenravif-420	6	15.0	408	8.86	0.42	55.2970	identical
1279330	65	65	65	zenravif-444	6	15.0	406	11.59	0.48	55.1529	identical
1279330	65	65	65	svt-rs-420	6	15.0	363	0.51	0.40	48.0698	identical
1279330	65	65	65	zenravif-420	6	20.0	431	8.95	0.45	58.0705	identical
1279330	65	65	65	zenravif-444	6	20.0	430	14.40	0.49	60.8796	identical
1279330	65	65	65	svt-rs-420	6	20.0	381	0.43	0.42	52.3525	identical
1279330	65	65	65	zenravif-420	6	25.0	448	10.03	0.47	60.7265	identical
1279330	65	65	65	zenravif-444	6	25.0	448	13.11	0.49	66.2454	identical
1279330	65	65	65	svt-rs-420	6	25.0	403	0.46	0.36	55.8724	identical
1279330	65	65	65	zenravif-420	6	30.0	473	11.01	0.46	67.5076	identical
1279330	65	65	65	zenravif-444	6	30.0	482	15.07	0.47	69.1833	identical
1279330	65	65	65	svt-rs-420	6	30.0	425	0.52	0.43	61.9231	identical
1279330	65	65	65	zenravif-420	6	35.0	506	10.99	0.50	70.1702	identical
1279330	65	65	65	zenravif-444	6	35.0	517	15.38	0.50	71.2945	identical
1279330	65	65	65	svt-rs-420	6	35.0	470	0.53	0.39	66.3260	identical
1279330	65	65	65	zenravif-420	6	40.0	538	12.06	0.52	74.7786	identical
1279330	65	65	65	zenravif-444	6	40.0	541	17.81	0.42	76.5534	identical
1279330	65	65	65	svt-rs-420	6	40.0	516	0.49	0.39	67.7679	identical
1279330	65	65	65	zenravif-420	6	45.0	572	14.58	0.42	75.5378	identical
1279330	65	65	65	zenravif-444	6	45.0	591	19.51	0.51	76.3091	identical
1279330	65	65	65	svt-rs-420	6	45.0	558	0.50	0.48	70.7833	identical
1279330	65	65	65	zenravif-420	6	50.0	606	14.17	0.44	77.8846	identical
1279330	65	65	65	zenravif-444	6	50.0	627	18.75	0.43	79.9659	identical
1279330	65	65	65	svt-rs-420	6	50.0	589	0.48	0.34	74.3291	identical
1279330	65	65	65	zenravif-420	6	55.0	651	13.36	0.38	79.8524	identical
1279330	65	65	65	zenravif-444	6	55.0	676	19.77	0.46	77.6607	identical
1279330	65	65	65	svt-rs-420	6	55.0	644	0.53	0.38	78.2000	identical
1279330	65	65	65	zenravif-420	6	60.0	688	13.69	0.46	80.8344	identical
1279330	65	65	65	zenravif-444	6	60.0	723	19.63	0.44	81.5160	identical
1279330	65	65	65	svt-rs-420	6	60.0	724	0.53	0.43	80.3103	identical
1279330	65	65	65	zenravif-420	6	65.0	745	15.59	0.44	82.3104	identical
1279330	65	65	65	zenravif-444	6	65.0	777	20.79	0.52	82.8618	identical
1279330	65	65	65	svt-rs-420	6	65.0	779	0.59	0.43	81.9732	identical
1279330	65	65	65	zenravif-420	6	70.0	780	15.48	0.40	82.5214	identical
1279330	65	65	65	zenravif-444	6	70.0	839	18.99	0.48	81.8342	identical
1279330	65	65	65	svt-rs-420	6	70.0	830	0.62	0.43	83.2447	identical
1279330	65	65	65	zenravif-420	6	75.0	876	17.23	0.45	83.3208	identical
1279330	65	65	65	zenravif-444	6	75.0	945	21.23	0.48	85.1914	identical
1279330	65	65	65	svt-rs-420	6	75.0	878	0.60	0.43	85.1688	identical
1279330	65	65	65	zenravif-420	6	80.0	947	17.08	0.42	85.7891	identical
1279330	65	65	65	zenravif-444	6	80.0	1047	22.65	0.46	88.2276	identical
1279330	65	65	65	svt-rs-420	6	80.0	967	0.64	0.44	85.6227	identical
1279330	65	65	65	zenravif-420	6	85.0	1064	19.67	0.47	87.5258	identical
1279330	65	65	65	zenravif-444	6	85.0	1172	28.38	0.50	89.0208	identical
1279330	65	65	65	svt-rs-420	6	85.0	1073	0.66	0.45	87.1818	identical
1279330	65	65	65	zenravif-420	6	90.0	1237	20.30	0.56	88.3784	identical
1279330	65	65	65	zenravif-444	6	90.0	1434	27.21	0.46	90.4983	identical
1279330	65	65	65	svt-rs-420	6	90.0	1369	0.65	0.40	88.7939	identical
1279330	65	65	65	zenravif-420	6	95.0	1652	25.64	0.50	89.3334	identical
1279330	65	65	65	zenravif-444	6	95.0	1979	35.83	0.45	92.4037	identical
1279330	65	65	65	svt-rs-420	6	95.0	1746	0.81	0.42	89.9843	identical
1279330	65	65	65	zenravif-420	6	100.0	3309	22.36	0.56	90.7769	identical
1279330	65	65	65	zenravif-444	6	100.0	5021	41.38	0.63	96.2808	identical
1279330	65	65	65	svt-rs-420	6	100.0	2526	0.74	0.50	90.5451	identical
1418519	65	65	65	zenravif-420	6	5.0	330	4.44	0.40	74.2849	identical
1418519	65	65	65	zenravif-444	6	5.0	329	5.93	0.38	68.9013	identical
1418519	65	65	65	svt-rs-420	6	5.0	294	0.33	0.40	63.3708	identical
1418519	65	65	65	zenravif-420	6	10.0	331	5.82	0.40	75.1131	identical
1418519	65	65	65	zenravif-444	6	10.0	332	6.13	0.43	71.3951	identical
1418519	65	65	65	svt-rs-420	6	10.0	297	0.34	0.41	67.6683	identical
1418519	65	65	65	zenravif-420	6	15.0	335	4.88	0.39	77.1137	identical
1418519	65	65	65	zenravif-444	6	15.0	336	6.72	0.44	75.6113	identical
1418519	65	65	65	svt-rs-420	6	15.0	301	0.35	0.40	72.7804	identical
1418519	65	65	65	zenravif-420	6	20.0	340	5.56	0.37	78.5582	identical
1418519	65	65	65	zenravif-444	6	20.0	341	8.13	0.41	78.0266	identical
1418519	65	65	65	svt-rs-420	6	20.0	305	0.36	0.35	75.6550	identical
1418519	65	65	65	zenravif-420	6	25.0	347	5.71	0.43	82.0766	identical
1418519	65	65	65	zenravif-444	6	25.0	345	7.63	0.45	80.9960	identical
1418519	65	65	65	svt-rs-420	6	25.0	311	0.41	0.39	78.0448	identical
1418519	65	65	65	zenravif-420	6	30.0	354	6.98	0.40	80.7157	identical
1418519	65	65	65	zenravif-444	6	30.0	355	9.24	0.37	80.3843	identical
1418519	65	65	65	svt-rs-420	6	30.0	315	0.38	0.43	80.1083	identical
1418519	65	65	65	zenravif-420	6	35.0	364	8.44	0.43	84.3698	identical
1418519	65	65	65	zenravif-444	6	35.0	361	9.76	0.46	82.3067	identical
1418519	65	65	65	svt-rs-420	6	35.0	333	0.39	0.36	82.1549	identical
1418519	65	65	65	zenravif-420	6	40.0	379	10.31	0.46	85.8864	identical
1418519	65	65	65	zenravif-444	6	40.0	377	10.13	0.43	85.3692	identical
1418519	65	65	65	svt-rs-420	6	40.0	346	0.39	0.41	83.5793	identical
1418519	65	65	65	zenravif-420	6	45.0	381	10.21	0.39	85.7214	identical
1418519	65	65	65	zenravif-444	6	45.0	380	14.09	0.40	84.0087	identical
1418519	65	65	65	svt-rs-420	6	45.0	357	0.42	0.39	85.2091	identical
1418519	65	65	65	zenravif-420	6	50.0	387	8.81	0.37	86.6936	identical
1418519	65	65	65	zenravif-444	6	50.0	397	9.27	0.37	87.1918	identical
1418519	65	65	65	svt-rs-420	6	50.0	370	0.45	0.37	86.6204	identical
1418519	65	65	65	zenravif-420	6	55.0	409	9.93	0.40	87.2981	identical
1418519	65	65	65	zenravif-444	6	55.0	417	12.51	0.37	87.1424	identical
1418519	65	65	65	svt-rs-420	6	55.0	386	0.48	0.41	86.5195	identical
1418519	65	65	65	zenravif-420	6	60.0	421	10.32	0.39	89.2171	identical
1418519	65	65	65	zenravif-444	6	60.0	429	10.54	0.40	87.4428	identical
1418519	65	65	65	svt-rs-420	6	60.0	407	0.47	0.35	86.4025	identical
1418519	65	65	65	zenravif-420	6	65.0	437	11.07	0.34	88.9479	identical
1418519	65	65	65	zenravif-444	6	65.0	446	14.14	0.40	90.1473	identical
1418519	65	65	65	svt-rs-420	6	65.0	422	0.49	0.41	88.8671	identical
1418519	65	65	65	zenravif-420	6	70.0	457	8.10	0.38	89.7716	identical
1418519	65	65	65	zenravif-444	6	70.0	466	14.26	0.41	90.6646	identical
1418519	65	65	65	svt-rs-420	6	70.0	440	0.52	0.40	89.9792	identical
1418519	65	65	65	zenravif-420	6	75.0	495	10.92	0.42	90.2173	identical
1418519	65	65	65	zenravif-444	6	75.0	519	12.99	0.44	91.7382	identical
1418519	65	65	65	svt-rs-420	6	75.0	452	0.50	0.36	90.1668	identical
1418519	65	65	65	zenravif-420	6	80.0	519	12.26	0.40	91.2131	identical
1418519	65	65	65	zenravif-444	6	80.0	541	16.17	0.37	92.0183	identical
1418519	65	65	65	svt-rs-420	6	80.0	484	0.51	0.44	90.9435	identical
1418519	65	65	65	zenravif-420	6	85.0	567	11.53	0.37	92.4191	identical
1418519	65	65	65	zenravif-444	6	85.0	596	14.93	0.43	91.3197	identical
1418519	65	65	65	svt-rs-420	6	85.0	517	0.55	0.39	91.4961	identical
1418519	65	65	65	zenravif-420	6	90.0	642	13.52	0.34	92.7856	identical
1418519	65	65	65	zenravif-444	6	90.0	687	15.46	0.40	92.7172	identical
1418519	65	65	65	svt-rs-420	6	90.0	613	0.59	0.40	93.1989	identical
1418519	65	65	65	zenravif-420	6	95.0	814	13.82	0.40	93.7373	identical
1418519	65	65	65	zenravif-444	6	95.0	941	19.08	0.41	93.6955	identical
1418519	65	65	65	svt-rs-420	6	95.0	775	0.63	0.36	93.2085	identical
1418519	65	65	65	zenravif-420	6	100.0	1988	10.94	0.38	95.2659	identical
1418519	65	65	65	zenravif-444	6	100.0	3107	18.64	0.57	95.9129	identical
1418519	65	65	65	svt-rs-420	6	100.0	1265	0.72	0.43	94.5602	identical
1420710	65	65	65	zenravif-420	6	5.0	397	7.39	0.40	47.2263	identical
1420710	65	65	65	zenravif-444	6	5.0	395	9.20	0.45	47.0382	identical
1420710	65	65	65	svt-rs-420	6	5.0	362	0.69	0.44	49.0591	identical
1420710	65	65	65	zenravif-420	6	10.0	409	7.96	0.45	50.5165	identical
1420710	65	65	65	zenravif-444	6	10.0	408	9.89	0.44	50.1547	identical
1420710	65	65	65	svt-rs-420	6	10.0	390	0.61	0.39	54.6142	identical
1420710	65	65	65	zenravif-420	6	15.0	429	10.19	0.45	54.0989	identical
1420710	65	65	65	zenravif-444	6	15.0	429	12.46	0.42	53.3298	identical
1420710	65	65	65	svt-rs-420	6	15.0	417	0.61	0.40	56.6982	identical
1420710	65	65	65	zenravif-420	6	20.0	464	8.79	0.46	57.8758	identical
1420710	65	65	65	zenravif-444	6	20.0	459	10.21	0.39	57.7343	identical
1420710	65	65	65	svt-rs-420	6	20.0	451	0.56	0.39	60.7117	identical
1420710	65	65	65	zenravif-420	6	25.0	497	8.06	0.41	58.0344	identical
1420710	65	65	65	zenravif-444	6	25.0	499	10.63	0.45	58.1941	identical
1420710	65	65	65	svt-rs-420	6	25.0	500	0.62	0.38	62.9627	identical
1420710	65	65	65	zenravif-420	6	30.0	548	10.93	0.46	61.3382	identical
1420710	65	65	65	zenravif-444	6	30.0	548	13.82	0.45	62.4579	identical
1420710	65	65	65	svt-rs-420	6	30.0	560	0.63	0.40	64.7290	identical
1420710	65	65	65	zenravif-420	6	35.0	591	11.51	0.50	64.4306	identical
1420710	65	65	65	zenravif-444	6	35.0	598	14.22	0.49	66.3598	identical
1420710	65	65	65	svt-rs-420	6	35.0	668	0.85	0.46	67.1295	identical
1420710	65	65	65	zenravif-420	6	40.0	660	13.70	0.45	67.4349	identical
1420710	65	65	65	zenravif-444	6	40.0	668	16.73	0.52	67.7418	identical
1420710	65	65	65	svt-rs-420	6	40.0	757	0.82	0.44	67.3770	identical
1420710	65	65	65	zenravif-420	6	45.0	737	14.20	0.41	69.0728	identical
1420710	65	65	65	zenravif-444	6	45.0	752	19.16	0.53	70.8273	identical
1420710	65	65	65	svt-rs-420	6	45.0	863	0.74	0.46	68.7527	identical
1420710	65	65	65	zenravif-420	6	50.0	842	17.38	0.40	69.4396	identical
1420710	65	65	65	zenravif-444	6	50.0	863	20.48	0.41	72.2234	identical
1420710	65	65	65	svt-rs-420	6	50.0	988	0.75	0.42	70.2926	identical
1420710	65	65	65	zenravif-420	6	55.0	941	17.81	0.41	72.1689	identical
1420710	65	65	65	zenravif-444	6	55.0	962	21.14	0.45	72.6582	identical
1420710	65	65	65	svt-rs-420	6	55.0	1125	0.81	0.46	72.0244	identical
1420710	65	65	65	zenravif-420	6	60.0	1062	20.16	0.41	73.4307	identical
1420710	65	65	65	zenravif-444	6	60.0	1099	23.90	0.50	75.3634	identical
1420710	65	65	65	svt-rs-420	6	60.0	1350	1.09	0.48	74.2944	identical
1420710	65	65	65	zenravif-420	6	65.0	1192	17.17	0.41	74.6899	identical
1420710	65	65	65	zenravif-444	6	65.0	1242	23.36	0.45	75.8822	identical
1420710	65	65	65	svt-rs-420	6	65.0	1511	1.05	0.64	75.1132	identical
1420710	65	65	65	zenravif-420	6	70.0	1359	21.19	0.44	76.4247	identical
1420710	65	65	65	zenravif-444	6	70.0	1409	27.74	0.49	77.8666	identical
1420710	65	65	65	svt-rs-420	6	70.0	1646	0.93	0.41	77.4205	identical
1420710	65	65	65	zenravif-420	6	75.0	1587	19.94	0.45	78.2087	identical
1420710	65	65	65	zenravif-444	6	75.0	1699	33.67	0.67	79.5989	identical
1420710	65	65	65	svt-rs-420	6	75.0	1814	0.95	0.48	78.1939	identical
1420710	65	65	65	zenravif-420	6	80.0	1807	27.47	0.56	78.8006	identical
1420710	65	65	65	zenravif-444	6	80.0	1966	37.87	0.54	82.0925	identical
1420710	65	65	65	svt-rs-420	6	80.0	2052	1.13	0.48	80.8205	identical
1420710	65	65	65	zenravif-420	6	85.0	2102	25.26	0.49	80.0961	identical
1420710	65	65	65	zenravif-444	6	85.0	2308	36.55	0.54	83.3224	identical
1420710	65	65	65	svt-rs-420	6	85.0	2314	0.86	0.48	81.8188	identical
1420710	65	65	65	zenravif-420	6	90.0	2475	28.83	0.51	81.8040	identical
1420710	65	65	65	zenravif-444	6	90.0	2833	39.07	0.58	85.3976	identical
1420710	65	65	65	svt-rs-420	6	90.0	2854	0.77	0.48	82.7059	identical
1420710	65	65	65	zenravif-420	6	95.0	3147	34.20	0.51	83.0546	identical
1420710	65	65	65	zenravif-444	6	95.0	3836	46.18	0.60	89.1137	identical
1420710	65	65	65	svt-rs-420	6	95.0	3519	0.81	0.48	84.1744	identical
1420710	65	65	65	zenravif-420	6	100.0	4823	22.70	0.63	85.0242	identical
1420710	65	65	65	zenravif-444	6	100.0	7417	43.57	0.75	96.2017	identical
1420710	65	65	65	svt-rs-420	6	100.0	4359	0.84	0.57	84.8123	identical
1025469	100	100	100	zenravif-420	6	5.0	339	13.98	0.53	32.0056	identical
1025469	100	100	100	zenravif-444	6	5.0	352	16.08	0.54	32.1548	identical
1025469	100	100	100	svt-rs-420	6	5.0	282	0.59	0.43	15.0425	identical
1025469	100	100	100	zenravif-420	6	10.0	357	12.63	0.51	35.8133	identical
1025469	100	100	100	zenravif-444	6	10.0	358	16.47	0.50	35.3486	identical
1025469	100	100	100	svt-rs-420	6	10.0	284	0.58	0.41	18.8674	identical
1025469	100	100	100	zenravif-420	6	15.0	370	13.35	0.47	41.4883	identical
1025469	100	100	100	zenravif-444	6	15.0	369	17.42	0.52	41.2118	identical
1025469	100	100	100	svt-rs-420	6	15.0	294	0.63	0.40	20.7800	identical
1025469	100	100	100	zenravif-420	6	20.0	390	14.74	0.52	49.8177	identical
1025469	100	100	100	zenravif-444	6	20.0	391	17.99	0.54	49.7867	identical
1025469	100	100	100	svt-rs-420	6	20.0	338	0.74	0.43	45.5450	identical
1025469	100	100	100	zenravif-420	6	25.0	399	14.58	0.47	52.5585	identical
1025469	100	100	100	zenravif-444	6	25.0	398	19.48	0.52	52.6696	identical
1025469	100	100	100	svt-rs-420	6	25.0	349	0.74	0.42	47.8138	identical
1025469	100	100	100	zenravif-420	6	30.0	429	17.55	0.48	57.4273	identical
1025469	100	100	100	zenravif-444	6	30.0	432	20.32	0.55	57.7156	identical
1025469	100	100	100	svt-rs-420	6	30.0	374	0.73	0.41	49.8146	identical
1025469	100	100	100	zenravif-420	6	35.0	463	17.99	0.52	59.5744	identical
1025469	100	100	100	zenravif-444	6	35.0	458	21.38	0.56	58.7909	identical
1025469	100	100	100	svt-rs-420	6	35.0	421	0.89	0.40	54.3766	identical
1025469	100	100	100	zenravif-420	6	40.0	514	19.96	0.45	62.6901	identical
1025469	100	100	100	zenravif-444	6	40.0	508	22.50	0.52	62.9424	identical
1025469	100	100	100	svt-rs-420	6	40.0	463	0.88	0.45	56.4870	identical
1025469	100	100	100	zenravif-420	6	45.0	550	21.77	0.46	65.2762	identical
1025469	100	100	100	zenravif-444	6	45.0	552	27.88	0.58	65.0662	identical
1025469	100	100	100	svt-rs-420	6	45.0	514	0.95	0.54	58.7366	identical
1025469	100	100	100	zenravif-420	6	50.0	605	21.70	0.51	66.7087	identical
1025469	100	100	100	zenravif-444	6	50.0	605	26.11	0.49	66.8086	identical
1025469	100	100	100	svt-rs-420	6	50.0	589	1.08	0.45	64.8938	identical
1025469	100	100	100	zenravif-420	6	55.0	663	23.53	0.49	68.1236	identical
1025469	100	100	100	zenravif-444	6	55.0	661	29.61	0.51	69.5171	identical
1025469	100	100	100	svt-rs-420	6	55.0	685	1.13	0.44	67.1991	identical
1025469	100	100	100	zenravif-420	6	60.0	752	23.08	0.50	70.1601	identical
1025469	100	100	100	zenravif-444	6	60.0	767	28.46	0.52	72.6065	identical
1025469	100	100	100	svt-rs-420	6	60.0	812	1.30	0.50	69.9195	identical
1025469	100	100	100	zenravif-420	6	65.0	835	25.72	0.46	72.2670	identical
1025469	100	100	100	zenravif-444	6	65.0	860	33.88	0.49	77.0339	identical
1025469	100	100	100	svt-rs-420	6	65.0	895	1.29	0.42	71.6725	identical
1025469	100	100	100	zenravif-420	6	70.0	924	29.97	0.46	73.4034	identical
1025469	100	100	100	zenravif-444	6	70.0	946	38.00	0.49	77.0659	identical
1025469	100	100	100	svt-rs-420	6	70.0	975	1.34	0.45	72.1925	identical
1025469	100	100	100	zenravif-420	6	75.0	1120	33.48	0.54	75.3396	identical
1025469	100	100	100	zenravif-444	6	75.0	1154	43.47	0.60	80.4898	identical
1025469	100	100	100	svt-rs-420	6	75.0	1073	1.54	0.50	73.2026	identical
1025469	100	100	100	zenravif-420	6	80.0	1288	36.43	0.56	77.1783	identical
1025469	100	100	100	zenravif-444	6	80.0	1344	46.98	0.58	82.7657	identical
1025469	100	100	100	svt-rs-420	6	80.0	1237	1.93	0.50	75.5387	identical
1025469	100	100	100	zenravif-420	6	85.0	1506	39.77	0.52	79.6083	identical
1025469	100	100	100	zenravif-444	6	85.0	1593	49.38	0.57	84.5445	identical
1025469	100	100	100	svt-rs-420	6	85.0	1442	1.48	0.49	77.1226	identical
1025469	100	100	100	zenravif-420	6	90.0	1869	44.34	0.59	80.9433	identical
1025469	100	100	100	zenravif-444	6	90.0	2167	55.55	0.61	86.4118	identical
1025469	100	100	100	svt-rs-420	6	90.0	1921	1.79	0.48	81.4857	identical
1025469	100	100	100	zenravif-420	6	95.0	2785	48.49	0.56	82.8414	identical
1025469	100	100	100	zenravif-444	6	95.0	3573	61.28	0.64	89.5745	identical
1025469	100	100	100	svt-rs-420	6	95.0	2761	1.88	0.54	83.2056	identical
1025469	100	100	100	zenravif-420	6	100.0	5445	35.14	0.68	84.7953	identical
1025469	100	100	100	zenravif-444	6	100.0	9332	60.97	0.92	95.0994	identical
1025469	100	100	100	svt-rs-420	6	100.0	4238	2.16	0.63	83.7078	identical
1044329	100	100	100	zenravif-420	6	5.0	600	32.33	0.62	15.7753	identical
1044329	100	100	100	zenravif-444	6	5.0	602	39.64	0.62	14.2162	identical
1044329	100	100	100	svt-rs-420	6	5.0	530	0.94	0.49	7.7588	identical
1044329	100	100	100	zenravif-420	6	10.0	637	33.12	0.56	19.0979	identical
1044329	100	100	100	zenravif-444	6	10.0	628	42.53	0.64	19.1889	identical
1044329	100	100	100	svt-rs-420	6	10.0	687	0.98	0.48	13.0416	identical
1044329	100	100	100	zenravif-420	6	15.0	710	35.45	0.61	21.9155	identical
1044329	100	100	100	zenravif-444	6	15.0	714	45.28	0.56	21.8273	identical
1044329	100	100	100	svt-rs-420	6	15.0	837	1.14	0.45	21.5091	identical
1044329	100	100	100	zenravif-420	6	20.0	796	37.86	0.61	22.2590	identical
1044329	100	100	100	zenravif-444	6	20.0	801	52.56	0.65	23.3050	identical
1044329	100	100	100	svt-rs-420	6	20.0	989	1.18	0.54	17.8748	identical
1044329	100	100	100	zenravif-420	6	25.0	912	44.18	0.56	32.5156	identical
1044329	100	100	100	zenravif-444	6	25.0	912	58.33	0.75	27.7155	identical
1044329	100	100	100	svt-rs-420	6	25.0	1148	1.29	0.52	16.8714	identical
1044329	100	100	100	zenravif-420	6	30.0	1013	45.28	0.59	33.1396	identical
1044329	100	100	100	zenravif-444	6	30.0	1052	61.93	0.65	29.6618	identical
1044329	100	100	100	svt-rs-420	6	30.0	1339	1.37	0.53	21.8589	identical
1044329	100	100	100	zenravif-420	6	35.0	1121	50.70	0.56	31.6739	identical
1044329	100	100	100	zenravif-444	6	35.0	1193	67.27	0.68	37.2621	identical
1044329	100	100	100	svt-rs-420	6	35.0	1665	1.40	0.49	24.6006	identical
1044329	100	100	100	zenravif-420	6	40.0	1309	54.84	0.63	35.4707	identical
1044329	100	100	100	zenravif-444	6	40.0	1379	73.38	0.65	45.9087	identical
1044329	100	100	100	svt-rs-420	6	40.0	1929	1.51	0.58	29.4086	identical
1044329	100	100	100	zenravif-420	6	45.0	1468	55.87	0.54	40.9146	identical
1044329	100	100	100	zenravif-444	6	45.0	1579	73.73	0.62	44.7858	identical
1044329	100	100	100	svt-rs-420	6	45.0	2238	1.58	0.52	33.9691	identical
1044329	100	100	100	zenravif-420	6	50.0	1698	61.44	0.60	44.3338	identical
1044329	100	100	100	zenravif-444	6	50.0	1850	80.07	0.62	46.6091	identical
1044329	100	100	100	svt-rs-420	6	50.0	2528	1.68	0.61	39.1595	identical
1044329	100	100	100	zenravif-420	6	55.0	1870	66.39	0.61	45.8313	identical
1044329	100	100	100	zenravif-444	6	55.0	2088	81.99	0.62	47.3806	identical
1044329	100	100	100	svt-rs-420	6	55.0	2875	1.78	0.55	42.2557	identical
1044329	100	100	100	zenravif-420	6	60.0	2199	66.22	0.64	47.6504	identical
1044329	100	100	100	zenravif-444	6	60.0	2457	89.17	0.60	53.9741	identical
1044329	100	100	100	svt-rs-420	6	60.0	3348	2.03	0.58	47.6215	identical
1044329	100	100	100	zenravif-420	6	65.0	2422	69.10	0.54	47.3952	identical
1044329	100	100	100	zenravif-444	6	65.0	2754	91.86	0.65	54.7232	identical
1044329	100	100	100	svt-rs-420	6	65.0	3720	1.90	0.59	49.3372	identical
1044329	100	100	100	zenravif-420	6	70.0	2758	72.97	0.63	49.6695	identical
1044329	100	100	100	zenravif-444	6	70.0	3189	96.56	0.61	56.9848	identical
1044329	100	100	100	svt-rs-420	6	70.0	4001	2.01	0.61	50.7869	identical
1044329	100	100	100	zenravif-420	6	75.0	3249	77.33	0.63	50.1966	identical
1044329	100	100	100	zenravif-444	6	75.0	3991	104.41	0.68	61.2133	identical
1044329	100	100	100	svt-rs-420	6	75.0	4288	1.70	0.60	51.6818	identical
1044329	100	100	100	zenravif-420	6	80.0	3588	80.38	0.64	52.8009	identical
1044329	100	100	100	zenravif-444	6	80.0	4566	105.05	0.73	65.4242	identical
1044329	100	100	100	svt-rs-420	6	80.0	4740	1.74	0.91	52.0562	identical
1044329	100	100	100	zenravif-420	6	85.0	4083	84.13	0.74	54.0624	identical
1044329	100	100	100	zenravif-444	6	85.0	5395	111.00	0.78	72.0121	identical
1044329	100	100	100	svt-rs-420	6	85.0	5271	1.61	0.63	53.6453	identical
1044329	100	100	100	zenravif-420	6	90.0	4747	91.81	0.72	54.3367	identical
1044329	100	100	100	zenravif-444	6	90.0	6561	119.52	0.78	76.3415	identical
1044329	100	100	100	svt-rs-420	6	90.0	6486	1.65	0.72	54.2753	identical
1044329	100	100	100	zenravif-420	6	95.0	5954	101.52	0.75	55.1965	identical
1044329	100	100	100	zenravif-444	6	95.0	8685	129.77	0.95	83.0254	identical
1044329	100	100	100	svt-rs-420	6	95.0	7851	1.78	0.82	55.1294	identical
1044329	100	100	100	zenravif-420	6	100.0	9530	54.59	0.98	55.8509	identical
1044329	100	100	100	zenravif-444	6	100.0	15677	93.88	1.35	95.2260	identical
1044329	100	100	100	svt-rs-420	6	100.0	9648	2.02	0.86	55.5943	identical
1189261	100	100	100	zenravif-420	6	5.0	506	24.55	0.56	30.8205	identical
1189261	100	100	100	zenravif-444	6	5.0	491	34.94	0.54	23.8546	identical
1189261	100	100	100	svt-rs-420	6	5.0	379	0.89	0.46	9.5681	identical
1189261	100	100	100	zenravif-420	6	10.0	521	25.08	0.47	31.1077	identical
1189261	100	100	100	zenravif-444	6	10.0	518	35.26	0.55	27.3601	identical
1189261	100	100	100	svt-rs-420	6	10.0	436	0.89	0.44	16.0282	identical
1189261	100	100	100	zenravif-420	6	15.0	554	29.97	0.56	33.8426	identical
1189261	100	100	100	zenravif-444	6	15.0	556	36.52	0.54	34.4684	identical
1189261	100	100	100	svt-rs-420	6	15.0	493	0.95	0.45	26.5140	identical
1189261	100	100	100	zenravif-420	6	20.0	607	29.27	0.60	39.4815	identical
1189261	100	100	100	zenravif-444	6	20.0	612	42.36	0.61	41.2067	identical
1189261	100	100	100	svt-rs-420	6	20.0	556	1.04	0.48	31.4434	identical
1189261	100	100	100	zenravif-420	6	25.0	645	30.42	0.55	43.6421	identical
1189261	100	100	100	zenravif-444	6	25.0	666	41.41	0.63	41.9926	identical
1189261	100	100	100	svt-rs-420	6	25.0	625	1.19	0.56	37.0608	identical
1189261	100	100	100	zenravif-420	6	30.0	715	36.37	0.52	47.9182	identical
1189261	100	100	100	zenravif-444	6	30.0	730	49.62	0.56	48.5294	identical
1189261	100	100	100	svt-rs-420	6	30.0	709	1.15	0.49	39.8781	identical
1189261	100	100	100	zenravif-420	6	35.0	794	34.14	0.61	48.3258	identical
1189261	100	100	100	zenravif-444	6	35.0	816	53.20	0.66	53.7934	identical
1189261	100	100	100	svt-rs-420	6	35.0	837	1.27	0.47	45.3325	identical
1189261	100	100	100	zenravif-420	6	40.0	874	36.57	0.44	53.5830	identical
1189261	100	100	100	zenravif-444	6	40.0	913	56.98	0.59	57.2435	identical
1189261	100	100	100	svt-rs-420	6	40.0	931	1.27	0.44	48.8961	identical
1189261	100	100	100	zenravif-420	6	45.0	956	44.95	0.55	56.5785	identical
1189261	100	100	100	zenravif-444	6	45.0	1018	50.72	0.62	61.3405	identical
1189261	100	100	100	svt-rs-420	6	45.0	1062	1.34	0.48	52.9317	identical
1189261	100	100	100	zenravif-420	6	50.0	1070	43.69	0.54	59.3047	identical
1189261	100	100	100	zenravif-444	6	50.0	1130	59.82	0.60	64.2352	identical
1189261	100	100	100	svt-rs-420	6	50.0	1224	1.42	0.53	56.5283	identical
1189261	100	100	100	zenravif-420	6	55.0	1222	42.04	0.54	61.6396	identical
1189261	100	100	100	zenravif-444	6	55.0	1274	60.23	0.56	66.1864	identical
1189261	100	100	100	svt-rs-420	6	55.0	1372	1.57	0.53	58.7875	identical
1189261	100	100	100	zenravif-420	6	60.0	1344	49.09	0.58	63.4105	identical
1189261	100	100	100	zenravif-444	6	60.0	1443	66.08	0.52	67.2996	identical
1189261	100	100	100	svt-rs-420	6	60.0	1625	1.60	0.55	63.1000	identical
1189261	100	100	100	zenravif-420	6	65.0	1534	49.29	0.51	64.1627	identical
1189261	100	100	100	zenravif-444	6	65.0	1680	67.24	0.56	68.4405	identical
1189261	100	100	100	svt-rs-420	6	65.0	1852	1.79	0.49	64.2578	identical
1189261	100	100	100	zenravif-420	6	70.0	1667	53.60	0.54	65.1826	identical
1189261	100	100	100	zenravif-444	6	70.0	1871	67.76	0.59	72.1006	identical
1189261	100	100	100	svt-rs-420	6	70.0	1998	1.75	0.51	66.2102	identical
1189261	100	100	100	zenravif-420	6	75.0	1986	58.56	0.62	66.1768	identical
1189261	100	100	100	zenravif-444	6	75.0	2249	80.90	0.59	76.0965	identical
1189261	100	100	100	svt-rs-420	6	75.0	2178	1.69	0.52	67.5993	identical
1189261	100	100	100	zenravif-420	6	80.0	2272	66.63	0.58	68.5003	identical
1189261	100	100	100	zenravif-444	6	80.0	2637	79.58	0.70	79.5575	identical
1189261	100	100	100	svt-rs-420	6	80.0	2486	1.91	0.66	69.2795	identical
1189261	100	100	100	zenravif-420	6	85.0	2628	60.97	0.63	69.5248	identical
1189261	100	100	100	zenravif-444	6	85.0	3149	89.93	0.71	82.5058	identical
1189261	100	100	100	svt-rs-420	6	85.0	2858	1.98	0.59	69.3687	identical
1189261	100	100	100	zenravif-420	6	90.0	3262	68.13	0.60	70.1328	identical
1189261	100	100	100	zenravif-444	6	90.0	4002	91.50	0.66	85.6822	identical
1189261	100	100	100	svt-rs-420	6	90.0	3733	2.77	0.58	70.4448	identical
1189261	100	100	100	zenravif-420	6	95.0	4540	79.85	0.65	71.1194	identical
1189261	100	100	100	zenravif-444	6	95.0	5926	107.35	0.79	89.6502	identical
1189261	100	100	100	svt-rs-420	6	95.0	5099	1.99	0.66	70.4130	identical
1189261	100	100	100	zenravif-420	6	100.0	7836	49.36	0.87	70.8357	identical
1189261	100	100	100	zenravif-444	6	100.0	12854	81.33	1.16	96.2021	identical
1189261	100	100	100	svt-rs-420	6	100.0	6971	2.41	0.78	71.1055	identical
1279330	100	100	100	zenravif-420	6	5.0	474	21.68	0.53	40.2698	identical
1279330	100	100	100	zenravif-444	6	5.0	467	28.06	0.49	41.9944	identical
1279330	100	100	100	svt-rs-420	6	5.0	377	0.69	0.49	25.3489	identical
1279330	100	100	100	zenravif-420	6	10.0	493	21.10	0.49	41.3214	identical
1279330	100	100	100	zenravif-444	6	10.0	487	28.46	0.47	46.5917	identical
1279330	100	100	100	svt-rs-420	6	10.0	408	0.76	0.42	31.0261	identical
1279330	100	100	100	zenravif-420	6	15.0	526	23.94	0.51	46.5181	identical
1279330	100	100	100	zenravif-444	6	15.0	518	29.28	0.51	52.9263	identical
1279330	100	100	100	svt-rs-420	6	15.0	439	0.77	0.47	36.3703	identical
1279330	100	100	100	zenravif-420	6	20.0	569	21.67	0.51	56.2297	identical
1279330	100	100	100	zenravif-444	6	20.0	578	31.74	0.59	58.2365	identical
1279330	100	100	100	svt-rs-420	6	20.0	471	0.80	0.45	40.8215	identical
1279330	100	100	100	zenravif-420	6	25.0	602	26.20	0.52	56.8235	identical
1279330	100	100	100	zenravif-444	6	25.0	604	34.06	0.65	60.4706	identical
1279330	100	100	100	svt-rs-420	6	25.0	521	0.86	0.47	48.2584	identical
1279330	100	100	100	zenravif-420	6	30.0	652	26.28	0.52	62.5338	identical
1279330	100	100	100	zenravif-444	6	30.0	663	36.75	0.66	64.1786	identical
1279330	100	100	100	svt-rs-420	6	30.0	585	0.87	0.51	52.1256	identical
1279330	100	100	100	zenravif-420	6	35.0	718	26.39	0.54	66.2681	identical
1279330	100	100	100	zenravif-444	6	35.0	721	39.07	0.53	72.5608	identical
1279330	100	100	100	svt-rs-420	6	35.0	657	0.95	0.48	59.4901	identical
1279330	100	100	100	zenravif-420	6	40.0	769	30.05	0.57	70.8436	identical
1279330	100	100	100	zenravif-444	6	40.0	783	40.46	0.66	72.2983	identical
1279330	100	100	100	svt-rs-420	6	40.0	742	1.06	0.54	62.9725	identical
1279330	100	100	100	zenravif-420	6	45.0	841	32.46	0.52	72.2877	identical
1279330	100	100	100	zenravif-444	6	45.0	865	43.25	0.51	75.6488	identical
1279330	100	100	100	svt-rs-420	6	45.0	814	0.95	0.49	66.0889	identical
1279330	100	100	100	zenravif-420	6	50.0	912	31.73	0.50	74.7848	identical
1279330	100	100	100	zenravif-444	6	50.0	952	42.83	0.56	77.6964	identical
1279330	100	100	100	svt-rs-420	6	50.0	915	0.97	0.46	71.9330	identical
1279330	100	100	100	zenravif-420	6	55.0	996	32.76	0.55	74.8307	identical
1279330	100	100	100	zenravif-444	6	55.0	1040	45.53	0.61	80.1133	identical
1279330	100	100	100	svt-rs-420	6	55.0	1001	1.06	0.43	72.4879	identical
1279330	100	100	100	zenravif-420	6	60.0	1089	32.61	0.55	76.0508	identical
1279330	100	100	100	zenravif-444	6	60.0	1150	45.78	0.57	81.3724	identical
1279330	100	100	100	svt-rs-420	6	60.0	1159	1.14	0.49	76.6987	identical
1279330	100	100	100	zenravif-420	6	65.0	1198	34.21	0.49	77.1530	identical
1279330	100	100	100	zenravif-444	6	65.0	1249	48.20	0.61	81.3890	identical
1279330	100	100	100	svt-rs-420	6	65.0	1263	1.15	0.43	78.2331	identical
1279330	100	100	100	zenravif-420	6	70.0	1295	37.57	0.56	80.8405	identical
1279330	100	100	100	zenravif-444	6	70.0	1370	52.78	0.54	83.9614	identical
1279330	100	100	100	svt-rs-420	6	70.0	1364	1.16	0.45	78.7813	identical
1279330	100	100	100	zenravif-420	6	75.0	1470	40.06	0.52	79.3225	identical
1279330	100	100	100	zenravif-444	6	75.0	1622	52.32	0.63	86.5582	identical
1279330	100	100	100	svt-rs-420	6	75.0	1505	1.24	0.45	80.8239	identical
1279330	100	100	100	zenravif-420	6	80.0	1657	42.80	0.53	82.4062	identical
1279330	100	100	100	zenravif-444	6	80.0	1829	54.55	0.57	87.9719	identical
1279330	100	100	100	svt-rs-420	6	80.0	1691	1.30	0.49	81.5914	identical
1279330	100	100	100	zenravif-420	6	85.0	1881	41.54	0.63	81.2688	identical
1279330	100	100	100	zenravif-444	6	85.0	2103	58.46	0.59	88.2655	identical
1279330	100	100	100	svt-rs-420	6	85.0	1935	1.25	0.50	80.9156	identical
1279330	100	100	100	zenravif-420	6	90.0	2267	49.46	0.55	82.8662	identical
1279330	100	100	100	zenravif-444	6	90.0	2618	61.74	0.56	90.8478	identical
1279330	100	100	100	svt-rs-420	6	90.0	2539	1.36	0.48	82.9857	identical
1279330	100	100	100	zenravif-420	6	95.0	3092	61.14	0.66	83.6583	identical
1279330	100	100	100	zenravif-444	6	95.0	3789	73.13	0.64	92.7174	identical
1279330	100	100	100	svt-rs-420	6	95.0	3502	1.35	0.55	83.9592	identical
1279330	100	100	100	zenravif-420	6	100.0	6863	44.64	0.84	84.6483	identical
1279330	100	100	100	zenravif-444	6	100.0	10746	80.96	1.07	96.2207	identical
1279330	100	100	100	svt-rs-420	6	100.0	5113	1.91	0.64	84.3536	identical
1418519	100	100	100	zenravif-420	6	5.0	374	13.31	0.53	53.9797	identical
1418519	100	100	100	zenravif-444	6	5.0	379	19.38	0.49	53.6122	identical
1418519	100	100	100	svt-rs-420	6	5.0	311	0.63	0.46	46.2715	identical
1418519	100	100	100	zenravif-420	6	10.0	380	14.44	0.53	59.6509	identical
1418519	100	100	100	zenravif-444	6	10.0	377	21.96	0.53	59.4750	identical
1418519	100	100	100	svt-rs-420	6	10.0	324	0.64	0.43	50.7633	identical
1418519	100	100	100	zenravif-420	6	15.0	396	14.66	0.42	65.2502	identical
1418519	100	100	100	zenravif-444	6	15.0	390	21.51	0.51	63.9268	identical
1418519	100	100	100	svt-rs-420	6	15.0	334	0.63	0.46	54.3553	identical
1418519	100	100	100	zenravif-420	6	20.0	405	16.88	0.53	65.2347	identical
1418519	100	100	100	zenravif-444	6	20.0	403	21.25	0.53	66.0081	identical
1418519	100	100	100	svt-rs-420	6	20.0	345	0.70	0.52	61.9789	identical
1418519	100	100	100	zenravif-420	6	25.0	418	22.78	0.53	69.2189	identical
1418519	100	100	100	zenravif-444	6	25.0	418	36.09	0.55	69.4655	identical
1418519	100	100	100	svt-rs-420	6	25.0	357	0.77	0.49	62.6447	identical
1418519	100	100	100	zenravif-420	6	30.0	441	22.48	0.49	74.1807	identical
1418519	100	100	100	zenravif-444	6	30.0	445	28.94	0.57	74.0198	identical
1418519	100	100	100	svt-rs-420	6	30.0	375	0.79	0.47	68.3269	identical
1418519	100	100	100	zenravif-420	6	35.0	454	21.59	0.47	75.2658	identical
1418519	100	100	100	zenravif-444	6	35.0	456	28.29	0.51	76.1451	identical
1418519	100	100	100	svt-rs-420	6	35.0	399	0.74	0.50	72.9666	identical
1418519	100	100	100	zenravif-420	6	40.0	487	23.36	0.46	76.3599	identical
1418519	100	100	100	zenravif-444	6	40.0	489	34.32	0.49	76.1789	identical
1418519	100	100	100	svt-rs-420	6	40.0	443	0.86	0.44	74.1636	identical
1418519	100	100	100	zenravif-420	6	45.0	521	26.72	0.44	79.2594	identical
1418519	100	100	100	zenravif-444	6	45.0	526	41.06	0.48	79.9101	identical
1418519	100	100	100	svt-rs-420	6	45.0	470	0.92	0.48	77.1402	identical
1418519	100	100	100	zenravif-420	6	50.0	545	26.64	0.50	81.9478	identical
1418519	100	100	100	zenravif-444	6	50.0	559	35.05	0.46	82.2218	identical
1418519	100	100	100	svt-rs-420	6	50.0	501	0.88	0.46	78.0395	identical
1418519	100	100	100	zenravif-420	6	55.0	580	24.93	0.42	82.2618	identical
1418519	100	100	100	zenravif-444	6	55.0	604	35.91	0.40	83.8712	identical
1418519	100	100	100	svt-rs-420	6	55.0	539	0.96	0.43	79.6249	identical
1418519	100	100	100	zenravif-420	6	60.0	616	29.75	0.43	83.0524	identical
1418519	100	100	100	zenravif-444	6	60.0	639	41.90	0.41	83.9113	identical
1418519	100	100	100	svt-rs-420	6	60.0	588	0.94	0.55	82.5223	identical
1418519	100	100	100	zenravif-420	6	65.0	669	26.19	0.44	85.0811	identical
1418519	100	100	100	zenravif-444	6	65.0	681	38.97	0.50	85.2338	identical
1418519	100	100	100	svt-rs-420	6	65.0	637	1.08	0.44	83.0877	identical
1418519	100	100	100	zenravif-420	6	70.0	711	26.87	0.48	85.4584	identical
1418519	100	100	100	zenravif-444	6	70.0	731	43.34	0.47	85.4444	identical
1418519	100	100	100	svt-rs-420	6	70.0	674	1.06	0.43	84.8962	identical
1418519	100	100	100	zenravif-420	6	75.0	787	30.27	0.46	86.0531	identical
1418519	100	100	100	zenravif-444	6	75.0	836	44.30	0.54	87.5246	identical
1418519	100	100	100	svt-rs-420	6	75.0	721	1.09	0.47	86.0152	identical
1418519	100	100	100	zenravif-420	6	80.0	871	32.03	0.50	86.7578	identical
1418519	100	100	100	zenravif-444	6	80.0	938	48.55	0.45	89.2750	identical
1418519	100	100	100	svt-rs-420	6	80.0	803	0.98	0.41	86.4704	identical
1418519	100	100	100	zenravif-420	6	85.0	995	33.86	0.50	87.8463	identical
1418519	100	100	100	zenravif-444	6	85.0	1076	46.02	0.50	90.6896	identical
1418519	100	100	100	svt-rs-420	6	85.0	911	1.10	0.46	87.2221	identical
1418519	100	100	100	zenravif-420	6	90.0	1195	40.59	0.47	89.0113	identical
1418519	100	100	100	zenravif-444	6	90.0	1352	50.72	0.47	91.0468	identical
1418519	100	100	100	svt-rs-420	6	90.0	1188	1.26	0.39	89.9293	identical
1418519	100	100	100	zenravif-420	6	95.0	1724	45.14	0.48	90.9973	identical
1418519	100	100	100	zenravif-444	6	95.0	2003	54.82	0.55	92.8655	identical
1418519	100	100	100	svt-rs-420	6	95.0	1636	1.39	0.43	91.0981	identical
1418519	100	100	100	zenravif-420	6	100.0	4386	33.92	0.64	92.1377	identical
1418519	100	100	100	zenravif-444	6	100.0	7117	58.40	0.83	95.7832	identical
1418519	100	100	100	svt-rs-420	6	100.0	2865	1.52	0.52	91.8137	identical
1420710	100	100	100	zenravif-420	6	5.0	514	20.59	0.53	39.1655	identical
1420710	100	100	100	zenravif-444	6	5.0	512	24.15	0.52	39.1409	identical
1420710	100	100	100	svt-rs-420	6	5.0	465	0.84	0.42	39.5105	identical
1420710	100	100	100	zenravif-420	6	10.0	534	19.70	0.47	41.7862	identical
1420710	100	100	100	zenravif-444	6	10.0	534	24.66	0.53	41.3121	identical
1420710	100	100	100	svt-rs-420	6	10.0	524	0.96	0.48	48.5722	identical
1420710	100	100	100	zenravif-420	6	15.0	587	20.56	0.41	46.3040	identical
1420710	100	100	100	zenravif-444	6	15.0	582	27.14	0.47	46.0853	identical
1420710	100	100	100	svt-rs-420	6	15.0	618	1.02	0.51	53.5541	identical
1420710	100	100	100	zenravif-420	6	20.0	668	22.02	0.51	52.5609	identical
1420710	100	100	100	zenravif-444	6	20.0	668	27.93	0.47	51.2895	identical
1420710	100	100	100	svt-rs-420	6	20.0	699	1.07	0.43	57.0495	identical
1420710	100	100	100	zenravif-420	6	25.0	746	24.52	0.51	55.9776	identical
1420710	100	100	100	zenravif-444	6	25.0	747	30.83	0.57	56.0044	identical
1420710	100	100	100	svt-rs-420	6	25.0	831	1.04	0.41	58.8216	identical
1420710	100	100	100	zenravif-420	6	30.0	871	28.44	0.50	59.9663	identical
1420710	100	100	100	zenravif-444	6	30.0	872	35.26	0.58	59.2860	identical
1420710	100	100	100	svt-rs-420	6	30.0	968	1.08	0.45	62.3129	identical
1420710	100	100	100	zenravif-420	6	35.0	985	28.50	0.56	61.5983	identical
1420710	100	100	100	zenravif-444	6	35.0	994	36.70	0.51	61.6530	identical
1420710	100	100	100	svt-rs-420	6	35.0	1226	1.08	0.47	64.2623	identical
1420710	100	100	100	zenravif-420	6	40.0	1175	34.12	0.55	65.0054	identical
1420710	100	100	100	zenravif-444	6	40.0	1183	43.94	0.56	66.0360	identical
1420710	100	100	100	svt-rs-420	6	40.0	1516	1.49	0.51	65.6563	identical
1420710	100	100	100	zenravif-420	6	45.0	1340	35.21	0.51	67.2157	identical
1420710	100	100	100	zenravif-444	6	45.0	1362	45.28	0.54	66.9804	identical
1420710	100	100	100	svt-rs-420	6	45.0	1807	1.59	0.46	67.7718	identical
1420710	100	100	100	zenravif-420	6	50.0	1589	36.47	0.57	68.0015	identical
1420710	100	100	100	zenravif-444	6	50.0	1627	54.26	0.61	69.2136	identical
1420710	100	100	100	svt-rs-420	6	50.0	2127	1.68	0.51	68.5052	identical
1420710	100	100	100	zenravif-420	6	55.0	1807	40.25	0.59	70.3037	identical
1420710	100	100	100	zenravif-444	6	55.0	1863	53.37	0.61	72.3260	identical
1420710	100	100	100	svt-rs-420	6	55.0	2515	1.78	0.56	70.7049	identical
1420710	100	100	100	zenravif-420	6	60.0	2134	44.25	0.50	71.1604	identical
1420710	100	100	100	zenravif-444	6	60.0	2209	54.50	0.67	72.0292	identical
1420710	100	100	100	svt-rs-420	6	60.0	3043	1.76	0.58	72.5844	identical
1420710	100	100	100	zenravif-420	6	65.0	2456	43.68	0.59	73.6110	identical
1420710	100	100	100	zenravif-444	6	65.0	2576	57.26	0.73	75.6322	identical
1420710	100	100	100	svt-rs-420	6	65.0	3466	1.78	0.59	74.3815	identical
1420710	100	100	100	zenravif-420	6	70.0	2745	47.74	0.68	73.9559	identical
1420710	100	100	100	zenravif-444	6	70.0	2870	61.37	0.72	77.1740	identical
1420710	100	100	100	svt-rs-420	6	70.0	3788	1.65	0.58	76.2245	identical
1420710	100	100	100	zenravif-420	6	75.0	3414	52.56	0.56	76.0252	identical
1420710	100	100	100	zenravif-444	6	75.0	3646	70.63	0.73	79.1426	identical
1420710	100	100	100	svt-rs-420	6	75.0	4167	1.68	0.56	77.3929	identical
1420710	100	100	100	zenravif-420	6	80.0	3966	58.65	0.65	78.0854	identical
1420710	100	100	100	zenravif-444	6	80.0	4279	75.26	0.76	81.3757	identical
1420710	100	100	100	svt-rs-420	6	80.0	4724	1.85	0.61	79.2741	identical
1420710	100	100	100	zenravif-420	6	85.0	4553	67.47	0.74	79.6401	identical
1420710	100	100	100	zenravif-444	6	85.0	5057	81.20	0.78	82.5558	identical
1420710	100	100	100	svt-rs-420	6	85.0	5383	1.61	0.65	80.8856	identical
1420710	100	100	100	zenravif-420	6	90.0	5513	72.41	0.76	80.7177	identical
1420710	100	100	100	zenravif-444	6	90.0	6320	89.30	0.84	85.1804	identical
1420710	100	100	100	svt-rs-420	6	90.0	6602	1.41	0.64	82.6677	identical
1420710	100	100	100	zenravif-420	6	95.0	7006	79.44	0.71	82.7470	identical
1420710	100	100	100	zenravif-444	6	95.0	8641	101.67	0.96	88.4059	identical
1420710	100	100	100	svt-rs-420	6	95.0	8194	1.53	0.77	83.4845	identical
1420710	100	100	100	zenravif-420	6	100.0	11080	55.29	1.08	84.6792	identical
1420710	100	100	100	zenravif-444	6	100.0	17159	97.83	1.39	96.2262	identical
1420710	100	100	100	svt-rs-420	6	100.0	10152	1.51	0.83	84.1909	identical
1025469	200	200	200	zenravif-420	6	5.0	497	34.81	1.08	-23.9205	identical
1025469	200	200	200	zenravif-444	6	5.0	495	44.44	0.79	-25.1701	identical
1025469	200	200	200	svt-rs-420	6	5.0	382	1.97	0.93	-50.4564	identical
1025469	200	200	200	zenravif-420	6	10.0	521	36.51	0.98	-22.4786	identical
1025469	200	200	200	zenravif-444	6	10.0	527	51.90	0.86	-22.6734	identical
1025469	200	200	200	svt-rs-420	6	10.0	412	2.15	0.97	-42.6829	identical
1025469	200	200	200	zenravif-420	6	15.0	560	40.06	0.94	-8.1210	identical
1025469	200	200	200	zenravif-444	6	15.0	552	54.80	0.76	-9.1240	identical
1025469	200	200	200	svt-rs-420	6	15.0	504	2.30	1.01	-17.5235	identical
1025469	200	200	200	zenravif-420	6	20.0	622	43.12	1.11	2.7269	identical
1025469	200	200	200	zenravif-444	6	20.0	625	54.55	0.92	1.9076	identical
1025469	200	200	200	svt-rs-420	6	20.0	573	2.55	0.86	-8.0255	identical
1025469	200	200	200	zenravif-420	6	25.0	683	48.29	1.10	16.0174	identical
1025469	200	200	200	zenravif-444	6	25.0	696	59.79	0.77	15.0687	identical
1025469	200	200	200	svt-rs-420	6	25.0	644	2.57	1.02	0.6498	identical
1025469	200	200	200	zenravif-420	6	30.0	753	56.79	0.93	26.4236	identical
1025469	200	200	200	zenravif-444	6	30.0	760	74.47	0.77	25.9111	identical
1025469	200	200	200	svt-rs-420	6	30.0	729	2.65	1.23	12.3273	identical
1025469	200	200	200	zenravif-420	6	35.0	867	58.79	0.97	37.5719	identical
1025469	200	200	200	zenravif-444	6	35.0	871	80.70	0.88	37.4587	identical
1025469	200	200	200	svt-rs-420	6	35.0	884	2.79	0.99	26.3983	identical
1025469	200	200	200	zenravif-420	6	40.0	999	62.94	0.87	43.0937	identical
1025469	200	200	200	zenravif-444	6	40.0	991	85.57	0.94	42.0918	identical
1025469	200	200	200	svt-rs-420	6	40.0	1061	3.08	0.99	40.5568	identical
1025469	200	200	200	zenravif-420	6	45.0	1149	73.78	0.85	49.7502	identical
1025469	200	200	200	zenravif-444	6	45.0	1147	93.06	0.92	49.4282	identical
1025469	200	200	200	svt-rs-420	6	45.0	1241	3.05	0.89	46.2728	identical
1025469	200	200	200	zenravif-420	6	50.0	1328	72.77	0.71	55.5542	identical
1025469	200	200	200	zenravif-444	6	50.0	1358	91.52	0.72	55.9936	identical
1025469	200	200	200	svt-rs-420	6	50.0	1461	3.44	0.78	53.1029	identical
1025469	200	200	200	zenravif-420	6	55.0	1593	79.67	0.80	62.5633	identical
1025469	200	200	200	zenravif-444	6	55.0	1624	96.76	0.72	63.1502	identical
1025469	200	200	200	svt-rs-420	6	55.0	1764	3.66	0.84	61.2110	identical
1025469	200	200	200	zenravif-420	6	60.0	1878	88.85	0.78	67.4159	identical
1025469	200	200	200	zenravif-444	6	60.0	1894	111.19	0.87	68.6721	identical
1025469	200	200	200	svt-rs-420	6	60.0	2152	3.83	0.74	67.8826	identical
1025469	200	200	200	zenravif-420	6	65.0	2232	101.64	0.90	72.0217	identical
1025469	200	200	200	zenravif-444	6	65.0	2302	127.76	0.92	72.5673	identical
1025469	200	200	200	svt-rs-420	6	65.0	2483	3.95	0.82	71.5248	identical
1025469	200	200	200	zenravif-420	6	70.0	2561	106.56	0.93	74.9396	identical
1025469	200	200	200	zenravif-444	6	70.0	2624	133.78	0.88	76.7662	identical
1025469	200	200	200	svt-rs-420	6	70.0	2809	4.36	0.98	74.2205	identical
1025469	200	200	200	zenravif-420	6	75.0	3208	115.78	1.04	79.2247	identical
1025469	200	200	200	zenravif-444	6	75.0	3362	153.34	1.06	81.0438	identical
1025469	200	200	200	svt-rs-420	6	75.0	3161	4.26	0.89	76.9635	identical
1025469	200	200	200	zenravif-420	6	80.0	3885	128.29	1.02	82.1758	identical
1025469	200	200	200	zenravif-444	6	80.0	4087	174.20	1.05	83.8508	identical
1025469	200	200	200	svt-rs-420	6	80.0	3737	4.68	0.88	79.3750	identical
1025469	200	200	200	zenravif-420	6	85.0	4598	147.18	1.14	83.7412	identical
1025469	200	200	200	zenravif-444	6	85.0	5074	202.12	1.20	85.9229	identical
1025469	200	200	200	svt-rs-420	6	85.0	4576	4.77	0.99	82.7740	identical
1025469	200	200	200	zenravif-420	6	90.0	6137	168.36	1.24	85.9428	identical
1025469	200	200	200	zenravif-444	6	90.0	6980	217.36	1.33	88.7173	identical
1025469	200	200	200	svt-rs-420	6	90.0	6346	5.50	0.93	85.8967	identical
1025469	200	200	200	zenravif-420	6	95.0	9779	188.97	1.31	88.5171	identical
1025469	200	200	200	zenravif-444	6	95.0	12475	241.25	1.58	92.0171	identical
1025469	200	200	200	svt-rs-420	6	95.0	9402	6.40	1.11	88.1699	identical
1025469	200	200	200	zenravif-420	6	100.0	19766	136.31	1.74	90.6747	identical
1025469	200	200	200	zenravif-444	6	100.0	35148	237.14	2.70	95.9135	identical
1025469	200	200	200	svt-rs-420	6	100.0	15027	7.08	1.38	89.4384	identical
1044329	200	200	200	zenravif-420	6	5.0	1316	97.70	1.06	3.0426	identical
1044329	200	200	200	zenravif-444	6	5.0	1333	126.98	1.03	1.3945	identical
1044329	200	200	200	svt-rs-420	6	5.0	1206	2.72	0.78	-15.7893	identical
1044329	200	200	200	zenravif-420	6	10.0	1427	104.71	0.98	5.1798	identical
1044329	200	200	200	zenravif-444	6	10.0	1441	133.69	1.08	4.6082	identical
1044329	200	200	200	svt-rs-420	6	10.0	1533	2.97	0.84	-2.0141	identical
1044329	200	200	200	zenravif-420	6	15.0	1673	114.28	1.13	14.6353	identical
1044329	200	200	200	zenravif-444	6	15.0	1686	152.85	1.12	12.1260	identical
1044329	200	200	200	svt-rs-420	6	15.0	2098	3.31	0.87	7.0604	identical
1044329	200	200	200	zenravif-420	6	20.0	1967	126.80	1.13	25.0258	identical
1044329	200	200	200	zenravif-444	6	20.0	2000	170.16	1.14	21.9225	identical
1044329	200	200	200	svt-rs-420	6	20.0	2690	3.70	0.87	17.2726	identical
1044329	200	200	200	zenravif-420	6	25.0	2320	137.95	1.13	33.9398	identical
1044329	200	200	200	zenravif-444	6	25.0	2358	182.86	1.16	32.0261	identical
1044329	200	200	200	svt-rs-420	6	25.0	3381	4.15	0.89	30.0022	identical
1044329	200	200	200	zenravif-420	6	30.0	2701	150.22	1.17	40.5527	identical
1044329	200	200	200	zenravif-444	6	30.0	2801	213.73	1.23	41.4730	identical
1044329	200	200	200	svt-rs-420	6	30.0	4070	4.38	0.90	35.6380	identical
1044329	200	200	200	zenravif-420	6	35.0	3148	166.48	1.10	49.0554	identical
1044329	200	200	200	zenravif-444	6	35.0	3356	228.95	1.26	50.6638	identical
1044329	200	200	200	svt-rs-420	6	35.0	5153	4.70	1.07	49.1387	identical
1044329	200	200	200	zenravif-420	6	40.0	3743	181.49	1.25	52.8043	identical
1044329	200	200	200	zenravif-444	6	40.0	4008	238.44	1.39	56.1244	identical
1044329	200	200	200	svt-rs-420	6	40.0	6251	4.90	1.15	53.9322	identical
1044329	200	200	200	zenravif-420	6	45.0	4359	192.41	1.24	58.6069	identical
1044329	200	200	200	zenravif-444	6	45.0	4653	255.05	1.33	61.0355	identical
1044329	200	200	200	svt-rs-420	6	45.0	7312	5.40	1.07	60.9434	identical
1044329	200	200	200	zenravif-420	6	50.0	5122	198.52	1.09	62.1868	identical
1044329	200	200	200	zenravif-444	6	50.0	5510	268.11	1.26	64.4864	identical
1044329	200	200	200	svt-rs-420	6	50.0	8451	5.80	1.23	65.2196	identical
1044329	200	200	200	zenravif-420	6	55.0	5737	216.45	1.21	64.4998	identical
1044329	200	200	200	zenravif-444	6	55.0	6420	285.87	1.18	69.5653	identical
1044329	200	200	200	svt-rs-420	6	55.0	9731	6.10	1.19	68.0408	identical
1044329	200	200	200	zenravif-420	6	60.0	6868	224.73	1.26	68.9411	identical
1044329	200	200	200	zenravif-444	6	60.0	7721	309.54	1.40	74.2304	identical
1044329	200	200	200	svt-rs-420	6	60.0	11457	6.55	1.36	73.7997	identical
1044329	200	200	200	zenravif-420	6	65.0	7631	242.92	1.31	72.0875	identical
1044329	200	200	200	zenravif-444	6	65.0	8915	324.32	1.49	78.0138	identical
1044329	200	200	200	svt-rs-420	6	65.0	12710	6.39	1.40	75.3151	identical
1044329	200	200	200	zenravif-420	6	70.0	8866	251.20	1.36	75.0838	identical
1044329	200	200	200	zenravif-444	6	70.0	10415	356.15	1.57	80.6513	identical
1044329	200	200	200	svt-rs-420	6	70.0	13781	6.61	1.49	76.8469	identical
1044329	200	200	200	zenravif-420	6	75.0	10657	279.79	1.43	78.0043	identical
1044329	200	200	200	zenravif-444	6	75.0	13086	376.63	1.80	84.0613	identical
1044329	200	200	200	svt-rs-420	6	75.0	14843	6.88	1.42	78.0863	identical
1044329	200	200	200	zenravif-420	6	80.0	12075	280.45	1.47	79.2622	identical
1044329	200	200	200	zenravif-444	6	80.0	15400	398.60	1.83	86.2448	identical
1044329	200	200	200	svt-rs-420	6	80.0	16658	7.16	1.59	80.0700	identical
1044329	200	200	200	zenravif-420	6	85.0	13755	305.51	1.56	80.2799	identical
1044329	200	200	200	zenravif-444	6	85.0	18372	429.38	1.91	88.5723	identical
1044329	200	200	200	svt-rs-420	6	85.0	18470	5.95	1.67	80.4295	identical
1044329	200	200	200	zenravif-420	6	90.0	16457	335.65	1.67	81.6686	identical
1044329	200	200	200	zenravif-444	6	90.0	22784	456.10	2.15	90.3292	identical
1044329	200	200	200	svt-rs-420	6	90.0	22668	6.10	1.78	81.8747	identical
1044329	200	200	200	zenravif-420	6	95.0	20850	379.57	1.89	82.9941	identical
1044329	200	200	200	zenravif-444	6	95.0	30734	516.08	2.55	92.8875	identical
1044329	200	200	200	svt-rs-420	6	95.0	28032	6.43	2.04	82.7928	identical
1044329	200	200	200	zenravif-420	6	100.0	34805	211.40	2.67	83.7262	identical
1044329	200	200	200	zenravif-444	6	100.0	59349	367.39	4.15	96.1952	identical
1044329	200	200	200	svt-rs-420	6	100.0	35063	7.04	2.53	83.5596	identical
1189261	200	200	200	zenravif-420	6	5.0	984	65.72	0.99	-0.6317	identical
1189261	200	200	200	zenravif-444	6	5.0	956	81.13	0.91	-1.1822	identical
1189261	200	200	200	svt-rs-420	6	5.0	663	2.51	0.71	-24.0751	identical
1189261	200	200	200	zenravif-420	6	10.0	1043	73.31	1.01	5.3849	identical
1189261	200	200	200	zenravif-444	6	10.0	1017	92.91	0.90	3.6484	identical
1189261	200	200	200	svt-rs-420	6	10.0	810	2.60	0.74	-8.8372	identical
1189261	200	200	200	zenravif-420	6	15.0	1159	68.52	0.94	15.8598	identical
1189261	200	200	200	zenravif-444	6	15.0	1140	99.14	0.96	16.0028	identical
1189261	200	200	200	svt-rs-420	6	15.0	1025	2.84	1.08	5.3719	identical
1189261	200	200	200	zenravif-420	6	20.0	1312	78.89	1.20	22.6429	identical
1189261	200	200	200	zenravif-444	6	20.0	1330	108.61	1.01	24.2009	identical
1189261	200	200	200	svt-rs-420	6	20.0	1241	3.07	0.94	21.4764	identical
1189261	200	200	200	zenravif-420	6	25.0	1480	83.76	1.08	32.5287	identical
1189261	200	200	200	zenravif-444	6	25.0	1514	117.39	1.02	33.7491	identical
1189261	200	200	200	svt-rs-420	6	25.0	1429	3.36	0.94	28.6210	identical
1189261	200	200	200	zenravif-420	6	30.0	1727	91.89	1.09	42.6112	identical
1189261	200	200	200	zenravif-444	6	30.0	1771	120.31	1.05	43.1174	identical
1189261	200	200	200	svt-rs-420	6	30.0	1662	3.60	1.02	37.8582	identical
1189261	200	200	200	zenravif-420	6	35.0	1991	95.53	1.03	50.3176	identical
1189261	200	200	200	zenravif-444	6	35.0	2063	132.13	1.09	50.9486	identical
1189261	200	200	200	svt-rs-420	6	35.0	2125	4.04	1.24	47.9564	identical
1189261	200	200	200	zenravif-420	6	40.0	2267	105.68	1.14	56.0027	identical
1189261	200	200	200	zenravif-444	6	40.0	2442	139.58	1.11	57.0438	identical
1189261	200	200	200	svt-rs-420	6	40.0	2534	4.01	0.87	56.2389	identical
1189261	200	200	200	zenravif-420	6	45.0	2641	115.27	1.20	61.2862	identical
1189261	200	200	200	zenravif-444	6	45.0	2850	150.45	1.21	63.7399	identical
1189261	200	200	200	svt-rs-420	6	45.0	2989	4.26	1.00	61.0586	identical
1189261	200	200	200	zenravif-420	6	50.0	3087	105.31	0.85	66.6477	identical
1189261	200	200	200	zenravif-444	6	50.0	3329	152.29	1.20	67.1287	identical
1189261	200	200	200	svt-rs-420	6	50.0	3463	4.59	0.85	65.8880	identical
1189261	200	200	200	zenravif-420	6	55.0	3559	125.65	1.03	70.8581	identical
1189261	200	200	200	zenravif-444	6	55.0	3889	158.08	1.12	72.6471	identical
1189261	200	200	200	svt-rs-420	6	55.0	4097	4.91	0.95	70.7559	identical
1189261	200	200	200	zenravif-420	6	60.0	4067	128.81	1.02	74.8052	identical
1189261	200	200	200	zenravif-444	6	60.0	4518	158.24	1.27	76.1086	identical
1189261	200	200	200	svt-rs-420	6	60.0	4981	5.69	1.02	76.2558	identical
1189261	200	200	200	zenravif-420	6	65.0	4741	140.95	1.11	77.6008	identical
1189261	200	200	200	zenravif-444	6	65.0	5253	196.30	1.29	79.5896	identical
1189261	200	200	200	svt-rs-420	6	65.0	5674	5.70	0.99	78.1998	identical
1189261	200	200	200	zenravif-420	6	70.0	5332	144.40	1.13	79.8905	identical
1189261	200	200	200	zenravif-444	6	70.0	6076	201.52	1.31	81.8538	identical
1189261	200	200	200	svt-rs-420	6	70.0	6332	5.90	1.01	80.6648	identical
1189261	200	200	200	zenravif-420	6	75.0	6597	162.09	1.15	83.2704	identical
1189261	200	200	200	zenravif-444	6	75.0	7542	220.53	1.53	84.9460	identical
1189261	200	200	200	svt-rs-420	6	75.0	7086	6.12	1.17	82.3481	identical
1189261	200	200	200	zenravif-420	6	80.0	7722	168.05	1.48	84.5621	identical
1189261	200	200	200	zenravif-444	6	80.0	9086	238.10	1.53	87.1152	identical
1189261	200	200	200	svt-rs-420	6	80.0	8275	6.57	1.20	83.9356	identical
1189261	200	200	200	zenravif-420	6	85.0	9061	192.14	1.38	86.0682	identical
1189261	200	200	200	zenravif-444	6	85.0	10988	265.06	1.60	89.7253	identical
1189261	200	200	200	svt-rs-420	6	85.0	9684	6.60	1.31	85.9597	identical
1189261	200	200	200	zenravif-420	6	90.0	11538	208.32	1.44	87.8559	identical
1189261	200	200	200	zenravif-444	6	90.0	14330	287.32	1.73	91.5705	identical
1189261	200	200	200	svt-rs-420	6	90.0	13103	5.95	1.33	87.9879	identical
1189261	200	200	200	zenravif-420	6	95.0	16639	264.26	1.69	88.9017	identical
1189261	200	200	200	zenravif-444	6	95.0	21738	341.51	2.16	93.9974	identical
1189261	200	200	200	svt-rs-420	6	95.0	18392	6.35	1.57	88.9147	identical
1189261	200	200	200	zenravif-420	6	100.0	29534	163.00	2.30	89.8309	identical
1189261	200	200	200	zenravif-444	6	100.0	50158	285.24	3.65	96.8566	identical
1189261	200	200	200	svt-rs-420	6	100.0	24866	6.93	1.91	89.3974	identical
1279330	200	200	200	zenravif-420	6	5.0	951	67.99	0.86	7.6432	identical
1279330	200	200	200	zenravif-444	6	5.0	937	90.84	0.68	7.9087	identical
1279330	200	200	200	svt-rs-420	6	5.0	655	2.21	0.87	-11.7937	identical
1279330	200	200	200	zenravif-420	6	10.0	1016	74.29	1.14	18.2910	identical
1279330	200	200	200	zenravif-444	6	10.0	986	97.54	0.78	16.0773	identical
1279330	200	200	200	svt-rs-420	6	10.0	751	2.45	1.11	2.7512	identical
1279330	200	200	200	zenravif-420	6	15.0	1128	75.28	1.17	29.2756	identical
1279330	200	200	200	zenravif-444	6	15.0	1104	103.75	0.86	25.3070	identical
1279330	200	200	200	svt-rs-420	6	15.0	903	2.49	1.10	18.8512	identical
1279330	200	200	200	zenravif-420	6	20.0	1281	79.21	0.95	38.7368	identical
1279330	200	200	200	zenravif-444	6	20.0	1282	105.15	0.84	37.1403	identical
1279330	200	200	200	svt-rs-420	6	20.0	1038	2.63	0.89	28.9421	identical
1279330	200	200	200	zenravif-420	6	25.0	1439	86.55	0.95	46.4394	identical
1279330	200	200	200	zenravif-444	6	25.0	1423	112.93	0.86	45.9894	identical
1279330	200	200	200	svt-rs-420	6	25.0	1233	2.69	1.20	39.2801	identical
1279330	200	200	200	zenravif-420	6	30.0	1613	92.25	1.02	55.4467	identical
1279330	200	200	200	zenravif-444	6	30.0	1607	123.51	0.95	54.2385	identical
1279330	200	200	200	svt-rs-420	6	30.0	1419	2.75	1.02	46.9456	identical
1279330	200	200	200	zenravif-420	6	35.0	1791	105.95	1.08	60.0987	identical
1279330	200	200	200	zenravif-444	6	35.0	1828	139.19	0.96	61.4920	identical
1279330	200	200	200	svt-rs-420	6	35.0	1726	3.19	0.75	56.9223	identical
1279330	200	200	200	zenravif-420	6	40.0	2026	107.78	1.01	66.4777	identical
1279330	200	200	200	zenravif-444	6	40.0	2109	145.55	0.98	66.9996	identical
1279330	200	200	200	svt-rs-420	6	40.0	2019	3.08	0.79	63.9991	identical
1279330	200	200	200	zenravif-420	6	45.0	2288	110.56	1.01	70.5244	identical
1279330	200	200	200	zenravif-444	6	45.0	2378	151.09	1.16	72.2374	identical
1279330	200	200	200	svt-rs-420	6	45.0	2374	3.12	0.77	69.1158	identical
1279330	200	200	200	zenravif-420	6	50.0	2561	112.05	0.89	75.1594	identical
1279330	200	200	200	zenravif-444	6	50.0	2685	150.31	1.04	74.9357	identical
1279330	200	200	200	svt-rs-420	6	50.0	2716	3.53	0.73	74.3211	identical
1279330	200	200	200	zenravif-420	6	55.0	2873	116.21	0.89	76.8456	identical
1279330	200	200	200	zenravif-444	6	55.0	3028	157.23	1.05	78.6305	identical
1279330	200	200	200	svt-rs-420	6	55.0	3160	3.67	0.83	77.9400	identical
1279330	200	200	200	zenravif-420	6	60.0	3199	118.95	0.88	80.0225	identical
1279330	200	200	200	zenravif-444	6	60.0	3447	160.76	1.11	80.7131	identical
1279330	200	200	200	svt-rs-420	6	60.0	3710	3.80	0.89	81.4690	identical
1279330	200	200	200	zenravif-420	6	65.0	3639	132.29	0.95	82.1889	identical
1279330	200	200	200	zenravif-444	6	65.0	3918	172.46	1.15	83.3800	identical
1279330	200	200	200	svt-rs-420	6	65.0	4156	3.84	0.91	82.5250	identical
1279330	200	200	200	zenravif-420	6	70.0	4023	138.47	0.94	83.9449	identical
1279330	200	200	200	zenravif-444	6	70.0	4402	177.89	1.15	85.2254	identical
1279330	200	200	200	svt-rs-420	6	70.0	4552	3.87	0.81	84.6276	identical
1279330	200	200	200	zenravif-420	6	75.0	4774	148.81	1.00	86.3172	identical
1279330	200	200	200	zenravif-444	6	75.0	5284	197.04	1.27	87.6037	identical
1279330	200	200	200	svt-rs-420	6	75.0	5114	4.10	0.86	86.4492	identical
1279330	200	200	200	zenravif-420	6	80.0	5445	153.00	1.03	87.7085	identical
1279330	200	200	200	zenravif-444	6	80.0	6084	205.40	1.16	89.4031	identical
1279330	200	200	200	svt-rs-420	6	80.0	5862	3.98	0.98	88.2695	identical
1279330	200	200	200	zenravif-420	6	85.0	6289	168.88	1.14	89.4435	identical
1279330	200	200	200	zenravif-444	6	85.0	7127	218.76	1.48	90.9978	identical
1279330	200	200	200	svt-rs-420	6	85.0	6837	4.22	0.98	89.5778	identical
1279330	200	200	200	zenravif-420	6	90.0	7952	183.39	1.23	90.8552	identical
1279330	200	200	200	zenravif-444	6	90.0	9226	228.61	1.39	92.7802	identical
1279330	200	200	200	svt-rs-420	6	90.0	9143	4.42	1.02	91.5995	identical
1279330	200	200	200	zenravif-420	6	95.0	11358	215.68	1.43	92.6211	identical
1279330	200	200	200	zenravif-444	6	95.0	13723	261.99	1.71	94.5324	identical
1279330	200	200	200	svt-rs-420	6	95.0	13296	4.66	1.25	93.0536	identical
1279330	200	200	200	zenravif-420	6	100.0	26532	193.59	2.15	94.3552	identical
1279330	200	200	200	zenravif-444	6	100.0	42489	347.73	3.22	96.8955	identical
1279330	200	200	200	svt-rs-420	6	100.0	19508	5.33	1.59	93.7768	identical
1418519	200	200	200	zenravif-420	6	5.0	567	49.15	1.01	6.2129	identical
1418519	200	200	200	zenravif-444	6	5.0	562	61.56	0.86	7.0973	identical
1418519	200	200	200	svt-rs-420	6	5.0	436	2.01	0.82	-5.6471	identical
1418519	200	200	200	zenravif-420	6	10.0	596	51.82	0.74	12.6298	identical
1418519	200	200	200	zenravif-444	6	10.0	584	71.33	0.72	14.4927	identical
1418519	200	200	200	svt-rs-420	6	10.0	480	2.03	0.80	7.8846	identical
1418519	200	200	200	zenravif-420	6	15.0	645	48.49	1.12	28.7561	identical
1418519	200	200	200	zenravif-444	6	15.0	633	61.95	0.76	29.1765	identical
1418519	200	200	200	svt-rs-420	6	15.0	533	2.49	0.85	20.5215	identical
1418519	200	200	200	zenravif-420	6	20.0	694	52.29	1.05	35.2249	identical
1418519	200	200	200	zenravif-444	6	20.0	697	71.48	0.75	36.1126	identical
1418519	200	200	200	svt-rs-420	6	20.0	613	2.40	1.01	28.8561	identical
1418519	200	200	200	zenravif-420	6	25.0	758	60.28	0.88	46.6852	identical
1418519	200	200	200	zenravif-444	6	25.0	758	81.01	0.80	46.6039	identical
1418519	200	200	200	svt-rs-420	6	25.0	673	2.56	0.89	40.7703	identical
1418519	200	200	200	zenravif-420	6	30.0	813	70.15	0.98	52.2170	identical
1418519	200	200	200	zenravif-444	6	30.0	825	84.53	0.76	51.6144	identical
1418519	200	200	200	svt-rs-420	6	30.0	738	2.41	0.81	47.3006	identical
1418519	200	200	200	zenravif-420	6	35.0	916	64.58	0.83	57.7596	identical
1418519	200	200	200	zenravif-444	6	35.0	917	95.89	0.81	58.2063	identical
1418519	200	200	200	svt-rs-420	6	35.0	855	2.78	0.77	52.9922	identical
1418519	200	200	200	zenravif-420	6	40.0	1021	80.73	0.76	65.2014	identical
1418519	200	200	200	zenravif-444	6	40.0	1039	103.25	0.85	65.0979	identical
1418519	200	200	200	svt-rs-420	6	40.0	968	2.78	0.81	60.6000	identical
1418519	200	200	200	zenravif-420	6	45.0	1117	80.48	0.77	68.5111	identical
1418519	200	200	200	zenravif-444	6	45.0	1153	109.75	0.99	69.4499	identical
1418519	200	200	200	svt-rs-420	6	45.0	1068	3.05	0.76	65.1936	identical
1418519	200	200	200	zenravif-420	6	50.0	1229	79.39	0.71	72.5443	identical
1418519	200	200	200	zenravif-444	6	50.0	1274	101.20	0.76	72.8501	identical
1418519	200	200	200	svt-rs-420	6	50.0	1192	3.03	0.92	69.0419	identical
1418519	200	200	200	zenravif-420	6	55.0	1381	82.50	0.77	75.2102	identical
1418519	200	200	200	zenravif-444	6	55.0	1437	108.78	1.04	76.0049	identical
1418519	200	200	200	svt-rs-420	6	55.0	1376	3.08	0.76	73.6001	identical
1418519	200	200	200	zenravif-420	6	60.0	1525	87.36	0.70	78.0925	identical
1418519	200	200	200	zenravif-444	6	60.0	1601	112.78	0.94	79.0101	identical
1418519	200	200	200	svt-rs-420	6	60.0	1620	3.36	0.71	77.3204	identical
1418519	200	200	200	zenravif-420	6	65.0	1712	94.35	0.81	80.9906	identical
1418519	200	200	200	zenravif-444	6	65.0	1791	118.81	0.81	81.0771	identical
1418519	200	200	200	svt-rs-420	6	65.0	1815	3.32	0.81	80.2463	identical
1418519	200	200	200	zenravif-420	6	70.0	1878	95.29	0.72	83.0473	identical
1418519	200	200	200	zenravif-444	6	70.0	2006	122.82	0.91	83.9752	identical
1418519	200	200	200	svt-rs-420	6	70.0	1985	3.54	1.18	82.1689	identical
1418519	200	200	200	zenravif-420	6	75.0	2280	96.60	0.83	85.6001	identical
1418519	200	200	200	zenravif-444	6	75.0	2459	133.41	0.89	86.4915	identical
1418519	200	200	200	svt-rs-420	6	75.0	2202	3.65	0.75	84.2181	identical
1418519	200	200	200	zenravif-420	6	80.0	2594	108.53	0.90	87.2580	identical
1418519	200	200	200	zenravif-444	6	80.0	2872	137.14	0.99	88.2102	identical
1418519	200	200	200	svt-rs-420	6	80.0	2562	3.78	0.85	86.2638	identical
1418519	200	200	200	zenravif-420	6	85.0	3119	113.66	1.09	88.7680	identical
1418519	200	200	200	zenravif-444	6	85.0	3452	139.61	1.03	89.2929	identical
1418519	200	200	200	svt-rs-420	6	85.0	2973	3.78	0.85	88.3462	identical
1418519	200	200	200	zenravif-420	6	90.0	3929	121.39	0.97	90.7801	identical
1418519	200	200	200	zenravif-444	6	90.0	4481	152.45	1.11	91.5727	identical
1418519	200	200	200	svt-rs-420	6	90.0	4113	4.05	0.73	90.8761	identical
1418519	200	200	200	zenravif-420	6	95.0	6055	146.06	0.95	92.3019	identical
1418519	200	200	200	zenravif-444	6	95.0	7288	174.52	1.18	93.1285	identical
1418519	200	200	200	svt-rs-420	6	95.0	5827	4.74	0.79	92.1726	identical
1418519	200	200	200	zenravif-420	6	100.0	16387	127.86	1.62	94.2391	identical
1418519	200	200	200	zenravif-444	6	100.0	27413	231.68	2.49	95.2175	identical
1418519	200	200	200	svt-rs-420	6	100.0	10245	5.12	1.15	93.6429	identical
1420710	200	200	200	zenravif-420	6	5.0	1053	58.40	0.88	-9.6839	identical
1420710	200	200	200	zenravif-444	6	5.0	1053	72.94	0.85	-8.8576	identical
1420710	200	200	200	svt-rs-420	6	5.0	900	2.46	0.83	-8.7286	identical
1420710	200	200	200	zenravif-420	6	10.0	1164	58.06	0.83	-0.4384	identical
1420710	200	200	200	zenravif-444	6	10.0	1159	72.68	0.81	-1.3282	identical
1420710	200	200	200	svt-rs-420	6	10.0	1207	2.90	0.74	11.7831	identical
1420710	200	200	200	zenravif-420	6	15.0	1392	65.66	0.91	15.0510	identical
1420710	200	200	200	zenravif-444	6	15.0	1383	81.73	0.87	13.9365	identical
1420710	200	200	200	svt-rs-420	6	15.0	1510	2.93	0.70	24.0655	identical
1420710	200	200	200	zenravif-420	6	20.0	1683	71.69	0.84	25.3581	identical
1420710	200	200	200	zenravif-444	6	20.0	1677	89.75	0.82	25.5783	identical
1420710	200	200	200	svt-rs-420	6	20.0	1872	3.11	0.74	36.2049	identical
1420710	200	200	200	zenravif-420	6	25.0	1997	78.24	0.96	36.0547	identical
1420710	200	200	200	zenravif-444	6	25.0	1988	97.57	0.87	36.3371	identical
1420710	200	200	200	svt-rs-420	6	25.0	2364	3.23	0.81	44.5610	identical
1420710	200	200	200	zenravif-420	6	30.0	2472	86.48	0.88	45.4130	identical
1420710	200	200	200	zenravif-444	6	30.0	2473	102.42	0.94	44.5853	identical
1420710	200	200	200	svt-rs-420	6	30.0	2953	3.64	0.83	52.6475	identical
1420710	200	200	200	zenravif-420	6	35.0	2970	91.74	0.96	52.4599	identical
1420710	200	200	200	zenravif-444	6	35.0	2974	115.75	1.01	51.9920	identical
1420710	200	200	200	svt-rs-420	6	35.0	4042	4.40	0.78	61.0289	identical
1420710	200	200	200	zenravif-420	6	40.0	3610	103.77	0.94	58.3141	identical
1420710	200	200	200	zenravif-444	6	40.0	3656	130.98	1.12	59.3864	identical
1420710	200	200	200	svt-rs-420	6	40.0	5029	4.98	0.88	65.8295	identical
1420710	200	200	200	zenravif-420	6	45.0	4333	110.18	1.18	64.5400	identical
1420710	200	200	200	zenravif-444	6	45.0	4421	151.06	1.18	64.9995	identical
1420710	200	200	200	svt-rs-420	6	45.0	6113	4.70	0.99	70.8937	identical
1420710	200	200	200	zenravif-420	6	50.0	5335	122.33	1.03	68.8643	identical
1420710	200	200	200	zenravif-444	6	50.0	5459	153.53	1.15	69.1115	identical
1420710	200	200	200	svt-rs-420	6	50.0	7345	5.25	1.07	73.7304	identical
1420710	200	200	200	zenravif-420	6	55.0	6215	136.16	1.15	72.5282	identical
1420710	200	200	200	zenravif-444	6	55.0	6411	172.63	1.25	73.6650	identical
1420710	200	200	200	svt-rs-420	6	55.0	8862	6.00	1.16	77.5824	identical
1420710	200	200	200	zenravif-420	6	60.0	7538	147.55	1.22	76.4352	identical
1420710	200	200	200	zenravif-444	6	60.0	7822	194.61	1.47	77.6490	identical
1420710	200	200	200	svt-rs-420	6	60.0	10827	5.99	1.24	81.2394	identical
1420710	200	200	200	zenravif-420	6	65.0	8711	151.95	1.16	79.0128	identical
1420710	200	200	200	zenravif-444	6	65.0	9114	201.44	1.51	80.0026	identical
1420710	200	200	200	svt-rs-420	6	65.0	12314	5.69	1.27	83.1440	identical
1420710	200	200	200	zenravif-420	6	70.0	9851	177.88	1.23	81.0509	identical
1420710	200	200	200	zenravif-444	6	70.0	10380	223.05	1.55	82.4854	identical
1420710	200	200	200	svt-rs-420	6	70.0	13723	5.24	1.28	85.2316	identical
1420710	200	200	200	zenravif-420	6	75.0	12486	205.15	1.41	84.8466	identical
1420710	200	200	200	zenravif-444	6	75.0	13400	258.01	1.62	86.3722	identical
1420710	200	200	200	svt-rs-420	6	75.0	15284	5.49	1.32	86.4606	identical
1420710	200	200	200	zenravif-420	6	80.0	14703	225.03	1.58	86.8685	identical
1420710	200	200	200	zenravif-444	6	80.0	15957	292.40	1.85	88.2761	identical
1420710	200	200	200	svt-rs-420	6	80.0	17389	5.90	1.36	88.6710	identical
1420710	200	200	200	zenravif-420	6	85.0	17199	243.01	1.59	89.1354	identical
1420710	200	200	200	zenravif-444	6	85.0	18972	315.25	1.95	90.2568	identical
1420710	200	200	200	svt-rs-420	6	85.0	19847	5.42	1.50	89.9484	identical
1420710	200	200	200	zenravif-420	6	90.0	20878	276.43	1.81	90.9960	identical
1420710	200	200	200	zenravif-444	6	90.0	23950	344.35	2.22	92.3087	identical
1420710	200	200	200	svt-rs-420	6	90.0	24775	4.49	1.69	91.7864	identical
1420710	200	200	200	zenravif-420	6	95.0	26690	331.18	2.18	92.7263	identical
1420710	200	200	200	zenravif-444	6	95.0	32998	408.44	2.77	94.3439	identical
1420710	200	200	200	svt-rs-420	6	95.0	30945	4.76	2.02	93.4957	identical
1420710	200	200	200	zenravif-420	6	100.0	42683	226.02	3.32	94.8117	identical
1420710	200	200	200	zenravif-444	6	100.0	67411	379.47	4.66	97.3941	identical
1420710	200	200	200	svt-rs-420	6	100.0	38345	5.19	2.46	94.2621	identical
1025469	333	333	333	zenravif-420	6	5.0	782	125.78	3.17	-30.5119	identical
1025469	333	333	333	zenravif-444	6	5.0	795	162.81	2.66	-33.9935	identical
1025469	333	333	333	svt-rs-420	6	5.0	463	5.34	2.86	-55.9693	identical
1025469	333	333	333	zenravif-420	6	10.0	824	124.90	3.25	-24.2580	identical
1025469	333	333	333	zenravif-444	6	10.0	823	153.12	2.96	-26.4261	identical
1025469	333	333	333	svt-rs-420	6	10.0	603	6.05	2.77	-42.6733	identical
1025469	333	333	333	zenravif-420	6	15.0	925	146.00	2.96	-10.7566	identical
1025469	333	333	333	zenravif-444	6	15.0	926	190.86	2.80	-11.8201	identical
1025469	333	333	333	svt-rs-420	6	15.0	799	6.27	2.55	-22.5203	identical
1025469	333	333	333	zenravif-420	6	20.0	1100	133.81	3.09	-2.7558	identical
1025469	333	333	333	zenravif-444	6	20.0	1089	181.54	2.20	-2.0796	identical
1025469	333	333	333	svt-rs-420	6	20.0	941	6.68	2.36	-15.6230	identical
1025469	333	333	333	zenravif-420	6	25.0	1246	136.89	3.67	8.7240	identical
1025469	333	333	333	zenravif-444	6	25.0	1240	196.74	1.66	8.7211	identical
1025469	333	333	333	svt-rs-420	6	25.0	1170	7.35	3.31	-4.2157	identical
1025469	333	333	333	zenravif-420	6	30.0	1479	181.50	2.66	21.0179	identical
1025469	333	333	333	zenravif-444	6	30.0	1501	205.38	2.38	21.4756	identical
1025469	333	333	333	svt-rs-420	6	30.0	1414	7.24	2.26	8.1649	identical
1025469	333	333	333	zenravif-420	6	35.0	1738	175.14	4.56	31.4658	identical
1025469	333	333	333	zenravif-444	6	35.0	1733	245.11	1.38	31.5165	identical
1025469	333	333	333	svt-rs-420	6	35.0	1810	7.78	2.69	20.9630	identical
1025469	333	333	333	zenravif-420	6	40.0	2094	184.94	2.03	39.7931	identical
1025469	333	333	333	zenravif-444	6	40.0	2077	253.87	1.51	40.1464	identical
1025469	333	333	333	svt-rs-420	6	40.0	2204	8.12	2.42	32.0202	identical
1025469	333	333	333	zenravif-420	6	45.0	2446	219.69	1.90	47.5828	identical
1025469	333	333	333	zenravif-444	6	45.0	2541	277.08	1.51	48.2459	identical
1025469	333	333	333	svt-rs-420	6	45.0	2742	8.31	1.93	41.8673	identical
1025469	333	333	333	zenravif-420	6	50.0	3013	202.32	1.41	55.5421	identical
1025469	333	333	333	zenravif-444	6	50.0	3075	259.63	1.39	55.2813	identical
1025469	333	333	333	svt-rs-420	6	50.0	3373	9.06	2.87	52.0148	identical
1025469	333	333	333	zenravif-420	6	55.0	3588	231.34	1.48	60.3795	identical
1025469	333	333	333	zenravif-444	6	55.0	3723	286.00	1.53	61.3522	identical
1025469	333	333	333	svt-rs-420	6	55.0	4079	9.57	1.24	58.0978	identical
1025469	333	333	333	zenravif-420	6	60.0	4247	259.23	1.51	65.7858	identical
1025469	333	333	333	zenravif-444	6	60.0	4339	331.47	1.61	67.1926	identical
1025469	333	333	333	svt-rs-420	6	60.0	5139	10.58	1.47	66.1650	identical
1025469	333	333	333	zenravif-420	6	65.0	5231	288.17	1.71	71.2972	identical
1025469	333	333	333	zenravif-444	6	65.0	5395	369.86	1.70	72.3510	identical
1025469	333	333	333	svt-rs-420	6	65.0	6043	10.81	1.66	70.6357	identical
1025469	333	333	333	zenravif-420	6	70.0	5993	317.35	1.73	74.3203	identical
1025469	333	333	333	zenravif-444	6	70.0	6214	392.55	1.82	74.8208	identical
1025469	333	333	333	svt-rs-420	6	70.0	6783	11.17	1.74	73.1260	identical
1025469	333	333	333	zenravif-420	6	75.0	7637	344.82	1.89	78.3663	identical
1025469	333	333	333	zenravif-444	6	75.0	8105	453.11	1.92	79.3210	identical
1025469	333	333	333	svt-rs-420	6	75.0	7853	11.77	1.77	76.2865	identical
1025469	333	333	333	zenravif-420	6	80.0	9400	382.56	2.00	81.5359	identical
1025469	333	333	333	zenravif-444	6	80.0	10057	499.88	2.01	82.6214	identical
1025469	333	333	333	svt-rs-420	6	80.0	9377	12.31	1.77	79.9629	identical
1025469	333	333	333	zenravif-420	6	85.0	11335	431.93	2.15	83.5035	identical
1025469	333	333	333	zenravif-444	6	85.0	12420	542.61	2.38	85.4288	identical
1025469	333	333	333	svt-rs-420	6	85.0	11264	13.06	2.08	82.4597	identical
1025469	333	333	333	zenravif-420	6	90.0	15075	483.80	2.27	86.6349	identical
1025469	333	333	333	zenravif-444	6	90.0	17329	557.07	2.94	88.0706	identical
1025469	333	333	333	svt-rs-420	6	90.0	15683	14.33	1.93	85.6053	identical
1025469	333	333	333	zenravif-420	6	95.0	24416	516.35	2.86	89.2641	identical
1025469	333	333	333	zenravif-444	6	95.0	30718	648.16	3.54	91.4936	identical
1025469	333	333	333	svt-rs-420	6	95.0	23228	16.58	2.23	88.7712	identical
1025469	333	333	333	zenravif-420	6	100.0	52523	392.59	4.18	91.9032	identical
1025469	333	333	333	zenravif-444	6	100.0	92511	682.16	6.64	95.5454	identical
1025469	333	333	333	svt-rs-420	6	100.0	37736	18.54	2.99	90.3095	identical
1044329	333	333	333	zenravif-420	6	5.0	2737	254.53	2.48	-0.8966	identical
1044329	333	333	333	zenravif-444	6	5.0	2638	334.72	1.80	-1.0597	identical
1044329	333	333	333	svt-rs-420	6	5.0	2532	7.04	1.89	-27.1102	identical
1044329	333	333	333	zenravif-420	6	10.0	2972	270.45	2.56	3.2443	identical
1044329	333	333	333	zenravif-444	6	10.0	3007	360.07	1.77	2.8198	identical
1044329	333	333	333	svt-rs-420	6	10.0	3398	7.60	1.93	-13.0464	identical
1044329	333	333	333	zenravif-420	6	15.0	3546	313.38	2.25	13.5514	identical
1044329	333	333	333	zenravif-444	6	15.0	3547	406.09	1.86	12.9762	identical
1044329	333	333	333	svt-rs-420	6	15.0	4674	8.65	1.71	5.3153	identical
1044329	333	333	333	zenravif-420	6	20.0	4288	326.46	1.94	22.3515	identical
1044329	333	333	333	zenravif-444	6	20.0	4272	453.01	2.10	21.0117	identical
1044329	333	333	333	svt-rs-420	6	20.0	6346	10.26	1.73	18.6774	identical
1044329	333	333	333	zenravif-420	6	25.0	5146	362.61	2.12	30.2907	identical
1044329	333	333	333	zenravif-444	6	25.0	5171	502.38	2.19	29.9954	identical
1044329	333	333	333	svt-rs-420	6	25.0	7914	10.98	1.82	28.8682	identical
1044329	333	333	333	zenravif-420	6	30.0	6112	402.96	2.05	37.1138	identical
1044329	333	333	333	zenravif-444	6	30.0	6365	539.60	2.08	39.7206	identical
1044329	333	333	333	svt-rs-420	6	30.0	9702	11.83	1.78	36.8834	identical
1044329	333	333	333	zenravif-420	6	35.0	7158	445.67	2.13	44.9099	identical
1044329	333	333	333	zenravif-444	6	35.0	7514	598.84	2.20	47.0782	identical
1044329	333	333	333	svt-rs-420	6	35.0	12466	12.85	2.16	46.9134	identical
1044329	333	333	333	zenravif-420	6	40.0	8711	478.23	2.38	52.5453	identical
1044329	333	333	333	zenravif-444	6	40.0	9307	650.97	2.41	55.7400	identical
1044329	333	333	333	svt-rs-420	6	40.0	14905	13.94	2.26	53.9704	identical
1044329	333	333	333	zenravif-420	6	45.0	10220	515.01	4.44	57.1756	identical
1044329	333	333	333	zenravif-444	6	45.0	10966	699.66	2.50	60.7077	identical
1044329	333	333	333	svt-rs-420	6	45.0	18064	13.84	2.20	59.6509	identical
1044329	333	333	333	zenravif-420	6	50.0	12327	534.90	2.28	61.6621	identical
1044329	333	333	333	zenravif-444	6	50.0	13321	715.07	2.51	65.6943	identical
1044329	333	333	333	svt-rs-420	6	50.0	21002	14.66	2.54	64.0629	identical
1044329	333	333	333	zenravif-420	6	55.0	14156	562.32	2.21	65.4690	identical
1044329	333	333	333	zenravif-444	6	55.0	15727	787.06	2.77	69.8708	identical
1044329	333	333	333	svt-rs-420	6	55.0	24266	16.60	2.60	67.6959	identical
1044329	333	333	333	zenravif-420	6	60.0	16985	584.19	2.60	68.9580	identical
1044329	333	333	333	zenravif-444	6	60.0	18849	795.70	2.84	73.6266	identical
1044329	333	333	333	svt-rs-420	6	60.0	28953	16.68	2.73	72.8568	identical
1044329	333	333	333	zenravif-420	6	65.0	19336	634.86	2.69	71.6468	identical
1044329	333	333	333	zenravif-444	6	65.0	21943	853.43	3.02	76.6680	identical
1044329	333	333	333	svt-rs-420	6	65.0	32195	16.91	2.91	74.8990	identical
1044329	333	333	333	zenravif-420	6	70.0	22310	699.85	2.87	74.5352	identical
1044329	333	333	333	zenravif-444	6	70.0	25851	921.27	3.17	80.2620	identical
1044329	333	333	333	svt-rs-420	6	70.0	35126	17.16	2.94	76.2175	identical
1044329	333	333	333	zenravif-420	6	75.0	27380	741.47	3.05	77.4089	identical
1044329	333	333	333	zenravif-444	6	75.0	32927	1013.06	3.92	83.9828	identical
1044329	333	333	333	svt-rs-420	6	75.0	38478	18.14	3.10	78.4425	identical
1044329	333	333	333	zenravif-420	6	80.0	30949	768.64	3.25	78.9844	identical
1044329	333	333	333	zenravif-444	6	80.0	38378	1038.70	4.05	86.0161	identical
1044329	333	333	333	svt-rs-420	6	80.0	42891	18.68	3.23	80.1620	identical
1044329	333	333	333	zenravif-420	6	85.0	35996	819.22	3.57	80.4246	identical
1044329	333	333	333	zenravif-444	6	85.0	46636	1140.35	4.50	88.1837	identical
1044329	333	333	333	svt-rs-420	6	85.0	48004	15.43	3.49	80.2260	identical
1044329	333	333	333	zenravif-420	6	90.0	42617	881.12	3.89	81.4582	identical
1044329	333	333	333	zenravif-444	6	90.0	57704	1213.19	5.11	90.1884	identical
1044329	333	333	333	svt-rs-420	6	90.0	59508	16.28	3.84	81.8254	identical
1044329	333	333	333	zenravif-420	6	95.0	55444	1004.46	4.46	82.7181	identical
1044329	333	333	333	zenravif-444	6	95.0	79892	1355.05	5.80	92.5832	identical
1044329	333	333	333	svt-rs-420	6	95.0	74006	16.20	4.81	82.7581	identical
1044329	333	333	333	zenravif-420	6	100.0	94179	589.05	6.65	83.4850	identical
1044329	333	333	333	zenravif-444	6	100.0	159121	986.61	10.47	96.0576	identical
1044329	333	333	333	svt-rs-420	6	100.0	92695	18.32	6.07	83.2550	identical
1189261	333	333	333	zenravif-420	6	5.0	2271	177.90	4.09	-5.5956	identical
1189261	333	333	333	zenravif-444	6	5.0	2235	235.51	1.63	-6.1496	identical
1189261	333	333	333	svt-rs-420	6	5.0	1500	6.49	4.33	-25.2073	identical
1189261	333	333	333	zenravif-420	6	10.0	2469	192.94	2.67	-1.7294	identical
1189261	333	333	333	zenravif-444	6	10.0	2412	271.20	1.67	-1.2149	identical
1189261	333	333	333	svt-rs-420	6	10.0	1986	7.53	3.96	-8.4001	identical
1189261	333	333	333	zenravif-420	6	15.0	2838	216.12	2.54	11.8351	identical
1189261	333	333	333	zenravif-444	6	15.0	2833	298.35	2.16	9.6651	identical
1189261	333	333	333	svt-rs-420	6	15.0	2671	8.47	4.52	4.9168	identical
1189261	333	333	333	zenravif-420	6	20.0	3389	226.61	2.32	21.6023	identical
1189261	333	333	333	zenravif-444	6	20.0	3434	312.20	1.86	22.3066	identical
1189261	333	333	333	svt-rs-420	6	20.0	3368	9.33	3.11	17.8385	identical
1189261	333	333	333	zenravif-420	6	25.0	4015	251.51	2.44	31.1052	identical
1189261	333	333	333	zenravif-444	6	25.0	4083	334.38	1.91	30.3501	identical
1189261	333	333	333	svt-rs-420	6	25.0	4151	9.23	1.65	29.7559	identical
1189261	333	333	333	zenravif-420	6	30.0	4690	279.40	2.21	40.2134	identical
1189261	333	333	333	zenravif-444	6	30.0	4919	351.59	1.97	41.5543	identical
1189261	333	333	333	svt-rs-420	6	30.0	5104	9.56	3.08	37.8740	identical
1189261	333	333	333	zenravif-420	6	35.0	5611	296.49	2.05	47.8368	identical
1189261	333	333	333	zenravif-444	6	35.0	5903	395.65	2.03	48.4913	identical
1189261	333	333	333	svt-rs-420	6	35.0	6567	11.44	1.48	48.9572	identical
1189261	333	333	333	zenravif-420	6	40.0	6598	319.80	2.03	54.1307	identical
1189261	333	333	333	zenravif-444	6	40.0	7106	430.33	2.16	55.1363	identical
1189261	333	333	333	svt-rs-420	6	40.0	7893	11.54	1.78	54.7597	identical
1189261	333	333	333	zenravif-420	6	45.0	7994	334.84	2.20	60.2549	identical
1189261	333	333	333	zenravif-444	6	45.0	8619	461.64	2.38	61.1926	identical
1189261	333	333	333	svt-rs-420	6	45.0	9506	13.00	1.78	59.7429	identical
1189261	333	333	333	zenravif-420	6	50.0	9163	341.90	2.03	64.1671	identical
1189261	333	333	333	zenravif-444	6	50.0	10175	478.87	2.46	66.3528	identical
1189261	333	333	333	svt-rs-420	6	50.0	11272	13.50	1.85	65.3085	identical
1189261	333	333	333	zenravif-420	6	55.0	10743	386.26	2.22	68.4986	identical
1189261	333	333	333	zenravif-444	6	55.0	12033	522.06	2.53	70.4439	identical
1189261	333	333	333	svt-rs-420	6	55.0	13246	15.75	2.21	69.6762	identical
1189261	333	333	333	zenravif-420	6	60.0	12410	381.78	2.12	72.3017	identical
1189261	333	333	333	zenravif-444	6	60.0	13995	520.76	2.72	74.6566	identical
1189261	333	333	333	svt-rs-420	6	60.0	16155	15.10	2.08	73.5135	identical
1189261	333	333	333	zenravif-420	6	65.0	14588	420.17	2.39	75.5213	identical
1189261	333	333	333	zenravif-444	6	65.0	16609	559.12	2.79	78.2990	identical
1189261	333	333	333	svt-rs-420	6	65.0	18381	15.37	2.19	76.4259	identical
1189261	333	333	333	zenravif-420	6	70.0	16532	452.28	2.60	77.7476	identical
1189261	333	333	333	zenravif-444	6	70.0	19135	606.86	3.00	81.1207	identical
1189261	333	333	333	svt-rs-420	6	70.0	20203	16.19	2.27	78.3494	identical
1189261	333	333	333	zenravif-420	6	75.0	20210	498.95	2.59	80.3486	identical
1189261	333	333	333	zenravif-444	6	75.0	23978	660.92	3.09	84.3447	identical
1189261	333	333	333	svt-rs-420	6	75.0	22544	16.09	2.34	79.6093	identical
1189261	333	333	333	zenravif-420	6	80.0	23357	525.29	2.86	81.7286	identical
1189261	333	333	333	zenravif-444	6	80.0	28417	707.80	3.23	86.7556	identical
1189261	333	333	333	svt-rs-420	6	80.0	26194	18.49	2.44	81.4211	identical
1189261	333	333	333	zenravif-420	6	85.0	27537	581.52	3.14	82.8959	identical
1189261	333	333	333	zenravif-444	6	85.0	34397	764.71	3.97	88.7806	identical
1189261	333	333	333	svt-rs-420	6	85.0	30462	18.47	2.81	82.2310	identical
1189261	333	333	333	zenravif-420	6	90.0	34341	612.97	3.36	83.9758	identical
1189261	333	333	333	zenravif-444	6	90.0	43988	839.11	4.16	91.1468	identical
1189261	333	333	333	svt-rs-420	6	90.0	40225	16.69	3.22	83.8517	identical
1189261	333	333	333	zenravif-420	6	95.0	48313	748.65	4.25	84.6545	identical
1189261	333	333	333	zenravif-444	6	95.0	64968	979.39	5.30	93.6806	identical
1189261	333	333	333	svt-rs-420	6	95.0	55183	18.21	4.20	84.5408	identical
1189261	333	333	333	zenravif-420	6	100.0	87414	491.07	6.55	85.1648	identical
1189261	333	333	333	zenravif-444	6	100.0	148081	851.23	10.18	96.3685	identical
1189261	333	333	333	svt-rs-420	6	100.0	74137	19.63	5.11	84.9185	identical
1279330	333	333	333	zenravif-420	6	5.0	1973	175.55	3.92	3.7497	identical
1279330	333	333	333	zenravif-444	6	5.0	1921	233.40	2.02	2.6089	identical
1279330	333	333	333	svt-rs-420	6	5.0	1268	6.02	2.63	-19.7608	identical
1279330	333	333	333	zenravif-420	6	10.0	2118	174.62	2.33	10.0849	identical
1279330	333	333	333	zenravif-444	6	10.0	2062	244.00	1.88	9.9790	identical
1279330	333	333	333	svt-rs-420	6	10.0	1598	6.90	3.67	-1.1437	identical
1279330	333	333	333	zenravif-420	6	15.0	2432	202.65	4.03	21.5289	identical
1279330	333	333	333	zenravif-444	6	15.0	2397	271.02	1.89	21.2281	identical
1279330	333	333	333	svt-rs-420	6	15.0	1996	6.75	3.86	13.9159	identical
1279330	333	333	333	zenravif-420	6	20.0	2858	225.30	2.98	33.5199	identical
1279330	333	333	333	zenravif-444	6	20.0	2850	300.55	1.80	33.4266	identical
1279330	333	333	333	svt-rs-420	6	20.0	2375	7.29	3.98	25.3010	identical
1279330	333	333	333	zenravif-420	6	25.0	3273	243.91	3.20	43.4785	identical
1279330	333	333	333	zenravif-444	6	25.0	3290	341.73	1.98	42.6851	identical
1279330	333	333	333	svt-rs-420	6	25.0	2855	7.46	4.30	34.1719	identical
1279330	333	333	333	zenravif-420	6	30.0	3755	267.00	2.46	51.6917	identical
1279330	333	333	333	zenravif-444	6	30.0	3859	352.64	1.87	51.5231	identical
1279330	333	333	333	svt-rs-420	6	30.0	3375	7.37	2.72	45.4268	identical
1279330	333	333	333	zenravif-420	6	35.0	4359	297.34	2.59	56.2165	identical
1279330	333	333	333	zenravif-444	6	35.0	4472	406.76	2.02	58.5191	identical
1279330	333	333	333	svt-rs-420	6	35.0	4258	8.63	2.63	54.4295	identical
1279330	333	333	333	zenravif-420	6	40.0	4963	310.20	1.96	63.3551	identical
1279330	333	333	333	zenravif-444	6	40.0	5163	421.77	2.11	64.7429	identical
1279330	333	333	333	svt-rs-420	6	40.0	5026	8.66	2.64	60.8736	identical
1279330	333	333	333	zenravif-420	6	45.0	5705	338.71	2.03	68.0306	identical
1279330	333	333	333	zenravif-444	6	45.0	5984	448.14	2.36	69.7757	identical
1279330	333	333	333	svt-rs-420	6	45.0	5904	9.16	2.49	66.1688	identical
1279330	333	333	333	zenravif-420	6	50.0	6528	342.79	1.84	72.0169	identical
1279330	333	333	333	zenravif-444	6	50.0	6910	460.07	2.12	73.5298	identical
1279330	333	333	333	svt-rs-420	6	50.0	6874	9.14	2.91	71.0100	identical
1279330	333	333	333	zenravif-420	6	55.0	7456	365.12	1.99	75.7913	identical
1279330	333	333	333	zenravif-444	6	55.0	7850	475.44	2.10	76.8206	identical
1279330	333	333	333	svt-rs-420	6	55.0	7996	10.15	1.76	75.2151	identical
1279330	333	333	333	zenravif-420	6	60.0	8340	375.34	2.06	78.3551	identical
1279330	333	333	333	zenravif-444	6	60.0	8998	495.00	2.26	80.0176	identical
1279330	333	333	333	svt-rs-420	6	60.0	9613	10.57	1.81	78.9489	identical
1279330	333	333	333	zenravif-420	6	65.0	9555	397.12	2.01	80.8627	identical
1279330	333	333	333	zenravif-444	6	65.0	10356	507.18	2.42	82.7448	identical
1279330	333	333	333	svt-rs-420	6	65.0	10826	10.90	1.96	81.8441	identical
1279330	333	333	333	zenravif-420	6	70.0	10693	424.27	2.14	82.8124	identical
1279330	333	333	333	zenravif-444	6	70.0	11552	553.25	2.56	84.2945	identical
1279330	333	333	333	svt-rs-420	6	70.0	12092	10.98	1.92	83.4373	identical
1279330	333	333	333	zenravif-420	6	75.0	12748	459.86	2.10	85.3303	identical
1279330	333	333	333	zenravif-444	6	75.0	14107	592.69	2.74	87.0953	identical
1279330	333	333	333	svt-rs-420	6	75.0	13512	10.83	2.07	85.0440	identical
1279330	333	333	333	zenravif-420	6	80.0	14654	486.01	2.26	87.2530	identical
1279330	333	333	333	zenravif-444	6	80.0	16447	624.01	2.84	88.8937	identical
1279330	333	333	333	svt-rs-420	6	80.0	15620	11.72	2.11	87.2409	identical
1279330	333	333	333	zenravif-420	6	85.0	17221	517.16	2.49	88.7726	identical
1279330	333	333	333	zenravif-444	6	85.0	19582	655.06	2.91	90.4745	identical
1279330	333	333	333	svt-rs-420	6	85.0	18330	11.07	2.17	88.7315	identical
1279330	333	333	333	zenravif-420	6	90.0	21460	571.66	2.84	90.1792	identical
1279330	333	333	333	zenravif-444	6	90.0	24985	719.57	3.25	92.1066	identical
1279330	333	333	333	svt-rs-420	6	90.0	24785	11.63	2.38	90.6601	identical
1279330	333	333	333	zenravif-420	6	95.0	30769	670.96	3.17	92.1365	identical
1279330	333	333	333	zenravif-444	6	95.0	37095	839.57	4.06	93.9383	identical
1279330	333	333	333	svt-rs-420	6	95.0	35306	12.21	2.82	92.1480	identical
1279330	333	333	333	zenravif-420	6	100.0	71632	589.00	5.32	93.3159	identical
1279330	333	333	333	zenravif-444	6	100.0	113578	1056.50	8.61	96.2694	identical
1279330	333	333	333	svt-rs-420	6	100.0	52409	14.87	4.03	92.9058	identical
1418519	333	333	333	zenravif-420	6	5.0	1207	117.71	2.55	-2.0336	identical
1418519	333	333	333	zenravif-444	6	5.0	1186	164.27	3.18	-4.2835	identical
1418519	333	333	333	svt-rs-420	6	5.0	845	6.06	3.92	-16.9207	identical
1418519	333	333	333	zenravif-420	6	10.0	1302	126.32	2.71	7.0733	identical
1418519	333	333	333	zenravif-444	6	10.0	1267	181.76	1.59	3.0520	identical
1418519	333	333	333	svt-rs-420	6	10.0	1061	5.63	3.74	-2.6190	identical
1418519	333	333	333	zenravif-420	6	15.0	1499	131.16	2.69	17.0541	identical
1418519	333	333	333	zenravif-444	6	15.0	1460	188.25	2.08	15.6556	identical
1418519	333	333	333	svt-rs-420	6	15.0	1346	6.26	3.24	12.8062	identical
1418519	333	333	333	zenravif-420	6	20.0	1717	148.59	3.05	27.3839	identical
1418519	333	333	333	zenravif-444	6	20.0	1706	189.10	1.73	26.1856	identical
1418519	333	333	333	svt-rs-420	6	20.0	1623	6.90	1.93	22.4019	identical
1418519	333	333	333	zenravif-420	6	25.0	1973	148.87	2.48	37.1118	identical
1418519	333	333	333	zenravif-444	6	25.0	1983	223.93	1.78	35.2661	identical
1418519	333	333	333	svt-rs-420	6	25.0	1951	7.43	2.40	32.6458	identical
1418519	333	333	333	zenravif-420	6	30.0	2324	169.50	2.41	44.9426	identical
1418519	333	333	333	zenravif-444	6	30.0	2345	238.73	1.97	43.7652	identical
1418519	333	333	333	svt-rs-420	6	30.0	2392	7.77	2.89	41.0324	identical
1418519	333	333	333	zenravif-420	6	35.0	2738	190.68	2.23	50.7935	identical
1418519	333	333	333	zenravif-444	6	35.0	2786	266.55	1.77	51.3111	identical
1418519	333	333	333	svt-rs-420	6	35.0	3021	7.85	2.82	52.0040	identical
1418519	333	333	333	zenravif-420	6	40.0	3208	210.37	1.88	58.1132	identical
1418519	333	333	333	zenravif-444	6	40.0	3251	280.85	1.79	57.9813	identical
1418519	333	333	333	svt-rs-420	6	40.0	3585	8.75	2.08	57.9996	identical
1418519	333	333	333	zenravif-420	6	45.0	3772	231.78	1.84	63.5618	identical
1418519	333	333	333	zenravif-444	6	45.0	3879	307.44	1.99	64.2554	identical
1418519	333	333	333	svt-rs-420	6	45.0	4284	8.81	1.87	63.4203	identical
1418519	333	333	333	zenravif-420	6	50.0	4352	231.05	1.54	68.4439	identical
1418519	333	333	333	zenravif-444	6	50.0	4521	282.80	1.59	69.0271	identical
1418519	333	333	333	svt-rs-420	6	50.0	4977	9.41	1.83	67.2906	identical
1418519	333	333	333	zenravif-420	6	55.0	5110	224.91	1.39	72.1546	identical
1418519	333	333	333	zenravif-444	6	55.0	5315	272.94	1.57	72.7892	identical
1418519	333	333	333	svt-rs-420	6	55.0	5814	9.62	1.71	71.8035	identical
1418519	333	333	333	zenravif-420	6	60.0	5761	243.59	1.47	75.0561	identical
1418519	333	333	333	zenravif-444	6	60.0	5995	298.94	1.63	75.9783	identical
1418519	333	333	333	svt-rs-420	6	60.0	6961	9.91	1.97	76.4970	identical
1418519	333	333	333	zenravif-420	6	65.0	6741	256.35	1.65	78.4138	identical
1418519	333	333	333	zenravif-444	6	65.0	7098	342.42	1.77	79.6272	identical
1418519	333	333	333	svt-rs-420	6	65.0	7797	10.01	1.96	78.7535	identical
1418519	333	333	333	zenravif-420	6	70.0	7499	264.85	1.72	80.4402	identical
1418519	333	333	333	zenravif-444	6	70.0	7939	355.50	1.79	81.7167	identical
1418519	333	333	333	svt-rs-420	6	70.0	8585	10.11	2.21	80.8265	identical
1418519	333	333	333	zenravif-420	6	75.0	9202	281.92	1.55	84.0384	identical
1418519	333	333	333	zenravif-444	6	75.0	9939	376.54	1.96	84.7373	identical
1418519	333	333	333	svt-rs-420	6	75.0	9456	10.45	1.94	82.8328	identical
1418519	333	333	333	zenravif-420	6	80.0	10741	290.88	1.69	85.5296	identical
1418519	333	333	333	zenravif-444	6	80.0	11743	390.29	2.01	86.9555	identical
1418519	333	333	333	svt-rs-420	6	80.0	10971	11.50	1.63	84.9643	identical
1418519	333	333	333	zenravif-420	6	85.0	12427	325.22	1.89	87.3158	identical
1418519	333	333	333	zenravif-444	6	85.0	13868	404.67	2.20	88.7272	identical
1418519	333	333	333	svt-rs-420	6	85.0	12711	10.33	1.76	86.7464	identical
1418519	333	333	333	zenravif-420	6	90.0	15427	346.07	2.04	89.0958	identical
1418519	333	333	333	zenravif-444	6	90.0	17755	433.70	2.43	90.4437	identical
1418519	333	333	333	svt-rs-420	6	90.0	16763	11.38	1.72	89.4897	identical
1418519	333	333	333	zenravif-420	6	95.0	21586	399.35	2.34	90.8869	identical
1418519	333	333	333	zenravif-444	6	95.0	25992	498.30	2.72	92.4693	identical
1418519	333	333	333	svt-rs-420	6	95.0	24098	11.56	2.25	90.8959	identical
1418519	333	333	333	zenravif-420	6	100.0	52814	350.07	4.32	92.4810	identical
1418519	333	333	333	zenravif-444	6	100.0	86390	590.47	6.70	94.5943	identical
1418519	333	333	333	svt-rs-420	6	100.0	36057	13.28	2.93	91.7516	identical
1420710	333	333	333	zenravif-420	6	5.0	2262	159.93	2.93	-13.1259	identical
1420710	333	333	333	zenravif-444	6	5.0	2262	205.14	2.37	-14.2692	identical
1420710	333	333	333	svt-rs-420	6	5.0	1933	6.57	3.22	-10.7540	identical
1420710	333	333	333	zenravif-420	6	10.0	2539	170.82	2.62	-4.8958	identical
1420710	333	333	333	zenravif-444	6	10.0	2519	212.57	1.66	-6.1177	identical
1420710	333	333	333	svt-rs-420	6	10.0	2672	7.20	3.46	6.5365	identical
1420710	333	333	333	zenravif-420	6	15.0	3178	188.29	2.66	9.1817	identical
1420710	333	333	333	zenravif-444	6	15.0	3167	238.27	3.37	8.9437	identical
1420710	333	333	333	svt-rs-420	6	15.0	3625	7.51	2.47	21.1442	identical
1420710	333	333	333	zenravif-420	6	20.0	3951	204.44	2.73	22.4268	identical
1420710	333	333	333	zenravif-444	6	20.0	3928	258.50	1.53	21.3100	identical
1420710	333	333	333	svt-rs-420	6	20.0	4570	7.69	2.50	32.8054	identical
1420710	333	333	333	zenravif-420	6	25.0	4768	208.80	2.72	31.7411	identical
1420710	333	333	333	zenravif-444	6	25.0	4756	269.04	1.63	31.0806	identical
1420710	333	333	333	svt-rs-420	6	25.0	5787	8.53	2.77	41.2820	identical
1420710	333	333	333	zenravif-420	6	30.0	6027	249.50	1.82	41.4566	identical
1420710	333	333	333	zenravif-444	6	30.0	6045	317.20	1.65	41.4320	identical
1420710	333	333	333	svt-rs-420	6	30.0	7364	9.09	2.14	49.0809	identical
1420710	333	333	333	zenravif-420	6	35.0	7281	280.84	1.88	48.8318	identical
1420710	333	333	333	zenravif-444	6	35.0	7363	343.39	1.74	49.4818	identical
1420710	333	333	333	svt-rs-420	6	35.0	10120	10.07	1.50	58.3333	identical
1420710	333	333	333	zenravif-420	6	40.0	9177	303.84	2.15	56.8913	identical
1420710	333	333	333	zenravif-444	6	40.0	9257	387.87	2.03	57.2424	identical
1420710	333	333	333	svt-rs-420	6	40.0	12805	11.92	1.89	63.4272	identical
1420710	333	333	333	zenravif-420	6	45.0	11035	326.25	2.20	62.4900	identical
1420710	333	333	333	zenravif-444	6	45.0	11249	429.53	2.31	62.9582	identical
1420710	333	333	333	svt-rs-420	6	45.0	15879	12.71	1.84	68.6217	identical
1420710	333	333	333	zenravif-420	6	50.0	13879	345.79	2.15	67.7358	identical
1420710	333	333	333	zenravif-444	6	50.0	14195	461.63	2.48	67.9866	identical
1420710	333	333	333	svt-rs-420	6	50.0	19261	13.37	1.99	72.8935	identical
1420710	333	333	333	zenravif-420	6	55.0	16143	383.17	2.33	71.5541	identical
1420710	333	333	333	zenravif-444	6	55.0	16650	501.33	2.72	72.2932	identical
1420710	333	333	333	svt-rs-420	6	55.0	23384	15.18	2.37	76.3440	identical
1420710	333	333	333	zenravif-420	6	60.0	19847	438.09	2.63	75.2323	identical
1420710	333	333	333	zenravif-444	6	60.0	20488	576.73	3.01	75.7665	identical
1420710	333	333	333	svt-rs-420	6	60.0	28904	15.69	2.60	80.2205	identical
1420710	333	333	333	zenravif-420	6	65.0	23263	483.56	2.82	78.3978	identical
1420710	333	333	333	zenravif-444	6	65.0	24319	642.48	3.49	79.3718	identical
1420710	333	333	333	svt-rs-420	6	65.0	33311	14.40	2.63	82.8238	identical
1420710	333	333	333	zenravif-420	6	70.0	26217	533.97	2.99	80.5879	identical
1420710	333	333	333	zenravif-444	6	70.0	27708	677.63	3.63	81.8441	identical
1420710	333	333	333	svt-rs-420	6	70.0	36873	14.37	2.74	84.6565	identical
1420710	333	333	333	zenravif-420	6	75.0	33590	582.00	3.29	84.2983	identical
1420710	333	333	333	zenravif-444	6	75.0	36005	760.20	3.91	85.6355	identical
1420710	333	333	333	svt-rs-420	6	75.0	41326	14.65	2.98	86.4057	identical
1420710	333	333	333	zenravif-420	6	80.0	39494	646.52	3.58	86.5895	identical
1420710	333	333	333	zenravif-444	6	80.0	42782	834.67	4.40	87.9880	identical
1420710	333	333	333	svt-rs-420	6	80.0	47317	15.94	3.20	88.0852	identical
1420710	333	333	333	zenravif-420	6	85.0	46679	712.55	3.77	88.6882	identical
1420710	333	333	333	zenravif-444	6	85.0	51552	930.94	4.57	89.9310	identical
1420710	333	333	333	svt-rs-420	6	85.0	54321	14.52	3.54	89.6103	identical
1420710	333	333	333	zenravif-420	6	90.0	56481	797.98	4.28	90.4564	identical
1420710	333	333	333	zenravif-444	6	90.0	64851	1007.82	5.30	92.2338	identical
1420710	333	333	333	svt-rs-420	6	90.0	68106	11.84	3.87	91.6240	identical
1420710	333	333	333	zenravif-420	6	95.0	72679	944.33	5.31	92.5009	identical
1420710	333	333	333	zenravif-444	6	95.0	89361	1154.71	6.99	94.2288	identical
1420710	333	333	333	svt-rs-420	6	95.0	85476	12.50	4.80	93.2606	identical
1420710	333	333	333	zenravif-420	6	100.0	117203	628.75	8.15	94.6047	identical
1420710	333	333	333	zenravif-444	6	100.0	185501	1087.64	11.99	97.1547	identical
1420710	333	333	333	svt-rs-420	6	100.0	106070	13.44	6.15	93.9932	identical
1025469	500	500	500	zenravif-420	6	5.0	1482	336.38	3.98	-33.8542	identical
1025469	500	500	500	zenravif-444	6	5.0	1454	447.86	4.47	-34.4336	identical
1025469	500	500	500	svt-rs-420	6	5.0	789	12.03	6.53	-58.5365	identical
1025469	500	500	500	zenravif-420	6	10.0	1597	348.53	4.54	-24.9880	identical
1025469	500	500	500	zenravif-444	6	10.0	1586	487.39	2.89	-26.0889	identical
1025469	500	500	500	svt-rs-420	6	10.0	1144	12.83	5.99	-47.8501	identical
1025469	500	500	500	zenravif-420	6	15.0	1830	345.42	6.16	-16.8293	identical
1025469	500	500	500	zenravif-444	6	15.0	1792	481.17	4.71	-16.3667	identical
1025469	500	500	500	svt-rs-420	6	15.0	1600	13.70	7.36	-31.8987	identical
1025469	500	500	500	zenravif-420	6	20.0	2141	401.66	6.01	-0.3809	identical
1025469	500	500	500	zenravif-444	6	20.0	2173	543.37	4.52	-0.4999	identical
1025469	500	500	500	svt-rs-420	6	20.0	2039	14.59	4.70	-21.9562	identical
1025469	500	500	500	zenravif-420	6	25.0	2528	434.75	4.47	8.6517	identical
1025469	500	500	500	zenravif-444	6	25.0	2545	553.81	4.44	8.6559	identical
1025469	500	500	500	svt-rs-420	6	25.0	2545	15.40	5.60	-5.8648	identical
1025469	500	500	500	zenravif-420	6	30.0	3057	457.73	4.59	19.9934	identical
1025469	500	500	500	zenravif-444	6	30.0	3088	635.01	3.21	19.0608	identical
1025469	500	500	500	svt-rs-420	6	30.0	3179	16.60	4.57	7.0529	identical
1025469	500	500	500	zenravif-420	6	35.0	3681	488.73	3.59	31.8552	identical
1025469	500	500	500	zenravif-444	6	35.0	3739	682.66	2.53	30.9275	identical
1025469	500	500	500	svt-rs-420	6	35.0	4192	17.23	3.77	24.9036	identical
1025469	500	500	500	zenravif-420	6	40.0	4420	530.99	2.53	39.4252	identical
1025469	500	500	500	zenravif-444	6	40.0	4536	722.34	2.46	39.4685	identical
1025469	500	500	500	svt-rs-420	6	40.0	5147	18.19	2.68	33.4165	identical
1025469	500	500	500	zenravif-420	6	45.0	5373	598.87	2.68	47.6643	identical
1025469	500	500	500	zenravif-444	6	45.0	5541	755.39	2.63	48.2940	identical
1025469	500	500	500	svt-rs-420	6	45.0	6302	19.18	2.64	43.3414	identical
1025469	500	500	500	zenravif-420	6	50.0	6508	595.98	2.56	55.2540	identical
1025469	500	500	500	zenravif-444	6	50.0	6704	767.70	2.63	56.2337	identical
1025469	500	500	500	svt-rs-420	6	50.0	7489	20.20	2.40	50.6694	identical
1025469	500	500	500	zenravif-420	6	55.0	7663	614.07	2.72	60.3197	identical
1025469	500	500	500	zenravif-444	6	55.0	8024	828.71	2.96	61.3239	identical
1025469	500	500	500	svt-rs-420	6	55.0	9215	21.15	2.34	58.2458	identical
1025469	500	500	500	zenravif-420	6	60.0	9019	709.36	2.94	65.9165	identical
1025469	500	500	500	zenravif-444	6	60.0	9493	895.04	2.93	67.0621	identical
1025469	500	500	500	svt-rs-420	6	60.0	11485	24.41	2.69	65.8760	identical
1025469	500	500	500	zenravif-420	6	65.0	11004	758.55	3.25	70.5172	identical
1025469	500	500	500	zenravif-444	6	65.0	11629	983.22	3.22	71.2130	identical
1025469	500	500	500	svt-rs-420	6	65.0	13334	23.79	2.82	70.0110	identical
1025469	500	500	500	zenravif-420	6	70.0	12740	824.06	3.33	73.7297	identical
1025469	500	500	500	zenravif-444	6	70.0	13623	1030.22	3.62	75.0616	identical
1025469	500	500	500	svt-rs-420	6	70.0	15099	26.32	3.03	73.0570	identical
1025469	500	500	500	zenravif-420	6	75.0	16290	864.68	3.74	78.4091	identical
1025469	500	500	500	zenravif-444	6	75.0	17558	1178.00	3.97	79.8860	identical
1025469	500	500	500	svt-rs-420	6	75.0	17254	26.16	3.14	76.2574	identical
1025469	500	500	500	zenravif-420	6	80.0	19666	967.80	3.91	81.4886	identical
1025469	500	500	500	zenravif-444	6	80.0	21546	1239.13	4.26	82.8995	identical
1025469	500	500	500	svt-rs-420	6	80.0	20506	27.62	3.34	79.2283	identical
1025469	500	500	500	zenravif-420	6	85.0	23906	1071.21	4.17	83.4652	identical
1025469	500	500	500	zenravif-444	6	85.0	26989	1332.80	4.86	85.4042	identical
1025469	500	500	500	svt-rs-420	6	85.0	24792	29.19	3.58	82.0822	identical
1025469	500	500	500	zenravif-420	6	90.0	31549	1156.96	4.62	85.6945	identical
1025469	500	500	500	zenravif-444	6	90.0	37148	1434.23	5.49	88.2799	identical
1025469	500	500	500	svt-rs-420	6	90.0	34857	32.28	3.80	85.5268	identical
1025469	500	500	500	zenravif-420	6	95.0	51375	1292.12	5.85	88.1919	identical
1025469	500	500	500	zenravif-444	6	95.0	66424	1614.59	7.54	91.5024	identical
1025469	500	500	500	svt-rs-420	6	95.0	50922	38.30	4.61	87.8274	identical
1025469	500	500	500	zenravif-420	6	100.0	115435	971.63	8.64	90.5770	identical
1025469	500	500	500	zenravif-444	6	100.0	205537	1750.67	14.26	95.3662	identical
1025469	500	500	500	svt-rs-420	6	100.0	87938	38.41	6.62	89.5164	identical
1044329	500	500	500	zenravif-420	6	5.0	5169	586.16	2.70	-17.7541	identical
1044329	500	500	500	zenravif-444	6	5.0	5071	751.39	2.84	-18.1111	identical
1044329	500	500	500	svt-rs-420	6	5.0	4694	15.31	2.79	-38.0974	identical
1044329	500	500	500	zenravif-420	6	10.0	5756	631.69	2.75	-9.8023	identical
1044329	500	500	500	zenravif-444	6	10.0	5773	806.77	2.92	-10.2359	identical
1044329	500	500	500	svt-rs-420	6	10.0	6654	17.74	2.49	-20.8421	identical
1044329	500	500	500	zenravif-420	6	15.0	6946	696.22	2.91	2.0128	identical
1044329	500	500	500	zenravif-444	6	15.0	7099	886.58	3.17	1.0198	identical
1044329	500	500	500	svt-rs-420	6	15.0	9445	20.70	2.61	-5.1515	identical
1044329	500	500	500	zenravif-420	6	20.0	8681	745.12	3.19	14.5864	identical
1044329	500	500	500	zenravif-444	6	20.0	8847	1010.57	3.36	13.7548	identical
1044329	500	500	500	svt-rs-420	6	20.0	12416	24.04	2.88	10.6302	identical
1044329	500	500	500	zenravif-420	6	25.0	10496	852.77	3.49	24.1011	identical
1044329	500	500	500	zenravif-444	6	25.0	10800	1079.94	3.70	24.7821	identical
1044329	500	500	500	svt-rs-420	6	25.0	15820	26.37	3.12	22.1115	identical
1044329	500	500	500	zenravif-420	6	30.0	12702	924.82	3.55	33.8322	identical
1044329	500	500	500	zenravif-444	6	30.0	13131	1225.62	3.91	34.0307	identical
1044329	500	500	500	svt-rs-420	6	30.0	19640	28.01	3.30	31.4781	identical
1044329	500	500	500	zenravif-420	6	35.0	15371	992.17	3.88	41.4501	identical
1044329	500	500	500	zenravif-444	6	35.0	16136	1324.13	4.18	42.8325	identical
1044329	500	500	500	svt-rs-420	6	35.0	26469	30.87	3.62	44.0137	identical
1044329	500	500	500	zenravif-420	6	40.0	18937	1061.39	4.15	49.0547	identical
1044329	500	500	500	zenravif-444	6	40.0	19964	1424.22	4.46	50.2516	identical
1044329	500	500	500	svt-rs-420	6	40.0	31810	30.10	4.00	51.6323	identical
1044329	500	500	500	zenravif-420	6	45.0	22134	1157.69	4.37	53.4252	identical
1044329	500	500	500	zenravif-444	6	45.0	23962	1506.93	4.61	56.3696	identical
1044329	500	500	500	svt-rs-420	6	45.0	38126	33.69	4.41	57.6993	identical
1044329	500	500	500	zenravif-420	6	50.0	27361	1181.67	4.61	59.3938	identical
1044329	500	500	500	zenravif-444	6	50.0	29546	1574.88	4.93	62.8646	identical
1044329	500	500	500	svt-rs-420	6	50.0	44592	35.54	4.76	62.9220	identical
1044329	500	500	500	zenravif-420	6	55.0	31832	1286.84	4.86	63.6653	identical
1044329	500	500	500	zenravif-444	6	55.0	34829	1670.66	5.41	67.2688	identical
1044329	500	500	500	svt-rs-420	6	55.0	52050	38.44	5.02	67.2805	identical
1044329	500	500	500	zenravif-420	6	60.0	38139	1342.06	5.01	68.2747	identical
1044329	500	500	500	zenravif-444	6	60.0	42411	1765.51	5.97	72.7466	identical
1044329	500	500	500	svt-rs-420	6	60.0	62457	40.97	5.46	72.2082	identical
1044329	500	500	500	zenravif-420	6	65.0	43549	1422.85	5.21	71.3056	identical
1044329	500	500	500	zenravif-444	6	65.0	49258	1876.57	6.26	75.4595	identical
1044329	500	500	500	svt-rs-420	6	65.0	69793	37.60	5.42	73.8276	identical
1044329	500	500	500	zenravif-420	6	70.0	50810	1517.49	6.00	73.7345	identical
1044329	500	500	500	zenravif-444	6	70.0	58190	2042.38	6.75	78.6986	identical
1044329	500	500	500	svt-rs-420	6	70.0	76272	40.11	5.78	76.1509	identical
1044329	500	500	500	zenravif-420	6	75.0	62172	1649.75	6.16	76.8583	identical
1044329	500	500	500	zenravif-444	6	75.0	74342	2200.36	7.29	82.6580	identical
1044329	500	500	500	svt-rs-420	6	75.0	83971	42.43	6.63	77.6616	identical
1044329	500	500	500	zenravif-420	6	80.0	70781	1738.79	6.80	78.4153	identical
1044329	500	500	500	zenravif-444	6	80.0	86859	2329.08	8.44	84.9321	identical
1044329	500	500	500	svt-rs-420	6	80.0	93645	38.66	6.95	78.6978	identical
1044329	500	500	500	zenravif-420	6	85.0	82640	1846.88	7.65	80.1677	identical
1044329	500	500	500	zenravif-444	6	85.0	105383	2527.85	9.47	87.4242	identical
1044329	500	500	500	svt-rs-420	6	85.0	106454	38.07	7.62	79.8252	identical
1044329	500	500	500	zenravif-420	6	90.0	98646	1975.63	8.55	81.2917	identical
1044329	500	500	500	zenravif-444	6	90.0	131141	2660.33	10.70	90.1129	identical
1044329	500	500	500	svt-rs-420	6	90.0	133371	38.34	8.52	81.7972	identical
1044329	500	500	500	zenravif-420	6	95.0	129182	2325.34	10.12	82.4973	identical
1044329	500	500	500	zenravif-444	6	95.0	182100	3105.87	12.70	92.2083	identical
1044329	500	500	500	svt-rs-420	6	95.0	167341	38.88	10.63	82.6790	identical
1044329	500	500	500	zenravif-420	6	100.0	215708	1371.97	14.48	83.4836	identical
1044329	500	500	500	zenravif-444	6	100.0	361887	2219.39	24.45	95.9762	identical
1044329	500	500	500	svt-rs-420	6	100.0	209268	43.00	12.92	83.1945	identical
1189261	500	500	500	zenravif-420	6	5.0	4043	439.32	2.56	-9.9827	identical
1189261	500	500	500	zenravif-444	6	5.0	3949	566.01	2.55	-10.3818	identical
1189261	500	500	500	svt-rs-420	6	5.0	2657	14.10	7.61	-30.0874	identical
1189261	500	500	500	zenravif-420	6	10.0	4440	455.73	2.75	-5.6802	identical
1189261	500	500	500	zenravif-444	6	10.0	4371	594.43	2.59	-5.7682	identical
1189261	500	500	500	svt-rs-420	6	10.0	3751	15.15	6.19	-14.7627	identical
1189261	500	500	500	zenravif-420	6	15.0	5303	492.73	2.76	5.0409	identical
1189261	500	500	500	zenravif-444	6	15.0	5259	637.69	2.82	4.4065	identical
1189261	500	500	500	svt-rs-420	6	15.0	5128	18.42	7.39	1.8185	identical
1189261	500	500	500	zenravif-420	6	20.0	6323	542.01	2.87	14.1601	identical
1189261	500	500	500	zenravif-444	6	20.0	6400	734.67	3.07	15.3258	identical
1189261	500	500	500	svt-rs-420	6	20.0	6538	19.41	6.94	11.9723	identical
1189261	500	500	500	zenravif-420	6	25.0	7576	575.20	3.20	23.2553	identical
1189261	500	500	500	zenravif-444	6	25.0	7752	754.24	3.21	23.9205	identical
1189261	500	500	500	svt-rs-420	6	25.0	8145	18.88	3.44	22.2029	identical
1189261	500	500	500	zenravif-420	6	30.0	9070	613.11	3.04	32.4747	identical
1189261	500	500	500	zenravif-444	6	30.0	9496	838.36	3.53	33.1326	identical
1189261	500	500	500	svt-rs-420	6	30.0	10104	20.31	2.53	31.1401	identical
1189261	500	500	500	zenravif-420	6	35.0	11041	664.83	3.19	41.0359	identical
1189261	500	500	500	zenravif-444	6	35.0	11707	862.99	3.67	42.3670	identical
1189261	500	500	500	svt-rs-420	6	35.0	13419	22.86	2.79	42.0623	identical
1189261	500	500	500	zenravif-420	6	40.0	13246	697.31	3.36	46.7605	identical
1189261	500	500	500	zenravif-444	6	40.0	14168	942.66	4.00	49.2372	identical
1189261	500	500	500	svt-rs-420	6	40.0	16144	23.93	2.87	47.7673	identical
1189261	500	500	500	zenravif-420	6	45.0	15967	759.80	3.70	54.2750	identical
1189261	500	500	500	zenravif-444	6	45.0	17319	1001.53	4.19	57.2176	identical
1189261	500	500	500	svt-rs-420	6	45.0	19513	25.66	3.23	54.4574	identical
1189261	500	500	500	zenravif-420	6	50.0	18776	742.46	3.48	59.7946	identical
1189261	500	500	500	zenravif-444	6	50.0	20611	979.67	4.39	63.5130	identical
1189261	500	500	500	svt-rs-420	6	50.0	23094	27.07	3.25	59.7252	identical
1189261	500	500	500	zenravif-420	6	55.0	22114	822.44	3.85	63.9211	identical
1189261	500	500	500	zenravif-444	6	55.0	24583	1060.60	4.56	68.1736	identical
1189261	500	500	500	svt-rs-420	6	55.0	27362	29.36	3.51	64.5122	identical
1189261	500	500	500	zenravif-420	6	60.0	25400	857.77	4.00	67.5769	identical
1189261	500	500	500	zenravif-444	6	60.0	28644	1149.45	5.03	72.5732	identical
1189261	500	500	500	svt-rs-420	6	60.0	33723	31.09	3.78	69.0729	identical
1189261	500	500	500	zenravif-420	6	65.0	30084	890.94	4.35	70.6399	identical
1189261	500	500	500	zenravif-444	6	65.0	34199	1246.86	5.21	76.4208	identical
1189261	500	500	500	svt-rs-420	6	65.0	38158	31.45	4.01	71.1046	identical
1189261	500	500	500	zenravif-420	6	70.0	33927	944.69	4.61	72.8190	identical
1189261	500	500	500	zenravif-444	6	70.0	39161	1300.56	5.61	79.5278	identical
1189261	500	500	500	svt-rs-420	6	70.0	41878	32.59	4.16	72.4816	identical
1189261	500	500	500	zenravif-420	6	75.0	41756	1038.29	5.10	75.0932	identical
1189261	500	500	500	zenravif-444	6	75.0	49378	1394.02	6.16	83.4302	identical
1189261	500	500	500	svt-rs-420	6	75.0	47061	33.45	4.53	74.2931	identical
1189261	500	500	500	zenravif-420	6	80.0	48741	1109.54	5.41	76.4081	identical
1189261	500	500	500	zenravif-444	6	80.0	59455	1485.29	7.04	85.9372	identical
1189261	500	500	500	svt-rs-420	6	80.0	54285	35.40	4.83	75.9425	identical
1189261	500	500	500	zenravif-420	6	85.0	57161	1203.24	5.95	77.1883	identical
1189261	500	500	500	zenravif-444	6	85.0	71243	1600.58	7.49	88.1552	identical
1189261	500	500	500	svt-rs-420	6	85.0	63420	35.95	5.30	76.7028	identical
1189261	500	500	500	zenravif-420	6	90.0	72030	1325.59	6.33	78.2223	identical
1189261	500	500	500	zenravif-444	6	90.0	92474	1742.09	8.33	90.6721	identical
1189261	500	500	500	svt-rs-420	6	90.0	84486	32.99	6.20	78.0553	identical
1189261	500	500	500	zenravif-420	6	95.0	101565	1548.12	7.88	78.8654	identical
1189261	500	500	500	zenravif-444	6	95.0	136532	2046.75	10.52	93.1077	identical
1189261	500	500	500	svt-rs-420	6	95.0	116412	36.13	7.94	78.6733	identical
1189261	500	500	500	zenravif-420	6	100.0	187110	1017.04	12.55	79.3233	identical
1189261	500	500	500	zenravif-444	6	100.0	316418	1872.32	20.41	95.9937	identical
1189261	500	500	500	svt-rs-420	6	100.0	158166	39.17	9.73	78.9322	identical
1279330	500	500	500	zenravif-420	6	5.0	3401	363.96	5.52	1.1264	identical
1279330	500	500	500	zenravif-444	6	5.0	3289	477.18	3.13	-0.8618	identical
1279330	500	500	500	svt-rs-420	6	5.0	2139	12.28	5.21	-23.2752	identical
1279330	500	500	500	zenravif-420	6	10.0	3651	397.80	4.87	7.6956	identical
1279330	500	500	500	zenravif-444	6	10.0	3611	514.57	2.38	6.4145	identical
1279330	500	500	500	svt-rs-420	6	10.0	2682	12.89	8.98	-5.9196	identical
1279330	500	500	500	zenravif-420	6	15.0	4286	441.71	4.10	19.2475	identical
1279330	500	500	500	zenravif-444	6	15.0	4222	551.09	2.49	17.6111	identical
1279330	500	500	500	svt-rs-420	6	15.0	3393	13.30	7.95	8.3507	identical
1279330	500	500	500	zenravif-420	6	20.0	4980	467.29	2.59	31.4545	identical
1279330	500	500	500	zenravif-444	6	20.0	4943	627.99	2.59	30.6555	identical
1279330	500	500	500	svt-rs-420	6	20.0	4159	13.98	8.78	22.9891	identical
1279330	500	500	500	zenravif-420	6	25.0	5750	526.86	2.66	40.6899	identical
1279330	500	500	500	zenravif-444	6	25.0	5759	676.03	2.85	40.1592	identical
1279330	500	500	500	svt-rs-420	6	25.0	5003	15.50	6.41	31.9726	identical
1279330	500	500	500	zenravif-420	6	30.0	6705	546.88	2.67	48.5603	identical
1279330	500	500	500	zenravif-444	6	30.0	6805	700.86	2.96	48.7967	identical
1279330	500	500	500	svt-rs-420	6	30.0	6021	14.40	5.20	40.6742	identical
1279330	500	500	500	zenravif-420	6	35.0	7710	598.58	2.78	55.8064	identical
1279330	500	500	500	zenravif-444	6	35.0	7866	804.53	3.08	56.5839	identical
1279330	500	500	500	svt-rs-420	6	35.0	7651	16.45	5.44	51.5763	identical
1279330	500	500	500	zenravif-420	6	40.0	8912	629.51	3.00	61.7043	identical
1279330	500	500	500	zenravif-444	6	40.0	9187	820.31	3.34	62.7643	identical
1279330	500	500	500	svt-rs-420	6	40.0	9025	16.55	5.19	57.8669	identical
1279330	500	500	500	zenravif-420	6	45.0	10243	680.25	3.03	67.0513	identical
1279330	500	500	500	zenravif-444	6	45.0	10618	887.14	3.44	67.5676	identical
1279330	500	500	500	svt-rs-420	6	45.0	10700	16.54	2.46	64.7801	identical
1279330	500	500	500	zenravif-420	6	50.0	11741	666.58	3.05	71.7853	identical
1279330	500	500	500	zenravif-444	6	50.0	12378	887.21	3.64	72.2651	identical
1279330	500	500	500	svt-rs-420	6	50.0	12517	17.61	2.46	69.9465	identical
1279330	500	500	500	zenravif-420	6	55.0	13389	704.19	3.20	74.8230	identical
1279330	500	500	500	zenravif-444	6	55.0	14140	938.25	3.78	76.0272	identical
1279330	500	500	500	svt-rs-420	6	55.0	14606	18.35	2.62	74.2262	identical
1279330	500	500	500	zenravif-420	6	60.0	15176	735.89	3.23	77.6341	identical
1279330	500	500	500	zenravif-444	6	60.0	16206	957.00	3.87	78.7738	identical
1279330	500	500	500	svt-rs-420	6	60.0	17781	19.10	2.68	78.2032	identical
1279330	500	500	500	zenravif-420	6	65.0	17334	784.04	3.47	80.1589	identical
1279330	500	500	500	zenravif-444	6	65.0	18654	1022.74	4.05	81.6079	identical
1279330	500	500	500	svt-rs-420	6	65.0	20130	19.18	2.90	80.8032	identical
1279330	500	500	500	zenravif-420	6	70.0	19458	835.44	3.80	82.0911	identical
1279330	500	500	500	zenravif-444	6	70.0	21073	1077.75	4.15	83.7371	identical
1279330	500	500	500	svt-rs-420	6	70.0	22155	19.88	3.03	82.6082	identical
1279330	500	500	500	zenravif-420	6	75.0	23512	896.76	3.77	84.9956	identical
1279330	500	500	500	zenravif-444	6	75.0	25783	1146.47	4.65	86.5499	identical
1279330	500	500	500	svt-rs-420	6	75.0	24793	21.23	3.26	84.3432	identical
1279330	500	500	500	zenravif-420	6	80.0	26831	912.59	4.11	86.6206	identical
1279330	500	500	500	zenravif-444	6	80.0	30102	1209.41	4.83	88.2744	identical
1279330	500	500	500	svt-rs-420	6	80.0	28895	23.09	3.48	85.8891	identical
1279330	500	500	500	zenravif-420	6	85.0	31611	1035.29	4.45	88.3026	identical
1279330	500	500	500	zenravif-444	6	85.0	35765	1314.38	5.31	89.8185	identical
1279330	500	500	500	svt-rs-420	6	85.0	33670	22.50	3.69	88.1620	identical
1279330	500	500	500	zenravif-420	6	90.0	39999	1117.04	4.84	89.6011	identical
1279330	500	500	500	zenravif-444	6	90.0	46091	1392.32	5.74	91.6648	identical
1279330	500	500	500	svt-rs-420	6	90.0	46593	22.46	4.18	90.1257	identical
1279330	500	500	500	zenravif-420	6	95.0	59985	1309.13	5.88	91.3536	identical
1279330	500	500	500	zenravif-444	6	95.0	71464	1571.35	7.32	93.3564	identical
1279330	500	500	500	svt-rs-420	6	95.0	67329	27.07	5.55	91.6010	identical
1279330	500	500	500	zenravif-420	6	100.0	143867	1199.07	10.46	92.9233	identical
1279330	500	500	500	zenravif-444	6	100.0	225061	2040.60	16.72	95.6567	identical
1279330	500	500	500	svt-rs-420	6	100.0	101790	30.11	7.23	92.2188	identical
1418519	500	500	500	zenravif-420	6	5.0	1747	326.74	3.68	1.4909	identical
1418519	500	500	500	zenravif-444	6	5.0	1709	427.51	4.76	-0.3274	identical
1418519	500	500	500	svt-rs-420	6	5.0	1080	11.03	7.95	-14.8368	identical
1418519	500	500	500	zenravif-420	6	10.0	1888	311.63	7.44	6.1722	identical
1418519	500	500	500	zenravif-444	6	10.0	1844	396.36	4.66	4.7550	identical
1418519	500	500	500	svt-rs-420	6	10.0	1400	12.27	7.01	-1.0591	identical
1418519	500	500	500	zenravif-420	6	15.0	2177	329.31	8.92	19.1911	identical
1418519	500	500	500	zenravif-444	6	15.0	2161	419.47	2.80	16.0759	identical
1418519	500	500	500	svt-rs-420	6	15.0	1800	12.31	7.47	12.6607	identical
1418519	500	500	500	zenravif-420	6	20.0	2623	381.54	7.34	29.7493	identical
1418519	500	500	500	zenravif-444	6	20.0	2614	479.04	4.59	29.1126	identical
1418519	500	500	500	svt-rs-420	6	20.0	2232	13.36	4.28	23.9857	identical
1418519	500	500	500	zenravif-420	6	25.0	3041	342.64	7.44	38.3745	identical
1418519	500	500	500	zenravif-444	6	25.0	3038	426.54	4.93	37.5145	identical
1418519	500	500	500	svt-rs-420	6	25.0	2673	13.69	3.85	33.5082	identical
1418519	500	500	500	zenravif-420	6	30.0	3518	365.48	3.18	45.7248	identical
1418519	500	500	500	zenravif-444	6	30.0	3570	537.70	3.84	46.3005	identical
1418519	500	500	500	svt-rs-420	6	30.0	3265	14.70	7.62	41.9559	identical
1418519	500	500	500	zenravif-420	6	35.0	4159	399.73	3.25	53.0203	identical
1418519	500	500	500	zenravif-444	6	35.0	4269	561.84	2.78	52.4059	identical
1418519	500	500	500	svt-rs-420	6	35.0	4151	14.81	2.94	51.5628	identical
1418519	500	500	500	zenravif-420	6	40.0	4845	446.12	2.81	58.7496	identical
1418519	500	500	500	zenravif-444	6	40.0	4914	601.50	2.67	58.2392	identical
1418519	500	500	500	svt-rs-420	6	40.0	4972	14.93	2.71	58.7704	identical
1418519	500	500	500	zenravif-420	6	45.0	5721	494.71	4.01	64.2691	identical
1418519	500	500	500	zenravif-444	6	45.0	5896	682.17	2.76	64.4397	identical
1418519	500	500	500	svt-rs-420	6	45.0	5916	15.84	3.08	63.3570	identical
1418519	500	500	500	zenravif-420	6	50.0	6681	492.93	2.46	69.5120	identical
1418519	500	500	500	zenravif-444	6	50.0	6915	634.96	2.61	69.5251	identical
1418519	500	500	500	svt-rs-420	6	50.0	7003	16.33	4.35	68.1282	identical
1418519	500	500	500	zenravif-420	6	55.0	7637	479.98	2.53	72.5503	identical
1418519	500	500	500	zenravif-444	6	55.0	8037	640.30	2.76	73.0824	identical
1418519	500	500	500	svt-rs-420	6	55.0	8220	16.96	2.79	72.0566	identical
1418519	500	500	500	zenravif-420	6	60.0	8729	514.01	2.61	75.3684	identical
1418519	500	500	500	zenravif-444	6	60.0	9261	670.72	2.84	75.8932	identical
1418519	500	500	500	svt-rs-420	6	60.0	9999	18.07	3.45	76.4480	identical
1418519	500	500	500	zenravif-420	6	65.0	10224	541.32	2.69	78.8475	identical
1418519	500	500	500	zenravif-444	6	65.0	10870	708.64	3.04	79.8367	identical
1418519	500	500	500	svt-rs-420	6	65.0	11189	18.49	3.76	78.6868	identical
1418519	500	500	500	zenravif-420	6	70.0	11609	552.94	2.72	81.1223	identical
1418519	500	500	500	zenravif-444	6	70.0	12386	763.87	3.02	81.6787	identical
1418519	500	500	500	svt-rs-420	6	70.0	12361	19.38	3.16	80.6918	identical
1418519	500	500	500	zenravif-420	6	75.0	14139	603.32	3.01	83.9559	identical
1418519	500	500	500	zenravif-444	6	75.0	15391	780.36	3.30	84.4408	identical
1418519	500	500	500	svt-rs-420	6	75.0	13883	19.31	3.52	82.5034	identical
1418519	500	500	500	zenravif-420	6	80.0	16361	623.44	3.12	85.9651	identical
1418519	500	500	500	zenravif-444	6	80.0	18187	852.99	3.52	86.5855	identical
1418519	500	500	500	svt-rs-420	6	80.0	16191	20.19	2.71	85.1041	identical
1418519	500	500	500	zenravif-420	6	85.0	19591	659.49	3.25	87.2971	identical
1418519	500	500	500	zenravif-444	6	85.0	22062	882.15	3.89	88.1192	identical
1418519	500	500	500	svt-rs-420	6	85.0	19093	19.88	2.91	86.7538	identical
1418519	500	500	500	zenravif-420	6	90.0	24731	723.64	3.75	88.8249	identical
1418519	500	500	500	zenravif-444	6	90.0	28645	877.22	4.27	89.9647	identical
1418519	500	500	500	svt-rs-420	6	90.0	25860	22.26	3.02	89.2546	identical
1418519	500	500	500	zenravif-420	6	95.0	37716	782.15	4.31	90.7035	identical
1418519	500	500	500	zenravif-444	6	95.0	45956	988.66	4.99	92.0298	identical
1418519	500	500	500	svt-rs-420	6	95.0	39552	24.36	3.80	90.7596	identical
1418519	500	500	500	zenravif-420	6	100.0	102677	829.65	8.39	92.2411	identical
1418519	500	500	500	zenravif-444	6	100.0	172859	1406.13	13.59	93.5852	identical
1418519	500	500	500	svt-rs-420	6	100.0	64000	27.98	5.47	91.6688	identical
1420710	500	500	500	zenravif-420	6	5.0	4557	380.25	4.38	-17.7907	identical
1420710	500	500	500	zenravif-444	6	5.0	4539	473.99	3.65	-18.2036	identical
1420710	500	500	500	svt-rs-420	6	5.0	3860	14.44	6.91	-16.1786	identical
1420710	500	500	500	zenravif-420	6	10.0	5223	407.58	3.78	-8.4956	identical
1420710	500	500	500	zenravif-444	6	10.0	5169	506.92	4.44	-10.0314	identical
1420710	500	500	500	svt-rs-420	6	10.0	5634	15.81	5.48	3.2808	identical
1420710	500	500	500	zenravif-420	6	15.0	6431	454.46	2.83	4.3459	identical
1420710	500	500	500	zenravif-444	6	15.0	6381	556.91	2.48	2.9460	identical
1420710	500	500	500	svt-rs-420	6	15.0	7696	17.14	4.43	18.5652	identical
1420710	500	500	500	zenravif-420	6	20.0	8372	508.95	2.67	19.4180	identical
1420710	500	500	500	zenravif-444	6	20.0	8328	598.75	2.66	18.1707	identical
1420710	500	500	500	svt-rs-420	6	20.0	9916	18.25	4.14	29.5496	identical
1420710	500	500	500	zenravif-420	6	25.0	10100	567.94	2.91	29.7920	identical
1420710	500	500	500	zenravif-444	6	25.0	10096	679.94	2.82	29.2768	identical
1420710	500	500	500	svt-rs-420	6	25.0	12694	19.14	2.46	39.0132	identical
1420710	500	500	500	zenravif-420	6	30.0	12963	612.67	3.09	40.4953	identical
1420710	500	500	500	zenravif-444	6	30.0	12920	777.81	3.22	39.4648	identical
1420710	500	500	500	svt-rs-420	6	30.0	16145	20.08	2.67	47.3855	identical
1420710	500	500	500	zenravif-420	6	35.0	15856	668.19	3.52	48.5756	identical
1420710	500	500	500	zenravif-444	6	35.0	15887	842.40	3.76	47.7021	identical
1420710	500	500	500	svt-rs-420	6	35.0	22485	25.61	2.86	56.5539	identical
1420710	500	500	500	zenravif-420	6	40.0	19936	743.16	3.88	55.5387	identical
1420710	500	500	500	zenravif-444	6	40.0	20151	948.60	3.98	55.3979	identical
1420710	500	500	500	svt-rs-420	6	40.0	28188	27.83	3.17	62.2784	identical
1420710	500	500	500	zenravif-420	6	45.0	24122	850.16	4.09	61.2649	identical
1420710	500	500	500	zenravif-444	6	45.0	24440	1061.59	4.46	61.7569	identical
1420710	500	500	500	svt-rs-420	6	45.0	34920	27.94	3.72	67.3542	identical
1420710	500	500	500	zenravif-420	6	50.0	30257	892.76	4.39	66.6334	identical
1420710	500	500	500	zenravif-444	6	50.0	30838	1176.51	4.78	67.4845	identical
1420710	500	500	500	svt-rs-420	6	50.0	42421	31.58	4.21	71.6596	identical
1420710	500	500	500	zenravif-420	6	55.0	35515	1012.28	4.99	70.6296	identical
1420710	500	500	500	zenravif-444	6	55.0	36514	1288.14	5.27	71.3488	identical
1420710	500	500	500	svt-rs-420	6	55.0	52400	33.83	4.43	75.6966	identical
1420710	500	500	500	zenravif-420	6	60.0	43573	1082.79	5.31	74.5633	identical
1420710	500	500	500	zenravif-444	6	60.0	44948	1414.65	6.23	75.3380	identical
1420710	500	500	500	svt-rs-420	6	60.0	64711	35.02	5.04	79.9687	identical
1420710	500	500	500	zenravif-420	6	65.0	50601	1177.51	5.69	77.2556	identical
1420710	500	500	500	zenravif-444	6	65.0	52836	1512.21	6.86	78.8278	identical
1420710	500	500	500	svt-rs-420	6	65.0	73712	33.94	5.21	82.2692	identical
1420710	500	500	500	zenravif-420	6	70.0	60528	1297.14	6.43	80.5120	identical
1420710	500	500	500	zenravif-444	6	70.0	63463	1665.46	9.45	81.7785	identical
1420710	500	500	500	svt-rs-420	6	70.0	81782	34.49	5.57	84.0202	identical
1420710	500	500	500	zenravif-420	6	75.0	73770	1452.07	6.98	84.0448	identical
1420710	500	500	500	zenravif-444	6	75.0	78757	1853.77	8.49	85.4447	identical
1420710	500	500	500	svt-rs-420	6	75.0	91318	36.55	6.16	85.5118	identical
1420710	500	500	500	zenravif-420	6	80.0	86916	1608.90	7.57	86.3790	identical
1420710	500	500	500	zenravif-444	6	80.0	93641	2030.78	9.21	87.5834	identical
1420710	500	500	500	svt-rs-420	6	80.0	104656	40.53	6.96	87.9388	identical
1420710	500	500	500	zenravif-420	6	85.0	102268	1764.34	8.55	88.1087	identical
1420710	500	500	500	zenravif-444	6	85.0	112731	2233.64	10.08	89.9278	identical
1420710	500	500	500	svt-rs-420	6	85.0	119522	29.09	7.60	89.0325	identical
1420710	500	500	500	zenravif-420	6	90.0	124166	1938.91	8.99	90.4188	identical
1420710	500	500	500	zenravif-444	6	90.0	141840	2445.93	11.71	91.8844	identical
1420710	500	500	500	svt-rs-420	6	90.0	151057	29.63	8.87	91.3683	identical
1420710	500	500	500	zenravif-420	6	95.0	160227	2297.70	11.98	92.3049	identical
1420710	500	500	500	zenravif-444	6	95.0	196575	2850.89	14.32	94.0194	identical
1420710	500	500	500	svt-rs-420	6	95.0	189987	28.52	10.46	92.9559	identical
1420710	500	500	500	zenravif-420	6	100.0	260025	1506.16	17.62	94.4218	identical
1420710	500	500	500	zenravif-444	6	100.0	409591	2407.22	25.40	96.9093	identical
1420710	500	500	500	svt-rs-420	6	100.0	236060	30.75	12.82	93.7985	identical
