image	size	width	height	backend	speed	quality	bytes	encode_ms	decode_ms	ssim2	aom_gate
1025469	64	64	64	zenravif-420	2	5.0	301	34.97	3.62	57.3665	identical
1025469	64	64	64	zenravif-444	2	5.0	302	20.06	4.11	57.3892	identical
1025469	64	64	64	svt-rs-420	2	5.0	273	28.69	4.12	48.7728	identical
1025469	64	64	64	zenravif-420	2	10.0	303	16.99	12.17	57.8986	identical
1025469	64	64	64	zenravif-444	2	10.0	304	20.95	3.64	57.8206	identical
1025469	64	64	64	svt-rs-420	2	10.0	274	33.38	9.74	53.9228	identical
1025469	64	64	64	zenravif-420	2	15.0	305	16.96	2.66	60.1763	identical
1025469	64	64	64	zenravif-444	2	15.0	307	15.56	2.66	60.9409	identical
1025469	64	64	64	svt-rs-420	2	15.0	285	17.65	17.46	59.4481	identical
1025469	64	64	64	zenravif-420	2	20.0	308	18.15	4.68	60.8798	identical
1025469	64	64	64	zenravif-444	2	20.0	309	15.50	2.89	60.9234	identical
1025469	64	64	64	svt-rs-420	2	20.0	288	23.39	2.70	60.9844	identical
1025469	64	64	64	zenravif-420	2	25.0	313	16.36	3.80	61.7114	identical
1025469	64	64	64	zenravif-444	2	25.0	313	19.77	2.32	61.7114	identical
1025469	64	64	64	svt-rs-420	2	25.0	290	23.95	4.84	61.3189	identical
1025469	64	64	64	zenravif-420	2	30.0	321	15.49	5.11	65.5713	identical
1025469	64	64	64	zenravif-444	2	30.0	321	20.25	2.36	65.6666	identical
1025469	64	64	64	svt-rs-420	2	30.0	292	35.76	2.98	61.9822	identical
1025469	64	64	64	zenravif-420	2	35.0	334	15.81	3.30	66.6338	identical
1025469	64	64	64	zenravif-444	2	35.0	333	26.61	1.99	66.5629	identical
1025469	64	64	64	svt-rs-420	2	35.0	297	38.44	2.75	62.9835	identical
1025469	64	64	64	zenravif-420	2	40.0	346	18.85	2.60	67.4838	identical
1025469	64	64	64	zenravif-444	2	40.0	346	21.01	1.63	68.2586	identical
1025469	64	64	64	svt-rs-420	2	40.0	316	44.06	1.45	67.2755	identical
1025469	64	64	64	zenravif-420	2	45.0	358	25.13	1.36	68.1274	identical
1025469	64	64	64	zenravif-444	2	45.0	359	28.88	3.79	68.7252	identical
1025469	64	64	64	svt-rs-420	2	45.0	318	50.97	9.29	67.8790	identical
1025469	64	64	64	zenravif-420	2	50.0	381	22.46	2.96	70.0516	identical
1025469	64	64	64	zenravif-444	2	50.0	384	25.79	2.48	70.7697	identical
1025469	64	64	64	svt-rs-420	2	50.0	340	50.37	3.27	69.1408	identical
1025469	64	64	64	zenravif-420	2	55.0	401	18.90	3.52	71.3525	identical
1025469	64	64	64	zenravif-444	2	55.0	406	21.12	3.06	71.5867	identical
1025469	64	64	64	svt-rs-420	2	55.0	365	61.87	1.53	71.2344	identical
1025469	64	64	64	zenravif-420	2	60.0	445	26.31	2.97	72.2695	identical
1025469	64	64	64	zenravif-444	2	60.0	449	27.18	2.39	73.0925	identical
1025469	64	64	64	svt-rs-420	2	60.0	404	63.03	2.70	72.2749	identical
1025469	64	64	64	zenravif-420	2	65.0	468	22.18	3.33	72.8806	identical
1025469	64	64	64	zenravif-444	2	65.0	482	23.86	1.50	79.6078	identical
1025469	64	64	64	svt-rs-420	2	65.0	437	57.67	1.95	72.7152	identical
1025469	64	64	64	zenravif-420	2	70.0	518	24.71	1.80	76.6526	identical
1025469	64	64	64	zenravif-444	2	70.0	528	30.72	1.96	80.4892	identical
1025469	64	64	64	svt-rs-420	2	70.0	466	55.13	3.75	73.3770	identical
1025469	64	64	64	zenravif-420	2	75.0	587	37.86	3.40	80.1445	identical
1025469	64	64	64	zenravif-444	2	75.0	601	61.37	2.84	84.0836	identical
1025469	64	64	64	svt-rs-420	2	75.0	485	49.45	1.67	73.3711	identical
1025469	64	64	64	zenravif-420	2	80.0	655	37.48	7.89	79.6267	identical
1025469	64	64	64	zenravif-444	2	80.0	664	46.66	3.29	85.2083	identical
1025469	64	64	64	svt-rs-420	2	80.0	562	48.13	2.95	79.0661	identical
1025469	64	64	64	zenravif-420	2	85.0	729	44.86	2.67	79.3924	identical
1025469	64	64	64	zenravif-444	2	85.0	774	62.26	1.72	88.3584	identical
1025469	64	64	64	svt-rs-420	2	85.0	611	47.60	5.90	79.2826	identical
1025469	64	64	64	zenravif-420	2	90.0	925	54.83	2.23	81.6710	identical
1025469	64	64	64	zenravif-444	2	90.0	1005	61.06	2.42	89.1318	identical
1025469	64	64	64	svt-rs-420	2	90.0	782	40.15	1.80	81.3038	identical
1025469	64	64	64	zenravif-420	2	95.0	1275	76.24	3.18	84.2674	identical
1025469	64	64	64	zenravif-444	2	95.0	1569	57.97	1.96	91.1017	identical
1025469	64	64	64	svt-rs-420	2	95.0	1108	50.56	6.17	84.3946	identical
1025469	64	64	64	zenravif-420	2	100.0	2464	40.76	2.24	85.9939	identical
1025469	64	64	64	zenravif-444	2	100.0	3927	55.70	1.97	93.9248	identical
1025469	64	64	64	svt-rs-420	2	100.0	2941	31.60	1.60	-61.8967	identical
1025469	64	64	64	zenravif-420	6	5.0	310	3.45	1.76	55.0320	identical
1025469	64	64	64	zenravif-444	6	5.0	310	4.94	1.59	55.0074	identical
1025469	64	64	64	svt-rs-420	6	5.0	273	0.58	1.46	48.7671	identical
1025469	64	64	64	zenravif-420	6	10.0	314	3.41	7.00	55.7901	identical
1025469	64	64	64	zenravif-444	6	10.0	314	6.46	1.66	55.6978	identical
1025469	64	64	64	svt-rs-420	6	10.0	274	0.67	2.79	52.9115	identical
1025469	64	64	64	zenravif-420	6	15.0	317	3.73	1.94	60.8009	identical
1025469	64	64	64	zenravif-444	6	15.0	318	5.57	1.82	60.7026	identical
1025469	64	64	64	svt-rs-420	6	15.0	274	0.92	1.90	54.4891	identical
1025469	64	64	64	zenravif-420	6	20.0	323	4.52	2.35	61.4464	identical
1025469	64	64	64	zenravif-444	6	20.0	323	5.61	1.72	61.5162	identical
1025469	64	64	64	svt-rs-420	6	20.0	289	0.69	1.49	60.3604	identical
1025469	64	64	64	zenravif-420	6	25.0	324	3.63	1.53	63.0919	identical
1025469	64	64	64	zenravif-444	6	25.0	324	5.22	2.04	62.8948	identical
1025469	64	64	64	svt-rs-420	6	25.0	293	0.90	2.14	60.5191	identical
1025469	64	64	64	zenravif-420	6	30.0	334	5.83	2.28	64.6002	identical
1025469	64	64	64	zenravif-444	6	30.0	335	8.67	1.99	64.6465	identical
1025469	64	64	64	svt-rs-420	6	30.0	297	1.23	1.70	62.1974	identical
1025469	64	64	64	zenravif-420	6	35.0	343	3.99	3.95	65.9812	identical
1025469	64	64	64	zenravif-444	6	35.0	345	6.11	1.89	65.9190	identical
1025469	64	64	64	svt-rs-420	6	35.0	302	0.79	1.42	63.1058	identical
1025469	64	64	64	zenravif-420	6	40.0	357	4.25	1.47	67.1701	identical
1025469	64	64	64	zenravif-444	6	40.0	356	6.13	1.48	67.2497	identical
1025469	64	64	64	svt-rs-420	6	40.0	315	0.89	2.18	66.5107	identical
1025469	64	64	64	zenravif-420	6	45.0	373	7.15	1.62	68.4232	identical
1025469	64	64	64	zenravif-444	6	45.0	369	8.84	1.51	68.7093	identical
1025469	64	64	64	svt-rs-420	6	45.0	335	0.83	1.44	68.0325	identical
1025469	64	64	64	zenravif-420	6	50.0	396	3.30	1.27	69.6599	identical
1025469	64	64	64	zenravif-444	6	50.0	396	3.97	1.19	70.2360	identical
1025469	64	64	64	svt-rs-420	6	50.0	354	0.87	1.34	70.4292	identical
1025469	64	64	64	zenravif-420	6	55.0	420	3.25	2.72	71.3177	identical
1025469	64	64	64	zenravif-444	6	55.0	421	4.71	1.97	71.8162	identical
1025469	64	64	64	svt-rs-420	6	55.0	384	1.06	1.61	71.1953	identical
1025469	64	64	64	zenravif-420	6	60.0	455	3.48	1.59	72.3524	identical
1025469	64	64	64	zenravif-444	6	60.0	455	4.70	1.66	72.7687	identical
1025469	64	64	64	svt-rs-420	6	60.0	420	1.00	1.65	72.2015	identical
1025469	64	64	64	zenravif-420	6	65.0	477	3.81	1.36	73.2663	identical
1025469	64	64	64	zenravif-444	6	65.0	486	5.15	1.52	79.4989	identical
1025469	64	64	64	svt-rs-420	6	65.0	455	1.07	5.61	72.5030	identical
1025469	64	64	64	zenravif-420	6	70.0	529	4.16	1.52	76.5147	identical
1025469	64	64	64	zenravif-444	6	70.0	540	5.83	2.30	80.5142	identical
1025469	64	64	64	svt-rs-420	6	70.0	492	1.70	1.78	72.9306	identical
1025469	64	64	64	zenravif-420	6	75.0	605	4.62	1.21	80.3551	identical
1025469	64	64	64	zenravif-444	6	75.0	626	6.95	1.57	84.2261	identical
1025469	64	64	64	svt-rs-420	6	75.0	542	1.21	1.51	77.4524	identical
1025469	64	64	64	zenravif-420	6	80.0	677	5.87	1.52	79.5153	identical
1025469	64	64	64	zenravif-444	6	80.0	700	7.74	1.60	85.2921	identical
1025469	64	64	64	svt-rs-420	6	80.0	622	1.33	1.51	79.1948	identical
1025469	64	64	64	zenravif-420	6	85.0	781	5.22	1.50	79.6756	identical
1025469	64	64	64	zenravif-444	6	85.0	813	8.05	1.83	88.0700	identical
1025469	64	64	64	svt-rs-420	6	85.0	670	1.30	1.53	78.1934	identical
1025469	64	64	64	zenravif-420	6	90.0	946	5.51	1.33	81.7510	identical
1025469	64	64	64	zenravif-444	6	90.0	1043	8.14	1.46	89.3760	identical
1025469	64	64	64	svt-rs-420	6	90.0	857	1.27	1.42	84.4661	identical
1025469	64	64	64	zenravif-420	6	95.0	1328	6.94	2.40	84.3594	identical
1025469	64	64	64	zenravif-444	6	95.0	1582	10.44	2.50	90.9267	identical
1025469	64	64	64	svt-rs-420	6	95.0	1168	1.72	1.68	83.9591	identical
1025469	64	64	64	zenravif-420	6	100.0	2394	9.23	7.15	85.8629	identical
1025469	64	64	64	zenravif-444	6	100.0	3793	15.22	3.17	93.6040	identical
1025469	64	64	64	svt-rs-420	6	100.0	3114	2.27	2.18	-61.1763	identical
1025469	64	64	64	zenravif-420	9	5.0	308	1.55	1.43	55.0015	identical
1025469	64	64	64	zenravif-444	9	5.0	308	2.24	1.42	54.9835	identical
1025469	64	64	64	svt-rs-420	9	5.0	273	0.32	1.65	48.7671	identical
1025469	64	64	64	zenravif-420	9	10.0	312	1.63	1.31	55.7901	identical
1025469	64	64	64	zenravif-444	9	10.0	312	2.34	2.87	55.6978	identical
1025469	64	64	64	svt-rs-420	9	10.0	274	0.34	1.72	52.9115	identical
1025469	64	64	64	zenravif-420	9	15.0	315	2.07	1.68	60.7489	identical
1025469	64	64	64	zenravif-444	9	15.0	316	2.38	2.48	60.6616	identical
1025469	64	64	64	svt-rs-420	9	15.0	274	0.52	1.83	54.4891	identical
1025469	64	64	64	zenravif-420	9	20.0	317	1.77	5.10	60.9287	identical
1025469	64	64	64	zenravif-444	9	20.0	317	2.53	1.43	60.8821	identical
1025469	64	64	64	svt-rs-420	9	20.0	275	0.36	1.29	54.8820	identical
1025469	64	64	64	zenravif-420	9	25.0	323	1.71	1.33	63.0679	identical
1025469	64	64	64	zenravif-444	9	25.0	323	2.47	1.97	62.8673	identical
1025469	64	64	64	svt-rs-420	9	25.0	292	0.40	1.66	60.5646	identical
1025469	64	64	64	zenravif-420	9	30.0	330	1.78	1.43	64.3948	identical
1025469	64	64	64	zenravif-444	9	30.0	330	2.88	1.52	64.4669	identical
1025469	64	64	64	svt-rs-420	9	30.0	295	0.47	2.18	62.3592	identical
1025469	64	64	64	zenravif-420	9	35.0	341	2.04	2.46	66.0593	identical
1025469	64	64	64	zenravif-444	9	35.0	344	2.96	1.65	65.9829	identical
1025469	64	64	64	svt-rs-420	9	35.0	308	0.46	1.59	64.9365	identical
1025469	64	64	64	zenravif-420	9	40.0	356	2.33	2.74	67.2399	identical
1025469	64	64	64	zenravif-444	9	40.0	354	3.00	2.12	67.3299	identical
1025469	64	64	64	svt-rs-420	9	40.0	320	0.69	2.50	65.8101	identical
1025469	64	64	64	zenravif-420	9	45.0	373	2.63	1.85	68.3878	identical
1025469	64	64	64	zenravif-444	9	45.0	369	3.08	2.97	68.6484	identical
1025469	64	64	64	svt-rs-420	9	45.0	334	0.48	1.56	67.8842	identical
1025469	64	64	64	zenravif-420	9	50.0	398	1.66	2.71	69.9010	identical
1025469	64	64	64	zenravif-444	9	50.0	397	2.03	3.56	70.0329	identical
1025469	64	64	64	svt-rs-420	9	50.0	358	0.51	1.90	70.4010	identical
1025469	64	64	64	zenravif-420	9	55.0	421	1.74	1.50	71.1810	identical
1025469	64	64	64	zenravif-444	9	55.0	423	2.27	3.16	71.6114	identical
1025469	64	64	64	svt-rs-420	9	55.0	389	0.52	1.71	71.2465	identical
1025469	64	64	64	zenravif-420	9	60.0	456	1.78	4.04	71.8660	identical
1025469	64	64	64	zenravif-444	9	60.0	457	2.22	6.90	72.2877	identical
1025469	64	64	64	svt-rs-420	9	60.0	422	0.79	4.26	72.1981	identical
1025469	64	64	64	zenravif-420	9	65.0	485	1.78	1.98	72.8672	identical
1025469	64	64	64	zenravif-444	9	65.0	494	2.66	4.19	79.4974	identical
1025469	64	64	64	svt-rs-420	9	65.0	449	0.72	2.15	72.4379	identical
1025469	64	64	64	zenravif-420	9	70.0	538	1.99	2.71	76.5417	identical
1025469	64	64	64	zenravif-444	9	70.0	546	2.51	1.31	80.3635	identical
1025469	64	64	64	svt-rs-420	9	70.0	482	0.57	1.78	72.9996	identical
1025469	64	64	64	zenravif-420	9	75.0	623	2.11	3.58	80.1637	identical
1025469	64	64	64	zenravif-444	9	75.0	638	2.99	1.52	83.7038	identical
1025469	64	64	64	svt-rs-420	9	75.0	520	0.58	1.54	77.2037	identical
1025469	64	64	64	zenravif-420	9	80.0	687	2.89	4.55	79.4746	identical
1025469	64	64	64	zenravif-444	9	80.0	706	4.64	1.49	85.1759	identical
1025469	64	64	64	svt-rs-420	9	80.0	616	0.68	2.38	78.4935	identical
1025469	64	64	64	zenravif-420	9	85.0	789	2.24	1.46	79.6013	identical
1025469	64	64	64	zenravif-444	9	85.0	824	3.43	1.90	88.1814	identical
1025469	64	64	64	svt-rs-420	9	85.0	714	0.87	2.77	79.7930	identical
1025469	64	64	64	zenravif-420	9	90.0	959	2.43	2.22	81.5297	identical
1025469	64	64	64	zenravif-444	9	90.0	1054	3.75	1.50	89.2343	identical
1025469	64	64	64	svt-rs-420	9	90.0	866	0.64	1.42	84.5941	identical
1025469	64	64	64	zenravif-420	9	95.0	1355	2.75	1.62	84.2032	identical
1025469	64	64	64	zenravif-444	9	95.0	1625	4.41	3.63	91.2517	identical
1025469	64	64	64	svt-rs-420	9	95.0	1209	1.15	1.50	83.9522	identical
1025469	64	64	64	zenravif-420	9	100.0	2315	4.97	1.73	85.8023	identical
1025469	64	64	64	zenravif-444	9	100.0	3661	5.66	2.04	93.3213	identical
1025469	64	64	64	svt-rs-420	9	100.0	3138	1.13	1.42	-62.9619	identical
1044329	64	64	64	zenravif-420	2	5.0	416	52.63	1.82	22.8339	identical
1044329	64	64	64	zenravif-444	2	5.0	411	57.55	2.44	22.9337	identical
1044329	64	64	64	svt-rs-420	2	5.0	347	28.52	3.94	11.2860	identical
1044329	64	64	64	zenravif-420	2	10.0	430	56.54	3.20	19.8168	identical
1044329	64	64	64	zenravif-444	2	10.0	428	65.42	4.74	19.2874	identical
1044329	64	64	64	svt-rs-420	2	10.0	404	72.18	4.16	24.6055	identical
1044329	64	64	64	zenravif-420	2	15.0	470	60.33	3.87	18.1817	identical
1044329	64	64	64	zenravif-444	2	15.0	479	74.04	1.63	26.6428	identical
1044329	64	64	64	svt-rs-420	2	15.0	441	114.17	1.71	33.5101	identical
1044329	64	64	64	zenravif-420	2	20.0	516	61.90	2.50	30.4781	identical
1044329	64	64	64	zenravif-444	2	20.0	520	74.65	5.50	24.4706	identical
1044329	64	64	64	svt-rs-420	2	20.0	493	104.56	2.10	34.8902	identical
1044329	64	64	64	zenravif-420	2	25.0	582	86.28	2.07	30.6547	identical
1044329	64	64	64	zenravif-444	2	25.0	576	91.47	2.14	31.3026	identical
1044329	64	64	64	svt-rs-420	2	25.0	534	100.38	2.83	35.6129	identical
1044329	64	64	64	zenravif-420	2	30.0	647	76.91	2.49	35.4742	identical
1044329	64	64	64	zenravif-444	2	30.0	666	90.27	3.21	25.8975	identical
1044329	64	64	64	svt-rs-420	2	30.0	604	112.35	3.48	30.6267	identical
1044329	64	64	64	zenravif-420	2	35.0	715	80.18	1.70	34.5504	identical
1044329	64	64	64	zenravif-444	2	35.0	717	85.27	2.64	40.2884	identical
1044329	64	64	64	svt-rs-420	2	35.0	676	128.10	2.28	38.3257	identical
1044329	64	64	64	zenravif-420	2	40.0	792	94.69	2.68	38.2475	identical
1044329	64	64	64	zenravif-444	2	40.0	803	97.15	3.80	50.7989	identical
1044329	64	64	64	svt-rs-420	2	40.0	776	132.80	2.57	45.6545	identical
1044329	64	64	64	zenravif-420	2	45.0	860	127.96	4.87	42.5548	identical
1044329	64	64	64	zenravif-444	2	45.0	911	169.14	2.67	48.4862	identical
1044329	64	64	64	svt-rs-420	2	45.0	882	114.13	2.09	47.3034	identical
1044329	64	64	64	zenravif-420	2	50.0	965	70.70	2.10	45.5402	identical
1044329	64	64	64	zenravif-444	2	50.0	1026	77.32	1.92	43.6561	identical
1044329	64	64	64	svt-rs-420	2	50.0	987	193.90	3.90	45.3969	identical
1044329	64	64	64	zenravif-420	2	55.0	1063	93.09	1.82	45.6827	identical
1044329	64	64	64	zenravif-444	2	55.0	1151	96.37	1.86	51.4803	identical
1044329	64	64	64	svt-rs-420	2	55.0	1090	114.55	4.76	46.5851	identical
1044329	64	64	64	zenravif-420	2	60.0	1167	102.58	2.07	46.8470	identical
1044329	64	64	64	zenravif-444	2	60.0	1267	108.11	1.94	49.0853	identical
1044329	64	64	64	svt-rs-420	2	60.0	1244	122.28	1.78	47.9650	identical
1044329	64	64	64	zenravif-420	2	65.0	1289	91.30	2.02	48.9317	identical
1044329	64	64	64	zenravif-444	2	65.0	1461	142.27	1.92	52.6415	identical
1044329	64	64	64	svt-rs-420	2	65.0	1366	128.92	1.69	49.1012	identical
1044329	64	64	64	zenravif-420	2	70.0	1380	98.81	2.08	50.7806	identical
1044329	64	64	64	zenravif-444	2	70.0	1604	132.82	3.69	55.7803	identical
1044329	64	64	64	svt-rs-420	2	70.0	1502	125.58	2.39	50.1155	identical
1044329	64	64	64	zenravif-420	2	75.0	1587	99.57	3.25	51.8296	identical
1044329	64	64	64	zenravif-444	2	75.0	1879	105.33	4.35	62.7837	identical
1044329	64	64	64	svt-rs-420	2	75.0	1603	82.18	4.28	50.5161	identical
1044329	64	64	64	zenravif-420	2	80.0	1764	102.26	8.34	52.6536	identical
1044329	64	64	64	zenravif-444	2	80.0	2102	98.91	6.51	69.1641	identical
1044329	64	64	64	svt-rs-420	2	80.0	1818	66.71	2.83	53.4552	identical
1044329	64	64	64	zenravif-420	2	85.0	1947	123.35	2.12	53.1476	identical
1044329	64	64	64	zenravif-444	2	85.0	2436	123.33	4.59	72.7804	identical
1044329	64	64	64	svt-rs-420	2	85.0	2000	73.08	4.19	54.1476	identical
1044329	64	64	64	zenravif-420	2	90.0	2258	121.60	1.86	54.9581	identical
1044329	64	64	64	zenravif-444	2	90.0	2961	111.17	2.13	79.1091	identical
1044329	64	64	64	svt-rs-420	2	90.0	2442	61.85	2.86	55.0650	identical
1044329	64	64	64	zenravif-420	2	95.0	2754	128.64	1.99	55.8575	identical
1044329	64	64	64	zenravif-444	2	95.0	3824	139.87	2.63	84.2441	identical
1044329	64	64	64	svt-rs-420	2	95.0	2969	61.45	5.28	56.2356	identical
1044329	64	64	64	zenravif-420	2	100.0	4392	70.84	1.91	56.1813	identical
1044329	64	64	64	zenravif-444	2	100.0	7119	127.52	3.30	93.9656	identical
1044329	64	64	64	svt-rs-420	2	100.0	5137	32.73	2.08	-64.2722	identical
1044329	64	64	64	zenravif-420	6	5.0	443	8.07	6.09	21.8966	identical
1044329	64	64	64	zenravif-444	6	5.0	445	27.79	2.17	19.0613	identical
1044329	64	64	64	svt-rs-420	6	5.0	352	0.97	1.66	12.4750	identical
1044329	64	64	64	zenravif-420	6	10.0	463	8.10	1.82	20.7411	identical
1044329	64	64	64	zenravif-444	6	10.0	464	11.49	1.62	21.4236	identical
1044329	64	64	64	svt-rs-420	6	10.0	380	1.04	1.68	14.3935	identical
1044329	64	64	64	zenravif-420	6	15.0	492	9.26	1.81	22.4336	identical
1044329	64	64	64	zenravif-444	6	15.0	492	13.87	2.06	19.1567	identical
1044329	64	64	64	svt-rs-420	6	15.0	491	1.15	1.55	20.8908	identical
1044329	64	64	64	zenravif-420	6	20.0	563	8.94	2.62	28.5836	identical
1044329	64	64	64	zenravif-444	6	20.0	569	12.79	2.06	27.0193	identical
1044329	64	64	64	svt-rs-420	6	20.0	552	1.40	1.68	20.2199	identical
1044329	64	64	64	zenravif-420	6	25.0	593	9.75	2.39	32.3416	identical
1044329	64	64	64	zenravif-444	6	25.0	617	23.62	3.11	36.8478	identical
1044329	64	64	64	svt-rs-420	6	25.0	631	2.19	3.82	22.0306	identical
1044329	64	64	64	zenravif-420	6	30.0	671	16.31	2.00	37.8079	identical
1044329	64	64	64	zenravif-444	6	30.0	683	15.51	3.13	40.6535	identical
1044329	64	64	64	svt-rs-420	6	30.0	722	1.51	3.81	20.8956	identical
1044329	64	64	64	zenravif-420	6	35.0	743	12.82	7.41	40.9315	identical
1044329	64	64	64	zenravif-444	6	35.0	783	17.60	2.03	40.8551	identical
1044329	64	64	64	svt-rs-420	6	35.0	863	1.71	1.73	24.7799	identical
1044329	64	64	64	zenravif-420	6	40.0	833	18.77	1.99	42.2837	identical
1044329	64	64	64	zenravif-444	6	40.0	866	19.05	2.39	46.2868	identical
1044329	64	64	64	svt-rs-420	6	40.0	990	3.51	3.22	25.2149	identical
1044329	64	64	64	zenravif-420	6	45.0	913	19.13	2.07	40.5634	identical
1044329	64	64	64	zenravif-444	6	45.0	956	19.31	2.18	49.7103	identical
1044329	64	64	64	svt-rs-420	6	45.0	1120	1.81	1.69	36.2756	identical
1044329	64	64	64	zenravif-420	6	50.0	1009	13.23	2.21	44.5987	identical
1044329	64	64	64	zenravif-444	6	50.0	1076	23.16	4.41	46.7855	identical
1044329	64	64	64	svt-rs-420	6	50.0	1288	4.70	1.85	43.2111	identical
1044329	64	64	64	zenravif-420	6	55.0	1131	16.42	4.10	45.7848	identical
1044329	64	64	64	zenravif-444	6	55.0	1211	17.14	1.97	51.4593	identical
1044329	64	64	64	svt-rs-420	6	55.0	1435	2.20	1.88	47.7245	identical
1044329	64	64	64	zenravif-420	6	60.0	1235	23.78	2.66	47.0612	identical
1044329	64	64	64	zenravif-444	6	60.0	1343	15.97	2.88	51.9519	identical
1044329	64	64	64	svt-rs-420	6	60.0	1660	2.97	4.08	48.6100	identical
1044329	64	64	64	zenravif-420	6	65.0	1346	10.36	1.68	48.9118	identical
1044329	64	64	64	zenravif-444	6	65.0	1558	15.75	2.88	56.1114	identical
1044329	64	64	64	svt-rs-420	6	65.0	1801	1.89	3.01	49.7177	identical
1044329	64	64	64	zenravif-420	6	70.0	1488	16.72	2.48	49.8604	identical
1044329	64	64	64	zenravif-444	6	70.0	1713	16.00	2.70	59.9326	identical
1044329	64	64	64	svt-rs-420	6	70.0	1937	1.88	1.63	51.0082	identical
1044329	64	64	64	zenravif-420	6	75.0	1710	11.33	1.75	52.1518	identical
1044329	64	64	64	zenravif-444	6	75.0	2011	17.71	1.94	62.1436	identical
1044329	64	64	64	svt-rs-420	6	75.0	2084	1.97	1.66	53.7443	identical
1044329	64	64	64	zenravif-420	6	80.0	1884	11.69	3.12	52.8879	identical
1044329	64	64	64	zenravif-444	6	80.0	2309	18.36	2.15	66.0463	identical
1044329	64	64	64	svt-rs-420	6	80.0	2269	2.09	4.30	53.6578	identical
1044329	64	64	64	zenravif-420	6	85.0	2107	12.70	2.11	53.5876	identical
1044329	64	64	64	zenravif-444	6	85.0	2622	19.69	2.18	71.2095	identical
1044329	64	64	64	svt-rs-420	6	85.0	2542	2.00	2.32	54.8471	identical
1044329	64	64	64	zenravif-420	6	90.0	2446	31.52	2.58	55.8140	identical
1044329	64	64	64	zenravif-444	6	90.0	3219	21.67	2.14	74.9821	identical
1044329	64	64	64	svt-rs-420	6	90.0	3105	1.96	3.89	55.4766	identical
1044329	64	64	64	zenravif-420	6	95.0	3084	14.33	2.09	55.2760	identical
1044329	64	64	64	zenravif-444	6	95.0	4270	22.44	1.96	83.5398	identical
1044329	64	64	64	svt-rs-420	6	95.0	3945	1.47	1.53	55.5908	identical
1044329	64	64	64	zenravif-420	6	100.0	4822	15.62	2.23	56.0769	identical
1044329	64	64	64	zenravif-444	6	100.0	7723	28.86	2.11	93.5798	identical
1044329	64	64	64	svt-rs-420	6	100.0	6294	2.73	1.58	-64.7231	identical
1044329	64	64	64	zenravif-420	9	5.0	465	3.39	1.65	18.9591	identical
1044329	64	64	64	zenravif-444	9	5.0	455	5.97	1.67	27.4300	identical
1044329	64	64	64	svt-rs-420	9	5.0	414	0.66	1.52	18.4538	identical
1044329	64	64	64	zenravif-420	9	10.0	478	3.25	1.45	23.8384	identical
1044329	64	64	64	zenravif-444	9	10.0	477	7.30	1.68	26.0279	identical
1044329	64	64	64	svt-rs-420	9	10.0	459	0.99	1.46	20.2957	identical
1044329	64	64	64	zenravif-420	9	15.0	533	4.85	1.70	18.4045	identical
1044329	64	64	64	zenravif-444	9	15.0	531	7.62	1.51	16.2482	identical
1044329	64	64	64	svt-rs-420	9	15.0	525	1.07	1.41	21.0971	identical
1044329	64	64	64	zenravif-420	9	20.0	593	5.17	1.57	28.0941	identical
1044329	64	64	64	zenravif-444	9	20.0	600	8.09	5.16	24.5871	identical
1044329	64	64	64	svt-rs-420	9	20.0	595	1.12	1.79	23.5803	identical
1044329	64	64	64	zenravif-420	9	25.0	663	5.29	2.74	28.0826	identical
1044329	64	64	64	zenravif-444	9	25.0	665	5.92	1.83	28.9610	identical
1044329	64	64	64	svt-rs-420	9	25.0	663	1.23	1.84	23.2256	identical
1044329	64	64	64	zenravif-420	9	30.0	751	3.73	4.19	32.2062	identical
1044329	64	64	64	zenravif-444	9	30.0	764	5.96	1.86	31.3881	identical
1044329	64	64	64	svt-rs-420	9	30.0	768	0.89	1.56	21.7622	identical
1044329	64	64	64	zenravif-420	9	35.0	854	3.83	1.83	37.0674	identical
1044329	64	64	64	zenravif-444	9	35.0	877	6.13	1.61	36.7781	identical
1044329	64	64	64	svt-rs-420	9	35.0	926	0.89	1.83	22.1544	identical
1044329	64	64	64	zenravif-420	9	40.0	946	4.00	1.83	39.7739	identical
1044329	64	64	64	zenravif-444	9	40.0	979	6.10	1.82	42.2653	identical
1044329	64	64	64	svt-rs-420	9	40.0	1036	0.96	1.83	26.7415	identical
1044329	64	64	64	zenravif-420	9	45.0	1065	4.08	1.95	39.3490	identical
1044329	64	64	64	zenravif-444	9	45.0	1133	6.56	1.82	43.4283	identical
1044329	64	64	64	svt-rs-420	9	45.0	1226	0.97	1.67	35.4609	identical
1044329	64	64	64	zenravif-420	9	50.0	1203	3.00	1.35	41.7922	identical
1044329	64	64	64	zenravif-444	9	50.0	1289	6.43	3.20	45.1679	identical
1044329	64	64	64	svt-rs-420	9	50.0	1370	1.09	1.82	39.3050	identical
1044329	64	64	64	zenravif-420	9	55.0	1347	2.91	1.48	44.9766	identical
1044329	64	64	64	zenravif-444	9	55.0	1454	4.47	1.75	46.3742	identical
1044329	64	64	64	svt-rs-420	9	55.0	1530	1.08	1.35	45.4184	identical
1044329	64	64	64	zenravif-420	9	60.0	1494	3.26	2.14	46.6709	identical
1044329	64	64	64	zenravif-444	9	60.0	1643	4.57	1.35	49.2193	identical
1044329	64	64	64	svt-rs-420	9	60.0	1746	1.02	1.70	47.6130	identical
1044329	64	64	64	zenravif-420	9	65.0	1643	2.98	2.48	48.9961	identical
1044329	64	64	64	zenravif-444	9	65.0	1847	4.74	1.73	50.7557	identical
1044329	64	64	64	svt-rs-420	9	65.0	1883	1.01	1.43	47.4423	identical
1044329	64	64	64	zenravif-420	9	70.0	1801	3.09	1.53	50.4465	identical
1044329	64	64	64	zenravif-444	9	70.0	2049	5.09	1.73	55.6928	identical
1044329	64	64	64	svt-rs-420	9	70.0	2029	1.43	2.57	49.6212	identical
1044329	64	64	64	zenravif-420	9	75.0	2068	3.22	1.72	52.1399	identical
1044329	64	64	64	zenravif-444	9	75.0	2455	5.13	1.92	60.3466	identical
1044329	64	64	64	svt-rs-420	9	75.0	2184	1.02	1.99	49.5094	identical
1044329	64	64	64	zenravif-420	9	80.0	2293	3.41	1.53	52.5339	identical
1044329	64	64	64	zenravif-444	9	80.0	2785	5.50	1.98	64.2349	identical
1044329	64	64	64	svt-rs-420	9	80.0	2371	1.58	1.86	52.5579	identical
1044329	64	64	64	zenravif-420	9	85.0	2545	5.48	1.52	53.6451	identical
1044329	64	64	64	zenravif-444	9	85.0	3216	8.80	4.69	68.7309	identical
1044329	64	64	64	svt-rs-420	9	85.0	2657	1.05	1.80	52.8410	identical
1044329	64	64	64	zenravif-420	9	90.0	2957	3.99	1.74	54.1378	identical
1044329	64	64	64	zenravif-444	9	90.0	3887	6.03	1.63	76.3034	identical
1044329	64	64	64	svt-rs-420	9	90.0	3197	0.88	1.77	54.6910	identical
1044329	64	64	64	zenravif-420	9	95.0	3645	4.00	1.72	55.4604	identical
1044329	64	64	64	zenravif-444	9	95.0	5074	6.46	3.52	82.3803	identical
1044329	64	64	64	svt-rs-420	9	95.0	3848	1.54	2.03	55.2971	identical
1044329	64	64	64	zenravif-420	9	100.0	5257	5.06	1.92	56.2252	identical
1044329	64	64	64	zenravif-444	9	100.0	8430	7.68	2.14	93.1822	identical
1044329	64	64	64	svt-rs-420	9	100.0	6421	1.24	1.79	-65.8969	identical
1189261	64	64	64	zenravif-420	2	5.0	365	21.07	1.62	29.4015	identical
1189261	64	64	64	zenravif-444	2	5.0	355	20.41	1.71	27.8197	identical
1189261	64	64	64	svt-rs-420	2	5.0	313	107.06	1.62	21.4252	identical
1189261	64	64	64	zenravif-420	2	10.0	366	40.52	1.84	30.0541	identical
1189261	64	64	64	zenravif-444	2	10.0	358	29.71	1.64	28.2643	identical
1189261	64	64	64	svt-rs-420	2	10.0	325	69.46	5.03	24.6174	identical
1189261	64	64	64	zenravif-420	2	15.0	388	29.06	3.92	36.7361	identical
1189261	64	64	64	zenravif-444	2	15.0	395	31.52	6.86	37.3916	identical
1189261	64	64	64	svt-rs-420	2	15.0	354	119.28	6.02	37.0546	identical
1189261	64	64	64	zenravif-420	2	20.0	411	25.99	2.83	38.7758	identical
1189261	64	64	64	zenravif-444	2	20.0	412	47.19	1.85	33.2510	identical
1189261	64	64	64	svt-rs-420	2	20.0	390	132.09	2.19	44.4583	identical
1189261	64	64	64	zenravif-420	2	25.0	446	37.90	1.69	45.9583	identical
1189261	64	64	64	zenravif-444	2	25.0	439	63.45	3.14	41.7327	identical
1189261	64	64	64	svt-rs-420	2	25.0	406	115.21	2.30	37.5672	identical
1189261	64	64	64	zenravif-420	2	30.0	475	61.40	2.17	51.0366	identical
1189261	64	64	64	zenravif-444	2	30.0	487	53.76	2.36	49.8108	identical
1189261	64	64	64	svt-rs-420	2	30.0	432	82.56	1.75	48.2585	identical
1189261	64	64	64	zenravif-420	2	35.0	519	64.65	2.46	53.3871	identical
1189261	64	64	64	zenravif-444	2	35.0	524	53.02	2.63	47.9005	identical
1189261	64	64	64	svt-rs-420	2	35.0	484	105.81	3.05	51.5159	identical
1189261	64	64	64	zenravif-420	2	40.0	566	54.71	1.77	55.9872	identical
1189261	64	64	64	zenravif-444	2	40.0	567	64.69	2.25	58.5216	identical
1189261	64	64	64	svt-rs-420	2	40.0	524	103.42	2.08	53.8484	identical
1189261	64	64	64	zenravif-420	2	45.0	601	76.30	2.05	61.9074	identical
1189261	64	64	64	zenravif-444	2	45.0	634	64.88	2.38	64.1210	identical
1189261	64	64	64	svt-rs-420	2	45.0	578	155.01	2.58	57.7363	identical
1189261	64	64	64	zenravif-420	2	50.0	644	40.81	2.60	60.1398	identical
1189261	64	64	64	zenravif-444	2	50.0	683	44.52	2.27	66.1567	identical
1189261	64	64	64	svt-rs-420	2	50.0	634	127.56	1.73	60.0239	identical
1189261	64	64	64	zenravif-420	2	55.0	698	41.73	1.64	62.3742	identical
1189261	64	64	64	zenravif-444	2	55.0	750	46.40	1.95	66.9539	identical
1189261	64	64	64	svt-rs-420	2	55.0	694	92.45	1.88	67.1845	identical
1189261	64	64	64	zenravif-420	2	60.0	758	46.19	2.26	64.8307	identical
1189261	64	64	64	zenravif-444	2	60.0	826	73.14	2.12	69.4024	identical
1189261	64	64	64	svt-rs-420	2	60.0	802	122.91	2.89	68.8195	identical
1189261	64	64	64	zenravif-420	2	65.0	840	48.18	2.37	67.6711	identical
1189261	64	64	64	zenravif-444	2	65.0	894	63.27	2.09	70.9781	identical
1189261	64	64	64	svt-rs-420	2	65.0	856	86.95	2.55	70.3856	identical
1189261	64	64	64	zenravif-420	2	70.0	918	62.66	1.77	69.4825	identical
1189261	64	64	64	zenravif-444	2	70.0	1008	61.68	5.80	71.7082	identical
1189261	64	64	64	svt-rs-420	2	70.0	938	92.88	3.13	71.6803	identical
1189261	64	64	64	zenravif-420	2	75.0	1037	84.60	2.12	69.9157	identical
1189261	64	64	64	zenravif-444	2	75.0	1172	72.52	3.49	77.8268	identical
1189261	64	64	64	svt-rs-420	2	75.0	1025	85.28	3.75	71.8124	identical
1189261	64	64	64	zenravif-420	2	80.0	1169	62.25	2.37	72.9288	identical
1189261	64	64	64	zenravif-444	2	80.0	1321	85.38	2.69	81.0417	identical
1189261	64	64	64	svt-rs-420	2	80.0	1149	76.35	4.08	73.5865	identical
1189261	64	64	64	zenravif-420	2	85.0	1318	97.18	1.98	74.9116	identical
1189261	64	64	64	zenravif-444	2	85.0	1534	96.46	2.88	82.9844	identical
1189261	64	64	64	svt-rs-420	2	85.0	1301	113.22	1.89	74.7922	identical
1189261	64	64	64	zenravif-420	2	90.0	1556	85.11	2.81	75.2243	identical
1189261	64	64	64	zenravif-444	2	90.0	1915	119.82	2.03	86.8327	identical
1189261	64	64	64	svt-rs-420	2	90.0	1656	81.43	2.35	76.5496	identical
1189261	64	64	64	zenravif-420	2	95.0	2093	115.97	2.26	76.3915	identical
1189261	64	64	64	zenravif-444	2	95.0	2657	94.78	3.26	90.9001	identical
1189261	64	64	64	svt-rs-420	2	95.0	2129	63.55	2.00	76.9200	identical
1189261	64	64	64	zenravif-420	2	100.0	3625	58.33	4.65	77.4564	identical
1189261	64	64	64	zenravif-444	2	100.0	5618	104.19	3.99	95.7103	identical
1189261	64	64	64	svt-rs-420	2	100.0	4121	65.10	2.41	-50.5298	identical
1189261	64	64	64	zenravif-420	6	5.0	379	5.61	3.89	35.8714	identical
1189261	64	64	64	zenravif-444	6	5.0	376	19.27	1.66	31.4950	identical
1189261	64	64	64	svt-rs-420	6	5.0	308	0.73	1.47	19.4495	identical
1189261	64	64	64	zenravif-420	6	10.0	387	12.42	1.87	35.6288	identical
1189261	64	64	64	zenravif-444	6	10.0	384	13.32	3.30	37.3497	identical
1189261	64	64	64	svt-rs-420	6	10.0	339	1.25	2.01	28.4435	identical
1189261	64	64	64	zenravif-420	6	15.0	412	9.54	1.89	39.5682	identical
1189261	64	64	64	zenravif-444	6	15.0	412	14.88	1.95	40.5042	identical
1189261	64	64	64	svt-rs-420	6	15.0	348	1.32	1.94	26.9402	identical
1189261	64	64	64	zenravif-420	6	20.0	427	10.28	6.20	42.4958	identical
1189261	64	64	64	zenravif-444	6	20.0	429	15.32	2.43	46.2394	identical
1189261	64	64	64	svt-rs-420	6	20.0	382	1.50	3.23	38.4049	identical
1189261	64	64	64	zenravif-420	6	25.0	463	10.59	2.98	47.7496	identical
1189261	64	64	64	zenravif-444	6	25.0	467	13.04	2.01	50.4451	identical
1189261	64	64	64	svt-rs-420	6	25.0	414	1.21	2.68	37.6667	identical
1189261	64	64	64	zenravif-420	6	30.0	498	10.88	1.56	51.7381	identical
1189261	64	64	64	zenravif-444	6	30.0	501	15.41	1.49	49.6246	identical
1189261	64	64	64	svt-rs-420	6	30.0	459	1.14	1.49	44.9038	identical
1189261	64	64	64	zenravif-420	6	35.0	533	23.49	3.49	53.5922	identical
1189261	64	64	64	zenravif-444	6	35.0	543	23.31	9.70	53.4128	identical
1189261	64	64	64	svt-rs-420	6	35.0	510	2.13	11.62	47.4237	identical
1189261	64	64	64	zenravif-420	6	40.0	586	8.10	2.30	58.0635	identical
1189261	64	64	64	zenravif-444	6	40.0	607	14.92	2.09	60.8617	identical
1189261	64	64	64	svt-rs-420	6	40.0	557	1.93	7.62	51.3025	identical
1189261	64	64	64	zenravif-420	6	45.0	636	9.67	5.47	60.4025	identical
1189261	64	64	64	zenravif-444	6	45.0	665	15.42	7.97	62.9798	identical
1189261	64	64	64	svt-rs-420	6	45.0	623	1.39	7.17	56.2831	identical
1189261	64	64	64	zenravif-420	6	50.0	694	6.42	5.59	61.4833	identical
1189261	64	64	64	zenravif-444	6	50.0	740	8.56	8.28	66.4877	identical
1189261	64	64	64	svt-rs-420	6	50.0	684	2.42	8.30	61.2386	identical
1189261	64	64	64	zenravif-420	6	55.0	760	7.45	4.29	62.4939	identical
1189261	64	64	64	zenravif-444	6	55.0	793	10.55	3.79	67.4568	identical
1189261	64	64	64	svt-rs-420	6	55.0	742	1.64	26.52	61.0380	identical
1189261	64	64	64	zenravif-420	6	60.0	814	7.75	3.05	66.2865	identical
1189261	64	64	64	zenravif-444	6	60.0	868	17.38	15.86	69.6253	identical
1189261	64	64	64	svt-rs-420	6	60.0	855	2.63	2.35	67.0430	identical
1189261	64	64	64	zenravif-420	6	65.0	892	6.51	3.03	68.0255	identical
1189261	64	64	64	zenravif-444	6	65.0	961	10.83	5.33	71.4820	identical
1189261	64	64	64	svt-rs-420	6	65.0	942	2.13	7.14	69.0238	identical
1189261	64	64	64	zenravif-420	6	70.0	980	6.87	4.56	69.0752	identical
1189261	64	64	64	zenravif-444	6	70.0	1079	12.35	7.51	71.7986	identical
1189261	64	64	64	svt-rs-420	6	70.0	1024	1.89	6.47	71.0239	identical
1189261	64	64	64	zenravif-420	6	75.0	1109	8.36	4.43	71.3636	identical
1189261	64	64	64	zenravif-444	6	75.0	1255	13.45	4.09	77.4605	identical
1189261	64	64	64	svt-rs-420	6	75.0	1122	2.47	2.12	71.5137	identical
1189261	64	64	64	zenravif-420	6	80.0	1246	8.03	2.49	71.6006	identical
1189261	64	64	64	zenravif-444	6	80.0	1412	13.71	3.71	80.9229	identical
1189261	64	64	64	svt-rs-420	6	80.0	1248	2.49	2.91	73.9892	identical
1189261	64	64	64	zenravif-420	6	85.0	1408	8.46	10.36	74.5759	identical
1189261	64	64	64	zenravif-444	6	85.0	1633	15.36	2.14	83.2545	identical
1189261	64	64	64	svt-rs-420	6	85.0	1425	2.69	3.74	75.8959	identical
1189261	64	64	64	zenravif-420	6	90.0	1675	9.16	2.96	75.2106	identical
1189261	64	64	64	zenravif-444	6	90.0	2033	23.45	5.16	86.5588	identical
1189261	64	64	64	svt-rs-420	6	90.0	1808	1.90	1.63	75.7158	identical
1189261	64	64	64	zenravif-420	6	95.0	2164	12.64	2.25	76.0011	identical
1189261	64	64	64	zenravif-444	6	95.0	2835	17.17	1.73	90.6091	identical
1189261	64	64	64	svt-rs-420	6	95.0	2359	1.80	3.11	76.8819	identical
1189261	64	64	64	zenravif-420	6	100.0	3535	11.32	4.03	77.5431	identical
1189261	64	64	64	zenravif-444	6	100.0	5550	22.03	2.26	95.1308	identical
1189261	64	64	64	svt-rs-420	6	100.0	4587	2.45	2.79	-51.8447	identical
1189261	64	64	64	zenravif-420	9	5.0	377	2.69	3.24	36.1551	identical
1189261	64	64	64	zenravif-444	9	5.0	374	4.11	1.64	31.4950	identical
1189261	64	64	64	svt-rs-420	9	5.0	311	0.45	3.06	17.9341	identical
1189261	64	64	64	zenravif-420	9	10.0	386	2.78	5.01	35.5174	identical
1189261	64	64	64	zenravif-444	9	10.0	382	4.41	8.19	37.3394	identical
1189261	64	64	64	svt-rs-420	9	10.0	326	0.75	1.61	24.9128	identical
1189261	64	64	64	zenravif-420	9	15.0	406	2.99	1.79	38.4524	identical
1189261	64	64	64	zenravif-444	9	15.0	402	4.72	6.01	36.4394	identical
1189261	64	64	64	svt-rs-420	9	15.0	350	0.53	1.71	26.7337	identical
1189261	64	64	64	zenravif-420	9	20.0	429	3.00	2.50	36.5215	identical
1189261	64	64	64	zenravif-444	9	20.0	426	4.86	2.35	36.8134	identical
1189261	64	64	64	svt-rs-420	9	20.0	378	0.72	3.62	32.7553	identical
1189261	64	64	64	zenravif-420	9	25.0	463	3.44	4.20	43.0670	identical
1189261	64	64	64	zenravif-444	9	25.0	465	5.18	3.76	47.4128	identical
1189261	64	64	64	svt-rs-420	9	25.0	405	0.59	2.59	39.3566	identical
1189261	64	64	64	zenravif-420	9	30.0	496	3.18	1.59	50.4706	identical
1189261	64	64	64	zenravif-444	9	30.0	503	5.27	1.92	51.2702	identical
1189261	64	64	64	svt-rs-420	9	30.0	448	0.81	2.58	44.0975	identical
1189261	64	64	64	zenravif-420	9	35.0	540	3.34	1.64	54.5087	identical
1189261	64	64	64	zenravif-444	9	35.0	547	5.79	6.88	55.9658	identical
1189261	64	64	64	svt-rs-420	9	35.0	498	0.71	2.79	47.2392	identical
1189261	64	64	64	zenravif-420	9	40.0	581	3.61	3.62	57.7859	identical
1189261	64	64	64	zenravif-444	9	40.0	613	6.01	1.72	60.5573	identical
1189261	64	64	64	svt-rs-420	9	40.0	560	0.73	3.88	50.7554	identical
1189261	64	64	64	zenravif-420	9	45.0	646	3.38	2.69	61.6406	identical
1189261	64	64	64	zenravif-444	9	45.0	672	5.54	2.45	62.7385	identical
1189261	64	64	64	svt-rs-420	9	45.0	624	0.66	2.42	55.3604	identical
1189261	64	64	64	zenravif-420	9	50.0	718	2.27	1.58	62.4231	identical
1189261	64	64	64	zenravif-444	9	50.0	756	3.76	2.39	63.9458	identical
1189261	64	64	64	svt-rs-420	9	50.0	706	0.72	1.50	56.3849	identical
1189261	64	64	64	zenravif-420	9	55.0	778	2.25	2.51	63.8700	identical
1189261	64	64	64	zenravif-444	9	55.0	825	3.57	3.04	66.7251	identical
1189261	64	64	64	svt-rs-420	9	55.0	778	1.03	1.94	59.3533	identical
1189261	64	64	64	zenravif-420	9	60.0	847	2.50	2.30	67.4528	identical
1189261	64	64	64	zenravif-444	9	60.0	901	3.96	1.81	69.7573	identical
1189261	64	64	64	svt-rs-420	9	60.0	905	0.92	2.20	67.9824	identical
1189261	64	64	64	zenravif-420	9	65.0	916	2.51	2.75	67.0705	identical
1189261	64	64	64	zenravif-444	9	65.0	1009	3.68	2.35	69.7010	identical
1189261	64	64	64	svt-rs-420	9	65.0	996	0.89	1.85	69.6335	identical
1189261	64	64	64	zenravif-420	9	70.0	1011	2.36	1.73	69.9442	identical
1189261	64	64	64	zenravif-444	9	70.0	1125	3.74	1.71	72.9330	identical
1189261	64	64	64	svt-rs-420	9	70.0	1075	0.83	4.58	70.3063	identical
1189261	64	64	64	zenravif-420	9	75.0	1182	2.70	2.13	72.0152	identical
1189261	64	64	64	zenravif-444	9	75.0	1332	4.14	2.00	75.6205	identical
1189261	64	64	64	svt-rs-420	9	75.0	1176	0.89	1.73	71.4925	identical
1189261	64	64	64	zenravif-420	9	80.0	1325	2.71	1.78	72.4662	identical
1189261	64	64	64	zenravif-444	9	80.0	1530	5.33	2.62	80.4556	identical
1189261	64	64	64	svt-rs-420	9	80.0	1328	0.98	1.66	74.0894	identical
1189261	64	64	64	zenravif-420	9	85.0	1500	2.86	1.76	73.9696	identical
1189261	64	64	64	zenravif-444	9	85.0	1797	4.58	1.90	83.4223	identical
1189261	64	64	64	svt-rs-420	9	85.0	1523	0.95	2.91	75.2211	identical
1189261	64	64	64	zenravif-420	9	90.0	1789	3.23	1.69	75.3754	identical
1189261	64	64	64	zenravif-444	9	90.0	2236	5.23	2.02	86.4147	identical
1189261	64	64	64	svt-rs-420	9	90.0	1909	0.78	1.58	75.0767	identical
1189261	64	64	64	zenravif-420	9	95.0	2360	3.33	1.77	76.3719	identical
1189261	64	64	64	zenravif-444	9	95.0	3143	5.61	4.20	90.3282	identical
1189261	64	64	64	svt-rs-420	9	95.0	2504	0.83	2.03	77.0368	identical
1189261	64	64	64	zenravif-420	9	100.0	3680	4.17	5.68	77.2936	identical
1189261	64	64	64	zenravif-444	9	100.0	5831	8.34	1.84	95.0044	identical
1189261	64	64	64	svt-rs-420	9	100.0	4807	0.97	3.81	-54.0548	identical
1279330	64	64	64	zenravif-420	2	5.0	357	21.81	2.62	55.0709	identical
1279330	64	64	64	zenravif-444	2	5.0	353	31.36	1.59	50.2372	identical
1279330	64	64	64	svt-rs-420	2	5.0	309	62.42	8.29	46.6351	identical
1279330	64	64	64	zenravif-420	2	10.0	359	25.84	2.36	54.8818	identical
1279330	64	64	64	zenravif-444	2	10.0	357	30.51	3.16	53.5979	identical
1279330	64	64	64	svt-rs-420	2	10.0	320	67.83	5.39	49.9572	identical
1279330	64	64	64	zenravif-420	2	15.0	374	30.48	5.35	60.1476	identical
1279330	64	64	64	zenravif-444	2	15.0	368	38.63	3.16	57.7692	identical
1279330	64	64	64	svt-rs-420	2	15.0	338	53.57	3.14	55.3445	identical
1279330	64	64	64	zenravif-420	2	20.0	400	25.29	2.78	61.0025	identical
1279330	64	64	64	zenravif-444	2	20.0	396	33.02	2.40	60.4246	identical
1279330	64	64	64	svt-rs-420	2	20.0	356	74.85	1.71	57.1506	identical
1279330	64	64	64	zenravif-420	2	25.0	412	32.44	1.99	65.9129	identical
1279330	64	64	64	zenravif-444	2	25.0	413	35.04	2.86	65.6106	identical
1279330	64	64	64	svt-rs-420	2	25.0	373	44.52	2.06	59.8600	identical
1279330	64	64	64	zenravif-420	2	30.0	431	31.30	5.41	67.0989	identical
1279330	64	64	64	zenravif-444	2	30.0	432	39.99	2.09	67.6028	identical
1279330	64	64	64	svt-rs-420	2	30.0	401	75.73	4.34	61.6539	identical
1279330	64	64	64	zenravif-420	2	35.0	456	29.49	2.60	69.4945	identical
1279330	64	64	64	zenravif-444	2	35.0	455	39.87	3.11	69.2375	identical
1279330	64	64	64	svt-rs-420	2	35.0	434	87.23	7.14	69.7274	identical
1279330	64	64	64	zenravif-420	2	40.0	479	34.43	3.03	72.8509	identical
1279330	64	64	64	zenravif-444	2	40.0	496	59.78	1.95	73.3619	identical
1279330	64	64	64	svt-rs-420	2	40.0	453	87.00	1.97	69.3555	identical
1279330	64	64	64	zenravif-420	2	45.0	521	46.24	8.61	76.0533	identical
1279330	64	64	64	zenravif-444	2	45.0	530	52.84	1.79	76.9022	identical
1279330	64	64	64	svt-rs-420	2	45.0	493	74.71	1.88	75.5837	identical
1279330	64	64	64	zenravif-420	2	50.0	547	39.02	1.87	78.8069	identical
1279330	64	64	64	zenravif-444	2	50.0	563	47.21	1.67	78.6061	identical
1279330	64	64	64	svt-rs-420	2	50.0	517	80.04	3.05	77.4712	identical
1279330	64	64	64	zenravif-420	2	55.0	584	43.12	3.72	78.9686	identical
1279330	64	64	64	zenravif-444	2	55.0	604	51.92	1.84	78.2354	identical
1279330	64	64	64	svt-rs-420	2	55.0	555	91.50	1.99	79.4651	identical
1279330	64	64	64	zenravif-420	2	60.0	617	58.48	3.70	80.7788	identical
1279330	64	64	64	zenravif-444	2	60.0	640	66.24	2.92	80.6714	identical
1279330	64	64	64	svt-rs-420	2	60.0	618	91.84	2.30	82.1099	identical
1279330	64	64	64	zenravif-420	2	65.0	663	48.06	1.30	82.9455	identical
1279330	64	64	64	zenravif-444	2	65.0	697	53.09	1.85	82.0277	identical
1279330	64	64	64	svt-rs-420	2	65.0	653	108.30	2.27	83.2496	identical
1279330	64	64	64	zenravif-420	2	70.0	703	49.78	2.24	82.9300	identical
1279330	64	64	64	zenravif-444	2	70.0	755	54.06	2.58	84.5953	identical
1279330	64	64	64	svt-rs-420	2	70.0	707	74.04	6.62	84.2418	identical
1279330	64	64	64	zenravif-420	2	75.0	791	58.82	3.05	83.7861	identical
1279330	64	64	64	zenravif-444	2	75.0	843	66.81	2.29	84.6712	identical
1279330	64	64	64	svt-rs-420	2	75.0	741	58.05	4.61	83.9099	identical
1279330	64	64	64	zenravif-420	2	80.0	852	62.20	5.50	85.0779	identical
1279330	64	64	64	zenravif-444	2	80.0	928	67.67	3.44	86.9704	identical
1279330	64	64	64	svt-rs-420	2	80.0	842	61.73	9.15	86.3844	identical
1279330	64	64	64	zenravif-420	2	85.0	939	68.05	1.44	86.6232	identical
1279330	64	64	64	zenravif-444	2	85.0	1052	87.88	1.74	88.1697	identical
1279330	64	64	64	svt-rs-420	2	85.0	934	54.17	2.58	87.9673	identical
1279330	64	64	64	zenravif-420	2	90.0	1103	58.40	1.88	88.3729	identical
1279330	64	64	64	zenravif-444	2	90.0	1267	81.89	1.94	90.3610	identical
1279330	64	64	64	svt-rs-420	2	90.0	1131	54.11	1.68	89.0174	identical
1279330	64	64	64	zenravif-420	2	95.0	1415	87.54	1.94	89.2672	identical
1279330	64	64	64	zenravif-444	2	95.0	1686	93.23	4.35	92.6404	identical
1279330	64	64	64	svt-rs-420	2	95.0	1469	52.86	2.77	90.2064	identical
1279330	64	64	64	zenravif-420	2	100.0	3162	53.36	2.43	90.6998	identical
1279330	64	64	64	zenravif-444	2	100.0	4594	67.69	2.94	95.6314	identical
1279330	64	64	64	svt-rs-420	2	100.0	3445	38.77	1.51	-53.7868	identical
1279330	64	64	64	zenravif-420	6	5.0	367	5.79	2.42	47.7751	identical
1279330	64	64	64	zenravif-444	6	5.0	363	9.26	1.67	47.5257	identical
1279330	64	64	64	svt-rs-420	6	5.0	315	0.66	2.61	41.0078	identical
1279330	64	64	64	zenravif-420	6	10.0	372	5.98	2.38	48.5817	identical
1279330	64	64	64	zenravif-444	6	10.0	370	9.36	2.87	49.1132	identical
1279330	64	64	64	svt-rs-420	6	10.0	323	1.95	1.75	45.2312	identical
1279330	64	64	64	zenravif-420	6	15.0	387	10.29	2.51	57.7151	identical
1279330	64	64	64	zenravif-444	6	15.0	384	9.35	1.57	56.9545	identical
1279330	64	64	64	svt-rs-420	6	15.0	339	0.90	4.01	45.8954	identical
1279330	64	64	64	zenravif-420	6	20.0	411	7.44	2.10	62.4561	identical
1279330	64	64	64	zenravif-444	6	20.0	409	10.46	1.85	61.1969	identical
1279330	64	64	64	svt-rs-420	6	20.0	357	1.15	1.83	52.8546	identical
1279330	64	64	64	zenravif-420	6	25.0	434	6.51	4.24	66.1038	identical
1279330	64	64	64	zenravif-444	6	25.0	436	13.44	2.53	65.6749	identical
1279330	64	64	64	svt-rs-420	6	25.0	373	1.15	2.73	57.6751	identical
1279330	64	64	64	zenravif-420	6	30.0	454	9.90	1.85	68.5871	identical
1279330	64	64	64	zenravif-444	6	30.0	458	12.49	3.74	66.5822	identical
1279330	64	64	64	svt-rs-420	6	30.0	393	1.11	2.12	60.9797	identical
1279330	64	64	64	zenravif-420	6	35.0	483	7.82	1.49	67.2889	identical
1279330	64	64	64	zenravif-444	6	35.0	479	11.67	1.33	70.7815	identical
1279330	64	64	64	svt-rs-420	6	35.0	433	0.94	2.14	67.0662	identical
1279330	64	64	64	zenravif-420	6	40.0	508	7.62	3.21	74.3662	identical
1279330	64	64	64	zenravif-444	6	40.0	515	12.52	1.94	75.3595	identical
1279330	64	64	64	svt-rs-420	6	40.0	471	0.94	2.47	68.5456	identical
1279330	64	64	64	zenravif-420	6	45.0	549	7.99	1.80	76.6928	identical
1279330	64	64	64	zenravif-444	6	45.0	556	12.88	1.59	75.3281	identical
1279330	64	64	64	svt-rs-420	6	45.0	509	0.98	4.19	71.2394	identical
1279330	64	64	64	zenravif-420	6	50.0	575	6.57	1.71	80.2055	identical
1279330	64	64	64	zenravif-444	6	50.0	592	9.19	3.72	79.4587	identical
1279330	64	64	64	svt-rs-420	6	50.0	545	1.41	1.47	74.8200	identical
1279330	64	64	64	zenravif-420	6	55.0	618	5.98	3.19	80.8977	identical
1279330	64	64	64	zenravif-444	6	55.0	634	10.76	5.50	77.3645	identical
1279330	64	64	64	svt-rs-420	6	55.0	600	1.43	6.25	76.2708	identical
1279330	64	64	64	zenravif-420	6	60.0	649	8.58	2.58	81.1690	identical
1279330	64	64	64	zenravif-444	6	60.0	674	11.36	1.65	81.2997	identical
1279330	64	64	64	svt-rs-420	6	60.0	662	1.32	3.22	79.8135	identical
1279330	64	64	64	zenravif-420	6	65.0	690	9.24	1.63	82.7191	identical
1279330	64	64	64	zenravif-444	6	65.0	725	11.68	2.62	83.1933	identical
1279330	64	64	64	svt-rs-420	6	65.0	727	1.41	2.42	81.9595	identical
1279330	64	64	64	zenravif-420	6	70.0	740	6.62	3.78	83.3172	identical
1279330	64	64	64	zenravif-444	6	70.0	791	11.68	1.66	82.5901	identical
1279330	64	64	64	svt-rs-420	6	70.0	781	1.27	1.66	81.2122	identical
1279330	64	64	64	zenravif-420	6	75.0	824	7.57	2.48	83.3539	identical
1279330	64	64	64	zenravif-444	6	75.0	883	11.69	2.32	85.4187	identical
1279330	64	64	64	svt-rs-420	6	75.0	831	1.90	1.79	84.0884	identical
1279330	64	64	64	zenravif-420	6	80.0	892	8.09	2.01	85.5734	identical
1279330	64	64	64	zenravif-444	6	80.0	966	12.69	2.79	86.3052	identical
1279330	64	64	64	svt-rs-420	6	80.0	902	1.53	2.69	85.7651	identical
1279330	64	64	64	zenravif-420	6	85.0	987	13.31	2.04	86.5807	identical
1279330	64	64	64	zenravif-444	6	85.0	1094	12.47	2.58	88.8908	identical
1279330	64	64	64	svt-rs-420	6	85.0	1013	1.84	1.40	87.0033	identical
1279330	64	64	64	zenravif-420	6	90.0	1145	11.56	4.22	88.5428	identical
1279330	64	64	64	zenravif-444	6	90.0	1308	14.34	1.46	90.2354	identical
1279330	64	64	64	svt-rs-420	6	90.0	1246	1.12	1.22	89.1562	identical
1279330	64	64	64	zenravif-420	6	95.0	1502	10.56	1.46	89.7438	identical
1279330	64	64	64	zenravif-444	6	95.0	1788	13.71	1.58	91.8033	identical
1279330	64	64	64	svt-rs-420	6	95.0	1684	1.23	1.20	89.7172	identical
1279330	64	64	64	zenravif-420	6	100.0	2795	11.52	11.36	90.5640	identical
1279330	64	64	64	zenravif-444	6	100.0	4181	19.80	3.42	95.2259	identical
1279330	64	64	64	svt-rs-420	6	100.0	3843	1.77	7.82	-56.2460	identical
1279330	64	64	64	zenravif-420	9	5.0	365	2.74	6.05	48.6216	identical
1279330	64	64	64	zenravif-444	9	5.0	361	5.21	4.46	47.5598	identical
1279330	64	64	64	svt-rs-420	9	5.0	326	1.06	3.71	46.3476	identical
1279330	64	64	64	zenravif-420	9	10.0	371	5.46	2.38	48.5428	identical
1279330	64	64	64	zenravif-444	9	10.0	368	5.18	6.47	48.4505	identical
1279330	64	64	64	svt-rs-420	9	10.0	338	0.56	14.85	48.3138	identical
1279330	64	64	64	zenravif-420	9	15.0	390	2.93	4.82	55.4930	identical
1279330	64	64	64	zenravif-444	9	15.0	386	4.33	7.62	56.6179	identical
1279330	64	64	64	svt-rs-420	9	15.0	354	0.64	7.50	51.7500	identical
1279330	64	64	64	zenravif-420	9	20.0	411	2.99	5.40	61.9002	identical
1279330	64	64	64	zenravif-444	9	20.0	410	5.00	7.61	61.1971	identical
1279330	64	64	64	svt-rs-420	9	20.0	366	0.54	7.78	55.1097	identical
1279330	64	64	64	zenravif-420	9	25.0	436	6.69	5.67	66.0687	identical
1279330	64	64	64	zenravif-444	9	25.0	436	5.69	2.24	64.3271	identical
1279330	64	64	64	svt-rs-420	9	25.0	389	0.53	4.57	55.2738	identical
1279330	64	64	64	zenravif-420	9	30.0	456	4.30	4.15	68.2924	identical
1279330	64	64	64	zenravif-444	9	30.0	460	7.65	1.73	66.1414	identical
1279330	64	64	64	svt-rs-420	9	30.0	413	0.68	18.54	61.9108	identical
1279330	64	64	64	zenravif-420	9	35.0	480	2.93	8.33	69.1793	identical
1279330	64	64	64	zenravif-444	9	35.0	482	4.97	2.33	70.4615	identical
1279330	64	64	64	svt-rs-420	9	35.0	455	0.76	2.24	66.2235	identical
1279330	64	64	64	zenravif-420	9	40.0	513	3.54	2.30	72.2682	identical
1279330	64	64	64	zenravif-444	9	40.0	519	4.89	3.90	74.3471	identical
1279330	64	64	64	svt-rs-420	9	40.0	487	0.70	8.28	68.6416	identical
1279330	64	64	64	zenravif-420	9	45.0	547	3.49	3.40	78.2148	identical
1279330	64	64	64	zenravif-444	9	45.0	559	5.21	10.85	74.3382	identical
1279330	64	64	64	svt-rs-420	9	45.0	530	0.64	2.32	70.2790	identical
1279330	64	64	64	zenravif-420	9	50.0	580	2.06	1.80	79.4464	identical
1279330	64	64	64	zenravif-444	9	50.0	603	3.66	3.67	76.7042	identical
1279330	64	64	64	svt-rs-420	9	50.0	576	0.62	5.24	77.4560	identical
1279330	64	64	64	zenravif-420	9	55.0	626	1.95	7.02	81.0430	identical
1279330	64	64	64	zenravif-444	9	55.0	640	3.20	9.58	76.8137	identical
1279330	64	64	64	svt-rs-420	9	55.0	621	0.62	1.79	78.5099	identical
1279330	64	64	64	zenravif-420	9	60.0	658	2.11	1.48	81.6888	identical
1279330	64	64	64	zenravif-444	9	60.0	685	3.22	3.47	79.6918	identical
1279330	64	64	64	svt-rs-420	9	60.0	683	0.65	4.64	80.6508	identical
1279330	64	64	64	zenravif-420	9	65.0	709	2.19	3.14	83.4385	identical
1279330	64	64	64	zenravif-444	9	65.0	749	3.29	1.65	75.3540	identical
1279330	64	64	64	svt-rs-420	9	65.0	745	0.63	3.04	81.1317	identical
1279330	64	64	64	zenravif-420	9	70.0	759	2.33	2.87	82.4336	identical
1279330	64	64	64	zenravif-444	9	70.0	811	3.50	1.58	80.1203	identical
1279330	64	64	64	svt-rs-420	9	70.0	794	0.70	2.38	83.9692	identical
1279330	64	64	64	zenravif-420	9	75.0	842	2.20	6.11	84.5471	identical
1279330	64	64	64	zenravif-444	9	75.0	898	3.53	2.47	82.4805	identical
1279330	64	64	64	svt-rs-420	9	75.0	844	0.73	1.78	84.5741	identical
1279330	64	64	64	zenravif-420	9	80.0	905	2.71	2.13	85.6765	identical
1279330	64	64	64	zenravif-444	9	80.0	995	3.66	3.18	86.4971	identical
1279330	64	64	64	svt-rs-420	9	80.0	925	0.80	3.89	86.3583	identical
1279330	64	64	64	zenravif-420	9	85.0	1006	2.68	1.57	86.6747	identical
1279330	64	64	64	zenravif-444	9	85.0	1130	4.36	3.23	87.8063	identical
1279330	64	64	64	svt-rs-420	9	85.0	1028	0.72	1.91	87.4842	identical
1279330	64	64	64	zenravif-420	9	90.0	1180	2.66	4.77	88.5460	identical
1279330	64	64	64	zenravif-444	9	90.0	1365	4.32	4.63	90.6589	identical
1279330	64	64	64	svt-rs-420	9	90.0	1273	0.56	1.57	88.8018	identical
1279330	64	64	64	zenravif-420	9	95.0	1561	2.89	2.39	89.4397	identical
1279330	64	64	64	zenravif-444	9	95.0	1852	4.71	2.56	92.5660	identical
1279330	64	64	64	svt-rs-420	9	95.0	1711	0.63	4.96	89.6972	identical
1279330	64	64	64	zenravif-420	9	100.0	2807	3.49	1.75	90.5419	identical
1279330	64	64	64	zenravif-444	9	100.0	4145	6.37	2.60	95.0681	identical
1279330	64	64	64	svt-rs-420	9	100.0	3859	0.84	1.60	-56.9803	identical
1418519	64	64	64	zenravif-420	2	5.0	304	15.50	5.86	72.9327	identical
1418519	64	64	64	zenravif-444	2	5.0	303	19.94	4.81	70.7948	identical
1418519	64	64	64	svt-rs-420	2	5.0	277	31.41	2.69	67.9502	identical
1418519	64	64	64	zenravif-420	2	10.0	307	13.99	1.69	74.1449	identical
1418519	64	64	64	zenravif-444	2	10.0	307	19.36	2.03	73.5231	identical
1418519	64	64	64	svt-rs-420	2	10.0	279	17.20	5.40	73.4104	identical
1418519	64	64	64	zenravif-420	2	15.0	311	21.56	8.09	80.3642	identical
1418519	64	64	64	zenravif-444	2	15.0	310	26.98	2.08	79.7680	identical
1418519	64	64	64	svt-rs-420	2	15.0	282	34.70	1.56	75.4381	identical
1418519	64	64	64	zenravif-420	2	20.0	316	17.48	1.95	80.4541	identical
1418519	64	64	64	zenravif-444	2	20.0	315	22.46	1.52	78.5876	identical
1418519	64	64	64	svt-rs-420	2	20.0	288	43.24	2.73	77.5890	identical
1418519	64	64	64	zenravif-420	2	25.0	320	18.43	1.96	83.1961	identical
1418519	64	64	64	zenravif-444	2	25.0	320	26.06	3.29	81.7862	identical
1418519	64	64	64	svt-rs-420	2	25.0	293	40.12	2.55	79.6038	identical
1418519	64	64	64	zenravif-420	2	30.0	323	18.19	1.61	83.4251	identical
1418519	64	64	64	zenravif-444	2	30.0	323	23.65	2.67	83.2423	identical
1418519	64	64	64	svt-rs-420	2	30.0	300	49.03	3.13	82.1247	identical
1418519	64	64	64	zenravif-420	2	35.0	332	25.10	2.51	83.8217	identical
1418519	64	64	64	zenravif-444	2	35.0	337	56.40	2.88	84.2530	identical
1418519	64	64	64	svt-rs-420	2	35.0	304	29.14	1.48	85.4108	identical
1418519	64	64	64	zenravif-420	2	40.0	338	25.27	3.19	84.7647	identical
1418519	64	64	64	zenravif-444	2	40.0	346	33.33	2.00	83.4137	identical
1418519	64	64	64	svt-rs-420	2	40.0	311	50.79	4.73	85.9914	identical
1418519	64	64	64	zenravif-420	2	45.0	354	21.98	3.71	85.8616	identical
1418519	64	64	64	zenravif-444	2	45.0	357	28.20	2.04	84.4042	identical
1418519	64	64	64	svt-rs-420	2	45.0	320	33.07	4.62	87.3033	identical
1418519	64	64	64	zenravif-420	2	50.0	366	28.71	2.57	87.5278	identical
1418519	64	64	64	zenravif-444	2	50.0	372	31.67	4.27	89.0816	identical
1418519	64	64	64	svt-rs-420	2	50.0	328	31.59	9.35	86.9524	identical
1418519	64	64	64	zenravif-420	2	55.0	382	30.74	1.95	88.9554	identical
1418519	64	64	64	zenravif-444	2	55.0	389	34.15	3.54	89.4521	identical
1418519	64	64	64	svt-rs-420	2	55.0	339	42.35	2.60	87.8139	identical
1418519	64	64	64	zenravif-420	2	60.0	393	27.88	5.13	88.7040	identical
1418519	64	64	64	zenravif-444	2	60.0	399	33.41	2.17	90.5598	identical
1418519	64	64	64	svt-rs-420	2	60.0	352	41.61	3.35	89.5312	identical
1418519	64	64	64	zenravif-420	2	65.0	406	43.78	2.45	88.2463	identical
1418519	64	64	64	zenravif-444	2	65.0	412	37.51	2.26	90.8898	identical
1418519	64	64	64	svt-rs-420	2	65.0	362	40.50	2.29	89.5575	identical
1418519	64	64	64	zenravif-420	2	70.0	416	30.54	2.51	90.5311	identical
1418519	64	64	64	zenravif-444	2	70.0	423	35.23	3.58	90.7377	identical
1418519	64	64	64	svt-rs-420	2	70.0	375	37.67	2.34	89.8388	identical
1418519	64	64	64	zenravif-420	2	75.0	453	42.74	2.00	91.3586	identical
1418519	64	64	64	zenravif-444	2	75.0	464	40.91	3.71	90.3708	identical
1418519	64	64	64	svt-rs-420	2	75.0	389	43.11	2.40	90.0527	identical
1418519	64	64	64	zenravif-420	2	80.0	468	43.62	3.36	92.0442	identical
1418519	64	64	64	zenravif-444	2	80.0	491	46.94	1.67	91.6801	identical
1418519	64	64	64	svt-rs-420	2	80.0	426	36.65	1.61	91.4693	identical
1418519	64	64	64	zenravif-420	2	85.0	498	42.74	1.53	92.7209	identical
1418519	64	64	64	zenravif-444	2	85.0	533	50.96	1.65	92.5262	identical
1418519	64	64	64	svt-rs-420	2	85.0	441	37.64	1.84	92.0739	identical
1418519	64	64	64	zenravif-420	2	90.0	579	40.26	3.28	93.3261	identical
1418519	64	64	64	zenravif-444	2	90.0	621	41.89	2.11	93.3687	identical
1418519	64	64	64	svt-rs-420	2	90.0	521	43.10	1.67	92.8454	identical
1418519	64	64	64	zenravif-420	2	95.0	738	51.30	1.77	93.2656	identical
1418519	64	64	64	zenravif-444	2	95.0	833	51.27	2.58	94.0994	identical
1418519	64	64	64	svt-rs-420	2	95.0	674	34.14	2.63	93.9000	identical
1418519	64	64	64	zenravif-420	2	100.0	1959	52.08	2.16	95.0776	identical
1418519	64	64	64	zenravif-444	2	100.0	2770	66.59	2.75	95.0726	identical
1418519	64	64	64	svt-rs-420	2	100.0	2256	37.56	1.65	-46.4934	identical
1418519	64	64	64	zenravif-420	6	5.0	318	4.06	3.83	73.9485	identical
1418519	64	64	64	zenravif-444	6	5.0	319	6.01	1.47	70.2507	identical
1418519	64	64	64	svt-rs-420	6	5.0	276	0.61	2.18	68.8614	identical
1418519	64	64	64	zenravif-420	6	10.0	320	4.74	2.93	76.4453	identical
1418519	64	64	64	zenravif-444	6	10.0	320	6.44	2.18	74.4482	identical
1418519	64	64	64	svt-rs-420	6	10.0	279	0.61	2.40	73.2965	identical
1418519	64	64	64	zenravif-420	6	15.0	321	4.27	1.78	77.7553	identical
1418519	64	64	64	zenravif-444	6	15.0	322	6.34	2.53	75.7259	identical
1418519	64	64	64	svt-rs-420	6	15.0	283	0.72	1.36	74.9413	identical
1418519	64	64	64	zenravif-420	6	20.0	328	4.45	1.60	82.0347	identical
1418519	64	64	64	zenravif-444	6	20.0	328	6.95	11.22	81.1179	identical
1418519	64	64	64	svt-rs-420	6	20.0	283	0.72	3.24	74.6497	identical
1418519	64	64	64	zenravif-420	6	25.0	332	4.67	2.66	81.9088	identical
1418519	64	64	64	zenravif-444	6	25.0	334	8.39	2.88	80.5502	identical
1418519	64	64	64	svt-rs-420	6	25.0	288	0.66	2.16	78.3530	identical
1418519	64	64	64	zenravif-420	6	30.0	340	5.72	5.89	83.7235	identical
1418519	64	64	64	zenravif-444	6	30.0	343	11.16	1.77	82.3132	identical
1418519	64	64	64	svt-rs-420	6	30.0	300	0.67	4.34	82.1257	identical
1418519	64	64	64	zenravif-420	6	35.0	348	5.49	1.63	84.8163	identical
1418519	64	64	64	zenravif-444	6	35.0	347	7.36	1.59	84.5536	identical
1418519	64	64	64	svt-rs-420	6	35.0	312	0.79	2.43	83.4466	identical
1418519	64	64	64	zenravif-420	6	40.0	354	5.45	2.88	85.4717	identical
1418519	64	64	64	zenravif-444	6	40.0	356	8.42	1.65	86.0199	identical
1418519	64	64	64	svt-rs-420	6	40.0	318	0.79	2.03	84.1651	identical
1418519	64	64	64	zenravif-420	6	45.0	366	5.33	2.37	87.5236	identical
1418519	64	64	64	zenravif-444	6	45.0	366	9.16	3.07	84.9091	identical
1418519	64	64	64	svt-rs-420	6	45.0	329	1.15	4.36	85.4771	identical
1418519	64	64	64	zenravif-420	6	50.0	376	4.48	1.75	87.6652	identical
1418519	64	64	64	zenravif-444	6	50.0	377	10.64	1.32	87.9738	identical
1418519	64	64	64	svt-rs-420	6	50.0	337	1.11	1.55	86.1459	identical
1418519	64	64	64	zenravif-420	6	55.0	386	4.36	1.44	88.5255	identical
1418519	64	64	64	zenravif-444	6	55.0	393	6.71	1.53	82.5269	identical
1418519	64	64	64	svt-rs-420	6	55.0	348	0.82	1.48	86.2133	identical
1418519	64	64	64	zenravif-420	6	60.0	401	4.82	1.63	90.1024	identical
1418519	64	64	64	zenravif-444	6	60.0	408	11.39	2.62	89.8600	identical
1418519	64	64	64	svt-rs-420	6	60.0	369	0.91	1.65	88.7250	identical
1418519	64	64	64	zenravif-420	6	65.0	418	5.00	1.53	88.3432	identical
1418519	64	64	64	zenravif-444	6	65.0	425	7.72	2.89	89.6398	identical
1418519	64	64	64	svt-rs-420	6	65.0	381	0.99	5.26	89.5588	identical
1418519	64	64	64	zenravif-420	6	70.0	428	4.93	1.78	91.4126	identical
1418519	64	64	64	zenravif-444	6	70.0	443	7.81	2.36	90.0350	identical
1418519	64	64	64	svt-rs-420	6	70.0	396	1.03	1.41	89.6726	identical
1418519	64	64	64	zenravif-420	6	75.0	460	5.34	2.24	89.9783	identical
1418519	64	64	64	zenravif-444	6	75.0	475	7.93	1.93	91.3924	identical
1418519	64	64	64	svt-rs-420	6	75.0	408	0.95	1.39	90.0327	identical
1418519	64	64	64	zenravif-420	6	80.0	481	5.69	1.54	90.9408	identical
1418519	64	64	64	zenravif-444	6	80.0	503	14.59	1.72	91.6301	identical
1418519	64	64	64	svt-rs-420	6	80.0	448	0.99	1.33	90.5249	identical
1418519	64	64	64	zenravif-420	6	85.0	515	5.59	1.69	92.6153	identical
1418519	64	64	64	zenravif-444	6	85.0	547	11.58	1.68	92.3396	identical
1418519	64	64	64	svt-rs-420	6	85.0	468	1.04	1.47	91.8361	identical
1418519	64	64	64	zenravif-420	6	90.0	587	5.59	2.74	93.2487	identical
1418519	64	64	64	zenravif-444	6	90.0	645	7.87	3.92	93.3195	identical
1418519	64	64	64	svt-rs-420	6	90.0	556	1.03	1.48	93.0743	identical
1418519	64	64	64	zenravif-420	6	95.0	751	5.95	4.17	93.7594	identical
1418519	64	64	64	zenravif-444	6	95.0	830	9.05	1.78	93.9519	identical
1418519	64	64	64	svt-rs-420	6	95.0	702	1.10	1.55	93.4816	identical
1418519	64	64	64	zenravif-420	6	100.0	1609	8.70	1.94	94.9950	identical
1418519	64	64	64	zenravif-444	6	100.0	2426	14.53	2.06	94.6561	identical
1418519	64	64	64	svt-rs-420	6	100.0	2361	1.84	1.64	-55.8585	identical
1418519	64	64	64	zenravif-420	9	5.0	316	1.94	2.52	73.4606	identical
1418519	64	64	64	zenravif-444	9	5.0	316	2.86	2.20	69.4119	identical
1418519	64	64	64	svt-rs-420	9	5.0	276	0.36	2.07	68.8614	identical
1418519	64	64	64	zenravif-420	9	10.0	318	1.97	1.42	75.5131	identical
1418519	64	64	64	zenravif-444	9	10.0	318	2.89	6.83	73.6527	identical
1418519	64	64	64	svt-rs-420	9	10.0	279	0.33	1.26	73.2965	identical
1418519	64	64	64	zenravif-420	9	15.0	321	1.96	1.46	78.4786	identical
1418519	64	64	64	zenravif-444	9	15.0	321	2.99	1.86	76.6248	identical
1418519	64	64	64	svt-rs-420	9	15.0	283	0.43	2.07	74.9413	identical
1418519	64	64	64	zenravif-420	9	20.0	327	2.15	1.44	82.0686	identical
1418519	64	64	64	zenravif-444	9	20.0	327	3.15	1.36	81.0029	identical
1418519	64	64	64	svt-rs-420	9	20.0	283	0.39	2.56	74.6497	identical
1418519	64	64	64	zenravif-420	9	25.0	332	2.31	1.76	82.2050	identical
1418519	64	64	64	zenravif-444	9	25.0	333	3.39	1.30	81.7849	identical
1418519	64	64	64	svt-rs-420	9	25.0	288	0.44	1.44	78.3530	identical
1418519	64	64	64	zenravif-420	9	30.0	338	2.73	1.31	83.4723	identical
1418519	64	64	64	zenravif-444	9	30.0	341	3.77	2.99	82.6949	identical
1418519	64	64	64	svt-rs-420	9	30.0	291	0.38	5.57	80.8722	identical
1418519	64	64	64	zenravif-420	9	35.0	348	2.51	1.63	85.5261	identical
1418519	64	64	64	zenravif-444	9	35.0	346	3.40	2.18	84.6971	identical
1418519	64	64	64	svt-rs-420	9	35.0	300	0.37	3.20	82.3740	identical
1418519	64	64	64	zenravif-420	9	40.0	355	2.41	2.49	85.3192	identical
1418519	64	64	64	zenravif-444	9	40.0	354	3.66	3.30	85.5967	identical
1418519	64	64	64	svt-rs-420	9	40.0	316	0.49	7.35	83.7504	identical
1418519	64	64	64	zenravif-420	9	45.0	362	3.44	9.21	86.9613	identical
1418519	64	64	64	zenravif-444	9	45.0	366	3.87	3.11	86.6002	identical
1418519	64	64	64	svt-rs-420	9	45.0	327	0.49	4.39	86.0251	identical
1418519	64	64	64	zenravif-420	9	50.0	375	1.81	2.02	86.8987	identical
1418519	64	64	64	zenravif-444	9	50.0	381	2.84	3.72	86.8764	identical
1418519	64	64	64	svt-rs-420	9	50.0	335	0.48	2.01	85.8434	identical
1418519	64	64	64	zenravif-420	9	55.0	386	1.74	2.01	88.0626	identical
1418519	64	64	64	zenravif-444	9	55.0	394	2.67	1.51	88.7782	identical
1418519	64	64	64	svt-rs-420	9	55.0	350	0.50	1.65	87.1191	identical
1418519	64	64	64	zenravif-420	9	60.0	401	1.70	1.73	87.9528	identical
1418519	64	64	64	zenravif-444	9	60.0	405	2.84	1.97	87.9437	identical
1418519	64	64	64	svt-rs-420	9	60.0	373	0.58	1.59	87.9370	identical
1418519	64	64	64	zenravif-420	9	65.0	420	6.60	10.81	89.7016	identical
1418519	64	64	64	zenravif-444	9	65.0	430	8.94	4.23	89.3020	identical
1418519	64	64	64	svt-rs-420	9	65.0	384	1.46	6.39	88.5894	identical
1418519	64	64	64	zenravif-420	9	70.0	439	1.99	4.86	89.4519	identical
1418519	64	64	64	zenravif-444	9	70.0	447	3.42	12.46	89.4373	identical
1418519	64	64	64	svt-rs-420	9	70.0	400	1.18	6.50	88.7695	identical
1418519	64	64	64	zenravif-420	9	75.0	466	4.36	4.29	91.0814	identical
1418519	64	64	64	zenravif-444	9	75.0	483	3.08	2.00	91.8440	identical
1418519	64	64	64	svt-rs-420	9	75.0	413	0.47	3.36	89.7199	identical
1418519	64	64	64	zenravif-420	9	80.0	498	3.20	2.44	91.2927	identical
1418519	64	64	64	zenravif-444	9	80.0	515	5.04	4.85	91.9559	identical
1418519	64	64	64	svt-rs-420	9	80.0	443	0.55	11.10	90.5051	identical
1418519	64	64	64	zenravif-420	9	85.0	538	2.03	2.55	92.0319	identical
1418519	64	64	64	zenravif-444	9	85.0	573	3.56	2.48	92.2921	identical
1418519	64	64	64	svt-rs-420	9	85.0	466	0.64	7.46	91.4495	identical
1418519	64	64	64	zenravif-420	9	90.0	616	2.20	12.49	92.9403	identical
1418519	64	64	64	zenravif-444	9	90.0	665	3.20	8.92	93.5087	identical
1418519	64	64	64	svt-rs-420	9	90.0	577	0.67	4.77	93.3248	identical
1418519	64	64	64	zenravif-420	9	95.0	801	2.23	8.05	93.3465	identical
1418519	64	64	64	zenravif-444	9	95.0	888	4.10	2.87	93.9007	identical
1418519	64	64	64	svt-rs-420	9	95.0	697	0.51	2.29	93.8303	identical
1418519	64	64	64	zenravif-420	9	100.0	1566	3.35	6.34	94.9061	identical
1418519	64	64	64	zenravif-444	9	100.0	2394	7.03	2.47	94.5242	identical
1418519	64	64	64	svt-rs-420	9	100.0	2343	1.08	2.56	-45.2774	identical
1420710	64	64	64	zenravif-420	2	5.0	353	13.53	31.84	51.6703	identical
1420710	64	64	64	zenravif-444	2	5.0	353	25.21	8.48	51.6800	identical
1420710	64	64	64	svt-rs-420	2	5.0	330	103.83	3.25	49.8227	identical
1420710	64	64	64	zenravif-420	2	10.0	360	12.00	5.73	52.7159	identical
1420710	64	64	64	zenravif-444	2	10.0	361	15.17	2.42	53.1217	identical
1420710	64	64	64	svt-rs-420	2	10.0	351	79.44	2.40	55.6353	identical
1420710	64	64	64	zenravif-420	2	15.0	376	22.03	3.75	53.7149	identical
1420710	64	64	64	zenravif-444	2	15.0	377	18.25	2.07	53.4606	identical
1420710	64	64	64	svt-rs-420	2	15.0	398	127.24	7.79	58.8702	identical
1420710	64	64	64	zenravif-420	2	20.0	408	19.78	4.25	59.3602	identical
1420710	64	64	64	zenravif-444	2	20.0	408	22.15	1.82	59.3386	identical
1420710	64	64	64	svt-rs-420	2	20.0	393	70.42	2.14	61.3329	identical
1420710	64	64	64	zenravif-420	2	25.0	435	21.80	1.79	61.8144	identical
1420710	64	64	64	zenravif-444	2	25.0	437	20.47	1.57	61.8134	identical
1420710	64	64	64	svt-rs-420	2	25.0	448	63.84	1.91	63.8215	identical
1420710	64	64	64	zenravif-420	2	30.0	488	21.46	3.75	63.7612	identical
1420710	64	64	64	zenravif-444	2	30.0	488	23.73	1.74	64.0414	identical
1420710	64	64	64	svt-rs-420	2	30.0	501	173.36	2.66	65.4799	identical
1420710	64	64	64	zenravif-420	2	35.0	537	21.53	2.94	65.0037	identical
1420710	64	64	64	zenravif-444	2	35.0	537	27.75	2.90	65.0090	identical
1420710	64	64	64	svt-rs-420	2	35.0	620	137.55	3.44	68.1106	identical
1420710	64	64	64	zenravif-420	2	40.0	605	18.59	4.11	68.0567	identical
1420710	64	64	64	zenravif-444	2	40.0	606	27.12	1.61	67.0395	identical
1420710	64	64	64	svt-rs-420	2	40.0	680	143.10	7.94	69.5489	identical
1420710	64	64	64	zenravif-420	2	45.0	687	17.89	1.66	69.0415	identical
1420710	64	64	64	zenravif-444	2	45.0	693	26.36	2.88	68.9174	identical
1420710	64	64	64	svt-rs-420	2	45.0	787	165.01	2.60	70.1938	identical
1420710	64	64	64	zenravif-420	2	50.0	779	28.66	2.97	70.1163	identical
1420710	64	64	64	zenravif-444	2	50.0	796	38.63	1.73	71.2663	identical
1420710	64	64	64	svt-rs-420	2	50.0	902	150.80	2.73	70.2122	identical
1420710	64	64	64	zenravif-420	2	55.0	861	55.08	2.65	70.8434	identical
1420710	64	64	64	zenravif-444	2	55.0	895	50.47	1.91	72.4158	identical
1420710	64	64	64	svt-rs-420	2	55.0	1036	155.85	5.50	72.1417	identical
1420710	64	64	64	zenravif-420	2	60.0	994	40.93	2.88	74.1348	identical
1420710	64	64	64	zenravif-444	2	60.0	1019	45.22	3.54	75.7640	identical
1420710	64	64	64	svt-rs-420	2	60.0	1192	109.86	2.16	75.0293	identical
1420710	64	64	64	zenravif-420	2	65.0	1118	41.44	1.96	74.3278	identical
1420710	64	64	64	zenravif-444	2	65.0	1155	54.66	1.49	77.1096	identical
1420710	64	64	64	svt-rs-420	2	65.0	1334	98.26	2.73	75.2616	identical
1420710	64	64	64	zenravif-420	2	70.0	1232	43.55	2.06	76.8069	identical
1420710	64	64	64	zenravif-444	2	70.0	1283	53.62	2.91	77.1551	identical
1420710	64	64	64	svt-rs-420	2	70.0	1454	116.51	10.00	76.3876	identical
1420710	64	64	64	zenravif-420	2	75.0	1454	48.60	5.28	77.2169	identical
1420710	64	64	64	zenravif-444	2	75.0	1537	58.57	1.75	80.2672	identical
1420710	64	64	64	svt-rs-420	2	75.0	1617	96.13	2.76	78.7857	identical
1420710	64	64	64	zenravif-420	2	80.0	1652	57.56	2.52	78.9443	identical
1420710	64	64	64	zenravif-444	2	80.0	1771	66.08	2.11	81.3063	identical
1420710	64	64	64	svt-rs-420	2	80.0	1827	71.61	2.93	80.6100	identical
1420710	64	64	64	zenravif-420	2	85.0	1869	56.15	2.75	79.4308	identical
1420710	64	64	64	zenravif-444	2	85.0	2047	77.78	1.80	83.4359	identical
1420710	64	64	64	svt-rs-420	2	85.0	2088	66.16	2.45	81.4663	identical
1420710	64	64	64	zenravif-420	2	90.0	2241	56.82	1.99	81.0232	identical
1420710	64	64	64	zenravif-444	2	90.0	2543	73.74	9.70	85.4512	identical
1420710	64	64	64	svt-rs-420	2	90.0	2581	63.17	1.72	83.1232	identical
1420710	64	64	64	zenravif-420	2	95.0	2813	68.72	1.91	83.0894	identical
1420710	64	64	64	zenravif-444	2	95.0	3402	80.57	3.42	88.7203	identical
1420710	64	64	64	svt-rs-420	2	95.0	3210	69.82	1.77	84.2830	identical
1420710	64	64	64	zenravif-420	2	100.0	4452	63.00	3.98	84.8166	identical
1420710	64	64	64	zenravif-444	2	100.0	6889	99.61	3.19	95.4903	identical
1420710	64	64	64	svt-rs-420	2	100.0	5500	23.34	1.47	-43.9533	identical
1420710	64	64	64	zenravif-420	6	5.0	369	4.85	2.55	50.1006	identical
1420710	64	64	64	zenravif-444	6	5.0	368	6.69	3.35	50.3499	identical
1420710	64	64	64	svt-rs-420	6	5.0	331	1.15	1.64	51.3404	identical
1420710	64	64	64	zenravif-420	6	10.0	381	7.63	1.57	51.4530	identical
1420710	64	64	64	zenravif-444	6	10.0	380	10.48	1.68	51.1372	identical
1420710	64	64	64	svt-rs-420	6	10.0	352	0.86	1.49	56.1176	identical
1420710	64	64	64	zenravif-420	6	15.0	397	8.17	4.81	55.3236	identical
1420710	64	64	64	zenravif-444	6	15.0	399	11.62	3.76	54.7576	identical
1420710	64	64	64	svt-rs-420	6	15.0	380	0.91	1.98	58.8673	identical
1420710	64	64	64	zenravif-420	6	20.0	432	5.66	1.86	59.9235	identical
1420710	64	64	64	zenravif-444	6	20.0	429	8.27	1.48	59.2763	identical
1420710	64	64	64	svt-rs-420	6	20.0	395	0.89	1.53	61.6397	identical
1420710	64	64	64	zenravif-420	6	25.0	463	6.35	2.60	61.4429	identical
1420710	64	64	64	zenravif-444	6	25.0	466	8.66	1.38	61.7062	identical
1420710	64	64	64	svt-rs-420	6	25.0	444	0.92	1.70	64.1082	identical
1420710	64	64	64	zenravif-420	6	30.0	513	6.92	1.56	63.6278	identical
1420710	64	64	64	zenravif-444	6	30.0	513	8.87	1.63	64.0155	identical
1420710	64	64	64	svt-rs-420	6	30.0	498	1.02	1.40	65.3075	identical
1420710	64	64	64	zenravif-420	6	35.0	566	6.24	1.42	65.3958	identical
1420710	64	64	64	zenravif-444	6	35.0	567	8.81	3.68	65.8582	identical
1420710	64	64	64	svt-rs-420	6	35.0	593	1.21	2.05	67.1707	identical
1420710	64	64	64	zenravif-420	6	40.0	647	6.78	2.00	67.1631	identical
1420710	64	64	64	zenravif-444	6	40.0	648	9.83	2.72	68.0662	identical
1420710	64	64	64	svt-rs-420	6	40.0	665	1.18	1.81	68.5992	identical
1420710	64	64	64	zenravif-420	6	45.0	729	6.96	3.89	69.3601	identical
1420710	64	64	64	zenravif-444	6	45.0	732	10.57	2.00	70.6170	identical
1420710	64	64	64	svt-rs-420	6	45.0	793	1.29	2.12	68.8526	identical
1420710	64	64	64	zenravif-420	6	50.0	807	5.47	1.52	71.1870	identical
1420710	64	64	64	zenravif-444	6	50.0	822	8.39	2.11	72.1039	identical
1420710	64	64	64	svt-rs-420	6	50.0	901	1.45	4.52	70.3892	identical
1420710	64	64	64	zenravif-420	6	55.0	895	6.36	1.79	72.3868	identical
1420710	64	64	64	zenravif-444	6	55.0	919	11.05	1.69	73.6296	identical
1420710	64	64	64	svt-rs-420	6	55.0	1026	1.50	1.89	71.6421	identical
1420710	64	64	64	zenravif-420	6	60.0	1015	10.00	2.24	73.0472	identical
1420710	64	64	64	zenravif-444	6	60.0	1046	10.66	3.61	74.9438	identical
1420710	64	64	64	svt-rs-420	6	60.0	1222	1.51	1.44	74.1534	identical
1420710	64	64	64	zenravif-420	6	65.0	1162	8.07	1.74	74.7569	identical
1420710	64	64	64	zenravif-444	6	65.0	1192	9.21	1.70	76.4819	identical
1420710	64	64	64	svt-rs-420	6	65.0	1376	1.58	1.81	75.6475	identical
1420710	64	64	64	zenravif-420	6	70.0	1277	6.91	2.24	75.9225	identical
1420710	64	64	64	zenravif-444	6	70.0	1329	17.02	1.75	76.2742	identical
1420710	64	64	64	svt-rs-420	6	70.0	1515	2.64	2.61	76.5247	identical
1420710	64	64	64	zenravif-420	6	75.0	1502	8.88	1.56	77.3248	identical
1420710	64	64	64	zenravif-444	6	75.0	1588	10.25	3.01	79.8910	identical
1420710	64	64	64	svt-rs-420	6	75.0	1669	1.72	2.09	78.8544	identical
1420710	64	64	64	zenravif-420	6	80.0	1705	8.97	2.30	78.7489	identical
1420710	64	64	64	zenravif-444	6	80.0	1837	11.36	2.20	81.1135	identical
1420710	64	64	64	svt-rs-420	6	80.0	1891	1.95	1.63	80.4201	identical
1420710	64	64	64	zenravif-420	6	85.0	1927	9.26	1.76	79.7827	identical
1420710	64	64	64	zenravif-444	6	85.0	2131	11.88	2.60	82.7086	identical
1420710	64	64	64	svt-rs-420	6	85.0	2123	1.54	2.22	81.6546	identical
1420710	64	64	64	zenravif-420	6	90.0	2290	8.54	1.58	81.2167	identical
1420710	64	64	64	zenravif-444	6	90.0	2640	13.15	2.17	85.6500	identical
1420710	64	64	64	svt-rs-420	6	90.0	2624	1.43	1.28	83.1983	identical
1420710	64	64	64	zenravif-420	6	95.0	2891	10.36	4.14	83.4232	identical
1420710	64	64	64	zenravif-444	6	95.0	3528	12.91	2.44	88.6097	identical
1420710	64	64	64	svt-rs-420	6	95.0	3258	1.50	1.77	84.0365	identical
1420710	64	64	64	zenravif-420	6	100.0	4515	11.38	2.66	84.8635	identical
1420710	64	64	64	zenravif-444	6	100.0	6875	20.43	2.72	95.0385	identical
1420710	64	64	64	svt-rs-420	6	100.0	5616	1.57	1.43	-50.4506	identical
1420710	64	64	64	zenravif-420	9	5.0	368	2.38	2.57	50.0511	identical
1420710	64	64	64	zenravif-444	9	5.0	367	3.08	1.65	50.3536	identical
1420710	64	64	64	svt-rs-420	9	5.0	346	0.52	3.29	50.3361	identical
1420710	64	64	64	zenravif-420	9	10.0	381	2.78	1.74	51.9339	identical
1420710	64	64	64	zenravif-444	9	10.0	380	4.75	4.30	51.6380	identical
1420710	64	64	64	svt-rs-420	9	10.0	372	0.48	1.41	52.4041	identical
1420710	64	64	64	zenravif-420	9	15.0	398	2.43	1.38	55.2325	identical
1420710	64	64	64	zenravif-444	9	15.0	399	3.82	4.74	54.6596	identical
1420710	64	64	64	svt-rs-420	9	15.0	400	0.52	1.67	57.9478	identical
1420710	64	64	64	zenravif-420	9	20.0	432	2.61	1.24	59.9524	identical
1420710	64	64	64	zenravif-444	9	20.0	428	3.25	2.97	59.2976	identical
1420710	64	64	64	svt-rs-420	9	20.0	433	0.52	3.44	62.0064	identical
1420710	64	64	64	zenravif-420	9	25.0	463	2.65	1.46	61.4821	identical
1420710	64	64	64	zenravif-444	9	25.0	467	3.70	2.24	61.7276	identical
1420710	64	64	64	svt-rs-420	9	25.0	478	0.69	1.36	63.5338	identical
1420710	64	64	64	zenravif-420	9	30.0	513	2.88	1.76	63.5891	identical
1420710	64	64	64	zenravif-444	9	30.0	514	4.19	3.71	63.9772	identical
1420710	64	64	64	svt-rs-420	9	30.0	529	0.61	2.97	65.3845	identical
1420710	64	64	64	zenravif-420	9	35.0	565	4.33	2.35	65.3222	identical
1420710	64	64	64	zenravif-444	9	35.0	565	4.27	8.55	65.8553	identical
1420710	64	64	64	svt-rs-420	9	35.0	623	0.72	1.36	66.7706	identical
1420710	64	64	64	zenravif-420	9	40.0	647	3.17	2.01	67.0599	identical
1420710	64	64	64	zenravif-444	9	40.0	650	4.65	3.98	67.9161	identical
1420710	64	64	64	svt-rs-420	9	40.0	702	0.63	2.60	68.4360	identical
1420710	64	64	64	zenravif-420	9	45.0	728	3.40	2.84	69.4803	identical
1420710	64	64	64	zenravif-444	9	45.0	732	5.06	1.86	70.6246	identical
1420710	64	64	64	svt-rs-420	9	45.0	801	0.76	3.18	69.2295	identical
1420710	64	64	64	zenravif-420	9	50.0	814	2.13	2.58	71.3768	identical
1420710	64	64	64	zenravif-444	9	50.0	827	3.10	1.53	72.2966	identical
1420710	64	64	64	svt-rs-420	9	50.0	925	0.78	8.00	69.3353	identical
1420710	64	64	64	zenravif-420	9	55.0	907	2.33	2.84	72.2850	identical
1420710	64	64	64	zenravif-444	9	55.0	925	3.66	2.12	72.4563	identical
1420710	64	64	64	svt-rs-420	9	55.0	1055	0.92	1.95	72.6141	identical
1420710	64	64	64	zenravif-420	9	60.0	1022	2.37	2.44	73.1008	identical
1420710	64	64	64	zenravif-444	9	60.0	1048	3.51	1.69	73.9220	identical
1420710	64	64	64	svt-rs-420	9	60.0	1264	0.95	2.31	74.4206	identical
1420710	64	64	64	zenravif-420	9	65.0	1157	2.87	1.62	74.2345	identical
1420710	64	64	64	zenravif-444	9	65.0	1204	5.44	1.88	75.6699	identical
1420710	64	64	64	svt-rs-420	9	65.0	1417	1.05	1.96	74.8579	identical
1420710	64	64	64	zenravif-420	9	70.0	1270	3.80	1.82	74.3586	identical
1420710	64	64	64	zenravif-444	9	70.0	1335	5.68	2.71	75.9304	identical
1420710	64	64	64	svt-rs-420	9	70.0	1539	0.91	2.57	77.4054	identical
1420710	64	64	64	zenravif-420	9	75.0	1509	3.12	2.15	77.3999	identical
1420710	64	64	64	zenravif-444	9	75.0	1603	5.09	2.86	79.1395	identical
1420710	64	64	64	svt-rs-420	9	75.0	1674	1.71	3.62	78.3347	identical
1420710	64	64	64	zenravif-420	9	80.0	1711	4.45	2.75	78.8372	identical
1420710	64	64	64	zenravif-444	9	80.0	1860	5.29	2.14	80.9968	identical
1420710	64	64	64	svt-rs-420	9	80.0	1906	1.33	2.13	80.1167	identical
1420710	64	64	64	zenravif-420	9	85.0	1928	4.72	2.37	79.8048	identical
1420710	64	64	64	zenravif-444	9	85.0	2154	4.50	1.55	82.3739	identical
1420710	64	64	64	svt-rs-420	9	85.0	2154	1.40	2.45	80.9537	identical
1420710	64	64	64	zenravif-420	9	90.0	2327	4.26	3.20	81.5702	identical
1420710	64	64	64	zenravif-444	9	90.0	2691	4.59	2.77	85.1759	identical
1420710	64	64	64	svt-rs-420	9	90.0	2652	1.11	2.42	83.2261	identical
1420710	64	64	64	zenravif-420	9	95.0	2894	5.07	3.63	83.1929	identical
1420710	64	64	64	zenravif-444	9	95.0	3581	5.33	2.04	88.6243	identical
1420710	64	64	64	svt-rs-420	9	95.0	3290	0.86	1.62	84.1776	identical
1420710	64	64	64	zenravif-420	9	100.0	4486	4.84	2.69	84.8237	identical
1420710	64	64	64	zenravif-444	9	100.0	6809	6.25	3.90	94.9175	identical
1420710	64	64	64	svt-rs-420	9	100.0	5670	1.57	1.71	-49.3467	identical
1475938	64	64	64	zenravif-420	2	5.0	294	18.56	1.72	85.3356	identical
1475938	64	64	64	zenravif-444	2	5.0	294	23.29	1.52	85.5257	identical
1475938	64	64	64	svt-rs-420	2	5.0	271	18.88	1.79	86.0752	identical
1475938	64	64	64	zenravif-420	2	10.0	292	18.77	1.80	85.8715	identical
1475938	64	64	64	zenravif-444	2	10.0	292	17.54	3.52	85.9088	identical
1475938	64	64	64	svt-rs-420	2	10.0	272	14.59	2.67	85.9088	identical
1475938	64	64	64	zenravif-420	2	15.0	295	17.74	1.87	85.9980	identical
1475938	64	64	64	zenravif-444	2	15.0	295	19.13	2.05	85.9118	identical
1475938	64	64	64	svt-rs-420	2	15.0	272	21.97	1.35	86.0491	identical
1475938	64	64	64	zenravif-420	2	20.0	293	11.79	1.52	86.1599	identical
1475938	64	64	64	zenravif-444	2	20.0	293	22.83	1.55	86.0731	identical
1475938	64	64	64	svt-rs-420	2	20.0	272	21.41	2.29	86.0491	identical
1475938	64	64	64	zenravif-420	2	25.0	297	11.69	1.41	86.9730	identical
1475938	64	64	64	zenravif-444	2	25.0	297	14.93	3.33	86.9362	identical
1475938	64	64	64	svt-rs-420	2	25.0	274	12.53	1.57	87.0454	identical
1475938	64	64	64	zenravif-420	2	30.0	298	36.65	5.49	87.4389	identical
1475938	64	64	64	zenravif-444	2	30.0	298	21.35	6.76	87.2463	identical
1475938	64	64	64	svt-rs-420	2	30.0	275	25.29	1.93	87.4417	identical
1475938	64	64	64	zenravif-420	2	35.0	308	12.27	11.46	90.8400	identical
1475938	64	64	64	zenravif-444	2	35.0	307	17.22	4.59	90.5027	identical
1475938	64	64	64	svt-rs-420	2	35.0	275	13.38	6.69	87.6702	identical
1475938	64	64	64	zenravif-420	2	40.0	309	13.61	9.19	91.3367	identical
1475938	64	64	64	zenravif-444	2	40.0	309	16.97	7.86	91.0087	identical
1475938	64	64	64	svt-rs-420	2	40.0	292	23.18	30.60	91.6792	identical
1475938	64	64	64	zenravif-420	2	45.0	317	18.17	5.31	91.1593	identical
1475938	64	64	64	zenravif-444	2	45.0	318	23.36	6.65	91.0019	identical
1475938	64	64	64	svt-rs-420	2	45.0	293	16.88	4.96	91.1378	identical
1475938	64	64	64	zenravif-420	2	50.0	324	18.30	3.57	91.2914	identical
1475938	64	64	64	zenravif-444	2	50.0	325	24.18	5.16	91.4803	identical
1475938	64	64	64	svt-rs-420	2	50.0	297	17.50	1.40	91.9888	identical
1475938	64	64	64	zenravif-420	2	55.0	328	16.53	2.60	92.0539	identical
1475938	64	64	64	zenravif-444	2	55.0	329	22.98	5.69	92.0083	identical
1475938	64	64	64	svt-rs-420	2	55.0	299	17.75	8.16	91.8322	identical
1475938	64	64	64	zenravif-420	2	60.0	332	20.89	4.46	91.8872	identical
1475938	64	64	64	zenravif-444	2	60.0	339	24.53	2.89	92.4066	identical
1475938	64	64	64	svt-rs-420	2	60.0	304	18.22	4.60	91.9299	identical
1475938	64	64	64	zenravif-420	2	65.0	340	21.81	1.38	92.1515	identical
1475938	64	64	64	zenravif-444	2	65.0	343	29.91	2.89	92.7396	identical
1475938	64	64	64	svt-rs-420	2	65.0	309	18.03	1.42	91.8561	identical
1475938	64	64	64	zenravif-420	2	70.0	341	22.92	2.12	92.4242	identical
1475938	64	64	64	zenravif-444	2	70.0	343	35.23	3.43	92.8533	identical
1475938	64	64	64	svt-rs-420	2	70.0	313	17.11	1.69	92.4396	identical
1475938	64	64	64	zenravif-420	2	75.0	347	27.41	1.99	92.5721	identical
1475938	64	64	64	zenravif-444	2	75.0	357	25.49	1.82	92.7101	identical
1475938	64	64	64	svt-rs-420	2	75.0	320	18.43	4.42	92.5805	identical
1475938	64	64	64	zenravif-420	2	80.0	362	28.71	3.07	92.8419	identical
1475938	64	64	64	zenravif-444	2	80.0	365	29.29	2.15	93.1106	identical
1475938	64	64	64	svt-rs-420	2	80.0	323	17.26	1.99	92.4081	identical
1475938	64	64	64	zenravif-420	2	85.0	367	21.86	2.50	93.0376	identical
1475938	64	64	64	zenravif-444	2	85.0	381	28.14	2.10	93.2981	identical
1475938	64	64	64	svt-rs-420	2	85.0	335	24.92	2.05	92.7514	identical
1475938	64	64	64	zenravif-420	2	90.0	400	25.47	1.67	93.1276	identical
1475938	64	64	64	zenravif-444	2	90.0	412	35.49	2.68	93.7742	identical
1475938	64	64	64	svt-rs-420	2	90.0	369	16.40	3.72	93.3305	identical
1475938	64	64	64	zenravif-420	2	95.0	486	29.35	2.17	93.6005	identical
1475938	64	64	64	zenravif-444	2	95.0	514	36.00	2.32	93.2682	identical
1475938	64	64	64	svt-rs-420	2	95.0	427	23.72	4.82	93.9548	identical
1475938	64	64	64	zenravif-420	2	100.0	1079	31.63	2.96	94.4578	identical
1475938	64	64	64	zenravif-444	2	100.0	1444	37.96	3.03	95.9769	identical
1475938	64	64	64	svt-rs-420	2	100.0	1336	41.97	4.03	-60.4593	identical
1475938	64	64	64	zenravif-420	6	5.0	303	3.09	4.06	85.2709	identical
1475938	64	64	64	zenravif-444	6	5.0	303	4.66	5.14	85.4313	identical
1475938	64	64	64	svt-rs-420	6	5.0	271	0.49	2.58	86.0752	identical
1475938	64	64	64	zenravif-420	6	10.0	303	3.22	3.99	84.2102	identical
1475938	64	64	64	zenravif-444	6	10.0	303	4.73	1.52	84.2102	identical
1475938	64	64	64	svt-rs-420	6	10.0	272	0.47	4.51	85.9088	identical
1475938	64	64	64	zenravif-420	6	15.0	306	3.22	2.69	85.9316	identical
1475938	64	64	64	zenravif-444	6	15.0	304	4.97	3.87	86.2311	identical
1475938	64	64	64	svt-rs-420	6	15.0	272	0.70	2.02	86.0491	identical
1475938	64	64	64	zenravif-420	6	20.0	305	3.29	1.27	85.9326	identical
1475938	64	64	64	zenravif-444	6	20.0	305	4.73	2.05	85.4283	identical
1475938	64	64	64	svt-rs-420	6	20.0	272	0.69	5.64	86.0491	identical
1475938	64	64	64	zenravif-420	6	25.0	306	3.87	2.20	86.5069	identical
1475938	64	64	64	zenravif-444	6	25.0	306	4.84	2.06	86.5069	identical
1475938	64	64	64	svt-rs-420	6	25.0	274	0.75	1.57	86.9182	identical
1475938	64	64	64	zenravif-420	6	30.0	308	3.29	2.26	86.3705	identical
1475938	64	64	64	zenravif-444	6	30.0	308	5.56	3.67	86.3344	identical
1475938	64	64	64	svt-rs-420	6	30.0	275	0.63	1.68	87.4417	identical
1475938	64	64	64	zenravif-420	6	35.0	318	3.53	1.78	87.9640	identical
1475938	64	64	64	zenravif-444	6	35.0	317	6.02	1.88	87.6188	identical
1475938	64	64	64	svt-rs-420	6	35.0	275	0.80	1.72	87.6702	identical
1475938	64	64	64	zenravif-420	6	40.0	326	3.99	1.99	89.6823	identical
1475938	64	64	64	zenravif-444	6	40.0	329	5.72	1.93	89.4955	identical
1475938	64	64	64	svt-rs-420	6	40.0	277	0.69	2.77	87.7771	identical
1475938	64	64	64	zenravif-420	6	45.0	332	3.89	2.25	90.2318	identical
1475938	64	64	64	zenravif-444	6	45.0	332	6.55	1.55	89.9825	identical
1475938	64	64	64	svt-rs-420	6	45.0	277	0.63	2.59	87.5992	identical
1475938	64	64	64	zenravif-420	6	50.0	331	2.81	4.30	90.8125	identical
1475938	64	64	64	zenravif-444	6	50.0	331	3.88	2.51	90.7076	identical
1475938	64	64	64	svt-rs-420	6	50.0	306	0.81	3.23	91.6370	identical
1475938	64	64	64	zenravif-420	6	55.0	337	3.60	1.72	91.2044	identical
1475938	64	64	64	zenravif-444	6	55.0	339	4.60	3.04	91.5024	identical
1475938	64	64	64	svt-rs-420	6	55.0	308	0.72	4.76	91.1094	identical
1475938	64	64	64	zenravif-420	6	60.0	341	3.42	1.45	91.9455	identical
1475938	64	64	64	zenravif-444	6	60.0	346	4.19	1.53	91.7366	identical
1475938	64	64	64	svt-rs-420	6	60.0	312	0.71	1.50	92.1792	identical
1475938	64	64	64	zenravif-420	6	65.0	351	2.92	1.72	92.2011	identical
1475938	64	64	64	zenravif-444	6	65.0	353	6.76	1.62	92.6841	identical
1475938	64	64	64	svt-rs-420	6	65.0	315	0.74	4.52	92.2933	identical
1475938	64	64	64	zenravif-420	6	70.0	352	3.08	1.78	91.9328	identical
1475938	64	64	64	zenravif-444	6	70.0	356	4.17	2.22	92.1833	identical
1475938	64	64	64	svt-rs-420	6	70.0	315	0.88	1.47	92.2113	identical
1475938	64	64	64	zenravif-420	6	75.0	361	3.47	1.47	92.5616	identical
1475938	64	64	64	zenravif-444	6	75.0	371	4.53	1.42	92.9441	identical
1475938	64	64	64	svt-rs-420	6	75.0	325	0.75	1.71	92.2098	identical
1475938	64	64	64	zenravif-420	6	80.0	377	4.87	4.23	92.5428	identical
1475938	64	64	64	zenravif-444	6	80.0	387	5.32	1.59	93.2639	identical
1475938	64	64	64	svt-rs-420	6	80.0	339	0.78	1.88	92.6576	identical
1475938	64	64	64	zenravif-420	6	85.0	398	7.18	2.57	92.6409	identical
1475938	64	64	64	zenravif-444	6	85.0	406	5.62	2.53	93.4252	identical
1475938	64	64	64	svt-rs-420	6	85.0	357	1.23	1.63	92.5244	identical
1475938	64	64	64	zenravif-420	6	90.0	426	6.98	1.64	92.9594	identical
1475938	64	64	64	zenravif-444	6	90.0	438	7.94	1.48	93.9423	identical
1475938	64	64	64	svt-rs-420	6	90.0	389	1.03	1.46	92.6233	identical
1475938	64	64	64	zenravif-420	6	95.0	499	3.92	2.60	93.4522	identical
1475938	64	64	64	zenravif-444	6	95.0	541	6.25	1.70	94.1315	identical
1475938	64	64	64	svt-rs-420	6	95.0	453	0.88	1.91	92.9981	identical
1475938	64	64	64	zenravif-420	6	100.0	993	7.41	1.63	94.3839	identical
1475938	64	64	64	zenravif-444	6	100.0	1369	9.33	1.97	95.5533	identical
1475938	64	64	64	zenravif-420	9	5.0	301	1.43	1.53	85.2709	identical
1475938	64	64	64	zenravif-444	9	5.0	301	2.24	1.61	85.4313	identical
1475938	64	64	64	svt-rs-420	9	5.0	271	0.33	1.83	86.0752	identical
1475938	64	64	64	zenravif-420	9	10.0	302	1.45	1.87	84.2102	identical
1475938	64	64	64	zenravif-444	9	10.0	302	1.99	2.15	84.2102	identical
1475938	64	64	64	svt-rs-420	9	10.0	272	0.30	2.83	85.9088	identical
1475938	64	64	64	zenravif-420	9	15.0	304	1.48	1.59	85.9316	identical
1475938	64	64	64	zenravif-444	9	15.0	303	2.10	1.72	86.2311	identical
1475938	64	64	64	svt-rs-420	9	15.0	272	0.31	1.88	86.0491	identical
1475938	64	64	64	zenravif-420	9	20.0	303	1.36	4.40	85.9326	identical
1475938	64	64	64	zenravif-444	9	20.0	303	2.12	2.70	85.4283	identical
1475938	64	64	64	svt-rs-420	9	20.0	272	0.32	1.32	86.0491	identical
1475938	64	64	64	zenravif-420	9	25.0	304	1.44	1.66	86.5069	identical
1475938	64	64	64	zenravif-444	9	25.0	304	3.00	3.66	86.5069	identical
1475938	64	64	64	svt-rs-420	9	25.0	274	0.37	1.42	86.9182	identical
1475938	64	64	64	zenravif-420	9	30.0	306	1.42	1.74	86.3705	identical
1475938	64	64	64	zenravif-444	9	30.0	306	2.27	2.14	86.1489	identical
1475938	64	64	64	svt-rs-420	9	30.0	275	0.38	1.44	87.4417	identical
1475938	64	64	64	zenravif-420	9	35.0	311	1.57	1.57	87.3206	identical
1475938	64	64	64	zenravif-444	9	35.0	310	3.70	1.55	87.2048	identical
1475938	64	64	64	svt-rs-420	9	35.0	275	0.50	2.62	87.6702	identical
1475938	64	64	64	zenravif-420	9	40.0	313	1.64	1.48	87.9330	identical
1475938	64	64	64	zenravif-444	9	40.0	315	4.03	1.52	87.7421	identical
1475938	64	64	64	svt-rs-420	9	40.0	277	0.31	1.43	87.7771	identical
1475938	64	64	64	zenravif-420	9	45.0	325	1.79	2.34	87.6311	identical
1475938	64	64	64	zenravif-444	9	45.0	323	2.71	1.50	87.9800	identical
1475938	64	64	64	svt-rs-420	9	45.0	277	0.35	2.69	87.5992	identical
1475938	64	64	64	zenravif-420	9	50.0	326	1.33	3.06	88.8343	identical
1475938	64	64	64	zenravif-444	9	50.0	326	1.79	1.47	88.7727	identical
1475938	64	64	64	svt-rs-420	9	50.0	279	0.38	2.26	87.8626	identical
1475938	64	64	64	zenravif-420	9	55.0	337	1.47	1.40	89.2672	identical
1475938	64	64	64	zenravif-444	9	55.0	339	2.01	1.49	89.5872	identical
1475938	64	64	64	svt-rs-420	9	55.0	312	0.42	2.70	91.4878	identical
1475938	64	64	64	zenravif-420	9	60.0	351	1.36	1.60	90.3308	identical
1475938	64	64	64	zenravif-444	9	60.0	354	1.97	1.81	90.2839	identical
1475938	64	64	64	svt-rs-420	9	60.0	317	0.53	2.51	92.0714	identical
1475938	64	64	64	zenravif-420	9	65.0	367	1.34	1.96	91.1688	identical
1475938	64	64	64	zenravif-444	9	65.0	371	2.14	2.15	91.5226	identical
1475938	64	64	64	svt-rs-420	9	65.0	321	0.41	1.69	92.0478	identical
1475938	64	64	64	zenravif-420	9	70.0	376	1.39	2.19	91.6173	identical
1475938	64	64	64	zenravif-444	9	70.0	379	2.12	1.37	91.9086	identical
1475938	64	64	64	svt-rs-420	9	70.0	325	0.40	1.37	92.0485	identical
1475938	64	64	64	zenravif-420	9	75.0	395	1.47	1.49	92.0267	identical
1475938	64	64	64	zenravif-444	9	75.0	402	2.55	2.08	92.6683	identical
1475938	64	64	64	svt-rs-420	9	75.0	335	0.56	3.61	92.1034	identical
1475938	64	64	64	zenravif-420	9	80.0	418	2.00	1.48	92.1287	identical
1475938	64	64	64	zenravif-444	9	80.0	424	2.62	1.57	92.9898	identical
1475938	64	64	64	svt-rs-420	9	80.0	348	0.52	1.57	92.6677	identical
1475938	64	64	64	zenravif-420	9	85.0	444	4.84	1.76	92.7594	identical
1475938	64	64	64	zenravif-444	9	85.0	454	2.65	5.31	92.6762	identical
1475938	64	64	64	svt-rs-420	9	85.0	373	0.54	2.15	92.4761	identical
1475938	64	64	64	zenravif-420	9	90.0	496	1.99	1.63	92.6773	identical
1475938	64	64	64	zenravif-444	9	90.0	509	2.96	2.02	93.4768	identical
1475938	64	64	64	svt-rs-420	9	90.0	402	0.45	1.55	92.7042	identical
1475938	64	64	64	zenravif-420	9	95.0	605	1.86	3.22	93.3278	identical
1475938	64	64	64	zenravif-444	9	95.0	634	2.99	1.58	93.4964	identical
1475938	64	64	64	svt-rs-420	9	95.0	473	0.50	2.28	92.9597	identical
1475938	64	64	64	zenravif-420	9	100.0	1118	2.52	1.30	94.4221	identical
1475938	64	64	64	zenravif-444	9	100.0	1552	4.77	1.85	95.0705	identical
1531677	64	64	64	zenravif-420	2	5.0	338	14.78	4.88	35.2196	identical
1531677	64	64	64	zenravif-444	2	5.0	339	20.42	1.61	35.0158	identical
1531677	64	64	64	svt-rs-420	2	5.0	308	122.84	1.55	39.9831	identical
1531677	64	64	64	zenravif-420	2	10.0	340	11.57	2.59	36.3069	identical
1531677	64	64	64	zenravif-444	2	10.0	341	20.08	1.68	36.0664	identical
1531677	64	64	64	svt-rs-420	2	10.0	333	143.72	4.76	43.5608	identical
1531677	64	64	64	zenravif-420	2	15.0	360	29.88	2.03	43.1229	identical
1531677	64	64	64	zenravif-444	2	15.0	359	19.33	1.98	43.0447	identical
1531677	64	64	64	svt-rs-420	2	15.0	369	142.52	5.31	48.7562	identical
1531677	64	64	64	zenravif-420	2	20.0	393	21.91	1.58	47.0441	identical
1531677	64	64	64	zenravif-444	2	20.0	393	23.56	3.92	46.9960	identical
1531677	64	64	64	svt-rs-420	2	20.0	412	171.81	2.45	52.5323	identical
1531677	64	64	64	zenravif-420	2	25.0	431	17.04	4.34	50.3384	identical
1531677	64	64	64	zenravif-444	2	25.0	430	19.84	2.16	50.6329	identical
1531677	64	64	64	svt-rs-420	2	25.0	460	149.40	9.71	54.6503	identical
1531677	64	64	64	zenravif-420	2	30.0	470	16.58	2.55	53.4318	identical
1531677	64	64	64	zenravif-444	2	30.0	470	19.88	2.47	53.4029	identical
1531677	64	64	64	svt-rs-420	2	30.0	522	153.32	2.48	57.1339	identical
1531677	64	64	64	zenravif-420	2	35.0	524	24.25	3.48	56.1523	identical
1531677	64	64	64	zenravif-444	2	35.0	525	27.25	1.53	56.1523	identical
1531677	64	64	64	svt-rs-420	2	35.0	616	160.10	4.26	59.2030	identical
1531677	64	64	64	zenravif-420	2	40.0	607	25.33	2.64	57.2074	identical
1531677	64	64	64	zenravif-444	2	40.0	607	32.32	1.83	57.1694	identical
1531677	64	64	64	svt-rs-420	2	40.0	715	145.17	1.68	60.3800	identical
1531677	64	64	64	zenravif-420	2	45.0	683	33.04	1.44	59.2391	identical
1531677	64	64	64	zenravif-444	2	45.0	685	32.43	1.44	59.5626	identical
1531677	64	64	64	svt-rs-420	2	45.0	811	124.00	3.08	60.7948	identical
1531677	64	64	64	zenravif-420	2	50.0	793	35.22	1.75	60.0290	identical
1531677	64	64	64	zenravif-444	2	50.0	791	40.62	1.45	61.1027	identical
1531677	64	64	64	svt-rs-420	2	50.0	932	138.35	1.62	61.8645	identical
1531677	64	64	64	zenravif-420	2	55.0	873	39.01	1.77	62.1405	identical
1531677	64	64	64	zenravif-444	2	55.0	880	54.66	1.54	61.9109	identical
1531677	64	64	64	svt-rs-420	2	55.0	1056	133.18	1.75	62.6458	identical
1531677	64	64	64	zenravif-420	2	60.0	1006	32.25	1.68	61.4962	identical
1531677	64	64	64	zenravif-444	2	60.0	1007	40.63	4.02	63.5259	identical
1531677	64	64	64	svt-rs-420	2	60.0	1259	125.02	3.43	64.4994	identical
1531677	64	64	64	zenravif-420	2	65.0	1119	46.52	1.43	63.6515	identical
1531677	64	64	64	zenravif-444	2	65.0	1138	45.40	3.12	67.8420	identical
1531677	64	64	64	svt-rs-420	2	65.0	1386	105.73	3.34	64.2921	identical
1531677	64	64	64	zenravif-420	2	70.0	1247	52.96	1.40	65.6522	identical
1531677	64	64	64	zenravif-444	2	70.0	1264	61.37	2.78	70.6677	identical
1531677	64	64	64	svt-rs-420	2	70.0	1501	129.04	2.65	66.1719	identical
1531677	64	64	64	zenravif-420	2	75.0	1493	55.90	1.58	66.8103	identical
1531677	64	64	64	zenravif-444	2	75.0	1524	54.83	1.71	74.6963	identical
1531677	64	64	64	svt-rs-420	2	75.0	1643	75.57	1.61	65.9244	identical
1531677	64	64	64	zenravif-420	2	80.0	1669	64.64	2.40	67.5957	identical
1531677	64	64	64	zenravif-444	2	80.0	1722	69.84	2.04	75.1101	identical
1531677	64	64	64	svt-rs-420	2	80.0	1832	61.99	4.96	69.7372	identical
1531677	64	64	64	zenravif-420	2	85.0	1879	77.99	2.26	71.0362	identical
1531677	64	64	64	zenravif-444	2	85.0	1970	54.18	1.70	78.3028	identical
1531677	64	64	64	svt-rs-420	2	85.0	2059	58.49	1.94	73.5458	identical
1531677	64	64	64	zenravif-420	2	90.0	2202	78.03	2.02	73.5793	identical
1531677	64	64	64	zenravif-444	2	90.0	2363	84.82	2.18	82.2850	identical
1531677	64	64	64	svt-rs-420	2	90.0	2477	61.14	1.83	75.9377	identical
1531677	64	64	64	zenravif-420	2	95.0	2731	108.57	5.70	76.4237	identical
1531677	64	64	64	zenravif-444	2	95.0	3111	108.20	2.29	87.5557	identical
1531677	64	64	64	svt-rs-420	2	95.0	3040	62.37	2.15	77.7094	identical
1531677	64	64	64	zenravif-420	2	100.0	4312	68.09	6.53	78.7605	identical
1531677	64	64	64	zenravif-444	2	100.0	6127	76.79	3.22	94.3844	identical
1531677	64	64	64	svt-rs-420	2	100.0	5204	31.73	6.53	-23.8926	identical
1531677	64	64	64	zenravif-420	6	5.0	350	5.72	4.01	32.9063	identical
1531677	64	64	64	zenravif-444	6	5.0	350	6.87	2.44	32.9063	identical
1531677	64	64	64	svt-rs-420	6	5.0	311	0.84	3.77	33.9340	identical
1531677	64	64	64	zenravif-420	6	10.0	356	4.91	2.30	37.4376	identical
1531677	64	64	64	zenravif-444	6	10.0	356	6.57	1.96	37.4376	identical
1531677	64	64	64	svt-rs-420	6	10.0	331	1.01	4.77	41.1958	identical
1531677	64	64	64	zenravif-420	6	15.0	384	5.51	4.29	43.9500	identical
1531677	64	64	64	zenravif-444	6	15.0	380	7.77	5.14	44.2260	identical
1531677	64	64	64	svt-rs-420	6	15.0	373	1.16	1.85	47.4946	identical
1531677	64	64	64	zenravif-420	6	20.0	415	6.29	1.90	49.2602	identical
1531677	64	64	64	zenravif-444	6	20.0	415	7.61	2.44	49.3456	identical
1531677	64	64	64	svt-rs-420	6	20.0	416	1.31	2.72	50.6424	identical
1531677	64	64	64	zenravif-420	6	25.0	450	6.05	1.82	51.0163	identical
1531677	64	64	64	zenravif-444	6	25.0	450	8.54	3.21	50.9307	identical
1531677	64	64	64	svt-rs-420	6	25.0	449	1.24	1.67	53.5009	identical
1531677	64	64	64	zenravif-420	6	30.0	496	5.77	2.22	53.1267	identical
1531677	64	64	64	zenravif-444	6	30.0	497	8.12	1.56	52.9177	identical
1531677	64	64	64	svt-rs-420	6	30.0	502	1.08	2.31	56.3817	identical
1531677	64	64	64	zenravif-420	6	35.0	558	6.10	1.51	55.9306	identical
1531677	64	64	64	zenravif-444	6	35.0	558	7.83	1.66	56.1339	identical
1531677	64	64	64	svt-rs-420	6	35.0	613	1.43	6.55	58.1788	identical
1531677	64	64	64	zenravif-420	6	40.0	635	6.59	2.79	57.5250	identical
1531677	64	64	64	zenravif-444	6	40.0	636	9.34	8.59	58.1849	identical
1531677	64	64	64	svt-rs-420	6	40.0	727	1.25	2.25	59.4201	identical
1531677	64	64	64	zenravif-420	6	45.0	725	8.22	9.25	60.0148	identical
1531677	64	64	64	zenravif-444	6	45.0	732	9.19	3.10	60.6931	identical
1531677	64	64	64	svt-rs-420	6	45.0	820	1.30	2.94	60.4832	identical
1531677	64	64	64	zenravif-420	6	50.0	826	5.10	3.55	61.0587	identical
1531677	64	64	64	zenravif-444	6	50.0	829	6.58	1.58	61.0334	identical
1531677	64	64	64	svt-rs-420	6	50.0	917	1.54	5.32	60.7399	identical
1531677	64	64	64	zenravif-420	6	55.0	928	6.16	1.80	61.7800	identical
1531677	64	64	64	zenravif-444	6	55.0	937	6.84	1.90	62.8636	identical
1531677	64	64	64	svt-rs-420	6	55.0	1055	1.72	2.03	61.3282	identical
1531677	64	64	64	zenravif-420	6	60.0	1045	4.95	4.65	63.4338	identical
1531677	64	64	64	zenravif-444	6	60.0	1052	6.70	2.91	64.8679	identical
1531677	64	64	64	svt-rs-420	6	60.0	1249	1.54	5.03	62.4201	identical
1531677	64	64	64	zenravif-420	6	65.0	1169	7.45	1.89	64.2896	identical
1531677	64	64	64	zenravif-444	6	65.0	1186	10.45	2.67	66.7543	identical
1531677	64	64	64	svt-rs-420	6	65.0	1371	1.91	2.81	62.5038	identical
1531677	64	64	64	zenravif-420	6	70.0	1283	7.76	1.89	66.7139	identical
1531677	64	64	64	zenravif-444	6	70.0	1308	10.15	2.42	69.2803	identical
1531677	64	64	64	svt-rs-420	6	70.0	1499	1.62	1.81	65.9613	identical
1531677	64	64	64	zenravif-420	6	75.0	1522	6.74	1.71	66.8360	identical
1531677	64	64	64	zenravif-444	6	75.0	1559	9.24	1.74	70.2651	identical
1531677	64	64	64	svt-rs-420	6	75.0	1652	1.76	1.67	67.0261	identical
1531677	64	64	64	zenravif-420	6	80.0	1713	6.92	3.05	69.7881	identical
1531677	64	64	64	zenravif-444	6	80.0	1773	16.04	3.09	74.7413	identical
1531677	64	64	64	svt-rs-420	6	80.0	1832	2.73	3.21	67.6940	identical
1531677	64	64	64	zenravif-420	6	85.0	1927	11.46	3.02	70.9639	identical
1531677	64	64	64	zenravif-444	6	85.0	2028	15.86	2.22	77.4391	identical
1531677	64	64	64	svt-rs-420	6	85.0	2054	2.16	3.23	69.6112	identical
1531677	64	64	64	zenravif-420	6	90.0	2278	11.34	1.69	74.6348	identical
1531677	64	64	64	zenravif-444	6	90.0	2439	10.24	2.06	81.8043	identical
1531677	64	64	64	svt-rs-420	6	90.0	2510	1.55	1.74	75.5910	identical
1531677	64	64	64	zenravif-420	6	95.0	2769	12.59	5.67	75.7470	identical
1531677	64	64	64	zenravif-444	6	95.0	3147	14.83	3.79	86.8890	identical
1531677	64	64	64	svt-rs-420	6	95.0	3082	1.58	1.65	76.2484	identical
1531677	64	64	64	zenravif-420	6	100.0	4363	14.48	4.79	78.4752	identical
1531677	64	64	64	zenravif-444	6	100.0	6118	19.29	2.31	94.0642	identical
1531677	64	64	64	svt-rs-420	6	100.0	5486	1.83	1.76	-8.7077	identical
1531677	64	64	64	zenravif-420	9	5.0	348	2.28	2.63	32.8297	identical
1531677	64	64	64	zenravif-444	9	5.0	349	5.81	2.08	32.8297	identical
1531677	64	64	64	svt-rs-420	9	5.0	320	0.86	1.94	36.1190	identical
1531677	64	64	64	zenravif-420	9	10.0	354	2.21	1.81	37.4253	identical
1531677	64	64	64	zenravif-444	9	10.0	354	2.81	2.00	37.4253	identical
1531677	64	64	64	svt-rs-420	9	10.0	341	0.44	3.41	41.3321	identical
1531677	64	64	64	zenravif-420	9	15.0	382	2.34	1.73	43.1175	identical
1531677	64	64	64	zenravif-444	9	15.0	379	4.23	3.38	43.4481	identical
1531677	64	64	64	svt-rs-420	9	15.0	371	0.48	1.45	46.3643	identical
1531677	64	64	64	zenravif-420	9	20.0	415	2.45	1.93	48.2600	identical
1531677	64	64	64	zenravif-444	9	20.0	414	3.27	2.32	48.2360	identical
1531677	64	64	64	svt-rs-420	9	20.0	421	0.53	1.34	50.5656	identical
1531677	64	64	64	zenravif-420	9	25.0	450	2.60	4.77	49.6833	identical
1531677	64	64	64	zenravif-444	9	25.0	449	3.40	1.86	49.7137	identical
1531677	64	64	64	svt-rs-420	9	25.0	453	0.53	2.52	52.9504	identical
1531677	64	64	64	zenravif-420	9	30.0	495	2.59	1.46	52.9830	identical
1531677	64	64	64	zenravif-444	9	30.0	495	3.36	1.55	52.7780	identical
1531677	64	64	64	svt-rs-420	9	30.0	511	0.54	1.47	56.3180	identical
1531677	64	64	64	zenravif-420	9	35.0	557	2.77	2.36	55.7932	identical
1531677	64	64	64	zenravif-444	9	35.0	557	3.63	2.48	55.9575	identical
1531677	64	64	64	svt-rs-420	9	35.0	628	0.61	1.68	58.5633	identical
1531677	64	64	64	zenravif-420	9	40.0	635	2.79	2.56	58.3438	identical
1531677	64	64	64	zenravif-444	9	40.0	636	3.62	1.50	58.6007	identical
1531677	64	64	64	svt-rs-420	9	40.0	731	0.62	1.38	59.4060	identical
1531677	64	64	64	zenravif-420	9	45.0	726	2.90	1.41	59.4607	identical
1531677	64	64	64	zenravif-444	9	45.0	731	5.68	3.22	60.0215	identical
1531677	64	64	64	svt-rs-420	9	45.0	827	0.69	1.97	60.9139	identical
1531677	64	64	64	zenravif-420	9	50.0	829	3.04	2.24	61.1045	identical
1531677	64	64	64	zenravif-444	9	50.0	832	2.90	2.93	61.0665	identical
1531677	64	64	64	svt-rs-420	9	50.0	937	1.01	2.74	61.5084	identical
1531677	64	64	64	zenravif-420	9	55.0	930	4.30	2.11	61.7397	identical
1531677	64	64	64	zenravif-444	9	55.0	935	2.91	2.40	63.2307	identical
1531677	64	64	64	svt-rs-420	9	55.0	1085	1.16	2.39	62.2048	identical
1531677	64	64	64	zenravif-420	9	60.0	1045	2.25	1.52	63.3902	identical
1531677	64	64	64	zenravif-444	9	60.0	1052	3.05	7.26	64.8888	identical
1531677	64	64	64	svt-rs-420	9	60.0	1260	0.95	3.90	62.9360	identical
1531677	64	64	64	zenravif-420	9	65.0	1171	2.59	5.63	64.2500	identical
1531677	64	64	64	zenravif-444	9	65.0	1186	3.34	2.23	70.2995	identical
1531677	64	64	64	svt-rs-420	9	65.0	1408	0.93	3.07	64.3851	identical
1531677	64	64	64	zenravif-420	9	70.0	1294	2.57	1.69	65.2805	identical
1531677	64	64	64	zenravif-444	9	70.0	1319	3.37	2.71	69.8525	identical
1531677	64	64	64	svt-rs-420	9	70.0	1531	1.02	3.35	64.9009	identical
1531677	64	64	64	zenravif-420	9	75.0	1524	2.45	3.37	66.7694	identical
1531677	64	64	64	zenravif-444	9	75.0	1561	3.67	2.57	70.2356	identical
1531677	64	64	64	svt-rs-420	9	75.0	1660	0.89	3.14	66.8815	identical
1531677	64	64	64	zenravif-420	9	80.0	1713	3.42	9.38	69.6317	identical
1531677	64	64	64	zenravif-444	9	80.0	1780	5.23	3.30	74.8814	identical
1531677	64	64	64	svt-rs-420	9	80.0	1860	1.04	1.64	68.1475	identical
1531677	64	64	64	zenravif-420	9	85.0	1931	2.65	3.47	71.1811	identical
1531677	64	64	64	zenravif-444	9	85.0	2030	5.06	3.52	78.1305	identical
1531677	64	64	64	svt-rs-420	9	85.0	2096	1.32	2.70	70.3577	identical
1531677	64	64	64	zenravif-420	9	90.0	2274	3.19	7.58	74.4806	identical
1531677	64	64	64	zenravif-444	9	90.0	2452	4.13	1.84	82.0634	identical
1531677	64	64	64	svt-rs-420	9	90.0	2517	0.90	1.65	74.4127	identical
1531677	64	64	64	zenravif-420	9	95.0	2803	3.42	2.00	75.9829	identical
1531677	64	64	64	zenravif-444	9	95.0	3208	5.13	1.75	86.7462	identical
1531677	64	64	64	svt-rs-420	9	95.0	3114	0.82	2.77	77.1585	identical
1531677	64	64	64	zenravif-420	9	100.0	4319	4.17	2.14	78.1440	identical
1531677	64	64	64	zenravif-444	9	100.0	6083	6.06	1.89	93.7550	identical
1531677	64	64	64	svt-rs-420	9	100.0	5493	1.12	2.46	-11.2192	identical
1544947	64	64	64	zenravif-420	2	5.0	305	16.15	2.18	41.6448	identical
1544947	64	64	64	zenravif-444	2	5.0	305	15.72	1.99	44.6210	identical
1544947	64	64	64	svt-rs-420	2	5.0	277	31.37	2.24	34.1335	identical
1544947	64	64	64	zenravif-420	2	10.0	306	13.27	1.59	44.9596	identical
1544947	64	64	64	zenravif-444	2	10.0	306	17.55	6.47	44.3953	identical
1544947	64	64	64	svt-rs-420	2	10.0	281	45.12	1.59	34.1674	identical
1544947	64	64	64	zenravif-420	2	15.0	315	18.55	2.53	49.6542	identical
1544947	64	64	64	zenravif-444	2	15.0	313	21.16	1.73	47.2683	identical
1544947	64	64	64	svt-rs-420	2	15.0	288	49.98	3.47	45.8395	identical
1544947	64	64	64	zenravif-420	2	20.0	323	29.86	2.54	59.6573	identical
1544947	64	64	64	zenravif-444	2	20.0	322	30.02	2.54	60.5358	identical
1544947	64	64	64	svt-rs-420	2	20.0	297	47.56	2.02	55.9152	identical
1544947	64	64	64	zenravif-420	2	25.0	329	20.59	3.77	61.3720	identical
1544947	64	64	64	zenravif-444	2	25.0	329	24.44	2.01	60.3796	identical
1544947	64	64	64	svt-rs-420	2	25.0	306	47.85	2.11	57.6071	identical
1544947	64	64	64	zenravif-420	2	30.0	341	20.02	1.77	64.7815	identical
1544947	64	64	64	zenravif-444	2	30.0	341	28.50	2.47	64.3324	identical
1544947	64	64	64	svt-rs-420	2	30.0	310	48.35	1.87	61.3881	identical
1544947	64	64	64	zenravif-420	2	35.0	350	31.11	1.89	68.1012	identical
1544947	64	64	64	zenravif-444	2	35.0	351	29.02	1.78	67.9369	identical
1544947	64	64	64	svt-rs-420	2	35.0	324	53.16	2.76	67.4703	identical
1544947	64	64	64	zenravif-420	2	40.0	369	25.98	1.90	71.2187	identical
1544947	64	64	64	zenravif-444	2	40.0	369	30.15	1.81	70.2711	identical
1544947	64	64	64	svt-rs-420	2	40.0	331	58.91	2.42	71.3978	identical
1544947	64	64	64	zenravif-420	2	45.0	384	36.47	1.93	74.1810	identical
1544947	64	64	64	zenravif-444	2	45.0	388	38.20	3.84	75.5539	identical
1544947	64	64	64	svt-rs-420	2	45.0	352	65.18	2.40	74.1474	identical
1544947	64	64	64	zenravif-420	2	50.0	406	36.16	1.72	75.9466	identical
1544947	64	64	64	zenravif-444	2	50.0	403	41.51	1.64	76.2043	identical
1544947	64	64	64	svt-rs-420	2	50.0	366	65.94	5.77	74.9284	identical
1544947	64	64	64	zenravif-420	2	55.0	454	31.26	1.49	79.5295	identical
1544947	64	64	64	zenravif-444	2	55.0	453	36.48	1.62	79.4117	identical
1544947	64	64	64	svt-rs-420	2	55.0	397	73.37	4.41	77.8827	identical
1544947	64	64	64	zenravif-420	2	60.0	474	40.41	2.27	80.1715	identical
1544947	64	64	64	zenravif-444	2	60.0	486	46.18	1.78	81.2498	identical
1544947	64	64	64	svt-rs-420	2	60.0	449	92.41	6.29	80.0034	identical
1544947	64	64	64	zenravif-420	2	65.0	531	33.69	1.88	81.6279	identical
1544947	64	64	64	zenravif-444	2	65.0	530	34.64	3.35	81.8238	identical
1544947	64	64	64	svt-rs-420	2	65.0	482	75.23	3.60	83.0551	identical
1544947	64	64	64	zenravif-420	2	70.0	567	37.08	2.87	82.7940	identical
1544947	64	64	64	zenravif-444	2	70.0	576	46.15	1.79	82.1789	identical
1544947	64	64	64	svt-rs-420	2	70.0	517	89.88	3.04	85.0587	identical
1544947	64	64	64	zenravif-420	2	75.0	647	38.45	2.59	85.6895	identical
1544947	64	64	64	zenravif-444	2	75.0	660	39.66	2.99	85.5010	identical
1544947	64	64	64	svt-rs-420	2	75.0	556	67.34	2.49	83.6074	identical
1544947	64	64	64	zenravif-420	2	80.0	739	46.06	1.66	85.7724	identical
1544947	64	64	64	zenravif-444	2	80.0	742	57.28	2.32	88.8036	identical
1544947	64	64	64	svt-rs-420	2	80.0	617	47.46	1.76	84.6729	identical
1544947	64	64	64	zenravif-420	2	85.0	833	48.66	1.72	86.2999	identical
1544947	64	64	64	zenravif-444	2	85.0	863	68.24	4.80	88.5753	identical
1544947	64	64	64	svt-rs-420	2	85.0	736	46.26	2.51	87.7302	identical
1544947	64	64	64	zenravif-420	2	90.0	1045	57.69	5.67	89.4423	identical
1544947	64	64	64	zenravif-444	2	90.0	1062	74.77	1.83	89.7087	identical
1544947	64	64	64	svt-rs-420	2	90.0	935	44.36	1.57	90.4263	identical
1544947	64	64	64	zenravif-420	2	95.0	1437	78.75	2.27	90.8663	identical
1544947	64	64	64	zenravif-444	2	95.0	1550	76.23	2.06	91.4416	identical
1544947	64	64	64	svt-rs-420	2	95.0	1264	50.28	1.72	91.0951	identical
1544947	64	64	64	zenravif-420	2	100.0	2667	49.75	2.08	92.8329	identical
1544947	64	64	64	zenravif-444	2	100.0	3592	58.03	2.48	94.3311	identical
1544947	64	64	64	svt-rs-420	2	100.0	3070	34.99	1.97	-143.9059	identical
1544947	64	64	64	zenravif-420	6	5.0	315	4.57	3.06	42.1612	identical
1544947	64	64	64	zenravif-444	6	5.0	315	6.36	2.36	42.2231	identical
1544947	64	64	64	svt-rs-420	6	5.0	275	0.60	1.43	24.0585	identical
1544947	64	64	64	zenravif-420	6	10.0	317	3.77	2.73	44.5102	identical
1544947	64	64	64	zenravif-444	6	10.0	316	5.12	1.44	44.9392	identical
1544947	64	64	64	svt-rs-420	6	10.0	282	0.63	2.30	38.6100	identical
1544947	64	64	64	zenravif-420	6	15.0	329	4.13	1.48	53.1941	identical
1544947	64	64	64	zenravif-444	6	15.0	328	5.59	1.69	53.7853	identical
1544947	64	64	64	svt-rs-420	6	15.0	286	0.67	1.27	45.5938	identical
1544947	64	64	64	zenravif-420	6	20.0	330	3.95	2.76	58.8127	identical
1544947	64	64	64	zenravif-444	6	20.0	330	6.01	1.42	58.5447	identical
1544947	64	64	64	svt-rs-420	6	20.0	289	0.69	1.35	50.6629	identical
1544947	64	64	64	zenravif-420	6	25.0	340	5.65	2.75	61.8417	identical
1544947	64	64	64	zenravif-444	6	25.0	341	7.39	1.48	62.0526	identical
1544947	64	64	64	svt-rs-420	6	25.0	294	0.88	1.33	58.4327	identical
1544947	64	64	64	zenravif-420	6	30.0	347	5.32	2.17	64.1825	identical
1544947	64	64	64	zenravif-444	6	30.0	348	6.72	1.48	65.9159	identical
1544947	64	64	64	svt-rs-420	6	30.0	322	0.84	1.36	62.8276	identical
1544947	64	64	64	zenravif-420	6	35.0	362	5.52	2.61	69.2498	identical
1544947	64	64	64	zenravif-444	6	35.0	364	7.70	1.85	68.5799	identical
1544947	64	64	64	svt-rs-420	6	35.0	333	0.91	2.11	67.5328	identical
1544947	64	64	64	zenravif-420	6	40.0	382	5.63	5.00	74.2198	identical
1544947	64	64	64	zenravif-444	6	40.0	384	7.52	1.66	73.5529	identical
1544947	64	64	64	svt-rs-420	6	40.0	342	0.90	4.31	68.2322	identical
1544947	64	64	64	zenravif-420	6	45.0	400	5.40	1.76	74.0401	identical
1544947	64	64	64	zenravif-444	6	45.0	403	7.76	1.43	74.2055	identical
1544947	64	64	64	svt-rs-420	6	45.0	362	0.88	1.24	71.6248	identical
1544947	64	64	64	zenravif-420	6	50.0	429	3.69	2.41	76.2711	identical
1544947	64	64	64	zenravif-444	6	50.0	432	5.52	2.90	78.4448	identical
1544947	64	64	64	svt-rs-420	6	50.0	384	1.70	1.65	73.6720	identical
1544947	64	64	64	zenravif-420	6	55.0	468	4.42	4.44	78.5810	identical
1544947	64	64	64	zenravif-444	6	55.0	469	8.71	1.92	78.8213	identical
1544947	64	64	64	svt-rs-420	6	55.0	417	1.45	2.63	76.5811	identical
1544947	64	64	64	zenravif-420	6	60.0	500	7.31	3.09	80.8372	identical
1544947	64	64	64	zenravif-444	6	60.0	500	8.38	1.74	80.2807	identical
1544947	64	64	64	svt-rs-420	6	60.0	484	1.59	4.86	79.6929	identical
1544947	64	64	64	zenravif-420	6	65.0	555	6.48	2.82	81.7496	identical
1544947	64	64	64	zenravif-444	6	65.0	562	6.68	1.56	82.0383	identical
1544947	64	64	64	svt-rs-420	6	65.0	521	1.29	1.59	81.1427	identical
1544947	64	64	64	zenravif-420	6	70.0	590	4.85	1.83	82.5397	identical
1544947	64	64	64	zenravif-444	6	70.0	591	9.76	6.72	81.9013	identical
1544947	64	64	64	svt-rs-420	6	70.0	549	1.62	2.71	81.1217	identical
1544947	64	64	64	zenravif-420	6	75.0	691	7.19	1.87	83.9087	identical
1544947	64	64	64	zenravif-444	6	75.0	703	6.47	3.40	86.0848	identical
1544947	64	64	64	svt-rs-420	6	75.0	598	1.76	3.08	82.5161	identical
1544947	64	64	64	zenravif-420	6	80.0	757	5.70	1.79	85.0046	identical
1544947	64	64	64	zenravif-444	6	80.0	790	7.60	1.54	87.0170	identical
1544947	64	64	64	svt-rs-420	6	80.0	680	1.45	2.19	83.7571	identical
1544947	64	64	64	zenravif-420	6	85.0	883	5.70	1.76	86.9045	identical
1544947	64	64	64	zenravif-444	6	85.0	897	10.03	1.80	86.4424	identical
1544947	64	64	64	svt-rs-420	6	85.0	770	1.65	1.64	87.0071	identical
1544947	64	64	64	zenravif-420	6	90.0	1054	6.85	1.70	89.5819	identical
1544947	64	64	64	zenravif-444	6	90.0	1111	9.96	4.60	89.9757	identical
1544947	64	64	64	svt-rs-420	6	90.0	1005	1.26	1.49	89.8822	identical
1544947	64	64	64	zenravif-420	6	95.0	1460	7.90	3.13	90.4257	identical
1544947	64	64	64	zenravif-444	6	95.0	1556	15.57	3.29	91.3081	identical
1544947	64	64	64	svt-rs-420	6	95.0	1347	2.02	2.53	90.4824	identical
1544947	64	64	64	zenravif-420	6	100.0	2422	9.11	2.67	92.7187	identical
1544947	64	64	64	zenravif-444	6	100.0	3331	15.02	1.93	93.8694	identical
1544947	64	64	64	svt-rs-420	6	100.0	3345	1.86	1.83	-146.1602	identical
1544947	64	64	64	zenravif-420	9	5.0	313	1.91	2.58	41.4950	identical
1544947	64	64	64	zenravif-444	9	5.0	313	3.74	2.53	41.5026	identical
1544947	64	64	64	svt-rs-420	9	5.0	275	0.35	4.09	24.0585	identical
1544947	64	64	64	zenravif-420	9	10.0	315	1.88	1.70	44.5615	identical
1544947	64	64	64	zenravif-444	9	10.0	314	2.58	1.39	44.9855	identical
1544947	64	64	64	svt-rs-420	9	10.0	282	0.48	6.03	37.6870	identical
1544947	64	64	64	zenravif-420	9	15.0	321	2.57	1.52	50.4625	identical
1544947	64	64	64	zenravif-444	9	15.0	322	3.16	1.62	54.0890	identical
1544947	64	64	64	svt-rs-420	9	15.0	287	0.48	2.38	47.5806	identical
1544947	64	64	64	zenravif-420	9	20.0	328	1.93	4.56	57.9699	identical
1544947	64	64	64	zenravif-444	9	20.0	328	4.57	1.73	57.7771	identical
1544947	64	64	64	svt-rs-420	9	20.0	289	0.42	2.05	50.6629	identical
1544947	64	64	64	zenravif-420	9	25.0	340	3.36	1.31	61.8307	identical
1544947	64	64	64	zenravif-444	9	25.0	341	3.23	1.37	62.2489	identical
1544947	64	64	64	svt-rs-420	9	25.0	305	0.46	2.15	56.9180	identical
1544947	64	64	64	zenravif-420	9	30.0	349	2.45	2.21	62.9185	identical
1544947	64	64	64	zenravif-444	9	30.0	350	3.17	2.25	64.5928	identical
1544947	64	64	64	svt-rs-420	9	30.0	316	0.52	3.00	61.3746	identical
1544947	64	64	64	zenravif-420	9	35.0	366	2.45	8.30	70.2315	identical
1544947	64	64	64	zenravif-444	9	35.0	366	3.69	1.57	69.3848	identical
1544947	64	64	64	svt-rs-420	9	35.0	333	0.48	2.59	66.3947	identical
1544947	64	64	64	zenravif-420	9	40.0	384	2.51	1.76	73.3123	identical
1544947	64	64	64	zenravif-444	9	40.0	387	3.61	2.22	72.6074	identical
1544947	64	64	64	svt-rs-420	9	40.0	344	0.62	1.43	68.8254	identical
1544947	64	64	64	zenravif-420	9	45.0	404	2.72	3.06	74.9878	identical
1544947	64	64	64	zenravif-444	9	45.0	407	3.57	1.59	75.1998	identical
1544947	64	64	64	svt-rs-420	9	45.0	366	0.58	1.85	71.9757	identical
1544947	64	64	64	zenravif-420	9	50.0	432	1.69	4.62	75.9221	identical
1544947	64	64	64	zenravif-444	9	50.0	434	2.35	1.40	77.9630	identical
1544947	64	64	64	svt-rs-420	9	50.0	396	0.61	2.20	74.8351	identical
1544947	64	64	64	zenravif-420	9	55.0	473	1.78	6.40	78.5664	identical
1544947	64	64	64	zenravif-444	9	55.0	475	2.40	2.16	78.9598	identical
1544947	64	64	64	svt-rs-420	9	55.0	425	0.61	1.47	76.5629	identical
1544947	64	64	64	zenravif-420	9	60.0	507	1.82	6.52	80.7200	identical
1544947	64	64	64	zenravif-444	9	60.0	508	2.91	4.15	80.3989	identical
1544947	64	64	64	svt-rs-420	9	60.0	487	0.88	4.89	79.3825	identical
1544947	64	64	64	zenravif-420	9	65.0	556	1.88	1.93	81.3919	identical
1544947	64	64	64	zenravif-444	9	65.0	563	2.80	1.40	81.8882	identical
1544947	64	64	64	svt-rs-420	9	65.0	520	0.64	5.65	81.5804	identical
1544947	64	64	64	zenravif-420	9	70.0	596	3.35	1.76	82.1241	identical
1544947	64	64	64	zenravif-444	9	70.0	604	4.71	1.61	82.2125	identical
1544947	64	64	64	svt-rs-420	9	70.0	575	0.95	2.22	82.5833	identical
1544947	64	64	64	zenravif-420	9	75.0	698	3.33	3.85	83.7720	identical
1544947	64	64	64	zenravif-444	9	75.0	710	3.11	2.50	82.7940	identical
1544947	64	64	64	svt-rs-420	9	75.0	607	0.62	8.14	83.1528	identical
1544947	64	64	64	zenravif-420	9	80.0	763	2.44	1.99	84.9385	identical
1544947	64	64	64	zenravif-444	9	80.0	788	3.48	2.45	87.0715	identical
1544947	64	64	64	svt-rs-420	9	80.0	687	1.08	2.34	85.2253	identical
1544947	64	64	64	zenravif-420	9	85.0	891	2.56	2.56	86.0940	identical
1544947	64	64	64	zenravif-444	9	85.0	923	3.44	1.47	88.1675	identical
1544947	64	64	64	svt-rs-420	9	85.0	784	0.83	1.43	85.6316	identical
1544947	64	64	64	zenravif-420	9	90.0	1080	3.51	1.40	88.1474	identical
1544947	64	64	64	zenravif-444	9	90.0	1133	5.70	3.37	90.1841	identical
1544947	64	64	64	svt-rs-420	9	90.0	1019	0.60	2.37	89.8469	identical
1544947	64	64	64	zenravif-420	9	95.0	1473	4.04	1.71	90.2669	identical
1544947	64	64	64	zenravif-444	9	95.0	1592	4.19	1.81	91.3955	identical
1544947	64	64	64	svt-rs-420	9	95.0	1364	0.78	3.24	90.6320	identical
1544947	64	64	64	zenravif-420	9	100.0	2354	3.70	4.47	92.2072	identical
1544947	64	64	64	zenravif-444	9	100.0	3300	5.52	2.46	93.6622	identical
1544947	64	64	64	svt-rs-420	9	100.0	3369	1.05	2.77	-141.5201	identical
159550	64	64	64	zenravif-420	2	5.0	359	26.38	1.68	8.2306	identical
159550	64	64	64	zenravif-444	2	5.0	356	24.06	2.14	10.2692	identical
159550	64	64	64	svt-rs-420	2	5.0	343	87.07	2.11	10.4493	identical
159550	64	64	64	zenravif-420	2	10.0	377	24.50	1.37	12.4079	identical
159550	64	64	64	zenravif-444	2	10.0	375	29.96	3.71	9.4672	identical
159550	64	64	64	svt-rs-420	2	10.0	381	135.33	1.92	24.1068	identical
159550	64	64	64	zenravif-420	2	15.0	404	32.70	1.68	26.8985	identical
159550	64	64	64	zenravif-444	2	15.0	403	43.44	1.63	24.8578	identical
159550	64	64	64	svt-rs-420	2	15.0	416	103.91	1.97	33.9411	identical
159550	64	64	64	zenravif-420	2	20.0	430	49.98	2.53	29.0611	identical
159550	64	64	64	zenravif-444	2	20.0	433	74.35	2.09	28.7083	identical
159550	64	64	64	svt-rs-420	2	20.0	447	176.26	1.90	35.9662	identical
159550	64	64	64	zenravif-420	2	25.0	473	39.28	2.13	35.0495	identical
159550	64	64	64	zenravif-444	2	25.0	471	57.19	2.77	36.1053	identical
159550	64	64	64	svt-rs-420	2	25.0	474	166.42	4.02	37.5970	identical
159550	64	64	64	zenravif-420	2	30.0	509	51.76	1.82	39.2145	identical
159550	64	64	64	zenravif-444	2	30.0	512	61.14	1.81	37.9894	identical
159550	64	64	64	svt-rs-420	2	30.0	506	111.78	2.01	41.0083	identical
159550	64	64	64	zenravif-420	2	35.0	547	56.40	1.89	40.8229	identical
159550	64	64	64	zenravif-444	2	35.0	545	76.15	3.49	42.4845	identical
159550	64	64	64	svt-rs-420	2	35.0	558	115.56	1.73	41.0314	identical
159550	64	64	64	zenravif-420	2	40.0	614	92.44	2.52	44.9343	identical
159550	64	64	64	zenravif-444	2	40.0	604	92.33	1.80	44.0933	identical
159550	64	64	64	svt-rs-420	2	40.0	613	98.68	1.91	45.6529	identical
159550	64	64	64	zenravif-420	2	45.0	647	71.32	3.06	49.2568	identical
159550	64	64	64	zenravif-444	2	45.0	658	105.06	2.33	51.2160	identical
159550	64	64	64	svt-rs-420	2	45.0	677	125.84	2.28	51.2331	identical
159550	64	64	64	zenravif-420	2	50.0	722	48.27	2.30	52.0913	identical
159550	64	64	64	zenravif-444	2	50.0	730	55.98	4.15	52.7590	identical
159550	64	64	64	svt-rs-420	2	50.0	748	112.46	2.04	52.9154	identical
159550	64	64	64	zenravif-420	2	55.0	786	70.34	5.71	54.0703	identical
159550	64	64	64	zenravif-444	2	55.0	806	63.36	2.25	56.4250	identical
159550	64	64	64	svt-rs-420	2	55.0	830	109.80	3.31	55.1537	identical
159550	64	64	64	zenravif-420	2	60.0	851	96.77	2.29	56.7017	identical
159550	64	64	64	zenravif-444	2	60.0	880	75.96	2.56	59.6313	identical
159550	64	64	64	svt-rs-420	2	60.0	947	99.58	6.80	56.6673	identical
159550	64	64	64	zenravif-420	2	65.0	941	73.04	1.93	56.6808	identical
159550	64	64	64	zenravif-444	2	65.0	971	61.94	3.60	62.2880	identical
159550	64	64	64	svt-rs-420	2	65.0	1066	88.92	2.82	58.6325	identical
159550	64	64	64	zenravif-420	2	70.0	1033	92.48	1.81	57.9651	identical
159550	64	64	64	zenravif-444	2	70.0	1084	95.30	1.96	66.2912	identical
159550	64	64	64	svt-rs-420	2	70.0	1136	129.89	2.29	61.4777	identical
159550	64	64	64	zenravif-420	2	75.0	1187	74.90	2.05	62.1583	identical
159550	64	64	64	zenravif-444	2	75.0	1241	88.06	2.14	71.6798	identical
159550	64	64	64	svt-rs-420	2	75.0	1222	77.89	2.23	63.5364	identical
159550	64	64	64	zenravif-420	2	80.0	1302	92.43	13.58	63.3591	identical
159550	64	64	64	zenravif-444	2	80.0	1398	138.29	2.11	73.8602	identical
159550	64	64	64	svt-rs-420	2	80.0	1391	69.62	2.51	66.3944	identical
159550	64	64	64	zenravif-420	2	85.0	1489	112.77	2.45	67.0029	identical
159550	64	64	64	zenravif-444	2	85.0	1594	126.44	2.16	76.8378	identical
159550	64	64	64	svt-rs-420	2	85.0	1550	87.79	3.34	68.2948	identical
159550	64	64	64	zenravif-420	2	90.0	1744	118.48	3.42	68.7158	identical
159550	64	64	64	zenravif-444	2	90.0	1926	120.43	3.62	80.8617	identical
159550	64	64	64	svt-rs-420	2	90.0	1938	57.15	2.80	70.3534	identical
159550	64	64	64	zenravif-420	2	95.0	2200	124.99	1.75	70.5907	identical
159550	64	64	64	zenravif-444	2	95.0	2537	139.12	2.25	85.8171	identical
159550	64	64	64	svt-rs-420	2	95.0	2403	54.16	1.65	71.5660	identical
159550	64	64	64	zenravif-420	2	100.0	3767	79.63	1.81	72.1594	identical
159550	64	64	64	zenravif-444	2	100.0	5417	100.43	3.64	94.5135	identical
159550	64	64	64	svt-rs-420	2	100.0	4363	39.80	1.67	-69.4495	identical
159550	64	64	64	zenravif-420	6	5.0	389	6.30	1.86	18.2509	identical
159550	64	64	64	zenravif-444	6	5.0	384	9.07	1.81	17.2438	identical
159550	64	64	64	svt-rs-420	6	5.0	327	2.56	2.39	3.5749	identical
159550	64	64	64	zenravif-420	6	10.0	400	14.05	2.19	23.3480	identical
159550	64	64	64	zenravif-444	6	10.0	400	13.98	2.24	21.2912	identical
159550	64	64	64	svt-rs-420	6	10.0	364	1.43	2.84	12.8075	identical
159550	64	64	64	zenravif-420	6	15.0	423	9.83	2.49	26.2086	identical
159550	64	64	64	zenravif-444	6	15.0	423	14.82	1.79	27.0587	identical
159550	64	64	64	svt-rs-420	6	15.0	413	1.20	1.63	24.0244	identical
159550	64	64	64	zenravif-420	6	20.0	471	11.38	2.39	33.0934	identical
159550	64	64	64	zenravif-444	6	20.0	470	11.97	2.03	30.1637	identical
159550	64	64	64	svt-rs-420	6	20.0	452	1.30	1.76	26.4745	identical
159550	64	64	64	zenravif-420	6	25.0	504	7.87	2.18	35.9988	identical
159550	64	64	64	zenravif-444	6	25.0	501	11.29	1.91	33.2248	identical
159550	64	64	64	svt-rs-420	6	25.0	505	1.46	1.73	31.9364	identical
159550	64	64	64	zenravif-420	6	30.0	540	8.24	1.97	39.4532	identical
159550	64	64	64	zenravif-444	6	30.0	540	12.12	3.12	38.3128	identical
159550	64	64	64	svt-rs-420	6	30.0	565	1.41	2.44	32.3576	identical
159550	64	64	64	zenravif-420	6	35.0	591	10.42	2.70	44.0501	identical
159550	64	64	64	zenravif-444	6	35.0	593	28.83	2.61	44.2616	identical
159550	64	64	64	svt-rs-420	6	35.0	646	2.95	2.09	37.9580	identical
159550	64	64	64	zenravif-420	6	40.0	651	13.50	4.08	47.9526	identical
159550	64	64	64	zenravif-444	6	40.0	655	13.98	2.55	47.4685	identical
159550	64	64	64	svt-rs-420	6	40.0	715	2.43	4.01	45.2393	identical
159550	64	64	64	zenravif-420	6	45.0	708	12.26	2.83	50.2978	identical
159550	64	64	64	zenravif-444	6	45.0	719	13.28	1.97	50.5720	identical
159550	64	64	64	svt-rs-420	6	45.0	800	1.78	2.66	48.5455	identical
159550	64	64	64	zenravif-420	6	50.0	789	6.40	1.79	51.3750	identical
159550	64	64	64	zenravif-444	6	50.0	786	9.02	1.97	54.1496	identical
159550	64	64	64	svt-rs-420	6	50.0	886	2.06	5.24	49.1218	identical
159550	64	64	64	zenravif-420	6	55.0	860	10.13	2.39	54.0219	identical
159550	64	64	64	zenravif-444	6	55.0	882	15.41	2.29	56.2151	identical
159550	64	64	64	svt-rs-420	6	55.0	981	2.07	1.65	51.8845	identical
159550	64	64	64	zenravif-420	6	60.0	951	8.63	1.82	56.4894	identical
159550	64	64	64	zenravif-444	6	60.0	983	20.63	1.69	58.8150	identical
159550	64	64	64	svt-rs-420	6	60.0	1141	2.12	1.60	55.3865	identical
159550	64	64	64	zenravif-420	6	65.0	1043	8.25	1.62	57.2371	identical
159550	64	64	64	zenravif-444	6	65.0	1097	10.89	1.47	62.8666	identical
159550	64	64	64	svt-rs-420	6	65.0	1281	2.21	4.93	60.2391	identical
159550	64	64	64	zenravif-420	6	70.0	1130	7.88	2.56	59.7357	identical
159550	64	64	64	zenravif-444	6	70.0	1172	12.16	1.84	66.6087	identical
159550	64	64	64	svt-rs-420	6	70.0	1373	2.25	2.01	61.4687	identical
159550	64	64	64	zenravif-420	6	75.0	1326	8.61	4.30	61.5968	identical
159550	64	64	64	zenravif-444	6	75.0	1385	12.73	2.24	71.0835	identical
159550	64	64	64	svt-rs-420	6	75.0	1494	2.42	1.67	63.9091	identical
159550	64	64	64	zenravif-420	6	80.0	1468	8.20	1.70	64.8583	identical
159550	64	64	64	zenravif-444	6	80.0	1569	12.62	1.82	73.4535	identical
159550	64	64	64	svt-rs-420	6	80.0	1680	3.63	3.31	66.6855	identical
159550	64	64	64	zenravif-420	6	85.0	1679	8.97	1.80	67.2341	identical
159550	64	64	64	zenravif-444	6	85.0	1853	13.17	2.57	76.5324	identical
159550	64	64	64	svt-rs-420	6	85.0	1885	2.50	1.88	68.9930	identical
159550	64	64	64	zenravif-420	6	90.0	1958	9.63	1.99	69.1871	identical
159550	64	64	64	zenravif-444	6	90.0	2226	20.89	2.28	80.1911	identical
159550	64	64	64	svt-rs-420	6	90.0	2274	3.29	1.96	69.5166	identical
159550	64	64	64	zenravif-420	6	95.0	2506	16.28	2.22	70.3875	identical
159550	64	64	64	zenravif-444	6	95.0	2975	25.24	3.02	86.3168	identical
159550	64	64	64	svt-rs-420	6	95.0	2928	3.01	2.36	71.3070	identical
159550	64	64	64	zenravif-420	6	100.0	4076	20.09	3.04	72.0926	identical
159550	64	64	64	zenravif-444	6	100.0	5861	29.63	2.06	93.7391	identical
159550	64	64	64	svt-rs-420	6	100.0	5286	2.27	1.48	-69.3319	identical
159550	64	64	64	zenravif-420	9	5.0	390	2.62	1.44	17.6978	identical
159550	64	64	64	zenravif-444	9	5.0	388	3.94	1.56	17.5144	identical
159550	64	64	64	svt-rs-420	9	5.0	344	0.57	9.46	3.8139	identical
159550	64	64	64	zenravif-420	9	10.0	399	2.67	1.80	18.5755	identical
159550	64	64	64	zenravif-444	9	10.0	398	6.10	2.08	16.6706	identical
159550	64	64	64	svt-rs-420	9	10.0	369	0.79	1.64	13.0819	identical
159550	64	64	64	zenravif-420	9	15.0	430	2.76	1.59	27.2811	identical
159550	64	64	64	zenravif-444	9	15.0	427	6.10	2.00	24.0309	identical
159550	64	64	64	svt-rs-420	9	15.0	406	0.58	1.49	20.5186	identical
159550	64	64	64	zenravif-420	9	20.0	467	4.24	1.71	31.5010	identical
159550	64	64	64	zenravif-444	9	20.0	468	6.54	1.64	30.3242	identical
159550	64	64	64	svt-rs-420	9	20.0	453	0.91	1.53	26.7859	identical
159550	64	64	64	zenravif-420	9	25.0	511	2.98	1.43	36.0189	identical
159550	64	64	64	zenravif-444	9	25.0	506	6.41	1.62	32.8520	identical
159550	64	64	64	svt-rs-420	9	25.0	511	0.97	1.40	29.5010	identical
159550	64	64	64	zenravif-420	9	30.0	565	10.39	12.02	37.4718	identical
159550	64	64	64	zenravif-444	9	30.0	568	16.04	4.98	40.1131	identical
159550	64	64	64	svt-rs-420	9	30.0	567	1.89	7.95	32.4156	identical
159550	64	64	64	zenravif-420	9	35.0	624	3.93	9.64	43.9393	identical
159550	64	64	64	zenravif-444	9	35.0	629	5.25	2.19	43.7573	identical
159550	64	64	64	svt-rs-420	9	35.0	657	0.74	4.46	36.5617	identical
159550	64	64	64	zenravif-420	9	40.0	698	7.70	2.80	45.2237	identical
159550	64	64	64	zenravif-444	9	40.0	711	7.51	2.72	48.1666	identical
159550	64	64	64	svt-rs-420	9	40.0	724	0.83	5.78	39.8004	identical
159550	64	64	64	zenravif-420	9	45.0	779	3.58	6.56	50.4997	identical
159550	64	64	64	zenravif-444	9	45.0	791	5.50	2.99	51.2714	identical
159550	64	64	64	svt-rs-420	9	45.0	818	0.86	8.33	45.2946	identical
159550	64	64	64	zenravif-420	9	50.0	866	2.52	6.21	51.6291	identical
159550	64	64	64	zenravif-444	9	50.0	882	3.42	14.49	48.9376	identical
159550	64	64	64	svt-rs-420	9	50.0	897	0.82	8.01	48.0808	identical
159550	64	64	64	zenravif-420	9	55.0	974	3.78	3.26	54.8357	identical
159550	64	64	64	zenravif-444	9	55.0	993	4.96	3.46	56.8070	identical
159550	64	64	64	svt-rs-420	9	55.0	1015	1.17	4.53	51.0627	identical
159550	64	64	64	zenravif-420	9	60.0	1086	3.18	3.86	56.1791	identical
159550	64	64	64	zenravif-444	9	60.0	1114	4.04	2.54	58.3826	identical
159550	64	64	64	svt-rs-420	9	60.0	1173	1.01	1.63	56.7177	identical
159550	64	64	64	zenravif-420	9	65.0	1209	3.19	21.76	57.6543	identical
159550	64	64	64	zenravif-444	9	65.0	1258	4.04	15.15	61.3347	identical
159550	64	64	64	svt-rs-420	9	65.0	1334	1.20	2.97	59.1387	identical
159550	64	64	64	zenravif-420	9	70.0	1330	4.32	1.72	59.3175	identical
159550	64	64	64	zenravif-444	9	70.0	1395	4.06	13.52	64.6328	identical
159550	64	64	64	svt-rs-420	9	70.0	1427	1.11	3.20	61.5885	identical
159550	64	64	64	zenravif-420	9	75.0	1545	4.66	7.03	62.2241	identical
159550	64	64	64	zenravif-444	9	75.0	1639	6.24	1.75	68.0376	identical
159550	64	64	64	svt-rs-420	9	75.0	1563	1.08	3.98	63.5185	identical
159550	64	64	64	zenravif-420	9	80.0	1753	2.88	4.81	64.8735	identical
159550	64	64	64	zenravif-444	9	80.0	1883	4.56	3.91	71.3979	identical
159550	64	64	64	svt-rs-420	9	80.0	1755	1.06	7.02	65.1746	identical
159550	64	64	64	zenravif-420	9	85.0	1954	3.26	1.63	66.6854	identical
159550	64	64	64	zenravif-444	9	85.0	2146	4.36	1.65	75.5018	identical
159550	64	64	64	svt-rs-420	9	85.0	1950	1.09	4.72	68.3308	identical
159550	64	64	64	zenravif-420	9	90.0	2305	3.37	3.91	67.8424	identical
159550	64	64	64	zenravif-444	9	90.0	2597	5.46	1.52	79.6164	identical
159550	64	64	64	svt-rs-420	9	90.0	2415	0.89	5.00	69.5814	identical
159550	64	64	64	zenravif-420	9	95.0	2921	3.70	2.85	70.0887	identical
159550	64	64	64	zenravif-444	9	95.0	3456	5.27	2.07	85.4886	identical
159550	64	64	64	svt-rs-420	9	95.0	3029	0.84	4.67	71.1477	identical
159550	64	64	64	zenravif-420	9	100.0	4388	4.87	2.03	72.0576	identical
159550	64	64	64	zenravif-444	9	100.0	6340	10.23	1.86	93.4626	identical
159550	64	64	64	svt-rs-420	9	100.0	5469	1.14	4.25	-68.6082	identical
1624487	64	64	64	zenravif-420	2	5.0	353	19.53	5.01	50.3256	identical
1624487	64	64	64	zenravif-444	2	5.0	350	25.54	1.83	47.5769	identical
1624487	64	64	64	svt-rs-420	2	5.0	302	59.21	2.94	45.5052	identical
1624487	64	64	64	zenravif-420	2	10.0	360	20.50	2.23	52.0740	identical
1624487	64	64	64	zenravif-444	2	10.0	356	24.15	3.18	50.6140	identical
1624487	64	64	64	svt-rs-420	2	10.0	317	69.61	1.98	46.5111	identical
1624487	64	64	64	zenravif-420	2	15.0	374	22.07	4.16	60.8094	identical
1624487	64	64	64	zenravif-444	2	15.0	370	27.63	3.40	59.4182	identical
1624487	64	64	64	svt-rs-420	2	15.0	341	70.93	2.49	52.3303	identical
1624487	64	64	64	zenravif-420	2	20.0	391	20.14	2.18	59.7959	identical
1624487	64	64	64	zenravif-444	2	20.0	394	23.93	1.92	62.3751	identical
1624487	64	64	64	svt-rs-420	2	20.0	354	103.14	1.70	54.6122	identical
1624487	64	64	64	zenravif-420	2	25.0	415	24.94	2.14	65.9352	identical
1624487	64	64	64	zenravif-444	2	25.0	411	24.87	4.47	66.1492	identical
1624487	64	64	64	svt-rs-420	2	25.0	367	61.12	1.78	56.7259	identical
1624487	64	64	64	zenravif-420	2	30.0	436	20.66	2.83	68.8872	identical
1624487	64	64	64	zenravif-444	2	30.0	434	30.05	4.69	67.0225	identical
1624487	64	64	64	svt-rs-420	2	30.0	382	63.09	2.04	59.6860	identical
1624487	64	64	64	zenravif-420	2	35.0	463	27.47	3.00	71.9648	identical
1624487	64	64	64	zenravif-444	2	35.0	469	30.78	4.32	70.6906	identical
1624487	64	64	64	svt-rs-420	2	35.0	427	40.78	2.82	69.6007	identical
1624487	64	64	64	zenravif-420	2	40.0	489	23.21	4.58	73.2332	identical
1624487	64	64	64	zenravif-444	2	40.0	504	31.24	3.68	76.1689	identical
1624487	64	64	64	svt-rs-420	2	40.0	454	58.46	4.12	69.7188	identical
1624487	64	64	64	zenravif-420	2	45.0	508	27.33	2.99	74.9220	identical
1624487	64	64	64	zenravif-444	2	45.0	539	48.12	1.62	77.8388	identical
1624487	64	64	64	svt-rs-420	2	45.0	488	49.51	1.95	72.7631	identical
1624487	64	64	64	zenravif-420	2	50.0	576	32.47	1.56	77.6552	identical
1624487	64	64	64	zenravif-444	2	50.0	592	40.19	2.40	78.7357	identical
1624487	64	64	64	svt-rs-420	2	50.0	527	42.79	2.75	77.7696	identical
1624487	64	64	64	zenravif-420	2	55.0	605	40.67	1.88	79.2012	identical
1624487	64	64	64	zenravif-444	2	55.0	631	42.16	1.50	79.7204	identical
1624487	64	64	64	svt-rs-420	2	55.0	567	49.87	4.23	79.1051	identical
1624487	64	64	64	zenravif-420	2	60.0	646	49.68	1.48	81.3635	identical
1624487	64	64	64	zenravif-444	2	60.0	697	45.45	1.76	82.7276	identical
1624487	64	64	64	svt-rs-420	2	60.0	625	41.89	1.93	82.8351	identical
1624487	64	64	64	zenravif-420	2	65.0	695	35.36	1.43	82.4752	identical
1624487	64	64	64	zenravif-444	2	65.0	743	40.72	2.52	83.4006	identical
1624487	64	64	64	svt-rs-420	2	65.0	667	35.05	1.49	83.3370	identical
1624487	64	64	64	zenravif-420	2	70.0	746	34.98	2.01	83.8446	identical
1624487	64	64	64	zenravif-444	2	70.0	794	37.09	2.13	86.4393	identical
1624487	64	64	64	svt-rs-420	2	70.0	706	33.36	1.51	84.2440	identical
1624487	64	64	64	zenravif-420	2	75.0	841	35.86	6.86	86.3793	identical
1624487	64	64	64	zenravif-444	2	75.0	891	47.60	4.50	87.5117	identical
1624487	64	64	64	svt-rs-420	2	75.0	750	28.86	1.69	85.7933	identical
1624487	64	64	64	zenravif-420	2	80.0	892	43.29	2.68	87.7174	identical
1624487	64	64	64	zenravif-444	2	80.0	984	47.45	1.45	89.4779	identical
1624487	64	64	64	svt-rs-420	2	80.0	827	28.31	2.28	88.0311	identical
1624487	64	64	64	zenravif-420	2	85.0	1009	40.49	1.46	88.3171	identical
1624487	64	64	64	zenravif-444	2	85.0	1101	50.96	4.15	90.8767	identical
1624487	64	64	64	svt-rs-420	2	85.0	915	24.57	1.44	88.6461	identical
1624487	64	64	64	zenravif-420	2	90.0	1188	46.48	1.93	89.3655	identical
1624487	64	64	64	zenravif-444	2	90.0	1343	57.85	1.61	92.1640	identical
1624487	64	64	64	svt-rs-420	2	90.0	1173	27.76	1.44	90.6420	identical
1624487	64	64	64	zenravif-420	2	95.0	1504	55.46	1.67	90.6174	identical
1624487	64	64	64	zenravif-444	2	95.0	1813	58.97	2.69	93.8005	identical
1624487	64	64	64	svt-rs-420	2	95.0	1600	48.81	2.50	91.0719	identical
1624487	64	64	64	zenravif-420	2	100.0	3337	52.53	3.14	91.8736	identical
1624487	64	64	64	zenravif-444	2	100.0	5229	77.97	3.48	96.2996	identical
1624487	64	64	64	svt-rs-420	2	100.0	3761	48.72	1.78	-57.0232	identical
1624487	64	64	64	zenravif-420	6	5.0	368	5.61	2.62	53.4127	identical
1624487	64	64	64	zenravif-444	6	5.0	365	11.40	2.27	48.8803	identical
1624487	64	64	64	svt-rs-420	6	5.0	302	1.02	5.38	45.4969	identical
1624487	64	64	64	zenravif-420	6	10.0	376	6.12	2.14	55.1925	identical
1624487	64	64	64	zenravif-444	6	10.0	372	9.06	1.98	46.3883	identical
1624487	64	64	64	svt-rs-420	6	10.0	319	0.75	1.66	51.0313	identical
1624487	64	64	64	zenravif-420	6	15.0	393	6.71	1.44	56.7807	identical
1624487	64	64	64	zenravif-444	6	15.0	393	10.01	1.84	57.5849	identical
1624487	64	64	64	svt-rs-420	6	15.0	330	0.81	1.99	49.9626	identical
1624487	64	64	64	zenravif-420	6	20.0	413	6.92	3.78	62.2242	identical
1624487	64	64	64	zenravif-444	6	20.0	412	11.38	1.52	62.4176	identical
1624487	64	64	64	svt-rs-420	6	20.0	350	0.88	3.14	53.5248	identical
1624487	64	64	64	zenravif-420	6	25.0	441	6.65	2.48	65.9601	identical
1624487	64	64	64	zenravif-444	6	25.0	440	10.29	2.00	66.3376	identical
1624487	64	64	64	svt-rs-420	6	25.0	367	0.85	1.57	56.8674	identical
1624487	64	64	64	zenravif-420	6	30.0	458	6.93	1.54	69.3330	identical
1624487	64	64	64	zenravif-444	6	30.0	465	11.19	2.32	68.0780	identical
1624487	64	64	64	svt-rs-420	6	30.0	383	0.97	2.59	59.1866	identical
1624487	64	64	64	zenravif-420	6	35.0	499	7.76	1.78	71.4394	identical
1624487	64	64	64	zenravif-444	6	35.0	508	12.51	1.51	72.4653	identical
1624487	64	64	64	svt-rs-420	6	35.0	427	1.02	2.16	70.0700	identical
1624487	64	64	64	zenravif-420	6	40.0	528	7.52	1.48	74.3028	identical
1624487	64	64	64	zenravif-444	6	40.0	540	13.30	3.67	74.8139	identical
1624487	64	64	64	svt-rs-420	6	40.0	455	0.80	3.50	69.5294	identical
1624487	64	64	64	zenravif-420	6	45.0	565	7.28	4.31	77.0088	identical
1624487	64	64	64	zenravif-444	6	45.0	581	12.24	1.59	78.0949	identical
1624487	64	64	64	svt-rs-420	6	45.0	490	0.87	2.31	74.7587	identical
1624487	64	64	64	zenravif-420	6	50.0	606	5.53	1.37	78.6974	identical
1624487	64	64	64	zenravif-444	6	50.0	623	8.91	2.43	77.1762	identical
1624487	64	64	64	svt-rs-420	6	50.0	523	0.89	1.41	77.3027	identical
1624487	64	64	64	zenravif-420	6	55.0	643	5.51	1.21	80.2803	identical
1624487	64	64	64	zenravif-444	6	55.0	672	9.31	5.90	80.8563	identical
1624487	64	64	64	svt-rs-420	6	55.0	576	0.95	1.90	79.7509	identical
1624487	64	64	64	zenravif-420	6	60.0	677	5.48	3.69	80.3040	identical
1624487	64	64	64	zenravif-444	6	60.0	719	9.52	4.32	82.9762	identical
1624487	64	64	64	svt-rs-420	6	60.0	625	1.01	3.92	83.5039	identical
1624487	64	64	64	zenravif-420	6	65.0	727	5.94	7.24	82.9693	identical
1624487	64	64	64	zenravif-444	6	65.0	779	9.59	8.37	85.6805	identical
1624487	64	64	64	svt-rs-420	6	65.0	669	1.00	3.30	83.8600	identical
1624487	64	64	64	zenravif-420	6	70.0	770	6.36	4.44	84.1273	identical
1624487	64	64	64	zenravif-444	6	70.0	830	15.54	2.80	86.6473	identical
1624487	64	64	64	svt-rs-420	6	70.0	706	1.03	1.51	84.3579	identical
1624487	64	64	64	zenravif-420	6	75.0	888	5.61	2.54	86.9796	identical
1624487	64	64	64	zenravif-444	6	75.0	951	9.63	1.83	87.2560	identical
1624487	64	64	64	svt-rs-420	6	75.0	753	1.07	2.71	85.8763	identical
1624487	64	64	64	zenravif-420	6	80.0	947	6.64	3.36	87.4208	identical
1624487	64	64	64	zenravif-444	6	80.0	1032	10.55	1.67	89.5115	identical
1624487	64	64	64	svt-rs-420	6	80.0	833	1.07	1.80	87.6133	identical
1624487	64	64	64	zenravif-420	6	85.0	1046	6.74	1.54	89.0033	identical
1624487	64	64	64	zenravif-444	6	85.0	1154	10.20	1.55	90.8887	identical
1624487	64	64	64	svt-rs-420	6	85.0	916	0.93	1.84	88.3626	identical
1624487	64	64	64	zenravif-420	6	90.0	1229	7.74	1.81	90.0482	identical
1624487	64	64	64	zenravif-444	6	90.0	1391	10.33	1.61	92.3537	identical
1624487	64	64	64	svt-rs-420	6	90.0	1228	0.98	1.64	89.8507	identical
1624487	64	64	64	zenravif-420	6	95.0	1591	11.71	1.80	90.9683	identical
1624487	64	64	64	zenravif-444	6	95.0	1900	12.81	2.45	93.8244	identical
1624487	64	64	64	svt-rs-420	6	95.0	1705	1.40	1.89	91.2595	identical
1624487	64	64	64	zenravif-420	6	100.0	2977	11.61	4.34	91.8463	identical
1624487	64	64	64	zenravif-444	6	100.0	4627	23.91	1.94	96.0381	identical
1624487	64	64	64	svt-rs-420	6	100.0	3927	1.51	2.09	-53.5480	identical
1624487	64	64	64	zenravif-420	9	5.0	366	2.84	1.60	53.3027	identical
1624487	64	64	64	zenravif-444	9	5.0	364	4.16	1.61	49.5926	identical
1624487	64	64	64	svt-rs-420	9	5.0	323	0.68	2.34	43.9398	identical
1624487	64	64	64	zenravif-420	9	10.0	374	3.51	3.97	54.2130	identical
1624487	64	64	64	zenravif-444	9	10.0	370	5.64	2.15	46.1517	identical
1624487	64	64	64	svt-rs-420	9	10.0	342	0.62	2.29	49.0957	identical
1624487	64	64	64	zenravif-420	9	15.0	393	2.99	3.34	59.8535	identical
1624487	64	64	64	zenravif-444	9	15.0	388	4.47	1.58	53.5754	identical
1624487	64	64	64	svt-rs-420	9	15.0	353	0.52	1.36	52.8843	identical
1624487	64	64	64	zenravif-420	9	20.0	413	3.81	1.61	62.0966	identical
1624487	64	64	64	zenravif-444	9	20.0	411	5.66	2.59	62.2305	identical
1624487	64	64	64	svt-rs-420	9	20.0	368	0.54	1.41	52.8750	identical
1624487	64	64	64	zenravif-420	9	25.0	439	2.87	1.91	66.5371	identical
1624487	64	64	64	zenravif-444	9	25.0	438	4.67	2.82	67.0826	identical
1624487	64	64	64	svt-rs-420	9	25.0	392	0.55	1.48	59.2395	identical
1624487	64	64	64	zenravif-420	9	30.0	461	2.87	1.30	70.0126	identical
1624487	64	64	64	zenravif-444	9	30.0	463	4.72	1.47	70.1152	identical
1624487	64	64	64	svt-rs-420	9	30.0	418	0.53	4.81	60.3816	identical
1624487	64	64	64	zenravif-420	9	35.0	499	4.59	1.35	73.0030	identical
1624487	64	64	64	zenravif-444	9	35.0	509	4.97	1.61	72.8944	identical
1624487	64	64	64	svt-rs-420	9	35.0	457	0.53	1.40	65.9294	identical
1624487	64	64	64	zenravif-420	9	40.0	529	2.92	1.52	75.1966	identical
1624487	64	64	64	zenravif-444	9	40.0	539	6.40	1.92	76.3032	identical
1624487	64	64	64	svt-rs-420	9	40.0	492	0.55	1.32	68.0937	identical
1624487	64	64	64	zenravif-420	9	45.0	566	4.22	4.10	77.4715	identical
1624487	64	64	64	zenravif-444	9	45.0	585	4.92	1.37	76.0983	identical
1624487	64	64	64	svt-rs-420	9	45.0	531	0.56	1.31	73.0846	identical
1624487	64	64	64	zenravif-420	9	50.0	609	1.97	1.48	78.2222	identical
1624487	64	64	64	zenravif-444	9	50.0	628	5.29	1.62	77.0519	identical
1624487	64	64	64	svt-rs-420	9	50.0	577	0.60	1.46	74.8907	identical
1624487	64	64	64	zenravif-420	9	55.0	643	3.10	2.29	79.9746	identical
1624487	64	64	64	zenravif-444	9	55.0	673	5.08	1.63	79.8406	identical
1624487	64	64	64	svt-rs-420	9	55.0	632	0.58	1.39	79.7840	identical
1624487	64	64	64	zenravif-420	9	60.0	679	3.09	1.86	80.7997	identical
1624487	64	64	64	zenravif-444	9	60.0	722	4.89	1.57	81.7671	identical
1624487	64	64	64	svt-rs-420	9	60.0	696	0.88	1.48	82.0486	identical
1624487	64	64	64	zenravif-420	9	65.0	727	3.14	1.64	83.2940	identical
1624487	64	64	64	zenravif-444	9	65.0	778	5.30	1.61	85.0189	identical
1624487	64	64	64	svt-rs-420	9	65.0	749	0.86	1.58	82.1805	identical
1624487	64	64	64	zenravif-420	9	70.0	772	3.21	1.49	84.3871	identical
1624487	64	64	64	zenravif-444	9	70.0	830	5.16	1.68	85.2584	identical
1624487	64	64	64	svt-rs-420	9	70.0	797	0.86	1.65	84.5754	identical
1624487	64	64	64	zenravif-420	9	75.0	889	2.20	1.31	86.7327	identical
1624487	64	64	64	zenravif-444	9	75.0	953	3.23	1.47	87.2750	identical
1624487	64	64	64	svt-rs-420	9	75.0	873	0.63	1.46	86.0670	identical
1624487	64	64	64	zenravif-420	9	80.0	953	2.25	1.59	87.2137	identical
1624487	64	64	64	zenravif-444	9	80.0	1039	3.54	1.35	89.1956	identical
1624487	64	64	64	svt-rs-420	9	80.0	955	0.63	1.44	87.3891	identical
1624487	64	64	64	zenravif-420	9	85.0	1046	2.30	1.28	88.7785	identical
1624487	64	64	64	zenravif-444	9	85.0	1155	3.60	1.39	90.8374	identical
1624487	64	64	64	svt-rs-420	9	85.0	1062	0.64	1.24	89.3083	identical
1624487	64	64	64	zenravif-420	9	90.0	1232	2.41	1.31	90.0357	identical
1624487	64	64	64	zenravif-444	9	90.0	1390	3.68	2.36	92.2080	identical
1624487	64	64	64	svt-rs-420	9	90.0	1339	0.48	1.31	89.6735	identical
1624487	64	64	64	zenravif-420	9	95.0	1589	2.76	1.42	90.9969	identical
1624487	64	64	64	zenravif-444	9	95.0	1904	4.40	3.79	93.7938	identical
1624487	64	64	64	svt-rs-420	9	95.0	1746	0.55	1.56	91.2933	identical
1624487	64	64	64	zenravif-420	9	100.0	2812	3.52	6.52	91.8440	identical
1624487	64	64	64	zenravif-444	9	100.0	4428	6.24	1.76	95.8878	identical
1624487	64	64	64	svt-rs-420	9	100.0	3939	0.83	1.39	-53.5689	identical
162520	64	64	64	zenravif-420	2	5.0	335	25.21	5.26	51.5073	identical
162520	64	64	64	zenravif-444	2	5.0	340	22.06	1.76	51.2589	identical
162520	64	64	64	svt-rs-420	2	5.0	307	48.55	1.67	48.8310	identical
162520	64	64	64	zenravif-420	2	10.0	339	22.51	1.44	57.9847	identical
162520	64	64	64	zenravif-444	2	10.0	339	34.68	2.01	57.1082	identical
162520	64	64	64	svt-rs-420	2	10.0	313	50.39	1.51	50.2290	identical
162520	64	64	64	zenravif-420	2	15.0	351	27.61	1.71	60.7348	identical
162520	64	64	64	zenravif-444	2	15.0	349	26.25	1.40	59.8063	identical
162520	64	64	64	svt-rs-420	2	15.0	335	65.95	2.38	61.7691	identical
162520	64	64	64	zenravif-420	2	20.0	359	26.97	1.78	62.5307	identical
162520	64	64	64	zenravif-444	2	20.0	363	29.29	3.70	62.4132	identical
162520	64	64	64	svt-rs-420	2	20.0	344	65.67	3.73	63.6204	identical
162520	64	64	64	zenravif-420	2	25.0	379	46.18	2.12	65.4703	identical
162520	64	64	64	zenravif-444	2	25.0	383	40.10	5.37	66.1339	identical
162520	64	64	64	svt-rs-420	2	25.0	360	66.67	2.16	65.5776	identical
162520	64	64	64	zenravif-420	2	30.0	413	41.31	2.26	69.7068	identical
162520	64	64	64	zenravif-444	2	30.0	415	42.30	5.72	69.3675	identical
162520	64	64	64	svt-rs-420	2	30.0	387	124.89	1.74	67.4716	identical
162520	64	64	64	zenravif-420	2	35.0	424	52.93	7.68	71.6210	identical
162520	64	64	64	zenravif-444	2	35.0	435	48.57	2.42	71.3390	identical
162520	64	64	64	svt-rs-420	2	35.0	422	97.88	2.08	71.5408	identical
162520	64	64	64	zenravif-420	2	40.0	465	43.24	2.78	72.4951	identical
162520	64	64	64	zenravif-444	2	40.0	465	49.55	3.21	72.1309	identical
162520	64	64	64	svt-rs-420	2	40.0	445	133.22	3.23	72.9474	identical
162520	64	64	64	zenravif-420	2	45.0	499	46.12	1.68	74.7093	identical
162520	64	64	64	zenravif-444	2	45.0	500	51.48	1.54	74.7588	identical
162520	64	64	64	svt-rs-420	2	45.0	479	68.39	2.09	74.3988	identical
162520	64	64	64	zenravif-420	2	50.0	549	35.14	1.69	75.1391	identical
162520	64	64	64	zenravif-444	2	50.0	539	44.09	2.00	75.7057	identical
162520	64	64	64	svt-rs-420	2	50.0	525	83.52	2.16	76.1911	identical
162520	64	64	64	zenravif-420	2	55.0	583	46.70	1.51	76.6103	identical
162520	64	64	64	zenravif-444	2	55.0	598	41.57	2.13	77.6969	identical
162520	64	64	64	svt-rs-420	2	55.0	597	91.65	6.44	76.9285	identical
162520	64	64	64	zenravif-420	2	60.0	644	64.82	1.98	78.8390	identical
162520	64	64	64	zenravif-444	2	60.0	654	49.63	1.95	79.1262	identical
162520	64	64	64	svt-rs-420	2	60.0	684	85.49	2.54	79.3031	identical
162520	64	64	64	zenravif-420	2	65.0	739	55.00	1.88	80.8537	identical
162520	64	64	64	zenravif-444	2	65.0	739	52.35	2.46	81.6013	identical
162520	64	64	64	svt-rs-420	2	65.0	746	95.27	2.31	81.0222	identical
162520	64	64	64	zenravif-420	2	70.0	793	69.73	1.82	80.4346	identical
162520	64	64	64	zenravif-444	2	70.0	833	63.69	1.47	81.7022	identical
162520	64	64	64	svt-rs-420	2	70.0	804	91.38	1.81	80.6835	identical
162520	64	64	64	zenravif-420	2	75.0	933	66.78	1.90	82.7809	identical
162520	64	64	64	zenravif-444	2	75.0	947	96.41	1.74	83.4488	identical
162520	64	64	64	svt-rs-420	2	75.0	878	96.14	4.61	82.8316	identical
162520	64	64	64	zenravif-420	2	80.0	1023	70.68	1.57	83.6830	identical
162520	64	64	64	zenravif-444	2	80.0	1058	88.85	1.94	84.9068	identical
162520	64	64	64	svt-rs-420	2	80.0	1017	69.45	1.43	83.5330	identical
162520	64	64	64	zenravif-420	2	85.0	1267	66.06	2.82	85.2951	identical
162520	64	64	64	zenravif-444	2	85.0	1283	83.40	3.63	86.6082	identical
162520	64	64	64	svt-rs-420	2	85.0	1206	82.26	2.63	84.9182	identical
162520	64	64	64	zenravif-420	2	90.0	1503	80.52	3.29	86.9599	identical
162520	64	64	64	zenravif-444	2	90.0	1594	104.97	3.03	88.1783	identical
162520	64	64	64	svt-rs-420	2	90.0	1527	59.26	2.01	87.2261	identical
162520	64	64	64	zenravif-420	2	95.0	2047	105.20	5.88	88.4994	identical
162520	64	64	64	zenravif-444	2	95.0	2171	95.42	2.39	89.7834	identical
162520	64	64	64	svt-rs-420	2	95.0	2027	82.33	4.30	89.5570	identical
162520	64	64	64	zenravif-420	2	100.0	3409	60.26	12.71	91.3450	identical
162520	64	64	64	zenravif-444	2	100.0	4596	68.81	3.84	94.7879	identical
162520	64	64	64	svt-rs-420	2	100.0	3912	36.58	1.69	-64.3364	identical
162520	64	64	64	zenravif-420	6	5.0	345	7.24	1.82	55.4351	identical
162520	64	64	64	zenravif-444	6	5.0	345	6.89	1.59	54.7442	identical
162520	64	64	64	svt-rs-420	6	5.0	318	0.75	1.52	48.0054	identical
162520	64	64	64	zenravif-420	6	10.0	355	4.74	1.48	56.1078	identical
162520	64	64	64	zenravif-444	6	10.0	354	9.98	1.53	55.4707	identical
162520	64	64	64	svt-rs-420	6	10.0	329	0.75	2.27	49.0608	identical
162520	64	64	64	zenravif-420	6	15.0	362	5.27	1.95	60.1381	identical
162520	64	64	64	zenravif-444	6	15.0	363	7.20	1.94	60.1658	identical
162520	64	64	64	svt-rs-420	6	15.0	343	0.91	1.47	59.7192	identical
162520	64	64	64	zenravif-420	6	20.0	379	5.33	1.81	64.6395	identical
162520	64	64	64	zenravif-444	6	20.0	379	7.29	1.42	64.5868	identical
162520	64	64	64	svt-rs-420	6	20.0	363	1.33	1.59	63.8340	identical
162520	64	64	64	zenravif-420	6	25.0	393	5.55	1.44	66.0181	identical
162520	64	64	64	zenravif-444	6	25.0	393	8.06	2.00	66.0001	identical
162520	64	64	64	svt-rs-420	6	25.0	382	1.38	2.18	64.5791	identical
162520	64	64	64	zenravif-420	6	30.0	429	7.32	1.83	68.6052	identical
162520	64	64	64	zenravif-444	6	30.0	431	8.28	1.73	69.6452	identical
162520	64	64	64	svt-rs-420	6	30.0	401	1.10	1.55	64.9640	identical
162520	64	64	64	zenravif-420	6	35.0	456	6.52	2.91	71.8932	identical
162520	64	64	64	zenravif-444	6	35.0	462	9.50	1.74	72.2875	identical
162520	64	64	64	svt-rs-420	6	35.0	455	1.33	1.80	68.4181	identical
162520	64	64	64	zenravif-420	6	40.0	494	6.92	1.69	73.6709	identical
162520	64	64	64	zenravif-444	6	40.0	495	14.13	4.31	74.7141	identical
162520	64	64	64	svt-rs-420	6	40.0	495	1.19	5.57	70.5712	identical
162520	64	64	64	zenravif-420	6	45.0	534	6.65	1.74	75.2609	identical
162520	64	64	64	zenravif-444	6	45.0	534	10.36	3.21	75.7305	identical
162520	64	64	64	svt-rs-420	6	45.0	550	1.31	3.49	74.3160	identical
162520	64	64	64	zenravif-420	6	50.0	597	5.34	6.76	76.3618	identical
162520	64	64	64	zenravif-444	6	50.0	592	6.51	1.96	77.6198	identical
162520	64	64	64	svt-rs-420	6	50.0	586	1.37	2.46	75.3754	identical
162520	64	64	64	zenravif-420	6	55.0	642	6.73	1.39	78.2942	identical
162520	64	64	64	zenravif-444	6	55.0	646	8.08	1.52	78.7417	identical
162520	64	64	64	svt-rs-420	6	55.0	675	1.58	1.57	75.3057	identical
162520	64	64	64	zenravif-420	6	60.0	700	5.70	1.42	79.0900	identical
162520	64	64	64	zenravif-444	6	60.0	713	7.25	1.32	80.2417	identical
162520	64	64	64	svt-rs-420	6	60.0	760	1.71	1.30	80.1198	identical
162520	64	64	64	zenravif-420	6	65.0	788	9.00	1.87	79.1883	identical
162520	64	64	64	zenravif-444	6	65.0	806	8.60	2.50	82.1483	identical
162520	64	64	64	svt-rs-420	6	65.0	834	1.79	2.53	78.7115	identical
162520	64	64	64	zenravif-420	6	70.0	868	6.20	1.91	81.2647	identical
162520	64	64	64	zenravif-444	6	70.0	886	8.72	2.05	83.5381	identical
162520	64	64	64	svt-rs-420	6	70.0	918	3.69	1.88	80.9141	identical
162520	64	64	64	zenravif-420	6	75.0	1018	6.25	1.52	82.4000	identical
162520	64	64	64	zenravif-444	6	75.0	1042	9.12	1.73	83.4869	identical
162520	64	64	64	svt-rs-420	6	75.0	1013	1.58	2.03	81.1696	identical
162520	64	64	64	zenravif-420	6	80.0	1135	8.31	1.76	83.8962	identical
162520	64	64	64	zenravif-444	6	80.0	1184	9.78	1.82	85.1429	identical
162520	64	64	64	svt-rs-420	6	80.0	1144	1.72	1.83	83.2703	identical
162520	64	64	64	zenravif-420	6	85.0	1322	6.78	1.51	85.7997	identical
162520	64	64	64	zenravif-444	6	85.0	1372	10.35	2.19	86.5248	identical
162520	64	64	64	svt-rs-420	6	85.0	1312	1.75	1.58	84.8899	identical
162520	64	64	64	zenravif-420	6	90.0	1582	12.49	1.73	86.7845	identical
162520	64	64	64	zenravif-444	6	90.0	1695	10.10	1.84	88.0178	identical
162520	64	64	64	svt-rs-420	6	90.0	1655	1.59	1.74	87.0822	identical
162520	64	64	64	zenravif-420	6	95.0	2123	9.02	1.79	88.5042	identical
162520	64	64	64	zenravif-444	6	95.0	2363	11.32	2.26	90.1516	identical
162520	64	64	64	svt-rs-420	6	95.0	2166	2.50	1.84	89.3808	identical
162520	64	64	64	zenravif-420	6	100.0	3282	9.96	1.78	91.0786	identical
162520	64	64	64	zenravif-444	6	100.0	4407	15.94	1.81	94.6152	identical
162520	64	64	64	svt-rs-420	6	100.0	4302	2.30	2.10	-64.6171	identical
162520	64	64	64	zenravif-420	9	5.0	347	2.24	1.67	54.2243	identical
162520	64	64	64	zenravif-444	9	5.0	346	2.91	1.54	53.5039	identical
162520	64	64	64	svt-rs-420	9	5.0	326	0.51	1.46	49.2583	identical
162520	64	64	64	zenravif-420	9	10.0	355	2.22	4.42	55.7265	identical
162520	64	64	64	zenravif-444	9	10.0	353	3.25	2.28	55.0326	identical
162520	64	64	64	svt-rs-420	9	10.0	342	0.54	1.65	51.2031	identical
162520	64	64	64	zenravif-420	9	15.0	364	2.43	1.70	58.5397	identical
162520	64	64	64	zenravif-444	9	15.0	365	4.60	2.56	60.1630	identical
162520	64	64	64	svt-rs-420	9	15.0	358	0.58	1.45	59.2930	identical
162520	64	64	64	zenravif-420	9	20.0	377	2.55	1.58	64.4286	identical
162520	64	64	64	zenravif-444	9	20.0	377	3.75	1.63	64.4727	identical
162520	64	64	64	svt-rs-420	9	20.0	373	0.59	2.61	64.8327	identical
162520	64	64	64	zenravif-420	9	25.0	400	2.90	1.54	66.1614	identical
162520	64	64	64	zenravif-444	9	25.0	400	3.74	1.84	66.2622	identical
162520	64	64	64	svt-rs-420	9	25.0	392	0.74	1.52	65.3005	identical
162520	64	64	64	zenravif-420	9	30.0	428	2.81	1.65	69.3744	identical
162520	64	64	64	zenravif-444	9	30.0	428	3.85	1.65	69.7286	identical
162520	64	64	64	svt-rs-420	9	30.0	406	0.64	2.42	64.3337	identical
162520	64	64	64	zenravif-420	9	35.0	464	2.79	1.76	71.6880	identical
162520	64	64	64	zenravif-444	9	35.0	466	4.12	1.36	72.2900	identical
162520	64	64	64	svt-rs-420	9	35.0	458	0.65	1.24	68.9020	identical
162520	64	64	64	zenravif-420	9	40.0	502	2.89	1.48	74.1589	identical
162520	64	64	64	zenravif-444	9	40.0	506	4.12	3.46	74.3806	identical
162520	64	64	64	svt-rs-420	9	40.0	489	0.63	1.44	70.2392	identical
162520	64	64	64	zenravif-420	9	45.0	559	3.04	1.67	75.4503	identical
162520	64	64	64	zenravif-444	9	45.0	563	4.55	1.51	75.7979	identical
162520	64	64	64	svt-rs-420	9	45.0	551	0.66	1.69	73.7572	identical
162520	64	64	64	zenravif-420	9	50.0	623	1.92	1.63	76.8709	identical
162520	64	64	64	zenravif-444	9	50.0	625	2.91	1.56	77.0456	identical
162520	64	64	64	svt-rs-420	9	50.0	605	0.67	1.97	76.1634	identical
162520	64	64	64	zenravif-420	9	55.0	677	2.08	2.43	77.8947	identical
162520	64	64	64	zenravif-444	9	55.0	681	3.12	2.07	77.4491	identical
162520	64	64	64	svt-rs-420	9	55.0	677	0.90	1.47	75.8255	identical
162520	64	64	64	zenravif-420	9	60.0	745	2.64	1.64	78.7931	identical
162520	64	64	64	zenravif-444	9	60.0	761	3.16	1.70	80.3850	identical
162520	64	64	64	svt-rs-420	9	60.0	775	0.75	1.38	78.8120	identical
162520	64	64	64	zenravif-420	9	65.0	835	2.14	1.21	80.3488	identical
162520	64	64	64	zenravif-444	9	65.0	852	3.15	1.36	82.2076	identical
162520	64	64	64	svt-rs-420	9	65.0	836	0.73	1.34	79.2603	identical
162520	64	64	64	zenravif-420	9	70.0	906	2.17	1.37	81.0554	identical
162520	64	64	64	zenravif-444	9	70.0	933	3.23	1.24	82.0710	identical
162520	64	64	64	svt-rs-420	9	70.0	942	0.76	1.26	80.9886	identical
162520	64	64	64	zenravif-420	9	75.0	1074	2.31	1.13	82.3748	identical
162520	64	64	64	zenravif-444	9	75.0	1116	3.40	1.36	84.2089	identical
162520	64	64	64	svt-rs-420	9	75.0	1046	0.73	1.18	81.5372	identical
162520	64	64	64	zenravif-420	9	80.0	1216	2.47	1.56	83.1597	identical
162520	64	64	64	zenravif-444	9	80.0	1265	3.79	1.53	85.5021	identical
162520	64	64	64	svt-rs-420	9	80.0	1166	0.77	1.25	83.4667	identical
162520	64	64	64	zenravif-420	9	85.0	1412	3.29	3.09	85.1841	identical
162520	64	64	64	zenravif-444	9	85.0	1471	3.69	1.35	86.0217	identical
162520	64	64	64	svt-rs-420	9	85.0	1343	0.80	1.40	85.0827	identical
162520	64	64	64	zenravif-420	9	90.0	1691	2.72	3.45	86.5360	identical
162520	64	64	64	zenravif-444	9	90.0	1800	4.19	1.68	88.5142	identical
162520	64	64	64	svt-rs-420	9	90.0	1699	0.73	1.56	86.8701	identical
162520	64	64	64	zenravif-420	9	95.0	2249	3.15	1.80	88.0653	identical
162520	64	64	64	zenravif-444	9	95.0	2489	4.48	2.06	90.4924	identical
162520	64	64	64	svt-rs-420	9	95.0	2231	0.77	2.61	89.3379	identical
162520	64	64	64	zenravif-420	9	100.0	3355	3.61	1.69	91.1350	identical
162520	64	64	64	zenravif-444	9	100.0	4500	5.95	2.09	94.3414	identical
162520	64	64	64	svt-rs-420	9	100.0	4322	0.94	2.05	-64.2471	identical
1025469	256	256	256	zenravif-420	2	5.0	553	269.98	8.21	-19.3615	identical
1025469	256	256	256	zenravif-444	2	5.0	550	423.66	8.38	-17.3697	identical
1025469	256	256	256	svt-rs-420	2	5.0	355	330.56	5.07	-47.4093	identical
1025469	256	256	256	zenravif-420	2	10.0	580	420.39	7.16	-11.6397	identical
1025469	256	256	256	zenravif-444	2	10.0	566	434.93	12.07	-15.4674	identical
1025469	256	256	256	svt-rs-420	2	10.0	444	330.16	4.15	-29.3181	identical
1025469	256	256	256	zenravif-420	2	15.0	641	331.18	11.27	-5.6616	identical
1025469	256	256	256	zenravif-444	2	15.0	613	373.01	13.40	-7.4236	identical
1025469	256	256	256	svt-rs-420	2	15.0	524	422.29	8.38	-8.1528	identical
1025469	256	256	256	zenravif-420	2	20.0	730	383.15	7.02	3.9803	identical
1025469	256	256	256	zenravif-444	2	20.0	702	482.52	7.14	1.8213	identical
1025469	256	256	256	svt-rs-420	2	20.0	576	473.35	7.92	-3.0821	identical
1025469	256	256	256	zenravif-420	2	25.0	811	405.37	4.53	14.3291	identical
1025469	256	256	256	zenravif-444	2	25.0	808	498.14	12.28	12.7460	identical
1025469	256	256	256	svt-rs-420	2	25.0	673	513.60	5.31	8.6856	identical
1025469	256	256	256	zenravif-420	2	30.0	954	480.47	11.09	24.4523	identical
1025469	256	256	256	zenravif-444	2	30.0	982	488.79	16.60	24.8350	identical
1025469	256	256	256	svt-rs-420	2	30.0	748	491.09	8.43	19.6920	identical
1025469	256	256	256	zenravif-420	2	35.0	1128	505.00	7.10	32.9037	identical
1025469	256	256	256	zenravif-444	2	35.0	1153	553.26	12.89	33.2846	identical
1025469	256	256	256	svt-rs-420	2	35.0	911	551.56	10.05	29.9193	identical
1025469	256	256	256	zenravif-420	2	40.0	1311	555.18	13.64	40.3559	identical
1025469	256	256	256	zenravif-444	2	40.0	1329	602.84	14.38	39.7962	identical
1025469	256	256	256	svt-rs-420	2	40.0	1101	550.82	7.06	40.8215	identical
1025469	256	256	256	zenravif-420	2	45.0	1578	575.82	9.15	47.0897	identical
1025469	256	256	256	zenravif-444	2	45.0	1612	731.47	13.64	46.8686	identical
1025469	256	256	256	svt-rs-420	2	45.0	1290	623.44	17.27	49.4114	identical
1025469	256	256	256	zenravif-420	2	50.0	1908	538.88	4.06	54.2524	identical
1025469	256	256	256	zenravif-444	2	50.0	1905	629.37	4.47	53.9749	identical
1025469	256	256	256	svt-rs-420	2	50.0	1532	564.73	8.94	56.1669	identical
1025469	256	256	256	zenravif-420	2	55.0	2235	610.44	4.43	60.0715	identical
1025469	256	256	256	zenravif-444	2	55.0	2289	665.67	4.67	60.7278	identical
1025469	256	256	256	svt-rs-420	2	55.0	1830	602.99	6.14	62.0367	identical
1025469	256	256	256	zenravif-420	2	60.0	2666	675.73	4.68	66.2370	identical
1025469	256	256	256	zenravif-444	2	60.0	2725	742.79	6.13	65.9067	identical
1025469	256	256	256	svt-rs-420	2	60.0	2361	578.14	7.96	68.0346	identical
1025469	256	256	256	zenravif-420	2	65.0	3143	674.52	5.30	70.6460	identical
1025469	256	256	256	zenravif-444	2	65.0	3252	795.91	4.07	71.4330	identical
1025469	256	256	256	svt-rs-420	2	65.0	2754	531.02	15.83	72.0963	identical
1025469	256	256	256	zenravif-420	2	70.0	3570	749.22	3.87	73.8565	identical
1025469	256	256	256	zenravif-444	2	70.0	3751	845.06	5.16	74.6635	identical
1025469	256	256	256	svt-rs-420	2	70.0	3078	597.39	7.68	74.8650	identical
1025469	256	256	256	zenravif-420	2	75.0	4472	808.34	5.87	77.9735	identical
1025469	256	256	256	zenravif-444	2	75.0	4749	908.05	5.69	79.1847	identical
1025469	256	256	256	svt-rs-420	2	75.0	3559	463.44	14.48	77.8269	identical
1025469	256	256	256	zenravif-420	2	80.0	5463	931.84	7.63	80.4575	identical
1025469	256	256	256	zenravif-444	2	80.0	5786	1116.99	6.47	82.5219	identical
1025469	256	256	256	svt-rs-420	2	80.0	4377	441.03	11.25	81.0529	identical
1025469	256	256	256	zenravif-420	2	85.0	6568	924.87	6.22	84.1765	identical
1025469	256	256	256	zenravif-444	2	85.0	7068	1084.00	6.57	85.1250	identical
1025469	256	256	256	svt-rs-420	2	85.0	5300	549.36	11.09	83.9369	identical
1025469	256	256	256	zenravif-420	2	90.0	8847	1105.61	6.80	87.0851	identical
1025469	256	256	256	zenravif-444	2	90.0	9980	1314.74	11.43	88.1350	identical
1025469	256	256	256	svt-rs-420	2	90.0	7687	613.99	9.27	86.8622	identical
1025469	256	256	256	zenravif-420	2	95.0	14071	1369.70	8.20	89.0594	identical
1025469	256	256	256	zenravif-444	2	95.0	17586	1463.04	13.99	91.5354	identical
1025469	256	256	256	svt-rs-420	2	95.0	11926	716.64	7.57	89.2601	identical
1025469	256	256	256	zenravif-420	2	100.0	32952	765.08	11.31	91.7978	identical
1025469	256	256	256	zenravif-444	2	100.0	55289	967.66	13.43	95.5229	identical
1025469	256	256	256	svt-rs-420	2	100.0	39514	491.56	8.96	-232.6335	identical
1025469	256	256	256	zenravif-420	6	5.0	616	67.33	7.93	-27.4822	identical
1025469	256	256	256	zenravif-444	6	5.0	621	82.01	13.00	-28.2463	identical
1025469	256	256	256	svt-rs-420	6	5.0	377	8.18	12.08	-52.2979	identical
1025469	256	256	256	zenravif-420	6	10.0	648	88.60	13.59	-17.7729	identical
1025469	256	256	256	zenravif-444	6	10.0	650	82.14	9.54	-18.8593	identical
1025469	256	256	256	svt-rs-420	6	10.0	454	8.45	4.90	-38.8305	identical
1025469	256	256	256	zenravif-420	6	15.0	714	56.31	12.67	-12.1814	identical
1025469	256	256	256	zenravif-444	6	15.0	709	86.07	16.72	-12.3170	identical
1025469	256	256	256	svt-rs-420	6	15.0	560	9.96	5.77	-21.7698	identical
1025469	256	256	256	zenravif-420	6	20.0	834	60.10	5.79	-0.2312	identical
1025469	256	256	256	zenravif-444	6	20.0	823	104.15	5.66	-0.7533	identical
1025469	256	256	256	svt-rs-420	6	20.0	668	9.74	6.67	-13.1421	identical
1025469	256	256	256	zenravif-420	6	25.0	953	82.63	7.63	10.1818	identical
1025469	256	256	256	zenravif-444	6	25.0	946	116.61	9.24	10.4533	identical
1025469	256	256	256	svt-rs-420	6	25.0	799	10.90	7.56	-0.2711	identical
1025469	256	256	256	zenravif-420	6	30.0	1092	81.67	4.97	22.9352	identical
1025469	256	256	256	zenravif-444	6	30.0	1097	114.39	11.94	21.7254	identical
1025469	256	256	256	svt-rs-420	6	30.0	929	16.41	7.12	8.9380	identical
1025469	256	256	256	zenravif-420	6	35.0	1300	81.93	18.72	31.9198	identical
1025469	256	256	256	zenravif-444	6	35.0	1308	124.52	15.29	31.0006	identical
1025469	256	256	256	svt-rs-420	6	35.0	1201	11.30	6.40	23.4612	identical
1025469	256	256	256	zenravif-420	6	40.0	1536	85.07	7.92	39.7302	identical
1025469	256	256	256	zenravif-444	6	40.0	1553	134.05	11.44	40.5828	identical
1025469	256	256	256	svt-rs-420	6	40.0	1444	11.63	7.52	33.4710	identical
1025469	256	256	256	zenravif-420	6	45.0	1810	86.07	14.86	48.8776	identical
1025469	256	256	256	zenravif-444	6	45.0	1810	143.34	17.36	48.7268	identical
1025469	256	256	256	svt-rs-420	6	45.0	1741	12.45	8.12	45.7100	identical
1025469	256	256	256	zenravif-420	6	50.0	2178	58.93	5.70	56.2773	identical
1025469	256	256	256	zenravif-444	6	50.0	2202	83.62	5.22	56.1292	identical
1025469	256	256	256	svt-rs-420	6	50.0	2035	13.59	10.85	52.2510	identical
1025469	256	256	256	zenravif-420	6	55.0	2553	65.38	7.46	61.5474	identical
1025469	256	256	256	zenravif-444	6	55.0	2604	92.88	4.45	61.5196	identical
1025469	256	256	256	svt-rs-420	6	55.0	2502	13.64	8.12	60.1121	identical
1025469	256	256	256	zenravif-420	6	60.0	3010	69.51	5.24	66.0492	identical
1025469	256	256	256	zenravif-444	6	60.0	3066	104.76	5.35	66.5356	identical
1025469	256	256	256	svt-rs-420	6	60.0	3148	15.58	7.14	67.5692	identical
1025469	256	256	256	zenravif-420	6	65.0	3610	75.95	4.40	71.2211	identical
1025469	256	256	256	zenravif-444	6	65.0	3705	118.26	5.64	72.0119	identical
1025469	256	256	256	svt-rs-420	6	65.0	3631	16.91	9.77	72.0534	identical
1025469	256	256	256	zenravif-420	6	70.0	4022	76.92	10.01	74.2262	identical
1025469	256	256	256	zenravif-444	6	70.0	4190	115.71	5.37	75.0320	identical
1025469	256	256	256	svt-rs-420	6	70.0	4112	16.30	8.87	74.5568	identical
1025469	256	256	256	zenravif-420	6	75.0	5201	86.04	4.70	78.8638	identical
1025469	256	256	256	zenravif-444	6	75.0	5479	122.78	5.62	79.9775	identical
1025469	256	256	256	svt-rs-420	6	75.0	4761	17.22	6.30	76.8158	identical
1025469	256	256	256	zenravif-420	6	80.0	6340	96.82	5.43	81.1630	identical
1025469	256	256	256	zenravif-444	6	80.0	6656	135.38	6.52	82.7148	identical
1025469	256	256	256	svt-rs-420	6	80.0	5656	18.46	7.85	79.8505	identical
1025469	256	256	256	zenravif-420	6	85.0	7517	96.02	5.68	83.8652	identical
1025469	256	256	256	zenravif-444	6	85.0	8115	148.22	6.62	85.0844	identical
1025469	256	256	256	svt-rs-420	6	85.0	6916	18.93	8.13	82.9659	identical
1025469	256	256	256	zenravif-420	6	90.0	10166	103.12	8.71	86.7346	identical
1025469	256	256	256	zenravif-444	6	90.0	11553	155.08	17.41	88.3683	identical
1025469	256	256	256	svt-rs-420	6	90.0	9717	19.75	7.56	86.3884	identical
1025469	256	256	256	zenravif-420	6	95.0	16473	112.98	5.36	89.4878	identical
1025469	256	256	256	zenravif-444	6	95.0	20392	172.31	8.77	91.7687	identical
1025469	256	256	256	svt-rs-420	6	95.0	14286	24.26	6.97	88.8528	identical
1025469	256	256	256	zenravif-420	6	100.0	33087	155.98	10.62	91.3311	identical
1025469	256	256	256	zenravif-444	6	100.0	54485	258.39	21.23	94.9777	identical
1025469	256	256	256	svt-rs-420	6	100.0	45190	31.66	5.84	-159.3211	identical
1025469	256	256	256	zenravif-420	9	5.0	605	25.17	7.95	-32.9668	identical
1025469	256	256	256	zenravif-444	9	5.0	605	34.66	10.02	-33.9752	identical
1025469	256	256	256	svt-rs-420	9	5.0	374	3.93	9.83	-51.5835	identical
1025469	256	256	256	zenravif-420	9	10.0	644	25.16	8.10	-22.3388	identical
1025469	256	256	256	zenravif-444	9	10.0	631	36.34	9.88	-23.4616	identical
1025469	256	256	256	svt-rs-420	9	10.0	430	4.18	5.41	-44.9605	identical
1025469	256	256	256	zenravif-420	9	15.0	725	28.57	6.37	-15.3418	identical
1025469	256	256	256	zenravif-444	9	15.0	729	38.50	13.49	-14.8671	identical
1025469	256	256	256	svt-rs-420	9	15.0	561	4.74	7.26	-25.4018	identical
1025469	256	256	256	zenravif-420	9	20.0	850	31.85	6.90	-5.8615	identical
1025469	256	256	256	zenravif-444	9	20.0	847	40.07	15.30	-5.7904	identical
1025469	256	256	256	svt-rs-420	9	20.0	669	5.53	12.34	-14.1944	identical
1025469	256	256	256	zenravif-420	9	25.0	981	29.76	9.19	6.0211	identical
1025469	256	256	256	zenravif-444	9	25.0	997	41.85	12.86	6.1037	identical
1025469	256	256	256	svt-rs-420	9	25.0	772	6.37	11.22	-2.9458	identical
1025469	256	256	256	zenravif-420	9	30.0	1155	32.59	17.20	19.7569	identical
1025469	256	256	256	zenravif-444	9	30.0	1157	43.18	13.37	20.2233	identical
1025469	256	256	256	svt-rs-420	9	30.0	954	10.00	11.07	11.4298	identical
1025469	256	256	256	zenravif-420	9	35.0	1387	33.60	9.10	27.9804	identical
1025469	256	256	256	zenravif-444	9	35.0	1410	48.44	10.12	28.2155	identical
1025469	256	256	256	svt-rs-420	9	35.0	1224	6.17	8.56	24.1868	identical
1025469	256	256	256	zenravif-420	9	40.0	1672	36.21	14.55	37.0381	identical
1025469	256	256	256	zenravif-444	9	40.0	1686	49.10	14.36	36.3249	identical
1025469	256	256	256	svt-rs-420	9	40.0	1483	6.58	15.32	33.5946	identical
1025469	256	256	256	zenravif-420	9	45.0	2052	37.44	11.30	47.0757	identical
1025469	256	256	256	zenravif-444	9	45.0	2081	54.16	7.41	46.5370	identical
1025469	256	256	256	svt-rs-420	9	45.0	1780	6.35	8.38	44.2764	identical
1025469	256	256	256	zenravif-420	9	50.0	2489	25.32	4.23	54.0161	identical
1025469	256	256	256	zenravif-444	9	50.0	2526	38.82	7.98	54.2729	identical
1025469	256	256	256	svt-rs-420	9	50.0	2108	6.70	10.68	51.5140	identical
1025469	256	256	256	zenravif-420	9	55.0	2937	25.91	7.15	59.4610	identical
1025469	256	256	256	zenravif-444	9	55.0	2986	43.14	3.47	59.4541	identical
1025469	256	256	256	svt-rs-420	9	55.0	2581	10.70	8.83	59.0667	identical
1025469	256	256	256	zenravif-420	9	60.0	3454	43.69	4.09	64.5897	identical
1025469	256	256	256	zenravif-444	9	60.0	3565	38.37	7.46	65.0518	identical
1025469	256	256	256	svt-rs-420	9	60.0	3335	11.14	8.73	66.0534	identical
1025469	256	256	256	zenravif-420	9	65.0	4247	28.23	8.61	70.2061	identical
1025469	256	256	256	zenravif-444	9	65.0	4397	42.92	6.75	70.9231	identical
1025469	256	256	256	svt-rs-420	9	65.0	3879	8.38	6.96	71.0263	identical
1025469	256	256	256	zenravif-420	9	70.0	4777	32.39	3.61	73.2643	identical
1025469	256	256	256	zenravif-444	9	70.0	4977	42.24	4.38	74.0420	identical
1025469	256	256	256	svt-rs-420	9	70.0	4413	8.03	7.74	74.2804	identical
1025469	256	256	256	zenravif-420	9	75.0	6176	32.01	4.09	78.1428	identical
1025469	256	256	256	zenravif-444	9	75.0	6510	48.25	11.20	78.4950	identical
1025469	256	256	256	svt-rs-420	9	75.0	5021	8.62	21.21	75.3651	identical
1025469	256	256	256	zenravif-420	9	80.0	7365	37.98	5.53	80.5649	identical
1025469	256	256	256	zenravif-444	9	80.0	7812	50.77	5.15	81.8602	identical
1025469	256	256	256	svt-rs-420	9	80.0	6103	9.73	7.43	79.5537	identical
1025469	256	256	256	zenravif-420	9	85.0	8859	51.35	4.92	83.6881	identical
1025469	256	256	256	zenravif-444	9	85.0	9548	57.83	5.05	84.8005	identical
1025469	256	256	256	svt-rs-420	9	85.0	7534	9.32	8.02	82.2478	identical
1025469	256	256	256	zenravif-420	9	90.0	11769	39.01	4.56	86.6938	identical
1025469	256	256	256	zenravif-444	9	90.0	13244	67.32	5.30	88.2480	identical
1025469	256	256	256	svt-rs-420	9	90.0	10357	8.06	5.01	86.1936	identical
1025469	256	256	256	zenravif-420	9	95.0	18370	41.92	9.87	89.3702	identical
1025469	256	256	256	zenravif-444	9	95.0	22712	86.12	6.53	92.0021	identical
1025469	256	256	256	svt-rs-420	9	95.0	15571	9.84	4.42	88.5362	identical
1025469	256	256	256	zenravif-420	9	100.0	33991	68.52	8.52	91.2035	identical
1025469	256	256	256	zenravif-444	9	100.0	55635	92.31	8.89	94.8860	identical
1025469	256	256	256	svt-rs-420	9	100.0	46420	16.37	5.86	-237.1024	identical
1044329	256	256	256	zenravif-420	2	5.0	1815	681.10	26.16	-3.8045	identical
1044329	256	256	256	zenravif-444	2	5.0	1730	777.92	15.77	-3.7800	identical
1044329	256	256	256	svt-rs-420	2	5.0	1367	1009.18	10.16	-6.4745	identical
1044329	256	256	256	zenravif-420	2	10.0	2017	713.41	13.12	3.1410	identical
1044329	256	256	256	zenravif-444	2	10.0	2002	784.18	20.36	2.2814	identical
1044329	256	256	256	svt-rs-420	2	10.0	1786	1024.33	5.89	3.8401	identical
1044329	256	256	256	zenravif-420	2	15.0	2527	751.16	12.90	14.6880	identical
1044329	256	256	256	zenravif-444	2	15.0	2462	1000.38	11.64	14.5775	identical
1044329	256	256	256	svt-rs-420	2	15.0	2306	1491.65	12.18	22.3361	identical
1044329	256	256	256	zenravif-420	2	20.0	3016	876.05	11.79	23.5368	identical
1044329	256	256	256	zenravif-444	2	20.0	3005	1026.57	11.61	25.2065	identical
1044329	256	256	256	svt-rs-420	2	20.0	2741	1304.36	8.86	27.2287	identical
1044329	256	256	256	zenravif-420	2	25.0	3516	927.07	16.22	33.0872	identical
1044329	256	256	256	zenravif-444	2	25.0	3556	1102.93	13.54	33.6708	identical
1044329	256	256	256	svt-rs-420	2	25.0	3273	1398.30	7.49	34.7700	identical
1044329	256	256	256	zenravif-420	2	30.0	4259	1032.31	12.51	40.3604	identical
1044329	256	256	256	zenravif-444	2	30.0	4351	1175.50	8.75	41.1021	identical
1044329	256	256	256	svt-rs-420	2	30.0	3943	1352.68	8.78	42.8661	identical
1044329	256	256	256	zenravif-420	2	35.0	5026	1268.01	13.95	47.7549	identical
1044329	256	256	256	zenravif-444	2	35.0	5201	1296.30	11.43	47.8401	identical
1044329	256	256	256	svt-rs-420	2	35.0	5041	1372.47	9.39	52.1998	identical
1044329	256	256	256	zenravif-420	2	40.0	6026	1281.35	10.78	54.3110	identical
1044329	256	256	256	zenravif-444	2	40.0	6303	1374.55	15.03	56.8122	identical
1044329	256	256	256	svt-rs-420	2	40.0	6035	1215.37	9.33	58.3324	identical
1044329	256	256	256	zenravif-420	2	45.0	7035	1299.05	11.77	58.4332	identical
1044329	256	256	256	zenravif-444	2	45.0	7500	1507.88	19.01	62.6001	identical
1044329	256	256	256	svt-rs-420	2	45.0	7206	1308.49	7.61	63.3859	identical
1044329	256	256	256	zenravif-420	2	50.0	8128	1207.73	18.10	63.0016	identical
1044329	256	256	256	zenravif-444	2	50.0	8796	1233.54	14.78	67.2093	identical
1044329	256	256	256	svt-rs-420	2	50.0	8427	1380.57	9.66	67.6530	identical
1044329	256	256	256	zenravif-420	2	55.0	9216	992.14	6.25	66.7646	identical
1044329	256	256	256	zenravif-444	2	55.0	10138	1197.40	8.57	71.9713	identical
1044329	256	256	256	svt-rs-420	2	55.0	9915	1466.32	9.62	70.5378	identical
1044329	256	256	256	zenravif-420	2	60.0	10463	1098.04	13.49	69.6818	identical
1044329	256	256	256	zenravif-444	2	60.0	11664	1177.39	10.14	74.8582	identical
1044329	256	256	256	svt-rs-420	2	60.0	11856	1332.56	13.89	74.3745	identical
1044329	256	256	256	zenravif-420	2	65.0	11914	1101.68	7.00	72.4569	identical
1044329	256	256	256	zenravif-444	2	65.0	13434	1275.33	8.17	78.1865	identical
1044329	256	256	256	svt-rs-420	2	65.0	13350	1186.06	16.20	76.4438	identical
1044329	256	256	256	zenravif-420	2	70.0	13165	1179.11	7.06	74.3886	identical
1044329	256	256	256	zenravif-444	2	70.0	15212	1367.88	8.39	80.6461	identical
1044329	256	256	256	svt-rs-420	2	70.0	14573	1119.91	14.74	77.2005	identical
1044329	256	256	256	zenravif-420	2	75.0	15640	1210.40	7.00	76.9576	identical
1044329	256	256	256	zenravif-444	2	75.0	18739	1421.89	22.97	84.1258	identical
1044329	256	256	256	svt-rs-420	2	75.0	16158	940.56	15.33	77.9857	identical
1044329	256	256	256	zenravif-420	2	80.0	17574	1343.30	7.31	78.5392	identical
1044329	256	256	256	zenravif-444	2	80.0	21957	1469.87	15.57	86.4206	identical
1044329	256	256	256	svt-rs-420	2	80.0	18623	821.08	17.68	79.7714	identical
1044329	256	256	256	zenravif-420	2	85.0	20130	1376.37	8.62	80.0602	identical
1044329	256	256	256	zenravif-444	2	85.0	26095	1618.68	10.23	88.3064	identical
1044329	256	256	256	svt-rs-420	2	85.0	21251	758.30	18.24	80.7729	identical
1044329	256	256	256	zenravif-420	2	90.0	24033	1579.92	9.23	81.4988	identical
1044329	256	256	256	zenravif-444	2	90.0	32440	1728.72	12.44	90.2997	identical
1044329	256	256	256	svt-rs-420	2	90.0	26705	794.72	13.37	81.9249	identical
1044329	256	256	256	zenravif-420	2	95.0	30766	1666.34	9.75	82.6825	identical
1044329	256	256	256	zenravif-444	2	95.0	44003	2014.14	13.55	92.6750	identical
1044329	256	256	256	svt-rs-420	2	95.0	33782	832.62	10.23	82.9491	identical
1044329	256	256	256	zenravif-420	2	100.0	53482	1097.73	15.61	83.1786	identical
1044329	256	256	256	zenravif-444	2	100.0	88645	1386.68	30.78	95.8700	identical
1044329	256	256	256	svt-rs-420	2	100.0	61868	534.99	6.13	-943.9130	identical
1044329	256	256	256	zenravif-420	6	5.0	2040	124.13	12.10	-2.2457	identical
1044329	256	256	256	zenravif-444	6	5.0	1992	191.62	14.68	-1.1681	identical
1044329	256	256	256	svt-rs-420	6	5.0	1612	11.65	10.60	-28.8998	identical
1044329	256	256	256	zenravif-420	6	10.0	2279	119.78	12.55	2.5407	identical
1044329	256	256	256	zenravif-444	6	10.0	2230	187.67	18.81	3.3212	identical
1044329	256	256	256	svt-rs-420	6	10.0	2284	12.23	13.93	-8.2883	identical
1044329	256	256	256	zenravif-420	6	15.0	2656	130.61	14.63	11.2758	identical
1044329	256	256	256	zenravif-444	6	15.0	2635	206.18	13.72	10.3556	identical
1044329	256	256	256	svt-rs-420	6	15.0	3098	14.38	8.35	8.2320	identical
1044329	256	256	256	zenravif-420	6	20.0	3210	134.15	12.68	22.5757	identical
1044329	256	256	256	zenravif-444	6	20.0	3185	214.27	9.88	22.9294	identical
1044329	256	256	256	svt-rs-420	6	20.0	3934	16.47	9.97	17.3724	identical
1044329	256	256	256	zenravif-420	6	25.0	3689	139.12	14.55	29.6756	identical
1044329	256	256	256	zenravif-444	6	25.0	3796	234.30	13.08	27.8974	identical
1044329	256	256	256	svt-rs-420	6	25.0	4887	18.56	8.09	25.2200	identical
1044329	256	256	256	zenravif-420	6	30.0	4501	157.72	13.29	36.8460	identical
1044329	256	256	256	zenravif-444	6	30.0	4615	223.47	10.91	38.2468	identical
1044329	256	256	256	svt-rs-420	6	30.0	5999	19.19	6.37	32.5634	identical
1044329	256	256	256	zenravif-420	6	35.0	5348	164.77	11.99	46.1455	identical
1044329	256	256	256	zenravif-444	6	35.0	5514	249.07	18.65	47.1500	identical
1044329	256	256	256	svt-rs-420	6	35.0	7928	28.09	14.52	44.8095	identical
1044329	256	256	256	zenravif-420	6	40.0	6418	175.06	15.35	53.8885	identical
1044329	256	256	256	zenravif-444	6	40.0	6685	248.13	18.14	56.2003	identical
1044329	256	256	256	svt-rs-420	6	40.0	9484	20.94	9.31	51.9618	identical
1044329	256	256	256	zenravif-420	6	45.0	7674	167.45	15.54	59.0487	identical
1044329	256	256	256	zenravif-444	6	45.0	8146	262.18	10.26	61.8917	identical
1044329	256	256	256	svt-rs-420	6	45.0	11128	22.29	7.20	61.1264	identical
1044329	256	256	256	zenravif-420	6	50.0	8813	129.21	5.91	61.8874	identical
1044329	256	256	256	zenravif-444	6	50.0	9646	216.26	7.28	66.4985	identical
1044329	256	256	256	svt-rs-420	6	50.0	12867	35.24	12.60	63.9733	identical
1044329	256	256	256	zenravif-420	6	55.0	10015	163.78	5.76	65.6506	identical
1044329	256	256	256	zenravif-444	6	55.0	10972	200.89	8.81	69.4658	identical
1044329	256	256	256	svt-rs-420	6	55.0	14819	27.63	12.08	68.2739	identical
1044329	256	256	256	zenravif-420	6	60.0	11494	145.09	6.75	68.5533	identical
1044329	256	256	256	zenravif-444	6	60.0	12917	232.23	6.90	73.2900	identical
1044329	256	256	256	svt-rs-420	6	60.0	17583	27.10	7.58	71.1592	identical
1044329	256	256	256	zenravif-420	6	65.0	13207	142.04	7.77	71.8253	identical
1044329	256	256	256	zenravif-444	6	65.0	15011	227.59	6.68	76.5333	identical
1044329	256	256	256	svt-rs-420	6	65.0	19592	27.46	10.83	75.1106	identical
1044329	256	256	256	zenravif-420	6	70.0	14790	143.43	6.29	74.0261	identical
1044329	256	256	256	zenravif-444	6	70.0	16982	229.59	6.79	79.9288	identical
1044329	256	256	256	svt-rs-420	6	70.0	21095	27.62	9.85	76.4552	identical
1044329	256	256	256	zenravif-420	6	75.0	17392	153.53	6.23	77.0248	identical
1044329	256	256	256	zenravif-444	6	75.0	21011	241.49	8.86	83.4944	identical
1044329	256	256	256	svt-rs-420	6	75.0	23163	28.36	10.87	77.6376	identical
1044329	256	256	256	zenravif-420	6	80.0	19831	155.08	12.00	78.6336	identical
1044329	256	256	256	zenravif-444	6	80.0	24660	263.73	17.27	85.9048	identical
1044329	256	256	256	svt-rs-420	6	80.0	25311	27.33	10.10	78.8817	identical
1044329	256	256	256	zenravif-420	6	85.0	22749	165.79	6.61	80.0848	identical
1044329	256	256	256	zenravif-444	6	85.0	29516	272.39	7.82	88.1460	identical
1044329	256	256	256	svt-rs-420	6	85.0	28701	27.42	13.48	79.9201	identical
1044329	256	256	256	zenravif-420	6	90.0	27083	189.15	7.29	81.3761	identical
1044329	256	256	256	zenravif-444	6	90.0	36584	303.58	9.39	89.6857	identical
1044329	256	256	256	svt-rs-420	6	90.0	35484	24.17	5.51	81.7614	identical
1044329	256	256	256	zenravif-420	6	95.0	35054	211.33	7.83	82.5157	identical
1044329	256	256	256	zenravif-444	6	95.0	50212	316.14	9.12	92.4793	identical
1044329	256	256	256	svt-rs-420	6	95.0	44028	25.22	13.59	82.5066	identical
1044329	256	256	256	zenravif-420	6	100.0	59737	219.75	14.04	83.1665	identical
1044329	256	256	256	zenravif-444	6	100.0	97107	386.64	18.15	95.6062	identical
1044329	256	256	256	svt-rs-420	6	100.0	80578	37.23	12.18	-896.0046	identical
1044329	256	256	256	zenravif-420	9	5.0	2226	45.67	11.75	-4.9572	identical
1044329	256	256	256	zenravif-444	9	5.0	2136	71.51	15.02	-6.1898	identical
1044329	256	256	256	svt-rs-420	9	5.0	1874	11.70	11.00	-15.5922	identical
1044329	256	256	256	zenravif-420	9	10.0	2508	47.75	9.21	-0.0406	identical
1044329	256	256	256	zenravif-444	9	10.0	2423	72.24	13.23	1.6513	identical
1044329	256	256	256	svt-rs-420	9	10.0	2546	8.49	9.53	-0.1602	identical
1044329	256	256	256	zenravif-420	9	15.0	3062	61.52	9.59	9.5467	identical
1044329	256	256	256	zenravif-444	9	15.0	2998	76.37	10.99	9.6176	identical
1044329	256	256	256	svt-rs-420	9	15.0	3361	11.35	13.39	10.3299	identical
1044329	256	256	256	zenravif-420	9	20.0	3736	55.33	10.51	19.0222	identical
1044329	256	256	256	zenravif-444	9	20.0	3749	81.52	11.07	19.8062	identical
1044329	256	256	256	svt-rs-420	9	20.0	4171	9.78	9.00	19.7036	identical
1044329	256	256	256	zenravif-420	9	25.0	4475	50.41	9.66	26.6874	identical
1044329	256	256	256	zenravif-444	9	25.0	4540	82.48	6.92	27.1148	identical
1044329	256	256	256	svt-rs-420	9	25.0	5124	10.40	11.24	27.4183	identical
1044329	256	256	256	zenravif-420	9	30.0	5365	53.26	9.83	33.3884	identical
1044329	256	256	256	zenravif-444	9	30.0	5540	88.56	12.81	36.5141	identical
1044329	256	256	256	svt-rs-420	9	30.0	6356	11.12	11.46	32.6714	identical
1044329	256	256	256	zenravif-420	9	35.0	6464	69.60	11.03	41.0768	identical
1044329	256	256	256	zenravif-444	9	35.0	6738	117.86	12.37	42.9721	identical
1044329	256	256	256	svt-rs-420	9	35.0	8346	10.47	9.04	42.6706	identical
1044329	256	256	256	zenravif-420	9	40.0	7820	66.09	9.41	49.6266	identical
1044329	256	256	256	zenravif-444	9	40.0	8325	108.10	10.58	53.0174	identical
1044329	256	256	256	svt-rs-420	9	40.0	9952	11.44	11.75	49.7366	identical
1044329	256	256	256	zenravif-420	9	45.0	9287	58.51	9.14	56.1037	identical
1044329	256	256	256	zenravif-444	9	45.0	10005	92.19	7.22	59.6610	identical
1044329	256	256	256	svt-rs-420	9	45.0	11772	14.73	12.61	58.4173	identical
1044329	256	256	256	zenravif-420	9	50.0	10839	44.84	4.85	59.2921	identical
1044329	256	256	256	zenravif-444	9	50.0	11959	70.42	5.47	62.7575	identical
1044329	256	256	256	svt-rs-420	9	50.0	13615	18.09	12.21	63.2385	identical
1044329	256	256	256	zenravif-420	9	55.0	12448	40.10	5.14	63.0988	identical
1044329	256	256	256	zenravif-444	9	55.0	13908	63.17	5.66	67.4099	identical
1044329	256	256	256	svt-rs-420	9	55.0	15697	12.60	8.66	66.8498	identical
1044329	256	256	256	zenravif-420	9	60.0	14252	43.26	5.98	66.1392	identical
1044329	256	256	256	zenravif-444	9	60.0	16242	65.91	6.89	70.5350	identical
1044329	256	256	256	svt-rs-420	9	60.0	18595	13.28	12.49	70.7087	identical
1044329	256	256	256	zenravif-420	9	65.0	16246	45.27	10.67	69.5181	identical
1044329	256	256	256	zenravif-444	9	65.0	18855	82.81	9.55	74.4682	identical
1044329	256	256	256	svt-rs-420	9	65.0	20572	15.07	7.44	72.9668	identical
1044329	256	256	256	zenravif-420	9	70.0	18298	44.44	5.20	71.9157	identical
1044329	256	256	256	zenravif-444	9	70.0	21444	66.86	6.12	77.7764	identical
1044329	256	256	256	svt-rs-420	9	70.0	22381	14.16	8.52	74.1802	identical
1044329	256	256	256	zenravif-420	9	75.0	21679	42.77	5.49	75.7210	identical
1044329	256	256	256	zenravif-444	9	75.0	26473	72.98	6.44	82.1048	identical
1044329	256	256	256	svt-rs-420	9	75.0	24543	13.57	8.99	76.1957	identical
1044329	256	256	256	zenravif-420	9	80.0	24550	48.33	5.58	77.6036	identical
1044329	256	256	256	zenravif-444	9	80.0	30814	75.51	13.66	84.9200	identical
1044329	256	256	256	svt-rs-420	9	80.0	27156	12.72	8.62	78.0508	identical
1044329	256	256	256	zenravif-420	9	85.0	28042	56.55	5.74	79.5889	identical
1044329	256	256	256	zenravif-444	9	85.0	36404	78.85	15.80	87.4105	identical
1044329	256	256	256	svt-rs-420	9	85.0	30539	13.72	11.52	79.4181	identical
1044329	256	256	256	zenravif-420	9	90.0	33552	54.85	6.84	80.9405	identical
1044329	256	256	256	zenravif-444	9	90.0	45496	86.26	14.16	89.4409	identical
1044329	256	256	256	svt-rs-420	9	90.0	37592	10.83	6.54	81.4301	identical
1044329	256	256	256	zenravif-420	9	95.0	42908	63.78	6.70	82.2752	identical
1044329	256	256	256	zenravif-444	9	95.0	61718	97.43	8.12	92.7773	identical
1044329	256	256	256	svt-rs-420	9	95.0	46434	12.42	6.74	82.2495	identical
1044329	256	256	256	zenravif-420	9	100.0	66226	72.77	10.04	83.1076	identical
1044329	256	256	256	zenravif-444	9	100.0	109304	119.08	11.74	95.5106	identical
1044329	256	256	256	svt-rs-420	9	100.0	85335	14.55	8.63	-931.8426	identical
1189261	256	256	256	zenravif-420	2	5.0	1231	398.47	11.69	-4.7827	identical
1189261	256	256	256	zenravif-444	2	5.0	1190	488.90	15.38	-7.2346	identical
1189261	256	256	256	svt-rs-420	2	5.0	866	861.21	9.73	-15.9936	identical
1189261	256	256	256	zenravif-420	2	10.0	1333	382.57	14.18	2.0755	identical
1189261	256	256	256	zenravif-444	2	10.0	1289	550.14	13.18	1.5410	identical
1189261	256	256	256	svt-rs-420	2	10.0	1116	891.93	8.93	0.8108	identical
1189261	256	256	256	zenravif-420	2	15.0	1580	465.61	10.74	14.3672	identical
1189261	256	256	256	zenravif-444	2	15.0	1546	548.44	10.97	12.5614	identical
1189261	256	256	256	svt-rs-420	2	15.0	1423	1151.48	6.98	16.0129	identical
1189261	256	256	256	zenravif-420	2	20.0	1906	505.14	12.13	24.9210	identical
1189261	256	256	256	zenravif-444	2	20.0	1848	661.26	10.11	24.2586	identical
1189261	256	256	256	svt-rs-420	2	20.0	1700	1224.22	11.45	27.9241	identical
1189261	256	256	256	zenravif-420	2	25.0	2186	543.56	9.07	32.2943	identical
1189261	256	256	256	zenravif-444	2	25.0	2180	648.06	10.07	32.2461	identical
1189261	256	256	256	svt-rs-420	2	25.0	2003	1167.80	9.96	36.8608	identical
1189261	256	256	256	zenravif-420	2	30.0	2550	587.15	6.96	40.8424	identical
1189261	256	256	256	zenravif-444	2	30.0	2594	689.89	17.95	41.9686	identical
1189261	256	256	256	svt-rs-420	2	30.0	2344	1349.62	10.61	44.8781	identical
1189261	256	256	256	zenravif-420	2	35.0	2972	641.13	10.94	49.1464	identical
1189261	256	256	256	zenravif-444	2	35.0	3056	791.59	8.99	48.2156	identical
1189261	256	256	256	svt-rs-420	2	35.0	2927	1461.83	9.45	53.3344	identical
1189261	256	256	256	zenravif-420	2	40.0	3554	738.09	7.43	54.8238	identical
1189261	256	256	256	zenravif-444	2	40.0	3743	903.15	14.97	55.6124	identical
1189261	256	256	256	svt-rs-420	2	40.0	3450	1193.09	14.49	58.6193	identical
1189261	256	256	256	zenravif-420	2	45.0	4146	838.79	14.47	61.4815	identical
1189261	256	256	256	zenravif-444	2	45.0	4412	1141.89	9.42	62.2182	identical
1189261	256	256	256	svt-rs-420	2	45.0	4040	1280.29	17.61	63.2046	identical
1189261	256	256	256	zenravif-420	2	50.0	4829	670.26	27.36	66.5067	identical
1189261	256	256	256	zenravif-444	2	50.0	5115	798.39	7.28	67.4253	identical
1189261	256	256	256	svt-rs-420	2	50.0	4736	1203.61	10.90	67.6698	identical
1189261	256	256	256	zenravif-420	2	55.0	5549	681.53	5.94	70.2375	identical
1189261	256	256	256	zenravif-444	2	55.0	5885	804.08	10.40	71.2606	identical
1189261	256	256	256	svt-rs-420	2	55.0	5584	1407.23	12.42	72.1483	identical
1189261	256	256	256	zenravif-420	2	60.0	6299	729.14	9.46	73.2178	identical
1189261	256	256	256	zenravif-444	2	60.0	6903	838.87	6.79	75.0380	identical
1189261	256	256	256	svt-rs-420	2	60.0	6796	1176.38	11.56	76.3541	identical
1189261	256	256	256	zenravif-420	2	65.0	7318	798.53	6.06	76.3636	identical
1189261	256	256	256	zenravif-444	2	65.0	8051	903.07	7.36	78.7148	identical
1189261	256	256	256	svt-rs-420	2	65.0	7764	996.00	14.73	78.6817	identical
1189261	256	256	256	zenravif-420	2	70.0	8132	843.48	6.21	78.7703	identical
1189261	256	256	256	zenravif-444	2	70.0	9173	999.19	18.37	80.9988	identical
1189261	256	256	256	svt-rs-420	2	70.0	8635	1063.67	10.58	80.0202	identical
1189261	256	256	256	zenravif-420	2	75.0	9925	898.63	6.56	81.7768	identical
1189261	256	256	256	zenravif-444	2	75.0	11335	1026.22	7.83	84.4735	identical
1189261	256	256	256	svt-rs-420	2	75.0	9744	900.32	18.44	82.1125	identical
1189261	256	256	256	zenravif-420	2	80.0	11485	1068.14	9.45	83.7212	identical
1189261	256	256	256	zenravif-444	2	80.0	13541	1153.59	8.89	86.7632	identical
1189261	256	256	256	svt-rs-420	2	80.0	11531	719.27	14.45	84.0990	identical
1189261	256	256	256	zenravif-420	2	85.0	13556	1034.21	7.24	85.5955	identical
1189261	256	256	256	zenravif-444	2	85.0	16370	1207.60	18.33	89.0731	identical
1189261	256	256	256	svt-rs-420	2	85.0	13747	739.93	14.10	85.8071	identical
1189261	256	256	256	zenravif-420	2	90.0	17247	1186.59	11.42	87.0671	identical
1189261	256	256	256	zenravif-444	2	90.0	21571	1389.08	13.13	91.2580	identical
1189261	256	256	256	svt-rs-420	2	90.0	18705	782.90	10.82	87.9414	identical
1189261	256	256	256	zenravif-420	2	95.0	24917	1456.99	10.43	88.7305	identical
1189261	256	256	256	zenravif-444	2	95.0	32166	1556.71	26.31	93.6956	identical
1189261	256	256	256	svt-rs-420	2	95.0	26324	1035.27	10.85	89.1640	identical
1189261	256	256	256	zenravif-420	2	100.0	49252	1078.57	50.34	89.6570	identical
1189261	256	256	256	zenravif-444	2	100.0	78879	1382.27	21.04	96.2924	identical
1189261	256	256	256	svt-rs-420	2	100.0	56944	630.42	11.99	-632.6284	identical
1189261	256	256	256	zenravif-420	6	5.0	1416	109.56	11.57	-3.0116	identical
1189261	256	256	256	zenravif-444	6	5.0	1379	148.16	16.58	-3.3718	identical
1189261	256	256	256	svt-rs-420	6	5.0	879	12.71	12.53	-24.0757	identical
1189261	256	256	256	zenravif-420	6	10.0	1534	98.69	12.70	2.6311	identical
1189261	256	256	256	zenravif-444	6	10.0	1497	147.63	15.90	3.8709	identical
1189261	256	256	256	svt-rs-420	6	10.0	1167	10.61	8.48	-5.7439	identical
1189261	256	256	256	zenravif-420	6	15.0	1835	103.21	10.70	15.6361	identical
1189261	256	256	256	zenravif-444	6	15.0	1768	161.93	24.48	15.6863	identical
1189261	256	256	256	svt-rs-420	6	15.0	1491	19.48	12.53	8.4521	identical
1189261	256	256	256	zenravif-420	6	20.0	2114	111.00	10.67	25.0873	identical
1189261	256	256	256	zenravif-444	6	20.0	2080	192.81	9.82	25.3791	identical
1189261	256	256	256	svt-rs-420	6	20.0	1796	13.89	8.59	19.4703	identical
1189261	256	256	256	zenravif-420	6	25.0	2423	121.62	9.05	34.7927	identical
1189261	256	256	256	zenravif-444	6	25.0	2406	180.40	13.55	35.3509	identical
1189261	256	256	256	svt-rs-420	6	25.0	2129	14.07	9.78	30.4572	identical
1189261	256	256	256	zenravif-420	6	30.0	2841	119.38	13.07	43.1261	identical
1189261	256	256	256	zenravif-444	6	30.0	2921	228.13	10.09	42.8282	identical
1189261	256	256	256	svt-rs-420	6	30.0	2601	14.30	7.35	40.8666	identical
1189261	256	256	256	zenravif-420	6	35.0	3303	127.08	9.43	50.1980	identical
1189261	256	256	256	zenravif-444	6	35.0	3423	203.77	7.13	51.1224	identical
1189261	256	256	256	svt-rs-420	6	35.0	3393	16.31	8.13	50.4867	identical
1189261	256	256	256	zenravif-420	6	40.0	3869	128.98	10.39	56.8229	identical
1189261	256	256	256	zenravif-444	6	40.0	4058	196.33	14.49	57.7540	identical
1189261	256	256	256	svt-rs-420	6	40.0	4078	16.74	9.32	57.0653	identical
1189261	256	256	256	zenravif-420	6	45.0	4588	127.80	8.71	61.2870	identical
1189261	256	256	256	zenravif-444	6	45.0	4810	202.68	12.02	63.1700	identical
1189261	256	256	256	svt-rs-420	6	45.0	4820	18.65	7.01	62.0518	identical
1189261	256	256	256	zenravif-420	6	50.0	5234	93.07	5.55	67.8527	identical
1189261	256	256	256	zenravif-444	6	50.0	5542	141.36	6.17	68.1812	identical
1189261	256	256	256	svt-rs-420	6	50.0	5621	19.53	9.58	66.5047	identical
1189261	256	256	256	zenravif-420	6	55.0	5979	101.54	4.57	70.6127	identical
1189261	256	256	256	zenravif-444	6	55.0	6443	147.36	10.60	71.8288	identical
1189261	256	256	256	svt-rs-420	6	55.0	6623	20.63	6.41	71.3111	identical
1189261	256	256	256	zenravif-420	6	60.0	6847	98.49	14.43	73.9088	identical
1189261	256	256	256	zenravif-444	6	60.0	7522	145.86	6.36	76.0418	identical
1189261	256	256	256	svt-rs-420	6	60.0	8020	25.20	7.58	75.7884	identical
1189261	256	256	256	zenravif-420	6	65.0	7928	103.44	6.70	76.6298	identical
1189261	256	256	256	zenravif-444	6	65.0	8741	151.66	7.80	79.2870	identical
1189261	256	256	256	svt-rs-420	6	65.0	9220	23.95	8.85	77.7418	identical
1189261	256	256	256	zenravif-420	6	70.0	8942	112.72	7.04	79.6800	identical
1189261	256	256	256	zenravif-444	6	70.0	9946	175.70	9.59	81.3606	identical
1189261	256	256	256	svt-rs-420	6	70.0	10215	23.65	8.08	79.9636	identical
1189261	256	256	256	zenravif-420	6	75.0	10894	111.75	5.90	82.4293	identical
1189261	256	256	256	zenravif-444	6	75.0	12392	186.16	7.09	85.0158	identical
1189261	256	256	256	svt-rs-420	6	75.0	11457	24.59	7.88	81.5284	identical
1189261	256	256	256	zenravif-420	6	80.0	12519	127.65	7.87	83.6592	identical
1189261	256	256	256	zenravif-444	6	80.0	14695	184.89	7.86	87.2926	identical
1189261	256	256	256	svt-rs-420	6	80.0	13404	25.02	13.56	83.6736	identical
1189261	256	256	256	zenravif-420	6	85.0	14789	133.66	7.73	85.5067	identical
1189261	256	256	256	zenravif-444	6	85.0	17708	191.88	11.04	89.0908	identical
1189261	256	256	256	svt-rs-420	6	85.0	15767	27.00	10.66	85.6684	identical
1189261	256	256	256	zenravif-420	6	90.0	18759	131.95	8.25	87.4621	identical
1189261	256	256	256	zenravif-444	6	90.0	23236	206.06	6.14	91.4517	identical
1189261	256	256	256	svt-rs-420	6	90.0	21442	32.63	5.36	87.7439	identical
1189261	256	256	256	zenravif-420	6	95.0	26500	155.23	8.24	88.7776	identical
1189261	256	256	256	zenravif-444	6	95.0	34760	240.35	7.53	93.7582	identical
1189261	256	256	256	svt-rs-420	6	95.0	29998	23.78	5.18	88.8918	identical
1189261	256	256	256	zenravif-420	6	100.0	48246	175.14	11.70	89.5428	identical
1189261	256	256	256	zenravif-444	6	100.0	77609	310.37	12.78	95.8477	identical
1189261	256	256	256	svt-rs-420	6	100.0	64220	30.78	8.59	-717.9178	identical
1189261	256	256	256	zenravif-420	9	5.0	1421	38.71	4.20	-2.4551	identical
1189261	256	256	256	zenravif-444	9	5.0	1376	59.79	6.18	-5.0908	identical
1189261	256	256	256	svt-rs-420	9	5.0	962	5.73	4.12	-22.9816	identical
1189261	256	256	256	zenravif-420	9	10.0	1536	38.41	6.56	2.5928	identical
1189261	256	256	256	zenravif-444	9	10.0	1489	61.45	7.76	2.3753	identical
1189261	256	256	256	svt-rs-420	9	10.0	1209	6.05	7.04	-9.4136	identical
1189261	256	256	256	zenravif-420	9	15.0	1808	52.07	6.17	15.2895	identical
1189261	256	256	256	zenravif-444	9	15.0	1792	69.62	5.89	12.5153	identical
1189261	256	256	256	svt-rs-420	9	15.0	1533	6.35	4.03	7.2438	identical
1189261	256	256	256	zenravif-420	9	20.0	2123	47.84	4.83	24.3890	identical
1189261	256	256	256	zenravif-444	9	20.0	2114	71.81	6.61	24.8292	identical
1189261	256	256	256	svt-rs-420	9	20.0	1836	6.85	5.28	19.9740	identical
1189261	256	256	256	zenravif-420	9	25.0	2490	43.06	8.96	33.9181	identical
1189261	256	256	256	zenravif-444	9	25.0	2507	73.51	12.89	33.9099	identical
1189261	256	256	256	svt-rs-420	9	25.0	2216	7.36	5.26	29.5593	identical
1189261	256	256	256	zenravif-420	9	30.0	2959	44.53	6.81	43.4236	identical
1189261	256	256	256	zenravif-444	9	30.0	3014	86.02	9.53	42.2762	identical
1189261	256	256	256	svt-rs-420	9	30.0	2731	7.57	4.64	39.9410	identical
1189261	256	256	256	zenravif-420	9	35.0	3482	46.21	10.58	50.2207	identical
1189261	256	256	256	zenravif-444	9	35.0	3602	92.57	7.19	50.1124	identical
1189261	256	256	256	svt-rs-420	9	35.0	3485	7.69	5.63	48.8479	identical
1189261	256	256	256	zenravif-420	9	40.0	4115	46.63	3.71	56.7606	identical
1189261	256	256	256	zenravif-444	9	40.0	4337	103.71	7.64	57.2437	identical
1189261	256	256	256	svt-rs-420	9	40.0	4190	11.87	6.09	54.9286	identical
1189261	256	256	256	zenravif-420	9	45.0	4848	62.49	7.25	62.0370	identical
1189261	256	256	256	zenravif-444	9	45.0	5146	79.57	7.13	62.8073	identical
1189261	256	256	256	svt-rs-420	9	45.0	5012	8.44	6.61	60.6485	identical
1189261	256	256	256	zenravif-420	9	50.0	5666	37.74	3.70	66.5528	identical
1189261	256	256	256	zenravif-444	9	50.0	6150	63.44	3.46	67.0644	identical
1189261	256	256	256	svt-rs-420	9	50.0	5922	8.78	6.70	65.7564	identical
1189261	256	256	256	zenravif-420	9	55.0	6567	31.96	4.33	69.6137	identical
1189261	256	256	256	zenravif-444	9	55.0	7125	53.42	4.55	71.1390	identical
1189261	256	256	256	svt-rs-420	9	55.0	6958	8.97	4.81	70.5287	identical
1189261	256	256	256	zenravif-420	9	60.0	7535	32.52	7.21	73.4400	identical
1189261	256	256	256	zenravif-444	9	60.0	8324	57.76	7.65	74.7200	identical
1189261	256	256	256	svt-rs-420	9	60.0	8522	9.51	9.25	75.6612	identical
1189261	256	256	256	zenravif-420	9	65.0	8740	34.52	5.49	76.3454	identical
1189261	256	256	256	zenravif-444	9	65.0	9827	54.78	4.02	78.8000	identical
1189261	256	256	256	svt-rs-420	9	65.0	9754	10.22	8.65	77.6924	identical
1189261	256	256	256	zenravif-420	9	70.0	9874	36.20	4.41	79.1302	identical
1189261	256	256	256	zenravif-444	9	70.0	11197	64.97	5.74	80.9235	identical
1189261	256	256	256	svt-rs-420	9	70.0	10898	10.37	9.44	79.6247	identical
1189261	256	256	256	zenravif-420	9	75.0	12037	35.91	11.44	82.3544	identical
1189261	256	256	256	zenravif-444	9	75.0	13937	57.09	5.79	84.3298	identical
1189261	256	256	256	svt-rs-420	9	75.0	12125	10.54	5.94	81.0274	identical
1189261	256	256	256	zenravif-420	9	80.0	13866	40.54	4.47	83.7093	identical
1189261	256	256	256	zenravif-444	9	80.0	16649	70.24	6.32	86.8363	identical
1189261	256	256	256	svt-rs-420	9	80.0	14248	11.44	6.40	83.7620	identical
1189261	256	256	256	zenravif-420	9	85.0	16400	42.18	6.09	85.9747	identical
1189261	256	256	256	zenravif-444	9	85.0	20011	66.29	5.71	88.8116	identical
1189261	256	256	256	svt-rs-420	9	85.0	16808	14.02	5.59	85.5900	identical
1189261	256	256	256	zenravif-420	9	90.0	20656	45.12	9.54	87.2176	identical
1189261	256	256	256	zenravif-444	9	90.0	26180	71.21	5.81	91.2501	identical
1189261	256	256	256	svt-rs-420	9	90.0	22756	10.28	5.40	87.3064	identical
1189261	256	256	256	zenravif-420	9	95.0	28950	48.71	5.75	88.5815	identical
1189261	256	256	256	zenravif-444	9	95.0	38744	77.60	8.97	93.7613	identical
1189261	256	256	256	svt-rs-420	9	95.0	31481	15.39	6.11	88.9029	identical
1189261	256	256	256	zenravif-420	9	100.0	49644	61.69	6.85	89.5909	identical
1189261	256	256	256	zenravif-444	9	100.0	80522	117.64	10.00	95.7529	identical
1189261	256	256	256	svt-rs-420	9	100.0	66276	13.05	6.95	-550.7853	identical
1279330	256	256	256	zenravif-420	2	5.0	1112	398.82	8.80	4.7454	identical
1279330	256	256	256	zenravif-444	2	5.0	1079	450.61	7.92	4.2470	identical
1279330	256	256	256	svt-rs-420	2	5.0	830	1002.35	5.22	-6.6454	identical
1279330	256	256	256	zenravif-420	2	10.0	1226	444.73	5.29	11.5620	identical
1279330	256	256	256	zenravif-444	2	10.0	1186	462.38	17.41	10.8632	identical
1279330	256	256	256	svt-rs-420	2	10.0	1045	865.82	6.71	11.9688	identical
1279330	256	256	256	zenravif-420	2	15.0	1394	458.44	6.28	23.7850	identical
1279330	256	256	256	zenravif-444	2	15.0	1377	545.94	8.65	23.2297	identical
1279330	256	256	256	svt-rs-420	2	15.0	1225	861.23	5.76	23.4571	identical
1279330	256	256	256	zenravif-420	2	20.0	1598	478.20	6.96	33.2218	identical
1279330	256	256	256	zenravif-444	2	20.0	1585	558.85	6.59	32.6420	identical
1279330	256	256	256	svt-rs-420	2	20.0	1483	947.98	15.06	37.9573	identical
1279330	256	256	256	zenravif-420	2	25.0	1834	511.22	11.45	42.1559	identical
1279330	256	256	256	zenravif-444	2	25.0	1865	599.80	10.93	43.1949	identical
1279330	256	256	256	svt-rs-420	2	25.0	1691	905.80	10.13	45.2708	identical
1279330	256	256	256	zenravif-420	2	30.0	2171	540.47	9.24	51.4640	identical
1279330	256	256	256	zenravif-444	2	30.0	2162	636.91	11.33	49.9980	identical
1279330	256	256	256	svt-rs-420	2	30.0	1955	1034.40	16.56	50.0492	identical
1279330	256	256	256	zenravif-420	2	35.0	2475	597.81	6.59	56.6720	identical
1279330	256	256	256	zenravif-444	2	35.0	2519	706.20	9.32	56.3480	identical
1279330	256	256	256	svt-rs-420	2	35.0	2415	1106.13	10.49	61.7584	identical
1279330	256	256	256	zenravif-420	2	40.0	2918	669.77	7.85	64.2823	identical
1279330	256	256	256	zenravif-444	2	40.0	2986	771.37	9.35	64.6674	identical
1279330	256	256	256	svt-rs-420	2	40.0	2776	897.30	38.78	65.3244	identical
1279330	256	256	256	zenravif-420	2	45.0	3340	691.22	11.31	69.7803	identical
1279330	256	256	256	zenravif-444	2	45.0	3511	803.03	10.49	69.3141	identical
1279330	256	256	256	svt-rs-420	2	45.0	3234	1101.69	5.46	70.7428	identical
1279330	256	256	256	zenravif-420	2	50.0	3772	702.28	7.32	72.6459	identical
1279330	256	256	256	zenravif-444	2	50.0	4004	757.26	10.64	73.5490	identical
1279330	256	256	256	svt-rs-420	2	50.0	3626	1019.01	5.05	74.3001	identical
1279330	256	256	256	zenravif-420	2	55.0	4268	730.51	5.44	76.3051	identical
1279330	256	256	256	zenravif-444	2	55.0	4530	812.42	15.47	76.4731	identical
1279330	256	256	256	svt-rs-420	2	55.0	4227	970.48	11.08	78.1210	identical
1279330	256	256	256	zenravif-420	2	60.0	4802	696.12	7.17	78.3706	identical
1279330	256	256	256	zenravif-444	2	60.0	5143	834.48	5.67	80.2817	identical
1279330	256	256	256	svt-rs-420	2	60.0	5097	1010.83	9.63	81.0235	identical
1279330	256	256	256	zenravif-420	2	65.0	5452	785.94	5.95	81.5925	identical
1279330	256	256	256	zenravif-444	2	65.0	5840	878.26	8.55	82.8328	identical
1279330	256	256	256	svt-rs-420	2	65.0	5718	881.08	9.50	83.4549	identical
1279330	256	256	256	zenravif-420	2	70.0	5997	828.23	12.58	83.1155	identical
1279330	256	256	256	zenravif-444	2	70.0	6592	926.01	6.79	84.7097	identical
1279330	256	256	256	svt-rs-420	2	70.0	6346	893.99	12.56	84.5868	identical
1279330	256	256	256	zenravif-420	2	75.0	7211	901.50	6.24	85.4928	identical
1279330	256	256	256	zenravif-444	2	75.0	8035	1072.87	6.06	87.2093	identical
1279330	256	256	256	svt-rs-420	2	75.0	7089	753.76	10.54	86.0743	identical
1279330	256	256	256	zenravif-420	2	80.0	8229	962.05	5.85	87.0619	identical
1279330	256	256	256	zenravif-444	2	80.0	9395	1018.43	6.60	89.3523	identical
1279330	256	256	256	svt-rs-420	2	80.0	8305	610.14	10.12	88.1783	identical
1279330	256	256	256	zenravif-420	2	85.0	9780	989.65	5.59	88.8250	identical
1279330	256	256	256	zenravif-444	2	85.0	11184	1130.05	6.72	90.6185	identical
1279330	256	256	256	svt-rs-420	2	85.0	9751	637.76	12.29	89.5996	identical
1279330	256	256	256	zenravif-420	2	90.0	12252	1113.67	4.95	90.6631	identical
1279330	256	256	256	zenravif-444	2	90.0	14347	1141.46	9.51	92.5126	identical
1279330	256	256	256	svt-rs-420	2	90.0	12992	682.78	8.32	91.4698	identical
1279330	256	256	256	zenravif-420	2	95.0	17572	1270.26	11.46	92.1368	identical
1279330	256	256	256	zenravif-444	2	95.0	21268	1323.00	7.23	94.2937	identical
1279330	256	256	256	svt-rs-420	2	95.0	18783	713.84	8.52	92.7686	identical
1279330	256	256	256	zenravif-420	2	100.0	42854	852.51	13.30	93.5093	identical
1279330	256	256	256	zenravif-444	2	100.0	65710	1045.60	20.51	96.4716	identical
1279330	256	256	256	svt-rs-420	2	100.0	48771	558.34	9.58	-581.6549	identical
1279330	256	256	256	zenravif-420	6	5.0	1313	93.28	9.24	8.2555	identical
1279330	256	256	256	zenravif-444	6	5.0	1266	125.37	11.71	5.5128	identical
1279330	256	256	256	svt-rs-420	6	5.0	841	13.78	5.38	-13.5488	identical
1279330	256	256	256	zenravif-420	6	10.0	1407	98.96	7.26	15.8550	identical
1279330	256	256	256	zenravif-444	6	10.0	1360	147.61	9.15	12.2697	identical
1279330	256	256	256	svt-rs-420	6	10.0	1014	11.00	5.18	3.9849	identical
1279330	256	256	256	zenravif-420	6	15.0	1606	102.64	6.46	25.2654	identical
1279330	256	256	256	zenravif-444	6	15.0	1581	139.34	6.65	23.2370	identical
1279330	256	256	256	svt-rs-420	6	15.0	1219	14.59	7.03	16.0955	identical
1279330	256	256	256	zenravif-420	6	20.0	1857	110.97	7.06	36.8901	identical
1279330	256	256	256	zenravif-444	6	20.0	1827	169.27	13.91	36.9776	identical
1279330	256	256	256	svt-rs-420	6	20.0	1459	10.87	5.45	25.8153	identical
1279330	256	256	256	zenravif-420	6	25.0	2098	119.43	6.60	43.3886	identical
1279330	256	256	256	zenravif-444	6	25.0	2111	192.12	8.44	43.7335	identical
1279330	256	256	256	svt-rs-420	6	25.0	1718	10.84	5.63	36.3697	identical
1279330	256	256	256	zenravif-420	6	30.0	2431	123.41	10.72	51.6400	identical
1279330	256	256	256	zenravif-444	6	30.0	2461	189.45	6.62	52.8006	identical
1279330	256	256	256	svt-rs-420	6	30.0	2048	12.29	8.28	45.9604	identical
1279330	256	256	256	zenravif-420	6	35.0	2796	131.07	8.20	59.1314	identical
1279330	256	256	256	zenravif-444	6	35.0	2846	186.74	14.71	59.4427	identical
1279330	256	256	256	svt-rs-420	6	35.0	2597	18.52	5.47	57.4005	identical
1279330	256	256	256	zenravif-420	6	40.0	3238	148.81	11.27	66.0915	identical
1279330	256	256	256	zenravif-444	6	40.0	3350	202.09	6.39	65.9122	identical
1279330	256	256	256	svt-rs-420	6	40.0	3056	14.49	4.30	62.2567	identical
1279330	256	256	256	zenravif-420	6	45.0	3706	128.67	8.12	70.9034	identical
1279330	256	256	256	zenravif-444	6	45.0	3818	219.32	11.38	70.7141	identical
1279330	256	256	256	svt-rs-420	6	45.0	3609	12.70	7.55	67.4525	identical
1279330	256	256	256	zenravif-420	6	50.0	4177	102.27	5.98	74.5119	identical
1279330	256	256	256	zenravif-444	6	50.0	4403	163.53	5.41	75.3828	identical
1279330	256	256	256	svt-rs-420	6	50.0	4188	17.11	6.83	73.0888	identical
1279330	256	256	256	zenravif-420	6	55.0	4700	113.48	6.53	77.1392	identical
1279330	256	256	256	zenravif-444	6	55.0	4993	200.33	5.24	78.4857	identical
1279330	256	256	256	svt-rs-420	6	55.0	4850	13.98	8.53	76.7614	identical
1279330	256	256	256	zenravif-420	6	60.0	5257	107.12	4.85	79.6037	identical
1279330	256	256	256	zenravif-444	6	60.0	5605	166.02	5.20	80.4025	identical
1279330	256	256	256	svt-rs-420	6	60.0	5839	18.67	8.22	80.7471	identical
1279330	256	256	256	zenravif-420	6	65.0	5946	156.73	4.89	81.8629	identical
1279330	256	256	256	zenravif-444	6	65.0	6472	173.87	4.32	83.4428	identical
1279330	256	256	256	svt-rs-420	6	65.0	6701	20.05	7.25	83.0178	identical
1279330	256	256	256	zenravif-420	6	70.0	6631	138.68	4.56	83.5313	identical
1279330	256	256	256	zenravif-444	6	70.0	7300	171.73	25.79	85.3357	identical
1279330	256	256	256	svt-rs-420	6	70.0	7374	17.59	8.52	84.3001	identical
1279330	256	256	256	zenravif-420	6	75.0	7901	115.13	7.85	86.3048	identical
1279330	256	256	256	zenravif-444	6	75.0	8792	217.03	5.70	87.8773	identical
1279330	256	256	256	svt-rs-420	6	75.0	8214	17.71	11.87	85.8461	identical
1279330	256	256	256	zenravif-420	6	80.0	8991	137.31	5.47	87.6518	identical
1279330	256	256	256	zenravif-444	6	80.0	10175	183.75	9.99	89.4484	identical
1279330	256	256	256	svt-rs-420	6	80.0	9453	18.12	5.62	87.8997	identical
1279330	256	256	256	zenravif-420	6	85.0	10522	123.81	6.79	89.1089	identical
1279330	256	256	256	zenravif-444	6	85.0	12156	198.01	5.95	91.0878	identical
1279330	256	256	256	svt-rs-420	6	85.0	11091	18.56	6.03	89.4792	identical
1279330	256	256	256	zenravif-420	6	90.0	13237	145.45	5.60	90.5607	identical
1279330	256	256	256	zenravif-444	6	90.0	15488	199.62	6.82	92.7667	identical
1279330	256	256	256	svt-rs-420	6	90.0	15000	15.39	5.84	91.1191	identical
1279330	256	256	256	zenravif-420	6	95.0	18712	153.72	5.50	92.2304	identical
1279330	256	256	256	zenravif-444	6	95.0	22839	228.34	12.88	94.4402	identical
1279330	256	256	256	svt-rs-420	6	95.0	21024	17.35	5.91	92.5302	identical
1279330	256	256	256	zenravif-420	6	100.0	39386	156.97	9.10	93.4743	identical
1279330	256	256	256	zenravif-444	6	100.0	60392	268.95	16.55	96.2288	identical
1279330	256	256	256	svt-rs-420	6	100.0	54872	23.97	7.99	-719.3150	identical
1279330	256	256	256	zenravif-420	9	5.0	1301	45.27	10.44	6.6584	identical
1279330	256	256	256	zenravif-444	9	5.0	1275	74.75	14.89	6.6518	identical
1279330	256	256	256	svt-rs-420	9	5.0	965	5.94	10.63	-12.1086	identical
1279330	256	256	256	zenravif-420	9	10.0	1397	80.18	48.79	13.1445	identical
1279330	256	256	256	zenravif-444	9	10.0	1368	117.81	5.93	12.2222	identical
1279330	256	256	256	svt-rs-420	9	10.0	1170	12.45	17.57	4.6233	identical
1279330	256	256	256	zenravif-420	9	15.0	1622	49.00	9.12	26.4030	identical
1279330	256	256	256	zenravif-444	9	15.0	1580	76.26	10.97	22.5476	identical
1279330	256	256	256	svt-rs-420	9	15.0	1411	12.15	9.24	19.3531	identical
1279330	256	256	256	zenravif-420	9	20.0	1861	58.18	12.62	37.4603	identical
1279330	256	256	256	zenravif-444	9	20.0	1850	71.85	10.26	35.6407	identical
1279330	256	256	256	svt-rs-420	9	20.0	1669	7.09	9.67	29.6945	identical
1279330	256	256	256	zenravif-420	9	25.0	2136	71.95	38.50	43.4593	identical
1279330	256	256	256	zenravif-444	9	25.0	2135	140.14	10.64	43.5791	identical
1279330	256	256	256	svt-rs-420	9	25.0	1951	7.15	24.43	40.9047	identical
1279330	256	256	256	zenravif-420	9	30.0	2465	43.81	11.19	52.3492	identical
1279330	256	256	256	zenravif-444	9	30.0	2492	74.93	8.83	52.6338	identical
1279330	256	256	256	svt-rs-420	9	30.0	2279	7.47	7.63	48.5149	identical
1279330	256	256	256	zenravif-420	9	35.0	2837	46.30	14.35	58.6678	identical
1279330	256	256	256	zenravif-444	9	35.0	2898	96.07	18.10	59.9715	identical
1279330	256	256	256	svt-rs-420	9	35.0	2857	16.77	87.67	57.4215	identical
1279330	256	256	256	zenravif-420	9	40.0	3278	90.07	9.40	64.9006	identical
1279330	256	256	256	zenravif-444	9	40.0	3403	148.17	19.73	65.7867	identical
1279330	256	256	256	svt-rs-420	9	40.0	3354	13.77	36.73	63.6112	identical
1279330	256	256	256	zenravif-420	9	45.0	3820	94.38	11.88	69.6806	identical
1279330	256	256	256	zenravif-444	9	45.0	3961	89.64	17.07	70.5896	identical
1279330	256	256	256	svt-rs-420	9	45.0	3922	7.76	23.44	68.2160	identical
1279330	256	256	256	zenravif-420	9	50.0	4336	55.58	15.97	73.5514	identical
1279330	256	256	256	zenravif-444	9	50.0	4583	85.27	12.18	74.3418	identical
1279330	256	256	256	svt-rs-420	9	50.0	4525	11.23	19.24	72.9501	identical
1279330	256	256	256	zenravif-420	9	55.0	4915	30.46	3.53	76.1229	identical
1279330	256	256	256	zenravif-444	9	55.0	5204	47.07	4.62	77.1223	identical
1279330	256	256	256	svt-rs-420	9	55.0	5271	8.10	5.13	76.5472	identical
1279330	256	256	256	zenravif-420	9	60.0	5485	30.86	5.40	79.1019	identical
1279330	256	256	256	zenravif-444	9	60.0	5900	51.79	4.72	80.1963	identical
1279330	256	256	256	svt-rs-420	9	60.0	6320	9.06	6.53	80.8934	identical
1279330	256	256	256	zenravif-420	9	65.0	6240	32.69	4.40	81.4417	identical
1279330	256	256	256	zenravif-444	9	65.0	6773	51.65	4.68	82.7781	identical
1279330	256	256	256	svt-rs-420	9	65.0	7178	8.71	6.72	82.6184	identical
1279330	256	256	256	zenravif-420	9	70.0	6997	32.63	3.93	83.4719	identical
1279330	256	256	256	zenravif-444	9	70.0	7695	53.64	10.05	84.7773	identical
1279330	256	256	256	svt-rs-420	9	70.0	7926	9.04	6.87	84.4421	identical
1279330	256	256	256	zenravif-420	9	75.0	8342	32.41	3.93	86.2468	identical
1279330	256	256	256	zenravif-444	9	75.0	9321	83.26	4.36	87.6370	identical
1279330	256	256	256	svt-rs-420	9	75.0	8852	8.76	5.94	85.8687	identical
1279330	256	256	256	zenravif-420	9	80.0	9546	37.13	4.73	87.3773	identical
1279330	256	256	256	zenravif-444	9	80.0	10792	61.11	4.70	89.1193	identical
1279330	256	256	256	svt-rs-420	9	80.0	10227	10.95	5.97	87.8599	identical
1279330	256	256	256	zenravif-420	9	85.0	11194	57.97	6.86	89.1773	identical
1279330	256	256	256	zenravif-444	9	85.0	12941	60.11	5.97	90.8407	identical
1279330	256	256	256	svt-rs-420	9	85.0	11874	13.90	6.87	89.3203	identical
1279330	256	256	256	zenravif-420	9	90.0	13944	58.34	4.08	90.6137	identical
1279330	256	256	256	zenravif-444	9	90.0	16513	59.96	3.83	92.7251	identical
1279330	256	256	256	svt-rs-420	9	90.0	15971	6.75	3.70	91.1456	identical
1279330	256	256	256	zenravif-420	9	95.0	19737	42.73	10.01	92.0192	identical
1279330	256	256	256	zenravif-444	9	95.0	24232	72.11	5.99	94.4384	identical
1279330	256	256	256	svt-rs-420	9	95.0	22420	8.01	4.38	92.5736	identical
1279330	256	256	256	zenravif-420	9	100.0	38883	53.47	6.75	93.3195	identical
1279330	256	256	256	zenravif-444	9	100.0	59745	93.21	8.23	96.0625	identical
1279330	256	256	256	svt-rs-420	9	100.0	55563	12.09	5.83	-577.2289	identical
1418519	256	256	256	zenravif-420	2	5.0	707	356.04	4.56	8.6566	identical
1418519	256	256	256	zenravif-444	2	5.0	697	422.94	8.71	7.2405	identical
1418519	256	256	256	svt-rs-420	2	5.0	542	538.07	5.33	-8.3598	identical
1418519	256	256	256	zenravif-420	2	10.0	733	373.39	7.17	11.8970	identical
1418519	256	256	256	zenravif-444	2	10.0	725	510.11	11.53	11.9572	identical
1418519	256	256	256	svt-rs-420	2	10.0	648	565.81	4.48	9.0564	identical
1418519	256	256	256	zenravif-420	2	15.0	862	456.41	9.62	21.3107	identical
1418519	256	256	256	zenravif-444	2	15.0	834	570.35	11.16	20.3096	identical
1418519	256	256	256	svt-rs-420	2	15.0	776	650.12	5.60	21.5800	identical
1418519	256	256	256	zenravif-420	2	20.0	963	445.74	8.85	32.0533	identical
1418519	256	256	256	zenravif-444	2	20.0	967	588.40	9.08	34.0059	identical
1418519	256	256	256	svt-rs-420	2	20.0	899	675.40	5.53	33.6394	identical
1418519	256	256	256	zenravif-420	2	25.0	1080	517.24	5.31	40.5049	identical
1418519	256	256	256	zenravif-444	2	25.0	1100	589.51	8.53	40.6687	identical
1418519	256	256	256	svt-rs-420	2	25.0	1041	657.26	8.72	39.7106	identical
1418519	256	256	256	zenravif-420	2	30.0	1264	483.76	10.70	45.3063	identical
1418519	256	256	256	zenravif-444	2	30.0	1259	629.70	15.47	45.9968	identical
1418519	256	256	256	svt-rs-420	2	30.0	1165	662.44	13.19	47.8305	identical
1418519	256	256	256	zenravif-420	2	35.0	1453	531.39	9.90	54.6044	identical
1418519	256	256	256	zenravif-444	2	35.0	1434	613.16	12.94	54.3663	identical
1418519	256	256	256	svt-rs-420	2	35.0	1410	701.14	12.60	54.4098	identical
1418519	256	256	256	zenravif-420	2	40.0	1673	554.19	6.99	59.4838	identical
1418519	256	256	256	zenravif-444	2	40.0	1732	701.41	8.67	60.4481	identical
1418519	256	256	256	svt-rs-420	2	40.0	1651	657.95	8.90	60.9485	identical
1418519	256	256	256	zenravif-420	2	45.0	1936	598.33	12.72	63.9817	identical
1418519	256	256	256	zenravif-444	2	45.0	1974	702.52	11.42	64.9780	identical
1418519	256	256	256	svt-rs-420	2	45.0	1916	751.18	12.49	66.4365	identical
1418519	256	256	256	zenravif-420	2	50.0	2307	568.25	4.35	70.0706	identical
1418519	256	256	256	zenravif-444	2	50.0	2357	571.20	5.18	70.3162	identical
1418519	256	256	256	svt-rs-420	2	50.0	2195	729.35	7.20	70.3687	identical
1418519	256	256	256	zenravif-420	2	55.0	2615	532.90	4.67	73.0687	identical
1418519	256	256	256	zenravif-444	2	55.0	2696	620.95	6.80	73.4131	identical
1418519	256	256	256	svt-rs-420	2	55.0	2530	666.31	11.85	73.3637	identical
1418519	256	256	256	zenravif-420	2	60.0	2927	571.65	5.16	75.5169	identical
1418519	256	256	256	zenravif-444	2	60.0	3095	636.78	8.53	76.7176	identical
1418519	256	256	256	svt-rs-420	2	60.0	3020	727.09	12.16	77.4315	identical
1418519	256	256	256	zenravif-420	2	65.0	3352	645.54	4.22	79.4517	identical
1418519	256	256	256	zenravif-444	2	65.0	3524	688.84	10.20	80.4458	identical
1418519	256	256	256	svt-rs-420	2	65.0	3365	606.96	8.49	79.5362	identical
1418519	256	256	256	zenravif-420	2	70.0	3672	638.33	5.31	81.6423	identical
1418519	256	256	256	zenravif-444	2	70.0	3927	779.16	5.69	82.0297	identical
1418519	256	256	256	svt-rs-420	2	70.0	3736	619.86	7.53	82.8000	identical
1418519	256	256	256	zenravif-420	2	75.0	4379	698.94	5.91	84.2195	identical
1418519	256	256	256	zenravif-444	2	75.0	4789	755.09	5.85	85.3969	identical
1418519	256	256	256	svt-rs-420	2	75.0	4117	526.94	13.10	84.3207	identical
1418519	256	256	256	zenravif-420	2	80.0	5009	737.68	5.60	86.0901	identical
1418519	256	256	256	zenravif-444	2	80.0	5556	816.77	5.66	87.0746	identical
1418519	256	256	256	svt-rs-420	2	80.0	4831	501.65	6.26	86.0321	identical
1418519	256	256	256	zenravif-420	2	85.0	5857	782.56	11.02	87.7006	identical
1418519	256	256	256	zenravif-444	2	85.0	6620	853.37	10.33	88.8437	identical
1418519	256	256	256	svt-rs-420	2	85.0	5632	465.51	9.52	88.0797	identical
1418519	256	256	256	zenravif-420	2	90.0	7448	850.06	5.68	89.5966	identical
1418519	256	256	256	zenravif-444	2	90.0	8766	928.39	6.43	91.2793	identical
1418519	256	256	256	svt-rs-420	2	90.0	7583	599.64	6.73	90.7582	identical
1418519	256	256	256	zenravif-420	2	95.0	10755	992.82	6.02	91.5210	identical
1418519	256	256	256	zenravif-444	2	95.0	13211	1045.98	11.92	93.0265	identical
1418519	256	256	256	svt-rs-420	2	95.0	10793	730.43	12.48	92.1535	identical
1418519	256	256	256	zenravif-420	2	100.0	29325	718.02	13.04	93.1057	identical
1418519	256	256	256	zenravif-444	2	100.0	44908	875.96	23.79	94.8136	identical
1418519	256	256	256	svt-rs-420	2	100.0	34698	506.70	15.58	-253.8218	identical
1418519	256	256	256	zenravif-420	6	5.0	821	68.28	9.39	9.2682	identical
1418519	256	256	256	zenravif-444	6	5.0	803	125.11	8.40	6.9272	identical
1418519	256	256	256	svt-rs-420	6	5.0	551	12.24	24.14	-15.9089	identical
1418519	256	256	256	zenravif-420	6	10.0	873	72.92	10.59	15.5299	identical
1418519	256	256	256	zenravif-444	6	10.0	851	119.76	7.06	15.1244	identical
1418519	256	256	256	svt-rs-420	6	10.0	682	8.95	5.58	0.4395	identical
1418519	256	256	256	zenravif-420	6	15.0	941	84.32	10.99	23.0050	identical
1418519	256	256	256	zenravif-444	6	15.0	936	123.25	12.94	21.6536	identical
1418519	256	256	256	svt-rs-420	6	15.0	821	11.92	4.19	18.5690	identical
1418519	256	256	256	zenravif-420	6	20.0	1092	91.82	12.94	31.3721	identical
1418519	256	256	256	zenravif-444	6	20.0	1074	117.04	13.45	30.3325	identical
1418519	256	256	256	svt-rs-420	6	20.0	944	10.03	10.77	27.2797	identical
1418519	256	256	256	zenravif-420	6	25.0	1224	91.98	12.68	41.2994	identical
1418519	256	256	256	zenravif-444	6	25.0	1223	134.13	9.11	39.7420	identical
1418519	256	256	256	svt-rs-420	6	25.0	1091	10.78	10.47	37.1056	identical
1418519	256	256	256	zenravif-420	6	30.0	1405	91.72	11.56	47.1983	identical
1418519	256	256	256	zenravif-444	6	30.0	1428	136.78	13.34	48.8271	identical
1418519	256	256	256	svt-rs-420	6	30.0	1291	11.25	6.94	42.8742	identical
1418519	256	256	256	zenravif-420	6	35.0	1618	96.22	10.97	54.7720	identical
1418519	256	256	256	zenravif-444	6	35.0	1630	153.71	11.76	55.1249	identical
1418519	256	256	256	svt-rs-420	6	35.0	1586	12.40	13.17	51.9284	identical
1418519	256	256	256	zenravif-420	6	40.0	1857	99.87	9.65	60.5082	identical
1418519	256	256	256	zenravif-444	6	40.0	1922	158.00	12.69	60.7864	identical
1418519	256	256	256	svt-rs-420	6	40.0	1833	11.94	10.84	58.8757	identical
1418519	256	256	256	zenravif-420	6	45.0	2136	107.71	15.36	64.5645	identical
1418519	256	256	256	zenravif-444	6	45.0	2207	153.13	17.89	65.4357	identical
1418519	256	256	256	svt-rs-420	6	45.0	2168	12.25	11.38	64.9619	identical
1418519	256	256	256	zenravif-420	6	50.0	2450	67.61	6.21	70.2814	identical
1418519	256	256	256	zenravif-444	6	50.0	2560	107.00	12.13	70.8828	identical
1418519	256	256	256	svt-rs-420	6	50.0	2505	15.86	8.69	69.0358	identical
1418519	256	256	256	zenravif-420	6	55.0	2750	77.99	9.10	73.2346	identical
1418519	256	256	256	zenravif-444	6	55.0	2885	119.92	4.36	74.5761	identical
1418519	256	256	256	svt-rs-420	6	55.0	2875	16.89	8.30	73.6097	identical
1418519	256	256	256	zenravif-420	6	60.0	3144	96.46	11.29	76.3576	identical
1418519	256	256	256	zenravif-444	6	60.0	3313	117.65	9.91	77.0331	identical
1418519	256	256	256	svt-rs-420	6	60.0	3436	21.55	7.73	77.2453	identical
1418519	256	256	256	zenravif-420	6	65.0	3581	82.21	4.60	79.5100	identical
1418519	256	256	256	zenravif-444	6	65.0	3810	136.96	9.56	80.4030	identical
1418519	256	256	256	svt-rs-420	6	65.0	3864	14.82	9.52	79.0921	identical
1418519	256	256	256	zenravif-420	6	70.0	3966	87.52	4.69	81.2727	identical
1418519	256	256	256	zenravif-444	6	70.0	4231	158.48	4.81	82.2691	identical
1418519	256	256	256	svt-rs-420	6	70.0	4277	19.54	7.26	82.1038	identical
1418519	256	256	256	zenravif-420	6	75.0	4768	114.30	4.28	84.6829	identical
1418519	256	256	256	zenravif-444	6	75.0	5191	152.12	5.35	85.4256	identical
1418519	256	256	256	svt-rs-420	6	75.0	4673	14.90	6.66	83.3621	identical
1418519	256	256	256	zenravif-420	6	80.0	5432	94.33	7.21	86.0716	identical
1418519	256	256	256	zenravif-444	6	80.0	5976	156.54	5.68	87.0803	identical
1418519	256	256	256	svt-rs-420	6	80.0	5468	15.47	4.61	85.5431	identical
1418519	256	256	256	zenravif-420	6	85.0	6442	148.60	4.66	87.4544	identical
1418519	256	256	256	zenravif-444	6	85.0	7242	151.73	5.05	88.7067	identical
1418519	256	256	256	svt-rs-420	6	85.0	6382	15.20	5.40	87.8025	identical
1418519	256	256	256	zenravif-420	6	90.0	8176	98.12	6.84	89.2526	identical
1418519	256	256	256	zenravif-444	6	90.0	9468	152.46	9.36	91.1573	identical
1418519	256	256	256	svt-rs-420	6	90.0	8497	22.94	5.03	90.4409	identical
1418519	256	256	256	zenravif-420	6	95.0	11557	108.53	5.12	91.4070	identical
1418519	256	256	256	zenravif-444	6	95.0	14195	162.07	10.36	93.0081	identical
1418519	256	256	256	svt-rs-420	6	95.0	12415	20.79	6.04	91.9244	identical
1418519	256	256	256	zenravif-420	6	100.0	26613	136.80	11.21	93.0225	identical
1418519	256	256	256	zenravif-444	6	100.0	41772	235.02	15.65	94.6241	identical
1418519	256	256	256	svt-rs-420	6	100.0	41208	29.28	6.22	-223.7552	identical
1418519	256	256	256	zenravif-420	9	5.0	825	29.15	10.31	8.0204	identical
1418519	256	256	256	zenravif-444	9	5.0	803	52.92	13.33	6.1372	identical
1418519	256	256	256	svt-rs-420	9	5.0	582	7.98	10.20	-14.7325	identical
1418519	256	256	256	zenravif-420	9	10.0	862	29.74	12.05	12.2438	identical
1418519	256	256	256	zenravif-444	9	10.0	843	44.65	12.42	12.1692	identical
1418519	256	256	256	svt-rs-420	9	10.0	678	4.87	9.79	-1.1878	identical
1418519	256	256	256	zenravif-420	9	15.0	950	32.39	11.22	24.2977	identical
1418519	256	256	256	zenravif-444	9	15.0	943	52.28	7.43	21.2442	identical
1418519	256	256	256	svt-rs-420	9	15.0	821	8.51	8.02	18.3456	identical
1418519	256	256	256	zenravif-420	9	20.0	1095	36.11	5.18	31.2897	identical
1418519	256	256	256	zenravif-444	9	20.0	1091	55.67	11.17	29.7519	identical
1418519	256	256	256	svt-rs-420	9	20.0	939	5.63	9.11	24.5054	identical
1418519	256	256	256	zenravif-420	9	25.0	1225	34.97	8.00	38.3288	identical
1418519	256	256	256	zenravif-444	9	25.0	1246	53.03	8.21	38.3130	identical
1418519	256	256	256	svt-rs-420	9	25.0	1124	8.66	7.72	36.4495	identical
1418519	256	256	256	zenravif-420	9	30.0	1433	37.18	9.61	46.4588	identical
1418519	256	256	256	zenravif-444	9	30.0	1457	66.05	12.26	47.9890	identical
1418519	256	256	256	svt-rs-420	9	30.0	1313	6.29	6.09	43.4076	identical
1418519	256	256	256	zenravif-420	9	35.0	1664	36.20	6.13	54.2609	identical
1418519	256	256	256	zenravif-444	9	35.0	1680	56.39	14.26	54.6051	identical
1418519	256	256	256	svt-rs-420	9	35.0	1595	7.96	11.07	51.5279	identical
1418519	256	256	256	zenravif-420	9	40.0	1945	37.18	5.35	59.9170	identical
1418519	256	256	256	zenravif-444	9	40.0	1964	56.87	8.05	59.8925	identical
1418519	256	256	256	svt-rs-420	9	40.0	1890	5.92	7.64	56.9165	identical
1418519	256	256	256	zenravif-420	9	45.0	2217	41.69	9.03	64.4307	identical
1418519	256	256	256	zenravif-444	9	45.0	2275	63.62	13.06	64.5665	identical
1418519	256	256	256	svt-rs-420	9	45.0	2225	9.52	8.06	64.4825	identical
1418519	256	256	256	zenravif-420	9	50.0	2573	40.18	3.72	68.6745	identical
1418519	256	256	256	zenravif-444	9	50.0	2669	60.51	6.59	69.1574	identical
1418519	256	256	256	svt-rs-420	9	50.0	2564	7.12	5.94	68.2968	identical
1418519	256	256	256	zenravif-420	9	55.0	2963	39.99	4.86	72.3261	identical
1418519	256	256	256	zenravif-444	9	55.0	3083	49.74	3.63	72.8616	identical
1418519	256	256	256	svt-rs-420	9	55.0	3005	6.32	5.00	73.5201	identical
1418519	256	256	256	zenravif-420	9	60.0	3383	43.11	7.43	75.2781	identical
1418519	256	256	256	zenravif-444	9	60.0	3580	52.10	5.30	76.2448	identical
1418519	256	256	256	svt-rs-420	9	60.0	3591	6.58	6.28	76.8837	identical
1418519	256	256	256	zenravif-420	9	65.0	3872	41.34	5.59	78.2223	identical
1418519	256	256	256	zenravif-444	9	65.0	4119	45.26	4.94	79.5220	identical
1418519	256	256	256	svt-rs-420	9	65.0	4057	10.32	6.72	79.3752	identical
1418519	256	256	256	zenravif-420	9	70.0	4318	29.84	4.98	80.5473	identical
1418519	256	256	256	zenravif-444	9	70.0	4633	46.87	3.93	81.3269	identical
1418519	256	256	256	svt-rs-420	9	70.0	4470	7.09	5.44	81.2975	identical
1418519	256	256	256	zenravif-420	9	75.0	5249	31.14	3.72	84.0139	identical
1418519	256	256	256	zenravif-444	9	75.0	5710	54.06	7.70	84.6619	identical
1418519	256	256	256	svt-rs-420	9	75.0	5031	8.25	4.72	83.5447	identical
1418519	256	256	256	zenravif-420	9	80.0	6012	30.57	4.23	86.0501	identical
1418519	256	256	256	zenravif-444	9	80.0	6624	48.64	4.26	86.8441	identical
1418519	256	256	256	svt-rs-420	9	80.0	5855	8.01	7.63	85.7283	identical
1418519	256	256	256	zenravif-420	9	85.0	7139	33.56	5.19	87.0435	identical
1418519	256	256	256	zenravif-444	9	85.0	7968	55.59	5.69	88.4205	identical
1418519	256	256	256	svt-rs-420	9	85.0	6811	8.27	5.01	87.7515	identical
1418519	256	256	256	zenravif-420	9	90.0	9037	35.33	4.95	89.3056	identical
1418519	256	256	256	zenravif-444	9	90.0	10401	57.07	5.30	90.8963	identical
1418519	256	256	256	svt-rs-420	9	90.0	8954	5.99	4.87	90.1642	identical
1418519	256	256	256	zenravif-420	9	95.0	12523	37.80	20.75	91.3552	identical
1418519	256	256	256	zenravif-444	9	95.0	15439	58.05	6.73	92.9314	identical
1418519	256	256	256	svt-rs-420	9	95.0	13006	6.46	4.49	91.8102	identical
1418519	256	256	256	zenravif-420	9	100.0	26739	51.60	4.82	93.0041	identical
1418519	256	256	256	zenravif-444	9	100.0	41978	85.04	10.17	94.5550	identical
1418519	256	256	256	svt-rs-420	9	100.0	39923	9.98	11.25	-245.9404	identical
1420710	256	256	256	zenravif-420	2	5.0	1329	224.92	8.46	-10.3937	identical
1420710	256	256	256	zenravif-444	2	5.0	1329	255.44	7.41	-10.9074	identical
1420710	256	256	256	svt-rs-420	2	5.0	1230	1374.47	5.58	-5.5696	identical
1420710	256	256	256	zenravif-420	2	10.0	1497	231.49	6.19	-4.8659	identical
1420710	256	256	256	zenravif-444	2	10.0	1487	270.33	6.84	-4.8445	identical
1420710	256	256	256	svt-rs-420	2	10.0	1710	1458.07	10.32	12.7742	identical
1420710	256	256	256	zenravif-420	2	15.0	1835	302.54	7.89	11.7496	identical
1420710	256	256	256	zenravif-444	2	15.0	1805	353.42	10.89	10.8195	identical
1420710	256	256	256	svt-rs-420	2	15.0	2312	1641.66	7.05	27.4770	identical
1420710	256	256	256	zenravif-420	2	20.0	2337	335.37	9.42	24.9125	identical
1420710	256	256	256	zenravif-444	2	20.0	2309	383.18	11.64	22.7191	identical
1420710	256	256	256	svt-rs-420	2	20.0	2900	1603.97	8.92	39.3477	identical
1420710	256	256	256	zenravif-420	2	25.0	2903	384.43	10.82	33.8837	identical
1420710	256	256	256	zenravif-444	2	25.0	2898	447.45	6.82	34.3438	identical
1420710	256	256	256	svt-rs-420	2	25.0	3691	1593.33	5.50	47.2364	identical
1420710	256	256	256	zenravif-420	2	30.0	3600	476.86	8.11	42.5073	identical
1420710	256	256	256	zenravif-444	2	30.0	3615	573.27	12.16	41.5015	identical
1420710	256	256	256	svt-rs-420	2	30.0	4625	1774.77	10.22	54.7022	identical
1420710	256	256	256	zenravif-420	2	35.0	4558	533.55	12.92	50.6553	identical
1420710	256	256	256	zenravif-444	2	35.0	4598	628.97	13.13	50.7358	identical
1420710	256	256	256	svt-rs-420	2	35.0	6217	2210.38	11.41	62.1599	identical
1420710	256	256	256	zenravif-420	2	40.0	5839	604.68	10.28	58.9255	identical
1420710	256	256	256	zenravif-444	2	40.0	5918	643.33	11.48	58.0843	identical
1420710	256	256	256	svt-rs-420	2	40.0	7717	2148.17	13.62	67.5484	identical
1420710	256	256	256	zenravif-420	2	45.0	7114	720.54	7.47	63.6563	identical
1420710	256	256	256	zenravif-444	2	45.0	7218	819.70	12.06	64.0455	identical
1420710	256	256	256	svt-rs-420	2	45.0	9527	2376.21	10.03	71.8640	identical
1420710	256	256	256	zenravif-420	2	50.0	8643	656.95	7.52	68.5806	identical
1420710	256	256	256	zenravif-444	2	50.0	8814	740.25	6.62	68.9412	identical
1420710	256	256	256	svt-rs-420	2	50.0	11432	2094.41	10.10	75.4247	identical
1420710	256	256	256	zenravif-420	2	55.0	10231	793.93	14.40	72.5070	identical
1420710	256	256	256	zenravif-444	2	55.0	10485	858.27	18.00	73.2395	identical
1420710	256	256	256	svt-rs-420	2	55.0	13661	2535.10	14.86	79.0522	identical
1420710	256	256	256	zenravif-420	2	60.0	12062	780.34	7.05	75.9362	identical
1420710	256	256	256	zenravif-444	2	60.0	12493	812.11	7.43	76.9403	identical
1420710	256	256	256	svt-rs-420	2	60.0	16833	2192.17	13.99	82.5945	identical
1420710	256	256	256	zenravif-420	2	65.0	14473	813.45	12.35	79.5331	identical
1420710	256	256	256	zenravif-444	2	65.0	15008	935.58	8.76	80.2963	identical
1420710	256	256	256	svt-rs-420	2	65.0	18994	1821.04	16.13	84.1546	identical
1420710	256	256	256	zenravif-420	2	70.0	16335	899.06	7.98	81.1076	identical
1420710	256	256	256	zenravif-444	2	70.0	17179	1002.57	10.11	82.5184	identical
1420710	256	256	256	svt-rs-420	2	70.0	21005	1609.93	12.07	85.6754	identical
1420710	256	256	256	zenravif-420	2	75.0	20072	963.38	7.45	84.6574	identical
1420710	256	256	256	zenravif-444	2	75.0	21310	1114.47	23.01	86.0946	identical
1420710	256	256	256	svt-rs-420	2	75.0	23340	1201.49	11.24	87.1649	identical
1420710	256	256	256	zenravif-420	2	80.0	23051	1043.58	10.10	86.6048	identical
1420710	256	256	256	zenravif-444	2	80.0	24903	1169.69	14.41	88.0034	identical
1420710	256	256	256	svt-rs-420	2	80.0	26862	1082.26	13.95	89.0832	identical
1420710	256	256	256	zenravif-420	2	85.0	26640	1173.56	16.29	88.6621	identical
1420710	256	256	256	zenravif-444	2	85.0	29420	1269.50	17.51	90.0730	identical
1420710	256	256	256	svt-rs-420	2	85.0	30745	936.38	11.09	90.4355	identical
1420710	256	256	256	zenravif-420	2	90.0	32661	1189.59	12.72	90.7214	identical
1420710	256	256	256	zenravif-444	2	90.0	37354	1313.36	18.12	92.4230	identical
1420710	256	256	256	svt-rs-420	2	90.0	38641	1162.70	7.50	92.4290	identical
1420710	256	256	256	zenravif-420	2	95.0	41739	1407.73	16.17	92.5881	identical
1420710	256	256	256	zenravif-444	2	95.0	51272	1643.80	22.37	94.4333	identical
1420710	256	256	256	svt-rs-420	2	95.0	48510	1115.61	18.15	93.8124	identical
1420710	256	256	256	zenravif-420	2	100.0	68135	1130.39	20.27	94.7026	identical
1420710	256	256	256	zenravif-444	2	100.0	106794	1269.55	24.95	96.8938	identical
1420710	256	256	256	svt-rs-420	2	100.0	81352	439.73	6.86	-773.1477	identical
1420710	256	256	256	zenravif-420	6	5.0	1461	96.77	6.94	-10.7954	identical
1420710	256	256	256	zenravif-444	6	5.0	1458	147.79	14.16	-11.7483	identical
1420710	256	256	256	svt-rs-420	6	5.0	1230	9.50	8.65	-8.4978	identical
1420710	256	256	256	zenravif-420	6	10.0	1650	87.87	8.76	-2.2793	identical
1420710	256	256	256	zenravif-444	6	10.0	1644	120.58	13.90	-3.4186	identical
1420710	256	256	256	svt-rs-420	6	10.0	1641	12.60	9.09	9.3719	identical
1420710	256	256	256	zenravif-420	6	15.0	2058	93.57	9.85	11.8336	identical
1420710	256	256	256	zenravif-444	6	15.0	2044	126.92	13.02	10.5418	identical
1420710	256	256	256	svt-rs-420	6	15.0	2162	11.25	5.96	23.6536	identical
1420710	256	256	256	zenravif-420	6	20.0	2585	101.61	8.27	24.9657	identical
1420710	256	256	256	zenravif-444	6	20.0	2594	145.43	8.33	23.7790	identical
1420710	256	256	256	svt-rs-420	6	20.0	2711	11.66	5.64	35.1160	identical
1420710	256	256	256	zenravif-420	6	25.0	3191	107.09	11.62	35.0010	identical
1420710	256	256	256	zenravif-444	6	25.0	3189	150.21	21.79	34.5869	identical
1420710	256	256	256	svt-rs-420	6	25.0	3479	12.11	6.89	43.0204	identical
1420710	256	256	256	zenravif-420	6	30.0	4052	111.67	12.42	43.6060	identical
1420710	256	256	256	zenravif-444	6	30.0	4027	187.49	9.41	43.2948	identical
1420710	256	256	256	svt-rs-420	6	30.0	4430	12.64	7.16	51.4485	identical
1420710	256	256	256	zenravif-420	6	35.0	5068	134.06	7.65	52.0771	identical
1420710	256	256	256	zenravif-444	6	35.0	5085	174.09	10.38	52.1999	identical
1420710	256	256	256	svt-rs-420	6	35.0	6192	17.12	13.27	59.3863	identical
1420710	256	256	256	zenravif-420	6	40.0	6291	146.32	9.71	58.7400	identical
1420710	256	256	256	zenravif-444	6	40.0	6307	194.76	18.14	58.8663	identical
1420710	256	256	256	svt-rs-420	6	40.0	7660	17.79	6.44	65.2455	identical
1420710	256	256	256	zenravif-420	6	45.0	7641	133.38	7.79	64.6084	identical
1420710	256	256	256	zenravif-444	6	45.0	7709	214.67	19.36	65.0598	identical
1420710	256	256	256	svt-rs-420	6	45.0	9570	19.55	9.85	70.0232	identical
1420710	256	256	256	zenravif-420	6	50.0	9241	92.94	8.79	68.7277	identical
1420710	256	256	256	zenravif-444	6	50.0	9404	145.53	5.81	69.5348	identical
1420710	256	256	256	svt-rs-420	6	50.0	11522	22.87	9.20	73.9437	identical
1420710	256	256	256	zenravif-420	6	55.0	10995	99.27	7.25	72.8083	identical
1420710	256	256	256	zenravif-444	6	55.0	11235	138.60	8.06	73.8023	identical
1420710	256	256	256	svt-rs-420	6	55.0	13879	24.20	8.48	77.3602	identical
1420710	256	256	256	zenravif-420	6	60.0	12849	117.45	8.60	76.0240	identical
1420710	256	256	256	zenravif-444	6	60.0	13224	153.12	6.02	77.0514	identical
1420710	256	256	256	svt-rs-420	6	60.0	17227	36.92	5.43	81.0256	identical
1420710	256	256	256	zenravif-420	6	65.0	15184	112.64	7.29	79.6087	identical
1420710	256	256	256	zenravif-444	6	65.0	15845	171.74	6.90	80.6855	identical
1420710	256	256	256	svt-rs-420	6	65.0	19767	22.00	6.84	83.2976	identical
1420710	256	256	256	zenravif-420	6	70.0	17099	114.00	5.94	81.6916	identical
1420710	256	256	256	zenravif-444	6	70.0	17972	176.62	15.24	82.8206	identical
1420710	256	256	256	svt-rs-420	6	70.0	21856	23.64	12.34	84.9392	identical
1420710	256	256	256	zenravif-420	6	75.0	20983	144.81	18.15	84.9506	identical
1420710	256	256	256	zenravif-444	6	75.0	22376	181.12	13.95	86.1428	identical
1420710	256	256	256	svt-rs-420	6	75.0	24454	24.54	9.06	86.5695	identical
1420710	256	256	256	zenravif-420	6	80.0	23988	154.89	8.03	86.9122	identical
1420710	256	256	256	zenravif-444	6	80.0	26008	191.58	7.15	88.0487	identical
1420710	256	256	256	svt-rs-420	6	80.0	27900	26.67	10.56	88.4489	identical
1420710	256	256	256	zenravif-420	6	85.0	27613	142.05	5.55	88.8396	identical
1420710	256	256	256	zenravif-444	6	85.0	30645	197.25	19.62	90.1120	identical
1420710	256	256	256	svt-rs-420	6	85.0	32061	23.64	9.16	89.8195	identical
1420710	256	256	256	zenravif-420	6	90.0	33608	163.67	16.26	91.0373	identical
1420710	256	256	256	zenravif-444	6	90.0	38778	220.18	12.52	92.2496	identical
1420710	256	256	256	svt-rs-420	6	90.0	40029	19.63	8.18	92.0191	identical
1420710	256	256	256	zenravif-420	6	95.0	43076	164.64	7.45	92.7613	identical
1420710	256	256	256	zenravif-444	6	95.0	53494	244.39	9.33	94.3408	identical
1420710	256	256	256	svt-rs-420	6	95.0	50191	19.38	11.49	93.5145	identical
1420710	256	256	256	zenravif-420	6	100.0	69607	219.79	15.32	94.6090	identical
1420710	256	256	256	zenravif-444	6	100.0	107489	327.28	38.63	96.6238	identical
1420710	256	256	256	svt-rs-420	6	100.0	87871	28.50	9.19	-651.9891	identical
1420710	256	256	256	zenravif-420	9	5.0	1474	44.26	16.36	-11.3354	identical
1420710	256	256	256	zenravif-444	9	5.0	1469	55.32	12.60	-12.2198	identical
1420710	256	256	256	svt-rs-420	9	5.0	1333	6.63	8.81	-11.6896	identical
1420710	256	256	256	zenravif-420	9	10.0	1655	36.38	10.44	-1.8705	identical
1420710	256	256	256	zenravif-444	9	10.0	1649	47.37	13.98	-2.7980	identical
1420710	256	256	256	svt-rs-420	9	10.0	1788	5.80	6.22	10.0175	identical
1420710	256	256	256	zenravif-420	9	15.0	2059	42.11	11.94	11.7936	identical
1420710	256	256	256	zenravif-444	9	15.0	2046	51.40	12.47	10.2585	identical
1420710	256	256	256	svt-rs-420	9	15.0	2321	7.71	10.72	23.2961	identical
1420710	256	256	256	zenravif-420	9	20.0	2620	41.26	10.22	24.4708	identical
1420710	256	256	256	zenravif-444	9	20.0	2610	55.48	10.18	23.7482	identical
1420710	256	256	256	svt-rs-420	9	20.0	2957	7.70	6.75	34.7777	identical
1420710	256	256	256	zenravif-420	9	25.0	3215	41.32	12.37	34.1883	identical
1420710	256	256	256	zenravif-444	9	25.0	3193	57.06	10.56	33.0274	identical
1420710	256	256	256	svt-rs-420	9	25.0	3742	7.31	7.55	43.6045	identical
1420710	256	256	256	zenravif-420	9	30.0	4040	45.46	6.71	43.9757	identical
1420710	256	256	256	zenravif-444	9	30.0	4050	71.68	9.58	42.6520	identical
1420710	256	256	256	svt-rs-420	9	30.0	4750	7.71	9.88	52.4166	identical
1420710	256	256	256	zenravif-420	9	35.0	5081	45.21	19.04	51.6422	identical
1420710	256	256	256	zenravif-444	9	35.0	5088	69.07	10.23	52.0948	identical
1420710	256	256	256	svt-rs-420	9	35.0	6331	8.14	8.16	59.6721	identical
1420710	256	256	256	zenravif-420	9	40.0	6309	47.47	12.14	59.3799	identical
1420710	256	256	256	zenravif-444	9	40.0	6342	73.92	8.31	58.9549	identical
1420710	256	256	256	svt-rs-420	9	40.0	7878	8.86	7.24	65.2654	identical
1420710	256	256	256	zenravif-420	9	45.0	7681	49.57	5.14	64.5528	identical
1420710	256	256	256	zenravif-444	9	45.0	7806	79.75	10.09	64.8650	identical
1420710	256	256	256	svt-rs-420	9	45.0	9699	10.21	6.42	69.8970	identical
1420710	256	256	256	zenravif-420	9	50.0	9308	32.89	5.78	68.6044	identical
1420710	256	256	256	zenravif-444	9	50.0	9512	65.65	4.98	69.3097	identical
1420710	256	256	256	svt-rs-420	9	50.0	11804	10.89	15.35	74.2333	identical
1420710	256	256	256	zenravif-420	9	55.0	11104	37.16	8.32	72.5593	identical
1420710	256	256	256	zenravif-444	9	55.0	11458	50.88	10.75	73.1462	identical
1420710	256	256	256	svt-rs-420	9	55.0	14074	11.27	9.91	77.6319	identical
1420710	256	256	256	zenravif-420	9	60.0	13043	37.57	5.97	76.1341	identical
1420710	256	256	256	zenravif-444	9	60.0	13457	51.50	5.17	76.9957	identical
1420710	256	256	256	svt-rs-420	9	60.0	17399	12.37	10.28	81.1595	identical
1420710	256	256	256	zenravif-420	9	65.0	15454	39.65	11.02	79.3823	identical
1420710	256	256	256	zenravif-444	9	65.0	16136	66.48	5.07	80.0903	identical
1420710	256	256	256	svt-rs-420	9	65.0	19984	16.50	8.59	83.7695	identical
1420710	256	256	256	zenravif-420	9	70.0	17413	37.44	4.81	81.5912	identical
1420710	256	256	256	zenravif-444	9	70.0	18372	54.49	7.97	82.4003	identical
1420710	256	256	256	svt-rs-420	9	70.0	21993	13.80	8.74	85.1500	identical
1420710	256	256	256	zenravif-420	9	75.0	21350	39.42	5.28	84.4519	identical
1420710	256	256	256	zenravif-444	9	75.0	22880	59.90	15.30	85.8116	identical
1420710	256	256	256	svt-rs-420	9	75.0	24482	14.22	12.46	86.6325	identical
1420710	256	256	256	zenravif-420	9	80.0	24476	44.81	5.17	86.6226	identical
1420710	256	256	256	zenravif-444	9	80.0	26733	61.91	14.09	88.1449	identical
1420710	256	256	256	svt-rs-420	9	80.0	28048	13.80	8.94	88.2877	identical
1420710	256	256	256	zenravif-420	9	85.0	28258	44.16	5.62	88.3089	identical
1420710	256	256	256	zenravif-444	9	85.0	31650	81.11	6.68	90.0342	identical
1420710	256	256	256	svt-rs-420	9	85.0	32166	13.45	7.97	90.0801	identical
1420710	256	256	256	zenravif-420	9	90.0	34563	49.33	8.13	90.7909	identical
1420710	256	256	256	zenravif-444	9	90.0	40031	71.63	13.74	92.1669	identical
1420710	256	256	256	svt-rs-420	9	90.0	40115	10.44	6.57	91.8502	identical
1420710	256	256	256	zenravif-420	9	95.0	44229	53.40	8.38	92.6693	identical
1420710	256	256	256	zenravif-444	9	95.0	55151	81.82	7.45	94.2513	identical
1420710	256	256	256	svt-rs-420	9	95.0	50471	11.07	9.17	93.4777	identical
1420710	256	256	256	zenravif-420	9	100.0	69756	64.32	14.42	94.5078	identical
1420710	256	256	256	zenravif-444	9	100.0	107759	111.48	30.74	96.5678	identical
1420710	256	256	256	svt-rs-420	9	100.0	88273	13.80	5.53	-627.7215	identical
1475938	256	256	256	zenravif-420	2	5.0	812	337.54	9.16	-2.3708	identical
1475938	256	256	256	zenravif-444	2	5.0	793	363.95	8.37	-1.3222	identical
1475938	256	256	256	svt-rs-420	2	5.0	629	614.40	24.80	-8.5723	identical
1475938	256	256	256	zenravif-420	2	10.0	873	387.56	9.27	-0.3856	identical
1475938	256	256	256	zenravif-444	2	10.0	861	423.04	16.24	-2.2495	identical
1475938	256	256	256	svt-rs-420	2	10.0	816	670.83	7.33	4.6241	identical
1475938	256	256	256	zenravif-420	2	15.0	1032	361.09	10.59	13.4989	identical
1475938	256	256	256	zenravif-444	2	15.0	1030	485.52	8.53	14.7584	identical
1475938	256	256	256	svt-rs-420	2	15.0	1080	760.30	6.56	21.0355	identical
1475938	256	256	256	zenravif-420	2	20.0	1253	471.20	12.96	23.4739	identical
1475938	256	256	256	zenravif-444	2	20.0	1258	499.33	16.23	24.6348	identical
1475938	256	256	256	svt-rs-420	2	20.0	1310	707.75	5.59	31.2314	identical
1475938	256	256	256	zenravif-420	2	25.0	1526	457.91	11.16	34.5641	identical
1475938	256	256	256	zenravif-444	2	25.0	1510	509.32	10.34	34.8205	identical
1475938	256	256	256	svt-rs-420	2	25.0	1592	759.41	8.27	40.8985	identical
1475938	256	256	256	zenravif-420	2	30.0	1793	495.08	13.12	43.0259	identical
1475938	256	256	256	zenravif-444	2	30.0	1817	590.80	13.51	42.7578	identical
1475938	256	256	256	svt-rs-420	2	30.0	1891	881.99	8.55	48.1508	identical
1475938	256	256	256	zenravif-420	2	35.0	2155	499.75	15.62	50.3063	identical
1475938	256	256	256	zenravif-444	2	35.0	2187	665.60	10.52	49.4085	identical
1475938	256	256	256	svt-rs-420	2	35.0	2367	867.43	7.25	56.4503	identical
1475938	256	256	256	zenravif-420	2	40.0	2585	647.89	10.35	57.2953	identical
1475938	256	256	256	zenravif-444	2	40.0	2633	628.84	17.67	57.2681	identical
1475938	256	256	256	svt-rs-420	2	40.0	2806	752.51	9.01	62.9242	identical
1475938	256	256	256	zenravif-420	2	45.0	3037	675.59	15.97	63.0400	identical
1475938	256	256	256	zenravif-444	2	45.0	3166	792.31	6.49	63.7998	identical
1475938	256	256	256	svt-rs-420	2	45.0	3287	900.27	12.69	67.1043	identical
1475938	256	256	256	zenravif-420	2	50.0	3549	597.80	7.44	67.2797	identical
1475938	256	256	256	zenravif-444	2	50.0	3656	526.57	5.64	67.3905	identical
1475938	256	256	256	svt-rs-420	2	50.0	3827	812.13	12.24	71.8867	identical
1475938	256	256	256	zenravif-420	2	55.0	4074	514.25	6.69	71.3702	identical
1475938	256	256	256	zenravif-444	2	55.0	4211	748.02	5.47	72.2636	identical
1475938	256	256	256	svt-rs-420	2	55.0	4383	828.21	15.82	75.6794	identical
1475938	256	256	256	zenravif-420	2	60.0	4571	561.34	10.40	74.3785	identical
1475938	256	256	256	zenravif-444	2	60.0	4759	733.75	8.06	75.3825	identical
1475938	256	256	256	svt-rs-420	2	60.0	5171	767.77	14.39	78.7231	identical
1475938	256	256	256	zenravif-420	2	65.0	5188	632.95	5.70	77.6999	identical
1475938	256	256	256	zenravif-444	2	65.0	5477	754.84	5.92	79.0419	identical
1475938	256	256	256	svt-rs-420	2	65.0	5748	709.15	9.62	80.7951	identical
1475938	256	256	256	zenravif-420	2	70.0	5721	726.17	5.95	79.9463	identical
1475938	256	256	256	zenravif-444	2	70.0	6116	799.04	15.09	80.8937	identical
1475938	256	256	256	svt-rs-420	2	70.0	6296	702.66	7.59	82.5724	identical
1475938	256	256	256	zenravif-420	2	75.0	6821	634.11	5.41	83.6070	identical
1475938	256	256	256	zenravif-444	2	75.0	7403	802.93	11.68	84.4458	identical
1475938	256	256	256	svt-rs-420	2	75.0	6944	600.37	8.06	83.9708	identical
1475938	256	256	256	zenravif-420	2	80.0	7681	762.13	13.12	85.1337	identical
1475938	256	256	256	zenravif-444	2	80.0	8596	832.36	7.11	86.3231	identical
1475938	256	256	256	svt-rs-420	2	80.0	7990	471.00	7.60	86.0548	identical
1475938	256	256	256	zenravif-420	2	85.0	8932	817.33	4.55	86.8695	identical
1475938	256	256	256	zenravif-444	2	85.0	10177	875.03	6.80	88.1205	identical
1475938	256	256	256	svt-rs-420	2	85.0	9178	502.24	11.11	87.5155	identical
1475938	256	256	256	zenravif-420	2	90.0	10867	818.67	10.63	88.2560	identical
1475938	256	256	256	zenravif-444	2	90.0	12692	1020.80	7.09	90.1920	identical
1475938	256	256	256	svt-rs-420	2	90.0	11831	557.23	9.54	89.7293	identical
1475938	256	256	256	zenravif-420	2	95.0	14781	1016.55	9.28	90.3546	identical
1475938	256	256	256	zenravif-444	2	95.0	18367	1183.52	12.80	92.4495	identical
1475938	256	256	256	svt-rs-420	2	95.0	15669	566.79	9.12	90.9557	identical
1475938	256	256	256	zenravif-420	2	100.0	31028	646.30	16.32	91.6244	identical
1475938	256	256	256	zenravif-444	2	100.0	46985	810.25	20.37	94.4672	identical
1475938	256	256	256	svt-rs-420	2	100.0	37719	517.44	7.97	-202.5479	identical
1475938	256	256	256	zenravif-420	6	5.0	878	71.40	12.02	-5.3976	identical
1475938	256	256	256	zenravif-444	6	5.0	870	109.57	10.15	-6.7217	identical
1475938	256	256	256	svt-rs-420	6	5.0	618	8.01	3.79	-22.0621	identical
1475938	256	256	256	zenravif-420	6	10.0	964	74.88	13.10	0.9438	identical
1475938	256	256	256	zenravif-444	6	10.0	946	113.31	7.51	-0.8157	identical
1475938	256	256	256	svt-rs-420	6	10.0	806	8.58	7.48	-1.2081	identical
1475938	256	256	256	zenravif-420	6	15.0	1144	78.66	13.46	10.8917	identical
1475938	256	256	256	zenravif-444	6	15.0	1148	117.27	16.16	9.9861	identical
1475938	256	256	256	svt-rs-420	6	15.0	1045	11.08	9.38	11.3230	identical
1475938	256	256	256	zenravif-420	6	20.0	1390	81.49	11.19	21.7761	identical
1475938	256	256	256	zenravif-444	6	20.0	1384	115.70	14.78	20.9412	identical
1475938	256	256	256	svt-rs-420	6	20.0	1314	11.25	5.76	20.7050	identical
1475938	256	256	256	zenravif-420	6	25.0	1662	84.49	12.19	32.5114	identical
1475938	256	256	256	zenravif-444	6	25.0	1656	126.73	14.03	31.6550	identical
1475938	256	256	256	svt-rs-420	6	25.0	1667	11.69	9.36	35.7643	identical
1475938	256	256	256	zenravif-420	6	30.0	1967	85.06	11.43	40.9827	identical
1475938	256	256	256	zenravif-444	6	30.0	1953	166.61	13.69	40.7788	identical
1475938	256	256	256	svt-rs-420	6	30.0	2016	12.17	9.95	42.0891	identical
1475938	256	256	256	zenravif-420	6	35.0	2370	105.43	16.03	50.2772	identical
1475938	256	256	256	zenravif-444	6	35.0	2399	164.32	14.13	49.1241	identical
1475938	256	256	256	svt-rs-420	6	35.0	2595	13.67	12.78	50.7045	identical
1475938	256	256	256	zenravif-420	6	40.0	2832	89.69	12.06	55.6871	identical
1475938	256	256	256	zenravif-444	6	40.0	2844	147.03	10.27	56.7564	identical
1475938	256	256	256	svt-rs-420	6	40.0	3113	14.48	8.04	56.4461	identical
1475938	256	256	256	zenravif-420	6	45.0	3311	89.50	6.57	61.0513	identical
1475938	256	256	256	zenravif-444	6	45.0	3385	144.89	14.46	62.6880	identical
1475938	256	256	256	svt-rs-420	6	45.0	3696	15.43	7.20	61.7479	identical
1475938	256	256	256	zenravif-420	6	50.0	3838	60.72	4.76	67.7279	identical
1475938	256	256	256	zenravif-444	6	50.0	3970	106.26	5.65	68.2704	identical
1475938	256	256	256	svt-rs-420	6	50.0	4341	17.55	18.65	71.9340	identical
1475938	256	256	256	zenravif-420	6	55.0	4403	71.05	4.92	71.9218	identical
1475938	256	256	256	zenravif-444	6	55.0	4572	94.87	7.39	72.6632	identical
1475938	256	256	256	svt-rs-420	6	55.0	5012	16.96	5.55	74.9939	identical
1475938	256	256	256	zenravif-420	6	60.0	4984	76.46	4.67	74.7037	identical
1475938	256	256	256	zenravif-444	6	60.0	5176	143.00	16.81	75.5527	identical
1475938	256	256	256	svt-rs-420	6	60.0	5958	18.11	9.04	78.9690	identical
1475938	256	256	256	zenravif-420	6	65.0	5711	66.79	6.06	77.8010	identical
1475938	256	256	256	zenravif-444	6	65.0	6004	135.65	8.68	79.0225	identical
1475938	256	256	256	svt-rs-420	6	65.0	6589	22.45	10.70	80.6299	identical
1475938	256	256	256	zenravif-420	6	70.0	6342	81.75	5.78	79.9065	identical
1475938	256	256	256	zenravif-444	6	70.0	6737	114.85	9.63	80.8175	identical
1475938	256	256	256	svt-rs-420	6	70.0	7210	20.61	10.25	81.9624	identical
1475938	256	256	256	zenravif-420	6	75.0	7596	83.70	4.85	82.7084	identical
1475938	256	256	256	zenravif-444	6	75.0	8264	115.10	5.89	84.0646	identical
1475938	256	256	256	svt-rs-420	6	75.0	7950	23.56	14.10	83.8499	identical
1475938	256	256	256	zenravif-420	6	80.0	8615	89.08	5.29	85.0787	identical
1475938	256	256	256	zenravif-444	6	80.0	9644	130.21	7.41	86.1298	identical
1475938	256	256	256	svt-rs-420	6	80.0	9021	21.93	6.75	85.6723	identical
1475938	256	256	256	zenravif-420	6	85.0	10020	86.53	5.46	86.7240	identical
1475938	256	256	256	zenravif-444	6	85.0	11499	126.10	10.44	88.2626	identical
1475938	256	256	256	svt-rs-420	6	85.0	10276	22.10	9.01	86.7696	identical
1475938	256	256	256	zenravif-420	6	90.0	12232	108.64	5.15	88.5100	identical
1475938	256	256	256	zenravif-444	6	90.0	14464	155.50	6.02	90.2021	identical
1475938	256	256	256	svt-rs-420	6	90.0	13215	21.48	6.11	88.5642	identical
1475938	256	256	256	zenravif-420	6	95.0	16440	121.19	6.28	89.7924	identical
1475938	256	256	256	zenravif-444	6	95.0	20757	183.95	6.13	92.1079	identical
1475938	256	256	256	svt-rs-420	6	95.0	17504	21.21	9.22	90.4169	identical
1475938	256	256	256	zenravif-420	6	100.0	31973	136.52	14.77	91.5935	identical
1475938	256	256	256	zenravif-444	6	100.0	48708	223.47	8.90	94.1240	identical
1475938	256	256	256	svt-rs-420	6	100.0	46322	27.98	12.63	-170.1852	identical
1475938	256	256	256	zenravif-420	9	5.0	865	29.90	6.66	-5.7531	identical
1475938	256	256	256	zenravif-444	9	5.0	854	40.03	10.07	-7.9111	identical
1475938	256	256	256	svt-rs-420	9	5.0	618	7.39	12.12	-25.4639	identical
1475938	256	256	256	zenravif-420	9	10.0	953	32.72	8.12	-0.2616	identical
1475938	256	256	256	zenravif-444	9	10.0	931	48.72	6.49	-2.2085	identical
1475938	256	256	256	svt-rs-420	9	10.0	786	4.87	5.65	-1.9052	identical
1475938	256	256	256	zenravif-420	9	15.0	1122	30.67	6.49	9.0102	identical
1475938	256	256	256	zenravif-444	9	15.0	1110	44.89	5.50	7.0968	identical
1475938	256	256	256	svt-rs-420	9	15.0	1018	5.52	10.19	9.5531	identical
1475938	256	256	256	zenravif-420	9	20.0	1395	32.16	8.17	21.5734	identical
1475938	256	256	256	zenravif-444	9	20.0	1398	47.12	15.85	21.7045	identical
1475938	256	256	256	svt-rs-420	9	20.0	1268	5.85	10.18	19.9815	identical
1475938	256	256	256	zenravif-420	9	25.0	1648	35.60	5.81	29.3624	identical
1475938	256	256	256	zenravif-444	9	25.0	1661	72.54	9.34	28.3845	identical
1475938	256	256	256	svt-rs-420	9	25.0	1610	6.03	4.05	30.3351	identical
1475938	256	256	256	zenravif-420	9	30.0	2011	33.57	8.68	38.6505	identical
1475938	256	256	256	zenravif-444	9	30.0	2020	53.91	5.92	39.0215	identical
1475938	256	256	256	svt-rs-420	9	30.0	2001	6.38	4.51	41.0135	identical
1475938	256	256	256	zenravif-420	9	35.0	2452	34.43	13.48	48.4578	identical
1475938	256	256	256	zenravif-444	9	35.0	2505	54.04	12.17	46.7024	identical
1475938	256	256	256	svt-rs-420	9	35.0	2645	6.46	5.42	49.7337	identical
1475938	256	256	256	zenravif-420	9	40.0	3048	36.78	6.18	54.7544	identical
1475938	256	256	256	zenravif-444	9	40.0	3107	54.28	13.83	54.5648	identical
1475938	256	256	256	svt-rs-420	9	40.0	3231	6.92	7.29	55.3019	identical
1475938	256	256	256	zenravif-420	9	45.0	3611	37.03	6.25	59.7648	identical
1475938	256	256	256	zenravif-444	9	45.0	3699	58.83	5.13	61.2538	identical
1475938	256	256	256	svt-rs-420	9	45.0	3938	7.02	7.30	60.3341	identical
1475938	256	256	256	zenravif-420	9	50.0	4278	24.83	4.11	64.4361	identical
1475938	256	256	256	zenravif-444	9	50.0	4467	50.64	3.52	64.7302	identical
1475938	256	256	256	svt-rs-420	9	50.0	4648	7.68	10.67	70.1704	identical
1475938	256	256	256	zenravif-420	9	55.0	4980	24.90	3.22	68.5671	identical
1475938	256	256	256	zenravif-444	9	55.0	5216	39.03	5.01	70.5144	identical
1475938	256	256	256	svt-rs-420	9	55.0	5479	10.01	6.60	74.0631	identical
1475938	256	256	256	zenravif-420	9	60.0	5703	26.51	3.62	72.6984	identical
1475938	256	256	256	zenravif-444	9	60.0	6070	39.34	4.53	73.0745	identical
1475938	256	256	256	svt-rs-420	9	60.0	6569	11.84	7.55	78.6275	identical
1475938	256	256	256	zenravif-420	9	65.0	6682	28.84	3.53	75.6999	identical
1475938	256	256	256	zenravif-444	9	65.0	7147	39.80	3.97	76.7174	identical
1475938	256	256	256	svt-rs-420	9	65.0	7358	9.72	8.24	80.3224	identical
1475938	256	256	256	zenravif-420	9	70.0	7469	29.78	3.74	78.6003	identical
1475938	256	256	256	zenravif-444	9	70.0	8062	41.77	4.08	79.6621	identical
1475938	256	256	256	svt-rs-420	9	70.0	8140	8.53	9.26	81.3453	identical
1475938	256	256	256	zenravif-420	9	75.0	9072	35.32	4.01	82.1521	identical
1475938	256	256	256	zenravif-444	9	75.0	9982	45.76	5.07	82.9096	identical
1475938	256	256	256	svt-rs-420	9	75.0	8932	9.72	6.87	83.1890	identical
1475938	256	256	256	zenravif-420	9	80.0	10295	33.52	9.40	84.3044	identical
1475938	256	256	256	zenravif-444	9	80.0	11676	48.11	6.10	85.4741	identical
1475938	256	256	256	svt-rs-420	9	80.0	10201	9.29	13.35	85.3130	identical
1475938	256	256	256	zenravif-420	9	85.0	12119	53.60	6.05	86.2722	identical
1475938	256	256	256	zenravif-444	9	85.0	14010	53.63	4.59	87.7449	identical
1475938	256	256	256	svt-rs-420	9	85.0	11667	9.26	5.05	86.5931	identical
1475938	256	256	256	zenravif-420	9	90.0	14741	35.50	4.40	88.1357	identical
1475938	256	256	256	zenravif-444	9	90.0	17654	54.78	7.63	89.8114	identical
1475938	256	256	256	svt-rs-420	9	90.0	14887	7.62	4.17	88.8235	identical
1475938	256	256	256	zenravif-420	9	95.0	19618	38.43	4.51	89.8298	identical
1475938	256	256	256	zenravif-444	9	95.0	25212	61.36	9.16	92.2206	identical
1475938	256	256	256	svt-rs-420	9	95.0	19402	8.67	7.43	90.5833	identical
1475938	256	256	256	zenravif-420	9	100.0	35208	50.39	9.65	91.4825	identical
1475938	256	256	256	zenravif-444	9	100.0	54098	85.36	13.81	94.0108	identical
1475938	256	256	256	svt-rs-420	9	100.0	47184	11.28	9.75	-200.5983	identical
1531677	256	256	256	zenravif-420	2	5.0	1046	299.14	15.64	-24.0417	identical
1531677	256	256	256	zenravif-444	2	5.0	1042	399.98	8.23	-23.3783	identical
1531677	256	256	256	svt-rs-420	2	5.0	974	1301.64	10.08	-18.1341	identical
1531677	256	256	256	zenravif-420	2	10.0	1173	338.42	14.98	-15.2351	identical
1531677	256	256	256	zenravif-444	2	10.0	1163	395.06	11.07	-14.3762	identical
1531677	256	256	256	svt-rs-420	2	10.0	1333	1260.34	9.97	-2.1918	identical
1531677	256	256	256	zenravif-420	2	15.0	1447	386.17	12.55	-2.2784	identical
1531677	256	256	256	zenravif-444	2	15.0	1439	404.84	9.86	-3.2859	identical
1531677	256	256	256	svt-rs-420	2	15.0	1931	1510.75	8.25	13.7153	identical
1531677	256	256	256	zenravif-420	2	20.0	1914	377.77	9.90	9.0462	identical
1531677	256	256	256	zenravif-444	2	20.0	1919	521.53	10.90	8.4323	identical
1531677	256	256	256	svt-rs-420	2	20.0	2469	1741.24	14.32	24.0010	identical
1531677	256	256	256	zenravif-420	2	25.0	2396	461.60	11.50	21.8620	identical
1531677	256	256	256	zenravif-444	2	25.0	2394	505.80	10.71	21.3982	identical
1531677	256	256	256	svt-rs-420	2	25.0	3157	1897.32	9.61	33.9901	identical
1531677	256	256	256	zenravif-420	2	30.0	3106	517.59	8.36	31.3176	identical
1531677	256	256	256	zenravif-444	2	30.0	3135	568.52	27.89	31.0760	identical
1531677	256	256	256	svt-rs-420	2	30.0	4059	2275.11	14.38	41.5201	identical
1531677	256	256	256	zenravif-420	2	35.0	3956	541.00	8.48	40.4603	identical
1531677	256	256	256	zenravif-444	2	35.0	3937	618.70	13.22	39.8538	identical
1531677	256	256	256	svt-rs-420	2	35.0	5528	2042.07	14.52	52.3330	identical
1531677	256	256	256	zenravif-420	2	40.0	5102	663.11	8.92	48.0974	identical
1531677	256	256	256	zenravif-444	2	40.0	5135	724.16	17.50	48.3435	identical
1531677	256	256	256	svt-rs-420	2	40.0	6942	1951.48	14.11	59.2728	identical
1531677	256	256	256	zenravif-420	2	45.0	6461	652.11	10.91	56.4495	identical
1531677	256	256	256	zenravif-444	2	45.0	6496	790.78	10.95	56.2455	identical
1531677	256	256	256	svt-rs-420	2	45.0	8579	2273.82	9.51	65.5254	identical
1531677	256	256	256	zenravif-420	2	50.0	7908	612.98	12.93	62.3114	identical
1531677	256	256	256	zenravif-444	2	50.0	7978	700.62	5.45	62.4693	identical
1531677	256	256	256	svt-rs-420	2	50.0	10275	2154.28	12.67	69.7591	identical
1531677	256	256	256	zenravif-420	2	55.0	9391	655.53	14.27	67.3540	identical
1531677	256	256	256	zenravif-444	2	55.0	9514	833.49	5.50	67.4238	identical
1531677	256	256	256	svt-rs-420	2	55.0	12273	2065.55	13.53	73.8814	identical
1531677	256	256	256	zenravif-420	2	60.0	11078	784.34	9.59	71.0889	identical
1531677	256	256	256	zenravif-444	2	60.0	11224	840.44	6.89	71.4733	identical
1531677	256	256	256	svt-rs-420	2	60.0	15131	2007.95	18.95	78.3302	identical
1531677	256	256	256	zenravif-420	2	65.0	13048	903.70	9.06	74.8570	identical
1531677	256	256	256	zenravif-444	2	65.0	13301	1052.69	25.69	75.8857	identical
1531677	256	256	256	svt-rs-420	2	65.0	17145	1765.04	12.36	80.5984	identical
1531677	256	256	256	zenravif-420	2	70.0	14874	803.34	6.31	77.7782	identical
1531677	256	256	256	zenravif-444	2	70.0	15295	851.14	8.56	79.2130	identical
1531677	256	256	256	svt-rs-420	2	70.0	18796	1598.78	18.48	82.4403	identical
1531677	256	256	256	zenravif-420	2	75.0	18157	902.32	6.71	81.7826	identical
1531677	256	256	256	zenravif-444	2	75.0	18849	959.65	13.71	82.8348	identical
1531677	256	256	256	svt-rs-420	2	75.0	20806	1303.87	10.80	84.0521	identical
1531677	256	256	256	zenravif-420	2	80.0	20800	911.92	15.43	83.9916	identical
1531677	256	256	256	zenravif-444	2	80.0	21843	1073.67	7.68	85.1264	identical
1531677	256	256	256	svt-rs-420	2	80.0	23791	903.26	10.30	86.8581	identical
1531677	256	256	256	zenravif-420	2	85.0	24148	1112.41	9.14	86.8765	identical
1531677	256	256	256	zenravif-444	2	85.0	25828	1137.56	8.02	87.8367	identical
1531677	256	256	256	svt-rs-420	2	85.0	27059	837.56	8.13	88.6016	identical
1531677	256	256	256	zenravif-420	2	90.0	29355	1093.65	13.47	88.9049	identical
1531677	256	256	256	zenravif-444	2	90.0	32431	1193.28	13.20	90.6784	identical
1531677	256	256	256	svt-rs-420	2	90.0	33812	884.80	7.70	91.4776	identical
1531677	256	256	256	zenravif-420	2	95.0	37559	1231.82	12.70	91.5420	identical
1531677	256	256	256	zenravif-444	2	95.0	43988	1414.37	23.32	93.3137	identical
1531677	256	256	256	svt-rs-420	2	95.0	42686	958.60	16.55	92.9969	identical
1531677	256	256	256	zenravif-420	2	100.0	63045	978.56	19.65	94.0696	identical
1531677	256	256	256	zenravif-444	2	100.0	92543	1229.74	21.75	96.3622	identical
1531677	256	256	256	svt-rs-420	2	100.0	75137	466.73	8.88	-698.8527	identical
1531677	256	256	256	zenravif-420	6	5.0	1223	84.62	6.61	-20.8617	identical
1531677	256	256	256	zenravif-444	6	5.0	1212	131.03	9.33	-21.5676	identical
1531677	256	256	256	svt-rs-420	6	5.0	959	9.80	9.67	-23.2186	identical
1531677	256	256	256	zenravif-420	6	10.0	1352	102.45	8.95	-13.2264	identical
1531677	256	256	256	zenravif-444	6	10.0	1354	123.78	15.28	-14.3768	identical
1531677	256	256	256	svt-rs-420	6	10.0	1282	10.36	5.50	-7.1725	identical
1531677	256	256	256	zenravif-420	6	15.0	1663	87.14	8.91	-2.0378	identical
1531677	256	256	256	zenravif-444	6	15.0	1653	126.23	14.08	-3.2631	identical
1531677	256	256	256	svt-rs-420	6	15.0	1769	12.14	12.85	6.9847	identical
1531677	256	256	256	zenravif-420	6	20.0	2198	89.18	5.68	12.0557	identical
1531677	256	256	256	zenravif-444	6	20.0	2201	148.91	6.14	12.1875	identical
1531677	256	256	256	svt-rs-420	6	20.0	2383	15.46	6.99	19.5702	identical
1531677	256	256	256	zenravif-420	6	25.0	2793	107.09	8.65	24.1645	identical
1531677	256	256	256	zenravif-444	6	25.0	2769	136.93	8.30	23.6202	identical
1531677	256	256	256	svt-rs-420	6	25.0	3133	15.89	5.91	31.3387	identical
1531677	256	256	256	zenravif-420	6	30.0	3553	101.61	8.40	33.3633	identical
1531677	256	256	256	zenravif-444	6	30.0	3577	131.08	5.50	33.9784	identical
1531677	256	256	256	svt-rs-420	6	30.0	4067	16.56	11.26	40.8231	identical
1531677	256	256	256	zenravif-420	6	35.0	4444	107.69	7.02	42.9952	identical
1531677	256	256	256	zenravif-444	6	35.0	4454	141.60	10.93	43.0546	identical
1531677	256	256	256	svt-rs-420	6	35.0	5632	18.47	8.10	51.1941	identical
1531677	256	256	256	zenravif-420	6	40.0	5712	112.47	14.90	50.7246	identical
1531677	256	256	256	zenravif-444	6	40.0	5714	165.09	12.28	50.6329	identical
1531677	256	256	256	svt-rs-420	6	40.0	7150	20.12	6.97	59.2647	identical
1531677	256	256	256	zenravif-420	6	45.0	7067	125.93	12.78	57.9999	identical
1531677	256	256	256	zenravif-444	6	45.0	7086	301.81	12.27	58.2901	identical
1531677	256	256	256	svt-rs-420	6	45.0	8750	53.79	20.67	64.0699	identical
1531677	256	256	256	zenravif-420	6	50.0	8581	169.74	25.39	63.5168	identical
1531677	256	256	256	zenravif-444	6	50.0	8633	122.04	7.30	63.6988	identical
1531677	256	256	256	svt-rs-420	6	50.0	10524	23.35	12.66	69.3651	identical
1531677	256	256	256	zenravif-420	6	55.0	10146	144.31	7.08	68.1542	identical
1531677	256	256	256	zenravif-444	6	55.0	10265	133.09	6.70	69.0000	identical
1531677	256	256	256	svt-rs-420	6	55.0	12627	25.57	8.03	73.1622	identical
1531677	256	256	256	zenravif-420	6	60.0	11955	101.37	4.96	72.4577	identical
1531677	256	256	256	zenravif-444	6	60.0	12145	131.15	5.69	72.6746	identical
1531677	256	256	256	svt-rs-420	6	60.0	15473	27.79	6.51	78.0536	identical
1531677	256	256	256	zenravif-420	6	65.0	13969	111.35	5.98	75.7154	identical
1531677	256	256	256	zenravif-444	6	65.0	14302	141.60	8.76	77.0281	identical
1531677	256	256	256	svt-rs-420	6	65.0	17564	28.61	5.43	80.3114	identical
1531677	256	256	256	zenravif-420	6	70.0	15802	108.20	4.70	78.4318	identical
1531677	256	256	256	zenravif-444	6	70.0	16269	143.38	5.54	79.2527	identical
1531677	256	256	256	svt-rs-420	6	70.0	19451	26.79	6.89	82.1678	identical
1531677	256	256	256	zenravif-420	6	75.0	19235	114.71	7.88	82.2449	identical
1531677	256	256	256	zenravif-444	6	75.0	19975	170.88	5.56	83.5384	identical
1531677	256	256	256	svt-rs-420	6	75.0	21538	28.97	5.87	83.4209	identical
1531677	256	256	256	zenravif-420	6	80.0	21888	120.91	6.90	84.8515	identical
1531677	256	256	256	zenravif-444	6	80.0	22982	175.61	6.61	85.6066	identical
1531677	256	256	256	svt-rs-420	6	80.0	24439	32.58	9.26	86.0390	identical
1531677	256	256	256	zenravif-420	6	85.0	25287	121.84	5.26	87.0515	identical
1531677	256	256	256	zenravif-444	6	85.0	27100	173.16	9.78	88.4289	identical
1531677	256	256	256	svt-rs-420	6	85.0	27958	26.88	5.73	87.9875	identical
1531677	256	256	256	zenravif-420	6	90.0	30600	138.96	5.71	89.4586	identical
1531677	256	256	256	zenravif-444	6	90.0	33854	188.70	10.22	90.9912	identical
1531677	256	256	256	svt-rs-420	6	90.0	35204	25.88	7.57	90.6633	identical
1531677	256	256	256	zenravif-420	6	95.0	39134	185.57	9.04	91.4628	identical
1531677	256	256	256	zenravif-444	6	95.0	45953	208.74	7.68	93.4311	identical
1531677	256	256	256	svt-rs-420	6	95.0	44691	20.65	6.16	92.5350	identical
1531677	256	256	256	zenravif-420	6	100.0	63629	182.04	11.96	93.9142	identical
1531677	256	256	256	zenravif-444	6	100.0	93271	313.36	11.38	95.9711	identical
1531677	256	256	256	svt-rs-420	6	100.0	81570	27.32	4.82	-649.9311	identical
1531677	256	256	256	zenravif-420	9	5.0	1222	47.60	4.11	-20.8732	identical
1531677	256	256	256	zenravif-444	9	5.0	1217	44.58	6.25	-21.9906	identical
1531677	256	256	256	svt-rs-420	9	5.0	1091	5.70	8.60	-24.4761	identical
1531677	256	256	256	zenravif-420	9	10.0	1358	36.52	7.23	-14.9575	identical
1531677	256	256	256	zenravif-444	9	10.0	1350	46.49	4.88	-14.9654	identical
1531677	256	256	256	svt-rs-420	9	10.0	1411	5.91	6.40	-6.9718	identical
1531677	256	256	256	zenravif-420	9	15.0	1678	37.59	4.53	-1.5952	identical
1531677	256	256	256	zenravif-444	9	15.0	1657	49.23	7.51	-2.3311	identical
1531677	256	256	256	svt-rs-420	9	15.0	1861	6.53	6.62	6.9407	identical
1531677	256	256	256	zenravif-420	9	20.0	2219	41.04	8.51	13.1839	identical
1531677	256	256	256	zenravif-444	9	20.0	2200	54.47	5.01	12.1337	identical
1531677	256	256	256	svt-rs-420	9	20.0	2451	6.70	7.11	19.6786	identical
1531677	256	256	256	zenravif-420	9	25.0	2800	40.33	8.22	22.8001	identical
1531677	256	256	256	zenravif-444	9	25.0	2784	55.28	6.03	22.1358	identical
1531677	256	256	256	svt-rs-420	9	25.0	3122	7.48	5.60	30.2374	identical
1531677	256	256	256	zenravif-420	9	30.0	3586	60.98	6.81	33.5045	identical
1531677	256	256	256	zenravif-444	9	30.0	3584	69.72	10.29	33.2809	identical
1531677	256	256	256	svt-rs-420	9	30.0	4065	10.65	4.43	39.6097	identical
1531677	256	256	256	zenravif-420	9	35.0	4508	58.31	5.34	43.4145	identical
1531677	256	256	256	zenravif-444	9	35.0	4503	61.08	6.86	42.9818	identical
1531677	256	256	256	svt-rs-420	9	35.0	5688	9.05	6.55	51.2867	identical
1531677	256	256	256	zenravif-420	9	40.0	5776	44.96	4.52	51.0743	identical
1531677	256	256	256	zenravif-444	9	40.0	5804	59.85	6.97	51.6190	identical
1531677	256	256	256	svt-rs-420	9	40.0	7188	8.42	6.38	59.0226	identical
1531677	256	256	256	zenravif-420	9	45.0	7178	46.71	6.27	58.1475	identical
1531677	256	256	256	zenravif-444	9	45.0	7209	67.71	8.79	58.8264	identical
1531677	256	256	256	svt-rs-420	9	45.0	8835	8.87	4.53	64.0633	identical
1531677	256	256	256	zenravif-420	9	50.0	8736	35.98	5.93	64.3733	identical
1531677	256	256	256	zenravif-444	9	50.0	8798	47.21	3.91	64.1549	identical
1531677	256	256	256	svt-rs-420	9	50.0	10679	9.34	5.52	69.2452	identical
1531677	256	256	256	zenravif-420	9	55.0	10299	32.63	3.65	68.4253	identical
1531677	256	256	256	zenravif-444	9	55.0	10444	45.33	4.49	68.9319	identical
1531677	256	256	256	svt-rs-420	9	55.0	12812	11.14	8.84	73.5764	identical
1531677	256	256	256	zenravif-420	9	60.0	12131	32.80	3.88	72.0586	identical
1531677	256	256	256	zenravif-444	9	60.0	12352	47.91	4.44	73.2590	identical
1531677	256	256	256	svt-rs-420	9	60.0	15709	11.13	7.95	77.7624	identical
1531677	256	256	256	zenravif-420	9	65.0	14160	55.39	4.52	75.9492	identical
1531677	256	256	256	zenravif-444	9	65.0	14487	51.38	5.09	76.7922	identical
1531677	256	256	256	svt-rs-420	9	65.0	17745	13.87	13.60	80.5628	identical
1531677	256	256	256	zenravif-420	9	70.0	16015	36.15	3.86	78.6386	identical
1531677	256	256	256	zenravif-444	9	70.0	16460	51.45	4.98	79.3467	identical
1531677	256	256	256	svt-rs-420	9	70.0	19688	11.63	6.32	82.7176	identical
1531677	256	256	256	zenravif-420	9	75.0	19502	61.15	4.34	82.5050	identical
1531677	256	256	256	zenravif-444	9	75.0	20288	54.11	6.78	83.3656	identical
1531677	256	256	256	svt-rs-420	9	75.0	21697	12.02	6.26	84.0500	identical
1531677	256	256	256	zenravif-420	9	80.0	22140	41.62	4.52	84.8504	identical
1531677	256	256	256	zenravif-444	9	80.0	23375	59.90	5.10	85.5686	identical
1531677	256	256	256	svt-rs-420	9	80.0	24728	12.03	7.42	86.0345	identical
1531677	256	256	256	zenravif-420	9	85.0	25689	41.17	4.68	87.1412	identical
1531677	256	256	256	zenravif-444	9	85.0	27597	82.08	5.02	88.6635	identical
1531677	256	256	256	svt-rs-420	9	85.0	28209	12.85	9.24	87.9783	identical
1531677	256	256	256	zenravif-420	9	90.0	31162	44.47	5.05	89.3893	identical
1531677	256	256	256	zenravif-444	9	90.0	34621	66.79	5.49	90.9726	identical
1531677	256	256	256	svt-rs-420	9	90.0	35212	9.68	6.36	90.7335	identical
1531677	256	256	256	zenravif-420	9	95.0	39982	56.52	9.18	91.4587	identical
1531677	256	256	256	zenravif-444	9	95.0	47169	78.81	6.79	93.6931	identical
1531677	256	256	256	svt-rs-420	9	95.0	44638	10.50	8.89	92.6367	identical
1531677	256	256	256	zenravif-420	9	100.0	63978	60.78	11.24	93.7382	identical
1531677	256	256	256	zenravif-444	9	100.0	94106	103.02	9.20	95.8359	identical
1531677	256	256	256	svt-rs-420	9	100.0	81782	13.69	9.47	-640.7198	identical
1544947	256	256	256	zenravif-420	2	5.0	710	338.47	5.04	-11.0289	identical
1544947	256	256	256	zenravif-444	2	5.0	698	447.47	7.23	-11.7814	identical
1544947	256	256	256	svt-rs-420	2	5.0	550	543.82	8.79	-37.4463	identical
1544947	256	256	256	zenravif-420	2	10.0	763	395.87	7.03	-4.3554	identical
1544947	256	256	256	zenravif-444	2	10.0	754	446.69	10.22	-5.7170	identical
1544947	256	256	256	svt-rs-420	2	10.0	659	517.89	8.67	-8.1105	identical
1544947	256	256	256	zenravif-420	2	15.0	859	416.55	6.86	7.6533	identical
1544947	256	256	256	zenravif-444	2	15.0	853	569.34	20.61	3.3906	identical
1544947	256	256	256	svt-rs-420	2	15.0	785	510.85	3.87	8.1479	identical
1544947	256	256	256	zenravif-420	2	20.0	945	492.27	6.53	15.3035	identical
1544947	256	256	256	zenravif-444	2	20.0	957	551.89	8.59	17.3671	identical
1544947	256	256	256	svt-rs-420	2	20.0	859	575.67	8.97	16.8100	identical
1544947	256	256	256	zenravif-420	2	25.0	1082	535.41	21.93	26.9195	identical
1544947	256	256	256	zenravif-444	2	25.0	1109	559.73	9.09	26.7583	identical
1544947	256	256	256	svt-rs-420	2	25.0	994	671.85	8.69	28.1783	identical
1544947	256	256	256	zenravif-420	2	30.0	1244	552.03	9.84	36.6957	identical
1544947	256	256	256	zenravif-444	2	30.0	1227	699.36	12.09	34.6985	identical
1544947	256	256	256	svt-rs-420	2	30.0	1115	602.62	9.07	36.5063	identical
1544947	256	256	256	zenravif-420	2	35.0	1440	643.94	10.06	43.7837	identical
1544947	256	256	256	zenravif-444	2	35.0	1447	829.62	9.80	45.8757	identical
1544947	256	256	256	svt-rs-420	2	35.0	1341	594.88	11.23	47.7742	identical
1544947	256	256	256	zenravif-420	2	40.0	1609	771.73	11.47	50.7774	identical
1544947	256	256	256	zenravif-444	2	40.0	1669	835.57	13.01	51.0742	identical
1544947	256	256	256	svt-rs-420	2	40.0	1525	612.55	12.28	53.8343	identical
1544947	256	256	256	zenravif-420	2	45.0	1886	804.99	9.49	58.7780	identical
1544947	256	256	256	zenravif-444	2	45.0	1908	972.47	12.95	58.1016	identical
1544947	256	256	256	svt-rs-420	2	45.0	1765	691.30	9.81	60.1291	identical
1544947	256	256	256	zenravif-420	2	50.0	2175	719.99	6.39	63.7461	identical
1544947	256	256	256	zenravif-444	2	50.0	2234	750.16	7.45	63.6628	identical
1544947	256	256	256	svt-rs-420	2	50.0	2096	728.35	9.66	64.4293	identical
1544947	256	256	256	zenravif-420	2	55.0	2462	683.25	4.90	67.5815	identical
1544947	256	256	256	zenravif-444	2	55.0	2513	742.19	5.87	67.0272	identical
1544947	256	256	256	svt-rs-420	2	55.0	2452	689.84	14.42	69.1226	identical
1544947	256	256	256	zenravif-420	2	60.0	2877	751.77	4.29	70.7367	identical
1544947	256	256	256	zenravif-444	2	60.0	2984	829.41	5.78	72.0193	identical
1544947	256	256	256	svt-rs-420	2	60.0	3040	683.35	8.37	74.2146	identical
1544947	256	256	256	zenravif-420	2	65.0	3396	794.54	5.40	75.5043	identical
1544947	256	256	256	zenravif-444	2	65.0	3425	915.47	12.20	75.5318	identical
1544947	256	256	256	svt-rs-420	2	65.0	3489	642.17	8.25	76.6876	identical
1544947	256	256	256	zenravif-420	2	70.0	3828	890.55	7.94	76.8580	identical
1544947	256	256	256	zenravif-444	2	70.0	3948	938.54	13.04	77.4341	identical
1544947	256	256	256	svt-rs-420	2	70.0	3869	671.04	7.50	79.2312	identical
1544947	256	256	256	zenravif-420	2	75.0	4810	999.46	5.33	81.1674	identical
1544947	256	256	256	zenravif-444	2	75.0	4925	1046.53	7.03	81.8992	identical
1544947	256	256	256	svt-rs-420	2	75.0	4403	598.13	11.60	80.8604	identical
1544947	256	256	256	zenravif-420	2	80.0	5667	1049.96	11.05	83.6577	identical
1544947	256	256	256	zenravif-444	2	80.0	6017	1116.25	7.14	84.6593	identical
1544947	256	256	256	svt-rs-420	2	80.0	5433	572.30	9.31	84.1840	identical
1544947	256	256	256	zenravif-420	2	85.0	7013	1154.28	7.79	85.7484	identical
1544947	256	256	256	zenravif-444	2	85.0	7420	1313.73	7.09	87.0589	identical
1544947	256	256	256	svt-rs-420	2	85.0	6675	657.93	9.77	86.1353	identical
1544947	256	256	256	zenravif-420	2	90.0	9651	1379.12	12.58	88.6941	identical
1544947	256	256	256	zenravif-444	2	90.0	10241	1475.54	9.33	89.6421	identical
1544947	256	256	256	svt-rs-420	2	90.0	9547	625.34	12.73	89.6740	identical
1544947	256	256	256	zenravif-420	2	95.0	14724	1621.11	7.83	91.3655	identical
1544947	256	256	256	zenravif-444	2	95.0	16144	1672.41	10.52	92.4781	identical
1544947	256	256	256	svt-rs-420	2	95.0	14407	773.90	8.39	92.1266	identical
1544947	256	256	256	zenravif-420	2	100.0	32656	747.04	11.75	94.7280	identical
1544947	256	256	256	zenravif-444	2	100.0	45830	919.03	12.75	95.4879	identical
1544947	256	256	256	svt-rs-420	2	100.0	39299	529.60	7.88	-522.9818	identical
1544947	256	256	256	zenravif-420	6	5.0	819	63.63	8.00	-20.2685	identical
1544947	256	256	256	zenravif-444	6	5.0	831	90.19	10.64	-19.9258	identical
1544947	256	256	256	svt-rs-420	6	5.0	602	13.47	8.25	-44.3479	identical
1544947	256	256	256	zenravif-420	6	10.0	899	63.14	8.95	-5.1960	identical
1544947	256	256	256	zenravif-444	6	10.0	890	91.19	13.66	-5.6519	identical
1544947	256	256	256	svt-rs-420	6	10.0	777	10.82	6.26	-20.3607	identical
1544947	256	256	256	zenravif-420	6	15.0	984	82.43	16.06	6.1914	identical
1544947	256	256	256	zenravif-444	6	15.0	991	119.45	14.48	6.5185	identical
1544947	256	256	256	svt-rs-420	6	15.0	943	16.08	7.91	-5.8130	identical
1544947	256	256	256	zenravif-420	6	20.0	1151	108.95	10.22	21.6253	identical
1544947	256	256	256	zenravif-444	6	20.0	1138	127.10	10.98	16.2357	identical
1544947	256	256	256	svt-rs-420	6	20.0	1096	13.40	4.83	10.3912	identical
1544947	256	256	256	zenravif-420	6	25.0	1270	105.53	10.10	27.3835	identical
1544947	256	256	256	zenravif-444	6	25.0	1269	141.43	6.79	28.6896	identical
1544947	256	256	256	svt-rs-420	6	25.0	1301	15.79	8.74	20.5584	identical
1544947	256	256	256	zenravif-420	6	30.0	1437	92.18	6.16	36.1894	identical
1544947	256	256	256	zenravif-444	6	30.0	1460	125.30	7.50	36.7651	identical
1544947	256	256	256	svt-rs-420	6	30.0	1510	12.19	3.50	29.7764	identical
1544947	256	256	256	zenravif-420	6	35.0	1656	91.75	10.69	47.3231	identical
1544947	256	256	256	zenravif-444	6	35.0	1656	151.50	13.22	46.9733	identical
1544947	256	256	256	svt-rs-420	6	35.0	1858	12.53	5.43	46.0858	identical
1544947	256	256	256	zenravif-420	6	40.0	1950	98.65	10.03	55.0550	identical
1544947	256	256	256	zenravif-444	6	40.0	1964	134.88	13.11	54.0593	identical
1544947	256	256	256	svt-rs-420	6	40.0	2200	13.78	9.78	53.3796	identical
1544947	256	256	256	zenravif-420	6	45.0	2244	100.87	11.46	59.8548	identical
1544947	256	256	256	zenravif-444	6	45.0	2251	142.91	13.79	59.4843	identical
1544947	256	256	256	svt-rs-420	6	45.0	2537	14.68	8.59	58.7585	identical
1544947	256	256	256	zenravif-420	6	50.0	2590	71.72	4.18	64.8934	identical
1544947	256	256	256	zenravif-444	6	50.0	2583	95.30	4.07	64.6626	identical
1544947	256	256	256	svt-rs-420	6	50.0	2932	14.67	10.70	64.0080	identical
1544947	256	256	256	zenravif-420	6	55.0	2928	72.40	4.03	68.3880	identical
1544947	256	256	256	zenravif-444	6	55.0	2955	104.56	4.38	69.0879	identical
1544947	256	256	256	svt-rs-420	6	55.0	3464	15.09	5.61	69.5923	identical
1544947	256	256	256	zenravif-420	6	60.0	3419	86.57	5.56	71.7159	identical
1544947	256	256	256	zenravif-444	6	60.0	3471	126.67	5.01	72.7437	identical
1544947	256	256	256	svt-rs-420	6	60.0	4199	16.16	8.03	74.2012	identical
1544947	256	256	256	zenravif-420	6	65.0	4011	83.22	5.29	75.6849	identical
1544947	256	256	256	zenravif-444	6	65.0	4120	146.30	10.33	76.1482	identical
1544947	256	256	256	svt-rs-420	6	65.0	4765	26.39	7.30	76.9735	identical
1544947	256	256	256	zenravif-420	6	70.0	4544	85.15	4.61	77.9700	identical
1544947	256	256	256	zenravif-444	6	70.0	4640	136.93	5.23	78.8701	identical
1544947	256	256	256	svt-rs-420	6	70.0	5259	17.92	6.49	78.2512	identical
1544947	256	256	256	zenravif-420	6	75.0	5737	93.03	7.83	81.4214	identical
1544947	256	256	256	zenravif-444	6	75.0	5830	162.01	4.89	82.0689	identical
1544947	256	256	256	svt-rs-420	6	75.0	5956	17.91	7.15	80.9647	identical
1544947	256	256	256	zenravif-420	6	80.0	6722	121.67	5.23	84.1765	identical
1544947	256	256	256	zenravif-444	6	80.0	6901	152.86	6.12	84.6382	identical
1544947	256	256	256	svt-rs-420	6	80.0	6938	20.50	5.90	83.4234	identical
1544947	256	256	256	zenravif-420	6	85.0	8221	113.92	9.27	86.1819	identical
1544947	256	256	256	zenravif-444	6	85.0	8598	148.42	5.86	87.0095	identical
1544947	256	256	256	svt-rs-420	6	85.0	8337	18.95	8.69	85.5654	identical
1544947	256	256	256	zenravif-420	6	90.0	10945	111.34	8.22	88.7233	identical
1544947	256	256	256	zenravif-444	6	90.0	11649	166.51	6.15	89.4538	identical
1544947	256	256	256	svt-rs-420	6	90.0	11728	28.43	6.08	89.1454	identical
1544947	256	256	256	zenravif-420	6	95.0	16176	129.55	9.65	91.3469	identical
1544947	256	256	256	zenravif-444	6	95.0	17644	177.33	8.06	92.1767	identical
1544947	256	256	256	svt-rs-420	6	95.0	17093	20.64	9.05	91.5976	identical
1544947	256	256	256	zenravif-420	6	100.0	32473	149.56	10.15	94.3928	identical
1544947	256	256	256	zenravif-444	6	100.0	45936	243.84	15.07	94.9682	identical
1544947	256	256	256	svt-rs-420	6	100.0	46867	34.07	7.06	-690.6693	identical
1544947	256	256	256	zenravif-420	9	5.0	834	27.96	5.72	-19.9009	identical
1544947	256	256	256	zenravif-444	9	5.0	833	39.26	7.45	-18.9240	identical
1544947	256	256	256	svt-rs-420	9	5.0	650	6.52	5.46	-43.0857	identical
1544947	256	256	256	zenravif-420	9	10.0	923	29.34	5.66	-5.8481	identical
1544947	256	256	256	zenravif-444	9	10.0	914	39.83	5.96	-6.3645	identical
1544947	256	256	256	svt-rs-420	9	10.0	784	4.98	4.96	-22.8683	identical
1544947	256	256	256	zenravif-420	9	15.0	1038	44.20	4.57	1.7650	identical
1544947	256	256	256	zenravif-444	9	15.0	1039	41.62	9.04	3.3694	identical
1544947	256	256	256	svt-rs-420	9	15.0	959	6.05	6.08	-4.6360	identical
1544947	256	256	256	zenravif-420	9	20.0	1219	33.06	5.34	19.1333	identical
1544947	256	256	256	zenravif-444	9	20.0	1214	60.77	9.71	17.5412	identical
1544947	256	256	256	svt-rs-420	9	20.0	1108	7.00	8.29	7.9415	identical
1544947	256	256	256	zenravif-420	9	25.0	1398	32.95	8.88	28.2710	identical
1544947	256	256	256	zenravif-444	9	25.0	1410	46.82	11.87	28.3438	identical
1544947	256	256	256	svt-rs-420	9	25.0	1342	7.96	9.69	19.9184	identical
1544947	256	256	256	zenravif-420	9	30.0	1642	47.98	7.22	36.8933	identical
1544947	256	256	256	zenravif-444	9	30.0	1656	58.73	7.78	37.3859	identical
1544947	256	256	256	svt-rs-420	9	30.0	1570	6.28	11.71	29.1213	identical
1544947	256	256	256	zenravif-420	9	35.0	1950	36.60	12.00	44.2366	identical
1544947	256	256	256	zenravif-444	9	35.0	1976	48.70	14.29	45.4607	identical
1544947	256	256	256	svt-rs-420	9	35.0	1930	6.34	16.03	40.4491	identical
1544947	256	256	256	zenravif-420	9	40.0	2348	37.16	9.95	52.2566	identical
1544947	256	256	256	zenravif-444	9	40.0	2353	50.41	11.96	51.9765	identical
1544947	256	256	256	svt-rs-420	9	40.0	2316	7.38	6.29	52.4455	identical
1544947	256	256	256	zenravif-420	9	45.0	2716	37.51	9.09	59.2160	identical
1544947	256	256	256	zenravif-444	9	45.0	2739	57.98	11.42	58.9264	identical
1544947	256	256	256	svt-rs-420	9	45.0	2709	7.93	9.59	57.3449	identical
1544947	256	256	256	zenravif-420	9	50.0	3215	28.01	3.72	63.5289	identical
1544947	256	256	256	zenravif-444	9	50.0	3243	37.28	3.83	63.8756	identical
1544947	256	256	256	svt-rs-420	9	50.0	3150	6.93	8.76	63.6648	identical
1544947	256	256	256	zenravif-420	9	55.0	3674	30.03	3.99	67.7555	identical
1544947	256	256	256	zenravif-444	9	55.0	3728	36.49	4.63	67.4696	identical
1544947	256	256	256	svt-rs-420	9	55.0	3741	8.31	6.72	69.2567	identical
1544947	256	256	256	zenravif-420	9	60.0	4267	28.30	5.17	71.0739	identical
1544947	256	256	256	zenravif-444	9	60.0	4325	40.65	4.11	71.7056	identical
1544947	256	256	256	svt-rs-420	9	60.0	4535	7.48	6.42	73.6850	identical
1544947	256	256	256	zenravif-420	9	65.0	4987	29.18	8.76	75.0231	identical
1544947	256	256	256	zenravif-444	9	65.0	5077	44.42	8.95	75.6037	identical
1544947	256	256	256	svt-rs-420	9	65.0	5118	14.75	7.62	76.6526	identical
1544947	256	256	256	zenravif-420	9	70.0	5586	29.86	5.78	77.2213	identical
1544947	256	256	256	zenravif-444	9	70.0	5754	41.45	4.33	78.5663	identical
1544947	256	256	256	svt-rs-420	9	70.0	5700	7.82	7.67	78.2834	identical
1544947	256	256	256	zenravif-420	9	75.0	6981	35.57	7.21	81.8105	identical
1544947	256	256	256	zenravif-444	9	75.0	7189	45.99	5.27	81.9301	identical
1544947	256	256	256	svt-rs-420	9	75.0	6574	8.24	5.19	80.8450	identical
1544947	256	256	256	zenravif-420	9	80.0	8144	32.00	5.00	84.3245	identical
1544947	256	256	256	zenravif-444	9	80.0	8468	47.23	4.94	84.6268	identical
1544947	256	256	256	svt-rs-420	9	80.0	7668	10.83	9.08	83.5888	identical
1544947	256	256	256	zenravif-420	9	85.0	9817	36.13	4.93	86.2416	identical
1544947	256	256	256	zenravif-444	9	85.0	10232	50.06	5.13	86.7546	identical
1544947	256	256	256	svt-rs-420	9	85.0	9219	9.97	7.42	85.3861	identical
1544947	256	256	256	zenravif-420	9	90.0	12785	36.14	5.81	88.4172	identical
1544947	256	256	256	zenravif-444	9	90.0	13555	55.08	5.55	89.6637	identical
1544947	256	256	256	svt-rs-420	9	90.0	12803	7.70	4.89	88.9565	identical
1544947	256	256	256	zenravif-420	9	95.0	18468	41.14	5.63	91.0661	identical
1544947	256	256	256	zenravif-444	9	95.0	20219	61.39	6.92	92.3992	identical
1544947	256	256	256	svt-rs-420	9	95.0	18340	9.29	8.76	91.6219	identical
1544947	256	256	256	zenravif-420	9	100.0	33993	53.11	6.72	94.1755	identical
1544947	256	256	256	zenravif-444	9	100.0	48075	81.40	16.88	94.8744	identical
1544947	256	256	256	svt-rs-420	9	100.0	48800	12.74	8.04	-571.6164	identical
159550	256	256	256	zenravif-420	2	5.0	1284	487.76	14.33	-5.1742	identical
159550	256	256	256	zenravif-444	2	5.0	1256	551.40	11.44	-7.8307	identical
159550	256	256	256	svt-rs-420	2	5.0	1127	1098.15	7.71	-15.3373	identical
159550	256	256	256	zenravif-420	2	10.0	1423	584.24	7.98	1.1083	identical
159550	256	256	256	zenravif-444	2	10.0	1389	823.00	12.37	0.5435	identical
159550	256	256	256	svt-rs-420	2	10.0	1418	1148.44	14.35	4.8673	identical
159550	256	256	256	zenravif-420	2	15.0	1654	1053.22	8.03	12.1346	identical
159550	256	256	256	zenravif-444	2	15.0	1686	700.96	9.71	13.9495	identical
159550	256	256	256	svt-rs-420	2	15.0	1834	1244.57	13.07	18.1449	identical
159550	256	256	256	zenravif-420	2	20.0	2021	627.13	10.79	24.2653	identical
159550	256	256	256	zenravif-444	2	20.0	2002	763.31	10.29	22.8422	identical
159550	256	256	256	svt-rs-420	2	20.0	2142	1279.72	12.30	28.7504	identical
159550	256	256	256	zenravif-420	2	25.0	2344	725.39	14.44	32.8086	identical
159550	256	256	256	zenravif-444	2	25.0	2346	843.61	18.57	32.0340	identical
159550	256	256	256	svt-rs-420	2	25.0	2532	1227.11	12.62	38.5560	identical
159550	256	256	256	zenravif-420	2	30.0	2779	773.68	12.60	39.7170	identical
159550	256	256	256	zenravif-444	2	30.0	2821	948.65	16.11	42.9618	identical
159550	256	256	256	svt-rs-420	2	30.0	2941	1261.94	11.74	45.2792	identical
159550	256	256	256	zenravif-420	2	35.0	3265	856.03	9.57	48.4703	identical
159550	256	256	256	zenravif-444	2	35.0	3305	990.59	17.73	48.3525	identical
159550	256	256	256	svt-rs-420	2	35.0	3525	1223.95	12.77	53.3591	identical
159550	256	256	256	zenravif-420	2	40.0	3898	1000.57	10.42	56.4500	identical
159550	256	256	256	zenravif-444	2	40.0	3938	1129.06	13.44	56.6349	identical
159550	256	256	256	svt-rs-420	2	40.0	4156	1163.41	14.42	59.9286	identical
159550	256	256	256	zenravif-420	2	45.0	4480	1112.21	15.27	61.0597	identical
159550	256	256	256	zenravif-444	2	45.0	4603	1184.90	14.20	61.8983	identical
159550	256	256	256	svt-rs-420	2	45.0	4833	1218.71	13.66	65.0269	identical
159550	256	256	256	zenravif-420	2	50.0	5146	868.72	9.26	65.5141	identical
159550	256	256	256	zenravif-444	2	50.0	5286	916.70	6.88	67.1296	identical
159550	256	256	256	svt-rs-420	2	50.0	5607	1263.01	16.72	69.7038	identical
159550	256	256	256	zenravif-420	2	55.0	5855	918.21	8.49	69.5100	identical
159550	256	256	256	zenravif-444	2	55.0	6009	991.19	10.12	70.4712	identical
159550	256	256	256	svt-rs-420	2	55.0	6530	1237.09	10.20	73.2165	identical
159550	256	256	256	zenravif-420	2	60.0	6768	969.76	6.87	73.4949	identical
159550	256	256	256	zenravif-444	2	60.0	6970	1084.51	7.66	74.0301	identical
159550	256	256	256	svt-rs-420	2	60.0	7929	1122.41	12.97	77.7663	identical
159550	256	256	256	zenravif-420	2	65.0	7792	1053.35	9.05	76.3007	identical
159550	256	256	256	zenravif-444	2	65.0	8052	1117.92	8.01	77.7152	identical
159550	256	256	256	svt-rs-420	2	65.0	8884	978.14	13.82	79.9477	identical
159550	256	256	256	zenravif-420	2	70.0	8755	1078.97	6.90	79.3165	identical
159550	256	256	256	zenravif-444	2	70.0	9097	1236.86	7.50	80.2541	identical
159550	256	256	256	svt-rs-420	2	70.0	9755	1020.99	20.72	81.0551	identical
159550	256	256	256	zenravif-420	2	75.0	10513	1218.80	6.84	82.3334	identical
159550	256	256	256	zenravif-444	2	75.0	11104	1348.55	21.38	84.2346	identical
159550	256	256	256	svt-rs-420	2	75.0	10919	970.27	21.59	83.0329	identical
159550	256	256	256	zenravif-420	2	80.0	12160	1295.60	6.89	85.0120	identical
159550	256	256	256	zenravif-444	2	80.0	12948	1356.02	8.87	86.2996	identical
159550	256	256	256	svt-rs-420	2	80.0	12785	623.98	14.28	85.6679	identical
159550	256	256	256	zenravif-420	2	85.0	14058	1364.26	7.25	86.2938	identical
159550	256	256	256	zenravif-444	2	85.0	15306	1473.59	25.84	88.6921	identical
159550	256	256	256	svt-rs-420	2	85.0	14839	684.99	20.85	87.6008	identical
159550	256	256	256	zenravif-420	2	90.0	17606	1533.75	13.25	88.3958	identical
159550	256	256	256	zenravif-444	2	90.0	19605	1597.87	9.31	91.1398	identical
159550	256	256	256	svt-rs-420	2	90.0	19349	699.67	9.84	89.3883	identical
159550	256	256	256	zenravif-420	2	95.0	24362	1799.41	9.84	89.9289	identical
159550	256	256	256	zenravif-444	2	95.0	28072	1961.00	17.31	93.2693	identical
159550	256	256	256	svt-rs-420	2	95.0	26139	785.98	13.25	91.0989	identical
159550	256	256	256	zenravif-420	2	100.0	47609	971.29	18.04	91.9818	identical
159550	256	256	256	zenravif-444	2	100.0	67337	1143.40	21.50	96.2494	identical
159550	256	256	256	svt-rs-420	2	100.0	55161	566.35	6.32	-768.5150	identical
159550	256	256	256	zenravif-420	6	5.0	1483	114.37	7.90	-3.3918	identical
159550	256	256	256	zenravif-444	6	5.0	1485	141.50	10.09	-3.0410	identical
159550	256	256	256	svt-rs-420	6	5.0	1113	10.54	7.82	-22.0735	identical
159550	256	256	256	zenravif-420	6	10.0	1630	96.15	6.05	5.1492	identical
159550	256	256	256	zenravif-444	6	10.0	1614	146.20	10.83	3.5559	identical
159550	256	256	256	svt-rs-420	6	10.0	1551	12.53	9.62	-1.4310	identical
159550	256	256	256	zenravif-420	6	15.0	1893	102.05	9.98	15.2896	identical
159550	256	256	256	zenravif-444	6	15.0	1876	147.12	12.15	14.8433	identical
159550	256	256	256	svt-rs-420	6	15.0	1991	13.64	5.31	11.3494	identical
159550	256	256	256	zenravif-420	6	20.0	2313	112.85	13.98	27.1633	identical
159550	256	256	256	zenravif-444	6	20.0	2285	159.40	9.42	25.7245	identical
159550	256	256	256	svt-rs-420	6	20.0	2407	14.95	9.18	19.8417	identical
159550	256	256	256	zenravif-420	6	25.0	2655	118.66	9.06	35.0814	identical
159550	256	256	256	zenravif-444	6	25.0	2663	181.14	9.14	34.9046	identical
159550	256	256	256	svt-rs-420	6	25.0	2929	16.33	7.67	34.0855	identical
159550	256	256	256	zenravif-420	6	30.0	3131	120.13	14.27	42.3590	identical
159550	256	256	256	zenravif-444	6	30.0	3162	173.78	14.78	42.1994	identical
159550	256	256	256	svt-rs-420	6	30.0	3460	17.29	5.96	39.1738	identical
159550	256	256	256	zenravif-420	6	35.0	3715	123.34	8.25	50.3123	identical
159550	256	256	256	zenravif-444	6	35.0	3737	188.65	12.53	50.1173	identical
159550	256	256	256	svt-rs-420	6	35.0	4407	19.52	7.30	51.1705	identical
159550	256	256	256	zenravif-420	6	40.0	4434	151.83	8.87	57.6958	identical
159550	256	256	256	zenravif-444	6	40.0	4460	183.67	14.23	57.9854	identical
159550	256	256	256	svt-rs-420	6	40.0	5223	19.71	6.09	58.4426	identical
159550	256	256	256	zenravif-420	6	45.0	5126	134.87	10.88	62.3138	identical
159550	256	256	256	zenravif-444	6	45.0	5193	197.53	14.82	63.5200	identical
159550	256	256	256	svt-rs-420	6	45.0	6136	20.75	11.07	64.1515	identical
159550	256	256	256	zenravif-420	6	50.0	5974	97.75	5.01	66.3412	identical
159550	256	256	256	zenravif-444	6	50.0	6085	151.43	5.76	67.8318	identical
159550	256	256	256	svt-rs-420	6	50.0	7139	22.20	6.65	69.2846	identical
159550	256	256	256	zenravif-420	6	55.0	6812	101.27	4.97	70.9710	identical
159550	256	256	256	zenravif-444	6	55.0	6975	156.92	5.89	72.3779	identical
159550	256	256	256	svt-rs-420	6	55.0	8248	32.40	5.63	73.1041	identical
159550	256	256	256	zenravif-420	6	60.0	7855	106.53	5.27	74.2433	identical
159550	256	256	256	zenravif-444	6	60.0	8061	178.79	6.44	75.3424	identical
159550	256	256	256	svt-rs-420	6	60.0	9828	34.27	13.66	77.1757	identical
159550	256	256	256	zenravif-420	6	65.0	9003	114.61	5.67	77.2929	identical
159550	256	256	256	zenravif-444	6	65.0	9258	206.12	6.80	78.6039	identical
159550	256	256	256	svt-rs-420	6	65.0	11057	26.90	7.54	79.4148	identical
159550	256	256	256	zenravif-420	6	70.0	10164	112.42	5.92	79.9885	identical
159550	256	256	256	zenravif-444	6	70.0	10545	169.05	7.39	80.9621	identical
159550	256	256	256	svt-rs-420	6	70.0	12121	25.95	10.62	81.3079	identical
159550	256	256	256	zenravif-420	6	75.0	12294	119.17	5.54	83.3758	identical
159550	256	256	256	zenravif-444	6	75.0	12816	174.85	6.78	84.4223	identical
159550	256	256	256	svt-rs-420	6	75.0	13416	28.29	15.08	83.6186	identical
159550	256	256	256	zenravif-420	6	80.0	14019	137.79	13.11	85.0612	identical
159550	256	256	256	zenravif-444	6	80.0	14895	186.05	7.37	86.7901	identical
159550	256	256	256	svt-rs-420	6	80.0	15328	25.14	7.87	85.0558	identical
159550	256	256	256	zenravif-420	6	85.0	16262	154.93	12.66	86.5208	identical
159550	256	256	256	zenravif-444	6	85.0	17513	198.95	7.77	89.1319	identical
159550	256	256	256	svt-rs-420	6	85.0	17673	25.20	13.75	86.1957	identical
159550	256	256	256	zenravif-420	6	90.0	20196	140.65	6.20	89.0386	identical
159550	256	256	256	zenravif-444	6	90.0	22397	201.72	16.63	91.2932	identical
159550	256	256	256	svt-rs-420	6	90.0	23020	25.51	7.31	89.0272	identical
159550	256	256	256	zenravif-420	6	95.0	27356	157.28	7.41	90.6605	identical
159550	256	256	256	zenravif-444	6	95.0	31544	263.92	14.29	93.5764	identical
159550	256	256	256	svt-rs-420	6	95.0	30779	28.16	8.92	90.5422	identical
159550	256	256	256	zenravif-420	6	100.0	49040	175.87	15.47	91.8333	identical
159550	256	256	256	zenravif-444	6	100.0	69056	295.52	11.19	95.8490	identical
159550	256	256	256	svt-rs-420	6	100.0	65354	30.94	8.43	-817.2964	identical
159550	256	256	256	zenravif-420	9	5.0	1537	37.60	7.52	-4.9869	identical
159550	256	256	256	zenravif-444	9	5.0	1510	54.76	37.44	-5.3502	identical
159550	256	256	256	svt-rs-420	9	5.0	1238	12.89	7.03	-17.2002	identical
159550	256	256	256	zenravif-420	9	10.0	1692	54.19	4.78	2.9549	identical
159550	256	256	256	zenravif-444	9	10.0	1688	55.89	11.88	1.7435	identical
159550	256	256	256	svt-rs-420	9	10.0	1585	9.90	6.69	-2.0773	identical
159550	256	256	256	zenravif-420	9	15.0	2015	43.60	9.35	16.7151	identical
159550	256	256	256	zenravif-444	9	15.0	1994	57.83	9.99	15.1018	identical
159550	256	256	256	svt-rs-420	9	15.0	2046	9.67	8.05	12.0693	identical
159550	256	256	256	zenravif-420	9	20.0	2472	42.49	10.35	25.0203	identical
159550	256	256	256	zenravif-444	9	20.0	2448	65.19	14.57	23.8930	identical
159550	256	256	256	svt-rs-420	9	20.0	2477	10.63	7.51	21.8814	identical
159550	256	256	256	zenravif-420	9	25.0	2933	43.35	8.45	34.0406	identical
159550	256	256	256	zenravif-444	9	25.0	2923	64.89	11.30	32.8500	identical
159550	256	256	256	svt-rs-420	9	25.0	3002	8.89	15.49	33.3840	identical
159550	256	256	256	zenravif-420	9	30.0	3555	47.45	10.62	42.6307	identical
159550	256	256	256	zenravif-444	9	30.0	3552	69.14	13.47	42.4234	identical
159550	256	256	256	svt-rs-420	9	30.0	3606	8.67	9.49	38.9261	identical
159550	256	256	256	zenravif-420	9	35.0	4212	45.26	9.15	49.8485	identical
159550	256	256	256	zenravif-444	9	35.0	4234	71.45	13.50	50.2565	identical
159550	256	256	256	svt-rs-420	9	35.0	4565	9.05	9.66	49.8213	identical
159550	256	256	256	zenravif-420	9	40.0	5058	46.39	8.71	56.2757	identical
159550	256	256	256	zenravif-444	9	40.0	5116	69.02	11.19	56.4708	identical
159550	256	256	256	svt-rs-420	9	40.0	5523	23.33	10.58	56.5986	identical
159550	256	256	256	zenravif-420	9	45.0	5961	47.29	9.58	61.8195	identical
159550	256	256	256	zenravif-444	9	45.0	6062	85.69	13.80	61.6622	identical
159550	256	256	256	svt-rs-420	9	45.0	6479	9.05	9.86	62.0398	identical
159550	256	256	256	zenravif-420	9	50.0	6985	32.37	3.95	65.7480	identical
159550	256	256	256	zenravif-444	9	50.0	7139	49.25	5.16	66.6978	identical
159550	256	256	256	svt-rs-420	9	50.0	7568	12.39	7.91	66.8633	identical
159550	256	256	256	zenravif-420	9	55.0	8074	47.88	5.28	69.3650	identical
159550	256	256	256	zenravif-444	9	55.0	8315	61.31	5.66	70.3179	identical
159550	256	256	256	svt-rs-420	9	55.0	8789	9.69	10.32	72.4596	identical
159550	256	256	256	zenravif-420	9	60.0	9247	31.97	4.42	73.3261	identical
159550	256	256	256	zenravif-444	9	60.0	9541	48.90	6.20	74.5285	identical
159550	256	256	256	svt-rs-420	9	60.0	10572	10.23	9.02	76.8852	identical
159550	256	256	256	zenravif-420	9	65.0	10719	35.58	4.68	76.6237	identical
159550	256	256	256	zenravif-444	9	65.0	11111	53.13	7.05	77.4540	identical
159550	256	256	256	svt-rs-420	9	65.0	11957	10.65	10.91	79.2129	identical
159550	256	256	256	zenravif-420	9	70.0	12087	34.15	4.55	79.3883	identical
159550	256	256	256	zenravif-444	9	70.0	12579	52.96	14.78	80.4490	identical
159550	256	256	256	svt-rs-420	9	70.0	13070	10.67	10.96	80.8464	identical
159550	256	256	256	zenravif-420	9	75.0	14665	43.75	9.27	82.2679	identical
159550	256	256	256	zenravif-444	9	75.0	15425	53.83	6.93	84.0235	identical
159550	256	256	256	svt-rs-420	9	75.0	14490	11.57	12.29	83.0392	identical
159550	256	256	256	zenravif-420	9	80.0	16731	41.09	5.07	84.3963	identical
159550	256	256	256	zenravif-444	9	80.0	17823	64.98	10.29	86.5441	identical
159550	256	256	256	svt-rs-420	9	80.0	16645	10.89	9.08	84.6438	identical
159550	256	256	256	zenravif-420	9	85.0	19378	40.05	4.59	86.3344	identical
159550	256	256	256	zenravif-444	9	85.0	20923	71.11	5.59	88.7270	identical
159550	256	256	256	svt-rs-420	9	85.0	19176	12.10	9.44	86.4077	identical
159550	256	256	256	zenravif-420	9	90.0	24026	47.54	5.70	88.4742	identical
159550	256	256	256	zenravif-444	9	90.0	26563	67.91	6.45	91.2648	identical
159550	256	256	256	svt-rs-420	9	90.0	24805	14.01	8.09	89.0863	identical
159550	256	256	256	zenravif-420	9	95.0	31962	48.12	7.71	90.6683	identical
159550	256	256	256	zenravif-444	9	95.0	36899	93.79	7.14	93.5031	identical
159550	256	256	256	svt-rs-420	9	95.0	32867	10.11	5.51	90.5017	identical
159550	256	256	256	zenravif-420	9	100.0	52241	58.99	7.37	91.7146	identical
159550	256	256	256	zenravif-444	9	100.0	73805	96.56	14.41	95.7295	identical
159550	256	256	256	svt-rs-420	9	100.0	67987	20.33	9.52	-894.9893	identical
1624487	256	256	256	zenravif-420	2	5.0	1370	312.56	7.40	-10.4881	identical
1624487	256	256	256	zenravif-444	2	5.0	1302	399.33	8.06	-12.8740	identical
1624487	256	256	256	svt-rs-420	2	5.0	972	986.04	8.90	-20.0953	identical
1624487	256	256	256	zenravif-420	2	10.0	1516	353.31	8.68	-3.1455	identical
1624487	256	256	256	zenravif-444	2	10.0	1463	406.05	9.78	-5.7299	identical
1624487	256	256	256	svt-rs-420	2	10.0	1388	1129.62	9.12	-0.2235	identical
1624487	256	256	256	zenravif-420	2	15.0	1873	362.50	9.01	10.0629	identical
1624487	256	256	256	zenravif-444	2	15.0	1839	437.54	8.33	8.6170	identical
1624487	256	256	256	svt-rs-420	2	15.0	1984	1437.84	8.55	17.5603	identical
1624487	256	256	256	zenravif-420	2	20.0	2333	425.16	11.42	21.9528	identical
1624487	256	256	256	zenravif-444	2	20.0	2292	527.79	18.84	21.5557	identical
1624487	256	256	256	svt-rs-420	2	20.0	2475	1398.47	12.82	30.3774	identical
1624487	256	256	256	zenravif-420	2	25.0	2790	423.09	10.51	32.9248	identical
1624487	256	256	256	zenravif-444	2	25.0	2827	520.48	23.45	33.5775	identical
1624487	256	256	256	svt-rs-420	2	25.0	3044	1475.26	9.53	39.8344	identical
1624487	256	256	256	zenravif-420	2	30.0	3457	474.44	11.52	42.9074	identical
1624487	256	256	256	zenravif-444	2	30.0	3517	560.28	13.42	42.7561	identical
1624487	256	256	256	svt-rs-420	2	30.0	3668	1450.87	12.68	47.4339	identical
1624487	256	256	256	zenravif-420	2	35.0	4170	465.47	10.64	52.6474	identical
1624487	256	256	256	zenravif-444	2	35.0	4239	572.45	10.70	52.2892	identical
1624487	256	256	256	svt-rs-420	2	35.0	4666	1503.42	11.19	57.3465	identical
1624487	256	256	256	zenravif-420	2	40.0	4965	508.40	13.61	59.3743	identical
1624487	256	256	256	zenravif-444	2	40.0	5152	641.60	16.57	60.3124	identical
1624487	256	256	256	svt-rs-420	2	40.0	5521	1342.92	10.85	64.2529	identical
1624487	256	256	256	zenravif-420	2	45.0	5879	530.15	16.77	64.9450	identical
1624487	256	256	256	zenravif-444	2	45.0	6181	669.19	18.03	65.5539	identical
1624487	256	256	256	svt-rs-420	2	45.0	6392	1411.56	9.25	68.4607	identical
1624487	256	256	256	zenravif-420	2	50.0	6908	544.42	9.89	70.3777	identical
1624487	256	256	256	zenravif-444	2	50.0	7241	701.47	5.47	70.6184	identical
1624487	256	256	256	svt-rs-420	2	50.0	7355	1274.39	10.01	72.8684	identical
1624487	256	256	256	zenravif-420	2	55.0	7733	601.44	5.28	73.8171	identical
1624487	256	256	256	zenravif-444	2	55.0	8267	719.44	6.26	73.6769	identical
1624487	256	256	256	svt-rs-420	2	55.0	8419	1102.03	6.47	77.0040	identical
1624487	256	256	256	zenravif-420	2	60.0	8735	620.78	5.65	77.1612	identical
1624487	256	256	256	zenravif-444	2	60.0	9415	697.62	13.17	77.4353	identical
1624487	256	256	256	svt-rs-420	2	60.0	9918	1150.96	10.47	80.7275	identical
1624487	256	256	256	zenravif-420	2	65.0	9827	603.67	5.53	79.9363	identical
1624487	256	256	256	zenravif-444	2	65.0	10755	754.18	6.42	80.7845	identical
1624487	256	256	256	svt-rs-420	2	65.0	11005	961.03	7.43	82.8059	identical
1624487	256	256	256	zenravif-420	2	70.0	10898	657.12	4.89	82.0505	identical
1624487	256	256	256	zenravif-444	2	70.0	12075	717.72	6.20	82.4453	identical
1624487	256	256	256	svt-rs-420	2	70.0	11984	976.69	11.09	84.0529	identical
1624487	256	256	256	zenravif-420	2	75.0	12717	703.05	5.45	84.4499	identical
1624487	256	256	256	zenravif-444	2	75.0	14570	785.88	6.62	85.0964	identical
1624487	256	256	256	svt-rs-420	2	75.0	13193	873.65	14.18	85.9711	identical
1624487	256	256	256	zenravif-420	2	80.0	14398	736.41	6.68	86.5128	identical
1624487	256	256	256	zenravif-444	2	80.0	16906	910.59	6.70	87.3778	identical
1624487	256	256	256	svt-rs-420	2	80.0	15009	662.35	7.45	87.4694	identical
1624487	256	256	256	zenravif-420	2	85.0	16400	729.32	5.99	87.9810	identical
1624487	256	256	256	zenravif-444	2	85.0	19865	897.51	10.60	89.3029	identical
1624487	256	256	256	svt-rs-420	2	85.0	17139	689.19	8.64	88.9540	identical
1624487	256	256	256	zenravif-420	2	90.0	19824	842.25	5.75	89.5110	identical
1624487	256	256	256	zenravif-444	2	90.0	24979	964.63	7.44	92.2513	identical
1624487	256	256	256	svt-rs-420	2	90.0	21806	725.33	6.29	90.3049	identical
1624487	256	256	256	zenravif-420	2	95.0	26049	943.76	6.33	90.8042	identical
1624487	256	256	256	zenravif-444	2	95.0	34396	1023.03	13.18	93.8791	identical
1624487	256	256	256	svt-rs-420	2	95.0	28591	754.93	8.26	91.1688	identical
1624487	256	256	256	zenravif-420	2	100.0	53997	978.35	11.73	91.6215	identical
1624487	256	256	256	zenravif-444	2	100.0	87610	1095.16	25.73	96.6319	identical
1624487	256	256	256	svt-rs-420	2	100.0	61935	507.71	11.11	-612.4151	identical
1624487	256	256	256	zenravif-420	6	5.0	1563	85.75	7.83	-12.8981	identical
1624487	256	256	256	zenravif-444	6	5.0	1489	131.63	10.86	-13.6739	identical
1624487	256	256	256	svt-rs-420	6	5.0	977	10.67	6.47	-22.8909	identical
1624487	256	256	256	zenravif-420	6	10.0	1721	95.20	8.21	-4.8269	identical
1624487	256	256	256	zenravif-444	6	10.0	1656	129.70	12.13	-6.7259	identical
1624487	256	256	256	svt-rs-420	6	10.0	1347	10.38	8.31	-6.2376	identical
1624487	256	256	256	zenravif-420	6	15.0	2134	108.49	12.21	11.3071	identical
1624487	256	256	256	zenravif-444	6	15.0	2071	154.94	23.29	8.7741	identical
1624487	256	256	256	svt-rs-420	6	15.0	1859	11.93	7.57	9.2344	identical
1624487	256	256	256	zenravif-420	6	20.0	2582	111.48	12.05	22.4440	identical
1624487	256	256	256	zenravif-444	6	20.0	2568	170.65	15.04	22.3311	identical
1624487	256	256	256	svt-rs-420	6	20.0	2406	13.56	9.74	24.8779	identical
1624487	256	256	256	zenravif-420	6	25.0	3117	116.99	12.29	34.3446	identical
1624487	256	256	256	zenravif-444	6	25.0	3128	218.85	11.62	34.2621	identical
1624487	256	256	256	svt-rs-420	6	25.0	2994	14.03	8.43	35.6483	identical
1624487	256	256	256	zenravif-420	6	30.0	3815	117.76	10.13	44.4268	identical
1624487	256	256	256	zenravif-444	6	30.0	3855	177.06	14.95	44.8444	identical
1624487	256	256	256	svt-rs-420	6	30.0	3651	13.76	6.02	44.4132	identical
1624487	256	256	256	zenravif-420	6	35.0	4575	121.46	13.00	53.4517	identical
1624487	256	256	256	zenravif-444	6	35.0	4654	197.96	7.63	53.4935	identical
1624487	256	256	256	svt-rs-420	6	35.0	4700	18.04	8.88	55.7183	identical
1624487	256	256	256	zenravif-420	6	40.0	5373	132.08	7.74	59.8286	identical
1624487	256	256	256	zenravif-444	6	40.0	5560	188.18	9.86	60.8341	identical
1624487	256	256	256	svt-rs-420	6	40.0	5634	22.07	8.84	62.0365	identical
1624487	256	256	256	zenravif-420	6	45.0	6298	128.20	8.37	66.2725	identical
1624487	256	256	256	zenravif-444	6	45.0	6535	192.05	15.89	65.9492	identical
1624487	256	256	256	svt-rs-420	6	45.0	6625	20.10	10.08	66.8652	identical
1624487	256	256	256	zenravif-420	6	50.0	7307	89.16	4.97	71.5038	identical
1624487	256	256	256	zenravif-444	6	50.0	7691	133.40	4.94	71.1205	identical
1624487	256	256	256	svt-rs-420	6	50.0	7606	15.72	9.17	71.9997	identical
1624487	256	256	256	zenravif-420	6	55.0	8187	92.86	10.23	74.3998	identical
1624487	256	256	256	zenravif-444	6	55.0	8684	145.38	5.46	74.8449	identical
1624487	256	256	256	svt-rs-420	6	55.0	8818	17.48	8.40	75.9348	identical
1624487	256	256	256	zenravif-420	6	60.0	9242	92.78	4.67	77.3307	identical
1624487	256	256	256	zenravif-444	6	60.0	10002	145.74	5.56	78.0704	identical
1624487	256	256	256	svt-rs-420	6	60.0	10453	20.66	8.24	79.8024	identical
1624487	256	256	256	zenravif-420	6	65.0	10328	111.46	6.65	80.2031	identical
1624487	256	256	256	zenravif-444	6	65.0	11325	153.69	10.44	80.5983	identical
1624487	256	256	256	svt-rs-420	6	65.0	11689	17.10	7.82	82.5767	identical
1624487	256	256	256	zenravif-420	6	70.0	11495	125.43	5.16	82.9339	identical
1624487	256	256	256	zenravif-444	6	70.0	12691	175.53	7.66	83.1090	identical
1624487	256	256	256	svt-rs-420	6	70.0	12804	17.77	7.30	84.0578	identical
1624487	256	256	256	zenravif-420	6	75.0	13428	103.11	5.11	84.8931	identical
1624487	256	256	256	zenravif-444	6	75.0	15313	159.14	5.95	85.3718	identical
1624487	256	256	256	svt-rs-420	6	75.0	14129	17.95	7.67	85.5754	identical
1624487	256	256	256	zenravif-420	6	80.0	15104	108.00	5.60	86.4562	identical
1624487	256	256	256	zenravif-444	6	80.0	17747	176.74	8.42	87.6316	identical
1624487	256	256	256	svt-rs-420	6	80.0	15999	19.54	8.45	87.4064	identical
1624487	256	256	256	zenravif-420	6	85.0	17205	121.98	10.85	88.2629	identical
1624487	256	256	256	zenravif-444	6	85.0	20674	187.31	6.36	89.8723	identical
1624487	256	256	256	svt-rs-420	6	85.0	18112	18.14	7.11	88.5312	identical
1624487	256	256	256	zenravif-420	6	90.0	20732	117.09	5.29	89.5148	identical
1624487	256	256	256	zenravif-444	6	90.0	26041	196.12	7.96	91.6798	identical
1624487	256	256	256	svt-rs-420	6	90.0	23160	16.26	6.52	90.0501	identical
1624487	256	256	256	zenravif-420	6	95.0	27280	155.11	7.61	90.6017	identical
1624487	256	256	256	zenravif-444	6	95.0	35960	214.42	7.54	93.8358	identical
1624487	256	256	256	svt-rs-420	6	95.0	30176	17.59	6.93	90.9786	identical
1624487	256	256	256	zenravif-420	6	100.0	50542	192.63	12.37	91.5407	identical
1624487	256	256	256	zenravif-444	6	100.0	80970	335.63	15.22	96.3634	identical
1624487	256	256	256	svt-rs-420	6	100.0	66884	23.90	7.39	-619.2384	identical
1624487	256	256	256	zenravif-420	9	5.0	1561	41.06	14.20	-12.0857	identical
1624487	256	256	256	zenravif-444	9	5.0	1490	63.63	13.21	-13.7690	identical
1624487	256	256	256	svt-rs-420	9	5.0	1008	5.99	5.35	-27.0453	identical
1624487	256	256	256	zenravif-420	9	10.0	1721	43.79	6.26	-4.2962	identical
1624487	256	256	256	zenravif-444	9	10.0	1671	69.06	11.94	-4.2880	identical
1624487	256	256	256	svt-rs-420	9	10.0	1390	6.02	9.18	-6.6700	identical
1624487	256	256	256	zenravif-420	9	15.0	2125	44.46	9.17	10.7876	identical
1624487	256	256	256	zenravif-444	9	15.0	2089	70.99	13.14	10.1904	identical
1624487	256	256	256	svt-rs-420	9	15.0	1884	6.47	11.40	10.7238	identical
1624487	256	256	256	zenravif-420	9	20.0	2603	48.88	6.64	23.3431	identical
1624487	256	256	256	zenravif-444	9	20.0	2561	76.57	12.73	22.6196	identical
1624487	256	256	256	svt-rs-420	9	20.0	2443	6.91	10.79	23.8870	identical
1624487	256	256	256	zenravif-420	9	25.0	3122	48.11	11.73	33.8616	identical
1624487	256	256	256	zenravif-444	9	25.0	3131	74.23	10.83	34.2451	identical
1624487	256	256	256	svt-rs-420	9	25.0	3029	8.58	6.21	33.2745	identical
1624487	256	256	256	zenravif-420	9	30.0	3823	52.60	10.74	44.8639	identical
1624487	256	256	256	zenravif-444	9	30.0	3847	82.08	11.89	44.0039	identical
1624487	256	256	256	svt-rs-420	9	30.0	3796	8.23	12.72	46.0029	identical
1624487	256	256	256	zenravif-420	9	35.0	4573	49.98	8.63	53.4458	identical
1624487	256	256	256	zenravif-444	9	35.0	4680	100.96	10.88	52.1912	identical
1624487	256	256	256	svt-rs-420	9	35.0	4846	7.90	6.74	55.2173	identical
1624487	256	256	256	zenravif-420	9	40.0	5400	46.64	11.85	59.3663	identical
1624487	256	256	256	zenravif-444	9	40.0	5571	89.54	11.39	60.0429	identical
1624487	256	256	256	svt-rs-420	9	40.0	5831	8.05	10.27	61.7201	identical
1624487	256	256	256	zenravif-420	9	45.0	6332	49.41	11.87	65.8021	identical
1624487	256	256	256	zenravif-444	9	45.0	6585	80.56	6.48	66.1043	identical
1624487	256	256	256	svt-rs-420	9	45.0	6879	8.88	10.81	68.0073	identical
1624487	256	256	256	zenravif-420	9	50.0	7364	33.98	3.99	70.3146	identical
1624487	256	256	256	zenravif-444	9	50.0	7763	53.58	5.04	70.6507	identical
1624487	256	256	256	svt-rs-420	9	50.0	7951	8.98	7.41	72.2831	identical
1624487	256	256	256	zenravif-420	9	55.0	8284	34.21	6.18	73.8295	identical
1624487	256	256	256	zenravif-444	9	55.0	8797	51.27	4.79	73.9077	identical
1624487	256	256	256	svt-rs-420	9	55.0	9190	8.95	5.98	76.3252	identical
1624487	256	256	256	zenravif-420	9	60.0	9348	31.94	9.08	77.0874	identical
1624487	256	256	256	zenravif-444	9	60.0	10122	50.83	5.13	76.6325	identical
1624487	256	256	256	svt-rs-420	9	60.0	10901	9.24	10.40	79.9774	identical
1624487	256	256	256	zenravif-420	9	65.0	10434	33.93	4.20	79.3516	identical
1624487	256	256	256	zenravif-444	9	65.0	11496	58.03	6.69	80.4599	identical
1624487	256	256	256	svt-rs-420	9	65.0	12127	9.48	7.43	82.5711	identical
1624487	256	256	256	zenravif-420	9	70.0	11628	33.21	4.29	82.0197	identical
1624487	256	256	256	zenravif-444	9	70.0	12903	61.90	8.17	82.3751	identical
1624487	256	256	256	svt-rs-420	9	70.0	13293	9.55	8.01	84.1679	identical
1624487	256	256	256	zenravif-420	9	75.0	13592	36.70	6.71	84.8675	identical
1624487	256	256	256	zenravif-444	9	75.0	15597	57.90	4.89	85.0141	identical
1624487	256	256	256	svt-rs-420	9	75.0	14650	10.58	9.09	85.8220	identical
1624487	256	256	256	zenravif-420	9	80.0	15365	38.47	4.27	86.3676	identical
1624487	256	256	256	zenravif-444	9	80.0	18074	62.26	6.79	87.7057	identical
1624487	256	256	256	svt-rs-420	9	80.0	16674	10.88	5.75	87.2215	identical
1624487	256	256	256	zenravif-420	9	85.0	17469	38.52	4.31	88.1355	identical
1624487	256	256	256	zenravif-444	9	85.0	21116	91.58	6.69	89.7740	identical
1624487	256	256	256	svt-rs-420	9	85.0	18906	10.87	5.09	88.5832	identical
1624487	256	256	256	zenravif-420	9	90.0	21038	40.92	5.58	89.3897	identical
1624487	256	256	256	zenravif-444	9	90.0	26584	66.68	13.09	91.8940	identical
1624487	256	256	256	svt-rs-420	9	90.0	24017	7.82	8.23	89.8758	identical
1624487	256	256	256	zenravif-420	9	95.0	27688	46.73	10.35	90.7254	identical
1624487	256	256	256	zenravif-444	9	95.0	36744	77.07	6.96	93.8247	identical
1624487	256	256	256	svt-rs-420	9	95.0	31347	8.84	8.41	90.9610	identical
1624487	256	256	256	zenravif-420	9	100.0	49047	60.19	10.89	91.5409	identical
1624487	256	256	256	zenravif-444	9	100.0	79274	104.90	16.08	96.2385	identical
1624487	256	256	256	svt-rs-420	9	100.0	67289	14.99	8.89	-711.2834	identical
162520	256	256	256	zenravif-420	2	5.0	1085	361.90	8.58	-22.3614	identical
162520	256	256	256	zenravif-444	2	5.0	1074	420.23	7.87	-22.4583	identical
162520	256	256	256	svt-rs-420	2	5.0	920	1005.72	9.66	-31.8504	identical
162520	256	256	256	zenravif-420	2	10.0	1195	402.75	10.12	-13.6322	identical
162520	256	256	256	zenravif-444	2	10.0	1210	464.40	7.86	-14.1735	identical
162520	256	256	256	svt-rs-420	2	10.0	1189	1185.67	8.06	-16.9312	identical
162520	256	256	256	zenravif-420	2	15.0	1416	456.50	7.82	-0.3731	identical
162520	256	256	256	zenravif-444	2	15.0	1414	476.64	20.77	-0.4662	identical
162520	256	256	256	svt-rs-420	2	15.0	1629	1332.42	11.67	5.8353	identical
162520	256	256	256	zenravif-420	2	20.0	1765	490.70	9.33	11.8112	identical
162520	256	256	256	zenravif-444	2	20.0	1732	587.15	7.06	11.2941	identical
162520	256	256	256	svt-rs-420	2	20.0	1969	1448.18	11.32	16.3890	identical
162520	256	256	256	zenravif-420	2	25.0	2127	562.01	7.98	19.8944	identical
162520	256	256	256	zenravif-444	2	25.0	2107	606.43	14.34	20.2449	identical
162520	256	256	256	svt-rs-420	2	25.0	2354	1381.03	13.95	25.4326	identical
162520	256	256	256	zenravif-420	2	30.0	2652	608.47	9.51	31.9896	identical
162520	256	256	256	zenravif-444	2	30.0	2628	741.10	10.96	30.9689	identical
162520	256	256	256	svt-rs-420	2	30.0	2792	1521.41	16.03	34.4210	identical
162520	256	256	256	zenravif-420	2	35.0	3174	688.37	12.09	41.0287	identical
162520	256	256	256	zenravif-444	2	35.0	3169	810.84	13.44	40.9788	identical
162520	256	256	256	svt-rs-420	2	35.0	3603	1443.53	13.91	46.7353	identical
162520	256	256	256	zenravif-420	2	40.0	3786	756.53	20.09	48.9324	identical
162520	256	256	256	zenravif-444	2	40.0	3818	868.36	13.90	48.6721	identical
162520	256	256	256	svt-rs-420	2	40.0	4298	1440.57	12.13	53.8158	identical
162520	256	256	256	zenravif-420	2	45.0	4546	789.24	7.44	54.9593	identical
162520	256	256	256	zenravif-444	2	45.0	4587	945.33	16.14	55.2655	identical
162520	256	256	256	svt-rs-420	2	45.0	5106	1453.48	10.35	59.6518	identical
162520	256	256	256	zenravif-420	2	50.0	5343	636.17	5.43	61.5022	identical
162520	256	256	256	zenravif-444	2	50.0	5507	759.26	8.39	62.3341	identical
162520	256	256	256	svt-rs-420	2	50.0	6003	1327.06	7.58	64.1505	identical
162520	256	256	256	zenravif-420	2	55.0	6264	735.60	6.13	65.2563	identical
162520	256	256	256	zenravif-444	2	55.0	6447	801.88	9.19	66.6624	identical
162520	256	256	256	svt-rs-420	2	55.0	7067	1562.98	12.62	68.9471	identical
162520	256	256	256	zenravif-420	2	60.0	7274	807.39	5.89	70.1517	identical
162520	256	256	256	zenravif-444	2	60.0	7515	895.48	6.67	70.5445	identical
162520	256	256	256	svt-rs-420	2	60.0	8678	1329.07	13.21	74.0777	identical
162520	256	256	256	zenravif-420	2	65.0	8514	846.14	5.72	73.8939	identical
162520	256	256	256	zenravif-444	2	65.0	8848	997.11	7.44	74.5344	identical
162520	256	256	256	svt-rs-420	2	65.0	9792	1425.95	15.80	76.8071	identical
162520	256	256	256	zenravif-420	2	70.0	9714	878.94	6.47	76.6003	identical
162520	256	256	256	zenravif-444	2	70.0	10201	1071.78	7.73	78.4542	identical
162520	256	256	256	svt-rs-420	2	70.0	11017	1191.44	11.41	79.7113	identical
162520	256	256	256	zenravif-420	2	75.0	11871	977.48	8.37	81.0256	identical
162520	256	256	256	zenravif-444	2	75.0	12738	1064.73	7.38	82.5120	identical
162520	256	256	256	svt-rs-420	2	75.0	12417	1010.91	12.44	81.7848	identical
162520	256	256	256	zenravif-420	2	80.0	13878	1025.16	7.09	83.5865	identical
162520	256	256	256	zenravif-444	2	80.0	15097	1080.56	12.52	85.4968	identical
162520	256	256	256	svt-rs-420	2	80.0	14593	849.67	14.78	84.8961	identical
162520	256	256	256	zenravif-420	2	85.0	16422	1065.28	7.10	86.1673	identical
162520	256	256	256	zenravif-444	2	85.0	18183	1192.70	8.47	88.1328	identical
162520	256	256	256	svt-rs-420	2	85.0	17112	800.01	9.57	87.1005	identical
162520	256	256	256	zenravif-420	2	90.0	20766	1237.82	12.19	89.1501	identical
162520	256	256	256	zenravif-444	2	90.0	23581	1291.75	12.33	90.8100	identical
162520	256	256	256	svt-rs-420	2	90.0	22750	815.29	9.16	90.3314	identical
162520	256	256	256	zenravif-420	2	95.0	28666	1395.37	11.89	91.4296	identical
162520	256	256	256	zenravif-444	2	95.0	34053	1497.16	18.82	93.6361	identical
162520	256	256	256	svt-rs-420	2	95.0	30859	813.67	14.28	92.1327	identical
162520	256	256	256	zenravif-420	2	100.0	53137	956.33	21.03	93.3646	identical
162520	256	256	256	zenravif-444	2	100.0	76921	1129.63	29.84	96.5751	identical
162520	256	256	256	svt-rs-420	2	100.0	61387	605.77	10.00	-609.2162	identical
162520	256	256	256	zenravif-420	6	5.0	1254	86.47	10.17	-15.5523	identical
162520	256	256	256	zenravif-444	6	5.0	1246	142.38	14.76	-16.0863	identical
162520	256	256	256	svt-rs-420	6	5.0	953	14.27	8.37	-36.2113	identical
162520	256	256	256	zenravif-420	6	10.0	1378	79.75	11.98	-8.6038	identical
162520	256	256	256	zenravif-444	6	10.0	1359	120.19	10.98	-9.2768	identical
162520	256	256	256	svt-rs-420	6	10.0	1255	17.71	7.18	-20.1687	identical
162520	256	256	256	zenravif-420	6	15.0	1636	96.39	9.90	0.3888	identical
162520	256	256	256	zenravif-444	6	15.0	1618	150.42	11.96	-0.7612	identical
162520	256	256	256	svt-rs-420	6	15.0	1643	14.96	10.10	-1.4827	identical
162520	256	256	256	zenravif-420	6	20.0	2012	103.50	7.97	13.2758	identical
162520	256	256	256	zenravif-444	6	20.0	1984	156.23	14.03	14.4651	identical
162520	256	256	256	svt-rs-420	6	20.0	2030	13.80	7.25	12.2733	identical
162520	256	256	256	zenravif-420	6	25.0	2390	113.11	12.86	25.4830	identical
162520	256	256	256	zenravif-444	6	25.0	2389	156.19	11.39	23.7307	identical
162520	256	256	256	svt-rs-420	6	25.0	2426	14.59	10.26	21.3888	identical
162520	256	256	256	zenravif-420	6	30.0	2894	126.56	11.03	34.3873	identical
162520	256	256	256	zenravif-444	6	30.0	2905	175.51	16.58	35.3199	identical
162520	256	256	256	svt-rs-420	6	30.0	2993	16.12	10.88	31.4997	identical
162520	256	256	256	zenravif-420	6	35.0	3497	119.22	14.52	43.2355	identical
162520	256	256	256	zenravif-444	6	35.0	3524	184.40	19.62	43.7918	identical
162520	256	256	256	svt-rs-420	6	35.0	3910	16.96	11.24	43.7806	identical
162520	256	256	256	zenravif-420	6	40.0	4205	134.97	11.41	50.4490	identical
162520	256	256	256	zenravif-444	6	40.0	4261	189.62	14.13	51.0050	identical
162520	256	256	256	svt-rs-420	6	40.0	4692	20.69	9.81	49.1931	identical
162520	256	256	256	zenravif-420	6	45.0	5037	122.16	10.00	56.5992	identical
162520	256	256	256	zenravif-444	6	45.0	5112	191.25	14.99	57.7191	identical
162520	256	256	256	svt-rs-420	6	45.0	5660	19.55	9.29	58.2317	identical
162520	256	256	256	zenravif-420	6	50.0	5950	89.18	4.91	63.0956	identical
162520	256	256	256	zenravif-444	6	50.0	6093	142.19	5.45	63.3915	identical
162520	256	256	256	svt-rs-420	6	50.0	6655	26.66	13.14	63.1707	identical
162520	256	256	256	zenravif-420	6	55.0	7037	94.23	7.05	68.1956	identical
162520	256	256	256	zenravif-444	6	55.0	7249	132.14	12.58	69.4349	identical
162520	256	256	256	svt-rs-420	6	55.0	7914	21.60	12.03	68.0111	identical
162520	256	256	256	zenravif-420	6	60.0	8089	100.96	5.71	71.3871	identical
162520	256	256	256	zenravif-444	6	60.0	8402	139.53	11.98	72.5827	identical
162520	256	256	256	svt-rs-420	6	60.0	9861	29.47	8.60	73.7069	identical
162520	256	256	256	zenravif-420	6	65.0	9459	104.75	5.77	74.7931	identical
162520	256	256	256	zenravif-444	6	65.0	9950	152.38	6.23	76.3973	identical
162520	256	256	256	svt-rs-420	6	65.0	11142	27.75	9.32	76.3869	identical
162520	256	256	256	zenravif-420	6	70.0	10766	102.31	6.34	78.2811	identical
162520	256	256	256	zenravif-444	6	70.0	11312	168.56	6.51	79.0864	identical
162520	256	256	256	svt-rs-420	6	70.0	12448	32.19	12.34	79.1915	identical
162520	256	256	256	zenravif-420	6	75.0	13155	111.07	6.18	81.8916	identical
162520	256	256	256	zenravif-444	6	75.0	13998	163.86	7.37	83.1631	identical
162520	256	256	256	svt-rs-420	6	75.0	13879	29.40	10.53	81.8515	identical
162520	256	256	256	zenravif-420	6	80.0	15257	117.03	8.25	84.5586	identical
162520	256	256	256	zenravif-444	6	80.0	16571	174.53	9.36	85.9351	identical
162520	256	256	256	svt-rs-420	6	80.0	16207	30.06	9.61	84.6609	identical
162520	256	256	256	zenravif-420	6	85.0	17858	135.08	7.26	86.5083	identical
162520	256	256	256	zenravif-444	6	85.0	19683	173.68	7.34	88.3701	identical
162520	256	256	256	svt-rs-420	6	85.0	18933	41.83	11.31	86.9162	identical
162520	256	256	256	zenravif-420	6	90.0	22377	138.74	16.13	89.3035	identical
162520	256	256	256	zenravif-444	6	90.0	25468	194.29	10.04	91.2033	identical
162520	256	256	256	svt-rs-420	6	90.0	25091	24.56	8.28	89.6499	identical
162520	256	256	256	zenravif-420	6	95.0	30313	149.70	10.95	91.4914	identical
162520	256	256	256	zenravif-444	6	95.0	36350	205.89	7.86	93.6976	identical
162520	256	256	256	svt-rs-420	6	95.0	33764	24.56	12.94	91.4875	identical
162520	256	256	256	zenravif-420	6	100.0	51851	177.35	10.31	93.2156	identical
162520	256	256	256	zenravif-444	6	100.0	75288	311.67	15.78	96.0494	identical
162520	256	256	256	svt-rs-420	6	100.0	68656	31.78	9.80	-585.9340	identical
162520	256	256	256	zenravif-420	9	5.0	1261	44.15	7.57	-17.0787	identical
162520	256	256	256	zenravif-444	9	5.0	1258	51.32	8.85	-16.9336	identical
162520	256	256	256	svt-rs-420	9	5.0	1016	12.35	5.73	-34.0383	identical
162520	256	256	256	zenravif-420	9	10.0	1398	43.53	12.61	-10.7582	identical
162520	256	256	256	zenravif-444	9	10.0	1374	56.44	11.95	-10.6067	identical
162520	256	256	256	svt-rs-420	9	10.0	1296	6.44	12.63	-17.2032	identical
162520	256	256	256	zenravif-420	9	15.0	1642	39.00	13.73	-0.5720	identical
162520	256	256	256	zenravif-444	9	15.0	1639	76.31	13.59	-0.8575	identical
162520	256	256	256	svt-rs-420	9	15.0	1637	10.53	9.59	0.0082	identical
162520	256	256	256	zenravif-420	9	20.0	2045	41.05	12.22	13.2031	identical
162520	256	256	256	zenravif-444	9	20.0	2034	68.17	12.93	12.3515	identical
162520	256	256	256	svt-rs-420	9	20.0	2026	10.79	11.81	10.8004	identical
162520	256	256	256	zenravif-420	9	25.0	2449	48.59	10.36	22.9197	identical
162520	256	256	256	zenravif-444	9	25.0	2454	71.09	18.17	23.7551	identical
162520	256	256	256	svt-rs-420	9	25.0	2440	8.96	13.67	21.3919	identical
162520	256	256	256	zenravif-420	9	30.0	3023	46.57	7.74	35.7663	identical
162520	256	256	256	zenravif-444	9	30.0	3019	75.34	9.82	34.7230	identical
162520	256	256	256	svt-rs-420	9	30.0	2989	8.45	11.49	30.7486	identical
162520	256	256	256	zenravif-420	9	35.0	3677	48.85	10.21	42.9642	identical
162520	256	256	256	zenravif-444	9	35.0	3708	76.16	13.32	42.9790	identical
162520	256	256	256	svt-rs-420	9	35.0	3920	8.02	9.67	41.8441	identical
162520	256	256	256	zenravif-420	9	40.0	4439	53.49	7.66	50.2988	identical
162520	256	256	256	zenravif-444	9	40.0	4541	85.56	11.81	51.4259	identical
162520	256	256	256	svt-rs-420	9	40.0	4723	12.56	9.00	48.7714	identical
162520	256	256	256	zenravif-420	9	45.0	5334	50.00	12.33	57.1033	identical
162520	256	256	256	zenravif-444	9	45.0	5478	76.11	11.34	57.2822	identical
162520	256	256	256	svt-rs-420	9	45.0	5740	13.61	12.23	57.4673	identical
162520	256	256	256	zenravif-420	9	50.0	6371	32.29	4.34	62.4977	identical
162520	256	256	256	zenravif-444	9	50.0	6584	45.87	4.83	63.3879	identical
162520	256	256	256	svt-rs-420	9	50.0	6804	13.46	8.68	62.2044	identical
162520	256	256	256	zenravif-420	9	55.0	7547	44.65	6.12	67.4287	identical
162520	256	256	256	zenravif-444	9	55.0	7832	56.36	7.96	68.4898	identical
162520	256	256	256	svt-rs-420	9	55.0	8149	19.40	10.16	67.6206	identical
162520	256	256	256	zenravif-420	9	60.0	8721	52.14	8.19	71.3261	identical
162520	256	256	256	zenravif-444	9	60.0	9051	54.87	4.81	72.2900	identical
162520	256	256	256	svt-rs-420	9	60.0	10135	10.12	7.33	73.5153	identical
162520	256	256	256	zenravif-420	9	65.0	10253	36.61	4.72	75.3919	identical
162520	256	256	256	zenravif-444	9	65.0	10787	53.48	7.89	76.5773	identical
162520	256	256	256	svt-rs-420	9	65.0	11476	10.47	9.56	76.3899	identical
162520	256	256	256	zenravif-420	9	70.0	11635	34.44	4.43	78.0981	identical
162520	256	256	256	zenravif-444	9	70.0	12332	52.36	8.81	79.0911	identical
162520	256	256	256	svt-rs-420	9	70.0	12827	20.66	9.56	79.1268	identical
162520	256	256	256	zenravif-420	9	75.0	14113	36.06	5.15	81.9383	identical
162520	256	256	256	zenravif-444	9	75.0	15161	54.40	11.55	83.4372	identical
162520	256	256	256	svt-rs-420	9	75.0	14417	16.18	8.02	81.6600	identical
162520	256	256	256	zenravif-420	9	80.0	16400	45.63	4.56	84.1465	identical
162520	256	256	256	zenravif-444	9	80.0	17901	60.55	11.10	85.6835	identical
162520	256	256	256	svt-rs-420	9	80.0	16783	11.77	10.44	84.2851	identical
162520	256	256	256	zenravif-420	9	85.0	19239	44.45	10.44	86.4775	identical
162520	256	256	256	zenravif-444	9	85.0	21212	65.42	5.74	88.1758	identical
162520	256	256	256	svt-rs-420	9	85.0	19627	11.75	9.98	86.7273	identical
162520	256	256	256	zenravif-420	9	90.0	24111	43.48	5.96	89.2093	identical
162520	256	256	256	zenravif-444	9	90.0	27421	68.90	12.01	91.0550	identical
162520	256	256	256	svt-rs-420	9	90.0	25861	8.90	8.92	89.5760	identical
162520	256	256	256	zenravif-420	9	95.0	32327	62.53	6.98	91.4636	identical
162520	256	256	256	zenravif-444	9	95.0	38712	78.51	11.68	93.6203	identical
162520	256	256	256	svt-rs-420	9	95.0	34527	12.03	8.60	91.5528	identical
162520	256	256	256	zenravif-420	9	100.0	53193	57.04	9.92	93.0372	identical
162520	256	256	256	zenravif-444	9	100.0	77574	95.69	14.54	95.8830	identical
162520	256	256	256	svt-rs-420	9	100.0	69672	13.40	8.17	-638.1765	identical
1025469	512	512	512	zenravif-420	2	5.0	1325	1659.52	42.36	-28.7441	identical
1025469	512	512	512	zenravif-444	2	5.0	1312	1959.04	39.46	-28.4050	identical
1025469	512	512	512	svt-rs-420	2	5.0	701	1304.68	30.75	-50.3133	identical
1025469	512	512	512	zenravif-420	2	10.0	1485	1575.53	39.78	-22.0520	identical
1025469	512	512	512	zenravif-444	2	10.0	1456	1913.68	56.60	-22.2607	identical
1025469	512	512	512	svt-rs-420	2	10.0	996	1524.84	33.48	-35.4769	identical
1025469	512	512	512	zenravif-420	2	15.0	1756	1769.17	43.01	-10.6126	identical
1025469	512	512	512	zenravif-444	2	15.0	1768	2061.32	41.08	-11.4724	identical
1025469	512	512	512	svt-rs-420	2	15.0	1232	1764.94	25.60	-22.1977	identical
1025469	512	512	512	zenravif-420	2	20.0	2107	2026.73	37.63	1.5975	identical
1025469	512	512	512	zenravif-444	2	20.0	2168	2315.78	34.06	1.7078	identical
1025469	512	512	512	svt-rs-420	2	20.0	1544	1888.10	33.36	-4.5560	identical
1025469	512	512	512	zenravif-420	2	25.0	2541	2087.19	42.58	11.8269	identical
1025469	512	512	512	zenravif-444	2	25.0	2546	2522.26	64.84	10.6377	identical
1025469	512	512	512	svt-rs-420	2	25.0	1896	1780.39	24.77	6.1159	identical
1025469	512	512	512	zenravif-420	2	30.0	3040	2264.15	26.59	20.2156	identical
1025469	512	512	512	zenravif-444	2	30.0	3032	2729.44	66.79	19.0141	identical
1025469	512	512	512	svt-rs-420	2	30.0	2336	2121.16	31.50	19.5169	identical
1025469	512	512	512	zenravif-420	2	35.0	3709	2455.55	41.78	29.9243	identical
1025469	512	512	512	zenravif-444	2	35.0	3740	2848.73	51.73	29.7273	identical
1025469	512	512	512	svt-rs-420	2	35.0	3042	2219.18	25.01	29.9135	identical
1025469	512	512	512	zenravif-420	2	40.0	4429	2847.85	34.86	38.3579	identical
1025469	512	512	512	zenravif-444	2	40.0	4536	3129.14	33.02	38.9877	identical
1025469	512	512	512	svt-rs-420	2	40.0	3732	2394.78	30.18	38.5500	identical
1025469	512	512	512	zenravif-420	2	45.0	5450	2907.74	42.54	47.0287	identical
1025469	512	512	512	zenravif-444	2	45.0	5511	3324.79	52.73	46.8111	identical
1025469	512	512	512	svt-rs-420	2	45.0	4565	2846.39	14.55	48.1602	identical
1025469	512	512	512	zenravif-420	2	50.0	6496	2714.00	27.89	53.9508	identical
1025469	512	512	512	zenravif-444	2	50.0	6702	2958.45	14.46	54.7963	identical
1025469	512	512	512	svt-rs-420	2	50.0	5392	2642.89	35.96	54.6860	identical
1025469	512	512	512	zenravif-420	2	55.0	7698	3044.26	20.34	59.2177	identical
1025469	512	512	512	zenravif-444	2	55.0	8096	4585.13	15.21	60.8090	identical
1025469	512	512	512	svt-rs-420	2	55.0	6634	2745.58	35.26	60.8770	identical
1025469	512	512	512	zenravif-420	2	60.0	9238	2932.04	15.11	65.1895	identical
1025469	512	512	512	zenravif-444	2	60.0	9571	3498.42	26.00	65.9716	identical
1025469	512	512	512	svt-rs-420	2	60.0	8310	2600.71	25.00	68.1262	identical
1025469	512	512	512	zenravif-420	2	65.0	10851	2971.64	23.56	69.7942	identical
1025469	512	512	512	zenravif-444	2	65.0	11472	3305.49	14.48	70.6724	identical
1025469	512	512	512	svt-rs-420	2	65.0	9661	2320.38	43.98	71.5364	identical
1025469	512	512	512	zenravif-420	2	70.0	12420	3203.02	32.38	73.2822	identical
1025469	512	512	512	zenravif-444	2	70.0	13189	3672.11	28.28	73.5554	identical
1025469	512	512	512	svt-rs-420	2	70.0	11045	2170.95	34.98	74.1010	identical
1025469	512	512	512	zenravif-420	2	75.0	15614	3626.15	18.03	77.5978	identical
1025469	512	512	512	zenravif-444	2	75.0	17012	3896.75	20.45	78.7626	identical
1025469	512	512	512	svt-rs-420	2	75.0	12525	2027.79	34.23	76.5429	identical
1025469	512	512	512	zenravif-420	2	80.0	18911	3890.31	15.89	80.8126	identical
1025469	512	512	512	zenravif-444	2	80.0	20777	4420.25	18.99	82.0210	identical
1025469	512	512	512	svt-rs-420	2	80.0	15632	3619.07	66.91	80.3654	identical
1025469	512	512	512	zenravif-420	2	85.0	23169	4378.48	19.55	83.4551	identical
1025469	512	512	512	zenravif-444	2	85.0	25769	4754.66	51.10	84.7918	identical
1025469	512	512	512	svt-rs-420	2	85.0	19162	2289.59	35.37	82.8845	identical
1025469	512	512	512	zenravif-420	2	90.0	30908	4795.58	25.15	85.7353	identical
1025469	512	512	512	zenravif-444	2	90.0	35735	5267.98	24.48	88.1356	identical
1025469	512	512	512	svt-rs-420	2	90.0	27679	2629.81	41.19	86.2098	identical
1025469	512	512	512	zenravif-420	2	95.0	49536	5819.31	33.29	88.4223	identical
1025469	512	512	512	zenravif-444	2	95.0	62654	6174.04	39.54	91.4312	identical
1025469	512	512	512	svt-rs-420	2	95.0	43149	2864.99	27.62	88.2695	identical
1025469	512	512	512	zenravif-420	2	100.0	124408	2983.78	41.00	90.7523	identical
1025469	512	512	512	zenravif-444	2	100.0	211097	3925.96	93.91	95.2494	identical
1025469	512	512	512	svt-rs-420	2	100.0	149602	1776.44	26.28	-173.2775	identical
1025469	512	512	512	zenravif-420	6	5.0	1451	337.27	35.94	-35.8301	identical
1025469	512	512	512	zenravif-444	6	5.0	1530	378.13	45.32	-36.0183	identical
1025469	512	512	512	svt-rs-420	6	5.0	802	30.85	17.31	-58.5244	identical
1025469	512	512	512	zenravif-420	6	10.0	1647	627.23	54.07	-30.9216	identical
1025469	512	512	512	zenravif-444	6	10.0	1714	448.55	50.37	-31.6789	identical
1025469	512	512	512	svt-rs-420	6	10.0	1161	32.58	40.45	-45.9481	identical
1025469	512	512	512	zenravif-420	6	15.0	1957	340.75	49.18	-17.3672	identical
1025469	512	512	512	zenravif-444	6	15.0	1963	463.10	68.09	-17.8944	identical
1025469	512	512	512	svt-rs-420	6	15.0	1592	38.03	49.91	-32.9104	identical
1025469	512	512	512	zenravif-420	6	20.0	2378	319.83	52.82	-5.1187	identical
1025469	512	512	512	zenravif-444	6	20.0	2449	467.28	46.33	-5.9304	identical
1025469	512	512	512	svt-rs-420	6	20.0	2037	38.42	46.60	-21.3502	identical
1025469	512	512	512	zenravif-420	6	25.0	2874	349.93	41.21	8.8260	identical
1025469	512	512	512	zenravif-444	6	25.0	2937	532.91	54.80	8.4476	identical
1025469	512	512	512	svt-rs-420	6	25.0	2597	39.36	37.07	-4.3402	identical
1025469	512	512	512	zenravif-420	6	30.0	3507	364.37	39.03	19.1896	identical
1025469	512	512	512	zenravif-444	6	30.0	3567	522.54	66.17	18.7535	identical
1025469	512	512	512	svt-rs-420	6	30.0	3238	42.18	40.37	7.2082	identical
1025469	512	512	512	zenravif-420	6	35.0	4262	355.84	34.14	27.8218	identical
1025469	512	512	512	zenravif-444	6	35.0	4294	527.56	24.76	27.3717	identical
1025469	512	512	512	svt-rs-420	6	35.0	4381	44.14	29.31	23.3083	identical
1025469	512	512	512	zenravif-420	6	40.0	5117	370.65	57.55	37.3907	identical
1025469	512	512	512	zenravif-444	6	40.0	5153	581.54	66.77	37.8558	identical
1025469	512	512	512	svt-rs-420	6	40.0	5337	53.68	38.12	32.0414	identical
1025469	512	512	512	zenravif-420	6	45.0	6212	421.58	35.59	46.3428	identical
1025469	512	512	512	zenravif-444	6	45.0	6398	605.55	42.14	47.0145	identical
1025469	512	512	512	svt-rs-420	6	45.0	6539	48.06	24.23	43.2606	identical
1025469	512	512	512	zenravif-420	6	50.0	7681	291.90	12.44	54.1252	identical
1025469	512	512	512	zenravif-444	6	50.0	7861	442.13	12.43	54.8668	identical
1025469	512	512	512	svt-rs-420	6	50.0	7795	51.18	48.20	50.1414	identical
1025469	512	512	512	zenravif-420	6	55.0	8953	292.97	16.55	59.3076	identical
1025469	512	512	512	zenravif-444	6	55.0	9330	452.59	13.67	60.2232	identical
1025469	512	512	512	svt-rs-420	6	55.0	9483	64.71	22.61	58.3564	identical
1025469	512	512	512	zenravif-420	6	60.0	10694	316.14	12.70	65.0126	identical
1025469	512	512	512	zenravif-444	6	60.0	11051	481.12	13.71	66.0605	identical
1025469	512	512	512	svt-rs-420	6	60.0	11969	94.43	24.47	66.4445	identical
1025469	512	512	512	zenravif-420	6	65.0	12610	335.74	12.97	69.5605	identical
1025469	512	512	512	zenravif-444	6	65.0	13378	529.85	15.15	70.4044	identical
1025469	512	512	512	svt-rs-420	6	65.0	13835	64.16	28.31	70.9483	identical
1025469	512	512	512	zenravif-420	6	70.0	14644	363.32	14.05	72.9470	identical
1025469	512	512	512	zenravif-444	6	70.0	15491	533.68	14.58	74.3076	identical
1025469	512	512	512	svt-rs-420	6	70.0	15500	63.42	28.32	74.0073	identical
1025469	512	512	512	zenravif-420	6	75.0	18687	382.17	13.00	77.7959	identical
1025469	512	512	512	zenravif-444	6	75.0	20133	550.47	20.53	79.3363	identical
1025469	512	512	512	svt-rs-420	6	75.0	17838	67.29	15.13	76.4496	identical
1025469	512	512	512	zenravif-420	6	80.0	22659	402.54	14.34	80.8038	identical
1025469	512	512	512	zenravif-444	6	80.0	24632	595.00	18.84	82.2764	identical
1025469	512	512	512	svt-rs-420	6	80.0	21319	70.63	30.89	79.3556	identical
1025469	512	512	512	zenravif-420	6	85.0	27775	401.80	15.58	83.2465	identical
1025469	512	512	512	zenravif-444	6	85.0	30756	618.46	38.41	84.9655	identical
1025469	512	512	512	svt-rs-420	6	85.0	25812	73.35	32.31	82.0690	identical
1025469	512	512	512	zenravif-420	6	90.0	36444	462.57	11.88	85.6535	identical
1025469	512	512	512	zenravif-444	6	90.0	42056	675.36	19.65	87.9633	identical
1025469	512	512	512	svt-rs-420	6	90.0	36805	77.23	18.16	85.2436	identical
1025469	512	512	512	zenravif-420	6	95.0	59389	537.58	20.73	88.3596	identical
1025469	512	512	512	zenravif-444	6	95.0	75078	801.74	37.14	91.4593	identical
1025469	512	512	512	svt-rs-420	6	95.0	53626	95.09	31.05	87.8466	identical
1025469	512	512	512	zenravif-420	6	100.0	126469	615.11	38.52	90.4388	identical
1025469	512	512	512	zenravif-444	6	100.0	210403	1047.50	73.52	94.7894	identical
1025469	512	512	512	svt-rs-420	6	100.0	181987	109.49	34.88	-198.6816	identical
1025469	512	512	512	zenravif-420	9	5.0	1608	102.64	50.37	-37.4639	identical
1025469	512	512	512	zenravif-444	9	5.0	1571	154.12	63.15	-38.5818	identical
1025469	512	512	512	svt-rs-420	9	5.0	938	16.91	40.61	-58.7125	identical
1025469	512	512	512	zenravif-420	9	10.0	1740	115.90	32.60	-34.2763	identical
1025469	512	512	512	zenravif-444	9	10.0	1694	158.54	47.01	-34.3084	identical
1025469	512	512	512	svt-rs-420	9	10.0	1258	17.60	27.89	-50.5145	identical
1025469	512	512	512	zenravif-420	9	15.0	2096	112.30	40.76	-22.1827	identical
1025469	512	512	512	zenravif-444	9	15.0	2077	170.59	63.17	-22.6027	identical
1025469	512	512	512	svt-rs-420	9	15.0	1721	19.39	52.52	-35.8476	identical
1025469	512	512	512	zenravif-420	9	20.0	2621	117.93	51.84	-8.2266	identical
1025469	512	512	512	zenravif-444	9	20.0	2616	175.11	71.80	-8.8963	identical
1025469	512	512	512	svt-rs-420	9	20.0	2214	25.71	46.59	-24.8129	identical
1025469	512	512	512	zenravif-420	9	25.0	3191	125.92	53.68	1.5739	identical
1025469	512	512	512	zenravif-444	9	25.0	3184	180.95	54.93	1.3716	identical
1025469	512	512	512	svt-rs-420	9	25.0	2772	25.69	44.85	-12.9224	identical
1025469	512	512	512	zenravif-420	9	30.0	3966	127.67	44.08	16.1007	identical
1025469	512	512	512	zenravif-444	9	30.0	3991	190.91	58.02	15.4355	identical
1025469	512	512	512	svt-rs-420	9	30.0	3547	22.45	39.15	4.1309	identical
1025469	512	512	512	zenravif-420	9	35.0	4909	136.98	34.56	25.4983	identical
1025469	512	512	512	zenravif-444	9	35.0	4944	234.99	55.73	25.0392	identical
1025469	512	512	512	svt-rs-420	9	35.0	4792	29.87	42.80	22.2740	identical
1025469	512	512	512	zenravif-420	9	40.0	6011	140.99	25.38	34.9144	identical
1025469	512	512	512	zenravif-444	9	40.0	6116	215.40	68.37	35.3368	identical
1025469	512	512	512	svt-rs-420	9	40.0	5871	24.88	21.58	31.8683	identical
1025469	512	512	512	zenravif-420	9	45.0	7398	167.97	47.44	45.1616	identical
1025469	512	512	512	zenravif-444	9	45.0	7596	228.70	44.44	45.2094	identical
1025469	512	512	512	svt-rs-420	9	45.0	7208	25.09	41.28	41.8807	identical
1025469	512	512	512	zenravif-420	9	50.0	9237	103.64	10.11	52.7083	identical
1025469	512	512	512	zenravif-444	9	50.0	9540	164.41	10.26	52.8170	identical
1025469	512	512	512	svt-rs-420	9	50.0	8806	26.26	44.29	50.9628	identical
1025469	512	512	512	zenravif-420	9	55.0	10791	118.44	8.31	57.5629	identical
1025469	512	512	512	zenravif-444	9	55.0	11262	152.16	15.32	58.4570	identical
1025469	512	512	512	svt-rs-420	9	55.0	10694	31.13	24.74	57.5530	identical
1025469	512	512	512	zenravif-420	9	60.0	12951	109.27	20.91	63.3095	identical
1025469	512	512	512	zenravif-444	9	60.0	13560	159.67	36.19	64.5411	identical
1025469	512	512	512	svt-rs-420	9	60.0	13640	31.53	34.97	65.2229	identical
1025469	512	512	512	zenravif-420	9	65.0	15307	112.87	16.39	68.5857	identical
1025469	512	512	512	zenravif-444	9	65.0	16238	168.06	11.98	69.5396	identical
1025469	512	512	512	svt-rs-420	9	65.0	15882	32.06	17.44	69.7099	identical
1025469	512	512	512	zenravif-420	9	70.0	17732	120.83	11.71	72.3501	identical
1025469	512	512	512	zenravif-444	9	70.0	18981	175.07	11.69	73.2883	identical
1025469	512	512	512	svt-rs-420	9	70.0	17924	30.83	19.33	72.8303	identical
1025469	512	512	512	zenravif-420	9	75.0	22790	122.32	18.42	77.2829	identical
1025469	512	512	512	zenravif-444	9	75.0	24644	184.52	13.67	78.1583	identical
1025469	512	512	512	svt-rs-420	9	75.0	20195	35.77	31.07	74.7128	identical
1025469	512	512	512	zenravif-420	9	80.0	27401	138.85	28.12	80.1673	identical
1025469	512	512	512	zenravif-444	9	80.0	29940	217.78	14.12	81.1535	identical
1025469	512	512	512	svt-rs-420	9	80.0	24386	35.18	33.15	78.5189	identical
1025469	512	512	512	zenravif-420	9	85.0	33697	140.67	25.17	82.7748	identical
1025469	512	512	512	zenravif-444	9	85.0	37386	228.19	14.91	84.3790	identical
1025469	512	512	512	svt-rs-420	9	85.0	29347	37.65	21.84	79.6393	identical
1025469	512	512	512	zenravif-420	9	90.0	43991	164.60	14.39	85.6630	identical
1025469	512	512	512	zenravif-444	9	90.0	50461	237.27	30.56	87.8035	identical
1025469	512	512	512	svt-rs-420	9	90.0	41471	34.92	12.79	82.6113	identical
1025469	512	512	512	zenravif-420	9	95.0	69078	165.55	13.89	88.3791	identical
1025469	512	512	512	zenravif-444	9	95.0	86807	305.63	21.89	91.8049	identical
1025469	512	512	512	svt-rs-420	9	95.0	60559	44.49	17.31	87.6989	identical
1025469	512	512	512	zenravif-420	9	100.0	131979	235.56	16.98	90.4009	identical
1025469	512	512	512	zenravif-444	9	100.0	217211	351.39	32.93	94.5839	identical
1025469	512	512	512	svt-rs-420	9	100.0	191813	49.21	20.98	-275.6122	identical
1044329	512	512	512	zenravif-420	2	5.0	5248	2241.84	45.08	-21.3744	identical
1044329	512	512	512	zenravif-444	2	5.0	5136	2655.03	31.65	-22.5539	identical
1044329	512	512	512	svt-rs-420	2	5.0	3977	4125.01	26.66	-29.4251	identical
1044329	512	512	512	zenravif-420	2	10.0	6076	2299.79	39.91	-13.3259	identical
1044329	512	512	512	zenravif-444	2	10.0	5893	2821.05	57.56	-13.3769	identical
1044329	512	512	512	svt-rs-420	2	10.0	5612	4411.54	22.05	-8.9175	identical
1044329	512	512	512	zenravif-420	2	15.0	7570	2652.51	39.52	-0.7446	identical
1044329	512	512	512	zenravif-444	2	15.0	7503	2875.43	34.20	-2.1424	identical
1044329	512	512	512	svt-rs-420	2	15.0	7725	5195.73	42.19	10.1206	identical
1044329	512	512	512	zenravif-420	2	20.0	9653	2898.66	42.41	13.0493	identical
1044329	512	512	512	zenravif-444	2	20.0	9802	3336.40	37.25	12.6228	identical
1044329	512	512	512	svt-rs-420	2	20.0	9751	5161.69	61.33	20.4055	identical
1044329	512	512	512	zenravif-420	2	25.0	11724	3077.05	30.80	22.6712	identical
1044329	512	512	512	zenravif-444	2	25.0	11954	3535.17	32.61	23.0268	identical
1044329	512	512	512	svt-rs-420	2	25.0	11917	5121.47	27.01	29.2247	identical
1044329	512	512	512	zenravif-420	2	30.0	14530	3317.10	34.01	31.3683	identical
1044329	512	512	512	zenravif-444	2	30.0	15124	3796.62	78.56	31.9901	identical
1044329	512	512	512	svt-rs-420	2	30.0	14634	6024.23	20.32	36.9695	identical
1044329	512	512	512	zenravif-420	2	35.0	17853	3655.75	37.67	40.7919	identical
1044329	512	512	512	zenravif-444	2	35.0	18666	4159.80	43.93	41.8590	identical
1044329	512	512	512	svt-rs-420	2	35.0	19268	6421.01	40.03	48.8772	identical
1044329	512	512	512	zenravif-420	2	40.0	21685	4153.69	52.15	47.9477	identical
1044329	512	512	512	zenravif-444	2	40.0	22838	4635.35	67.22	49.5811	identical
1044329	512	512	512	svt-rs-420	2	40.0	23346	5876.86	48.87	54.2700	identical
1044329	512	512	512	zenravif-420	2	45.0	26035	4242.29	49.72	54.3107	identical
1044329	512	512	512	zenravif-444	2	45.0	27691	5040.27	50.61	56.3353	identical
1044329	512	512	512	svt-rs-420	2	45.0	28198	5669.21	55.76	60.4140	identical
1044329	512	512	512	zenravif-420	2	50.0	30281	3252.35	46.05	59.2410	identical
1044329	512	512	512	zenravif-444	2	50.0	32440	3696.74	19.04	62.2114	identical
1044329	512	512	512	svt-rs-420	2	50.0	33532	5397.69	53.70	64.6106	identical
1044329	512	512	512	zenravif-420	2	55.0	35325	3475.68	19.87	64.0505	identical
1044329	512	512	512	zenravif-444	2	55.0	38549	3989.10	47.27	67.0996	identical
1044329	512	512	512	svt-rs-420	2	55.0	39523	5433.82	48.01	68.6822	identical
1044329	512	512	512	zenravif-420	2	60.0	40956	3642.00	28.11	67.5800	identical
1044329	512	512	512	zenravif-444	2	60.0	45170	4210.97	51.64	71.5721	identical
1044329	512	512	512	svt-rs-420	2	60.0	48314	4974.45	51.37	72.7765	identical
1044329	512	512	512	zenravif-420	2	65.0	46966	3878.63	20.26	70.8398	identical
1044329	512	512	512	zenravif-444	2	65.0	52484	4379.62	31.15	75.1993	identical
1044329	512	512	512	svt-rs-420	2	65.0	54620	4525.68	43.21	74.5835	identical
1044329	512	512	512	zenravif-420	2	70.0	52403	4214.33	23.67	73.1425	identical
1044329	512	512	512	zenravif-444	2	70.0	59415	4876.17	28.62	78.3620	identical
1044329	512	512	512	svt-rs-420	2	70.0	60010	4922.07	48.26	76.0913	identical
1044329	512	512	512	zenravif-420	2	75.0	62524	4486.27	39.44	75.9520	identical
1044329	512	512	512	zenravif-444	2	75.0	73438	4952.07	29.82	81.7491	identical
1044329	512	512	512	svt-rs-420	2	75.0	66619	3666.93	56.80	77.5954	identical
1044329	512	512	512	zenravif-420	2	80.0	70710	4775.48	25.83	77.9026	identical
1044329	512	512	512	zenravif-444	2	80.0	85488	5332.03	32.67	84.4114	identical
1044329	512	512	512	svt-rs-420	2	80.0	76882	3209.40	36.69	79.4402	identical
1044329	512	512	512	zenravif-420	2	85.0	82382	6563.02	25.29	79.6794	identical
1044329	512	512	512	zenravif-444	2	85.0	102908	6007.03	58.48	87.1522	identical
1044329	512	512	512	svt-rs-420	2	85.0	88297	3912.58	25.11	80.7707	identical
1044329	512	512	512	zenravif-420	2	90.0	98088	5682.00	36.44	81.0048	identical
1044329	512	512	512	zenravif-444	2	90.0	127395	6186.49	35.28	89.6165	identical
1044329	512	512	512	svt-rs-420	2	90.0	111330	3386.80	48.44	82.0538	identical
1044329	512	512	512	zenravif-420	2	95.0	128143	5928.54	46.10	82.2281	identical
1044329	512	512	512	zenravif-444	2	95.0	176490	7088.81	65.17	92.1399	identical
1044329	512	512	512	svt-rs-420	2	95.0	140625	3284.74	36.43	82.7636	identical
1044329	512	512	512	zenravif-420	2	100.0	219141	4534.82	205.14	83.1000	identical
1044329	512	512	512	zenravif-444	2	100.0	356714	5630.70	103.81	95.7138	identical
1044329	512	512	512	svt-rs-420	2	100.0	256809	1846.50	74.09	-1098.3099	identical
1044329	512	512	512	zenravif-420	6	5.0	5986	464.87	33.20	-20.6683	identical
1044329	512	512	512	zenravif-444	6	5.0	5848	696.15	48.85	-20.4866	identical
1044329	512	512	512	svt-rs-420	6	5.0	4677	63.32	57.65	-40.1791	identical
1044329	512	512	512	zenravif-420	6	10.0	6732	463.71	37.96	-12.9839	identical
1044329	512	512	512	zenravif-444	6	10.0	6641	719.61	59.54	-13.8905	identical
1044329	512	512	512	svt-rs-420	6	10.0	6778	47.53	32.41	-21.6618	identical
1044329	512	512	512	zenravif-420	6	15.0	8329	470.39	40.54	-0.6968	identical
1044329	512	512	512	zenravif-444	6	15.0	8322	747.58	52.31	-2.3620	identical
1044329	512	512	512	svt-rs-420	6	15.0	9604	60.02	37.33	-2.1913	identical
1044329	512	512	512	zenravif-420	6	20.0	10731	518.54	31.34	14.0230	identical
1044329	512	512	512	zenravif-444	6	20.0	10688	774.78	51.60	12.8203	identical
1044329	512	512	512	svt-rs-420	6	20.0	12479	63.00	41.72	9.2539	identical
1044329	512	512	512	zenravif-420	6	25.0	12867	530.63	47.48	22.2970	identical
1044329	512	512	512	zenravif-444	6	25.0	12947	813.40	67.34	22.1926	identical
1044329	512	512	512	svt-rs-420	6	25.0	16188	72.66	34.88	20.5522	identical
1044329	512	512	512	zenravif-420	6	30.0	15921	543.36	47.20	32.0621	identical
1044329	512	512	512	zenravif-444	6	30.0	16220	818.32	50.71	32.7687	identical
1044329	512	512	512	svt-rs-420	6	30.0	20335	74.86	40.38	30.6328	identical
1044329	512	512	512	zenravif-420	6	35.0	19563	553.02	27.87	41.2817	identical
1044329	512	512	512	zenravif-444	6	35.0	20026	861.78	28.72	42.5779	identical
1044329	512	512	512	svt-rs-420	6	35.0	27292	81.12	23.11	43.0401	identical
1044329	512	512	512	zenravif-420	6	40.0	23669	606.09	40.66	48.6310	identical
1044329	512	512	512	zenravif-444	6	40.0	24725	1021.74	45.14	50.4927	identical
1044329	512	512	512	svt-rs-420	6	40.0	32974	104.24	51.05	50.7787	identical
1044329	512	512	512	zenravif-420	6	45.0	28691	701.34	36.79	55.0616	identical
1044329	512	512	512	zenravif-444	6	45.0	30013	1007.64	37.81	57.4223	identical
1044329	512	512	512	svt-rs-420	6	45.0	39207	98.24	43.46	58.4209	identical
1044329	512	512	512	zenravif-420	6	50.0	33382	527.13	25.65	58.8878	identical
1044329	512	512	512	zenravif-444	6	50.0	36031	755.30	20.02	62.3518	identical
1044329	512	512	512	svt-rs-420	6	50.0	46050	101.39	41.71	63.0099	identical
1044329	512	512	512	zenravif-420	6	55.0	39223	549.38	20.07	63.1083	identical
1044329	512	512	512	zenravif-444	6	55.0	42706	805.84	59.95	66.9933	identical
1044329	512	512	512	svt-rs-420	6	55.0	53760	106.33	35.37	67.4667	identical
1044329	512	512	512	zenravif-420	6	60.0	45662	495.41	19.78	67.1563	identical
1044329	512	512	512	zenravif-444	6	60.0	50252	738.24	41.04	71.1999	identical
1044329	512	512	512	svt-rs-420	6	60.0	64581	115.45	27.47	71.4285	identical
1044329	512	512	512	zenravif-420	6	65.0	52456	533.52	41.46	70.3615	identical
1044329	512	512	512	zenravif-444	6	65.0	58564	862.49	34.41	74.8701	identical
1044329	512	512	512	svt-rs-420	6	65.0	72368	111.12	35.14	73.8259	identical
1044329	512	512	512	zenravif-420	6	70.0	58853	566.44	25.56	72.7089	identical
1044329	512	512	512	zenravif-444	6	70.0	66603	816.95	29.28	77.6512	identical
1044329	512	512	512	svt-rs-420	6	70.0	78941	124.18	51.95	75.2790	identical
1044329	512	512	512	zenravif-420	6	75.0	70310	574.73	29.08	75.9263	identical
1044329	512	512	512	zenravif-444	6	75.0	82225	919.69	44.91	81.7965	identical
1044329	512	512	512	svt-rs-420	6	75.0	87107	114.60	33.26	76.3925	identical
1044329	512	512	512	zenravif-420	6	80.0	79505	593.44	19.15	77.9671	identical
1044329	512	512	512	zenravif-444	6	80.0	95705	920.59	35.86	84.4490	identical
1044329	512	512	512	svt-rs-420	6	80.0	97004	116.65	48.03	78.2974	identical
1044329	512	512	512	zenravif-420	6	85.0	92374	606.89	40.16	79.4916	identical
1044329	512	512	512	zenravif-444	6	85.0	115115	1011.85	25.22	86.6303	identical
1044329	512	512	512	svt-rs-420	6	85.0	110817	116.69	31.87	79.6048	identical
1044329	512	512	512	zenravif-420	6	90.0	110445	632.66	23.25	80.9882	identical
1044329	512	512	512	zenravif-444	6	90.0	143133	1027.37	36.02	89.3524	identical
1044329	512	512	512	svt-rs-420	6	90.0	138274	92.96	33.15	81.5162	identical
1044329	512	512	512	zenravif-420	6	95.0	144845	713.96	24.04	82.2331	identical
1044329	512	512	512	zenravif-444	6	95.0	199371	1216.56	41.00	92.1579	identical
1044329	512	512	512	svt-rs-420	6	95.0	173732	100.79	39.03	82.4257	identical
1044329	512	512	512	zenravif-420	6	100.0	240330	923.46	40.88	83.0367	identical
1044329	512	512	512	zenravif-444	6	100.0	383136	1517.24	72.06	95.3986	identical
1044329	512	512	512	svt-rs-420	6	100.0	319811	119.90	39.62	-1088.6559	identical
1044329	512	512	512	zenravif-420	9	5.0	6578	175.45	28.51	-24.7447	identical
1044329	512	512	512	zenravif-444	9	5.0	6372	248.30	65.28	-25.0901	identical
1044329	512	512	512	svt-rs-420	9	5.0	5304	30.46	39.77	-35.4915	identical
1044329	512	512	512	zenravif-420	9	10.0	7553	180.25	32.62	-17.4179	identical
1044329	512	512	512	zenravif-444	9	10.0	7414	264.29	50.18	-17.5992	identical
1044329	512	512	512	svt-rs-420	9	10.0	7537	29.94	44.05	-18.4541	identical
1044329	512	512	512	zenravif-420	9	15.0	9540	185.93	43.60	-3.6302	identical
1044329	512	512	512	zenravif-444	9	15.0	9523	283.70	60.82	-4.1108	identical
1044329	512	512	512	svt-rs-420	9	15.0	10392	32.52	43.99	-2.3752	identical
1044329	512	512	512	zenravif-420	9	20.0	12471	184.77	46.52	10.5713	identical
1044329	512	512	512	zenravif-444	9	20.0	12518	302.47	34.15	9.5254	identical
1044329	512	512	512	svt-rs-420	9	20.0	13336	36.67	33.36	10.0296	identical
1044329	512	512	512	zenravif-420	9	25.0	15248	193.08	37.41	19.3647	identical
1044329	512	512	512	zenravif-444	9	25.0	15497	301.57	32.36	19.7957	identical
1044329	512	512	512	svt-rs-420	9	25.0	16907	40.19	33.93	20.7245	identical
1044329	512	512	512	zenravif-420	9	30.0	18918	224.77	32.96	30.0603	identical
1044329	512	512	512	zenravif-444	9	30.0	19422	337.80	36.04	30.6338	identical
1044329	512	512	512	svt-rs-420	9	30.0	21202	37.33	39.90	29.3575	identical
1044329	512	512	512	zenravif-420	9	35.0	23310	207.45	37.93	37.8432	identical
1044329	512	512	512	zenravif-444	9	35.0	24244	354.40	27.63	39.0664	identical
1044329	512	512	512	svt-rs-420	9	35.0	28637	40.20	27.90	41.9743	identical
1044329	512	512	512	zenravif-420	9	40.0	28467	219.22	37.05	47.2234	identical
1044329	512	512	512	zenravif-444	9	40.0	30145	356.73	30.90	49.3180	identical
1044329	512	512	512	svt-rs-420	9	40.0	34717	42.77	30.65	48.8100	identical
1044329	512	512	512	zenravif-420	9	45.0	34258	273.67	21.08	53.4519	identical
1044329	512	512	512	zenravif-444	9	45.0	36754	382.59	21.20	55.5545	identical
1044329	512	512	512	svt-rs-420	9	45.0	41629	47.89	46.25	57.1723	identical
1044329	512	512	512	zenravif-420	9	50.0	40455	154.11	11.89	57.3177	identical
1044329	512	512	512	zenravif-444	9	50.0	43892	221.84	16.24	59.9081	identical
1044329	512	512	512	svt-rs-420	9	50.0	48883	49.78	34.84	62.5556	identical
1044329	512	512	512	zenravif-420	9	55.0	47384	145.94	23.93	61.6456	identical
1044329	512	512	512	zenravif-444	9	55.0	52376	352.91	17.67	65.2436	identical
1044329	512	512	512	svt-rs-420	9	55.0	57365	54.08	20.87	66.1727	identical
1044329	512	512	512	zenravif-420	9	60.0	54994	154.51	24.87	65.3415	identical
1044329	512	512	512	zenravif-444	9	60.0	61271	287.45	35.02	69.1613	identical
1044329	512	512	512	svt-rs-420	9	60.0	68706	51.34	29.42	70.3587	identical
1044329	512	512	512	zenravif-420	9	65.0	63119	155.63	31.87	68.9801	identical
1044329	512	512	512	zenravif-444	9	65.0	71648	258.45	40.63	73.3696	identical
1044329	512	512	512	svt-rs-420	9	65.0	76694	55.06	40.61	72.5868	identical
1044329	512	512	512	zenravif-420	9	70.0	70564	169.24	21.36	71.3518	identical
1044329	512	512	512	zenravif-444	9	70.0	81292	256.89	21.69	76.3772	identical
1044329	512	512	512	svt-rs-420	9	70.0	83904	68.49	25.88	74.0719	identical
1044329	512	512	512	zenravif-420	9	75.0	84700	175.73	18.92	75.1566	identical
1044329	512	512	512	zenravif-444	9	75.0	100305	282.55	27.06	80.5922	identical
1044329	512	512	512	svt-rs-420	9	75.0	92550	76.65	29.61	75.9017	identical
1044329	512	512	512	zenravif-420	9	80.0	95716	198.69	25.23	77.1698	identical
1044329	512	512	512	zenravif-444	9	80.0	116483	295.41	31.77	83.5512	identical
1044329	512	512	512	svt-rs-420	9	80.0	103356	61.68	37.41	76.7830	identical
1044329	512	512	512	zenravif-420	9	85.0	110350	195.20	23.35	79.1107	identical
1044329	512	512	512	zenravif-444	9	85.0	138825	307.72	32.21	86.2308	identical
1044329	512	512	512	svt-rs-420	9	85.0	117266	62.66	31.45	78.0162	identical
1044329	512	512	512	zenravif-420	9	90.0	131961	267.06	27.86	80.7000	identical
1044329	512	512	512	zenravif-444	9	90.0	173117	340.82	27.10	89.0830	identical
1044329	512	512	512	svt-rs-420	9	90.0	145703	88.55	28.60	80.9333	identical
1044329	512	512	512	zenravif-420	9	95.0	170674	289.72	43.65	82.0835	identical
1044329	512	512	512	zenravif-444	9	95.0	238078	358.88	45.13	92.3147	identical
1044329	512	512	512	svt-rs-420	9	95.0	181964	46.86	26.34	82.3291	identical
1044329	512	512	512	zenravif-420	9	100.0	261442	313.00	33.53	82.9621	identical
1044329	512	512	512	zenravif-444	9	100.0	421828	448.08	49.93	95.2966	identical
1044329	512	512	512	svt-rs-420	9	100.0	333745	61.12	23.21	-1065.9292	identical
1189261	512	512	512	zenravif-420	2	5.0	3748	1964.41	19.86	-12.0790	identical
1189261	512	512	512	zenravif-444	2	5.0	3590	2214.59	25.70	-13.5690	identical
1189261	512	512	512	svt-rs-420	2	5.0	2562	3512.56	32.71	-19.6766	identical
1189261	512	512	512	zenravif-420	2	10.0	4185	2167.56	22.94	-6.4200	identical
1189261	512	512	512	zenravif-444	2	10.0	4111	2188.83	50.27	-7.3118	identical
1189261	512	512	512	svt-rs-420	2	10.0	3667	3729.61	31.30	-5.6837	identical
1189261	512	512	512	zenravif-420	2	15.0	5195	2118.70	46.85	4.2590	identical
1189261	512	512	512	zenravif-444	2	15.0	5082	2341.60	30.93	3.4872	identical
1189261	512	512	512	svt-rs-420	2	15.0	4978	4322.07	32.95	9.6041	identical
1189261	512	512	512	zenravif-420	2	20.0	6507	2200.86	45.20	15.5273	identical
1189261	512	512	512	zenravif-444	2	20.0	6440	2559.04	34.08	14.8153	identical
1189261	512	512	512	svt-rs-420	2	20.0	6204	4405.74	35.01	19.4911	identical
1189261	512	512	512	zenravif-420	2	25.0	7849	2278.91	48.64	23.7831	identical
1189261	512	512	512	zenravif-444	2	25.0	7861	2710.07	46.06	23.9726	identical
1189261	512	512	512	svt-rs-420	2	25.0	7425	4600.84	71.15	26.2884	identical
1189261	512	512	512	zenravif-420	2	30.0	9500	2808.71	37.69	31.5766	identical
1189261	512	512	512	zenravif-444	2	30.0	9816	2831.48	26.55	32.9615	identical
1189261	512	512	512	svt-rs-420	2	30.0	9008	4988.18	44.91	34.7282	identical
1189261	512	512	512	zenravif-420	2	35.0	11437	2683.57	50.42	38.2896	identical
1189261	512	512	512	zenravif-444	2	35.0	12061	3208.99	53.93	39.9205	identical
1189261	512	512	512	svt-rs-420	2	35.0	11708	5542.86	32.29	44.2697	identical
1189261	512	512	512	zenravif-420	2	40.0	13964	3127.94	42.50	46.6699	identical
1189261	512	512	512	zenravif-444	2	40.0	14878	3412.48	48.51	49.1820	identical
1189261	512	512	512	svt-rs-420	2	40.0	14058	4847.38	28.38	50.6071	identical
1189261	512	512	512	zenravif-420	2	45.0	16506	3378.45	27.19	52.8776	identical
1189261	512	512	512	zenravif-444	2	45.0	17717	3795.38	61.26	55.5936	identical
1189261	512	512	512	svt-rs-420	2	45.0	16877	5011.93	20.91	56.2703	identical
1189261	512	512	512	zenravif-420	2	50.0	19532	2895.66	20.06	59.2470	identical
1189261	512	512	512	zenravif-444	2	50.0	21327	3186.65	46.25	61.9436	identical
1189261	512	512	512	svt-rs-420	2	50.0	19904	4586.34	44.96	60.5341	identical
1189261	512	512	512	zenravif-420	2	55.0	22606	2653.93	23.59	63.2111	identical
1189261	512	512	512	zenravif-444	2	55.0	25001	3236.83	20.46	66.8965	identical
1189261	512	512	512	svt-rs-420	2	55.0	23566	5048.60	53.90	64.7214	identical
1189261	512	512	512	zenravif-420	2	60.0	26070	2796.50	27.89	67.1474	identical
1189261	512	512	512	zenravif-444	2	60.0	29130	3236.73	44.85	71.7216	identical
1189261	512	512	512	svt-rs-420	2	60.0	28850	4686.50	29.29	69.2362	identical
1189261	512	512	512	zenravif-420	2	65.0	30199	3263.73	30.92	69.8559	identical
1189261	512	512	512	zenravif-444	2	65.0	34207	3583.99	50.43	75.4292	identical
1189261	512	512	512	svt-rs-420	2	65.0	32815	4282.84	25.37	70.9868	identical
1189261	512	512	512	zenravif-420	2	70.0	34064	3317.77	16.97	72.0792	identical
1189261	512	512	512	zenravif-444	2	70.0	39185	3993.63	32.63	78.6063	identical
1189261	512	512	512	svt-rs-420	2	70.0	36576	4073.56	29.82	72.5196	identical
1189261	512	512	512	zenravif-420	2	75.0	41023	3689.29	20.66	74.4629	identical
1189261	512	512	512	zenravif-444	2	75.0	48677	4452.92	25.69	82.5903	identical
1189261	512	512	512	svt-rs-420	2	75.0	41141	3304.44	25.33	74.1885	identical
1189261	512	512	512	zenravif-420	2	80.0	47480	3815.14	21.26	75.5146	identical
1189261	512	512	512	zenravif-444	2	80.0	58261	4402.54	35.02	85.1679	identical
1189261	512	512	512	svt-rs-420	2	80.0	48765	3077.33	38.00	75.8361	identical
1189261	512	512	512	zenravif-420	2	85.0	55780	4775.46	46.04	77.2863	identical
1189261	512	512	512	zenravif-444	2	85.0	70036	4624.60	32.59	87.7001	identical
1189261	512	512	512	svt-rs-420	2	85.0	57448	2835.88	48.86	77.4385	identical
1189261	512	512	512	zenravif-420	2	90.0	69850	4307.87	25.66	77.8870	identical
1189261	512	512	512	zenravif-444	2	90.0	90243	4986.65	52.86	90.4947	identical
1189261	512	512	512	svt-rs-420	2	90.0	77058	3471.54	22.00	78.4835	identical
1189261	512	512	512	zenravif-420	2	95.0	101198	5464.77	33.18	78.9142	identical
1189261	512	512	512	zenravif-444	2	95.0	135252	6165.32	46.29	93.1618	identical
1189261	512	512	512	svt-rs-420	2	95.0	107231	3457.41	30.23	78.9420	identical
1189261	512	512	512	zenravif-420	2	100.0	197904	3764.57	51.82	79.3210	identical
1189261	512	512	512	zenravif-444	2	100.0	318847	4465.20	123.50	95.7472	identical
1189261	512	512	512	svt-rs-420	2	100.0	230812	2387.31	21.84	-778.7286	identical
1189261	512	512	512	zenravif-420	6	5.0	4331	435.13	24.64	-10.4228	identical
1189261	512	512	512	zenravif-444	6	5.0	4238	584.11	51.45	-11.9979	identical
1189261	512	512	512	svt-rs-420	6	5.0	2667	37.78	48.31	-28.1264	identical
1189261	512	512	512	zenravif-420	6	10.0	4866	378.25	47.97	-4.8575	identical
1189261	512	512	512	zenravif-444	6	10.0	4710	617.05	45.19	-6.7409	identical
1189261	512	512	512	svt-rs-420	6	10.0	3807	42.73	35.88	-11.7265	identical
1189261	512	512	512	zenravif-420	6	15.0	5902	403.52	41.69	5.3161	identical
1189261	512	512	512	zenravif-444	6	15.0	5859	597.26	67.10	4.4317	identical
1189261	512	512	512	svt-rs-420	6	15.0	5167	49.42	53.17	0.8011	identical
1189261	512	512	512	zenravif-420	6	20.0	7249	449.30	42.65	14.6041	identical
1189261	512	512	512	zenravif-444	6	20.0	7270	654.45	43.61	14.4512	identical
1189261	512	512	512	svt-rs-420	6	20.0	6667	53.08	33.82	12.0377	identical
1189261	512	512	512	zenravif-420	6	25.0	8654	437.18	39.17	23.6855	identical
1189261	512	512	512	zenravif-444	6	25.0	8758	699.45	58.12	24.6402	identical
1189261	512	512	512	svt-rs-420	6	25.0	8313	58.73	46.36	22.9024	identical
1189261	512	512	512	zenravif-420	6	30.0	10465	457.67	38.21	34.4338	identical
1189261	512	512	512	zenravif-444	6	30.0	10809	704.34	37.28	35.0066	identical
1189261	512	512	512	svt-rs-420	6	30.0	10232	55.85	30.41	31.0773	identical
1189261	512	512	512	zenravif-420	6	35.0	12579	484.64	39.10	41.9354	identical
1189261	512	512	512	zenravif-444	6	35.0	13141	848.31	57.41	43.1909	identical
1189261	512	512	512	svt-rs-420	6	35.0	13550	63.25	23.18	41.6691	identical
1189261	512	512	512	zenravif-420	6	40.0	15172	495.60	48.35	48.4443	identical
1189261	512	512	512	zenravif-444	6	40.0	16206	761.72	44.90	50.3448	identical
1189261	512	512	512	svt-rs-420	6	40.0	16502	66.85	51.88	48.1569	identical
1189261	512	512	512	zenravif-420	6	45.0	17956	538.01	45.91	54.7792	identical
1189261	512	512	512	zenravif-444	6	45.0	19349	796.95	64.22	57.3469	identical
1189261	512	512	512	svt-rs-420	6	45.0	19874	68.52	38.67	54.9377	identical
1189261	512	512	512	zenravif-420	6	50.0	21158	371.63	20.58	60.2073	identical
1189261	512	512	512	zenravif-444	6	50.0	23172	531.86	25.80	63.9783	identical
1189261	512	512	512	svt-rs-420	6	50.0	23551	73.33	24.00	59.2891	identical
1189261	512	512	512	zenravif-420	6	55.0	24558	382.35	22.01	64.4056	identical
1189261	512	512	512	zenravif-444	6	55.0	27041	563.50	26.88	68.2388	identical
1189261	512	512	512	svt-rs-420	6	55.0	27850	76.48	21.86	64.2393	identical
1189261	512	512	512	zenravif-420	6	60.0	28278	388.41	13.93	67.5526	identical
1189261	512	512	512	zenravif-444	6	60.0	31624	583.03	19.89	72.4147	identical
1189261	512	512	512	svt-rs-420	6	60.0	34194	98.71	39.19	68.5105	identical
1189261	512	512	512	zenravif-420	6	65.0	32634	426.48	35.15	70.4920	identical
1189261	512	512	512	zenravif-444	6	65.0	37004	588.42	31.64	76.1020	identical
1189261	512	512	512	svt-rs-420	6	65.0	38831	85.04	40.66	70.8146	identical
1189261	512	512	512	zenravif-420	6	70.0	36885	414.34	37.53	72.1843	identical
1189261	512	512	512	zenravif-444	6	70.0	42455	615.44	42.37	78.9214	identical
1189261	512	512	512	svt-rs-420	6	70.0	42954	105.20	44.28	72.7240	identical
1189261	512	512	512	zenravif-420	6	75.0	44528	443.52	20.37	74.7421	identical
1189261	512	512	512	zenravif-444	6	75.0	52538	707.27	19.68	83.1784	identical
1189261	512	512	512	svt-rs-420	6	75.0	47895	101.54	32.72	74.3248	identical
1189261	512	512	512	zenravif-420	6	80.0	51562	468.21	18.72	76.4038	identical
1189261	512	512	512	zenravif-444	6	80.0	62855	748.83	20.41	85.5687	identical
1189261	512	512	512	svt-rs-420	6	80.0	55800	103.65	35.12	75.7390	identical
1189261	512	512	512	zenravif-420	6	85.0	60500	907.42	16.50	77.2521	identical
1189261	512	512	512	zenravif-444	6	85.0	75463	728.16	22.61	87.7773	identical
1189261	512	512	512	svt-rs-420	6	85.0	65068	99.42	33.71	76.9209	identical
1189261	512	512	512	zenravif-420	6	90.0	75979	534.16	25.35	78.3492	identical
1189261	512	512	512	zenravif-444	6	90.0	97751	832.93	30.09	90.6374	identical
1189261	512	512	512	svt-rs-420	6	90.0	86895	94.17	22.46	78.0596	identical
1189261	512	512	512	zenravif-420	6	95.0	107123	604.34	24.81	79.0497	identical
1189261	512	512	512	zenravif-444	6	95.0	144447	881.53	32.93	93.1751	identical
1189261	512	512	512	svt-rs-420	6	95.0	120200	93.35	33.80	78.8757	identical
1189261	512	512	512	zenravif-420	6	100.0	193609	680.07	62.69	79.2942	identical
1189261	512	512	512	zenravif-444	6	100.0	313819	1139.38	44.11	95.3845	identical
1189261	512	512	512	svt-rs-420	6	100.0	257419	123.37	23.03	-643.8175	identical
1189261	512	512	512	zenravif-420	9	5.0	4440	142.88	49.67	-11.3888	identical
1189261	512	512	512	zenravif-444	9	5.0	4281	223.20	20.91	-12.1560	identical
1189261	512	512	512	svt-rs-420	9	5.0	2964	23.52	40.60	-26.7652	identical
1189261	512	512	512	zenravif-420	9	10.0	4915	157.94	35.72	-7.0773	identical
1189261	512	512	512	zenravif-444	9	10.0	4787	226.35	48.45	-8.2309	identical
1189261	512	512	512	svt-rs-420	9	10.0	3993	26.85	43.96	-13.3635	identical
1189261	512	512	512	zenravif-420	9	15.0	6050	151.42	40.08	4.8314	identical
1189261	512	512	512	zenravif-444	9	15.0	5967	245.95	51.07	3.5079	identical
1189261	512	512	512	svt-rs-420	9	15.0	5359	27.32	48.98	0.0560	identical
1189261	512	512	512	zenravif-420	9	20.0	7465	158.97	47.16	14.8364	identical
1189261	512	512	512	zenravif-444	9	20.0	7475	271.50	66.10	14.7695	identical
1189261	512	512	512	svt-rs-420	9	20.0	6840	28.41	34.13	11.3454	identical
1189261	512	512	512	zenravif-420	9	25.0	9044	167.60	41.81	24.1120	identical
1189261	512	512	512	zenravif-444	9	25.0	9091	286.42	55.09	24.1911	identical
1189261	512	512	512	svt-rs-420	9	25.0	8517	31.90	37.87	21.2790	identical
1189261	512	512	512	zenravif-420	9	30.0	10929	175.68	36.58	33.5845	identical
1189261	512	512	512	zenravif-444	9	30.0	11316	287.88	44.17	34.1927	identical
1189261	512	512	512	svt-rs-420	9	30.0	10612	30.47	42.31	30.3972	identical
1189261	512	512	512	zenravif-420	9	35.0	13340	172.64	44.91	41.4537	identical
1189261	512	512	512	zenravif-444	9	35.0	13964	284.91	29.34	43.5900	identical
1189261	512	512	512	svt-rs-420	9	35.0	13971	42.78	37.48	41.1822	identical
1189261	512	512	512	zenravif-420	9	40.0	16253	178.29	31.54	48.4287	identical
1189261	512	512	512	zenravif-444	9	40.0	17343	298.55	45.31	50.6223	identical
1189261	512	512	512	svt-rs-420	9	40.0	17162	30.86	35.58	47.4614	identical
1189261	512	512	512	zenravif-420	9	45.0	19268	190.83	49.41	54.8203	identical
1189261	512	512	512	zenravif-444	9	45.0	20858	317.57	53.54	57.4378	identical
1189261	512	512	512	svt-rs-420	9	45.0	20685	32.39	29.77	53.7359	identical
1189261	512	512	512	zenravif-420	9	50.0	22821	125.57	11.86	59.8747	identical
1189261	512	512	512	zenravif-444	9	50.0	25221	193.95	13.22	63.1342	identical
1189261	512	512	512	svt-rs-420	9	50.0	24625	42.03	28.75	58.7166	identical
1189261	512	512	512	zenravif-420	9	55.0	26600	125.01	11.55	64.0399	identical
1189261	512	512	512	zenravif-444	9	55.0	29578	203.01	15.07	67.9143	identical
1189261	512	512	512	svt-rs-420	9	55.0	29244	40.70	33.97	63.7254	identical
1189261	512	512	512	zenravif-420	9	60.0	30689	145.10	12.49	67.5569	identical
1189261	512	512	512	zenravif-444	9	60.0	34804	201.55	34.06	72.0380	identical
1189261	512	512	512	svt-rs-420	9	60.0	35929	36.64	35.66	68.2509	identical
1189261	512	512	512	zenravif-420	9	65.0	35689	140.37	29.85	70.0241	identical
1189261	512	512	512	zenravif-444	9	65.0	40863	232.50	36.61	75.6806	identical
1189261	512	512	512	svt-rs-420	9	65.0	40808	38.09	33.11	70.7060	identical
1189261	512	512	512	zenravif-420	9	70.0	40395	170.68	14.68	72.5317	identical
1189261	512	512	512	zenravif-444	9	70.0	47085	232.66	16.57	78.5434	identical
1189261	512	512	512	svt-rs-420	9	70.0	45256	41.67	32.64	72.3717	identical
1189261	512	512	512	zenravif-420	9	75.0	48939	151.10	12.95	74.7237	identical
1189261	512	512	512	zenravif-444	9	75.0	58330	236.00	17.34	82.7459	identical
1189261	512	512	512	svt-rs-420	9	75.0	50303	43.23	20.09	73.8626	identical
1189261	512	512	512	zenravif-420	9	80.0	56746	154.74	28.39	76.0864	identical
1189261	512	512	512	zenravif-444	9	80.0	69927	272.15	18.35	85.4248	identical
1189261	512	512	512	svt-rs-420	9	80.0	58892	44.68	22.31	75.8501	identical
1189261	512	512	512	zenravif-420	9	85.0	66384	165.94	21.84	77.5080	identical
1189261	512	512	512	zenravif-444	9	85.0	83713	252.90	37.90	87.7653	identical
1189261	512	512	512	svt-rs-420	9	85.0	68649	44.38	21.44	77.0337	identical
1189261	512	512	512	zenravif-420	9	90.0	83123	174.15	42.32	78.0714	identical
1189261	512	512	512	zenravif-444	9	90.0	108539	282.49	19.34	90.6008	identical
1189261	512	512	512	svt-rs-420	9	90.0	91067	33.61	27.75	77.8978	identical
1189261	512	512	512	zenravif-420	9	95.0	116013	199.18	24.79	79.0648	identical
1189261	512	512	512	zenravif-444	9	95.0	158941	313.86	41.98	93.2061	identical
1189261	512	512	512	svt-rs-420	9	95.0	125009	38.08	23.47	78.7999	identical
1189261	512	512	512	zenravif-420	9	100.0	198495	235.32	33.96	79.3232	identical
1189261	512	512	512	zenravif-444	9	100.0	324212	426.01	49.73	95.2307	identical
1189261	512	512	512	svt-rs-420	9	100.0	264381	55.18	28.59	-757.5193	identical
1279330	512	512	512	zenravif-420	2	5.0	2879	1312.34	44.74	-0.6182	identical
1279330	512	512	512	zenravif-444	2	5.0	2749	1494.16	48.12	-3.0650	identical
1279330	512	512	512	svt-rs-420	2	5.0	2058	2691.85	39.81	-14.2640	identical
1279330	512	512	512	zenravif-420	2	10.0	3121	1307.13	45.58	5.6941	identical
1279330	512	512	512	zenravif-444	2	10.0	3097	1725.37	23.60	5.9088	identical
1279330	512	512	512	svt-rs-420	2	10.0	2711	2809.93	45.19	2.0587	identical
1279330	512	512	512	zenravif-420	2	15.0	3736	1492.67	45.44	19.6736	identical
1279330	512	512	512	zenravif-444	2	15.0	3671	1765.20	54.98	16.7059	identical
1279330	512	512	512	svt-rs-420	2	15.0	3466	3132.62	51.37	19.8320	identical
1279330	512	512	512	zenravif-420	2	20.0	4381	1630.45	27.80	29.4201	identical
1279330	512	512	512	zenravif-444	2	20.0	4375	1978.79	39.11	28.9166	identical
1279330	512	512	512	svt-rs-420	2	20.0	4059	2998.79	33.47	30.2626	identical
1279330	512	512	512	zenravif-420	2	25.0	5101	1713.54	39.29	37.7914	identical
1279330	512	512	512	zenravif-444	2	25.0	5122	2158.01	46.27	37.1296	identical
1279330	512	512	512	svt-rs-420	2	25.0	4768	3083.65	29.36	38.8789	identical
1279330	512	512	512	zenravif-420	2	30.0	5986	1992.16	43.32	46.2145	identical
1279330	512	512	512	zenravif-444	2	30.0	6165	2224.31	47.21	47.8182	identical
1279330	512	512	512	svt-rs-420	2	30.0	5619	3210.81	21.18	46.9629	identical
1279330	512	512	512	zenravif-420	2	35.0	7072	2117.66	41.72	53.7654	identical
1279330	512	512	512	zenravif-444	2	35.0	7244	2447.07	46.28	53.9295	identical
1279330	512	512	512	svt-rs-420	2	35.0	6933	3288.12	32.93	56.5625	identical
1279330	512	512	512	zenravif-420	2	40.0	8312	2122.80	29.38	60.9780	identical
1279330	512	512	512	zenravif-444	2	40.0	8576	4514.26	41.10	61.6639	identical
1279330	512	512	512	svt-rs-420	2	40.0	8154	2827.35	25.55	62.2293	identical
1279330	512	512	512	zenravif-420	2	45.0	9506	2324.01	18.49	65.0661	identical
1279330	512	512	512	zenravif-444	2	45.0	9957	2883.33	21.73	66.5673	identical
1279330	512	512	512	svt-rs-420	2	45.0	9523	3651.14	23.24	67.6772	identical
1279330	512	512	512	zenravif-420	2	50.0	11225	2339.06	10.07	70.4199	identical
1279330	512	512	512	zenravif-444	2	50.0	11828	2484.51	21.03	71.1783	identical
1279330	512	512	512	svt-rs-420	2	50.0	11074	2841.55	26.09	71.3233	identical
1279330	512	512	512	zenravif-420	2	55.0	12716	2404.89	15.39	73.0548	identical
1279330	512	512	512	zenravif-444	2	55.0	13456	2697.71	32.15	74.8594	identical
1279330	512	512	512	svt-rs-420	2	55.0	12898	3263.63	26.08	75.8869	identical
1279330	512	512	512	zenravif-420	2	60.0	14378	2439.27	15.43	76.4723	identical
1279330	512	512	512	zenravif-444	2	60.0	15373	2974.34	15.02	77.8023	identical
1279330	512	512	512	svt-rs-420	2	60.0	15555	3065.95	20.29	79.3415	identical
1279330	512	512	512	zenravif-420	2	65.0	16475	2596.30	13.93	79.5562	identical
1279330	512	512	512	zenravif-444	2	65.0	17648	2870.07	24.23	80.9242	identical
1279330	512	512	512	svt-rs-420	2	65.0	17582	2841.04	28.55	81.4856	identical
1279330	512	512	512	zenravif-420	2	70.0	18438	2870.46	29.34	81.3259	identical
1279330	512	512	512	zenravif-444	2	70.0	19911	3535.70	19.85	83.0649	identical
1279330	512	512	512	svt-rs-420	2	70.0	19502	2700.24	40.84	83.0188	identical
1279330	512	512	512	zenravif-420	2	75.0	22236	3002.08	14.30	84.5838	identical
1279330	512	512	512	zenravif-444	2	75.0	24472	3158.78	28.16	85.9434	identical
1279330	512	512	512	svt-rs-420	2	75.0	21825	2612.95	34.88	84.4117	identical
1279330	512	512	512	zenravif-420	2	80.0	25571	3093.93	15.49	86.1053	identical
1279330	512	512	512	zenravif-444	2	80.0	28730	3776.59	27.27	87.8444	identical
1279330	512	512	512	svt-rs-420	2	80.0	25872	2486.12	24.87	86.6201	identical
1279330	512	512	512	zenravif-420	2	85.0	30303	3249.88	25.37	87.7332	identical
1279330	512	512	512	zenravif-444	2	85.0	34376	3979.94	28.04	89.5201	identical
1279330	512	512	512	svt-rs-420	2	85.0	30508	2220.49	22.21	88.0235	identical
1279330	512	512	512	zenravif-420	2	90.0	38649	3671.79	37.16	89.4076	identical
1279330	512	512	512	zenravif-444	2	90.0	44536	4122.29	20.82	91.5176	identical
1279330	512	512	512	svt-rs-420	2	90.0	41193	2338.86	21.00	90.1044	identical
1279330	512	512	512	zenravif-420	2	95.0	56538	4336.59	38.86	91.1030	identical
1279330	512	512	512	zenravif-444	2	95.0	67820	4713.42	24.48	93.3657	identical
1279330	512	512	512	svt-rs-420	2	95.0	59943	2774.69	32.52	91.3256	identical
1279330	512	512	512	zenravif-420	2	100.0	148229	3221.65	68.38	92.3305	identical
1279330	512	512	512	zenravif-444	2	100.0	220300	4173.87	111.88	95.4306	identical
1279330	512	512	512	svt-rs-420	2	100.0	170189	2053.54	19.57	-736.8656	identical
1279330	512	512	512	zenravif-420	6	5.0	3403	310.79	40.68	-0.1195	identical
1279330	512	512	512	zenravif-444	6	5.0	3312	498.29	56.54	-1.3435	identical
1279330	512	512	512	svt-rs-420	6	5.0	2115	34.70	60.55	-21.3574	identical
1279330	512	512	512	zenravif-420	6	10.0	3707	375.26	48.87	7.6117	identical
1279330	512	512	512	zenravif-444	6	10.0	3636	479.08	45.29	5.6273	identical
1279330	512	512	512	svt-rs-420	6	10.0	2737	34.99	39.44	-7.4660	identical
1279330	512	512	512	zenravif-420	6	15.0	4401	363.32	45.47	20.4345	identical
1279330	512	512	512	zenravif-444	6	15.0	4319	522.48	53.32	18.7760	identical
1279330	512	512	512	svt-rs-420	6	15.0	3431	38.14	58.53	9.5818	identical
1279330	512	512	512	zenravif-420	6	20.0	5155	405.00	35.64	30.9902	identical
1279330	512	512	512	zenravif-444	6	20.0	5121	589.57	29.69	30.8403	identical
1279330	512	512	512	svt-rs-420	6	20.0	4208	39.15	48.60	20.4217	identical
1279330	512	512	512	zenravif-420	6	25.0	5998	399.04	48.63	40.5995	identical
1279330	512	512	512	zenravif-444	6	25.0	5933	604.13	53.35	40.1549	identical
1279330	512	512	512	svt-rs-420	6	25.0	5043	40.94	61.24	32.4679	identical
1279330	512	512	512	zenravif-420	6	30.0	7034	401.12	47.71	49.5984	identical
1279330	512	512	512	zenravif-444	6	30.0	7077	608.55	23.99	49.4207	identical
1279330	512	512	512	svt-rs-420	6	30.0	6077	43.02	51.62	41.5045	identical
1279330	512	512	512	zenravif-420	6	35.0	8143	432.55	48.12	55.9982	identical
1279330	512	512	512	zenravif-444	6	35.0	8268	793.23	46.62	56.2983	identical
1279330	512	512	512	svt-rs-420	6	35.0	7754	46.51	32.71	52.1171	identical
1279330	512	512	512	zenravif-420	6	40.0	9362	445.40	50.72	61.6935	identical
1279330	512	512	512	zenravif-444	6	40.0	9658	683.11	48.47	63.0132	identical
1279330	512	512	512	svt-rs-420	6	40.0	9141	44.56	45.01	58.7917	identical
1279330	512	512	512	zenravif-420	6	45.0	10809	470.56	38.80	66.6828	identical
1279330	512	512	512	zenravif-444	6	45.0	11246	715.39	22.44	67.6707	identical
1279330	512	512	512	svt-rs-420	6	45.0	10792	44.72	30.25	64.6777	identical
1279330	512	512	512	zenravif-420	6	50.0	12536	306.66	10.95	71.5788	identical
1279330	512	512	512	zenravif-444	6	50.0	13088	534.69	13.27	72.2291	identical
1279330	512	512	512	svt-rs-420	6	50.0	12577	47.69	27.18	70.0025	identical
1279330	512	512	512	zenravif-420	6	55.0	14055	332.78	16.81	74.5365	identical
1279330	512	512	512	zenravif-444	6	55.0	14827	509.78	14.07	75.9079	identical
1279330	512	512	512	svt-rs-420	6	55.0	14623	56.36	46.77	73.9541	identical
1279330	512	512	512	zenravif-420	6	60.0	15937	338.89	18.96	77.2354	identical
1279330	512	512	512	zenravif-444	6	60.0	16930	546.96	37.72	78.7591	identical
1279330	512	512	512	svt-rs-420	6	60.0	17834	58.89	26.92	78.0229	identical
1279330	512	512	512	zenravif-420	6	65.0	18244	369.83	13.15	80.4180	identical
1279330	512	512	512	zenravif-444	6	65.0	19473	559.78	17.47	81.7090	identical
1279330	512	512	512	svt-rs-420	6	65.0	20210	62.37	28.17	80.7968	identical
1279330	512	512	512	zenravif-420	6	70.0	20401	399.65	16.41	82.2005	identical
1279330	512	512	512	zenravif-444	6	70.0	22063	603.16	40.92	83.6887	identical
1279330	512	512	512	svt-rs-420	6	70.0	22338	118.18	26.38	82.7186	identical
1279330	512	512	512	zenravif-420	6	75.0	24462	557.79	23.99	84.9902	identical
1279330	512	512	512	zenravif-444	6	75.0	26795	1105.92	15.06	86.2932	identical
1279330	512	512	512	svt-rs-420	6	75.0	24947	55.16	27.47	84.4515	identical
1279330	512	512	512	zenravif-420	6	80.0	27940	413.11	12.79	86.5413	identical
1279330	512	512	512	zenravif-444	6	80.0	31213	638.49	15.28	88.2360	identical
1279330	512	512	512	svt-rs-420	6	80.0	29093	74.47	20.13	86.4720	identical
1279330	512	512	512	zenravif-420	6	85.0	33008	426.60	13.33	88.3420	identical
1279330	512	512	512	zenravif-444	6	85.0	37180	688.37	48.75	89.7651	identical
1279330	512	512	512	svt-rs-420	6	85.0	34117	65.34	27.10	87.9146	identical
1279330	512	512	512	zenravif-420	6	90.0	41810	479.42	16.63	89.4758	identical
1279330	512	512	512	zenravif-444	6	90.0	48305	709.56	17.31	91.7020	identical
1279330	512	512	512	svt-rs-420	6	90.0	47243	52.69	17.43	89.7956	identical
1279330	512	512	512	zenravif-420	6	95.0	62506	534.29	25.04	90.9877	identical
1279330	512	512	512	zenravif-444	6	95.0	74658	729.20	21.55	93.5192	identical
1279330	512	512	512	svt-rs-420	6	95.0	68296	71.86	18.60	90.9730	identical
1279330	512	512	512	zenravif-420	6	100.0	134336	630.40	26.47	92.2501	identical
1279330	512	512	512	zenravif-444	6	100.0	200369	1011.71	57.73	95.2103	identical
1279330	512	512	512	svt-rs-420	6	100.0	194793	98.10	37.02	-862.8198	identical
1279330	512	512	512	zenravif-420	9	5.0	3413	142.29	41.01	-0.3562	identical
1279330	512	512	512	zenravif-444	9	5.0	3303	206.84	64.21	-1.9621	identical
1279330	512	512	512	svt-rs-420	9	5.0	2443	21.14	45.12	-20.7396	identical
1279330	512	512	512	zenravif-420	9	10.0	3743	146.81	51.63	6.8344	identical
1279330	512	512	512	zenravif-444	9	10.0	3656	217.53	58.29	5.6619	identical
1279330	512	512	512	svt-rs-420	9	10.0	3106	21.02	42.30	-5.5968	identical
1279330	512	512	512	zenravif-420	9	15.0	4461	145.70	49.32	19.8990	identical
1279330	512	512	512	zenravif-444	9	15.0	4372	227.75	45.35	19.8417	identical
1279330	512	512	512	svt-rs-420	9	15.0	3866	23.20	31.92	8.9497	identical
1279330	512	512	512	zenravif-420	9	20.0	5217	155.55	39.98	31.0361	identical
1279330	512	512	512	zenravif-444	9	20.0	5185	259.27	36.96	30.1385	identical
1279330	512	512	512	svt-rs-420	9	20.0	4653	26.02	41.02	22.0183	identical
1279330	512	512	512	zenravif-420	9	25.0	6032	150.36	41.62	39.6794	identical
1279330	512	512	512	zenravif-444	9	25.0	6041	248.83	53.45	39.8339	identical
1279330	512	512	512	svt-rs-420	9	25.0	5515	27.72	46.35	33.5444	identical
1279330	512	512	512	zenravif-420	9	30.0	7174	160.20	42.65	48.4647	identical
1279330	512	512	512	zenravif-444	9	30.0	7237	258.24	36.81	49.4858	identical
1279330	512	512	512	svt-rs-420	9	30.0	6612	27.35	12.29	42.4418	identical
1279330	512	512	512	zenravif-420	9	35.0	8376	162.26	26.99	55.6038	identical
1279330	512	512	512	zenravif-444	9	35.0	8525	316.46	32.03	56.2678	identical
1279330	512	512	512	svt-rs-420	9	35.0	8333	28.72	24.11	52.0963	identical
1279330	512	512	512	zenravif-420	9	40.0	9707	179.49	26.26	61.2062	identical
1279330	512	512	512	zenravif-444	9	40.0	10024	272.71	32.96	62.3532	identical
1279330	512	512	512	svt-rs-420	9	40.0	9937	28.24	38.83	59.5029	identical
1279330	512	512	512	zenravif-420	9	45.0	11291	176.88	30.01	66.5940	identical
1279330	512	512	512	zenravif-444	9	45.0	11742	276.95	69.19	67.3051	identical
1279330	512	512	512	svt-rs-420	9	45.0	11661	30.59	62.56	65.1886	identical
1279330	512	512	512	zenravif-420	9	50.0	13113	104.27	15.14	70.4572	identical
1279330	512	512	512	zenravif-444	9	50.0	13785	176.05	28.81	71.4881	identical
1279330	512	512	512	svt-rs-420	9	50.0	13574	30.67	38.70	70.0333	identical
1279330	512	512	512	zenravif-420	9	55.0	14822	109.66	12.37	73.8162	identical
1279330	512	512	512	zenravif-444	9	55.0	15689	168.12	13.88	74.7645	identical
1279330	512	512	512	svt-rs-420	9	55.0	15902	30.69	29.42	73.9678	identical
1279330	512	512	512	zenravif-420	9	60.0	16750	110.87	17.56	76.7274	identical
1279330	512	512	512	zenravif-444	9	60.0	17940	173.32	35.75	78.2023	identical
1279330	512	512	512	svt-rs-420	9	60.0	19289	34.83	33.57	78.3845	identical
1279330	512	512	512	zenravif-420	9	65.0	19276	152.63	9.61	79.5427	identical
1279330	512	512	512	zenravif-444	9	65.0	20802	175.49	24.13	80.8664	identical
1279330	512	512	512	svt-rs-420	9	65.0	21811	34.28	23.59	80.6452	identical
1279330	512	512	512	zenravif-420	9	70.0	21643	119.55	21.68	81.7764	identical
1279330	512	512	512	zenravif-444	9	70.0	23556	182.28	11.87	83.2996	identical
1279330	512	512	512	svt-rs-420	9	70.0	24147	31.05	27.53	82.7181	identical
1279330	512	512	512	zenravif-420	9	75.0	26102	118.06	19.18	84.8828	identical
1279330	512	512	512	zenravif-444	9	75.0	28769	190.22	13.58	85.9927	identical
1279330	512	512	512	svt-rs-420	9	75.0	27097	52.81	19.51	84.1185	identical
1279330	512	512	512	zenravif-420	9	80.0	29861	142.40	30.96	86.4061	identical
1279330	512	512	512	zenravif-444	9	80.0	33555	201.13	13.25	87.7999	identical
1279330	512	512	512	svt-rs-420	9	80.0	31611	52.39	28.16	86.3236	identical
1279330	512	512	512	zenravif-420	9	85.0	35396	136.09	15.02	88.0100	identical
1279330	512	512	512	zenravif-444	9	85.0	40184	210.81	35.97	89.5935	identical
1279330	512	512	512	svt-rs-420	9	85.0	36952	36.31	21.08	87.7027	identical
1279330	512	512	512	zenravif-420	9	90.0	44765	140.50	12.42	89.5549	identical
1279330	512	512	512	zenravif-444	9	90.0	51830	212.76	17.82	91.6378	identical
1279330	512	512	512	svt-rs-420	9	90.0	50355	25.59	14.30	89.7638	identical
1279330	512	512	512	zenravif-420	9	95.0	66446	158.87	15.06	90.8289	identical
1279330	512	512	512	zenravif-444	9	95.0	79650	242.23	30.93	93.5617	identical
1279330	512	512	512	svt-rs-420	9	95.0	72690	30.95	24.52	91.0824	identical
1279330	512	512	512	zenravif-420	9	100.0	133004	197.59	28.17	92.1687	identical
1279330	512	512	512	zenravif-444	9	100.0	199580	332.31	46.74	95.1310	identical
1279330	512	512	512	svt-rs-420	9	100.0	197307	51.51	24.10	-663.4279	identical
1418519	512	512	512	zenravif-420	2	5.0	1504	1383.61	38.93	3.8474	identical
1418519	512	512	512	zenravif-444	2	5.0	1459	1611.02	69.09	2.8839	identical
1418519	512	512	512	svt-rs-420	2	5.0	1072	1676.91	28.49	-6.9071	identical
1418519	512	512	512	zenravif-420	2	10.0	1674	1565.04	32.68	12.8139	identical
1418519	512	512	512	zenravif-444	2	10.0	1633	1686.82	53.22	9.0469	identical
1418519	512	512	512	svt-rs-420	2	10.0	1371	1798.14	32.69	7.1020	identical
1418519	512	512	512	zenravif-420	2	15.0	1961	1384.86	40.45	21.8413	identical
1418519	512	512	512	zenravif-444	2	15.0	1898	1808.27	27.13	19.1726	identical
1418519	512	512	512	svt-rs-420	2	15.0	1767	2127.44	34.93	20.3364	identical
1418519	512	512	512	zenravif-420	2	20.0	2355	1556.11	29.93	31.0728	identical
1418519	512	512	512	zenravif-444	2	20.0	2303	2012.63	55.33	29.3155	identical
1418519	512	512	512	svt-rs-420	2	20.0	2166	2184.58	36.83	31.7264	identical
1418519	512	512	512	zenravif-420	2	25.0	2715	1575.65	44.62	38.8710	identical
1418519	512	512	512	zenravif-444	2	25.0	2768	2172.49	74.39	38.0771	identical
1418519	512	512	512	svt-rs-420	2	25.0	2564	2141.58	27.65	37.4905	identical
1418519	512	512	512	zenravif-420	2	30.0	3205	1777.96	133.42	46.3162	identical
1418519	512	512	512	zenravif-444	2	30.0	3284	2415.10	37.22	46.2787	identical
1418519	512	512	512	svt-rs-420	2	30.0	3081	2272.80	19.55	46.1196	identical
1418519	512	512	512	zenravif-420	2	35.0	3875	1713.32	46.54	53.5047	identical
1418519	512	512	512	zenravif-444	2	35.0	3939	2339.47	38.72	52.8925	identical
1418519	512	512	512	svt-rs-420	2	35.0	3888	2419.42	36.31	53.9593	identical
1418519	512	512	512	zenravif-420	2	40.0	4692	1861.62	38.26	59.4363	identical
1418519	512	512	512	zenravif-444	2	40.0	4766	2355.59	50.35	59.5450	identical
1418519	512	512	512	svt-rs-420	2	40.0	4635	2120.82	19.14	60.2449	identical
1418519	512	512	512	zenravif-420	2	45.0	5460	1978.95	24.33	64.0567	identical
1418519	512	512	512	zenravif-444	2	45.0	5626	2488.94	28.43	64.2212	identical
1418519	512	512	512	svt-rs-420	2	45.0	5508	2351.29	30.56	65.4711	identical
1418519	512	512	512	zenravif-420	2	50.0	6671	2223.80	17.10	68.4302	identical
1418519	512	512	512	zenravif-444	2	50.0	6859	2375.40	20.91	68.5698	identical
1418519	512	512	512	svt-rs-420	2	50.0	6414	2266.18	22.85	69.2982	identical
1418519	512	512	512	zenravif-420	2	55.0	7616	2424.99	27.91	72.0400	identical
1418519	512	512	512	zenravif-444	2	55.0	7877	2690.39	32.71	72.4762	identical
1418519	512	512	512	svt-rs-420	2	55.0	7566	2417.94	31.58	72.9383	identical
1418519	512	512	512	zenravif-420	2	60.0	8688	2243.18	16.48	75.2137	identical
1418519	512	512	512	zenravif-444	2	60.0	9149	2604.62	36.02	75.6802	identical
1418519	512	512	512	svt-rs-420	2	60.0	9137	2353.93	33.89	77.5875	identical
1418519	512	512	512	zenravif-420	2	65.0	9990	2654.64	13.02	78.2324	identical
1418519	512	512	512	zenravif-444	2	65.0	10622	2702.32	23.62	78.7835	identical
1418519	512	512	512	svt-rs-420	2	65.0	10316	2158.58	24.89	79.6618	identical
1418519	512	512	512	zenravif-420	2	70.0	11106	2356.69	28.34	80.0724	identical
1418519	512	512	512	zenravif-444	2	70.0	11854	2583.78	14.23	81.0910	identical
1418519	512	512	512	svt-rs-420	2	70.0	11403	2123.07	28.41	81.5937	identical
1418519	512	512	512	zenravif-420	2	75.0	13609	2639.00	18.15	83.4438	identical
1418519	512	512	512	zenravif-444	2	75.0	14802	2912.23	15.49	84.4011	identical
1418519	512	512	512	svt-rs-420	2	75.0	12819	1864.09	25.76	83.4736	identical
1418519	512	512	512	zenravif-420	2	80.0	15677	2558.83	30.52	85.5145	identical
1418519	512	512	512	zenravif-444	2	80.0	17346	2858.09	16.20	86.2481	identical
1418519	512	512	512	svt-rs-420	2	80.0	14958	1759.12	28.36	85.5114	identical
1418519	512	512	512	zenravif-420	2	85.0	18738	2814.60	32.33	86.9454	identical
1418519	512	512	512	zenravif-444	2	85.0	21195	2876.51	33.24	87.9847	identical
1418519	512	512	512	svt-rs-420	2	85.0	17597	1784.34	25.71	87.1023	identical
1418519	512	512	512	zenravif-420	2	90.0	23894	2919.72	29.38	88.6226	identical
1418519	512	512	512	zenravif-444	2	90.0	27681	3375.81	17.37	89.8783	identical
1418519	512	512	512	svt-rs-420	2	90.0	24078	1925.43	30.79	89.3437	identical
1418519	512	512	512	zenravif-420	2	95.0	36514	3502.76	29.36	90.5915	identical
1418519	512	512	512	zenravif-444	2	95.0	44069	3482.24	32.01	91.9168	identical
1418519	512	512	512	svt-rs-420	2	95.0	35130	1959.79	26.05	90.9756	identical
1418519	512	512	512	zenravif-420	2	100.0	105221	2659.65	57.94	92.2474	identical
1418519	512	512	512	zenravif-444	2	100.0	162725	3509.99	75.06	93.5159	identical
1418519	512	512	512	svt-rs-420	2	100.0	127897	2020.04	37.92	-444.8740	identical
1418519	512	512	512	zenravif-420	6	5.0	1805	295.63	46.66	3.4002	identical
1418519	512	512	512	zenravif-444	6	5.0	1769	456.71	42.88	0.8332	identical
1418519	512	512	512	svt-rs-420	6	5.0	1090	32.86	33.34	-16.3091	identical
1418519	512	512	512	zenravif-420	6	10.0	1954	369.14	49.33	9.5243	identical
1418519	512	512	512	zenravif-444	6	10.0	1936	481.63	44.52	7.0839	identical
1418519	512	512	512	svt-rs-420	6	10.0	1440	30.86	54.57	0.6874	identical
1418519	512	512	512	zenravif-420	6	15.0	2264	327.88	31.04	19.2805	identical
1418519	512	512	512	zenravif-444	6	15.0	2251	490.53	44.97	17.7044	identical
1418519	512	512	512	svt-rs-420	6	15.0	1859	35.24	39.65	14.2591	identical
1418519	512	512	512	zenravif-420	6	20.0	2698	334.54	41.02	29.4618	identical
1418519	512	512	512	zenravif-444	6	20.0	2686	516.10	39.68	28.6300	identical
1418519	512	512	512	svt-rs-420	6	20.0	2255	38.40	30.19	25.4408	identical
1418519	512	512	512	zenravif-420	6	25.0	3157	389.43	45.59	37.9115	identical
1418519	512	512	512	zenravif-444	6	25.0	3197	563.71	56.20	37.6608	identical
1418519	512	512	512	svt-rs-420	6	25.0	2713	37.86	60.34	33.9290	identical
1418519	512	512	512	zenravif-420	6	30.0	3712	387.57	120.24	46.5601	identical
1418519	512	512	512	zenravif-444	6	30.0	3735	536.67	44.90	46.7017	identical
1418519	512	512	512	svt-rs-420	6	30.0	3255	38.45	54.40	42.1352	identical
1418519	512	512	512	zenravif-420	6	35.0	4430	383.14	51.28	52.9341	identical
1418519	512	512	512	zenravif-444	6	35.0	4517	521.62	52.76	53.1024	identical
1418519	512	512	512	svt-rs-420	6	35.0	4168	42.33	31.21	51.8199	identical
1418519	512	512	512	zenravif-420	6	40.0	5269	384.10	49.68	59.6777	identical
1418519	512	512	512	zenravif-444	6	40.0	5379	575.52	44.23	59.9336	identical
1418519	512	512	512	svt-rs-420	6	40.0	4971	41.01	35.82	57.4719	identical
1418519	512	512	512	zenravif-420	6	45.0	6103	447.27	189.07	64.5157	identical
1418519	512	512	512	zenravif-444	6	45.0	6267	660.11	39.33	65.0811	identical
1418519	512	512	512	svt-rs-420	6	45.0	5967	49.86	31.14	63.3393	identical
1418519	512	512	512	zenravif-420	6	50.0	7142	309.71	11.06	69.4240	identical
1418519	512	512	512	zenravif-444	6	50.0	7364	451.07	12.26	69.4108	identical
1418519	512	512	512	svt-rs-420	6	50.0	7001	45.82	40.10	67.7574	identical
1418519	512	512	512	zenravif-420	6	55.0	8136	327.04	15.56	72.6930	identical
1418519	512	512	512	zenravif-444	6	55.0	8505	489.68	86.24	73.4092	identical
1418519	512	512	512	svt-rs-420	6	55.0	8278	47.69	23.89	72.3015	identical
1418519	512	512	512	zenravif-420	6	60.0	9301	321.20	23.33	75.4030	identical
1418519	512	512	512	zenravif-444	6	60.0	9737	504.43	29.37	76.0059	identical
1418519	512	512	512	svt-rs-420	6	60.0	9975	50.78	26.26	76.3953	identical
1418519	512	512	512	zenravif-420	6	65.0	10800	337.54	24.22	78.8714	identical
1418519	512	512	512	zenravif-444	6	65.0	11424	488.66	14.14	79.1750	identical
1418519	512	512	512	svt-rs-420	6	65.0	11299	51.18	30.92	78.7862	identical
1418519	512	512	512	zenravif-420	6	70.0	12090	376.94	10.55	80.8356	identical
1418519	512	512	512	zenravif-444	6	70.0	12872	543.69	14.06	81.6781	identical
1418519	512	512	512	svt-rs-420	6	70.0	12536	52.32	30.30	81.2096	identical
1418519	512	512	512	zenravif-420	6	75.0	14771	336.09	15.04	83.9289	identical
1418519	512	512	512	zenravif-444	6	75.0	16097	519.99	36.80	84.5050	identical
1418519	512	512	512	svt-rs-420	6	75.0	13944	51.00	22.56	82.8170	identical
1418519	512	512	512	zenravif-420	6	80.0	16853	375.45	11.15	85.6099	identical
1418519	512	512	512	zenravif-444	6	80.0	18670	516.14	25.16	86.0154	identical
1418519	512	512	512	svt-rs-420	6	80.0	16412	50.00	31.83	85.0626	identical
1418519	512	512	512	zenravif-420	6	85.0	20289	376.78	12.46	87.1141	identical
1418519	512	512	512	zenravif-444	6	85.0	22788	567.42	15.76	88.0696	identical
1418519	512	512	512	svt-rs-420	6	85.0	19310	56.40	17.33	86.9589	identical
1418519	512	512	512	zenravif-420	6	90.0	25564	363.62	25.79	88.3256	identical
1418519	512	512	512	zenravif-444	6	90.0	29591	551.17	36.16	89.8611	identical
1418519	512	512	512	svt-rs-420	6	90.0	26040	51.75	17.51	89.3147	identical
1418519	512	512	512	zenravif-420	6	95.0	39060	425.15	16.76	90.5566	identical
1418519	512	512	512	zenravif-444	6	95.0	47489	591.10	24.45	91.9178	identical
1418519	512	512	512	svt-rs-420	6	95.0	40129	59.93	15.65	90.7163	identical
1418519	512	512	512	zenravif-420	6	100.0	93641	533.34	34.19	92.0791	identical
1418519	512	512	512	zenravif-444	6	100.0	150088	994.54	56.81	93.2916	identical
1418519	512	512	512	svt-rs-420	6	100.0	152729	88.40	35.96	-351.1785	identical
1418519	512	512	512	zenravif-420	9	5.0	1794	110.52	31.10	3.0737	identical
1418519	512	512	512	zenravif-444	9	5.0	1763	167.24	51.88	0.6997	identical
1418519	512	512	512	svt-rs-420	9	5.0	1104	16.84	43.18	-19.0680	identical
1418519	512	512	512	zenravif-420	9	10.0	1939	118.49	31.17	9.5698	identical
1418519	512	512	512	zenravif-444	9	10.0	1912	185.79	53.55	8.0316	identical
1418519	512	512	512	svt-rs-420	9	10.0	1395	16.78	41.06	-1.3807	identical
1418519	512	512	512	zenravif-420	9	15.0	2232	130.61	28.48	18.5435	identical
1418519	512	512	512	zenravif-444	9	15.0	2238	188.42	62.23	17.8422	identical
1418519	512	512	512	svt-rs-420	9	15.0	1782	21.71	36.92	11.9387	identical
1418519	512	512	512	zenravif-420	9	20.0	2700	133.17	45.21	29.8841	identical
1418519	512	512	512	zenravif-444	9	20.0	2711	190.30	60.00	28.0900	identical
1418519	512	512	512	svt-rs-420	9	20.0	2196	27.22	26.20	22.7029	identical
1418519	512	512	512	zenravif-420	9	25.0	3188	127.97	41.48	38.8323	identical
1418519	512	512	512	zenravif-444	9	25.0	3188	211.65	49.13	36.2608	identical
1418519	512	512	512	svt-rs-420	9	25.0	2704	20.19	39.19	32.6809	identical
1418519	512	512	512	zenravif-420	9	30.0	3740	132.43	35.93	45.6521	identical
1418519	512	512	512	zenravif-444	9	30.0	3830	245.41	54.98	46.0441	identical
1418519	512	512	512	svt-rs-420	9	30.0	3255	20.54	52.56	41.1367	identical
1418519	512	512	512	zenravif-420	9	35.0	4471	142.43	40.16	52.9085	identical
1418519	512	512	512	zenravif-444	9	35.0	4556	224.54	83.04	53.0097	identical
1418519	512	512	512	svt-rs-420	9	35.0	4161	20.67	45.10	50.8482	identical
1418519	512	512	512	zenravif-420	9	40.0	5353	148.70	52.46	59.5190	identical
1418519	512	512	512	zenravif-444	9	40.0	5457	225.96	49.16	59.8140	identical
1418519	512	512	512	svt-rs-420	9	40.0	5021	22.60	44.38	56.5582	identical
1418519	512	512	512	zenravif-420	9	45.0	6223	159.08	38.88	64.1287	identical
1418519	512	512	512	zenravif-444	9	45.0	6385	232.43	53.59	64.2799	identical
1418519	512	512	512	svt-rs-420	9	45.0	6003	21.67	22.62	62.3785	identical
1418519	512	512	512	zenravif-420	9	50.0	7323	104.59	9.32	68.2072	identical
1418519	512	512	512	zenravif-444	9	50.0	7579	155.47	10.64	68.8895	identical
1418519	512	512	512	svt-rs-420	9	50.0	7105	24.02	31.72	66.9624	identical
1418519	512	512	512	zenravif-420	9	55.0	8447	106.99	20.65	71.9321	identical
1418519	512	512	512	zenravif-444	9	55.0	8816	167.39	15.86	71.7680	identical
1418519	512	512	512	svt-rs-420	9	55.0	8391	25.34	18.22	71.9439	identical
1418519	512	512	512	zenravif-420	9	60.0	9660	107.77	11.15	75.0212	identical
1418519	512	512	512	zenravif-444	9	60.0	10176	171.43	12.67	75.3836	identical
1418519	512	512	512	svt-rs-420	9	60.0	10162	24.41	30.49	76.3010	identical
1418519	512	512	512	zenravif-420	9	65.0	11289	108.17	9.03	78.2880	identical
1418519	512	512	512	zenravif-444	9	65.0	11978	177.36	31.22	78.0696	identical
1418519	512	512	512	svt-rs-420	9	65.0	11552	23.73	18.34	78.6234	identical
1418519	512	512	512	zenravif-420	9	70.0	12669	118.86	9.94	80.0228	identical
1418519	512	512	512	zenravif-444	9	70.0	13589	174.63	26.76	80.2283	identical
1418519	512	512	512	svt-rs-420	9	70.0	12828	23.61	21.62	80.7507	identical
1418519	512	512	512	zenravif-420	9	75.0	15605	111.40	9.55	83.3224	identical
1418519	512	512	512	zenravif-444	9	75.0	16916	187.73	13.25	83.6945	identical
1418519	512	512	512	svt-rs-420	9	75.0	14490	26.56	26.57	82.6148	identical
1418519	512	512	512	zenravif-420	9	80.0	17839	129.35	14.58	85.1899	identical
1418519	512	512	512	zenravif-444	9	80.0	19834	200.78	19.06	85.9790	identical
1418519	512	512	512	svt-rs-420	9	80.0	17057	25.69	23.91	84.9662	identical
1418519	512	512	512	zenravif-420	9	85.0	21637	126.32	10.00	86.9415	identical
1418519	512	512	512	zenravif-444	9	85.0	24266	203.09	13.69	87.7032	identical
1418519	512	512	512	svt-rs-420	9	85.0	20157	27.24	27.20	86.7289	identical
1418519	512	512	512	zenravif-420	9	90.0	27208	130.48	16.51	88.3010	identical
1418519	512	512	512	zenravif-444	9	90.0	31546	214.19	26.79	89.8329	identical
1418519	512	512	512	svt-rs-420	9	90.0	26822	20.38	11.68	89.1206	identical
1418519	512	512	512	zenravif-420	9	95.0	40823	144.15	19.39	90.5510	identical
1418519	512	512	512	zenravif-444	9	95.0	49884	228.85	16.33	91.7364	identical
1418519	512	512	512	svt-rs-420	9	95.0	40542	23.91	14.81	90.6942	identical
1418519	512	512	512	zenravif-420	9	100.0	92500	186.06	24.03	91.9948	identical
1418519	512	512	512	zenravif-444	9	100.0	149699	327.01	29.89	93.3497	identical
1418519	512	512	512	svt-rs-420	9	100.0	137167	36.90	32.00	-354.9130	identical
1420710	512	512	512	zenravif-420	2	5.0	4231	1036.35	36.18	-16.8507	identical
1420710	512	512	512	zenravif-444	2	5.0	4206	1276.51	32.78	-16.9149	identical
1420710	512	512	512	svt-rs-420	2	5.0	4109	4989.48	29.85	-10.4371	identical
1420710	512	512	512	zenravif-420	2	10.0	4874	1181.43	33.36	-8.8826	identical
1420710	512	512	512	zenravif-444	2	10.0	4807	1350.67	37.33	-8.6449	identical
1420710	512	512	512	svt-rs-420	2	10.0	5993	6029.20	31.61	10.0317	identical
1420710	512	512	512	zenravif-420	2	15.0	6141	1488.18	46.94	5.2684	identical
1420710	512	512	512	zenravif-444	2	15.0	6122	1621.28	38.01	4.4425	identical
1420710	512	512	512	svt-rs-420	2	15.0	8462	6478.72	38.06	26.0896	identical
1420710	512	512	512	zenravif-420	2	20.0	8150	1730.07	40.06	19.0778	identical
1420710	512	512	512	zenravif-444	2	20.0	8047	1980.10	40.76	17.7922	identical
1420710	512	512	512	svt-rs-420	2	20.0	10692	6865.61	16.68	34.9735	identical
1420710	512	512	512	zenravif-420	2	25.0	10210	1953.18	27.50	29.3871	identical
1420710	512	512	512	zenravif-444	2	25.0	10225	2187.45	43.23	28.7835	identical
1420710	512	512	512	svt-rs-420	2	25.0	13419	7238.84	27.09	42.9719	identical
1420710	512	512	512	zenravif-420	2	30.0	13216	2276.29	33.69	39.3009	identical
1420710	512	512	512	zenravif-444	2	30.0	13262	2580.12	55.83	39.0786	identical
1420710	512	512	512	svt-rs-420	2	30.0	16940	6545.45	102.87	51.1437	identical
1420710	512	512	512	zenravif-420	2	35.0	16566	2508.56	53.39	47.2933	identical
1420710	512	512	512	zenravif-444	2	35.0	16663	3084.54	38.44	47.2510	identical
1420710	512	512	512	svt-rs-420	2	35.0	23123	9484.46	28.04	58.9274	identical
1420710	512	512	512	zenravif-420	2	40.0	21353	2881.99	44.46	54.7381	identical
1420710	512	512	512	zenravif-444	2	40.0	21626	3303.01	37.02	55.0239	identical
1420710	512	512	512	svt-rs-420	2	40.0	29090	7876.67	53.44	65.1201	identical
1420710	512	512	512	zenravif-420	2	45.0	26870	3060.94	29.51	61.8253	identical
1420710	512	512	512	zenravif-444	2	45.0	27164	3765.53	45.15	61.8661	identical
1420710	512	512	512	svt-rs-420	2	45.0	35981	9238.59	49.91	70.1556	identical
1420710	512	512	512	zenravif-420	2	50.0	32854	2754.84	17.78	66.8171	identical
1420710	512	512	512	zenravif-444	2	50.0	33440	3296.82	22.61	67.3733	identical
1420710	512	512	512	svt-rs-420	2	50.0	43434	8348.03	46.95	74.2560	identical
1420710	512	512	512	zenravif-420	2	55.0	39134	3734.96	27.40	71.0227	identical
1420710	512	512	512	zenravif-444	2	55.0	40079	4901.57	23.02	71.6537	identical
1420710	512	512	512	svt-rs-420	2	55.0	52103	9013.21	54.28	77.4886	identical
1420710	512	512	512	zenravif-420	2	60.0	46563	3281.11	20.26	74.8129	identical
1420710	512	512	512	zenravif-444	2	60.0	47985	3626.22	36.47	75.6787	identical
1420710	512	512	512	svt-rs-420	2	60.0	64559	8747.75	64.17	81.4743	identical
1420710	512	512	512	zenravif-420	2	65.0	54701	3469.73	31.65	77.6525	identical
1420710	512	512	512	zenravif-444	2	65.0	56643	4112.42	25.76	78.8057	identical
1420710	512	512	512	svt-rs-420	2	65.0	73460	6580.78	51.78	83.6123	identical
1420710	512	512	512	zenravif-420	2	70.0	62564	3588.22	189.28	80.1814	identical
1420710	512	512	512	zenravif-444	2	70.0	65508	4310.66	203.80	81.4827	identical
1420710	512	512	512	svt-rs-420	2	70.0	81433	6703.40	46.19	85.1735	identical
1420710	512	512	512	zenravif-420	2	75.0	77261	4117.74	36.96	83.8464	identical
1420710	512	512	512	zenravif-444	2	75.0	81934	4573.31	30.86	85.2070	identical
1420710	512	512	512	svt-rs-420	2	75.0	90510	5159.90	44.32	86.7319	identical
1420710	512	512	512	zenravif-420	2	80.0	89178	4357.41	34.61	86.0847	identical
1420710	512	512	512	zenravif-444	2	80.0	95571	4900.16	30.80	87.4488	identical
1420710	512	512	512	svt-rs-420	2	80.0	104422	3875.58	24.93	88.6377	identical
1420710	512	512	512	zenravif-420	2	85.0	104047	5040.15	57.91	88.1893	identical
1420710	512	512	512	zenravif-444	2	85.0	114086	5240.76	39.27	89.6420	identical
1420710	512	512	512	svt-rs-420	2	85.0	119513	3931.44	57.20	90.0458	identical
1420710	512	512	512	zenravif-420	2	90.0	127077	4806.96	48.51	90.3648	identical
1420710	512	512	512	zenravif-444	2	90.0	144482	5335.99	60.92	91.8663	identical
1420710	512	512	512	svt-rs-420	2	90.0	150571	4217.90	59.09	92.1444	identical
1420710	512	512	512	zenravif-420	2	95.0	163338	5532.48	73.45	92.4271	identical
1420710	512	512	512	zenravif-444	2	95.0	199390	5917.48	73.78	94.1086	identical
1420710	512	512	512	svt-rs-420	2	95.0	189949	4484.66	55.18	93.4337	identical
1420710	512	512	512	zenravif-420	2	100.0	268425	4489.12	59.46	94.3645	identical
1420710	512	512	512	zenravif-444	2	100.0	417265	5275.30	129.36	96.6111	identical
1420710	512	512	512	svt-rs-420	2	100.0	320697	1790.91	30.44	-1070.4531	identical
1420710	512	512	512	zenravif-420	6	5.0	4814	371.81	42.23	-17.2835	identical
1420710	512	512	512	zenravif-444	6	5.0	4782	447.30	63.28	-18.0777	identical
1420710	512	512	512	svt-rs-420	6	5.0	3944	36.39	52.55	-15.1581	identical
1420710	512	512	512	zenravif-420	6	10.0	5509	369.99	30.10	-8.2804	identical
1420710	512	512	512	zenravif-444	6	10.0	5491	490.31	53.96	-9.7059	identical
1420710	512	512	512	svt-rs-420	6	10.0	5663	39.62	39.25	3.2990	identical
1420710	512	512	512	zenravif-420	6	15.0	6938	374.88	38.88	5.5465	identical
1420710	512	512	512	zenravif-444	6	15.0	6878	512.32	37.33	4.4951	identical
1420710	512	512	512	svt-rs-420	6	15.0	7725	48.58	44.41	18.5596	identical
1420710	512	512	512	zenravif-420	6	20.0	9244	429.06	52.86	20.3397	identical
1420710	512	512	512	zenravif-444	6	20.0	9192	597.45	45.76	19.0832	identical
1420710	512	512	512	svt-rs-420	6	20.0	10016	68.18	28.77	30.0489	identical
1420710	512	512	512	zenravif-420	6	25.0	11569	448.92	37.71	31.4399	identical
1420710	512	512	512	zenravif-444	6	25.0	11535	603.18	50.94	30.0450	identical
1420710	512	512	512	svt-rs-420	6	25.0	12690	47.49	31.32	38.8268	identical
1420710	512	512	512	zenravif-420	6	30.0	14832	457.67	30.32	41.2689	identical
1420710	512	512	512	zenravif-444	6	30.0	14786	630.27	33.93	40.5125	identical
1420710	512	512	512	svt-rs-420	6	30.0	16238	49.09	28.82	46.6614	identical
1420710	512	512	512	zenravif-420	6	35.0	18314	475.07	36.99	49.1284	identical
1420710	512	512	512	zenravif-444	6	35.0	18365	743.09	46.69	48.3463	identical
1420710	512	512	512	svt-rs-420	6	35.0	22943	64.45	24.74	56.1309	identical
1420710	512	512	512	zenravif-420	6	40.0	23427	494.91	46.16	56.4858	identical
1420710	512	512	512	zenravif-444	6	40.0	23555	804.84	25.67	56.4696	identical
1420710	512	512	512	svt-rs-420	6	40.0	29013	73.94	12.69	62.7662	identical
1420710	512	512	512	zenravif-420	6	45.0	28907	546.17	33.45	62.3300	identical
1420710	512	512	512	zenravif-444	6	45.0	29298	765.00	29.04	62.6229	identical
1420710	512	512	512	svt-rs-420	6	45.0	36067	83.31	32.39	67.5837	identical
1420710	512	512	512	zenravif-420	6	50.0	35248	411.48	14.52	67.0039	identical
1420710	512	512	512	zenravif-444	6	50.0	35865	523.20	16.98	67.7176	identical
1420710	512	512	512	svt-rs-420	6	50.0	43775	84.36	31.53	71.8772	identical
1420710	512	512	512	zenravif-420	6	55.0	42005	392.16	15.50	71.3530	identical
1420710	512	512	512	zenravif-444	6	55.0	43078	562.00	13.93	72.3267	identical
1420710	512	512	512	svt-rs-420	6	55.0	54020	92.69	18.40	75.9436	identical
1420710	512	512	512	zenravif-420	6	60.0	49533	412.29	18.76	75.0975	identical
1420710	512	512	512	zenravif-444	6	60.0	50982	600.71	21.17	76.1263	identical
1420710	512	512	512	svt-rs-420	6	60.0	67166	94.29	42.45	80.0138	identical
1420710	512	512	512	zenravif-420	6	65.0	57940	455.15	30.37	77.9898	identical
1420710	512	512	512	zenravif-444	6	65.0	60048	665.80	21.84	79.3139	identical
1420710	512	512	512	svt-rs-420	6	65.0	76459	107.13	28.58	82.2445	identical
1420710	512	512	512	zenravif-420	6	70.0	65612	492.20	15.66	80.3441	identical
1420710	512	512	512	zenravif-444	6	70.0	68677	674.56	29.67	81.7481	identical
1420710	512	512	512	svt-rs-420	6	70.0	84936	108.91	23.65	84.1319	identical
1420710	512	512	512	zenravif-420	6	75.0	80682	546.20	18.58	84.0024	identical
1420710	512	512	512	zenravif-444	6	75.0	85768	741.73	24.36	85.4939	identical
1420710	512	512	512	svt-rs-420	6	75.0	94972	97.99	24.80	85.9390	identical
1420710	512	512	512	zenravif-420	6	80.0	93095	571.43	21.60	86.3605	identical
1420710	512	512	512	zenravif-444	6	80.0	99868	762.78	27.18	87.6854	identical
1420710	512	512	512	svt-rs-420	6	80.0	108574	117.80	23.44	87.8673	identical
1420710	512	512	512	zenravif-420	6	85.0	107903	581.67	22.17	88.3245	identical
1420710	512	512	512	zenravif-444	6	85.0	118616	839.88	34.10	89.6652	identical
1420710	512	512	512	svt-rs-420	6	85.0	124127	86.86	28.58	89.0798	identical
1420710	512	512	512	zenravif-420	6	90.0	131231	614.11	22.60	90.4340	identical
1420710	512	512	512	zenravif-444	6	90.0	149830	897.28	28.98	91.9185	identical
1420710	512	512	512	svt-rs-420	6	90.0	156805	72.63	36.86	91.4658	identical
1420710	512	512	512	zenravif-420	6	95.0	168496	693.13	33.77	92.4109	identical
1420710	512	512	512	zenravif-444	6	95.0	207598	1009.33	59.92	94.1041	identical
1420710	512	512	512	svt-rs-420	6	95.0	197205	82.26	35.92	93.0238	identical
1420710	512	512	512	zenravif-420	6	100.0	273661	821.89	49.96	94.3098	identical
1420710	512	512	512	zenravif-444	6	100.0	419569	1355.53	46.43	96.3906	identical
1420710	512	512	512	svt-rs-420	6	100.0	346726	93.85	23.35	-859.0462	identical
1420710	512	512	512	zenravif-420	9	5.0	4794	140.83	58.60	-16.7713	identical
1420710	512	512	512	zenravif-444	9	5.0	4789	183.95	58.47	-17.6429	identical
1420710	512	512	512	svt-rs-420	9	5.0	4285	23.50	24.34	-17.9653	identical
1420710	512	512	512	zenravif-420	9	10.0	5522	145.58	44.62	-9.1224	identical
1420710	512	512	512	zenravif-444	9	10.0	5505	219.62	54.13	-10.4721	identical
1420710	512	512	512	svt-rs-420	9	10.0	6004	25.20	37.21	2.5049	identical
1420710	512	512	512	zenravif-420	9	15.0	6962	160.06	52.54	5.1802	identical
1420710	512	512	512	zenravif-444	9	15.0	6903	200.31	69.67	4.9380	identical
1420710	512	512	512	svt-rs-420	9	15.0	8210	26.14	50.54	17.6995	identical
1420710	512	512	512	zenravif-420	9	20.0	9290	167.52	45.34	20.7851	identical
1420710	512	512	512	zenravif-444	9	20.0	9233	246.37	36.79	19.2515	identical
1420710	512	512	512	svt-rs-420	9	20.0	10606	27.29	27.81	30.8281	identical
1420710	512	512	512	zenravif-420	9	25.0	11590	172.81	23.87	30.8121	identical
1420710	512	512	512	zenravif-444	9	25.0	11609	289.70	25.93	29.7442	identical
1420710	512	512	512	svt-rs-420	9	25.0	13524	29.37	42.63	40.2425	identical
1420710	512	512	512	zenravif-420	9	30.0	14901	173.51	46.08	41.2152	identical
1420710	512	512	512	zenravif-444	9	30.0	14919	252.28	29.67	40.9064	identical
1420710	512	512	512	svt-rs-420	9	30.0	17169	33.25	36.70	47.9810	identical
1420710	512	512	512	zenravif-420	9	35.0	18453	187.50	37.65	48.8006	identical
1420710	512	512	512	zenravif-444	9	35.0	18524	272.28	48.22	48.5548	identical
1420710	512	512	512	svt-rs-420	9	35.0	23385	36.44	35.77	56.7468	identical
1420710	512	512	512	zenravif-420	9	40.0	23652	201.14	41.57	56.5138	identical
1420710	512	512	512	zenravif-444	9	40.0	23893	286.81	29.44	56.9423	identical
1420710	512	512	512	svt-rs-420	9	40.0	29473	38.50	26.67	62.9157	identical
1420710	512	512	512	zenravif-420	9	45.0	29249	211.65	25.77	62.6333	identical
1420710	512	512	512	zenravif-444	9	45.0	29673	326.51	30.38	62.7427	identical
1420710	512	512	512	svt-rs-420	9	45.0	36680	39.54	32.14	67.5103	identical
1420710	512	512	512	zenravif-420	9	50.0	35796	132.92	24.98	67.0354	identical
1420710	512	512	512	zenravif-444	9	50.0	36548	196.28	29.34	67.7705	identical
1420710	512	512	512	svt-rs-420	9	50.0	44604	45.61	42.21	72.1178	identical
1420710	512	512	512	zenravif-420	9	55.0	42723	137.11	19.19	71.3209	identical
1420710	512	512	512	zenravif-444	9	55.0	43947	205.47	14.23	71.9569	identical
1420710	512	512	512	svt-rs-420	9	55.0	54762	42.94	44.46	76.3978	identical
1420710	512	512	512	zenravif-420	9	60.0	50476	138.20	24.31	74.8330	identical
1420710	512	512	512	zenravif-444	9	60.0	52120	202.82	17.63	75.6692	identical
1420710	512	512	512	svt-rs-420	9	60.0	67717	46.84	42.75	80.1648	identical
1420710	512	512	512	zenravif-420	9	65.0	59124	145.80	22.55	77.9792	identical
1420710	512	512	512	zenravif-444	9	65.0	61638	214.56	15.81	79.0361	identical
1420710	512	512	512	svt-rs-420	9	65.0	76866	54.23	18.58	82.5967	identical
1420710	512	512	512	zenravif-420	9	70.0	66949	165.67	26.06	80.3807	identical
1420710	512	512	512	zenravif-444	9	70.0	70511	243.56	16.73	81.5483	identical
1420710	512	512	512	svt-rs-420	9	70.0	85158	50.87	29.08	84.2873	identical
1420710	512	512	512	zenravif-420	9	75.0	82631	189.23	16.12	83.9883	identical
1420710	512	512	512	zenravif-444	9	75.0	88457	241.40	17.64	85.2038	identical
1420710	512	512	512	svt-rs-420	9	75.0	94991	50.48	47.13	86.0047	identical
1420710	512	512	512	zenravif-420	9	80.0	95433	179.39	22.55	85.9929	identical
1420710	512	512	512	zenravif-444	9	80.0	103303	245.95	18.40	87.5721	identical
1420710	512	512	512	svt-rs-420	9	80.0	109106	53.30	41.50	87.8735	identical
1420710	512	512	512	zenravif-420	9	85.0	110917	192.13	17.05	88.1538	identical
1420710	512	512	512	zenravif-444	9	85.0	122939	280.18	27.30	89.6270	identical
1420710	512	512	512	svt-rs-420	9	85.0	124848	51.92	15.11	89.3414	identical
1420710	512	512	512	zenravif-420	9	90.0	135110	189.45	20.17	90.4149	identical
1420710	512	512	512	zenravif-444	9	90.0	155137	292.72	21.60	91.8633	identical
1420710	512	512	512	svt-rs-420	9	90.0	157134	43.96	29.56	91.6241	identical
1420710	512	512	512	zenravif-420	9	95.0	173629	201.48	24.07	92.2475	identical
1420710	512	512	512	zenravif-444	9	95.0	214960	314.24	38.64	94.0144	identical
1420710	512	512	512	svt-rs-420	9	95.0	198168	43.60	32.68	93.0952	identical
1420710	512	512	512	zenravif-420	9	100.0	274604	252.93	37.26	94.1140	identical
1420710	512	512	512	zenravif-444	9	100.0	421822	420.27	65.95	96.2803	identical
1420710	512	512	512	svt-rs-420	9	100.0	348085	54.61	24.94	-882.5717	identical
1475938	512	512	512	zenravif-420	2	5.0	1735	1554.76	49.45	-2.1625	identical
1475938	512	512	512	zenravif-444	2	5.0	1669	1492.68	48.00	-5.5092	identical
1475938	512	512	512	svt-rs-420	2	5.0	1249	1773.99	21.42	-12.9131	identical
1475938	512	512	512	zenravif-420	2	10.0	1877	1816.53	34.89	2.4788	identical
1475938	512	512	512	zenravif-444	2	10.0	1866	2079.39	32.26	1.0409	identical
1475938	512	512	512	svt-rs-420	2	10.0	1761	1988.99	28.86	2.6394	identical
1475938	512	512	512	zenravif-420	2	15.0	2269	1786.91	30.75	12.4684	identical
1475938	512	512	512	zenravif-444	2	15.0	2303	1985.08	30.86	11.3914	identical
1475938	512	512	512	svt-rs-420	2	15.0	2380	2217.14	18.21	15.8740	identical
1475938	512	512	512	zenravif-420	2	20.0	2897	1769.43	61.79	23.2344	identical
1475938	512	512	512	zenravif-444	2	20.0	2894	2045.89	35.44	21.8914	identical
1475938	512	512	512	svt-rs-420	2	20.0	2919	2209.15	17.29	24.1949	identical
1475938	512	512	512	zenravif-420	2	25.0	3463	1695.74	20.83	30.7363	identical
1475938	512	512	512	zenravif-444	2	25.0	3487	2305.26	49.29	30.8022	identical
1475938	512	512	512	svt-rs-420	2	25.0	3501	2238.43	10.54	31.0272	identical
1475938	512	512	512	zenravif-420	2	30.0	4290	1896.56	37.10	39.9093	identical
1475938	512	512	512	zenravif-444	2	30.0	4277	2220.54	44.30	39.4271	identical
1475938	512	512	512	svt-rs-420	2	30.0	4233	2686.68	28.89	38.4918	identical
1475938	512	512	512	zenravif-420	2	35.0	5111	1949.82	39.28	46.4219	identical
1475938	512	512	512	zenravif-444	2	35.0	5217	2384.54	40.56	46.5390	identical
1475938	512	512	512	svt-rs-420	2	35.0	5377	2761.28	33.28	48.2576	identical
1475938	512	512	512	zenravif-420	2	40.0	6136	2353.05	57.25	53.3126	identical
1475938	512	512	512	zenravif-444	2	40.0	6308	2642.54	50.81	53.5150	identical
1475938	512	512	512	svt-rs-420	2	40.0	6415	2800.18	32.58	53.8522	identical
1475938	512	512	512	zenravif-420	2	45.0	7456	2463.19	44.10	59.6456	identical
1475938	512	512	512	zenravif-444	2	45.0	7688	2723.28	52.76	59.3944	identical
1475938	512	512	512	svt-rs-420	2	45.0	7729	2753.36	27.43	60.0553	identical
1475938	512	512	512	zenravif-420	2	50.0	8811	2370.27	12.15	63.9979	identical
1475938	512	512	512	zenravif-444	2	50.0	9134	2636.26	20.91	64.4871	identical
1475938	512	512	512	svt-rs-420	2	50.0	9057	2718.16	28.86	65.1395	identical
1475938	512	512	512	zenravif-420	2	55.0	10211	2329.89	13.38	68.5257	identical
1475938	512	512	512	zenravif-444	2	55.0	10631	2703.00	13.98	69.7227	identical
1475938	512	512	512	svt-rs-420	2	55.0	10681	2873.50	36.07	69.3421	identical
1475938	512	512	512	zenravif-420	2	60.0	11865	2624.04	12.26	72.6726	identical
1475938	512	512	512	zenravif-444	2	60.0	12374	2860.50	33.35	72.8916	identical
1475938	512	512	512	svt-rs-420	2	60.0	12988	2518.00	22.65	74.8232	identical
1475938	512	512	512	zenravif-420	2	65.0	13943	2464.74	24.34	75.8460	identical
1475938	512	512	512	zenravif-444	2	65.0	14469	2698.28	14.20	77.1574	identical
1475938	512	512	512	svt-rs-420	2	65.0	14703	2316.22	24.43	77.5686	identical
1475938	512	512	512	zenravif-420	2	70.0	15467	2660.19	20.68	78.5780	identical
1475938	512	512	512	zenravif-444	2	70.0	16284	2790.23	18.83	79.2752	identical
1475938	512	512	512	svt-rs-420	2	70.0	16332	2381.51	29.00	79.3992	identical
1475938	512	512	512	zenravif-420	2	75.0	18825	2628.53	23.00	81.5793	identical
1475938	512	512	512	zenravif-444	2	75.0	20398	2951.70	15.11	82.8009	identical
1475938	512	512	512	svt-rs-420	2	75.0	18250	2093.34	31.38	81.2926	identical
1475938	512	512	512	zenravif-420	2	80.0	21907	2824.45	31.94	83.6675	identical
1475938	512	512	512	zenravif-444	2	80.0	24013	3237.83	20.43	85.1103	identical
1475938	512	512	512	svt-rs-420	2	80.0	21518	1908.27	31.05	83.5273	identical
1475938	512	512	512	zenravif-420	2	85.0	25814	2935.98	15.29	85.5771	identical
1475938	512	512	512	zenravif-444	2	85.0	28903	3544.40	31.28	86.8898	identical
1475938	512	512	512	svt-rs-420	2	85.0	25210	1808.91	28.47	85.3117	identical
1475938	512	512	512	zenravif-420	2	90.0	32745	3290.09	17.71	87.4309	identical
1475938	512	512	512	zenravif-444	2	90.0	37947	3703.22	27.16	89.2592	identical
1475938	512	512	512	svt-rs-420	2	90.0	33796	1893.88	18.91	87.9540	identical
1475938	512	512	512	zenravif-420	2	95.0	48153	4376.57	29.34	89.1465	identical
1475938	512	512	512	zenravif-444	2	95.0	58924	4616.68	37.50	91.4617	identical
1475938	512	512	512	svt-rs-420	2	95.0	47447	2247.55	16.38	89.3222	identical
1475938	512	512	512	zenravif-420	2	100.0	108252	2537.86	29.12	90.6161	identical
1475938	512	512	512	zenravif-444	2	100.0	166953	3122.21	64.35	93.4524	identical
1475938	512	512	512	svt-rs-420	2	100.0	132206	1642.50	23.12	-541.3004	identical
1475938	512	512	512	zenravif-420	6	5.0	1951	286.66	39.42	-5.8577	identical
1475938	512	512	512	zenravif-444	6	5.0	1894	435.09	57.50	-7.5050	identical
1475938	512	512	512	svt-rs-420	6	5.0	1281	29.04	50.87	-18.6524	identical
1475938	512	512	512	zenravif-420	6	10.0	2170	353.99	43.91	-0.2681	identical
1475938	512	512	512	zenravif-444	6	10.0	2177	394.10	48.51	-0.8115	identical
1475938	512	512	512	svt-rs-420	6	10.0	1776	29.97	24.29	-2.1386	identical
1475938	512	512	512	zenravif-420	6	15.0	2691	287.42	28.82	10.9911	identical
1475938	512	512	512	zenravif-444	6	15.0	2694	415.70	41.21	9.2492	identical
1475938	512	512	512	svt-rs-420	6	15.0	2367	35.41	33.64	8.5929	identical
1475938	512	512	512	zenravif-420	6	20.0	3319	307.76	49.05	21.4667	identical
1475938	512	512	512	zenravif-444	6	20.0	3287	462.98	29.06	19.2073	identical
1475938	512	512	512	svt-rs-420	6	20.0	2976	39.13	28.01	18.6404	identical
1475938	512	512	512	zenravif-420	6	25.0	3901	349.54	49.44	28.6945	identical
1475938	512	512	512	zenravif-444	6	25.0	3939	529.11	51.39	27.8691	identical
1475938	512	512	512	svt-rs-420	6	25.0	3776	40.48	40.40	26.9292	identical
1475938	512	512	512	zenravif-420	6	30.0	4748	335.13	26.97	38.8069	identical
1475938	512	512	512	zenravif-444	6	30.0	4792	522.12	47.27	38.9210	identical
1475938	512	512	512	svt-rs-420	6	30.0	4668	44.07	36.68	36.3747	identical
1475938	512	512	512	zenravif-420	6	35.0	5723	344.79	53.14	45.6721	identical
1475938	512	512	512	zenravif-444	6	35.0	5784	501.54	28.71	45.4719	identical
1475938	512	512	512	svt-rs-420	6	35.0	6028	45.59	46.44	44.8099	identical
1475938	512	512	512	zenravif-420	6	40.0	6789	393.67	47.39	52.7809	identical
1475938	512	512	512	zenravif-444	6	40.0	6913	541.36	53.06	53.1253	identical
1475938	512	512	512	svt-rs-420	6	40.0	7276	45.54	40.60	51.5295	identical
1475938	512	512	512	zenravif-420	6	45.0	8206	389.45	45.35	58.0535	identical
1475938	512	512	512	zenravif-444	6	45.0	8421	544.73	42.50	59.1709	identical
1475938	512	512	512	svt-rs-420	6	45.0	8807	48.92	47.12	57.8972	identical
1475938	512	512	512	zenravif-420	6	50.0	9683	259.96	18.72	63.9908	identical
1475938	512	512	512	zenravif-444	6	50.0	9894	375.36	11.64	64.4783	identical
1475938	512	512	512	svt-rs-420	6	50.0	10408	51.78	27.68	64.4037	identical
1475938	512	512	512	zenravif-420	6	55.0	11169	291.62	10.17	68.1862	identical
1475938	512	512	512	zenravif-444	6	55.0	11519	401.78	11.71	68.9469	identical
1475938	512	512	512	svt-rs-420	6	55.0	12290	58.48	24.27	68.9784	identical
1475938	512	512	512	zenravif-420	6	60.0	12931	300.51	10.53	71.6906	identical
1475938	512	512	512	zenravif-444	6	60.0	13462	385.15	13.21	73.1062	identical
1475938	512	512	512	svt-rs-420	6	60.0	14945	57.74	32.14	74.2314	identical
1475938	512	512	512	zenravif-420	6	65.0	15242	324.00	21.69	75.7388	identical
1475938	512	512	512	zenravif-444	6	65.0	15926	406.16	13.44	77.0412	identical
1475938	512	512	512	svt-rs-420	6	65.0	16800	62.83	28.41	76.5767	identical
1475938	512	512	512	zenravif-420	6	70.0	16999	318.28	9.36	78.0411	identical
1475938	512	512	512	zenravif-444	6	70.0	18013	404.28	13.37	78.8907	identical
1475938	512	512	512	svt-rs-420	6	70.0	18711	60.04	26.81	78.8788	identical
1475938	512	512	512	zenravif-420	6	75.0	20921	307.25	12.38	81.5517	identical
1475938	512	512	512	zenravif-444	6	75.0	22533	446.70	34.14	82.8241	identical
1475938	512	512	512	svt-rs-420	6	75.0	20901	63.52	22.78	80.9966	identical
1475938	512	512	512	zenravif-420	6	80.0	24229	317.69	13.28	83.6736	identical
1475938	512	512	512	zenravif-444	6	80.0	26576	443.83	13.45	84.8512	identical
1475938	512	512	512	svt-rs-420	6	80.0	24253	63.45	28.02	83.5370	identical
1475938	512	512	512	zenravif-420	6	85.0	28713	341.57	27.49	85.2657	identical
1475938	512	512	512	zenravif-444	6	85.0	32165	533.42	19.03	86.7621	identical
1475938	512	512	512	svt-rs-420	6	85.0	28527	78.53	28.17	85.1264	identical
1475938	512	512	512	zenravif-420	6	90.0	36329	342.58	13.96	87.4146	identical
1475938	512	512	512	zenravif-444	6	90.0	42089	508.19	36.93	89.1825	identical
1475938	512	512	512	svt-rs-420	6	90.0	38053	64.64	14.71	87.7353	identical
1475938	512	512	512	zenravif-420	6	95.0	52709	387.34	22.46	89.1233	identical
1475938	512	512	512	zenravif-444	6	95.0	64728	570.70	28.92	91.3303	identical
1475938	512	512	512	svt-rs-420	6	95.0	55045	78.82	21.12	89.1590	identical
1475938	512	512	512	zenravif-420	6	100.0	106823	526.70	30.89	90.4412	identical
1475938	512	512	512	zenravif-444	6	100.0	166700	805.28	33.17	93.1514	identical
1475938	512	512	512	svt-rs-420	6	100.0	155453	128.28	32.64	-245.3317	identical
1475938	512	512	512	zenravif-420	9	5.0	1931	100.01	24.32	-6.6281	identical
1475938	512	512	512	zenravif-444	9	5.0	1898	151.19	25.67	-7.0434	identical
1475938	512	512	512	svt-rs-420	9	5.0	1352	15.72	31.53	-21.2889	identical
1475938	512	512	512	zenravif-420	9	10.0	2172	127.99	38.73	-0.5907	identical
1475938	512	512	512	zenravif-444	9	10.0	2160	159.47	58.28	-2.3216	identical
1475938	512	512	512	svt-rs-420	9	10.0	1810	18.32	43.63	-2.8866	identical
1475938	512	512	512	zenravif-420	9	15.0	2645	118.01	40.61	10.7913	identical
1475938	512	512	512	zenravif-444	9	15.0	2651	163.54	55.86	9.6965	identical
1475938	512	512	512	svt-rs-420	9	15.0	2387	18.43	33.09	8.1945	identical
1475938	512	512	512	zenravif-420	9	20.0	3314	113.29	49.33	20.2204	identical
1475938	512	512	512	zenravif-444	9	20.0	3316	166.53	33.55	19.2453	identical
1475938	512	512	512	svt-rs-420	9	20.0	3015	20.38	26.81	16.8941	identical
1475938	512	512	512	zenravif-420	9	25.0	3947	121.23	41.49	28.2403	identical
1475938	512	512	512	zenravif-444	9	25.0	3980	178.95	45.00	26.4730	identical
1475938	512	512	512	svt-rs-420	9	25.0	3803	19.87	31.86	24.9840	identical
1475938	512	512	512	zenravif-420	9	30.0	4892	120.08	39.19	37.5842	identical
1475938	512	512	512	zenravif-444	9	30.0	4943	189.39	47.99	37.1956	identical
1475938	512	512	512	svt-rs-420	9	30.0	4758	20.59	26.66	34.8465	identical
1475938	512	512	512	zenravif-420	9	35.0	5956	126.48	34.98	45.3740	identical
1475938	512	512	512	zenravif-444	9	35.0	6022	190.26	51.56	45.0568	identical
1475938	512	512	512	svt-rs-420	9	35.0	6367	22.63	27.35	43.8313	identical
1475938	512	512	512	zenravif-420	9	40.0	7243	126.61	27.26	51.5075	identical
1475938	512	512	512	zenravif-444	9	40.0	7373	199.16	39.87	52.0301	identical
1475938	512	512	512	svt-rs-420	9	40.0	7801	25.31	41.74	51.6638	identical
1475938	512	512	512	zenravif-420	9	45.0	8849	133.93	28.53	57.7445	identical
1475938	512	512	512	zenravif-444	9	45.0	9078	195.56	60.03	58.2504	identical
1475938	512	512	512	svt-rs-420	9	45.0	9518	22.55	27.20	57.4296	identical
1475938	512	512	512	zenravif-420	9	50.0	10508	87.43	13.64	62.7655	identical
1475938	512	512	512	zenravif-444	9	50.0	10845	129.50	9.56	63.6762	identical
1475938	512	512	512	svt-rs-420	9	50.0	11339	23.03	30.46	63.6035	identical
1475938	512	512	512	zenravif-420	9	55.0	12354	90.20	8.39	67.0235	identical
1475938	512	512	512	zenravif-444	9	55.0	12864	148.87	9.61	68.3752	identical
1475938	512	512	512	svt-rs-420	9	55.0	13621	23.01	21.07	68.2360	identical
1475938	512	512	512	zenravif-420	9	60.0	14481	93.01	9.82	70.8707	identical
1475938	512	512	512	zenravif-444	9	60.0	15101	140.02	11.46	71.9485	identical
1475938	512	512	512	svt-rs-420	9	60.0	16609	24.62	19.56	73.2567	identical
1475938	512	512	512	zenravif-420	9	65.0	17177	97.85	8.77	74.7395	identical
1475938	512	512	512	zenravif-444	9	65.0	18099	152.12	11.09	75.6480	identical
1475938	512	512	512	svt-rs-420	9	65.0	18877	28.88	16.89	76.0544	identical
1475938	512	512	512	zenravif-420	9	70.0	19339	98.23	7.75	77.3005	identical
1475938	512	512	512	zenravif-444	9	70.0	20585	160.24	10.99	78.5745	identical
1475938	512	512	512	svt-rs-420	9	70.0	21006	25.32	25.10	78.4904	identical
1475938	512	512	512	zenravif-420	9	75.0	23846	102.49	13.08	81.3173	identical
1475938	512	512	512	zenravif-444	9	75.0	25834	198.18	42.05	82.1870	identical
1475938	512	512	512	svt-rs-420	9	75.0	23476	26.38	18.17	80.7667	identical
1475938	512	512	512	zenravif-420	9	80.0	27736	112.00	9.99	83.2955	identical
1475938	512	512	512	zenravif-444	9	80.0	30678	183.59	15.46	84.4089	identical
1475938	512	512	512	svt-rs-420	9	80.0	27494	28.73	19.22	83.1134	identical
1475938	512	512	512	zenravif-420	9	85.0	32938	116.08	9.65	85.1213	identical
1475938	512	512	512	zenravif-444	9	85.0	37138	182.24	12.13	86.6701	identical
1475938	512	512	512	svt-rs-420	9	85.0	32143	28.79	28.97	85.0655	identical
1475938	512	512	512	zenravif-420	9	90.0	41396	126.66	14.63	87.0276	identical
1475938	512	512	512	zenravif-444	9	90.0	48360	193.09	30.60	88.8775	identical
1475938	512	512	512	svt-rs-420	9	90.0	42234	24.47	15.07	87.4113	identical
1475938	512	512	512	zenravif-420	9	95.0	58725	136.51	17.38	89.1007	identical
1475938	512	512	512	zenravif-444	9	95.0	72741	211.02	13.40	91.3238	identical
1475938	512	512	512	svt-rs-420	9	95.0	60165	28.25	14.71	89.1488	identical
1475938	512	512	512	zenravif-420	9	100.0	112110	181.89	21.83	90.3612	identical
1475938	512	512	512	zenravif-444	9	100.0	175365	317.98	23.73	93.0064	identical
1475938	512	512	512	svt-rs-420	9	100.0	160210	42.47	35.44	-344.2363	identical
1531677	512	512	512	zenravif-420	2	5.0	2739	1133.36	27.36	-44.7166	identical
1531677	512	512	512	zenravif-444	2	5.0	2752	1247.29	49.37	-44.3005	identical
1531677	512	512	512	svt-rs-420	2	5.0	2188	4044.14	35.76	-50.5592	identical
1531677	512	512	512	zenravif-420	2	10.0	3278	1149.37	40.36	-36.3454	identical
1531677	512	512	512	zenravif-444	2	10.0	3255	1331.24	36.10	-36.3471	identical
1531677	512	512	512	svt-rs-420	2	10.0	3448	4182.75	44.56	-30.1494	identical
1531677	512	512	512	zenravif-420	2	15.0	4236	1273.13	39.84	-23.3630	identical
1531677	512	512	512	zenravif-444	2	15.0	4239	1458.17	62.82	-24.3964	identical
1531677	512	512	512	svt-rs-420	2	15.0	5468	5724.84	25.54	-9.1955	identical
1531677	512	512	512	zenravif-420	2	20.0	5779	1331.25	16.57	-8.8414	identical
1531677	512	512	512	zenravif-444	2	20.0	5774	1713.25	29.73	-10.3669	identical
1531677	512	512	512	svt-rs-420	2	20.0	7218	5933.37	37.26	4.1590	identical
1531677	512	512	512	zenravif-420	2	25.0	7565	1625.25	20.19	4.5690	identical
1531677	512	512	512	zenravif-444	2	25.0	7501	1922.06	36.16	3.5703	identical
1531677	512	512	512	svt-rs-420	2	25.0	9658	6210.16	49.73	16.5266	identical
1531677	512	512	512	zenravif-420	2	30.0	10119	1845.31	33.21	16.9313	identical
1531677	512	512	512	zenravif-444	2	30.0	10169	2156.60	48.17	16.4160	identical
1531677	512	512	512	svt-rs-420	2	30.0	12587	7244.79	29.98	26.1948	identical
1531677	512	512	512	zenravif-420	2	35.0	13284	2003.32	30.45	28.1741	identical
1531677	512	512	512	zenravif-444	2	35.0	13293	2229.67	37.94	28.4813	identical
1531677	512	512	512	svt-rs-420	2	35.0	17975	7934.84	19.61	41.7227	identical
1531677	512	512	512	zenravif-420	2	40.0	16989	2153.61	36.88	38.1335	identical
1531677	512	512	512	zenravif-444	2	40.0	17070	2605.42	28.99	38.3164	identical
1531677	512	512	512	svt-rs-420	2	40.0	22606	6694.60	43.33	50.3556	identical
1531677	512	512	512	zenravif-420	2	45.0	21625	2414.12	28.44	47.2687	identical
1531677	512	512	512	zenravif-444	2	45.0	21759	2816.66	39.58	47.3367	identical
1531677	512	512	512	svt-rs-420	2	45.0	28478	6528.86	40.35	58.5178	identical
1531677	512	512	512	zenravif-420	2	50.0	26912	2096.55	15.47	55.1600	identical
1531677	512	512	512	zenravif-444	2	50.0	27235	2350.22	26.75	55.8831	identical
1531677	512	512	512	svt-rs-420	2	50.0	34909	7112.32	25.38	64.6598	identical
1531677	512	512	512	zenravif-420	2	55.0	33023	2364.93	15.98	62.0593	identical
1531677	512	512	512	zenravif-444	2	55.0	33399	2532.44	24.92	62.7188	identical
1531677	512	512	512	svt-rs-420	2	55.0	42236	6596.26	42.06	70.0056	identical
1531677	512	512	512	zenravif-420	2	60.0	39512	2443.64	15.63	67.4186	identical
1531677	512	512	512	zenravif-444	2	60.0	40186	2728.90	44.34	68.1902	identical
1531677	512	512	512	svt-rs-420	2	60.0	52785	6898.02	35.76	75.2527	identical
1531677	512	512	512	zenravif-420	2	65.0	46292	2554.03	18.48	71.7580	identical
1531677	512	512	512	zenravif-444	2	65.0	47183	2932.41	29.42	72.2148	identical
1531677	512	512	512	svt-rs-420	2	65.0	60194	6662.90	32.28	78.1313	identical
1531677	512	512	512	zenravif-420	2	70.0	53156	3002.46	25.72	75.3364	identical
1531677	512	512	512	zenravif-444	2	70.0	54475	3139.70	20.85	76.1971	identical
1531677	512	512	512	svt-rs-420	2	70.0	66715	6393.13	37.44	80.3612	identical
1531677	512	512	512	zenravif-420	2	75.0	66125	3062.82	19.77	79.9240	identical
1531677	512	512	512	zenravif-444	2	75.0	68591	3378.33	18.58	81.0195	identical
1531677	512	512	512	svt-rs-420	2	75.0	74535	5011.64	32.39	82.6003	identical
1531677	512	512	512	zenravif-420	2	80.0	76281	3330.89	20.23	82.8183	identical
1531677	512	512	512	zenravif-444	2	80.0	80151	3532.41	21.98	83.9379	identical
1531677	512	512	512	svt-rs-420	2	80.0	86307	3763.06	33.96	85.4579	identical
1531677	512	512	512	zenravif-420	2	85.0	88999	3544.53	22.36	85.6863	identical
1531677	512	512	512	zenravif-444	2	85.0	95040	3945.69	27.56	87.0245	identical
1531677	512	512	512	svt-rs-420	2	85.0	99212	3787.60	24.62	87.7552	identical
1531677	512	512	512	zenravif-420	2	90.0	109625	3762.80	50.48	88.4477	identical
1531677	512	512	512	zenravif-444	2	90.0	120095	4205.68	45.46	90.0037	identical
1531677	512	512	512	svt-rs-420	2	90.0	125254	4073.53	34.84	90.6826	identical
1531677	512	512	512	zenravif-420	2	95.0	143070	4605.87	46.22	91.3546	identical
1531677	512	512	512	zenravif-444	2	95.0	166336	6397.85	42.52	92.9763	identical
1531677	512	512	512	svt-rs-420	2	95.0	160697	4131.05	59.58	92.7201	identical
1531677	512	512	512	zenravif-420	2	100.0	241113	3978.56	63.61	94.0499	identical
1531677	512	512	512	zenravif-444	2	100.0	352088	4561.89	73.52	95.9857	identical
1531677	512	512	512	svt-rs-420	2	100.0	288410	1722.19	16.57	-859.6218	identical
1531677	512	512	512	zenravif-420	6	5.0	3242	349.81	19.78	-44.1798	identical
1531677	512	512	512	zenravif-444	6	5.0	3195	484.75	34.37	-44.1966	identical
1531677	512	512	512	svt-rs-420	6	5.0	2203	39.01	15.15	-50.5620	identical
1531677	512	512	512	zenravif-420	6	10.0	3683	364.28	30.27	-36.6670	identical
1531677	512	512	512	zenravif-444	6	10.0	3666	477.70	25.74	-37.3614	identical
1531677	512	512	512	svt-rs-420	6	10.0	3331	40.87	28.23	-35.8998	identical
1531677	512	512	512	zenravif-420	6	15.0	4763	368.39	43.97	-23.7537	identical
1531677	512	512	512	zenravif-444	6	15.0	4750	470.05	49.59	-24.1238	identical
1531677	512	512	512	svt-rs-420	6	15.0	5045	45.28	44.36	-16.6550	identical
1531677	512	512	512	zenravif-420	6	20.0	6619	363.25	31.38	-7.2764	identical
1531677	512	512	512	zenravif-444	6	20.0	6557	515.65	35.14	-9.0283	identical
1531677	512	512	512	svt-rs-420	6	20.0	6891	56.89	36.33	-1.3823	identical
1531677	512	512	512	zenravif-420	6	25.0	8625	402.96	29.77	5.7891	identical
1531677	512	512	512	zenravif-444	6	25.0	8628	510.96	33.16	4.4533	identical
1531677	512	512	512	svt-rs-420	6	25.0	9379	55.74	37.38	12.5265	identical
1531677	512	512	512	zenravif-420	6	30.0	11460	393.01	43.06	18.6939	identical
1531677	512	512	512	zenravif-444	6	30.0	11430	542.69	31.05	18.0045	identical
1531677	512	512	512	svt-rs-420	6	30.0	12559	60.19	20.27	25.7157	identical
1531677	512	512	512	zenravif-420	6	35.0	14910	429.70	35.00	30.8170	identical
1531677	512	512	512	zenravif-444	6	35.0	14940	563.66	34.94	30.4605	identical
1531677	512	512	512	svt-rs-420	6	35.0	17933	66.97	38.31	39.9045	identical
1531677	512	512	512	zenravif-420	6	40.0	19030	462.34	32.80	41.2472	identical
1531677	512	512	512	zenravif-444	6	40.0	19091	600.07	37.92	41.5596	identical
1531677	512	512	512	svt-rs-420	6	40.0	22970	67.58	39.20	49.4422	identical
1531677	512	512	512	zenravif-420	6	45.0	24074	465.01	22.84	49.7025	identical
1531677	512	512	512	zenravif-444	6	45.0	24158	630.59	44.92	50.0004	identical
1531677	512	512	512	svt-rs-420	6	45.0	28874	77.80	28.17	56.8822	identical
1531677	512	512	512	zenravif-420	6	50.0	29622	311.51	12.54	56.9216	identical
1531677	512	512	512	zenravif-444	6	50.0	29831	409.74	32.56	57.9115	identical
1531677	512	512	512	svt-rs-420	6	50.0	35231	78.58	25.28	63.1486	identical
1531677	512	512	512	zenravif-420	6	55.0	35925	335.19	13.31	63.5654	identical
1531677	512	512	512	zenravif-444	6	55.0	36441	440.07	15.36	64.5368	identical
1531677	512	512	512	svt-rs-420	6	55.0	43004	87.96	34.00	69.1411	identical
1531677	512	512	512	zenravif-420	6	60.0	42522	337.38	13.21	68.7695	identical
1531677	512	512	512	zenravif-444	6	60.0	43176	469.77	17.13	69.3182	identical
1531677	512	512	512	svt-rs-420	6	60.0	53647	103.06	26.91	74.3484	identical
1531677	512	512	512	zenravif-420	6	65.0	49698	362.34	16.24	72.9737	identical
1531677	512	512	512	zenravif-444	6	65.0	50708	570.02	17.24	73.7719	identical
1531677	512	512	512	svt-rs-420	6	65.0	61331	106.75	36.28	77.6371	identical
1531677	512	512	512	zenravif-420	6	70.0	56956	388.39	16.36	76.0992	identical
1531677	512	512	512	zenravif-444	6	70.0	58369	542.44	28.97	77.2433	identical
1531677	512	512	512	svt-rs-420	6	70.0	68482	101.75	29.36	79.8274	identical
1531677	512	512	512	zenravif-420	6	75.0	69919	437.00	20.69	80.7365	identical
1531677	512	512	512	zenravif-444	6	75.0	72588	617.37	21.27	81.9885	identical
1531677	512	512	512	svt-rs-420	6	75.0	76513	117.89	39.18	81.9604	identical
1531677	512	512	512	zenravif-420	6	80.0	80381	430.88	17.94	83.2941	identical
1531677	512	512	512	zenravif-444	6	80.0	84271	576.33	16.42	84.6923	identical
1531677	512	512	512	svt-rs-420	6	80.0	87928	112.80	45.34	84.8575	identical
1531677	512	512	512	zenravif-420	6	85.0	93356	459.81	26.57	85.8557	identical
1531677	512	512	512	zenravif-444	6	85.0	99551	648.43	22.46	87.4035	identical
1531677	512	512	512	svt-rs-420	6	85.0	101292	109.31	31.15	86.9725	identical
1531677	512	512	512	zenravif-420	6	90.0	113998	469.64	41.65	88.6595	identical
1531677	512	512	512	zenravif-444	6	90.0	124959	661.89	26.15	90.3864	identical
1531677	512	512	512	svt-rs-420	6	90.0	129377	78.70	22.57	89.8433	identical
1531677	512	512	512	zenravif-420	6	95.0	148451	535.69	21.39	91.3491	identical
1531677	512	512	512	zenravif-444	6	95.0	173116	776.43	26.87	92.9636	identical
1531677	512	512	512	svt-rs-420	6	95.0	166406	81.08	33.38	92.1295	identical
1531677	512	512	512	zenravif-420	6	100.0	241070	743.89	61.42	93.8162	identical
1531677	512	512	512	zenravif-444	6	100.0	351300	1113.94	61.20	95.6944	identical
1531677	512	512	512	svt-rs-420	6	100.0	310691	122.05	22.60	-830.1550	identical
1531677	512	512	512	zenravif-420	9	5.0	3207	143.94	23.09	-45.2898	identical
1531677	512	512	512	zenravif-444	9	5.0	3192	174.13	45.50	-45.2167	identical
1531677	512	512	512	svt-rs-420	9	5.0	2424	19.73	38.31	-52.7042	identical
1531677	512	512	512	zenravif-420	9	10.0	3709	233.16	35.48	-36.9155	identical
1531677	512	512	512	zenravif-444	9	10.0	3689	207.08	44.95	-38.1651	identical
1531677	512	512	512	svt-rs-420	9	10.0	3487	24.28	16.61	-37.0414	identical
1531677	512	512	512	zenravif-420	9	15.0	4787	182.05	43.25	-23.8264	identical
1531677	512	512	512	zenravif-444	9	15.0	4771	202.14	54.85	-24.2142	identical
1531677	512	512	512	svt-rs-420	9	15.0	5113	25.33	26.85	-18.7580	identical
1531677	512	512	512	zenravif-420	9	20.0	6607	155.41	34.01	-8.7722	identical
1531677	512	512	512	zenravif-444	9	20.0	6610	201.78	39.41	-9.2208	identical
1531677	512	512	512	svt-rs-420	9	20.0	6993	24.50	38.68	-2.9715	identical
1531677	512	512	512	zenravif-420	9	25.0	8662	163.57	35.53	5.4063	identical
1531677	512	512	512	zenravif-444	9	25.0	8684	215.83	48.62	4.6211	identical
1531677	512	512	512	svt-rs-420	9	25.0	9376	26.15	22.23	11.7426	identical
1531677	512	512	512	zenravif-420	9	30.0	11536	172.27	38.58	19.1973	identical
1531677	512	512	512	zenravif-444	9	30.0	11538	254.07	59.60	18.5510	identical
1531677	512	512	512	svt-rs-420	9	30.0	12523	29.98	45.92	24.4824	identical
1531677	512	512	512	zenravif-420	9	35.0	15077	173.66	33.41	31.7769	identical
1531677	512	512	512	zenravif-444	9	35.0	15137	246.78	41.67	31.7815	identical
1531677	512	512	512	svt-rs-420	9	35.0	17996	28.95	24.35	39.6456	identical
1531677	512	512	512	zenravif-420	9	40.0	19294	173.08	37.78	41.9828	identical
1531677	512	512	512	zenravif-444	9	40.0	19382	244.42	36.59	41.8736	identical
1531677	512	512	512	svt-rs-420	9	40.0	23024	31.94	33.25	48.7386	identical
1531677	512	512	512	zenravif-420	9	45.0	24376	187.85	41.76	50.9853	identical
1531677	512	512	512	zenravif-444	9	45.0	24532	250.27	34.90	50.7274	identical
1531677	512	512	512	svt-rs-420	9	45.0	28959	33.62	28.10	56.5764	identical
1531677	512	512	512	zenravif-420	9	50.0	30108	117.74	20.35	57.4454	identical
1531677	512	512	512	zenravif-444	9	50.0	30367	179.93	12.95	58.1283	identical
1531677	512	512	512	svt-rs-420	9	50.0	35495	35.91	29.63	62.5116	identical
1531677	512	512	512	zenravif-420	9	55.0	36446	122.47	14.01	63.8239	identical
1531677	512	512	512	zenravif-444	9	55.0	36868	174.14	11.94	64.5867	identical
1531677	512	512	512	svt-rs-420	9	55.0	43395	43.17	34.02	68.7002	identical
1531677	512	512	512	zenravif-420	9	60.0	43109	131.97	15.57	69.0130	identical
1531677	512	512	512	zenravif-444	9	60.0	43813	195.01	13.78	69.5421	identical
1531677	512	512	512	svt-rs-420	9	60.0	54338	43.76	33.04	74.5313	identical
1531677	512	512	512	zenravif-420	9	65.0	50435	140.21	13.42	73.0505	identical
1531677	512	512	512	zenravif-444	9	65.0	51593	187.17	28.13	73.9430	identical
1531677	512	512	512	svt-rs-420	9	65.0	61892	48.54	39.30	77.8153	identical
1531677	512	512	512	zenravif-420	9	70.0	57625	140.39	12.33	76.1685	identical
1531677	512	512	512	zenravif-444	9	70.0	59186	207.25	21.07	77.2326	identical
1531677	512	512	512	svt-rs-420	9	70.0	69081	45.47	27.81	80.1002	identical
1531677	512	512	512	zenravif-420	9	75.0	70784	158.25	28.98	80.8875	identical
1531677	512	512	512	zenravif-444	9	75.0	73671	211.93	16.02	81.9132	identical
1531677	512	512	512	svt-rs-420	9	75.0	77012	44.40	31.35	82.3611	identical
1531677	512	512	512	zenravif-420	9	80.0	81431	162.14	12.85	83.5109	identical
1531677	512	512	512	zenravif-444	9	80.0	85757	229.71	18.37	84.5780	identical
1531677	512	512	512	svt-rs-420	9	80.0	88792	48.89	29.43	84.7343	identical
1531677	512	512	512	zenravif-420	9	85.0	94774	163.13	15.17	85.9177	identical
1531677	512	512	512	zenravif-444	9	85.0	101468	239.85	18.62	87.3301	identical
1531677	512	512	512	svt-rs-420	9	85.0	102192	49.87	28.50	86.8980	identical
1531677	512	512	512	zenravif-420	9	90.0	115798	188.22	15.22	88.5054	identical
1531677	512	512	512	zenravif-444	9	90.0	127533	260.51	29.25	90.2043	identical
1531677	512	512	512	svt-rs-420	9	90.0	129736	37.27	26.02	89.8713	identical
1531677	512	512	512	zenravif-420	9	95.0	151226	191.02	26.18	91.3328	identical
1531677	512	512	512	zenravif-444	9	95.0	177567	288.49	32.70	93.0587	identical
1531677	512	512	512	svt-rs-420	9	95.0	166551	40.40	28.79	92.2189	identical
1531677	512	512	512	zenravif-420	9	100.0	241706	244.33	30.16	93.7292	identical
1531677	512	512	512	zenravif-444	9	100.0	353676	394.99	58.14	95.6006	identical
1531677	512	512	512	svt-rs-420	9	100.0	311952	53.98	27.32	-807.8953	identical
1544947	512	512	512	zenravif-420	2	5.0	1798	1402.67	46.40	-16.4782	identical
1544947	512	512	512	zenravif-444	2	5.0	1828	1504.09	35.32	-13.7295	identical
1544947	512	512	512	svt-rs-420	2	5.0	1414	1911.28	34.26	-32.8953	identical
1544947	512	512	512	zenravif-420	2	10.0	2055	1320.62	32.97	-5.5826	identical
1544947	512	512	512	zenravif-444	2	10.0	1999	1590.60	33.52	-7.2831	identical
1544947	512	512	512	svt-rs-420	2	10.0	1763	2021.73	39.53	-12.3499	identical
1544947	512	512	512	zenravif-420	2	15.0	2332	1421.82	31.90	4.3195	identical
1544947	512	512	512	zenravif-444	2	15.0	2330	1703.40	40.33	3.2219	identical
1544947	512	512	512	svt-rs-420	2	15.0	2186	2222.70	52.56	5.7000	identical
1544947	512	512	512	zenravif-420	2	20.0	2824	1717.62	17.72	14.6999	identical
1544947	512	512	512	zenravif-444	2	20.0	2831	1988.19	30.49	15.2660	identical
1544947	512	512	512	svt-rs-420	2	20.0	2632	2207.61	26.92	17.8404	identical
1544947	512	512	512	zenravif-420	2	25.0	3178	1747.58	63.72	25.0130	identical
1544947	512	512	512	zenravif-444	2	25.0	3259	2359.73	56.92	24.0834	identical
1544947	512	512	512	svt-rs-420	2	25.0	3038	2432.27	18.18	25.4042	identical
1544947	512	512	512	zenravif-420	2	30.0	3816	1914.98	28.31	34.0172	identical
1544947	512	512	512	zenravif-444	2	30.0	3848	2319.28	56.59	34.3908	identical
1544947	512	512	512	svt-rs-420	2	30.0	3450	2285.62	23.93	34.0326	identical
1544947	512	512	512	zenravif-420	2	35.0	4425	2314.89	44.19	43.2497	identical
1544947	512	512	512	zenravif-444	2	35.0	4462	2681.92	38.55	42.7618	identical
1544947	512	512	512	svt-rs-420	2	35.0	4234	2421.74	27.46	44.5630	identical
1544947	512	512	512	zenravif-420	2	40.0	5141	2669.18	24.65	50.1178	identical
1544947	512	512	512	zenravif-444	2	40.0	5193	3192.09	59.31	50.7947	identical
1544947	512	512	512	svt-rs-420	2	40.0	5031	2476.64	30.23	52.2794	identical
1544947	512	512	512	zenravif-420	2	45.0	5907	2825.29	24.07	55.6917	identical
1544947	512	512	512	zenravif-444	2	45.0	6114	3273.78	27.69	56.0223	identical
1544947	512	512	512	svt-rs-420	2	45.0	5883	2485.55	37.23	57.7426	identical
1544947	512	512	512	zenravif-420	2	50.0	6930	2306.39	14.94	60.8756	identical
1544947	512	512	512	zenravif-444	2	50.0	7103	2733.88	16.04	61.0438	identical
1544947	512	512	512	svt-rs-420	2	50.0	6902	2635.77	30.90	62.6805	identical
1544947	512	512	512	zenravif-420	2	55.0	8138	2495.40	31.37	65.3346	identical
1544947	512	512	512	zenravif-444	2	55.0	8335	2635.47	16.80	65.4040	identical
1544947	512	512	512	svt-rs-420	2	55.0	8204	2751.21	30.24	67.0237	identical
1544947	512	512	512	zenravif-420	2	60.0	9549	2822.65	14.57	69.0272	identical
1544947	512	512	512	zenravif-444	2	60.0	9622	3027.82	32.25	68.9000	identical
1544947	512	512	512	svt-rs-420	2	60.0	10138	2422.24	36.55	71.6506	identical
1544947	512	512	512	zenravif-420	2	65.0	11082	3110.03	28.91	72.7223	identical
1544947	512	512	512	zenravif-444	2	65.0	11397	3495.36	23.66	73.1147	identical
1544947	512	512	512	svt-rs-420	2	65.0	11579	2579.84	30.97	74.3094	identical
1544947	512	512	512	zenravif-420	2	70.0	12848	3260.41	16.09	75.5264	identical
1544947	512	512	512	zenravif-444	2	70.0	13189	3798.40	35.11	76.2388	identical
1544947	512	512	512	svt-rs-420	2	70.0	13133	2668.71	27.56	76.9318	identical
1544947	512	512	512	zenravif-420	2	75.0	16568	3776.04	16.55	79.7957	identical
1544947	512	512	512	zenravif-444	2	75.0	16885	4252.01	17.04	80.1923	identical
1544947	512	512	512	svt-rs-420	2	75.0	15183	2624.17	19.71	79.4927	identical
1544947	512	512	512	zenravif-420	2	80.0	20046	4127.26	18.03	82.7045	identical
1544947	512	512	512	zenravif-444	2	80.0	21023	4447.09	24.27	83.5037	identical
1544947	512	512	512	svt-rs-420	2	80.0	18709	2195.58	30.44	82.3355	identical
1544947	512	512	512	zenravif-420	2	85.0	25210	4424.19	19.74	85.0836	identical
1544947	512	512	512	zenravif-444	2	85.0	26263	4879.90	47.27	85.9764	identical
1544947	512	512	512	svt-rs-420	2	85.0	23087	2210.92	37.27	85.0263	identical
1544947	512	512	512	zenravif-420	2	90.0	34472	4899.97	21.69	88.0608	identical
1544947	512	512	512	zenravif-444	2	90.0	36508	5257.49	30.97	88.9300	identical
1544947	512	512	512	svt-rs-420	2	90.0	34091	2523.51	31.09	88.9486	identical
1544947	512	512	512	zenravif-420	2	95.0	54478	5609.25	24.51	91.1284	identical
1544947	512	512	512	zenravif-444	2	95.0	59965	6074.24	34.90	91.9088	identical
1544947	512	512	512	svt-rs-420	2	95.0	52325	2516.79	30.79	91.6371	identical
1544947	512	512	512	zenravif-420	2	100.0	123963	3041.06	33.48	94.4146	identical
1544947	512	512	512	zenravif-444	2	100.0	173950	3669.26	70.31	94.9055	identical
1544947	512	512	512	svt-rs-420	2	100.0	149846	2146.33	33.72	-530.3223	identical
1544947	512	512	512	zenravif-420	6	5.0	2174	272.29	33.77	-15.2106	identical
1544947	512	512	512	zenravif-444	6	5.0	2180	400.36	45.61	-16.4434	identical
1544947	512	512	512	svt-rs-420	6	5.0	1545	32.05	28.13	-40.6408	identical
1544947	512	512	512	zenravif-420	6	10.0	2323	275.80	45.35	-6.6971	identical
1544947	512	512	512	zenravif-444	6	10.0	2353	397.68	42.42	-9.1158	identical
1544947	512	512	512	svt-rs-420	6	10.0	2046	37.20	29.10	-22.3894	identical
1544947	512	512	512	zenravif-420	6	15.0	2708	322.83	31.42	4.4107	identical
1544947	512	512	512	zenravif-444	6	15.0	2704	430.23	41.69	5.3568	identical
1544947	512	512	512	svt-rs-420	6	15.0	2593	41.30	41.68	-5.6850	identical
1544947	512	512	512	zenravif-420	6	20.0	3160	337.99	22.45	17.4237	identical
1544947	512	512	512	zenravif-444	6	20.0	3143	473.10	42.24	15.5892	identical
1544947	512	512	512	svt-rs-420	6	20.0	3163	41.69	38.26	8.0785	identical
1544947	512	512	512	zenravif-420	6	25.0	3702	308.13	27.66	27.0388	identical
1544947	512	512	512	zenravif-444	6	25.0	3678	513.27	32.19	25.7380	identical
1544947	512	512	512	svt-rs-420	6	25.0	3820	43.55	40.95	19.8984	identical
1544947	512	512	512	zenravif-420	6	30.0	4325	328.14	29.33	36.8349	identical
1544947	512	512	512	zenravif-444	6	30.0	4350	493.31	27.83	35.7113	identical
1544947	512	512	512	svt-rs-420	6	30.0	4580	44.18	24.02	29.6237	identical
1544947	512	512	512	zenravif-420	6	35.0	5140	355.39	15.09	44.4391	identical
1544947	512	512	512	zenravif-444	6	35.0	5147	493.36	24.65	44.4432	identical
1544947	512	512	512	svt-rs-420	6	35.0	5789	46.80	18.92	42.1977	identical
1544947	512	512	512	zenravif-420	6	40.0	5985	384.54	34.26	51.6165	identical
1544947	512	512	512	zenravif-444	6	40.0	6077	575.84	26.56	51.3408	identical
1544947	512	512	512	svt-rs-420	6	40.0	6967	50.70	43.58	51.0012	identical
1544947	512	512	512	zenravif-420	6	45.0	7061	405.49	48.37	57.2659	identical
1544947	512	512	512	zenravif-444	6	45.0	7119	554.92	61.01	57.9031	identical
1544947	512	512	512	svt-rs-420	6	45.0	8166	54.55	22.81	55.7969	identical
1544947	512	512	512	zenravif-420	6	50.0	8327	262.18	25.98	62.4907	identical
1544947	512	512	512	zenravif-444	6	50.0	8443	409.68	16.63	61.9651	identical
1544947	512	512	512	svt-rs-420	6	50.0	9607	55.83	38.32	61.1075	identical
1544947	512	512	512	zenravif-420	6	55.0	9822	300.20	12.75	66.6560	identical
1544947	512	512	512	zenravif-444	6	55.0	9880	404.18	26.73	67.3194	identical
1544947	512	512	512	svt-rs-420	6	55.0	11318	57.62	30.56	66.7368	identical
1544947	512	512	512	zenravif-420	6	60.0	11340	302.64	11.20	70.2631	identical
1544947	512	512	512	zenravif-444	6	60.0	11546	397.42	27.06	70.6681	identical
1544947	512	512	512	svt-rs-420	6	60.0	14046	69.84	27.88	72.2074	identical
1544947	512	512	512	zenravif-420	6	65.0	13438	335.77	13.37	73.8907	identical
1544947	512	512	512	zenravif-444	6	65.0	13736	477.49	15.43	74.5840	identical
1544947	512	512	512	svt-rs-420	6	65.0	16010	65.27	40.88	74.9233	identical
1544947	512	512	512	zenravif-420	6	70.0	15414	330.32	13.23	76.5231	identical
1544947	512	512	512	zenravif-444	6	70.0	15809	500.38	15.98	77.0329	identical
1544947	512	512	512	svt-rs-420	6	70.0	17884	67.22	26.98	77.0791	identical
1544947	512	512	512	zenravif-420	6	75.0	19896	369.03	29.41	80.8491	identical
1544947	512	512	512	zenravif-444	6	75.0	20503	522.56	18.56	81.3150	identical
1544947	512	512	512	svt-rs-420	6	75.0	20316	69.65	31.90	79.4205	identical
1544947	512	512	512	zenravif-420	6	80.0	24017	417.86	32.62	83.1694	identical
1544947	512	512	512	zenravif-444	6	80.0	24800	541.35	16.01	83.7974	identical
1544947	512	512	512	svt-rs-420	6	80.0	24108	72.09	19.69	82.6526	identical
1544947	512	512	512	zenravif-420	6	85.0	29649	392.23	16.10	85.3575	identical
1544947	512	512	512	zenravif-444	6	85.0	30963	600.76	21.14	86.1105	identical
1544947	512	512	512	svt-rs-420	6	85.0	28776	82.60	37.89	85.0766	identical
1544947	512	512	512	zenravif-420	6	90.0	39042	451.38	11.38	88.1341	identical
1544947	512	512	512	zenravif-444	6	90.0	41489	606.11	18.21	88.9482	identical
1544947	512	512	512	svt-rs-420	6	90.0	41869	70.13	17.04	88.4156	identical
1544947	512	512	512	zenravif-420	6	95.0	59291	520.22	21.77	91.0096	identical
1544947	512	512	512	zenravif-444	6	95.0	64944	654.28	21.31	91.5122	identical
1544947	512	512	512	svt-rs-420	6	95.0	62229	81.10	18.46	91.0370	identical
1544947	512	512	512	zenravif-420	6	100.0	121568	568.25	38.35	93.9163	identical
1544947	512	512	512	zenravif-444	6	100.0	172625	916.75	45.30	94.4419	identical
1544947	512	512	512	svt-rs-420	6	100.0	178783	114.86	29.91	-489.2362	identical
1544947	512	512	512	zenravif-420	9	5.0	2172	109.70	36.73	-17.1680	identical
1544947	512	512	512	zenravif-444	9	5.0	2174	148.93	25.42	-16.8474	identical
1544947	512	512	512	svt-rs-420	9	5.0	1620	20.01	44.10	-39.7159	identical
1544947	512	512	512	zenravif-420	9	10.0	2417	114.32	31.44	-10.3172	identical
1544947	512	512	512	zenravif-444	9	10.0	2384	149.53	44.68	-10.6317	identical
1544947	512	512	512	svt-rs-420	9	10.0	2079	20.27	33.68	-25.6229	identical
1544947	512	512	512	zenravif-420	9	15.0	2866	117.53	45.88	3.1930	identical
1544947	512	512	512	zenravif-444	9	15.0	2863	165.76	49.95	2.1422	identical
1544947	512	512	512	svt-rs-420	9	15.0	2595	23.48	45.57	-7.4153	identical
1544947	512	512	512	zenravif-420	9	20.0	3475	121.57	47.04	15.8636	identical
1544947	512	512	512	zenravif-444	9	20.0	3462	170.84	56.46	14.3167	identical
1544947	512	512	512	svt-rs-420	9	20.0	3182	22.03	36.79	6.8020	identical
1544947	512	512	512	zenravif-420	9	25.0	4124	125.04	35.01	26.5674	identical
1544947	512	512	512	zenravif-444	9	25.0	4157	173.26	37.17	25.6620	identical
1544947	512	512	512	svt-rs-420	9	25.0	3881	35.97	59.14	17.6144	identical
1544947	512	512	512	zenravif-420	9	30.0	4985	129.70	32.85	36.1569	identical
1544947	512	512	512	zenravif-444	9	30.0	5008	187.44	39.36	34.9231	identical
1544947	512	512	512	svt-rs-420	9	30.0	4721	23.60	28.00	28.3553	identical
1544947	512	512	512	zenravif-420	9	35.0	6115	140.53	18.94	43.6781	identical
1544947	512	512	512	zenravif-444	9	35.0	6173	196.75	33.45	43.2437	identical
1544947	512	512	512	svt-rs-420	9	35.0	6021	30.11	20.21	39.2896	identical
1544947	512	512	512	zenravif-420	9	40.0	7306	140.37	29.91	50.4924	identical
1544947	512	512	512	zenravif-444	9	40.0	7353	198.71	30.64	51.1287	identical
1544947	512	512	512	svt-rs-420	9	40.0	7314	24.32	24.45	49.7469	identical
1544947	512	512	512	zenravif-420	9	45.0	8669	141.80	35.43	57.2628	identical
1544947	512	512	512	zenravif-444	9	45.0	8773	221.48	40.70	57.2389	identical
1544947	512	512	512	svt-rs-420	9	45.0	8711	25.17	29.32	55.3548	identical
1544947	512	512	512	zenravif-420	9	50.0	10372	101.58	22.94	61.7801	identical
1544947	512	512	512	zenravif-444	9	50.0	10449	135.60	10.36	61.7289	identical
1544947	512	512	512	svt-rs-420	9	50.0	10299	26.90	29.81	60.9004	identical
1544947	512	512	512	zenravif-420	9	55.0	12207	99.64	9.82	66.2359	identical
1544947	512	512	512	zenravif-444	9	55.0	12355	140.86	15.38	66.3639	identical
1544947	512	512	512	svt-rs-420	9	55.0	12139	26.85	25.19	66.0577	identical
1544947	512	512	512	zenravif-420	9	60.0	14155	112.17	13.75	69.5303	identical
1544947	512	512	512	zenravif-444	9	60.0	14387	150.47	13.31	69.9129	identical
1544947	512	512	512	svt-rs-420	9	60.0	15271	35.06	22.42	71.7327	identical
1544947	512	512	512	zenravif-420	9	65.0	16698	114.03	10.28	73.5404	identical
1544947	512	512	512	zenravif-444	9	65.0	16993	171.73	15.50	74.0053	identical
1544947	512	512	512	svt-rs-420	9	65.0	17649	29.20	23.80	74.8786	identical
1544947	512	512	512	zenravif-420	9	70.0	19188	110.79	10.33	76.3032	identical
1544947	512	512	512	zenravif-444	9	70.0	19561	159.57	12.28	76.8901	identical
1544947	512	512	512	svt-rs-420	9	70.0	19706	28.87	29.74	76.9746	identical
1544947	512	512	512	zenravif-420	9	75.0	24325	115.47	14.26	80.4728	identical
1544947	512	512	512	zenravif-444	9	75.0	25077	179.87	11.63	80.9673	identical
1544947	512	512	512	svt-rs-420	9	75.0	22545	35.51	21.51	79.6115	identical
1544947	512	512	512	zenravif-420	9	80.0	28893	125.88	11.75	83.0358	identical
1544947	512	512	512	zenravif-444	9	80.0	30019	191.68	12.32	83.5175	identical
1544947	512	512	512	svt-rs-420	9	80.0	26568	34.86	34.82	82.3215	identical
1544947	512	512	512	zenravif-420	9	85.0	35469	129.84	9.42	85.4245	identical
1544947	512	512	512	zenravif-444	9	85.0	36939	191.67	13.57	85.9967	identical
1544947	512	512	512	svt-rs-420	9	85.0	31815	36.38	24.45	84.6583	identical
1544947	512	512	512	zenravif-420	9	90.0	45777	148.25	13.17	87.6012	identical
1544947	512	512	512	zenravif-444	9	90.0	48510	207.41	14.48	88.7833	identical
1544947	512	512	512	svt-rs-420	9	90.0	45087	30.79	19.29	88.0435	identical
1544947	512	512	512	zenravif-420	9	95.0	67680	151.88	23.70	90.6617	identical
1544947	512	512	512	zenravif-444	9	95.0	74072	259.85	18.13	91.5899	identical
1544947	512	512	512	svt-rs-420	9	95.0	67206	33.87	23.77	91.1438	identical
1544947	512	512	512	zenravif-420	9	100.0	127694	189.25	22.77	93.7520	identical
1544947	512	512	512	zenravif-444	9	100.0	181559	316.99	59.95	94.3842	identical
1544947	512	512	512	svt-rs-420	9	100.0	184302	48.84	32.12	-646.3559	identical
159550	512	512	512	zenravif-420	2	5.0	2733	1659.65	33.14	-8.0800	identical
159550	512	512	512	zenravif-444	2	5.0	2653	1910.32	44.85	-10.5069	identical
159550	512	512	512	svt-rs-420	2	5.0	2077	2495.31	40.99	-21.1775	identical
159550	512	512	512	zenravif-420	2	10.0	3007	1836.79	29.31	-2.2928	identical
159550	512	512	512	zenravif-444	2	10.0	2982	2046.47	58.23	-3.4856	identical
159550	512	512	512	svt-rs-420	2	10.0	2787	2647.98	20.88	-4.0496	identical
159550	512	512	512	zenravif-420	2	15.0	3600	1951.04	46.24	9.1878	identical
159550	512	512	512	zenravif-444	2	15.0	3527	2166.85	51.84	8.0650	identical
159550	512	512	512	svt-rs-420	2	15.0	3576	3037.79	24.26	12.7674	identical
159550	512	512	512	zenravif-420	2	20.0	4294	2019.29	38.24	22.9503	identical
159550	512	512	512	zenravif-444	2	20.0	4336	2457.63	42.62	22.3679	identical
159550	512	512	512	svt-rs-420	2	20.0	4320	3136.66	47.07	25.2964	identical
159550	512	512	512	zenravif-420	2	25.0	5040	2270.06	40.34	32.7108	identical
159550	512	512	512	zenravif-444	2	25.0	5120	2756.84	49.06	32.1235	identical
159550	512	512	512	svt-rs-420	2	25.0	5088	3115.53	36.15	36.1615	identical
159550	512	512	512	zenravif-420	2	30.0	5980	2463.37	55.46	41.8225	identical
159550	512	512	512	zenravif-444	2	30.0	6062	3022.08	29.77	40.8780	identical
159550	512	512	512	svt-rs-420	2	30.0	5935	3416.30	38.93	42.9190	identical
159550	512	512	512	zenravif-420	2	35.0	7150	2710.79	44.62	48.9625	identical
159550	512	512	512	zenravif-444	2	35.0	7277	3089.26	50.33	49.3989	identical
159550	512	512	512	svt-rs-420	2	35.0	7378	3528.51	20.45	51.9466	identical
159550	512	512	512	zenravif-420	2	40.0	8476	3156.31	46.43	56.1963	identical
159550	512	512	512	zenravif-444	2	40.0	8578	3517.15	52.06	56.3371	identical
159550	512	512	512	svt-rs-420	2	40.0	8677	3489.89	40.21	58.0374	identical
159550	512	512	512	zenravif-420	2	45.0	9945	3080.77	44.51	61.3907	identical
159550	512	512	512	zenravif-444	2	45.0	10070	3636.56	33.00	61.4434	identical
159550	512	512	512	svt-rs-420	2	45.0	10217	3549.90	31.83	63.4505	identical
159550	512	512	512	zenravif-420	2	50.0	11582	2619.80	14.54	66.0478	identical
159550	512	512	512	zenravif-444	2	50.0	11756	2898.52	16.47	66.5614	identical
159550	512	512	512	svt-rs-420	2	50.0	11840	3547.15	39.84	68.4804	identical
159550	512	512	512	zenravif-420	2	55.0	13301	2738.92	14.49	69.9332	identical
159550	512	512	512	zenravif-444	2	55.0	13634	3070.97	17.85	70.8170	identical
159550	512	512	512	svt-rs-420	2	55.0	13807	3680.00	25.00	72.2508	identical
159550	512	512	512	zenravif-420	2	60.0	15202	3143.57	39.67	73.1228	identical
159550	512	512	512	zenravif-444	2	60.0	15748	3522.09	22.76	74.0836	identical
159550	512	512	512	svt-rs-420	2	60.0	16525	3360.89	56.08	76.4981	identical
159550	512	512	512	zenravif-420	2	65.0	17393	3192.27	15.92	76.8735	identical
159550	512	512	512	zenravif-444	2	65.0	18124	3447.60	18.20	77.7003	identical
159550	512	512	512	svt-rs-420	2	65.0	18755	2860.97	41.17	78.8225	identical
159550	512	512	512	zenravif-420	2	70.0	19467	3480.12	12.20	79.0594	identical
159550	512	512	512	zenravif-444	2	70.0	20413	3700.46	19.42	80.2547	identical
159550	512	512	512	svt-rs-420	2	70.0	20788	2970.23	51.09	81.0116	identical
159550	512	512	512	zenravif-420	2	75.0	23524	3602.59	16.55	82.5972	identical
159550	512	512	512	zenravif-444	2	75.0	25209	4086.54	20.04	83.9957	identical
159550	512	512	512	svt-rs-420	2	75.0	23184	2717.20	30.35	82.5875	identical
159550	512	512	512	zenravif-420	2	80.0	27219	3917.25	18.70	84.5608	identical
159550	512	512	512	zenravif-444	2	80.0	29396	4297.41	22.53	86.0079	identical
159550	512	512	512	svt-rs-420	2	80.0	27342	2235.43	42.13	85.0282	identical
159550	512	512	512	zenravif-420	2	85.0	32346	4034.33	38.23	86.8636	identical
159550	512	512	512	zenravif-444	2	85.0	35513	4484.05	23.34	88.5503	identical
159550	512	512	512	svt-rs-420	2	85.0	31904	2174.84	33.96	86.8317	identical
159550	512	512	512	zenravif-420	2	90.0	40664	4531.53	18.03	88.3703	identical
159550	512	512	512	zenravif-444	2	90.0	45885	4903.88	35.88	90.6800	identical
159550	512	512	512	svt-rs-420	2	90.0	42409	2293.30	38.45	89.2802	identical
159550	512	512	512	zenravif-420	2	95.0	61933	5342.55	30.90	90.3853	identical
159550	512	512	512	zenravif-444	2	95.0	71971	5584.77	47.65	93.0677	identical
159550	512	512	512	svt-rs-420	2	95.0	60591	2522.47	37.70	90.7931	identical
159550	512	512	512	zenravif-420	2	100.0	143481	3120.76	60.45	92.2157	identical
159550	512	512	512	zenravif-444	2	100.0	204884	3907.38	87.87	95.8660	identical
159550	512	512	512	svt-rs-420	2	100.0	172533	1974.18	34.07	-876.5745	identical
159550	512	512	512	zenravif-420	6	5.0	3266	345.35	35.94	-6.4283	identical
159550	512	512	512	zenravif-444	6	5.0	3217	510.34	35.04	-7.7703	identical
159550	512	512	512	svt-rs-420	6	5.0	2331	47.86	27.02	-28.9721	identical
159550	512	512	512	zenravif-420	6	10.0	3580	328.99	39.44	0.1619	identical
159550	512	512	512	zenravif-444	6	10.0	3539	501.83	50.30	-1.1578	identical
159550	512	512	512	svt-rs-420	6	10.0	3154	60.21	28.34	-10.9090	identical
159550	512	512	512	zenravif-420	6	15.0	4142	347.36	39.46	12.1298	identical
159550	512	512	512	zenravif-444	6	15.0	4115	546.77	40.50	9.9108	identical
159550	512	512	512	svt-rs-420	6	15.0	4080	48.08	28.79	5.2656	identical
159550	512	512	512	zenravif-420	6	20.0	5029	362.32	34.75	23.9663	identical
159550	512	512	512	zenravif-444	6	20.0	4997	549.97	46.54	22.9664	identical
159550	512	512	512	svt-rs-420	6	20.0	4994	49.87	27.92	17.4149	identical
159550	512	512	512	zenravif-420	6	25.0	5826	394.27	46.90	33.1667	identical
159550	512	512	512	zenravif-444	6	25.0	5868	573.70	38.08	31.8858	identical
159550	512	512	512	svt-rs-420	6	25.0	6075	52.24	31.15	30.0751	identical
159550	512	512	512	zenravif-420	6	30.0	6959	392.59	38.58	43.0281	identical
159550	512	512	512	zenravif-444	6	30.0	7050	595.80	56.95	42.1880	identical
159550	512	512	512	svt-rs-420	6	30.0	7248	53.31	39.67	38.5756	identical
159550	512	512	512	zenravif-420	6	35.0	8275	425.94	39.61	49.7548	identical
159550	512	512	512	zenravif-444	6	35.0	8340	611.47	48.06	50.0729	identical
159550	512	512	512	svt-rs-420	6	35.0	9180	57.33	21.41	49.7325	identical
159550	512	512	512	zenravif-420	6	40.0	9716	433.42	42.73	56.4150	identical
159550	512	512	512	zenravif-444	6	40.0	9948	627.04	48.28	56.6744	identical
159550	512	512	512	svt-rs-420	6	40.0	10840	65.67	27.79	56.9245	identical
159550	512	512	512	zenravif-420	6	45.0	11419	451.53	44.24	61.4549	identical
159550	512	512	512	zenravif-444	6	45.0	11522	674.58	59.82	62.7602	identical
159550	512	512	512	svt-rs-420	6	45.0	12749	64.64	34.32	61.9830	identical
159550	512	512	512	zenravif-420	6	50.0	13196	326.96	13.97	66.5647	identical
159550	512	512	512	zenravif-444	6	50.0	13535	445.32	32.28	67.5163	identical
159550	512	512	512	svt-rs-420	6	50.0	14895	70.70	34.56	66.8517	identical
159550	512	512	512	zenravif-420	6	55.0	15340	324.43	12.98	70.5307	identical
159550	512	512	512	zenravif-444	6	55.0	15747	514.97	31.96	71.7886	identical
159550	512	512	512	svt-rs-420	6	55.0	17212	75.15	32.65	71.2965	identical
159550	512	512	512	zenravif-420	6	60.0	17341	341.55	12.79	73.8816	identical
159550	512	512	512	zenravif-444	6	60.0	17976	506.62	18.43	74.9880	identical
159550	512	512	512	svt-rs-420	6	60.0	20601	89.62	28.38	76.2719	identical
159550	512	512	512	zenravif-420	6	65.0	20045	356.94	13.64	77.5452	identical
159550	512	512	512	zenravif-444	6	65.0	20782	522.82	15.33	78.6338	identical
159550	512	512	512	svt-rs-420	6	65.0	23136	78.63	30.24	78.7363	identical
159550	512	512	512	zenravif-420	6	70.0	22350	373.85	14.23	79.3820	identical
159550	512	512	512	zenravif-444	6	70.0	23355	554.67	16.16	80.5248	identical
159550	512	512	512	svt-rs-420	6	70.0	25413	73.04	32.89	80.6280	identical
159550	512	512	512	zenravif-420	6	75.0	27180	414.70	13.54	82.8369	identical
159550	512	512	512	zenravif-444	6	75.0	28773	582.71	16.91	84.1697	identical
159550	512	512	512	svt-rs-420	6	75.0	28147	98.14	42.37	82.7132	identical
159550	512	512	512	zenravif-420	6	80.0	30989	442.40	30.22	84.5686	identical
159550	512	512	512	zenravif-444	6	80.0	33427	669.34	21.22	86.2086	identical
159550	512	512	512	svt-rs-420	6	80.0	32491	81.33	16.69	84.5944	identical
159550	512	512	512	zenravif-420	6	85.0	37174	440.28	15.34	86.7110	identical
159550	512	512	512	zenravif-444	6	85.0	40544	664.85	17.97	88.5607	identical
159550	512	512	512	svt-rs-420	6	85.0	37854	72.29	23.23	86.0839	identical
159550	512	512	512	zenravif-420	6	90.0	46754	464.53	19.07	88.4179	identical
159550	512	512	512	zenravif-444	6	90.0	52728	670.29	24.19	90.7730	identical
159550	512	512	512	svt-rs-420	6	90.0	50388	124.69	23.22	88.7191	identical
159550	512	512	512	zenravif-420	6	95.0	72654	574.83	24.07	90.6936	identical
159550	512	512	512	zenravif-444	6	95.0	84671	840.70	26.81	93.2615	identical
159550	512	512	512	svt-rs-420	6	95.0	72121	79.22	50.95	90.4742	identical
159550	512	512	512	zenravif-420	6	100.0	141266	613.45	45.55	92.0080	identical
159550	512	512	512	zenravif-444	6	100.0	202227	981.65	48.62	95.4163	identical
159550	512	512	512	svt-rs-420	6	100.0	201322	105.79	30.71	-876.0933	identical
159550	512	512	512	zenravif-420	9	5.0	3361	133.68	27.03	-7.8521	identical
159550	512	512	512	zenravif-444	9	5.0	3314	191.82	55.00	-9.6015	identical
159550	512	512	512	svt-rs-420	9	5.0	2475	22.74	36.80	-27.5330	identical
159550	512	512	512	zenravif-420	9	10.0	3705	139.53	16.78	-1.4255	identical
159550	512	512	512	zenravif-444	9	10.0	3675	211.75	47.36	-2.6355	identical
159550	512	512	512	svt-rs-420	9	10.0	3192	22.62	26.06	-12.7213	identical
159550	512	512	512	zenravif-420	9	15.0	4434	147.32	20.23	9.3263	identical
159550	512	512	512	zenravif-444	9	15.0	4387	213.80	24.71	7.9133	identical
159550	512	512	512	svt-rs-420	9	15.0	4134	25.65	19.91	2.9004	identical
159550	512	512	512	zenravif-420	9	20.0	5464	150.33	24.43	22.0947	identical
159550	512	512	512	zenravif-444	9	20.0	5430	221.41	26.83	21.9231	identical
159550	512	512	512	svt-rs-420	9	20.0	5067	25.32	16.23	12.6745	identical
159550	512	512	512	zenravif-420	9	25.0	6576	151.48	55.88	31.7974	identical
159550	512	512	512	zenravif-444	9	25.0	6552	232.30	28.26	30.7461	identical
159550	512	512	512	svt-rs-420	9	25.0	6188	26.89	34.22	24.3131	identical
159550	512	512	512	zenravif-420	9	30.0	7917	150.75	31.50	40.1983	identical
159550	512	512	512	zenravif-444	9	30.0	7954	230.51	39.71	40.9826	identical
159550	512	512	512	svt-rs-420	9	30.0	7481	28.45	28.17	36.8035	identical
159550	512	512	512	zenravif-420	9	35.0	9488	192.12	22.21	48.9316	identical
159550	512	512	512	zenravif-444	9	35.0	9567	258.69	48.24	48.3786	identical
159550	512	512	512	svt-rs-420	9	35.0	9568	26.79	27.34	48.1334	identical
159550	512	512	512	zenravif-420	9	40.0	11303	160.05	16.60	55.3819	identical
159550	512	512	512	zenravif-444	9	40.0	11482	277.85	29.77	55.1553	identical
159550	512	512	512	svt-rs-420	9	40.0	11404	26.98	33.48	55.2834	identical
159550	512	512	512	zenravif-420	9	45.0	13353	170.81	21.72	61.2105	identical
159550	512	512	512	zenravif-444	9	45.0	13625	248.72	35.46	61.6587	identical
159550	512	512	512	svt-rs-420	9	45.0	13458	30.58	29.77	61.0451	identical
159550	512	512	512	zenravif-420	9	50.0	15780	107.10	11.50	65.1497	identical
159550	512	512	512	zenravif-444	9	50.0	16247	163.54	16.83	65.8139	identical
159550	512	512	512	svt-rs-420	9	50.0	15940	30.46	36.06	66.1073	identical
159550	512	512	512	zenravif-420	9	55.0	18280	109.02	13.40	69.0168	identical
159550	512	512	512	zenravif-444	9	55.0	18860	166.94	12.95	69.8221	identical
159550	512	512	512	svt-rs-420	9	55.0	18668	37.05	31.42	71.0994	identical
159550	512	512	512	zenravif-420	9	60.0	20712	111.73	10.66	72.8610	identical
159550	512	512	512	zenravif-444	9	60.0	21496	171.73	15.98	73.6139	identical
159550	512	512	512	svt-rs-420	9	60.0	22479	31.21	21.03	75.9596	identical
159550	512	512	512	zenravif-420	9	65.0	24102	114.68	10.95	76.3540	identical
159550	512	512	512	zenravif-444	9	65.0	25138	176.80	12.64	77.2278	identical
159550	512	512	512	svt-rs-420	9	65.0	25381	32.04	22.22	78.5279	identical
159550	512	512	512	zenravif-420	9	70.0	27005	116.11	28.73	78.8888	identical
159550	512	512	512	zenravif-444	9	70.0	28408	182.39	17.90	79.7490	identical
159550	512	512	512	svt-rs-420	9	70.0	27913	33.59	22.99	80.2369	identical
159550	512	512	512	zenravif-420	9	75.0	32871	122.17	10.93	82.0695	identical
159550	512	512	512	zenravif-444	9	75.0	34928	187.64	13.14	83.4500	identical
159550	512	512	512	svt-rs-420	9	75.0	31139	32.85	28.34	82.2676	identical
159550	512	512	512	zenravif-420	9	80.0	37723	132.29	11.99	84.3325	identical
159550	512	512	512	zenravif-444	9	80.0	40609	205.89	26.21	85.9116	identical
159550	512	512	512	svt-rs-420	9	80.0	35988	34.77	29.77	84.7386	identical
159550	512	512	512	zenravif-420	9	85.0	44703	141.18	13.47	86.5215	identical
159550	512	512	512	zenravif-444	9	85.0	48780	207.39	14.89	88.1735	identical
159550	512	512	512	svt-rs-420	9	85.0	41884	33.31	25.91	85.9639	identical
159550	512	512	512	zenravif-420	9	90.0	56241	147.28	12.88	88.3879	identical
159550	512	512	512	zenravif-444	9	90.0	62793	219.45	15.41	90.6480	identical
159550	512	512	512	svt-rs-420	9	90.0	55415	27.09	19.61	88.4933	identical
159550	512	512	512	zenravif-420	9	95.0	83133	170.75	23.69	90.5657	identical
159550	512	512	512	zenravif-444	9	95.0	96412	273.84	32.75	93.2218	identical
159550	512	512	512	svt-rs-420	9	95.0	78876	32.49	23.34	90.3567	identical
159550	512	512	512	zenravif-420	9	100.0	148633	217.03	34.82	91.8710	identical
159550	512	512	512	zenravif-444	9	100.0	214151	346.09	43.17	95.2344	identical
159550	512	512	512	svt-rs-420	9	100.0	208100	48.13	29.90	-880.8477	identical
1624487	512	512	512	zenravif-420	2	5.0	3271	1516.45	34.20	-14.7533	identical
1624487	512	512	512	zenravif-444	2	5.0	3146	1676.51	41.82	-15.7197	identical
1624487	512	512	512	svt-rs-420	2	5.0	2201	2919.69	26.90	-27.9555	identical
1624487	512	512	512	zenravif-420	2	10.0	3671	1374.23	31.19	-8.7798	identical
1624487	512	512	512	zenravif-444	2	10.0	3563	1758.73	50.94	-10.2489	identical
1624487	512	512	512	svt-rs-420	2	10.0	3191	3107.95	35.98	-10.3480	identical
1624487	512	512	512	zenravif-420	2	15.0	4581	1550.83	49.57	5.9455	identical
1624487	512	512	512	zenravif-444	2	15.0	4510	1988.83	53.65	4.2645	identical
1624487	512	512	512	svt-rs-420	2	15.0	4605	3859.96	32.35	9.0075	identical
1624487	512	512	512	zenravif-420	2	20.0	5836	1690.49	22.80	17.5512	identical
1624487	512	512	512	zenravif-444	2	20.0	5756	2098.53	39.75	17.2685	identical
1624487	512	512	512	svt-rs-420	2	20.0	5792	4231.43	39.11	21.8467	identical
1624487	512	512	512	zenravif-420	2	25.0	7125	1826.72	36.02	29.7139	identical
1624487	512	512	512	zenravif-444	2	25.0	7101	2207.77	54.05	28.9175	identical
1624487	512	512	512	svt-rs-420	2	25.0	7168	4114.41	32.52	32.1929	identical
1624487	512	512	512	zenravif-420	2	30.0	8731	1996.00	42.53	39.1077	identical
1624487	512	512	512	zenravif-444	2	30.0	8894	2277.50	56.65	38.6652	identical
1624487	512	512	512	svt-rs-420	2	30.0	8795	4334.20	15.80	41.0689	identical
1624487	512	512	512	zenravif-420	2	35.0	10578	2077.95	41.62	47.2292	identical
1624487	512	512	512	zenravif-444	2	35.0	10902	2552.32	60.06	47.5092	identical
1624487	512	512	512	svt-rs-420	2	35.0	11389	4281.01	24.59	51.5908	identical
1624487	512	512	512	zenravif-420	2	40.0	12825	2171.23	46.34	55.2723	identical
1624487	512	512	512	zenravif-444	2	40.0	13413	2606.41	30.71	55.3585	identical
1624487	512	512	512	svt-rs-420	2	40.0	13833	3995.61	13.93	58.3886	identical
1624487	512	512	512	zenravif-420	2	45.0	15163	2266.72	25.19	61.2407	identical
1624487	512	512	512	zenravif-444	2	45.0	15952	2884.16	37.95	61.4502	identical
1624487	512	512	512	svt-rs-420	2	45.0	16382	3990.48	34.50	63.8766	identical
1624487	512	512	512	zenravif-420	2	50.0	18225	2243.06	16.48	66.6625	identical
1624487	512	512	512	zenravif-444	2	50.0	19382	2648.71	17.37	67.9656	identical
1624487	512	512	512	svt-rs-420	2	50.0	19116	3973.06	29.77	69.2656	identical
1624487	512	512	512	zenravif-420	2	55.0	20794	2369.75	34.36	70.5585	identical
1624487	512	512	512	zenravif-444	2	55.0	22180	2674.10	34.67	71.0346	identical
1624487	512	512	512	svt-rs-420	2	55.0	22513	4376.86	32.19	73.2528	identical
1624487	512	512	512	zenravif-420	2	60.0	24055	2512.37	14.26	74.2424	identical
1624487	512	512	512	zenravif-444	2	60.0	25981	2975.06	20.20	75.3559	identical
1624487	512	512	512	svt-rs-420	2	60.0	27114	3992.31	27.88	78.0199	identical
1624487	512	512	512	zenravif-420	2	65.0	27563	2748.04	14.07	77.6543	identical
1624487	512	512	512	zenravif-444	2	65.0	30322	3065.96	20.29	78.9481	identical
1624487	512	512	512	svt-rs-420	2	65.0	30600	3598.53	26.16	80.4280	identical
1624487	512	512	512	zenravif-420	2	70.0	30879	2737.45	14.60	79.8073	identical
1624487	512	512	512	zenravif-444	2	70.0	34360	3178.46	18.46	81.0878	identical
1624487	512	512	512	svt-rs-420	2	70.0	33690	3447.25	22.78	81.9641	identical
1624487	512	512	512	zenravif-420	2	75.0	37012	2990.78	16.49	83.0697	identical
1624487	512	512	512	zenravif-444	2	75.0	42268	3528.00	23.50	84.4367	identical
1624487	512	512	512	svt-rs-420	2	75.0	37703	2896.21	19.75	83.9156	identical
1624487	512	512	512	zenravif-420	2	80.0	42371	3223.71	15.88	85.1826	identical
1624487	512	512	512	zenravif-444	2	80.0	49915	3476.42	27.72	86.8235	identical
1624487	512	512	512	svt-rs-420	2	80.0	43822	2393.84	35.14	85.8273	identical
1624487	512	512	512	zenravif-420	2	85.0	49703	3219.17	17.46	86.9978	identical
1624487	512	512	512	zenravif-444	2	85.0	59663	3743.28	22.01	88.9163	identical
1624487	512	512	512	svt-rs-420	2	85.0	51009	2544.05	30.29	87.4772	identical
1624487	512	512	512	zenravif-420	2	90.0	61276	3652.89	25.09	88.4099	identical
1624487	512	512	512	zenravif-444	2	90.0	76154	3859.38	23.19	91.1629	identical
1624487	512	512	512	svt-rs-420	2	90.0	67203	2480.56	22.01	89.2929	identical
1624487	512	512	512	zenravif-420	2	95.0	83947	4002.83	32.01	89.8733	identical
1624487	512	512	512	zenravif-444	2	95.0	110661	4208.84	37.41	93.6473	identical
1624487	512	512	512	svt-rs-420	2	95.0	91007	2611.57	16.42	89.9996	identical
1624487	512	512	512	zenravif-420	2	100.0	184564	3577.73	39.50	90.6183	identical
1624487	512	512	512	zenravif-444	2	100.0	299642	4245.96	80.12	96.0496	identical
1624487	512	512	512	svt-rs-420	2	100.0	213854	2159.31	24.57	-908.6688	identical
1624487	512	512	512	zenravif-420	6	5.0	3883	351.74	38.16	-16.5331	identical
1624487	512	512	512	zenravif-444	6	5.0	3743	520.27	42.00	-17.3522	identical
1624487	512	512	512	svt-rs-420	6	5.0	2255	35.60	47.51	-32.2159	identical
1624487	512	512	512	zenravif-420	6	10.0	4346	380.73	24.50	-9.1241	identical
1624487	512	512	512	zenravif-444	6	10.0	4238	653.08	40.57	-9.5890	identical
1624487	512	512	512	svt-rs-420	6	10.0	3162	36.02	33.78	-15.3154	identical
1624487	512	512	512	zenravif-420	6	15.0	5292	400.45	44.96	3.2914	identical
1624487	512	512	512	zenravif-444	6	15.0	5169	550.45	45.02	2.1893	identical
1624487	512	512	512	svt-rs-420	6	15.0	4416	45.46	41.26	1.3636	identical
1624487	512	512	512	zenravif-420	6	20.0	6642	407.66	40.87	18.3414	identical
1624487	512	512	512	zenravif-444	6	20.0	6578	614.36	53.01	17.4761	identical
1624487	512	512	512	svt-rs-420	6	20.0	5703	46.18	35.06	15.3341	identical
1624487	512	512	512	zenravif-420	6	25.0	8005	437.10	46.02	29.3872	identical
1624487	512	512	512	zenravif-444	6	25.0	7992	735.17	34.54	29.1734	identical
1624487	512	512	512	svt-rs-420	6	25.0	7166	47.60	40.29	27.4666	identical
1624487	512	512	512	zenravif-420	6	30.0	9805	447.87	43.02	38.8177	identical
1624487	512	512	512	zenravif-444	6	30.0	9895	670.93	36.54	39.2979	identical
1624487	512	512	512	svt-rs-420	6	30.0	8873	45.48	30.92	36.5321	identical
1624487	512	512	512	zenravif-420	6	35.0	11813	476.57	28.62	47.8765	identical
1624487	512	512	512	zenravif-444	6	35.0	12132	731.36	33.98	48.5749	identical
1624487	512	512	512	svt-rs-420	6	35.0	11628	52.58	26.69	47.8759	identical
1624487	512	512	512	zenravif-420	6	40.0	14132	465.13	32.06	54.6562	identical
1624487	512	512	512	zenravif-444	6	40.0	14686	766.91	52.02	56.1348	identical
1624487	512	512	512	svt-rs-420	6	40.0	14246	52.41	45.94	55.8834	identical
1624487	512	512	512	zenravif-420	6	45.0	16579	512.73	41.91	61.8867	identical
1624487	512	512	512	zenravif-444	6	45.0	17390	748.75	51.88	62.4590	identical
1624487	512	512	512	svt-rs-420	6	45.0	17069	51.65	38.62	62.0229	identical
1624487	512	512	512	zenravif-420	6	50.0	19566	354.23	12.32	67.5020	identical
1624487	512	512	512	zenravif-444	6	50.0	20713	522.08	23.93	67.6158	identical
1624487	512	512	512	svt-rs-420	6	50.0	20065	56.73	29.54	67.4418	identical
1624487	512	512	512	zenravif-420	6	55.0	22250	369.05	20.46	71.2775	identical
1624487	512	512	512	zenravif-444	6	55.0	23752	548.25	14.92	71.6957	identical
1624487	512	512	512	svt-rs-420	6	55.0	23792	60.91	34.92	72.3703	identical
1624487	512	512	512	zenravif-420	6	60.0	25632	384.49	12.79	74.8241	identical
1624487	512	512	512	zenravif-444	6	60.0	27682	569.58	15.62	75.3929	identical
1624487	512	512	512	svt-rs-420	6	60.0	29044	64.54	24.69	76.6961	identical
1624487	512	512	512	zenravif-420	6	65.0	29528	435.25	13.40	78.0985	identical
1624487	512	512	512	zenravif-444	6	65.0	32219	601.58	15.66	79.3204	identical
1624487	512	512	512	svt-rs-420	6	65.0	32826	61.48	32.00	79.8259	identical
1624487	512	512	512	zenravif-420	6	70.0	33106	403.01	13.41	80.4943	identical
1624487	512	512	512	zenravif-444	6	70.0	36562	650.09	41.97	81.4253	identical
1624487	512	512	512	svt-rs-420	6	70.0	36277	68.09	27.09	81.5598	identical
1624487	512	512	512	zenravif-420	6	75.0	39491	444.40	13.57	83.5950	identical
1624487	512	512	512	zenravif-444	6	75.0	44915	668.22	34.79	84.9151	identical
1624487	512	512	512	svt-rs-420	6	75.0	40657	66.19	26.88	83.5932	identical
1624487	512	512	512	zenravif-420	6	80.0	45177	435.42	14.99	85.4459	identical
1624487	512	512	512	zenravif-444	6	80.0	52951	644.71	16.93	86.8219	identical
1624487	512	512	512	svt-rs-420	6	80.0	46944	67.14	24.11	85.6146	identical
1624487	512	512	512	zenravif-420	6	85.0	52579	445.65	15.22	87.0001	identical
1624487	512	512	512	zenravif-444	6	85.0	62907	672.83	18.82	89.0868	identical
1624487	512	512	512	svt-rs-420	6	85.0	54542	67.15	24.64	87.1410	identical
1624487	512	512	512	zenravif-420	6	90.0	64499	471.37	21.83	88.5962	identical
1624487	512	512	512	zenravif-444	6	90.0	80253	732.71	19.60	91.2548	identical
1624487	512	512	512	svt-rs-420	6	90.0	72404	57.96	15.90	88.7558	identical
1624487	512	512	512	zenravif-420	6	95.0	88016	520.64	25.21	89.8664	identical
1624487	512	512	512	zenravif-444	6	95.0	116665	754.02	34.73	93.5552	identical
1624487	512	512	512	svt-rs-420	6	95.0	97462	78.11	16.19	89.8721	identical
1624487	512	512	512	zenravif-420	6	100.0	171016	670.39	39.52	90.6248	identical
1624487	512	512	512	zenravif-444	6	100.0	277545	1089.38	80.17	95.7722	identical
1624487	512	512	512	svt-rs-420	6	100.0	233624	92.11	17.65	-777.5103	identical
1624487	512	512	512	zenravif-420	9	5.0	3881	159.89	39.02	-16.2127	identical
1624487	512	512	512	zenravif-444	9	5.0	3760	235.96	54.83	-17.6402	identical
1624487	512	512	512	svt-rs-420	9	5.0	2419	21.83	31.46	-32.8093	identical
1624487	512	512	512	zenravif-420	9	10.0	4344	165.06	22.35	-8.5028	identical
1624487	512	512	512	zenravif-444	9	10.0	4207	244.70	52.68	-10.0577	identical
1624487	512	512	512	svt-rs-420	9	10.0	3336	21.27	32.60	-16.2653	identical
1624487	512	512	512	zenravif-420	9	15.0	5327	159.26	41.16	2.6817	identical
1624487	512	512	512	zenravif-444	9	15.0	5186	248.26	53.03	1.7434	identical
1624487	512	512	512	svt-rs-420	9	15.0	4534	24.02	42.79	-0.4206	identical
1624487	512	512	512	zenravif-420	9	20.0	6644	169.79	38.03	18.2368	identical
1624487	512	512	512	zenravif-444	9	20.0	6605	261.23	32.33	17.5129	identical
1624487	512	512	512	svt-rs-420	9	20.0	5828	25.35	38.68	15.0356	identical
1624487	512	512	512	zenravif-420	9	25.0	8034	167.78	48.73	28.5438	identical
1624487	512	512	512	zenravif-444	9	25.0	8045	262.78	43.52	28.9994	identical
1624487	512	512	512	svt-rs-420	9	25.0	7308	26.21	29.48	25.5417	identical
1624487	512	512	512	zenravif-420	9	30.0	9802	167.75	29.98	39.1168	identical
1624487	512	512	512	zenravif-444	9	30.0	9922	275.19	31.20	39.4517	identical
1624487	512	512	512	svt-rs-420	9	30.0	9121	27.78	22.23	36.4167	identical
1624487	512	512	512	zenravif-420	9	35.0	11896	180.91	25.57	47.6725	identical
1624487	512	512	512	zenravif-444	9	35.0	12150	294.47	45.01	48.4133	identical
1624487	512	512	512	svt-rs-420	9	35.0	12031	27.59	24.47	46.8594	identical
1624487	512	512	512	zenravif-420	9	40.0	14247	182.88	24.84	55.4482	identical
1624487	512	512	512	zenravif-444	9	40.0	14768	307.02	37.00	55.2271	identical
1624487	512	512	512	svt-rs-420	9	40.0	14718	27.53	28.17	54.5576	identical
1624487	512	512	512	zenravif-420	9	45.0	16824	185.31	30.82	61.5711	identical
1624487	512	512	512	zenravif-444	9	45.0	17606	288.46	45.56	62.0397	identical
1624487	512	512	512	svt-rs-420	9	45.0	17705	28.49	31.07	61.2043	identical
1624487	512	512	512	zenravif-420	9	50.0	19853	123.61	9.78	66.8590	identical
1624487	512	512	512	zenravif-444	9	50.0	21041	179.75	13.06	66.9093	identical
1624487	512	512	512	svt-rs-420	9	50.0	20926	30.45	26.76	65.6261	identical
1624487	512	512	512	zenravif-420	9	55.0	22626	119.42	14.89	70.9372	identical
1624487	512	512	512	zenravif-444	9	55.0	24247	190.42	20.04	71.2947	identical
1624487	512	512	512	svt-rs-420	9	55.0	24707	31.51	16.15	71.6620	identical
1624487	512	512	512	zenravif-420	9	60.0	26112	122.35	12.02	74.6485	identical
1624487	512	512	512	zenravif-444	9	60.0	28298	195.63	12.14	74.9392	identical
1624487	512	512	512	svt-rs-420	9	60.0	30307	41.20	19.47	76.5095	identical
1624487	512	512	512	zenravif-420	9	65.0	30134	127.25	13.41	77.9758	identical
1624487	512	512	512	zenravif-444	9	65.0	33125	207.43	14.61	78.6290	identical
1624487	512	512	512	svt-rs-420	9	65.0	34368	39.46	35.49	79.8553	identical
1624487	512	512	512	zenravif-420	9	70.0	33786	129.20	25.77	80.3893	identical
1624487	512	512	512	zenravif-444	9	70.0	37649	220.91	13.88	81.1802	identical
1624487	512	512	512	svt-rs-420	9	70.0	38157	37.13	35.26	81.6749	identical
1624487	512	512	512	zenravif-420	9	75.0	40505	143.35	13.64	83.4155	identical
1624487	512	512	512	zenravif-444	9	75.0	46253	216.23	14.19	84.2756	identical
1624487	512	512	512	svt-rs-420	9	75.0	42516	35.89	32.32	83.7269	identical
1624487	512	512	512	zenravif-420	9	80.0	46337	171.65	23.92	85.1286	identical
1624487	512	512	512	zenravif-444	9	80.0	54504	248.97	34.97	86.9017	identical
1624487	512	512	512	svt-rs-420	9	80.0	49632	39.01	33.49	85.5815	identical
1624487	512	512	512	zenravif-420	9	85.0	53974	151.46	15.17	86.9204	identical
1624487	512	512	512	zenravif-444	9	85.0	65243	253.32	30.77	88.8436	identical
1624487	512	512	512	svt-rs-420	9	85.0	57650	38.92	27.56	87.3036	identical
1624487	512	512	512	zenravif-420	9	90.0	66248	160.73	16.82	88.3077	identical
1624487	512	512	512	zenravif-444	9	90.0	82962	257.25	25.99	91.3076	identical
1624487	512	512	512	svt-rs-420	9	90.0	75338	28.15	13.53	88.6281	identical
1624487	512	512	512	zenravif-420	9	95.0	90221	177.27	21.77	89.7964	identical
1624487	512	512	512	zenravif-444	9	95.0	120471	301.41	28.11	93.6702	identical
1624487	512	512	512	svt-rs-420	9	95.0	100723	31.14	23.17	89.8570	identical
1624487	512	512	512	zenravif-420	9	100.0	167439	218.39	27.82	90.5404	identical
1624487	512	512	512	zenravif-444	9	100.0	273585	377.22	43.60	95.6425	identical
1624487	512	512	512	svt-rs-420	9	100.0	232397	47.15	27.53	-898.1546	identical
162520	512	512	512	zenravif-420	2	5.0	2789	1339.36	42.57	-25.9376	identical
162520	512	512	512	zenravif-444	2	5.0	2697	1728.16	45.85	-27.5325	identical
162520	512	512	512	svt-rs-420	2	5.0	2080	3230.90	27.57	-38.8098	identical
162520	512	512	512	zenravif-420	2	10.0	3144	1364.27	18.25	-19.7510	identical
162520	512	512	512	zenravif-444	2	10.0	3126	1651.33	58.00	-19.4073	identical
162520	512	512	512	svt-rs-420	2	10.0	3089	3637.68	24.48	-19.1388	identical
162520	512	512	512	zenravif-420	2	15.0	3993	1444.94	48.94	-6.5375	identical
162520	512	512	512	zenravif-444	2	15.0	3933	1965.49	46.02	-7.0252	identical
162520	512	512	512	svt-rs-420	2	15.0	4504	4618.32	48.63	1.8551	identical
162520	512	512	512	zenravif-420	2	20.0	5224	1873.51	39.53	7.6287	identical
162520	512	512	512	zenravif-444	2	20.0	5164	2144.85	42.07	6.9431	identical
162520	512	512	512	svt-rs-420	2	20.0	5804	4837.49	46.03	14.5358	identical
162520	512	512	512	zenravif-420	2	25.0	6543	2082.25	39.16	18.9240	identical
162520	512	512	512	zenravif-444	2	25.0	6476	2440.23	41.22	17.8610	identical
162520	512	512	512	svt-rs-420	2	25.0	7445	5040.81	38.97	25.5520	identical
162520	512	512	512	zenravif-420	2	30.0	8273	2294.86	54.17	30.3294	identical
162520	512	512	512	zenravif-444	2	30.0	8286	2825.98	57.57	30.0740	identical
162520	512	512	512	svt-rs-420	2	30.0	9252	5487.93	28.51	36.5261	identical
162520	512	512	512	zenravif-420	2	35.0	10394	2205.60	39.41	41.1882	identical
162520	512	512	512	zenravif-444	2	35.0	10405	2664.17	47.57	40.5105	identical
162520	512	512	512	svt-rs-420	2	35.0	12316	5765.39	49.91	48.5274	identical
162520	512	512	512	zenravif-420	2	40.0	12837	2614.86	36.43	49.1977	identical
162520	512	512	512	zenravif-444	2	40.0	12938	3005.69	57.00	48.9064	identical
162520	512	512	512	svt-rs-420	2	40.0	14991	5644.97	25.60	55.1023	identical
162520	512	512	512	zenravif-420	2	45.0	15441	2598.37	34.57	55.9242	identical
162520	512	512	512	zenravif-444	2	45.0	15836	3122.49	34.49	56.6215	identical
162520	512	512	512	svt-rs-420	2	45.0	17999	5495.59	43.50	60.8422	identical
162520	512	512	512	zenravif-420	2	50.0	18863	2516.75	32.79	62.4218	identical
162520	512	512	512	zenravif-444	2	50.0	19482	2709.86	25.67	62.9349	identical
162520	512	512	512	svt-rs-420	2	50.0	21508	4730.08	25.89	65.6539	identical
162520	512	512	512	zenravif-420	2	55.0	22121	3971.67	87.76	67.1407	identical
162520	512	512	512	zenravif-444	2	55.0	23017	3113.40	23.94	67.9400	identical
162520	512	512	512	svt-rs-420	2	55.0	25287	5697.89	36.71	70.1341	identical
162520	512	512	512	zenravif-420	2	60.0	25892	2885.77	14.61	70.8618	identical
162520	512	512	512	zenravif-444	2	60.0	27168	3292.23	17.54	71.9118	identical
162520	512	512	512	svt-rs-420	2	60.0	31042	5112.18	32.30	75.0740	identical
162520	512	512	512	zenravif-420	2	65.0	30313	2849.81	27.48	74.6986	identical
162520	512	512	512	zenravif-444	2	65.0	32122	3373.43	27.46	76.0475	identical
162520	512	512	512	svt-rs-420	2	65.0	35245	4739.18	41.82	77.8328	identical
162520	512	512	512	zenravif-420	2	70.0	34427	3255.68	17.69	77.7376	identical
162520	512	512	512	zenravif-444	2	70.0	36809	3350.30	20.88	78.9319	identical
162520	512	512	512	svt-rs-420	2	70.0	39168	4462.78	31.06	79.9729	identical
162520	512	512	512	zenravif-420	2	75.0	42102	3342.96	21.06	81.5067	identical
162520	512	512	512	zenravif-444	2	75.0	45925	4188.92	50.90	82.7347	identical
162520	512	512	512	svt-rs-420	2	75.0	43923	3837.72	42.51	81.6473	identical
162520	512	512	512	zenravif-420	2	80.0	48695	3499.91	18.78	83.7381	identical
162520	512	512	512	zenravif-444	2	80.0	54732	3747.76	36.88	85.2003	identical
162520	512	512	512	svt-rs-420	2	80.0	51676	3087.00	27.51	84.0006	identical
162520	512	512	512	zenravif-420	2	85.0	57745	3679.88	28.38	86.1179	identical
162520	512	512	512	zenravif-444	2	85.0	66241	4196.31	40.77	87.7534	identical
162520	512	512	512	svt-rs-420	2	85.0	60576	3131.19	26.00	86.7571	identical
162520	512	512	512	zenravif-420	2	90.0	72726	4416.38	23.86	88.5727	identical
162520	512	512	512	zenravif-444	2	90.0	85796	4661.88	25.97	90.3010	identical
162520	512	512	512	svt-rs-420	2	90.0	80709	2794.43	21.87	89.6744	identical
162520	512	512	512	zenravif-420	2	95.0	103413	4862.90	26.65	91.0247	identical
162520	512	512	512	zenravif-444	2	95.0	128592	5446.87	54.07	93.2913	identical
162520	512	512	512	svt-rs-420	2	95.0	111415	3511.11	38.68	91.7727	identical
162520	512	512	512	zenravif-420	2	100.0	198029	3508.67	69.06	93.3355	identical
162520	512	512	512	zenravif-444	2	100.0	293754	4115.12	112.00	96.0342	identical
162520	512	512	512	svt-rs-420	2	100.0	233105	2087.48	30.56	-596.3359	identical
162520	512	512	512	zenravif-420	6	5.0	3242	343.97	29.49	-26.9823	identical
162520	512	512	512	zenravif-444	6	5.0	3198	452.44	36.97	-27.0197	identical
162520	512	512	512	svt-rs-420	6	5.0	2106	37.09	34.50	-41.9380	identical
162520	512	512	512	zenravif-420	6	10.0	3656	369.55	26.25	-17.9090	identical
162520	512	512	512	zenravif-444	6	10.0	3586	484.88	38.71	-18.8976	identical
162520	512	512	512	svt-rs-420	6	10.0	3100	76.49	23.40	-24.8527	identical
162520	512	512	512	zenravif-420	6	15.0	4502	400.87	15.98	-6.1936	identical
162520	512	512	512	zenravif-444	6	15.0	4457	485.98	37.55	-7.9059	identical
162520	512	512	512	svt-rs-420	6	15.0	4452	72.55	15.55	-5.2470	identical
162520	512	512	512	zenravif-420	6	20.0	5874	433.00	17.45	8.0546	identical
162520	512	512	512	zenravif-444	6	20.0	5800	534.35	24.12	6.9536	identical
162520	512	512	512	svt-rs-420	6	20.0	5826	48.27	27.55	8.7171	identical
162520	512	512	512	zenravif-420	6	25.0	7266	417.05	36.46	19.7987	identical
162520	512	512	512	zenravif-444	6	25.0	7242	680.27	47.88	18.4397	identical
162520	512	512	512	svt-rs-420	6	25.0	7505	49.90	28.97	20.7156	identical
162520	512	512	512	zenravif-420	6	30.0	9126	471.39	38.63	31.3282	identical
162520	512	512	512	zenravif-444	6	30.0	9175	731.54	43.95	31.5000	identical
162520	512	512	512	svt-rs-420	6	30.0	9516	53.38	26.69	31.4903	identical
162520	512	512	512	zenravif-420	6	35.0	11395	460.15	26.53	42.0212	identical
162520	512	512	512	zenravif-444	6	35.0	11536	635.94	61.94	41.6830	identical
162520	512	512	512	svt-rs-420	6	35.0	12847	57.95	46.29	44.5116	identical
162520	512	512	512	zenravif-420	6	40.0	13970	466.04	49.89	50.4836	identical
162520	512	512	512	zenravif-444	6	40.0	14236	671.98	40.14	50.8857	identical
162520	512	512	512	svt-rs-420	6	40.0	15795	63.05	31.28	50.9962	identical
162520	512	512	512	zenravif-420	6	45.0	16882	478.70	51.00	57.1960	identical
162520	512	512	512	zenravif-444	6	45.0	17293	723.71	42.15	57.3390	identical
162520	512	512	512	svt-rs-420	6	45.0	19253	64.57	17.15	58.2632	identical
162520	512	512	512	zenravif-420	6	50.0	20394	346.14	26.81	63.5026	identical
162520	512	512	512	zenravif-444	6	50.0	21088	490.92	18.97	64.2900	identical
162520	512	512	512	svt-rs-420	6	50.0	22836	71.60	22.19	63.9988	identical
162520	512	512	512	zenravif-420	6	55.0	24004	368.09	16.67	68.1416	identical
162520	512	512	512	zenravif-444	6	55.0	24931	567.38	16.28	69.0047	identical
162520	512	512	512	svt-rs-420	6	55.0	27297	74.07	17.42	68.8852	identical
162520	512	512	512	zenravif-420	6	60.0	27745	389.63	29.78	71.9328	identical
162520	512	512	512	zenravif-444	6	60.0	29179	575.10	19.59	72.7958	identical
162520	512	512	512	svt-rs-420	6	60.0	33572	84.63	30.75	74.0533	identical
162520	512	512	512	zenravif-420	6	65.0	32500	392.21	14.49	75.4742	identical
162520	512	512	512	zenravif-444	6	65.0	34541	588.86	25.73	76.7191	identical
162520	512	512	512	svt-rs-420	6	65.0	38115	76.75	34.42	76.9356	identical
162520	512	512	512	zenravif-420	6	70.0	36849	424.08	26.94	78.0420	identical
162520	512	512	512	zenravif-444	6	70.0	39458	636.14	23.09	79.4224	identical
162520	512	512	512	svt-rs-420	6	70.0	42655	88.74	17.76	79.5226	identical
162520	512	512	512	zenravif-420	6	75.0	44972	410.87	16.25	81.7072	identical
162520	512	512	512	zenravif-444	6	75.0	48987	642.82	21.00	83.1141	identical
162520	512	512	512	svt-rs-420	6	75.0	47772	81.98	32.44	81.4549	identical
162520	512	512	512	zenravif-420	6	80.0	51979	455.17	15.74	84.2209	identical
162520	512	512	512	zenravif-444	6	80.0	58184	658.09	19.35	85.6913	identical
162520	512	512	512	svt-rs-420	6	80.0	55649	88.03	39.02	83.9495	identical
162520	512	512	512	zenravif-420	6	85.0	61441	455.39	27.59	86.4262	identical
162520	512	512	512	zenravif-444	6	85.0	70295	642.67	29.19	87.9450	identical
162520	512	512	512	svt-rs-420	6	85.0	65152	87.17	49.91	86.5201	identical
162520	512	512	512	zenravif-420	6	90.0	77146	477.40	19.15	88.7188	identical
162520	512	512	512	zenravif-444	6	90.0	90848	749.15	40.33	90.5653	identical
162520	512	512	512	svt-rs-420	6	90.0	87158	76.37	24.51	89.1959	identical
162520	512	512	512	zenravif-420	6	95.0	107607	532.40	25.31	91.1235	identical
162520	512	512	512	zenravif-444	6	95.0	133834	761.27	45.30	93.3654	identical
162520	512	512	512	svt-rs-420	6	95.0	119554	85.43	24.70	91.4183	identical
162520	512	512	512	zenravif-420	6	100.0	191084	684.10	41.04	93.2088	identical
162520	512	512	512	zenravif-444	6	100.0	285196	1126.36	43.43	95.6115	identical
162520	512	512	512	svt-rs-420	6	100.0	255804	112.05	37.95	-733.6918	identical
162520	512	512	512	zenravif-420	9	5.0	3255	143.22	26.19	-26.0144	identical
162520	512	512	512	zenravif-444	9	5.0	3195	197.57	50.79	-27.7438	identical
162520	512	512	512	svt-rs-420	9	5.0	2211	23.35	43.51	-42.3687	identical
162520	512	512	512	zenravif-420	9	10.0	3683	142.61	27.21	-18.5965	identical
162520	512	512	512	zenravif-444	9	10.0	3617	211.91	49.62	-19.9771	identical
162520	512	512	512	svt-rs-420	9	10.0	3175	22.50	41.77	-26.8201	identical
162520	512	512	512	zenravif-420	9	15.0	4530	157.44	26.21	-7.2459	identical
162520	512	512	512	zenravif-444	9	15.0	4490	253.33	49.39	-8.2650	identical
162520	512	512	512	svt-rs-420	9	15.0	4501	24.07	41.42	-6.5338	identical
162520	512	512	512	zenravif-420	9	20.0	5964	152.21	51.09	8.9508	identical
162520	512	512	512	zenravif-444	9	20.0	5937	247.76	31.25	7.8587	identical
162520	512	512	512	svt-rs-420	9	20.0	5882	25.42	27.18	7.0838	identical
162520	512	512	512	zenravif-420	9	25.0	7421	159.71	38.00	18.8894	identical
162520	512	512	512	zenravif-444	9	25.0	7377	244.53	37.45	19.3400	identical
162520	512	512	512	svt-rs-420	9	25.0	7557	42.38	35.46	19.9233	identical
162520	512	512	512	zenravif-420	9	30.0	9380	170.60	20.19	31.5311	identical
162520	512	512	512	zenravif-444	9	30.0	9366	268.34	36.48	31.3246	identical
162520	512	512	512	svt-rs-420	9	30.0	9608	30.06	37.72	30.7822	identical
162520	512	512	512	zenravif-420	9	35.0	11726	188.87	39.85	41.8561	identical
162520	512	512	512	zenravif-444	9	35.0	11824	275.86	54.18	41.6900	identical
162520	512	512	512	svt-rs-420	9	35.0	12981	30.83	41.80	43.1990	identical
162520	512	512	512	zenravif-420	9	40.0	14464	173.41	36.50	50.5425	identical
162520	512	512	512	zenravif-444	9	40.0	14757	284.81	57.42	50.8478	identical
162520	512	512	512	svt-rs-420	9	40.0	16003	30.52	30.76	50.8436	identical
162520	512	512	512	zenravif-420	9	45.0	17479	178.72	43.03	57.1055	identical
162520	512	512	512	zenravif-444	9	45.0	17951	629.40	260.16	57.3160	identical
162520	512	512	512	svt-rs-420	9	45.0	19584	66.48	20.39	58.3002	identical
162520	512	512	512	zenravif-420	9	50.0	21267	114.96	10.67	63.0916	identical
162520	512	512	512	zenravif-444	9	50.0	22113	176.62	26.68	63.8675	identical
162520	512	512	512	svt-rs-420	9	50.0	23360	32.73	47.70	64.0303	identical
162520	512	512	512	zenravif-420	9	55.0	25121	120.65	22.48	67.1318	identical
162520	512	512	512	zenravif-444	9	55.0	26137	191.74	29.87	68.1874	identical
162520	512	512	512	svt-rs-420	9	55.0	27974	33.48	25.76	68.7793	identical
162520	512	512	512	zenravif-420	9	60.0	28998	126.33	12.41	71.5694	identical
162520	512	512	512	zenravif-444	9	60.0	30511	198.11	15.61	72.1891	identical
162520	512	512	512	svt-rs-420	9	60.0	34388	37.25	35.32	73.9907	identical
162520	512	512	512	zenravif-420	9	65.0	34072	129.05	27.17	75.3690	identical
162520	512	512	512	zenravif-444	9	65.0	36292	210.39	40.73	76.1550	identical
162520	512	512	512	svt-rs-420	9	65.0	39101	53.56	27.61	76.9473	identical
162520	512	512	512	zenravif-420	9	70.0	38628	133.28	16.44	77.8575	identical
162520	512	512	512	zenravif-444	9	70.0	41635	221.73	19.20	78.9227	identical
162520	512	512	512	svt-rs-420	9	70.0	43793	39.63	39.46	79.6013	identical
162520	512	512	512	zenravif-420	9	75.0	47068	145.04	11.68	81.6125	identical
162520	512	512	512	zenravif-444	9	75.0	51683	234.79	22.25	82.7452	identical
162520	512	512	512	svt-rs-420	9	75.0	49203	39.83	27.48	81.6782	identical
162520	512	512	512	zenravif-420	9	80.0	54521	156.71	17.46	83.9991	identical
162520	512	512	512	zenravif-444	9	80.0	61192	247.01	43.69	85.4431	identical
162520	512	512	512	svt-rs-420	9	80.0	57272	44.76	41.51	84.0588	identical
162520	512	512	512	zenravif-420	9	85.0	64488	156.42	17.89	86.3463	identical
162520	512	512	512	zenravif-444	9	85.0	73974	248.86	15.63	87.7382	identical
162520	512	512	512	svt-rs-420	9	85.0	66967	43.49	16.51	85.7978	identical
162520	512	512	512	zenravif-420	9	90.0	80787	169.87	16.14	88.6385	identical
162520	512	512	512	zenravif-444	9	90.0	95039	260.16	41.33	90.4885	identical
162520	512	512	512	svt-rs-420	9	90.0	89434	35.07	27.77	89.2945	identical
162520	512	512	512	zenravif-420	9	95.0	112270	185.68	19.53	91.0684	identical
162520	512	512	512	zenravif-444	9	95.0	139741	284.59	36.83	93.2921	identical
162520	512	512	512	svt-rs-420	9	95.0	121636	40.08	22.83	91.3066	identical
162520	512	512	512	zenravif-420	9	100.0	192858	225.37	33.98	93.0110	identical
162520	512	512	512	zenravif-444	9	100.0	288698	460.81	42.05	95.5019	identical
162520	512	512	512	svt-rs-420	9	100.0	259089	87.88	32.35	-662.5887	identical
mosaic0	1024	1024	1024	zenravif-420	2	5.0	12743	7723.12	104.06	-18.9862	identical
mosaic0	1024	1024	1024	zenravif-444	2	5.0	12461	8508.99	110.16	-20.4329	identical
mosaic0	1024	1024	1024	svt-rs-420	2	5.0	8533	12315.20	112.62	-36.9481	identical
mosaic0	1024	1024	1024	zenravif-420	2	10.0	14453	7848.33	123.75	-13.3012	identical
mosaic0	1024	1024	1024	zenravif-444	2	10.0	14032	9009.09	155.96	-15.1840	identical
mosaic0	1024	1024	1024	svt-rs-420	2	10.0	12226	13292.23	90.97	-20.2441	identical
mosaic0	1024	1024	1024	zenravif-420	2	15.0	17640	8686.51	83.72	-2.0602	identical
mosaic0	1024	1024	1024	zenravif-444	2	15.0	17441	10119.55	181.08	-3.2724	identical
mosaic0	1024	1024	1024	svt-rs-420	2	15.0	16760	15635.84	92.49	-4.8419	identical
mosaic0	1024	1024	1024	zenravif-420	2	20.0	22310	8827.23	119.59	9.9841	identical
mosaic0	1024	1024	1024	zenravif-444	2	20.0	22356	11673.09	128.55	9.2105	identical
mosaic0	1024	1024	1024	svt-rs-420	2	20.0	20726	15805.12	108.09	10.2587	identical
mosaic0	1024	1024	1024	zenravif-420	2	25.0	26970	9822.02	101.99	19.6328	identical
mosaic0	1024	1024	1024	zenravif-444	2	25.0	27381	11610.17	173.00	19.3347	identical
mosaic0	1024	1024	1024	svt-rs-420	2	25.0	25536	14798.55	86.41	20.0324	identical
mosaic0	1024	1024	1024	zenravif-420	2	30.0	32965	10564.83	154.87	28.9432	identical
mosaic0	1024	1024	1024	zenravif-444	2	30.0	33824	12249.07	180.22	29.0677	identical
mosaic0	1024	1024	1024	svt-rs-420	2	30.0	30918	15720.85	122.91	29.7661	identical
mosaic0	1024	1024	1024	zenravif-420	2	35.0	39963	11416.07	158.04	37.5349	identical
mosaic0	1024	1024	1024	zenravif-444	2	35.0	41611	13322.54	195.80	37.9603	identical
mosaic0	1024	1024	1024	svt-rs-420	2	35.0	40168	16570.69	157.58	40.4420	identical
mosaic0	1024	1024	1024	zenravif-420	2	40.0	48689	12166.55	188.07	45.5388	identical
mosaic0	1024	1024	1024	zenravif-444	2	40.0	51166	14325.98	210.17	46.7445	identical
mosaic0	1024	1024	1024	svt-rs-420	2	40.0	48613	15962.11	140.41	47.6163	identical
mosaic0	1024	1024	1024	zenravif-420	2	45.0	57559	12960.89	124.96	51.7752	identical
mosaic0	1024	1024	1024	zenravif-444	2	45.0	61094	15152.61	244.67	53.4396	identical
mosaic0	1024	1024	1024	svt-rs-420	2	45.0	58532	16993.01	163.81	54.8067	identical
mosaic0	1024	1024	1024	zenravif-420	2	50.0	67865	11694.88	59.02	58.3081	identical
mosaic0	1024	1024	1024	zenravif-444	2	50.0	73234	13540.64	98.30	60.3055	identical
mosaic0	1024	1024	1024	svt-rs-420	2	50.0	69188	15359.21	163.46	59.9532	identical
mosaic0	1024	1024	1024	zenravif-420	2	55.0	78836	11840.31	541.87	62.4309	identical
mosaic0	1024	1024	1024	zenravif-444	2	55.0	85208	13435.94	82.01	65.3283	identical
mosaic0	1024	1024	1024	svt-rs-420	2	55.0	82107	16181.06	91.99	64.8290	identical
mosaic0	1024	1024	1024	zenravif-420	2	60.0	90914	12691.64	80.47	66.4035	identical
mosaic0	1024	1024	1024	zenravif-444	2	60.0	99460	14204.40	72.58	69.7380	identical
mosaic0	1024	1024	1024	svt-rs-420	2	60.0	100320	16322.66	177.19	70.2016	identical
mosaic0	1024	1024	1024	zenravif-420	2	65.0	104985	13068.70	68.69	70.3401	identical
mosaic0	1024	1024	1024	zenravif-444	2	65.0	116956	14900.14	77.69	74.2099	identical
mosaic0	1024	1024	1024	svt-rs-420	2	65.0	114157	14576.62	207.59	72.5405	identical
mosaic0	1024	1024	1024	zenravif-420	2	70.0	117899	13772.39	74.04	72.6493	identical
mosaic0	1024	1024	1024	zenravif-444	2	70.0	133299	15910.33	90.34	77.2601	identical
mosaic0	1024	1024	1024	svt-rs-420	2	70.0	126781	12956.13	194.02	74.1266	identical
mosaic0	1024	1024	1024	zenravif-420	2	75.0	142583	15080.82	92.49	75.8062	identical
mosaic0	1024	1024	1024	zenravif-444	2	75.0	165066	16246.56	98.66	81.4403	identical
mosaic0	1024	1024	1024	svt-rs-420	2	75.0	141389	11837.66	210.35	75.7380	identical
mosaic0	1024	1024	1024	zenravif-420	2	80.0	172019	3215.53	65.75	77.2594	identical
mosaic0	1024	1024	1024	zenravif-444	2	80.0	203593	5272.18	84.72	83.8864	identical
mosaic0	1024	1024	1024	svt-rs-420	2	80.0	166652	9943.89	130.64	77.5781	identical
mosaic0	1024	1024	1024	zenravif-420	2	85.0	201370	3349.03	68.01	78.6074	identical
mosaic0	1024	1024	1024	zenravif-444	2	85.0	243576	5551.92	100.13	86.3128	identical
mosaic0	1024	1024	1024	svt-rs-420	2	85.0	194963	11057.36	191.82	78.9677	identical
mosaic0	1024	1024	1024	zenravif-420	2	90.0	250818	3666.95	268.74	79.7456	identical
mosaic0	1024	1024	1024	zenravif-444	2	90.0	313148	5941.36	99.97	89.0087	identical
mosaic0	1024	1024	1024	svt-rs-420	2	90.0	257273	11178.19	106.35	80.2252	identical
mosaic0	1024	1024	1024	zenravif-420	2	95.0	352277	4222.94	137.56	80.5523	identical
mosaic0	1024	1024	1024	zenravif-444	2	95.0	458269	7092.91	223.44	91.8672	identical
mosaic0	1024	1024	1024	svt-rs-420	2	95.0	351635	12054.27	170.36	80.7485	identical
mosaic0	1024	1024	1024	zenravif-420	2	100.0	688045	3842.99	235.29	81.1583	identical
mosaic0	1024	1024	1024	zenravif-444	2	100.0	1090799	7433.56	186.53	94.7928	identical
mosaic0	1024	1024	1024	svt-rs-420	2	100.0	814294	9477.07	140.02	-819.2208	identical
mosaic0	1024	1024	1024	zenravif-420	6	5.0	14648	1475.63	127.20	-23.0188	identical
mosaic0	1024	1024	1024	zenravif-444	6	5.0	14239	2311.24	221.24	-24.4313	identical
mosaic0	1024	1024	1024	svt-rs-420	6	5.0	9393	148.46	178.31	-46.9752	identical
mosaic0	1024	1024	1024	zenravif-420	6	10.0	16312	1505.86	141.63	-17.4965	identical
mosaic0	1024	1024	1024	zenravif-444	6	10.0	15936	2364.78	434.99	-17.9749	identical
mosaic0	1024	1024	1024	svt-rs-420	6	10.0	13568	158.62	146.48	-31.2772	identical
mosaic0	1024	1024	1024	zenravif-420	6	15.0	19740	1587.45	170.96	-5.6237	identical
mosaic0	1024	1024	1024	zenravif-444	6	15.0	19455	2411.85	165.51	-7.1472	identical
mosaic0	1024	1024	1024	svt-rs-420	6	15.0	18893	182.83	131.59	-15.3603	identical
mosaic0	1024	1024	1024	zenravif-420	6	20.0	24628	1964.76	90.33	8.0092	identical
mosaic0	1024	1024	1024	zenravif-444	6	20.0	24720	2496.73	435.33	7.8229	identical
mosaic0	1024	1024	1024	svt-rs-420	6	20.0	24453	199.43	109.96	-3.1190	identical
mosaic0	1024	1024	1024	zenravif-420	6	25.0	29744	1695.39	146.92	19.2907	identical
mosaic0	1024	1024	1024	zenravif-444	6	25.0	29874	2733.04	157.32	19.1071	identical
mosaic0	1024	1024	1024	svt-rs-420	6	25.0	31234	205.90	122.66	11.8768	identical
mosaic0	1024	1024	1024	zenravif-420	6	30.0	36126	1815.50	136.45	29.0988	identical
mosaic0	1024	1024	1024	zenravif-444	6	30.0	36902	2706.31	252.99	29.0671	identical
mosaic0	1024	1024	1024	svt-rs-420	6	30.0	38957	213.77	149.03	21.9369	identical
mosaic0	1024	1024	1024	zenravif-420	6	35.0	43734	1915.60	138.48	37.1479	identical
mosaic0	1024	1024	1024	zenravif-444	6	35.0	45240	3031.55	210.42	38.5299	identical
mosaic0	1024	1024	1024	svt-rs-420	6	35.0	51305	236.50	147.62	35.7193	identical
mosaic0	1024	1024	1024	zenravif-420	6	40.0	53223	1897.95	169.95	46.1077	identical
mosaic0	1024	1024	1024	zenravif-444	6	40.0	55670	2964.99	165.32	47.2574	identical
mosaic0	1024	1024	1024	svt-rs-420	6	40.0	62172	243.86	94.12	43.2016	identical
mosaic0	1024	1024	1024	zenravif-420	6	45.0	63025	1990.67	185.87	52.8258	identical
mosaic0	1024	1024	1024	zenravif-444	6	45.0	66480	3223.31	94.26	54.6128	identical
mosaic0	1024	1024	1024	svt-rs-420	6	45.0	74656	265.60	177.77	51.7575	identical
mosaic0	1024	1024	1024	zenravif-420	6	50.0	74456	1452.27	48.50	58.2544	identical
mosaic0	1024	1024	1024	zenravif-444	6	50.0	79869	2098.81	55.39	60.5785	identical
mosaic0	1024	1024	1024	svt-rs-420	6	50.0	88222	287.05	127.86	57.2066	identical
mosaic0	1024	1024	1024	zenravif-420	6	55.0	86606	1542.56	62.80	62.5982	identical
mosaic0	1024	1024	1024	zenravif-444	6	55.0	93230	2386.48	45.09	66.0554	identical
mosaic0	1024	1024	1024	svt-rs-420	6	55.0	104057	312.86	108.48	63.4284	identical
mosaic0	1024	1024	1024	zenravif-420	6	60.0	100138	1578.98	66.16	66.9818	identical
mosaic0	1024	1024	1024	zenravif-444	6	60.0	109357	2350.16	93.71	70.1366	identical
mosaic0	1024	1024	1024	svt-rs-420	6	60.0	127842	334.62	97.57	68.8567	identical
mosaic0	1024	1024	1024	zenravif-420	6	65.0	115450	1667.92	51.68	70.4396	identical
mosaic0	1024	1024	1024	zenravif-444	6	65.0	127888	2565.28	64.70	74.4367	identical
mosaic0	1024	1024	1024	svt-rs-420	6	65.0	144573	314.43	141.71	72.0782	identical
mosaic0	1024	1024	1024	zenravif-420	6	70.0	130770	1783.03	57.37	72.7608	identical
mosaic0	1024	1024	1024	zenravif-444	6	70.0	147205	2647.20	74.97	77.2064	identical
mosaic0	1024	1024	1024	svt-rs-420	6	70.0	159073	342.28	87.67	74.1277	identical
mosaic0	1024	1024	1024	zenravif-420	6	75.0	157597	1767.67	77.68	75.9492	identical
mosaic0	1024	1024	1024	zenravif-444	6	75.0	181622	2764.81	69.08	81.4212	identical
mosaic0	1024	1024	1024	svt-rs-420	6	75.0	177295	330.35	151.27	75.6085	identical
mosaic0	1024	1024	1024	zenravif-420	6	80.0	182213	1964.48	91.63	77.5964	identical
mosaic0	1024	1024	1024	zenravif-444	6	80.0	216422	2965.25	78.45	84.1816	identical
mosaic0	1024	1024	1024	svt-rs-420	6	80.0	203918	355.81	162.51	77.5099	identical
mosaic0	1024	1024	1024	zenravif-420	6	85.0	213799	1920.84	86.12	78.9323	identical
mosaic0	1024	1024	1024	zenravif-444	6	85.0	259940	3004.78	63.38	86.5296	identical
mosaic0	1024	1024	1024	svt-rs-420	6	85.0	236457	353.89	100.26	78.7460	identical
mosaic0	1024	1024	1024	zenravif-420	6	90.0	267000	2108.69	72.34	79.8297	identical
mosaic0	1024	1024	1024	zenravif-444	6	90.0	335337	3236.79	67.16	89.4530	identical
mosaic0	1024	1024	1024	svt-rs-420	6	90.0	309256	313.42	76.91	79.7573	identical
mosaic0	1024	1024	1024	zenravif-420	6	95.0	377828	2314.56	120.59	80.6372	identical
mosaic0	1024	1024	1024	zenravif-444	6	95.0	497012	3536.13	117.74	91.9546	identical
mosaic0	1024	1024	1024	svt-rs-420	6	95.0	419084	361.44	86.88	80.6087	identical
mosaic0	1024	1024	1024	zenravif-420	6	100.0	697492	2834.89	209.85	81.1601	identical
mosaic0	1024	1024	1024	zenravif-444	6	100.0	1112462	4841.58	303.10	94.6437	identical
mosaic0	1024	1024	1024	svt-rs-420	6	100.0	955680	479.48	131.36	-822.4156	identical
mosaic0	1024	1024	1024	zenravif-420	9	5.0	15284	568.06	135.37	-25.5867	identical
mosaic0	1024	1024	1024	zenravif-444	9	5.0	14739	859.31	146.12	-25.7319	identical
mosaic0	1024	1024	1024	svt-rs-420	9	5.0	10688	91.72	137.79	-45.9288	identical
mosaic0	1024	1024	1024	zenravif-420	9	10.0	17153	585.92	126.92	-19.2714	identical
mosaic0	1024	1024	1024	zenravif-444	9	10.0	16844	885.19	131.46	-20.8324	identical
mosaic0	1024	1024	1024	svt-rs-420	9	10.0	14954	98.11	102.51	-34.1951	identical
mosaic0	1024	1024	1024	zenravif-420	9	15.0	21187	600.45	118.46	-8.0362	identical
mosaic0	1024	1024	1024	zenravif-444	9	15.0	20877	955.50	184.40	-8.8632	identical
mosaic0	1024	1024	1024	svt-rs-420	9	15.0	20343	115.54	119.36	-17.1152	identical
mosaic0	1024	1024	1024	zenravif-420	9	20.0	26774	669.91	107.97	5.6785	identical
mosaic0	1024	1024	1024	zenravif-444	9	20.0	26854	952.32	138.60	5.2516	identical
mosaic0	1024	1024	1024	svt-rs-420	9	20.0	26141	121.91	146.14	-5.0583	identical
mosaic0	1024	1024	1024	zenravif-420	9	25.0	32521	626.32	161.83	15.6215	identical
mosaic0	1024	1024	1024	zenravif-444	9	25.0	32969	998.37	145.07	15.4691	identical
mosaic0	1024	1024	1024	svt-rs-420	9	25.0	32803	134.90	93.48	6.4882	identical
mosaic0	1024	1024	1024	zenravif-420	9	30.0	40061	691.10	128.34	26.6743	identical
mosaic0	1024	1024	1024	zenravif-444	9	30.0	40994	1082.72	193.46	27.1023	identical
mosaic0	1024	1024	1024	svt-rs-420	9	30.0	41042	121.73	142.12	20.3587	identical
mosaic0	1024	1024	1024	zenravif-420	9	35.0	48843	687.32	121.18	35.6113	identical
mosaic0	1024	1024	1024	zenravif-444	9	35.0	50670	1059.74	144.26	36.7218	identical
mosaic0	1024	1024	1024	svt-rs-420	9	35.0	54238	121.23	142.47	32.6229	identical
mosaic0	1024	1024	1024	zenravif-420	9	40.0	59884	694.30	139.58	44.1184	identical
mosaic0	1024	1024	1024	zenravif-444	9	40.0	63055	1091.07	132.80	45.8870	identical
mosaic0	1024	1024	1024	svt-rs-420	9	40.0	66163	134.30	164.03	42.4335	identical
mosaic0	1024	1024	1024	zenravif-420	9	45.0	71258	725.76	64.90	51.5104	identical
mosaic0	1024	1024	1024	zenravif-444	9	45.0	75955	1156.58	82.35	53.1466	identical
mosaic0	1024	1024	1024	svt-rs-420	9	45.0	79563	134.91	144.71	50.3111	identical
mosaic0	1024	1024	1024	zenravif-420	9	50.0	84650	490.84	52.89	56.7671	identical
mosaic0	1024	1024	1024	zenravif-444	9	50.0	91816	755.87	38.67	58.9860	identical
mosaic0	1024	1024	1024	svt-rs-420	9	50.0	94440	139.46	167.23	56.4620	identical
mosaic0	1024	1024	1024	zenravif-420	9	55.0	98976	530.06	38.20	61.3863	identical
mosaic0	1024	1024	1024	zenravif-444	9	55.0	107547	794.67	46.80	64.0299	identical
mosaic0	1024	1024	1024	svt-rs-420	9	55.0	111865	154.66	76.93	62.5754	identical
mosaic0	1024	1024	1024	zenravif-420	9	60.0	114354	510.05	36.50	65.4316	identical
mosaic0	1024	1024	1024	zenravif-444	9	60.0	126317	776.59	60.70	68.6403	identical
mosaic0	1024	1024	1024	svt-rs-420	9	60.0	137169	151.37	92.92	67.9493	identical
mosaic0	1024	1024	1024	zenravif-420	9	65.0	132509	514.47	62.34	69.0474	identical
mosaic0	1024	1024	1024	zenravif-444	9	65.0	148553	848.75	52.64	73.0987	identical
mosaic0	1024	1024	1024	svt-rs-420	9	65.0	155028	152.39	119.01	71.2054	identical
mosaic0	1024	1024	1024	zenravif-420	9	70.0	149917	533.00	41.16	71.8606	identical
mosaic0	1024	1024	1024	zenravif-444	9	70.0	170694	911.81	59.86	76.2967	identical
mosaic0	1024	1024	1024	svt-rs-420	9	70.0	171054	166.36	89.57	73.3016	identical
mosaic0	1024	1024	1024	zenravif-420	9	75.0	181079	576.27	70.10	75.4955	identical
mosaic0	1024	1024	1024	zenravif-444	9	75.0	210716	878.24	78.25	80.5738	identical
mosaic0	1024	1024	1024	svt-rs-420	9	75.0	190058	158.86	160.18	74.9846	identical
mosaic0	1024	1024	1024	zenravif-420	9	80.0	209104	605.25	52.92	77.2065	identical
mosaic0	1024	1024	1024	zenravif-444	9	80.0	250429	958.79	57.49	83.5514	identical
mosaic0	1024	1024	1024	svt-rs-420	9	80.0	219213	191.35	100.32	76.8693	identical
mosaic0	1024	1024	1024	zenravif-420	9	85.0	245134	654.33	53.22	78.7663	identical
mosaic0	1024	1024	1024	zenravif-444	9	85.0	300756	1018.94	98.09	86.0830	identical
mosaic0	1024	1024	1024	svt-rs-420	9	85.0	253323	181.89	70.91	77.9496	identical
mosaic0	1024	1024	1024	zenravif-420	9	90.0	305064	688.72	54.39	79.6198	identical
mosaic0	1024	1024	1024	zenravif-444	9	90.0	386175	1071.04	86.95	89.0959	identical
mosaic0	1024	1024	1024	svt-rs-420	9	90.0	328584	140.65	71.65	78.9805	identical
mosaic0	1024	1024	1024	zenravif-420	9	95.0	424946	751.30	79.63	80.6549	identical
mosaic0	1024	1024	1024	zenravif-444	9	95.0	564529	1193.80	75.58	92.0601	identical
mosaic0	1024	1024	1024	svt-rs-420	9	95.0	442759	165.69	96.67	80.1801	identical
mosaic0	1024	1024	1024	zenravif-420	9	100.0	724855	911.90	100.24	81.1151	identical
mosaic0	1024	1024	1024	zenravif-444	9	100.0	1163620	1616.13	218.86	94.6029	identical
mosaic0	1024	1024	1024	svt-rs-420	9	100.0	988757	313.85	86.56	-785.3140	identical
mosaic1	1024	1024	1024	zenravif-420	2	5.0	9430	6142.78	131.56	-21.0757	identical
mosaic1	1024	1024	1024	zenravif-444	2	5.0	9365	6037.26	209.81	-21.7545	identical
mosaic1	1024	1024	1024	svt-rs-420	2	5.0	7810	13648.99	109.56	-28.2743	identical
mosaic1	1024	1024	1024	zenravif-420	2	10.0	10991	5689.24	143.08	-13.5179	identical
mosaic1	1024	1024	1024	zenravif-444	2	10.0	10882	6371.22	131.35	-14.8078	identical
mosaic1	1024	1024	1024	svt-rs-420	2	10.0	11730	14126.40	115.30	-9.6021	identical
mosaic1	1024	1024	1024	zenravif-420	2	15.0	13995	5803.98	118.49	-1.6659	identical
mosaic1	1024	1024	1024	zenravif-444	2	15.0	13789	6958.69	155.57	-3.0993	identical
mosaic1	1024	1024	1024	svt-rs-420	2	15.0	17212	17942.81	74.38	7.5850	identical
mosaic1	1024	1024	1024	zenravif-420	2	20.0	18611	6953.34	70.61	10.9913	identical
mosaic1	1024	1024	1024	zenravif-444	2	20.0	18520	8047.83	176.00	9.6378	identical
mosaic1	1024	1024	1024	svt-rs-420	2	20.0	22352	17411.28	100.88	18.3496	identical
mosaic1	1024	1024	1024	zenravif-420	2	25.0	23684	7438.46	127.00	21.4917	identical
mosaic1	1024	1024	1024	zenravif-444	2	25.0	23590	8687.38	148.47	21.5411	identical
mosaic1	1024	1024	1024	svt-rs-420	2	25.0	28513	17089.48	112.22	27.3437	identical
mosaic1	1024	1024	1024	zenravif-420	2	30.0	30388	7584.79	102.43	31.2761	identical
mosaic1	1024	1024	1024	zenravif-444	2	30.0	30521	9166.17	176.60	30.7987	identical
mosaic1	1024	1024	1024	svt-rs-420	2	30.0	36349	18612.96	131.58	36.7761	identical
mosaic1	1024	1024	1024	zenravif-420	2	35.0	38811	8911.28	110.39	41.0423	identical
mosaic1	1024	1024	1024	zenravif-444	2	35.0	39213	10362.72	168.44	40.6456	identical
mosaic1	1024	1024	1024	svt-rs-420	2	35.0	49624	19987.15	119.15	47.5531	identical
mosaic1	1024	1024	1024	zenravif-420	2	40.0	49306	9409.91	106.03	48.5238	identical
mosaic1	1024	1024	1024	zenravif-444	2	40.0	49797	11075.65	96.31	48.6747	identical
mosaic1	1024	1024	1024	svt-rs-420	2	40.0	62519	21044.56	92.52	54.9813	identical
mosaic1	1024	1024	1024	zenravif-420	2	45.0	61423	10029.78	131.47	55.4591	identical
mosaic1	1024	1024	1024	zenravif-444	2	45.0	62433	11929.93	192.14	55.7773	identical
mosaic1	1024	1024	1024	svt-rs-420	2	45.0	77429	23210.33	151.54	61.6675	identical
mosaic1	1024	1024	1024	zenravif-420	2	50.0	74780	10311.89	62.08	60.4755	identical
mosaic1	1024	1024	1024	zenravif-444	2	50.0	76306	11417.27	83.31	61.3669	identical
mosaic1	1024	1024	1024	svt-rs-420	2	50.0	93660	21101.88	146.27	66.4325	identical
mosaic1	1024	1024	1024	zenravif-420	2	55.0	90597	10551.00	58.85	66.1074	identical
mosaic1	1024	1024	1024	zenravif-444	2	55.0	92705	12260.82	74.00	66.8921	identical
mosaic1	1024	1024	1024	svt-rs-420	2	55.0	112482	24192.97	260.37	70.8364	identical
mosaic1	1024	1024	1024	zenravif-420	2	60.0	107287	10532.62	55.67	70.4147	identical
mosaic1	1024	1024	1024	zenravif-444	2	60.0	110276	11441.08	88.31	71.2973	identical
mosaic1	1024	1024	1024	svt-rs-420	2	60.0	139289	20277.38	161.89	75.9170	identical
mosaic1	1024	1024	1024	zenravif-420	2	65.0	126033	11600.57	59.91	74.4278	identical
mosaic1	1024	1024	1024	zenravif-444	2	65.0	130367	11608.94	70.89	75.2298	identical
mosaic1	1024	1024	1024	svt-rs-420	2	65.0	158643	17654.09	153.53	78.4067	identical
mosaic1	1024	1024	1024	zenravif-420	2	70.0	143282	12158.51	90.90	76.9677	identical
mosaic1	1024	1024	1024	zenravif-444	2	70.0	149303	12819.43	111.31	78.2741	identical
mosaic1	1024	1024	1024	svt-rs-420	2	70.0	175689	17288.81	149.86	80.4038	identical
mosaic1	1024	1024	1024	zenravif-420	2	75.0	176149	11949.98	60.28	81.0179	identical
mosaic1	1024	1024	1024	zenravif-444	2	75.0	186480	13494.33	87.31	82.1529	identical
mosaic1	1024	1024	1024	svt-rs-420	2	75.0	196086	13616.52	179.62	82.3671	identical
mosaic1	1024	1024	1024	zenravif-420	2	80.0	207921	2629.87	61.57	83.0631	identical
mosaic1	1024	1024	1024	zenravif-444	2	80.0	223572	3919.63	78.79	84.5048	identical
mosaic1	1024	1024	1024	svt-rs-420	2	80.0	227261	10287.92	137.20	84.6314	identical
mosaic1	1024	1024	1024	zenravif-420	2	85.0	243630	2686.51	64.29	85.4682	identical
mosaic1	1024	1024	1024	zenravif-444	2	85.0	266500	4267.42	119.47	86.7594	identical
mosaic1	1024	1024	1024	svt-rs-420	2	85.0	261431	10870.69	120.70	86.5282	identical
mosaic1	1024	1024	1024	zenravif-420	2	90.0	297622	3074.01	178.40	87.4367	identical
mosaic1	1024	1024	1024	zenravif-444	2	90.0	336795	5140.21	102.97	89.1031	identical
mosaic1	1024	1024	1024	svt-rs-420	2	90.0	335125	12427.10	117.15	88.7875	identical
mosaic1	1024	1024	1024	zenravif-420	2	95.0	397488	3430.75	97.55	89.4744	identical
mosaic1	1024	1024	1024	zenravif-444	2	95.0	478916	5619.35	196.20	91.1551	identical
mosaic1	1024	1024	1024	svt-rs-420	2	95.0	435367	11227.21	120.44	89.9416	identical
mosaic1	1024	1024	1024	zenravif-420	2	100.0	716216	3616.35	268.62	90.8243	identical
mosaic1	1024	1024	1024	zenravif-444	2	100.0	1084076	6647.13	354.93	93.0999	identical
mosaic1	1024	1024	1024	svt-rs-420	2	100.0	888711	6197.80	100.61	-805.5728	identical
mosaic1	1024	1024	1024	zenravif-420	6	5.0	10850	1319.62	197.78	-22.8860	identical
mosaic1	1024	1024	1024	zenravif-444	6	5.0	10729	1846.22	179.69	-23.6375	identical
mosaic1	1024	1024	1024	svt-rs-420	6	5.0	7685	135.61	145.97	-32.4291	identical
mosaic1	1024	1024	1024	zenravif-420	6	10.0	12598	1491.22	163.15	-15.0206	identical
mosaic1	1024	1024	1024	zenravif-444	6	10.0	12453	1848.19	186.27	-15.8115	identical
mosaic1	1024	1024	1024	svt-rs-420	6	10.0	11354	145.16	166.08	-15.3634	identical
mosaic1	1024	1024	1024	zenravif-420	6	15.0	15956	1437.32	82.86	-2.6458	identical
mosaic1	1024	1024	1024	zenravif-444	6	15.0	15779	2012.10	192.21	-4.2784	identical
mosaic1	1024	1024	1024	svt-rs-420	6	15.0	16106	164.04	164.85	0.6797	identical
mosaic1	1024	1024	1024	zenravif-420	6	20.0	21092	1554.16	183.95	10.8570	identical
mosaic1	1024	1024	1024	zenravif-444	6	20.0	20929	2125.38	222.30	9.3118	identical
mosaic1	1024	1024	1024	svt-rs-420	6	20.0	21239	174.66	115.48	13.2415	identical
mosaic1	1024	1024	1024	zenravif-420	6	25.0	26445	1480.51	156.56	21.3597	identical
mosaic1	1024	1024	1024	zenravif-444	6	25.0	26400	2482.22	119.01	20.4787	identical
mosaic1	1024	1024	1024	svt-rs-420	6	25.0	27686	190.15	96.14	24.2319	identical
mosaic1	1024	1024	1024	zenravif-420	6	30.0	33941	1620.40	186.40	32.4606	identical
mosaic1	1024	1024	1024	zenravif-444	6	30.0	34031	2261.92	229.82	31.9182	identical
mosaic1	1024	1024	1024	svt-rs-420	6	30.0	35845	189.55	201.30	34.3361	identical
mosaic1	1024	1024	1024	zenravif-420	6	35.0	42777	1743.33	187.48	41.5062	identical
mosaic1	1024	1024	1024	zenravif-444	6	35.0	43109	2312.41	220.67	41.3015	identical
mosaic1	1024	1024	1024	svt-rs-420	6	35.0	50149	224.27	164.41	45.2385	identical
mosaic1	1024	1024	1024	zenravif-420	6	40.0	53837	1720.75	170.98	49.5077	identical
mosaic1	1024	1024	1024	zenravif-444	6	40.0	54409	2489.93	79.55	49.7106	identical
mosaic1	1024	1024	1024	svt-rs-420	6	40.0	63348	239.43	157.21	52.8332	identical
mosaic1	1024	1024	1024	zenravif-420	6	45.0	66550	1845.88	152.41	56.7941	identical
mosaic1	1024	1024	1024	zenravif-444	6	45.0	67522	2699.29	179.42	57.0018	identical
mosaic1	1024	1024	1024	svt-rs-420	6	45.0	78849	247.87	147.22	59.1910	identical
mosaic1	1024	1024	1024	zenravif-420	6	50.0	80525	1278.46	67.44	62.6654	identical
mosaic1	1024	1024	1024	zenravif-444	6	50.0	82083	1879.01	43.29	63.1746	identical
mosaic1	1024	1024	1024	svt-rs-420	6	50.0	95599	258.98	98.71	64.8040	identical
mosaic1	1024	1024	1024	zenravif-420	6	55.0	96434	1388.07	62.06	67.3545	identical
mosaic1	1024	1024	1024	zenravif-444	6	55.0	98641	1893.76	51.34	68.0549	identical
mosaic1	1024	1024	1024	svt-rs-420	6	55.0	116024	348.05	89.64	69.7317	identical
mosaic1	1024	1024	1024	zenravif-420	6	60.0	113869	1348.01	55.43	71.4516	identical
mosaic1	1024	1024	1024	zenravif-444	6	60.0	117310	1911.78	64.47	72.2738	identical
mosaic1	1024	1024	1024	svt-rs-420	6	60.0	144290	302.70	118.60	74.8302	identical
mosaic1	1024	1024	1024	zenravif-420	6	65.0	133341	1438.23	64.92	75.1279	identical
mosaic1	1024	1024	1024	zenravif-444	6	65.0	138194	1990.01	55.90	76.1871	identical
mosaic1	1024	1024	1024	svt-rs-420	6	65.0	164558	303.80	92.38	77.5249	identical
mosaic1	1024	1024	1024	zenravif-420	6	70.0	151957	1481.18	77.70	77.8613	identical
mosaic1	1024	1024	1024	zenravif-444	6	70.0	158338	2146.91	50.51	79.0254	identical
mosaic1	1024	1024	1024	svt-rs-420	6	70.0	184177	312.35	102.49	79.7418	identical
mosaic1	1024	1024	1024	zenravif-420	6	75.0	185813	1568.93	53.13	81.5007	identical
mosaic1	1024	1024	1024	zenravif-444	6	75.0	196276	2278.20	101.17	82.6996	identical
mosaic1	1024	1024	1024	svt-rs-420	6	75.0	205871	341.06	107.56	81.7638	identical
mosaic1	1024	1024	1024	zenravif-420	6	80.0	213738	1604.32	56.28	83.6213	identical
mosaic1	1024	1024	1024	zenravif-444	6	80.0	229609	2446.85	94.19	84.8152	identical
mosaic1	1024	1024	1024	svt-rs-420	6	80.0	236828	344.92	164.56	84.1069	identical
mosaic1	1024	1024	1024	zenravif-420	6	85.0	250708	1649.41	85.49	85.8052	identical
mosaic1	1024	1024	1024	zenravif-444	6	85.0	274881	2508.87	85.76	87.0516	identical
mosaic1	1024	1024	1024	svt-rs-420	6	85.0	273563	318.56	128.52	86.0227	identical
mosaic1	1024	1024	1024	zenravif-420	6	90.0	305275	1866.59	64.30	87.4746	identical
mosaic1	1024	1024	1024	zenravif-444	6	90.0	347296	2716.49	85.86	89.1361	identical
mosaic1	1024	1024	1024	svt-rs-420	6	90.0	351707	342.96	67.17	88.3344	identical
mosaic1	1024	1024	1024	zenravif-420	6	95.0	407282	2050.57	108.61	89.6193	identical
mosaic1	1024	1024	1024	zenravif-444	6	95.0	494925	3009.59	161.53	91.2139	identical
mosaic1	1024	1024	1024	svt-rs-420	6	95.0	458786	277.47	85.68	89.7632	identical
mosaic1	1024	1024	1024	zenravif-420	6	100.0	717036	2687.36	172.83	90.9238	identical
mosaic1	1024	1024	1024	zenravif-444	6	100.0	1089850	4208.80	221.73	93.0736	identical
mosaic1	1024	1024	1024	svt-rs-420	6	100.0	969716	396.36	85.83	-584.8560	identical
mosaic1	1024	1024	1024	zenravif-420	9	5.0	10800	514.87	173.76	-23.4724	identical
mosaic1	1024	1024	1024	zenravif-444	9	5.0	10669	688.55	193.77	-23.6799	identical
mosaic1	1024	1024	1024	svt-rs-420	9	5.0	8292	94.86	140.25	-34.7358	identical
mosaic1	1024	1024	1024	zenravif-420	9	10.0	12559	522.17	155.35	-15.2648	identical
mosaic1	1024	1024	1024	zenravif-444	9	10.0	12461	696.85	199.09	-16.0044	identical
mosaic1	1024	1024	1024	svt-rs-420	9	10.0	11852	82.71	141.80	-17.2149	identical
mosaic1	1024	1024	1024	zenravif-420	9	15.0	15948	550.29	175.11	-2.6762	identical
mosaic1	1024	1024	1024	zenravif-444	9	15.0	15818	771.74	148.76	-4.1726	identical
mosaic1	1024	1024	1024	svt-rs-420	9	15.0	16619	90.88	167.15	-0.8071	identical
mosaic1	1024	1024	1024	zenravif-420	9	20.0	21133	554.95	175.38	10.8686	identical
mosaic1	1024	1024	1024	zenravif-444	9	20.0	20980	782.81	196.93	9.6036	identical
mosaic1	1024	1024	1024	svt-rs-420	9	20.0	22008	97.10	120.08	12.3507	identical
mosaic1	1024	1024	1024	zenravif-420	9	25.0	26671	577.35	152.14	21.3477	identical
mosaic1	1024	1024	1024	zenravif-444	9	25.0	26677	844.37	143.63	20.3482	identical
mosaic1	1024	1024	1024	svt-rs-420	9	25.0	28589	119.18	180.21	23.0268	identical
mosaic1	1024	1024	1024	zenravif-420	9	30.0	34381	616.34	134.51	32.4090	identical
mosaic1	1024	1024	1024	zenravif-444	9	30.0	34540	906.55	201.25	32.1953	identical
mosaic1	1024	1024	1024	svt-rs-420	9	30.0	36856	108.70	160.15	33.2425	identical
mosaic1	1024	1024	1024	zenravif-420	9	35.0	43488	635.11	104.75	41.7581	identical
mosaic1	1024	1024	1024	zenravif-444	9	35.0	43817	927.05	195.32	41.8922	identical
mosaic1	1024	1024	1024	svt-rs-420	9	35.0	51098	114.96	121.37	44.8711	identical
mosaic1	1024	1024	1024	zenravif-420	9	40.0	54937	647.08	137.97	50.1202	identical
mosaic1	1024	1024	1024	zenravif-444	9	40.0	55539	1012.84	114.28	50.2060	identical
mosaic1	1024	1024	1024	svt-rs-420	9	40.0	64464	117.27	131.58	52.2845	identical
mosaic1	1024	1024	1024	zenravif-420	9	45.0	67962	683.30	85.95	56.9485	identical
mosaic1	1024	1024	1024	zenravif-444	9	45.0	68933	1019.66	180.25	57.1208	identical
mosaic1	1024	1024	1024	svt-rs-420	9	45.0	80409	120.84	73.89	58.7423	identical
mosaic1	1024	1024	1024	zenravif-420	9	50.0	82623	445.05	42.99	62.5173	identical
mosaic1	1024	1024	1024	zenravif-444	9	50.0	84343	658.66	43.78	63.0279	identical
mosaic1	1024	1024	1024	svt-rs-420	9	50.0	97778	134.42	164.85	64.0425	identical
mosaic1	1024	1024	1024	zenravif-420	9	55.0	99007	1027.48	79.90	67.1584	identical
mosaic1	1024	1024	1024	zenravif-444	9	55.0	101357	1272.57	105.31	67.6373	identical
mosaic1	1024	1024	1024	svt-rs-420	9	55.0	118672	143.36	128.58	69.1159	identical
mosaic1	1024	1024	1024	zenravif-420	9	60.0	117222	475.96	61.24	71.1744	identical
mosaic1	1024	1024	1024	zenravif-444	9	60.0	120964	706.89	56.89	71.8304	identical
mosaic1	1024	1024	1024	svt-rs-420	9	60.0	147478	143.23	93.07	74.4576	identical
mosaic1	1024	1024	1024	zenravif-420	9	65.0	137348	493.39	42.92	74.8214	identical
mosaic1	1024	1024	1024	zenravif-444	9	65.0	142646	727.82	52.51	75.5894	identical
mosaic1	1024	1024	1024	svt-rs-420	9	65.0	168072	229.33	81.49	77.4266	identical
mosaic1	1024	1024	1024	zenravif-420	9	70.0	156846	506.57	62.87	77.6805	identical
mosaic1	1024	1024	1024	zenravif-444	9	70.0	164101	750.67	47.81	78.4871	identical
mosaic1	1024	1024	1024	svt-rs-420	9	70.0	187768	148.38	100.63	79.6118	identical
mosaic1	1024	1024	1024	zenravif-420	9	75.0	192023	528.30	64.13	81.2425	identical
mosaic1	1024	1024	1024	zenravif-444	9	75.0	204127	841.82	55.81	82.2792	identical
mosaic1	1024	1024	1024	svt-rs-420	9	75.0	209767	148.39	135.25	81.8363	identical
mosaic1	1024	1024	1024	zenravif-420	9	80.0	221243	633.30	40.42	83.5053	identical
mosaic1	1024	1024	1024	zenravif-444	9	80.0	239562	1062.06	53.71	84.5660	identical
mosaic1	1024	1024	1024	svt-rs-420	9	80.0	242293	177.29	95.46	84.0642	identical
mosaic1	1024	1024	1024	zenravif-420	9	85.0	259707	623.54	44.39	85.5041	identical
mosaic1	1024	1024	1024	zenravif-444	9	85.0	287243	872.34	115.95	86.8857	identical
mosaic1	1024	1024	1024	svt-rs-420	9	85.0	279486	168.49	51.76	85.8074	identical
mosaic1	1024	1024	1024	zenravif-420	9	90.0	317325	711.02	66.16	87.3294	identical
mosaic1	1024	1024	1024	zenravif-444	9	90.0	363315	1007.30	68.71	89.1473	identical
mosaic1	1024	1024	1024	svt-rs-420	9	90.0	357501	140.04	56.03	88.1934	identical
mosaic1	1024	1024	1024	zenravif-420	9	95.0	423549	707.44	74.30	89.4348	identical
mosaic1	1024	1024	1024	zenravif-444	9	95.0	517671	1058.52	63.95	91.2749	identical
mosaic1	1024	1024	1024	svt-rs-420	9	95.0	465440	141.44	65.37	89.7500	identical
mosaic1	1024	1024	1024	zenravif-420	9	100.0	721694	894.25	126.77	90.9287	identical
mosaic1	1024	1024	1024	zenravif-444	9	100.0	1101437	1500.52	153.53	92.9582	identical
mosaic1	1024	1024	1024	svt-rs-420	9	100.0	960547	218.69	67.28	-696.0538	identical
mosaic2	1024	1024	1024	zenravif-420	2	5.0	9688	6614.63	138.74	-17.9211	identical
mosaic2	1024	1024	1024	zenravif-444	2	5.0	9529	7686.15	160.84	-20.1617	identical
mosaic2	1024	1024	1024	svt-rs-420	2	5.0	6929	11378.72	129.70	-34.0350	identical
mosaic2	1024	1024	1024	zenravif-420	2	10.0	11096	6487.99	170.23	-11.1009	identical
mosaic2	1024	1024	1024	zenravif-444	2	10.0	10950	8091.88	200.45	-12.8157	identical
mosaic2	1024	1024	1024	svt-rs-420	2	10.0	9985	12549.44	66.97	-14.0786	identical
mosaic2	1024	1024	1024	zenravif-420	2	15.0	13848	7094.29	132.54	2.0762	identical
mosaic2	1024	1024	1024	zenravif-444	2	15.0	13712	8468.16	172.71	0.5209	identical
mosaic2	1024	1024	1024	svt-rs-420	2	15.0	13955	14213.12	137.52	3.7609	identical
mosaic2	1024	1024	1024	zenravif-420	2	20.0	17336	8325.55	155.68	14.1238	identical
mosaic2	1024	1024	1024	zenravif-444	2	20.0	17305	9177.03	142.16	13.4082	identical
mosaic2	1024	1024	1024	svt-rs-420	2	20.0	17643	15565.93	120.42	16.6359	identical
mosaic2	1024	1024	1024	zenravif-420	2	25.0	20973	8556.00	114.31	24.1223	identical
mosaic2	1024	1024	1024	zenravif-444	2	25.0	21099	9990.17	81.01	24.0891	identical
mosaic2	1024	1024	1024	svt-rs-420	2	25.0	21729	14170.24	119.11	25.9876	identical
mosaic2	1024	1024	1024	zenravif-420	2	30.0	26077	10022.77	148.58	34.3177	identical
mosaic2	1024	1024	1024	zenravif-444	2	30.0	26343	10905.15	181.28	34.8552	identical
mosaic2	1024	1024	1024	svt-rs-420	2	30.0	26594	14706.24	105.30	34.9836	identical
mosaic2	1024	1024	1024	zenravif-420	2	35.0	31732	9484.05	119.56	43.5025	identical
mosaic2	1024	1024	1024	zenravif-444	2	35.0	32394	11941.26	156.57	43.4027	identical
mosaic2	1024	1024	1024	svt-rs-420	2	35.0	34428	16381.30	91.23	46.4446	identical
mosaic2	1024	1024	1024	zenravif-420	2	40.0	39010	10463.70	126.12	50.5584	identical
mosaic2	1024	1024	1024	zenravif-444	2	40.0	39895	12494.70	218.24	51.6987	identical
mosaic2	1024	1024	1024	svt-rs-420	2	40.0	41612	14969.57	142.94	53.6970	identical
mosaic2	1024	1024	1024	zenravif-420	2	45.0	46134	11405.43	162.49	57.4550	identical
mosaic2	1024	1024	1024	zenravif-444	2	45.0	47570	13256.93	188.89	57.8926	identical
mosaic2	1024	1024	1024	svt-rs-420	2	45.0	49742	13851.44	148.06	59.4674	identical
mosaic2	1024	1024	1024	zenravif-420	2	50.0	55461	9863.26	52.51	62.5939	identical
mosaic2	1024	1024	1024	zenravif-444	2	50.0	57692	11624.91	77.11	63.8706	identical
mosaic2	1024	1024	1024	svt-rs-420	2	50.0	58496	15751.02	110.40	64.5065	identical
mosaic2	1024	1024	1024	zenravif-420	2	55.0	64413	11875.12	80.75	67.3377	identical
mosaic2	1024	1024	1024	zenravif-444	2	55.0	67297	12127.76	91.83	68.3000	identical
mosaic2	1024	1024	1024	svt-rs-420	2	55.0	68988	16082.92	127.97	69.2225	identical
mosaic2	1024	1024	1024	zenravif-420	2	60.0	73813	11124.01	64.67	70.6419	identical
mosaic2	1024	1024	1024	zenravif-444	2	60.0	77880	12517.54	92.54	71.5623	identical
mosaic2	1024	1024	1024	svt-rs-420	2	60.0	84286	13037.18	153.14	74.0642	identical
mosaic2	1024	1024	1024	zenravif-420	2	65.0	86016	12356.99	57.16	74.8538	identical
mosaic2	1024	1024	1024	zenravif-444	2	65.0	91212	13976.20	96.48	75.2714	identical
mosaic2	1024	1024	1024	svt-rs-420	2	65.0	95251	13803.11	184.90	76.7226	identical
mosaic2	1024	1024	1024	zenravif-420	2	70.0	97071	13253.18	69.04	77.2941	identical
mosaic2	1024	1024	1024	zenravif-444	2	70.0	104249	14544.39	63.78	78.4035	identical
mosaic2	1024	1024	1024	svt-rs-420	2	70.0	106063	12739.29	84.27	78.9922	identical
mosaic2	1024	1024	1024	zenravif-420	2	75.0	119177	14159.11	60.49	81.1002	identical
mosaic2	1024	1024	1024	zenravif-444	2	75.0	130306	15354.41	76.59	82.1688	identical
mosaic2	1024	1024	1024	svt-rs-420	2	75.0	119006	11847.40	140.43	81.0057	identical
mosaic2	1024	1024	1024	zenravif-420	2	80.0	143098	2931.52	66.74	83.2037	identical
mosaic2	1024	1024	1024	zenravif-444	2	80.0	160374	4550.97	98.17	84.7889	identical
mosaic2	1024	1024	1024	svt-rs-420	2	80.0	140797	8949.40	118.99	83.7437	identical
mosaic2	1024	1024	1024	zenravif-420	2	85.0	170157	3196.72	62.81	85.4713	identical
mosaic2	1024	1024	1024	zenravif-444	2	85.0	193655	6227.99	104.58	87.2719	identical
mosaic2	1024	1024	1024	svt-rs-420	2	85.0	166222	9085.13	121.66	85.8117	identical
mosaic2	1024	1024	1024	zenravif-420	2	90.0	217313	3307.42	131.01	87.8999	identical
mosaic2	1024	1024	1024	zenravif-444	2	90.0	253819	5352.00	90.41	89.9732	identical
mosaic2	1024	1024	1024	svt-rs-420	2	90.0	223789	10510.79	152.02	88.6796	identical
mosaic2	1024	1024	1024	zenravif-420	2	95.0	309437	3920.61	147.36	89.8773	identical
mosaic2	1024	1024	1024	zenravif-444	2	95.0	375548	6103.82	181.28	92.3552	identical
mosaic2	1024	1024	1024	svt-rs-420	2	95.0	315214	11506.66	152.80	90.2853	identical
mosaic2	1024	1024	1024	zenravif-420	2	100.0	626533	3477.70	258.28	91.1512	identical
mosaic2	1024	1024	1024	zenravif-444	2	100.0	932997	6338.46	259.78	94.8764	identical
mosaic2	1024	1024	1024	svt-rs-420	2	100.0	772115	8223.84	133.11	-904.8949	identical
mosaic2	1024	1024	1024	zenravif-420	6	5.0	11591	1398.44	145.80	-18.6063	identical
mosaic2	1024	1024	1024	zenravif-444	6	5.0	11349	1992.38	195.71	-19.4638	identical
mosaic2	1024	1024	1024	svt-rs-420	6	5.0	7342	144.63	140.26	-38.9751	identical
mosaic2	1024	1024	1024	zenravif-420	6	10.0	13005	1355.39	130.22	-11.1531	identical
mosaic2	1024	1024	1024	zenravif-444	6	10.0	12775	1965.26	118.57	-12.3108	identical
mosaic2	1024	1024	1024	svt-rs-420	6	10.0	10498	153.79	126.54	-21.5622	identical
mosaic2	1024	1024	1024	zenravif-420	6	15.0	15913	1500.25	171.41	1.0421	identical
mosaic2	1024	1024	1024	zenravif-444	6	15.0	15701	2142.68	190.24	-0.5651	identical
mosaic2	1024	1024	1024	svt-rs-420	6	15.0	14573	172.26	173.51	-4.2284	identical
mosaic2	1024	1024	1024	zenravif-420	6	20.0	19700	1988.53	160.05	13.8585	identical
mosaic2	1024	1024	1024	zenravif-444	6	20.0	19533	2247.84	194.88	12.6810	identical
mosaic2	1024	1024	1024	svt-rs-420	6	20.0	18682	192.52	123.17	9.3468	identical
mosaic2	1024	1024	1024	zenravif-420	6	25.0	23659	1511.20	176.03	24.1312	identical
mosaic2	1024	1024	1024	zenravif-444	6	25.0	23707	2484.95	202.68	23.2418	identical
mosaic2	1024	1024	1024	svt-rs-420	6	25.0	23572	196.52	149.92	21.6155	identical
mosaic2	1024	1024	1024	zenravif-420	6	30.0	29080	1687.13	139.36	34.7245	identical
mosaic2	1024	1024	1024	zenravif-444	6	30.0	29373	2439.22	116.82	34.0697	identical
mosaic2	1024	1024	1024	svt-rs-420	6	30.0	29223	202.82	115.16	31.6053	identical
mosaic2	1024	1024	1024	zenravif-420	6	35.0	35511	1693.84	142.12	43.8423	identical
mosaic2	1024	1024	1024	zenravif-444	6	35.0	35997	2458.16	119.89	43.9093	identical
mosaic2	1024	1024	1024	svt-rs-420	6	35.0	38383	220.75	98.21	44.2664	identical
mosaic2	1024	1024	1024	zenravif-420	6	40.0	43224	2383.55	113.26	51.1214	identical
mosaic2	1024	1024	1024	zenravif-444	6	40.0	44067	2711.15	163.48	51.8363	identical
mosaic2	1024	1024	1024	svt-rs-420	6	40.0	46770	220.00	155.34	52.1865	identical
mosaic2	1024	1024	1024	zenravif-420	6	45.0	51095	1841.58	131.19	57.6004	identical
mosaic2	1024	1024	1024	zenravif-444	6	45.0	52692	2782.57	165.31	58.2945	identical
mosaic2	1024	1024	1024	svt-rs-420	6	45.0	56122	232.32	83.51	58.0470	identical
mosaic2	1024	1024	1024	zenravif-420	6	50.0	60562	1439.45	46.10	63.6378	identical
mosaic2	1024	1024	1024	zenravif-444	6	50.0	63018	2145.67	46.82	64.4513	identical
mosaic2	1024	1024	1024	svt-rs-420	6	50.0	66153	255.60	111.80	63.5506	identical
mosaic2	1024	1024	1024	zenravif-420	6	55.0	70636	1403.09	49.11	67.5933	identical
mosaic2	1024	1024	1024	zenravif-444	6	55.0	73465	2209.11	84.53	68.3621	identical
mosaic2	1024	1024	1024	svt-rs-420	6	55.0	78347	285.82	87.36	68.6596	identical
mosaic2	1024	1024	1024	zenravif-420	6	60.0	80822	1483.52	60.59	71.4379	identical
mosaic2	1024	1024	1024	zenravif-444	6	60.0	85044	2151.53	89.84	71.7315	identical
mosaic2	1024	1024	1024	svt-rs-420	6	60.0	96408	288.25	99.74	73.9198	identical
mosaic2	1024	1024	1024	zenravif-420	6	65.0	94235	1499.68	73.97	75.1795	identical
mosaic2	1024	1024	1024	zenravif-444	6	65.0	99630	2340.60	57.98	76.1042	identical
mosaic2	1024	1024	1024	svt-rs-420	6	65.0	109180	314.35	96.21	76.6957	identical
mosaic2	1024	1024	1024	zenravif-420	6	70.0	106396	1576.26	58.22	77.9767	identical
mosaic2	1024	1024	1024	zenravif-444	6	70.0	114173	2300.85	80.67	78.9361	identical
mosaic2	1024	1024	1024	svt-rs-420	6	70.0	121054	290.94	110.97	78.8873	identical
mosaic2	1024	1024	1024	zenravif-420	6	75.0	130267	1615.49	76.26	81.4566	identical
mosaic2	1024	1024	1024	zenravif-444	6	75.0	142013	2457.42	66.13	82.6848	identical
mosaic2	1024	1024	1024	svt-rs-420	6	75.0	135714	308.41	143.88	81.0738	identical
mosaic2	1024	1024	1024	zenravif-420	6	80.0	150420	1743.67	72.75	83.5938	identical
mosaic2	1024	1024	1024	zenravif-444	6	80.0	168266	2647.18	64.71	84.9664	identical
mosaic2	1024	1024	1024	svt-rs-420	6	80.0	158117	310.61	114.48	83.4840	identical
mosaic2	1024	1024	1024	zenravif-420	6	85.0	179599	1760.31	52.91	85.8033	identical
mosaic2	1024	1024	1024	zenravif-444	6	85.0	204061	3174.73	71.54	87.4554	identical
mosaic2	1024	1024	1024	svt-rs-420	6	85.0	184756	363.43	110.95	85.4799	identical
mosaic2	1024	1024	1024	zenravif-420	6	90.0	228923	1884.49	54.46	87.8574	identical
mosaic2	1024	1024	1024	zenravif-444	6	90.0	267651	2906.33	67.10	90.0271	identical
mosaic2	1024	1024	1024	svt-rs-420	6	90.0	250658	267.77	102.62	88.1778	identical
mosaic2	1024	1024	1024	zenravif-420	6	95.0	322934	2151.85	101.20	89.9681	identical
mosaic2	1024	1024	1024	zenravif-444	6	95.0	393539	3042.58	163.14	92.4506	identical
mosaic2	1024	1024	1024	svt-rs-420	6	95.0	350436	307.99	81.15	90.0119	identical
mosaic2	1024	1024	1024	zenravif-420	6	100.0	624422	2629.05	202.96	91.1859	identical
mosaic2	1024	1024	1024	zenravif-444	6	100.0	937609	4016.61	253.69	94.8429	identical
mosaic2	1024	1024	1024	svt-rs-420	6	100.0	868712	428.41	91.54	-813.0942	identical
mosaic2	1024	1024	1024	zenravif-420	9	5.0	11590	552.76	184.87	-18.8727	identical
mosaic2	1024	1024	1024	zenravif-444	9	5.0	11380	778.49	189.36	-20.4046	identical
mosaic2	1024	1024	1024	svt-rs-420	9	5.0	7749	85.73	176.25	-39.0171	identical
mosaic2	1024	1024	1024	zenravif-420	9	10.0	13051	551.19	171.33	-12.1237	identical
mosaic2	1024	1024	1024	zenravif-444	9	10.0	12776	779.64	180.07	-13.4805	identical
mosaic2	1024	1024	1024	svt-rs-420	9	10.0	10812	89.93	172.50	-24.0441	identical
mosaic2	1024	1024	1024	zenravif-420	9	15.0	16279	564.93	137.33	0.0176	identical
mosaic2	1024	1024	1024	zenravif-444	9	15.0	16043	878.14	199.72	-0.9850	identical
mosaic2	1024	1024	1024	svt-rs-420	9	15.0	14744	93.27	142.82	-6.0526	identical
mosaic2	1024	1024	1024	zenravif-420	9	20.0	20329	577.23	172.01	13.1331	identical
mosaic2	1024	1024	1024	zenravif-444	9	20.0	20247	911.81	172.03	12.3711	identical
mosaic2	1024	1024	1024	svt-rs-420	9	20.0	18922	97.43	189.32	7.3677	identical
mosaic2	1024	1024	1024	zenravif-420	9	25.0	24832	626.72	181.77	23.8390	identical
mosaic2	1024	1024	1024	zenravif-444	9	25.0	24842	934.62	218.01	23.2070	identical
mosaic2	1024	1024	1024	svt-rs-420	9	25.0	23931	113.95	171.36	19.1871	identical
mosaic2	1024	1024	1024	zenravif-420	9	30.0	30830	619.90	156.57	34.8485	identical
mosaic2	1024	1024	1024	zenravif-444	9	30.0	31070	956.59	230.59	34.6732	identical
mosaic2	1024	1024	1024	svt-rs-420	9	30.0	29921	112.76	178.40	30.0861	identical
mosaic2	1024	1024	1024	zenravif-420	9	35.0	37858	650.48	110.30	43.6612	identical
mosaic2	1024	1024	1024	zenravif-444	9	35.0	38374	1002.15	189.52	43.8642	identical
mosaic2	1024	1024	1024	svt-rs-420	9	35.0	39607	110.29	149.79	41.8490	identical
mosaic2	1024	1024	1024	zenravif-420	9	40.0	46472	666.82	167.78	51.8041	identical
mosaic2	1024	1024	1024	zenravif-444	9	40.0	47373	995.43	165.35	51.9556	identical
mosaic2	1024	1024	1024	svt-rs-420	9	40.0	48449	112.10	177.89	49.1545	identical
mosaic2	1024	1024	1024	zenravif-420	9	45.0	55271	683.67	147.73	58.1040	identical
mosaic2	1024	1024	1024	zenravif-444	9	45.0	56836	1068.53	158.15	58.4691	identical
mosaic2	1024	1024	1024	svt-rs-420	9	45.0	58430	124.21	110.76	57.4714	identical
mosaic2	1024	1024	1024	zenravif-420	9	50.0	66254	446.74	31.80	62.9058	identical
mosaic2	1024	1024	1024	zenravif-444	9	50.0	68811	781.99	48.60	63.5980	identical
mosaic2	1024	1024	1024	svt-rs-420	9	50.0	69288	124.26	139.39	62.7927	identical
mosaic2	1024	1024	1024	zenravif-420	9	55.0	77233	471.01	51.62	67.5187	identical
mosaic2	1024	1024	1024	zenravif-444	9	55.0	80394	703.83	43.99	68.1858	identical
mosaic2	1024	1024	1024	svt-rs-420	9	55.0	82315	126.85	119.65	68.2026	identical
mosaic2	1024	1024	1024	zenravif-420	9	60.0	88555	507.15	38.15	71.0508	identical
mosaic2	1024	1024	1024	zenravif-444	9	60.0	93258	722.15	47.65	71.9977	identical
mosaic2	1024	1024	1024	svt-rs-420	9	60.0	101831	130.50	105.10	73.6902	identical
mosaic2	1024	1024	1024	zenravif-420	9	65.0	103424	470.14	53.99	74.8488	identical
mosaic2	1024	1024	1024	zenravif-444	9	65.0	109693	737.23	74.09	75.7006	identical
mosaic2	1024	1024	1024	svt-rs-420	9	65.0	115785	137.51	114.07	76.6543	identical
mosaic2	1024	1024	1024	zenravif-420	9	70.0	117190	495.54	45.85	77.4681	identical
mosaic2	1024	1024	1024	zenravif-444	9	70.0	125777	809.45	71.38	78.5771	identical
mosaic2	1024	1024	1024	svt-rs-420	9	70.0	128589	136.21	122.74	78.7856	identical
mosaic2	1024	1024	1024	zenravif-420	9	75.0	143505	514.53	63.85	81.2289	identical
mosaic2	1024	1024	1024	zenravif-444	9	75.0	156422	817.01	57.14	82.1457	identical
mosaic2	1024	1024	1024	svt-rs-420	9	75.0	144601	165.00	82.35	80.9989	identical
mosaic2	1024	1024	1024	zenravif-420	9	80.0	165236	564.29	43.11	83.3045	identical
mosaic2	1024	1024	1024	zenravif-444	9	80.0	184638	885.78	80.44	84.7914	identical
mosaic2	1024	1024	1024	svt-rs-420	9	80.0	168623	151.69	127.66	83.4370	identical
mosaic2	1024	1024	1024	zenravif-420	9	85.0	197068	575.36	49.99	85.5637	identical
mosaic2	1024	1024	1024	zenravif-444	9	85.0	223806	928.86	49.95	87.2124	identical
mosaic2	1024	1024	1024	svt-rs-420	9	85.0	197515	162.07	79.53	85.2752	identical
mosaic2	1024	1024	1024	zenravif-420	9	90.0	250047	628.53	45.94	87.7152	identical
mosaic2	1024	1024	1024	zenravif-444	9	90.0	291631	931.69	61.37	89.9333	identical
mosaic2	1024	1024	1024	svt-rs-420	9	90.0	264436	125.58	67.48	88.0090	identical
mosaic2	1024	1024	1024	zenravif-420	9	95.0	349170	726.63	81.40	89.8221	identical
mosaic2	1024	1024	1024	zenravif-444	9	95.0	424941	1049.77	127.14	92.5083	identical
mosaic2	1024	1024	1024	svt-rs-420	9	95.0	367345	140.02	88.00	89.9655	identical
mosaic2	1024	1024	1024	zenravif-420	9	100.0	636101	828.43	115.90	91.0980	identical
mosaic2	1024	1024	1024	zenravif-444	9	100.0	957034	1534.87	231.76	94.7244	identical
mosaic2	1024	1024	1024	svt-rs-420	9	100.0	883421	212.33	100.42	-886.1277	identical
