sha256	content_class	source	image_path	size_class	size_bucket	width	height	feat_variance	feat_edge_density	feat_chroma_complexity	feat_cb_sharpness	feat_cr_sharpness	feat_uniformity	feat_flat_color_block_ratio	feat_colourfulness	feat_laplacian_variance	feat_variance_spread	feat_distinct_color_bins	feat_palette_density	feat_cb_horiz_sharpness	feat_cb_vert_sharpness	feat_cb_peak_sharpness	feat_cr_horiz_sharpness	feat_cr_vert_sharpness	feat_cr_peak_sharpness	feat_high_freq_energy_ratio	feat_luma_histogram_entropy	feat_dct_compressibility_y	feat_dct_compressibility_uv	feat_patch_fraction	feat_alpha_present	feat_alpha_used_fraction	feat_alpha_bimodal_score	feat_text_likelihood	feat_screen_content_likelihood	feat_natural_likelihood	feat_indexed_palette_width	feat_palette_fits_in_256	feat_peak_luminance_nits	feat_p99_luminance_nits	feat_hdr_headroom_stops	feat_hdr_pixel_fraction	feat_wide_gamut_peak	feat_wide_gamut_fraction	feat_effective_bit_depth	feat_hdr_present	feat_grayscale_score	feat_aq_map_mean	feat_aq_map_std	feat_noise_floor_y	feat_noise_floor_uv	feat_line_art_score	feat_gamut_coverage_srgb	feat_gamut_coverage_p3	feat_gradient_fraction	feat_skin_tone_fraction	feat_edge_slope_stdev	feat_patch_fraction_fast	feat_quant_survival_y	feat_quant_survival_uv	feat_is_grayscale	feat_pixel_count	feat_log_pixels	feat_min_dim	feat_max_dim	feat_bitmap_bytes	feat_aspect_min_over_max	feat_log_aspect_abs	feat_block_misalignment_8	feat_block_misalignment_16	feat_block_misalignment_32	feat_block_misalignment_64	feat_channel_count	feat_aq_map_p50	feat_aq_map_p75	feat_aq_map_p90	feat_aq_map_p95	feat_aq_map_p99	feat_noise_floor_y_p25	feat_noise_floor_y_p50	feat_noise_floor_y_p75	feat_noise_floor_y_p90	feat_noise_floor_uv_p25	feat_noise_floor_uv_p50	feat_noise_floor_uv_p75	feat_noise_floor_uv_p90	feat_laplacian_variance_p50	feat_laplacian_variance_p75	feat_laplacian_variance_p90	feat_laplacian_variance_p99	feat_laplacian_variance_peak	feat_quant_survival_y_p10	feat_quant_survival_y_p25	feat_quant_survival_y_p50	feat_quant_survival_y_p75	feat_quant_survival_uv_p10	feat_quant_survival_uv_p25	feat_quant_survival_uv_p50	feat_quant_survival_uv_p75	feat_log2_pixels	feat_log10_pixels	feat_log_pixels_rounded	feat_sqrt_pixels	feat_log_bitmap_bytes	feat_log_min_dim	feat_log_max_dim	feat_log_padded_pixels_8	feat_log_padded_pixels_16	feat_log_padded_pixels_32	feat_log_padded_pixels_64
0042f4a201d0a38cce529ec612650b781becbd9c7f6fcc4dc28209352adcf5c5	photo	CID22-512px	/home/lilith/work/codec-corpus/CID22/CID22-512/validation/3316926.png	small	64	64	64	2261.164062	0.402872	0.116423	0.039558	0.016448	0.031250	0.000000	54.029751	0.172820	0.606283	767.000000	0.187256	0.129320	0.059950	5.000000	0.139450	0.058310	4.000000	0.215282	4.199567	37.406250	21.562500	0.000000	0.000000	0.000000	0.000000	0.422535	0.000000	0.854947	0.000000	0.000000	80.000000	80.000000	0.000000	0.000000	1.000000	0.000000	8.000000	0.000000	0.027344	4.420345	0.494811	0.610896	0.074618	0.000000	1.000000	1.000000	0.328125	0.743164	21.475544	0.000000	0.172371	0.041667	0.000000	4096.000000	8.317766	64.000000	64.000000	12288.000000	1.000000	0.000000	0.000000	0.000000	0.000000	0.000000	3.000000	4.558924	4.772725	4.947594	5.037372	5.090699	0.960718	1.000000	1.000000	1.000000	0.212979	0.430022	0.622593	0.797520	19.000000	50.000000	89.000000	163.000000	255.000000	0.063492	0.111111	0.190476	0.222222	0.000000	0.015873	0.047619	0.063492	12.000000	3.612360	8.500000	64.000000	9.416378	4.158883	4.158883	8.317766	8.317766	8.317766	8.317766
0641a95c9d3641b791a2262a97895da215a523b5a0b8cb4f5634da5e573dbcd5	photo	CID22-512px	/home/lilith/work/codec-corpus/CID22/CID22-512/training/1661950.png	small	64	64	64	3177.774658	0.455278	0.102022	0.026425	0.020722	0.109375	0.000000	45.748852	0.204982	0.747758	944.000000	0.230469	0.039380	0.037280	1.000000	0.172810	0.181910	5.000000	0.318634	4.233214	30.640625	14.421875	0.000000	0.000000	0.000000	0.000000	0.422535	0.000000	0.864700	0.000000	0.000000	80.000000	80.000000	0.000000	0.000000	1.000000	0.000000	8.000000	0.000000	0.057373	4.184637	0.715285	0.247127	0.104336	0.000000	1.000000	1.000000	0.203125	0.241211	20.822462	0.000000	0.176835	0.030506	0.000000	4096.000000	8.317766	64.000000	64.000000	12288.000000	1.000000	0.000000	0.000000	0.000000	0.000000	0.000000	3.000000	4.394154	4.702025	4.861557	5.105855	5.212642	0.536138	0.988980	1.000000	1.000000	0.180043	0.271711	0.457782	0.567732	22.000000	54.000000	93.000000	185.000000	255.000000	0.031746	0.111111	0.190476	0.253968	0.000000	0.015873	0.031746	0.047619	12.000000	3.612360	8.500000	64.000000	9.416378	4.158883	4.158883	8.317766	8.317766	8.317766	8.317766
153928a81c3811f0bd08ad1dbed0c6c950c1ca702134b6629b95a4ec488143ab	photo	CID22-512px	/home/lilith/work/codec-corpus/CID22/CID22-512/training/33162.png	small	64	64	64	4452.038086	0.644243	0.136352	0.047307	0.039611	0.000000	0.000000	58.121639	0.535706	0.654941	1644.000000	0.401367	0.104840	0.094190	4.000000	0.500890	0.405880	14.000000	0.307121	4.611088	70.109375	38.640625	0.000000	0.000000	0.000000	0.000000	0.422535	0.000000	0.974228	0.000000	0.000000	80.000000	80.000000	0.000000	0.000000	1.000000	0.000000	8.000000	0.000000	0.032715	4.841572	0.370323	0.943730	0.298391	0.000000	1.000000	1.000000	0.062500	0.593994	33.337021	0.000000	0.293403	0.070685	0.000000	4096.000000	8.317766	64.000000	64.000000	12288.000000	1.000000	0.000000	0.000000	0.000000	0.000000	0.000000	3.000000	4.902840	5.119931	5.278016	5.307924	5.515963	1.000000	1.000000	1.000000	1.000000	0.401324	0.565587	0.781318	0.955435	44.000000	96.000000	155.000000	255.000000	255.000000	0.174603	0.238095	0.301587	0.365079	0.031746	0.047619	0.063492	0.079365	12.000000	3.612360	8.500000	64.000000	9.416378	4.158883	4.158883	8.317766	8.317766	8.317766	8.317766
0641a95c9d3641b791a2262a97895da215a523b5a0b8cb4f5634da5e573dbcd5	photo	CID22-512px	/home/lilith/work/codec-corpus/CID22/CID22-512/training/1661950.png	medium	256	256	256	3458.559326	0.276678	0.111281	0.021114	0.018005	0.214844	0.000977	49.029469	0.431296	1.058857	2836.000000	0.086548	0.032800	0.021160	2.000000	0.160220	0.125920	17.000000	0.229953	4.230377	23.309570	12.858398	0.000000	0.000000	0.000000	0.000000	0.422535	0.001116	0.862698	0.000000	0.000000	80.000000	80.000000	0.000000	0.000000	1.000000	0.000000	8.000000	0.000000	0.073181	3.827004	0.953417	0.103252	0.050377	0.000000	1.000000	1.000000	0.545898	0.273056	20.463278	0.004883	0.127806	0.030924	0.000000	65536.000000	11.090355	256.000000	256.000000	196608.000000	1.000000	0.000000	0.000000	0.000000	0.000000	0.000000	3.000000	4.101678	4.589771	4.835348	4.932589	5.214327	0.307072	0.829011	1.000000	1.000000	0.084811	0.213948	0.405513	0.557200	6.000000	25.000000	61.000000	170.000000	255.000000	0.000000	0.031746	0.111111	0.206349	0.000000	0.000000	0.031746	0.047619	16.000000	4.816480	11.000000	256.000000	12.188967	5.545177	5.545177	11.090355	11.090355	11.090355	11.090355
064ca9083dbfd1b77147e03e38484ce5328bb65427be1d2412c7ba9e8d5ad32c	photo	CID22-512px	/home/lilith/work/codec-corpus/CID22/CID22-512/training/1454804.png	small	64	64	64	1170.283081	0.194004	0.019072	0.004287	0.002591	0.062500	0.000000	10.807630	0.049759	0.923156	188.000000	0.045898	0.001200	0.000890	0.000000	0.002620	0.002260	0.000000	0.094856	3.839827	21.406250	1.125000	0.000000	0.000000	0.000000	0.000000	0.350453	0.000000	0.626964	8.000000	1.000000	80.000000	80.000000	0.000000	0.000000	1.000000	0.000000	8.000000	0.000000	0.021729	4.029516	0.597381	0.280678	0.022283	0.000000	1.000000	1.000000	0.562500	0.000000	18.060863	0.000000	0.105903	0.002480	0.000000	4096.000000	8.317766	64.000000	64.000000	12288.000000	1.000000	0.000000	0.000000	0.000000	0.000000	0.000000	3.000000	4.122568	4.493639	4.618725	4.884683	5.213052	0.605379	0.881280	1.000000	1.000000	0.032769	0.060119	0.097649	0.125517	7.000000	21.000000	44.000000	103.000000	255.000000	0.015873	0.063492	0.111111	0.142857	0.000000	0.000000	0.000000	0.000000	12.000000	3.612360	8.500000	64.000000	9.416378	4.158883	4.158883	8.317766	8.317766	8.317766	8.317766
0042f4a201d0a38cce529ec612650b781becbd9c7f6fcc4dc28209352adcf5c5	photo	CID22-512px	/home/lilith/work/codec-corpus/CID22/CID22-512/validation/3316926.png	medium	256	256	256	2544.624023	0.232280	0.127507	0.026701	0.009961	0.289062	0.046875	57.248516	0.305081	1.137943	1682.000000	0.051331	0.067520	0.020700	3.000000	0.064030	0.015680	5.000000	0.101471	4.357789	23.939453	16.802734	0.000000	0.000000	0.000000	0.000000	0.392586	0.053571	0.844196	0.000000	0.000000	80.000000	80.000000	0.000000	0.000000	1.000000	0.000000	8.000000	0.000000	0.035324	3.658341	1.145967	0.061626	0.022198	0.000000	1.000000	1.000000	0.552734	0.720337	20.137339	0.042969	0.089208	0.026724	0.000000	65536.000000	11.090355	256.000000	256.000000	196608.000000	1.000000	0.000000	0.000000	0.000000	0.000000	0.000000	3.000000	4.032274	4.623146	4.850153	4.971918	5.218374	0.194430	0.772903	1.000000	1.000000	0.040394	0.212204	0.556181	0.897456	4.000000	27.000000	60.000000	122.000000	255.000000	0.000000	0.015873	0.079365	0.142857	0.000000	0.000000	0.015873	0.047619	16.000000	4.816480	11.000000	256.000000	12.188967	5.545177	5.545177	11.090355	11.090355	11.090355	11.090355
153928a81c3811f0bd08ad1dbed0c6c950c1ca702134b6629b95a4ec488143ab	photo	CID22-512px	/home/lilith/work/codec-corpus/CID22/CID22-512/training/33162.png	medium	256	256	256	5093.232422	0.420792	0.148713	0.030043	0.022178	0.083984	0.000977	62.116634	1.143399	0.888600	5433.000000	0.165802	0.045910	0.042320	3.000000	0.182110	0.157650	22.000000	0.243827	4.631362	43.788086	24.157227	0.007812	0.000000	0.000000	0.000000	0.422535	0.007813	0.978926	0.000000	0.000000	80.000000	80.000000	0.000000	0.000000	1.000000	0.000000	8.000000	0.000000	0.042725	4.372698	0.788618	0.296491	0.095225	0.000000	1.000000	1.000000	0.233398	0.533020	31.158155	0.001953	0.193406	0.047588	0.000000	65536.000000	11.090355	256.000000	256.000000	196608.000000	1.000000	0.000000	0.000000	0.000000	0.000000	0.000000	3.000000	4.554355	4.946217	5.190670	5.324775	5.516762	0.638425	1.000000	1.000000	1.000000	0.177926	0.339271	0.570186	0.904968	20.000000	56.000000	109.000000	240.000000	255.000000	0.031746	0.095238	0.206349	0.285714	0.000000	0.015873	0.047619	0.079365	16.000000	4.816480	11.000000	256.000000	12.188967	5.545177	5.545177	11.090355	11.090355	11.090355	11.090355
064ca9083dbfd1b77147e03e38484ce5328bb65427be1d2412c7ba9e8d5ad32c	photo	CID22-512px	/home/lilith/work/codec-corpus/CID22/CID22-512/training/1454804.png	medium	256	256	256	1244.046021	0.073218	0.019765	0.002651	0.001845	0.520508	0.069336	11.029857	0.086190	1.443634	285.000000	0.008698	0.000560	0.000550	0.000000	0.001710	0.001600	0.000000	0.113614	3.818977	9.637695	0.480469	0.001953	0.000000	0.000000	0.000000	0.191776	0.080915	0.479653	0.000000	0.000000	80.000000	80.000000	0.000000	0.000000	1.000000	0.000000	8.000000	0.000000	0.026154	3.052320	0.972262	0.055372	0.006218	0.000000	1.000000	1.000000	0.558594	0.000000	19.346989	0.081055	0.044767	0.000713	0.000000	65536.000000	11.090355	256.000000	256.000000	196608.000000	1.000000	0.000000	0.000000	0.000000	0.000000	0.000000	3.000000	3.026916	3.820750	4.385462	4.601413	5.036037	0.112031	0.233248	0.597682	1.000000	0.013633	0.023655	0.048464	0.089451	2.000000	7.000000	23.000000	80.000000	255.000000	0.000000	0.000000	0.015873	0.063492	0.000000	0.000000	0.000000	0.000000	16.000000	4.816480	11.000000	256.000000	12.188967	5.545177	5.545177	11.090355	11.090355	11.090355	11.090355
0d1322274a51490648354bf55222ab7dfea3e78fba82209ea98b67704f3264ba	photo	clic2025-1024px-resized	/home/lilith/work/codec-corpus/clic2025-1024/7e499613c3e376ea93afb3649719abeb.png	small	64	64	64	3633.504395	0.416982	0.099549	0.020995	0.013310	0.140625	0.000000	49.885841	0.196163	0.683786	443.000000	0.108154	0.027520	0.032320	1.000000	0.070730	0.055390	5.000000	0.197933	4.257602	38.203125	11.671875	0.000000	0.000000	0.000000	0.000000	0.422535	0.000000	0.871769	0.000000	0.000000	80.000000	80.000000	0.000000	0.000000	1.000000	0.000000	8.000000	0.000000	0.001221	4.252606	0.830272	0.179190	0.044832	0.000000	1.000000	1.000000	0.250000	0.769287	21.488503	0.000000	0.171379	0.021825	0.000000	4096.000000	8.317766	64.000000	64.000000	12288.000000	1.000000	0.000000	0.000000	0.000000	0.000000	0.000000	3.000000	4.475794	4.703433	5.160598	5.193262	5.236125	0.861736	1.000000	1.000000	1.000000	0.085562	0.194284	0.479680	0.597830	20.000000	54.000000	96.000000	177.000000	255.000000	0.015873	0.142857	0.190476	0.238095	0.000000	0.000000	0.015873	0.031746	12.000000	3.612360	8.500000	64.000000	9.416378	4.158883	4.158883	8.317766	8.317766	8.317766	8.317766
160eb5004cfa03cdf72c726f24f65d747cf67e932ce7b668e03d8d296b4737a2	photo	gb82-photos	/home/lilith/work/codec-corpus/gb82/haze-lossless.png	small	64	64	64	600.038940	0.038045	0.072108	0.008238	0.005379	0.656250	0.000000	24.876368	0.007440	1.263831	243.000000	0.059326	0.006670	0.009180	1.000000	0.011040	0.019940	2.000000	0.084118	3.010120	5.640625	5.906250	0.000000	0.000000	0.000000	0.000000	0.203721	0.000000	0.652174	8.000000	1.000000	80.000000	80.000000	0.000000	0.000000	1.000000	0.000000	8.000000	0.000000	0.141846	2.746848	0.858498	0.050563	0.021354	0.000000	1.000000	1.000000	0.546875	0.071045	13.493089	0.000000	0.033978	0.012153	0.000000	4096.000000	8.317766	64.000000	64.000000	12288.000000	1.000000	0.000000	0.000000	0.000000	0.000000	0.000000	3.000000	2.733385	3.414461	3.924535	4.230775	4.812487	0.082380	0.178677	0.368034	0.714321	0.030457	0.044936	0.137779	0.336295	1.000000	4.000000	10.000000	49.000000	137.000000	0.000000	0.000000	0.015873	0.031746	0.000000	0.000000	0.000000	0.015873	12.000000	3.612360	8.500000	64.000000	9.416378	4.158883	4.158883	8.317766	8.317766	8.317766	8.317766
160eb5004cfa03cdf72c726f24f65d747cf67e932ce7b668e03d8d296b4737a2	photo	gb82-photos	/home/lilith/work/codec-corpus/gb82/haze-lossless.png	medium	256	256	256	608.577087	0.011719	0.073330	0.004676	0.004019	0.866211	0.003906	25.254068	0.012090	1.693307	658.000000	0.020081	0.002380	0.003560	3.000000	0.006160	0.007630	1.000000	0.104593	3.046695	2.206055	2.504883	0.000000	0.000000	0.000000	0.000000	0.154074	0.004464	0.567628	0.000000	0.000000	80.000000	80.000000	0.000000	0.000000	1.000000	0.000000	8.000000	0.000000	0.111755	2.203011	0.752626	0.027889	0.029182	0.000000	1.000000	1.000000	0.166016	0.072021	9.501186	0.000000	0.011517	0.003751	0.000000	65536.000000	11.090355	256.000000	256.000000	196608.000000	1.000000	0.000000	0.000000	0.000000	0.000000	0.000000	3.000000	1.944174	2.619876	3.333646	3.785383	4.460882	0.035817	0.061674	0.144898	0.346795	0.036994	0.046836	0.060790	0.127150	2.000000	3.000000	6.000000	27.000000	182.000000	0.000000	0.000000	0.000000	0.015873	0.000000	0.000000	0.000000	0.000000	16.000000	4.816480	11.000000	256.000000	12.188967	5.545177	5.545177	11.090355	11.090355	11.090355	11.090355
06597cde948ec9f543e9a452bc16ffcff69e01c0e943a6fd12f03051a12d179b	photo	clic2025-1024px-resized	/home/lilith/work/codec-corpus/clic2025-1024/d1a9be98d1936065967adac50a6fb750.png	small	64	64	64	2933.090820	0.221466	0.084730	0.009586	0.008216	0.406250	0.062500	34.086491	0.119135	0.841178	367.000000	0.089600	0.009490	0.008840	0.000000	0.046830	0.044480	2.000000	0.173777	4.060568	27.218750	7.593750	0.000000	0.000000	0.000000	0.000000	0.374309	0.071429	0.739174	0.000000	0.000000	80.000000	80.000000	0.000000	0.000000	1.000000	0.000000	8.000000	0.000000	0.608154	3.640501	1.176344	0.093447	0.000000	0.000000	1.000000	1.000000	0.500000	0.331787	28.632090	0.140625	0.120784	0.019841	0.000000	4096.000000	8.317766	64.000000	64.000000	12288.000000	1.000000	0.000000	0.000000	0.000000	0.000000	0.000000	3.000000	3.641646	4.881878	5.034361	5.127568	5.336339	0.149504	0.513898	1.000000	1.000000	0.009397	0.078201	0.372817	0.528502	3.000000	24.000000	68.000000	172.000000	255.000000	0.000000	0.015873	0.047619	0.222222	0.000000	0.000000	0.000000	0.031746	12.000000	3.612360	8.500000	64.000000	9.416378	4.158883	4.158883	8.317766	8.317766	8.317766	8.317766
0d1322274a51490648354bf55222ab7dfea3e78fba82209ea98b67704f3264ba	photo	clic2025-1024px-resized	/home/lilith/work/codec-corpus/clic2025-1024/7e499613c3e376ea93afb3649719abeb.png	medium	256	256	256	3948.817383	0.238785	0.103050	0.012353	0.008041	0.329102	0.126953	50.926662	0.414758	0.914952	1009.000000	0.030792	0.008750	0.010660	1.000000	0.023920	0.025440	4.000000	0.174648	4.246377	23.939453	7.320312	0.001953	0.000000	0.000000	0.000000	0.403580	0.146763	0.715190	0.000000	0.000000	80.000000	80.000000	0.000000	0.000000	1.000000	0.000000	8.000000	0.000000	0.001099	3.475338	1.374101	0.033658	0.012180	0.000000	1.000000	1.000000	0.350586	0.766418	23.597946	0.042969	0.107623	0.016261	0.000000	65536.000000	11.090355	256.000000	256.000000	196608.000000	1.000000	0.000000	0.000000	0.000000	0.000000	0.000000	3.000000	4.045927	4.563573	4.983398	5.101397	5.234124	0.064021	0.742374	1.000000	1.000000	0.033168	0.153146	0.294543	0.425504	5.000000	27.000000	64.000000	159.000000	255.000000	0.000000	0.000000	0.095238	0.174603	0.000000	0.000000	0.000000	0.031746	16.000000	4.816480	11.000000	256.000000	12.188967	5.545177	5.545177	11.090355	11.090355	11.090355	11.090355
06597cde948ec9f543e9a452bc16ffcff69e01c0e943a6fd12f03051a12d179b	photo	clic2025-1024px-resized	/home/lilith/work/codec-corpus/clic2025-1024/d1a9be98d1936065967adac50a6fb750.png	medium	256	256	256	3199.926025	0.272126	0.087039	0.008044	0.005994	0.530273	0.431641	34.819534	0.512437	1.151458	838.000000	0.025574	0.006290	0.006890	0.000000	0.023970	0.025880	2.000000	0.312133	4.094109	19.712891	3.683594	0.000000	0.000000	0.000000	0.000000	0.422535	0.493304	0.462060	0.000000	0.000000	80.000000	80.000000	0.000000	0.000000	1.000000	0.000000	8.000000	0.000000	0.623428	2.913786	1.558839	0.025630	0.000000	0.000000	1.000000	1.000000	0.248047	0.319138	20.243738	0.143555	0.099439	0.007208	0.000000	65536.000000	11.090355	256.000000	256.000000	196608.000000	1.000000	0.000000	0.000000	0.000000	0.000000	0.000000	3.000000	2.488881	4.564086	4.824036	4.988521	5.274855	0.038465	0.118052	1.000000	1.000000	0.000000	0.022434	0.161512	0.338660	2.000000	27.000000	76.000000	174.000000	255.000000	0.000000	0.000000	0.000000	0.222222	0.000000	0.000000	0.000000	0.000000	16.000000	4.816480	11.000000	256.000000	12.188967	5.545177	5.545177	11.090355	11.090355	11.090355	11.090355
00f5340b9d27a7cc87c7a6c98c7344eeef4cfb596919113aa00a0bad60e5e9f0	photo	clic2025-1024px-resized	/home/lilith/work/codec-corpus/clic2025-1024/100f17892cf7bb12beb12479641fcc4c.png	small	64	64	64	398.105225	0.066515	0.018112	0.004026	0.003684	0.437500	0.109375	10.769070	0.022201	0.786345	93.000000	0.022705	0.000750	0.000820	0.000000	0.004040	0.005290	0.000000	0.209927	2.624957	8.375000	0.937500	0.000000	0.000000	0.000000	0.000000	0.306089	0.125000	0.416456	8.000000	1.000000	80.000000	80.000000	0.000000	0.000000	1.000000	0.000000	8.000000	0.000000	0.003662	3.174555	0.914631	0.048763	0.013632	0.000000	1.000000	1.000000	0.359375	0.124512	16.282745	0.000000	0.059028	0.000992	0.000000	4096.000000	8.317766	64.000000	64.000000	12288.000000	1.000000	0.000000	0.000000	0.000000	0.000000	0.000000	3.000000	3.365205	3.983750	4.113032	4.419276	4.470006	0.129563	0.362618	0.755894	0.910120	0.027546	0.063842	0.086707	0.110367	3.000000	10.000000	22.000000	74.000000	255.000000	0.000000	0.000000	0.031746	0.095238	0.000000	0.000000	0.000000	0.000000	12.000000	3.612360	8.500000	64.000000	9.416378	4.158883	4.158883	8.317766	8.317766	8.317766	8.317766
0d1322274a51490648354bf55222ab7dfea3e78fba82209ea98b67704f3264ba	photo	clic2025-1024px-resized	/home/lilith/work/codec-corpus/clic2025-1024/7e499613c3e376ea93afb3649719abeb.png	large	1024	1024	1024	4089.131104	0.134577	0.102907	0.004822	0.003132	0.525269	0.299194	50.851051	1.054195	1.257774	2030.000000	0.061951	0.000870	0.000700	0.000000	0.002480	0.001890	0.000000	0.217049	4.237402	16.938477	4.166992	0.013672	0.000000	0.000000	0.000000	0.227453	0.353655	0.406837	0.000000	0.000000	80.000000	80.000000	0.000000	0.000000	1.000000	0.000000	8.000000	0.000000	0.001008	2.908288	1.482997	0.021235	0.000000	0.000000	1.000000	1.000000	0.292969	0.766939	25.124144	0.067383	0.073490	0.008758	0.000000	1048576.000000	13.862944	1024.000000	1024.000000	3145728.000000	1.000000	0.000000	0.000000	0.000000	0.000000	0.000000	3.000000	3.062482	4.284467	4.783324	5.058354	5.218997	0.032810	0.247293	1.000000	1.000000	0.019631	0.064788	0.164926	0.274266	2.000000	11.000000	38.000000	148.000000	255.000000	0.000000	0.000000	0.015873	0.111111	0.000000	0.000000	0.000000	0.015873	20.000000	6.020600	14.000000	1024.000000	14.961555	6.931472	6.931472	13.862944	13.862944	13.862944	13.862944
06597cde948ec9f543e9a452bc16ffcff69e01c0e943a6fd12f03051a12d179b	photo	clic2025-1024px-resized	/home/lilith/work/codec-corpus/clic2025-1024/d1a9be98d1936065967adac50a6fb750.png	large	1024	1024	1024	3277.912842	0.107155	0.087699	0.003656	0.002823	0.605713	0.514160	35.036686	0.292374	1.427233	1468.000000	0.044800	0.000820	0.000760	0.000000	0.003460	0.003510	1.000000	0.101212	4.092486	12.322266	2.509766	0.012695	0.000000	0.000000	0.000000	0.181106	0.582310	0.328225	0.000000	0.000000	80.000000	80.000000	0.000000	0.000000	1.000000	0.000000	8.000000	0.000000	0.623960	2.626146	1.487072	0.016493	0.000000	0.000000	1.000000	1.000000	0.381836	0.316435	12.327566	0.033203	0.055943	0.006448	0.000000	1048576.000000	13.862944	1024.000000	1024.000000	3145728.000000	1.000000	0.000000	0.000000	0.000000	0.000000	0.000000	3.000000	2.129530	4.157410	4.648989	4.792079	4.998602	0.022198	0.089050	0.926859	1.000000	0.000000	0.022240	0.122626	0.232013	2.000000	6.000000	23.000000	74.000000	255.000000	0.000000	0.000000	0.000000	0.095238	0.000000	0.000000	0.000000	0.000000	20.000000	6.020600	14.000000	1024.000000	14.961555	6.931472	6.931472	13.862944	13.862944	13.862944	13.862944
00f5340b9d27a7cc87c7a6c98c7344eeef4cfb596919113aa00a0bad60e5e9f0	photo	clic2025-1024px-resized	/home/lilith/work/codec-corpus/clic2025-1024/100f17892cf7bb12beb12479641fcc4c.png	medium	256	256	256	420.752808	0.033925	0.019056	0.003210	0.002786	0.655273	0.199219	11.087660	0.052254	1.780644	259.000000	0.007904	0.000640	0.000620	0.000000	0.003080	0.003310	0.000000	0.211050	2.645482	3.945312	0.490234	0.000000	0.000000	0.000000	0.000000	0.248116	0.227679	0.266540	0.000000	0.000000	80.000000	80.000000	0.000000	0.000000	1.000000	0.000000	8.000000	0.000000	0.003769	2.566303	0.945421	0.027691	0.009555	0.000000	1.000000	1.000000	0.204102	0.117737	14.003372	0.004883	0.023422	0.000651	0.000000	65536.000000	11.090355	256.000000	256.000000	196608.000000	1.000000	0.000000	0.000000	0.000000	0.000000	0.000000	3.000000	2.602060	3.336782	3.782934	4.049963	4.658498	0.049821	0.141945	0.319001	0.545303	0.017918	0.030768	0.057345	0.084586	2.000000	7.000000	19.000000	59.000000	236.000000	0.000000	0.000000	0.000000	0.031746	0.000000	0.000000	0.000000	0.000000	16.000000	4.816480	11.000000	256.000000	12.188967	5.545177	5.545177	11.090355	11.090355	11.090355	11.090355
068251eba26a13e66e8d2ba1720a40ac452afc828e4422f35921c16053eb4d5f	mixed	kadid10k-distortion-set	/home/lilith/work/codec-corpus/kadid10k/I33.png	tiny	64	64	48	1679.277100	0.260385	0.186314	0.015123	0.009578	0.000000	0.000000	74.417183	0.117562	0.705157	624.000000	0.203125	0.023130	0.031360	0.000000	0.067210	0.046830	3.000000	0.148576	4.106448	38.958332	17.645834	0.000000	0.000000	0.000000	0.000000	0.422535	0.000000	0.827956	0.000000	0.000000	80.000000	80.000000	0.000000	0.000000	1.000000	0.000000	8.000000	0.000000	0.004557	4.132040	0.728683	0.380003	0.133548	0.000000	1.000000	1.000000	0.687500	0.126953	24.110512	0.000000	0.117725	0.036045	0.000000	3072.000000	8.030084	48.000000	64.000000	9216.000000	0.750000	0.287682	0.000000	0.000000	0.333333	0.333333	3.000000	3.950242	5.004598	5.130641	5.158311	5.253544	0.429921	0.689996	1.000000	1.000000	0.183057	0.348483	0.511499	0.643504	2.000000	26.000000	78.000000	175.000000	255.000000	0.015873	0.015873	0.079365	0.238095	0.015873	0.015873	0.031746	0.063492	11.584963	3.487421	8.000000	55.425625	9.128696	3.871201	4.158883	8.030084	8.030084	8.317766	8.317766
068251eba26a13e66e8d2ba1720a40ac452afc828e4422f35921c16053eb4d5f	mixed	kadid10k-distortion-set	/home/lilith/work/codec-corpus/kadid10k/I33.png	small	256	256	192	1978.608521	0.218006	0.188668	0.010628	0.006057	0.645833	0.000000	75.132996	0.533030	0.997054	2345.000000	0.071564	0.011830	0.015210	2.000000	0.025170	0.023890	4.000000	0.332429	4.177726	21.148438	8.209636	0.005208	0.000000	0.000000	0.000000	0.368461	0.004464	0.848616	0.000000	0.000000	80.000000	80.000000	0.000000	0.000000	1.000000	0.000000	8.000000	0.000000	0.005249	3.155256	1.177087	0.082586	0.030020	0.000000	1.000000	1.000000	0.145833	0.123088	26.990356	0.000000	0.098876	0.015005	0.000000	49152.000000	10.802672	192.000000	256.000000	147456.000000	0.750000	0.287682	0.000000	0.000000	0.000000	0.000000	3.000000	2.434345	4.582721	4.960440	5.068703	5.234856	0.099274	0.123330	1.000000	1.000000	0.041420	0.061605	0.302609	0.580392	3.000000	15.000000	78.000000	205.000000	255.000000	0.000000	0.015873	0.015873	0.222222	0.000000	0.000000	0.000000	0.031746	15.584963	4.691541	11.000000	221.702499	11.901285	5.257495	5.545177	10.802672	10.802672	10.802672	10.802672
00f5340b9d27a7cc87c7a6c98c7344eeef4cfb596919113aa00a0bad60e5e9f0	photo	clic2025-1024px-resized	/home/lilith/work/codec-corpus/clic2025-1024/100f17892cf7bb12beb12479641fcc4c.png	large	1024	1024	1024	465.967468	0.083198	0.019578	0.002415	0.001694	0.668457	0.171631	11.251363	0.418102	1.778041	585.000000	0.017853	0.000350	0.000340	0.000000	0.001150	0.001140	0.000000	0.694774	2.646040	2.905273	0.188477	0.006836	0.000000	0.000000	0.000000	0.406658	0.202009	0.254273	0.000000	0.000000	80.000000	80.000000	0.000000	0.000000	1.000000	0.000000	8.000000	0.000000	0.003908	2.552379	1.005740	0.027226	0.004253	0.000000	1.000000	1.000000	0.024414	0.114702	9.853454	0.008789	0.029762	0.000341	0.000000	1048576.000000	13.862944	1024.000000	1024.000000	3145728.000000	1.000000	0.000000	0.000000	0.000000	0.000000	0.000000	3.000000	2.444045	3.467747	3.920018	4.128435	4.416780	0.043698	0.094018	0.293154	0.542244	0.014512	0.025553	0.046122	0.067838	3.000000	12.000000	30.000000	81.000000	255.000000	0.000000	0.000000	0.000000	0.031746	0.000000	0.000000	0.000000	0.000000	20.000000	6.020600	14.000000	1024.000000	14.961555	6.931472	6.931472	13.862944	13.862944	13.862944	13.862944
015162b1f6bbd3425d8c1b2978c2cd1bcb9f4b8efb68b79b3826e48504148c6c	photo	CID22-512px	/home/lilith/work/codec-corpus/CID22/CID22-512/training/pexels-photo-951408.png	small	64	64	64	3305.695068	0.573696	0.100405	0.034100	0.011730	0.046875	0.000000	32.748371	0.345623	0.537692	702.000000	0.171387	0.063270	0.024570	1.000000	0.061820	0.036380	3.000000	0.171178	4.426948	53.812500	15.312500	0.000000	0.000000	0.000000	0.000000	0.422535	0.000000	0.920855	0.000000	0.000000	80.000000	80.000000	0.000000	0.000000	1.000000	0.000000	8.000000	0.000000	0.030518	4.608007	0.677643	0.336174	0.127007	0.000000	1.000000	1.000000	0.421875	0.039795	28.441490	0.000000	0.217262	0.037450	0.000000	4096.000000	8.317766	64.000000	64.000000	12288.000000	1.000000	0.000000	0.000000	0.000000	0.000000	0.000000	3.000000	4.795983	5.129441	5.203765	5.242040	5.280879	0.958600	1.000000	1.000000	1.000000	0.239379	0.394685	0.509347	0.592618	31.000000	76.000000	127.000000	227.000000	255.000000	0.047619	0.158730	0.206349	0.317460	0.000000	0.015873	0.031746	0.047619	12.000000	3.612360	8.500000	64.000000	9.416378	4.158883	4.158883	8.317766	8.317766	8.317766	8.317766
015162b1f6bbd3425d8c1b2978c2cd1bcb9f4b8efb68b79b3826e48504148c6c	photo	CID22-512px	/home/lilith/work/codec-corpus/CID22/CID22-512/training/pexels-photo-951408.png	medium	256	256	256	3715.457764	0.199354	0.104612	0.015550	0.006083	0.215820	0.032227	34.033298	0.719803	0.838191	1556.000000	0.047485	0.019770	0.013780	2.000000	0.020260	0.018060	3.000000	0.168435	4.363776	38.297852	10.850586	0.005859	0.000000	0.000000	0.000000	0.336937	0.041853	0.863623	0.000000	0.000000	80.000000	80.000000	0.000000	0.000000	1.000000	0.000000	8.000000	0.000000	0.024063	3.967674	1.119808	0.088977	0.025408	0.000000	1.000000	1.000000	0.672852	0.033905	36.823566	0.013672	0.125961	0.019190	0.000000	65536.000000	11.090355	256.000000	256.000000	196608.000000	1.000000	0.000000	0.000000	0.000000	0.000000	0.000000	3.000000	4.233868	4.953755	5.169151	5.264400	5.344373	0.357242	0.946718	1.000000	1.000000	0.073004	0.197645	0.387526	0.539871	4.000000	19.000000	73.000000	233.000000	255.000000	0.000000	0.031746	0.079365	0.206349	0.000000	0.000000	0.015873	0.031746	16.000000	4.816480	11.000000	256.000000	12.188967	5.545177	5.545177	11.090355	11.090355	11.090355	11.090355
1617c01d1279e23c298d99665949c0ddd5b111e71dbff01a1dd524b9dc46e702	screenshot	gb82-screens	/home/lilith/work/codec-corpus/gb82-sc/gmessages.png	tiny	64	30	64	415.478424	0.236453	0.015777	0.001771	0.000986	0.291667	0.125000	9.127686	0.058720	0.782690	76.000000	0.039583	0.001160	0.001990	0.000000	0.002850	0.004430	0.000000	0.296482	2.503480	18.875000	0.916667	0.125000	0.000000	0.000000	0.000000	0.799983	0.250000	0.277942	8.000000	1.000000	80.000000	80.000000	0.000000	0.000000	1.000000	0.000000	8.000000	0.000000	0.002604	3.467421	1.449707	0.000000	0.000000	0.000000	1.000000	1.000000	0.083333	0.000000	17.922997	0.125000	0.096561	0.001984	0.000000	1920.000000	7.560081	30.000000	64.000000	5760.000000	0.468750	0.757686	0.066667	0.066667	0.066667	1.133333	3.000000	4.156715	4.404028	4.488255	4.539337	4.917073	0.199904	0.731804	1.000000	1.000000	0.010350	0.020597	0.076490	0.084148	6.000000	23.000000	54.000000	150.000000	255.000000	0.000000	0.015873	0.111111	0.158730	0.000000	0.000000	0.000000	0.000000	10.906891	3.283301	7.500000	43.817806	8.658692	3.401197	4.158883	7.624619	7.624619	7.624619	8.317766
02f3e6786f4d8db7fda05dd92d1d0381eb6ff74883815751f7ddc89a93464e5d	photo	clic2025-1024px-resized	/home/lilith/work/codec-corpus/clic2025-1024/c80999cd5533e448167cd9b3ccfa2a37.png	small	64	64	64	2457.106201	0.552028	0.313952	0.051547	0.060906	0.000000	0.000000	143.413849	0.292452	0.687671	1308.000000	0.319336	0.146170	0.124380	4.000000	1.737920	1.629580	73.000000	0.260130	4.296487	47.312500	102.375000	0.000000	0.000000	0.000000	0.000000	0.422535	0.000000	0.883040	0.000000	0.000000	80.000000	80.000000	0.000000	0.000000	1.000000	0.000000	8.000000	0.000000	0.000488	4.502614	0.552035	0.464492	0.130021	0.000000	1.000000	1.000000	0.046875	0.027588	25.832588	0.000000	0.232639	0.119792	0.000000	4096.000000	8.317766	64.000000	64.000000	12288.000000	1.000000	0.000000	0.000000	0.000000	0.000000	0.000000	3.000000	4.624136	4.949397	5.157918	5.215866	5.351782	0.734450	1.000000	1.000000	1.000000	0.313519	0.826690	1.000000	1.000000	34.000000	69.000000	113.000000	208.000000	255.000000	0.063492	0.142857	0.269841	0.317460	0.000000	0.047619	0.111111	0.190476	12.000000	3.612360	8.500000	64.000000	9.416378	4.158883	4.158883	8.317766	8.317766	8.317766	8.317766
0da74d8b94ff3c89f3578296ea87305ce1623d890f0c5cb8e54b907428675f15	photo	clic2025-native	/home/lilith/work/codec-corpus/clic2025/training/8bb119b8ca17492392e1e3ea4b811b32.png	tiny	64	43	64	2821.881836	0.348450	0.063180	0.008962	0.010747	0.000000	0.000000	32.891197	0.074324	0.574914	407.000000	0.147892	0.003690	0.002920	0.000000	0.046470	0.026030	3.000000	0.094869	4.304501	35.025002	8.125000	0.000000	0.000000	0.000000	0.000000	0.422535	0.000000	0.885363	0.000000	0.000000	80.000000	80.000000	0.000000	0.000000	1.000000	0.000000	8.000000	0.000000	0.132631	4.415802	0.446189	0.679189	0.093087	0.000000	1.000000	1.000000	0.650000	0.746730	17.741980	0.000000	0.150794	0.017857	0.000000	2752.000000	7.920083	43.000000	64.000000	8256.000000	0.671875	0.397683	0.116279	0.116279	0.488372	0.488372	3.000000	4.521163	4.773504	5.023906	5.028517	5.029839	0.897622	1.000000	1.000000	1.000000	0.114552	0.166517	0.317704	0.467985	12.000000	32.000000	62.000000	123.000000	255.000000	0.063492	0.111111	0.142857	0.222222	0.000000	0.000000	0.015873	0.031746	11.426265	3.439648	8.000000	52.459507	9.018696	3.761200	4.158883	8.030084	8.030084	8.317766	8.317766
02f3e6786f4d8db7fda05dd92d1d0381eb6ff74883815751f7ddc89a93464e5d	photo	clic2025-1024px-resized	/home/lilith/work/codec-corpus/clic2025-1024/c80999cd5533e448167cd9b3ccfa2a37.png	medium	256	256	256	2879.610107	0.383022	0.325116	0.043240	0.030673	0.001953	0.000000	147.091400	0.609531	1.034310	3855.000000	0.117645	0.097110	0.058910	5.000000	0.435810	0.372060	57.000000	0.189063	4.417708	34.355469	54.475586	0.000000	0.000000	0.000000	0.000000	0.422535	0.000000	0.918176	0.000000	0.000000	80.000000	80.000000	0.000000	0.000000	1.000000	0.000000	8.000000	0.000000	0.000488	4.345784	0.499131	0.460070	0.148485	0.000000	1.000000	1.000000	0.172852	0.011063	22.690166	0.000000	0.173720	0.069320	0.000000	65536.000000	11.090355	256.000000	256.000000	196608.000000	1.000000	0.000000	0.000000	0.000000	0.000000	0.000000	3.000000	4.374498	4.719996	4.995542	5.134956	5.360879	0.645611	1.000000	1.000000	1.000000	0.251359	0.446407	0.855253	1.000000	21.000000	43.000000	78.000000	172.000000	255.000000	0.063492	0.095238	0.174603	0.238095	0.015873	0.031746	0.063492	0.095238	16.000000	4.816480	11.000000	256.000000	12.188967	5.545177	5.545177	11.090355	11.090355	11.090355	11.090355
02f3e6786f4d8db7fda05dd92d1d0381eb6ff74883815751f7ddc89a93464e5d	photo	clic2025-1024px-resized	/home/lilith/work/codec-corpus/clic2025-1024/c80999cd5533e448167cd9b3ccfa2a37.png	large	1024	1024	1024	2970.576660	0.143153	0.326811	0.018554	0.010564	0.143799	0.000244	147.686432	0.404893	1.292504	6846.000000	0.208923	0.009160	0.007740	1.000000	0.016650	0.018880	4.000000	0.073388	4.453012	17.522461	19.594727	0.001953	0.000000	0.000000	0.000000	0.241948	0.001953	0.928114	0.000000	0.000000	80.000000	80.000000	0.000000	0.000000	1.000000	0.000000	8.000000	0.000000	0.000178	3.758314	0.714365	0.182068	0.083516	0.000000	1.000000	1.000000	0.666992	0.008112	13.455424	0.013672	0.083922	0.033312	0.000000	1048576.000000	13.862944	1024.000000	1024.000000	3145728.000000	1.000000	0.000000	0.000000	0.000000	0.000000	0.000000	3.000000	3.861579	4.224583	4.611758	4.820587	5.130999	0.359321	0.620655	1.000000	1.000000	0.153310	0.242933	0.418375	0.681523	5.000000	15.000000	31.000000	73.000000	255.000000	0.015873	0.031746	0.079365	0.126984	0.000000	0.015873	0.031746	0.047619	20.000000	6.020600	14.000000	1024.000000	14.961555	6.931472	6.931472	13.862944	13.862944	13.862944	13.862944
1617c01d1279e23c298d99665949c0ddd5b111e71dbff01a1dd524b9dc46e702	screenshot	gb82-screens	/home/lilith/work/codec-corpus/gb82-sc/gmessages.png	small	256	119	256	627.220093	0.130209	0.017007	0.000915	0.000492	0.560268	0.404018	9.518512	0.299814	1.277503	202.000000	0.006631	0.000760	0.001330	0.000000	0.001740	0.003260	0.000000	0.301652	2.236752	14.821428	0.544643	0.558036	0.000000	0.000000	0.000000	0.772092	0.940051	0.033974	8.000000	1.000000	80.000000	80.000000	0.000000	0.000000	1.000000	0.000000	8.000000	0.000000	0.003841	2.291731	1.993640	0.000000	0.000000	0.105299	1.000000	1.000000	0.145089	0.000000	29.430609	0.558036	0.072243	0.001205	0.000000	30464.000000	10.324301	119.000000	256.000000	91392.000000	0.464844	0.766054	0.008403	0.075630	0.075630	0.075630	3.000000	2.735598	4.298036	4.709718	4.814319	5.234200	0.000000	0.161461	0.896518	1.000000	0.000000	0.000000	0.017306	0.060711	0.000000	7.000000	49.000000	192.000000	255.000000	0.000000	0.000000	0.015873	0.111111	0.000000	0.000000	0.000000	0.000000	14.894817	4.483787	10.500000	174.539398	11.422914	4.779123	5.545177	10.332669	10.397207	10.397207	10.397207
031c5a00cfe597fb352b16851f1f26376c757ce6964df920f448cd1928745456	photo	CID22-512px	/home/lilith/work/codec-corpus/CID22/CID22-512/training/1454613116.png	small	64	64	64	2904.442627	0.349962	0.000000	0.000000	0.000000	0.171875	0.171875	0.000000	0.612555	0.884365	32.000000	0.007812	0.000000	0.000000	0.000000	0.000000	0.000000	0.000000	0.380906	2.180982	66.093750	0.000000	0.140625	0.000000	0.000000	0.000000	1.000000	0.316964	0.154741	8.000000	1.000000	80.000000	80.000000	0.000000	0.000000	1.000000	0.000000	8.000000	0.000000	1.000000	3.946925	1.556590	0.020396	0.000000	0.127607	1.000000	1.000000	0.125000	0.000000	57.557430	0.140625	0.203869	0.000000	1.000000	4096.000000	8.317766	64.000000	64.000000	12288.000000	1.000000	0.000000	0.000000	0.000000	0.000000	0.000000	3.000000	4.344333	4.978774	5.595238	5.653905	5.773157	0.454810	0.948526	1.000000	1.000000	0.000000	0.000000	0.000000	0.000000	11.000000	56.000000	139.000000	255.000000	255.000000	0.000000	0.063492	0.126984	0.333333	0.000000	0.000000	0.000000	0.000000	12.000000	3.612360	8.500000	64.000000	9.416378	4.158883	4.158883	8.317766	8.317766	8.317766	8.317766
06b5950cef7618d226a14cbf7de9e4f4230896439479386c7eea38021c3c885c	photo	clic2025-native	/home/lilith/work/codec-corpus/clic2025/final-test/608cb09e6ffc66d4bc838d4088bf4c0ab889d7e83d4f5d78805cbc4497e432a1.png	tiny	64	51	64	1632.377808	0.538095	0.127132	0.041942	0.044372	0.000000	0.000000	48.491955	0.184051	0.542782	1232.000000	0.377451	0.103710	0.123850	4.000000	0.766090	1.040990	26.000000	0.361853	4.006973	31.395834	31.770834	0.000000	0.000000	0.000000	0.000000	0.422535	0.000000	0.799123	0.000000	0.000000	80.000000	80.000000	0.000000	0.000000	1.000000	0.000000	8.000000	0.000000	0.014400	4.387949	0.346535	0.590796	0.210588	0.000000	1.000000	1.000000	0.041667	0.166360	16.804583	0.000000	0.200728	0.061508	0.000000	3264.000000	8.090709	51.000000	64.000000	9792.000000	0.796875	0.227057	0.098039	0.254902	0.254902	0.254902	3.000000	4.514996	4.669418	4.751648	4.844407	4.893715	0.882358	1.000000	1.000000	1.000000	0.335214	0.495769	0.724640	0.951705	31.000000	60.000000	93.000000	168.000000	255.000000	0.079365	0.142857	0.222222	0.269841	0.015873	0.031746	0.063492	0.079365	11.672425	3.513750	8.000000	57.131428	9.189321	3.931826	4.158883	8.184235	8.317766	8.317766	8.317766
031c5a00cfe597fb352b16851f1f26376c757ce6964df920f448cd1928745456	photo	CID22-512px	/home/lilith/work/codec-corpus/CID22/CID22-512/training/1454613116.png	medium	256	256	256	4021.459961	0.149158	0.000000	0.000000	0.000000	0.564453	0.559570	0.000000	1.240273	0.940636	32.000000	0.000977	0.000000	0.000000	0.000000	0.000000	0.000000	0.000000	0.168519	1.229988	46.075195	0.000000	0.719727	0.000000	0.000000	0.000000	1.000000	1.000000	0.000000	8.000000	1.000000	80.000000	80.000000	0.000000	0.000000	1.000000	0.000000	8.000000	0.000000	1.000000	2.315762	2.471771	0.000000	0.000000	0.508005	1.000000	1.000000	0.146484	0.000000	58.301422	0.735352	0.100136	0.000000	1.000000	65536.000000	11.090355	256.000000	256.000000	196608.000000	1.000000	0.000000	0.000000	0.000000	0.000000	0.000000	3.000000	0.942010	4.911903	5.611962	5.741059	5.812731	0.000000	0.014534	1.000000	1.000000	0.000000	0.000000	0.000000	0.000000	0.000000	4.000000	111.000000	255.000000	255.000000	0.000000	0.000000	0.000000	0.111111	0.000000	0.000000	0.000000	0.000000	16.000000	4.816480	11.000000	256.000000	12.188967	5.545177	5.545177	11.090355	11.090355	11.090355	11.090355
031ef607fd685c94b5100f5fc7b1d8e41be45acd401481ec6869d5d0a97e8c32	photo	CID22-512px	/home/lilith/work/codec-corpus/CID22/CID22-512/training/StockQuoteGraph-20120521.png	small	64	64	64	602.726990	0.145125	0.066536	0.006660	0.006953	0.296875	0.296875	30.526644	0.064952	1.094822	142.000000	0.034668	0.006340	0.004640	0.000000	0.054670	0.033490	7.000000	0.198817	2.409513	15.000000	8.609375	0.343750	0.000000	0.000000	0.000000	0.469294	0.633929	0.293629	8.000000	1.000000	80.000000	80.000000	0.000000	0.000000	1.000000	0.000000	8.000000	0.000000	0.517334	2.866366	1.869380	0.000000	0.000000	0.036195	1.000000	1.000000	0.171875	0.000000	26.251450	0.281250	0.079117	0.015377	0.000000	4096.000000	8.317766	64.000000	64.000000	12288.000000	1.000000	0.000000	0.000000	0.000000	0.000000	0.000000	3.000000	3.762799	4.253338	4.427940	4.556663	5.160378	0.000000	0.518889	1.000000	1.000000	0.000000	0.156641	0.394044	0.449646	4.000000	17.000000	36.000000	139.000000	255.000000	0.000000	0.000000	0.079365	0.111111	0.000000	0.000000	0.000000	0.031746	12.000000	3.612360	8.500000	64.000000	9.416378	4.158883	4.158883	8.317766	8.317766	8.317766	8.317766
031ef607fd685c94b5100f5fc7b1d8e41be45acd401481ec6869d5d0a97e8c32	photo	CID22-512px	/home/lilith/work/codec-corpus/CID22/CID22-512/training/StockQuoteGraph-20120521.png	medium	256	256	256	832.583435	0.158401	0.071710	0.007975	0.008108	0.567383	0.533203	32.165791	0.470087	1.564556	459.000000	0.014008	0.018810	0.008000	1.000000	0.138320	0.016920	13.000000	0.447926	2.169043	13.320312	4.954102	0.659180	0.000000	0.000000	0.000000	0.525601	1.000000	0.289855	0.000000	0.000000	80.000000	80.000000	0.000000	0.000000	1.000000	0.000000	8.000000	0.000000	0.528717	1.953133	2.086890	0.000000	0.000000	0.132383	1.000000	1.000000	0.106445	0.000000	34.109261	0.675781	0.072126	0.010262	0.000000	65536.000000	11.090355	256.000000	256.000000	196608.000000	1.000000	0.000000	0.000000	0.000000	0.000000	0.000000	3.000000	0.000000	4.101979	4.559787	4.798034	5.304007	0.000000	0.000000	0.775015	1.000000	0.000000	0.000000	0.203167	0.400495	0.000000	8.000000	53.000000	199.000000	255.000000	0.000000	0.000000	0.000000	0.126984	0.000000	0.000000	0.000000	0.015873	16.000000	4.816480	11.000000	256.000000	12.188967	5.545177	5.545177	11.090355	11.090355	11.090355	11.090355
0da74d8b94ff3c89f3578296ea87305ce1623d890f0c5cb8e54b907428675f15	photo	clic2025-native	/home/lilith/work/codec-corpus/clic2025/training/8bb119b8ca17492392e1e3ea4b811b32.png	small	256	171	256	2910.035645	0.135848	0.064275	0.006342	0.007077	0.257440	0.083333	33.269405	0.149017	1.162050	763.000000	0.023285	0.002000	0.001890	0.000000	0.018060	0.014420	2.000000	0.153999	4.349740	16.005953	3.470238	0.000000	0.000000	0.000000	0.000000	0.229602	0.095238	0.797831	0.000000	0.000000	80.000000	80.000000	0.000000	0.000000	1.000000	0.000000	8.000000	0.000000	0.135805	3.508131	0.974194	0.099657	0.022253	0.000000	1.000000	1.000000	0.345238	0.743832	15.162646	0.007440	0.067366	0.006189	0.000000	43776.000000	10.686841	171.000000	256.000000	131328.000000	0.667969	0.403514	0.029240	0.029240	0.122807	0.122807	3.000000	3.612996	4.252437	4.578422	4.731978	5.021385	0.232816	0.465409	0.973375	1.000000	0.050741	0.077156	0.122575	0.223413	7.000000	17.000000	37.000000	108.000000	255.000000	0.000000	0.015873	0.047619	0.095238	0.000000	0.000000	0.000000	0.015873	15.417852	4.641236	10.500000	209.227142	11.785453	5.141664	5.545177	10.715661	10.715661	10.802672	10.802672
03414239b746eccc4dd13ecf3b8eb2990a05180c5b4ac47fe8f746b590c60d27	photo	CID22-512px	/home/lilith/work/codec-corpus/CID22/CID22-512/training/2062426.png	small	64	64	64	2258.153564	0.331066	0.071642	0.013734	0.010988	0.093750	0.000000	28.167303	0.207430	0.868260	551.000000	0.134521	0.015090	0.027480	1.000000	0.069000	0.119470	6.000000	0.176078	3.755280	46.406250	11.046875	0.000000	0.000000	0.000000	0.000000	0.457003	0.000000	0.726168	0.000000	0.000000	80.000000	80.000000	0.000000	0.000000	1.000000	0.000000	8.000000	0.000000	0.299805	4.281368	0.788203	0.207875	0.044673	0.000000	1.000000	1.000000	0.328125	0.363281	31.353418	0.000000	0.158730	0.022073	0.000000	4096.000000	8.317766	64.000000	64.000000	12288.000000	1.000000	0.000000	0.000000	0.000000	0.000000	0.000000	3.000000	4.410287	4.884665	5.185855	5.385339	5.576950	0.431447	1.000000	1.000000	1.000000	0.083874	0.246716	0.427891	0.597286	17.000000	42.000000	91.000000	213.000000	255.000000	0.015873	0.047619	0.142857	0.253968	0.000000	0.000000	0.015873	0.031746	12.000000	3.612360	8.500000	64.000000	9.416378	4.158883	4.158883	8.317766	8.317766	8.317766	8.317766
03414239b746eccc4dd13ecf3b8eb2990a05180c5b4ac47fe8f746b590c60d27	photo	CID22-512px	/home/lilith/work/codec-corpus/CID22/CID22-512/training/2062426.png	medium	256	256	256	2605.268799	0.238800	0.076901	0.010512	0.008141	0.106445	0.004883	29.881636	0.495689	1.045943	1717.000000	0.052399	0.010070	0.015430	1.000000	0.040020	0.057650	6.000000	0.176031	3.816374	25.687500	7.404297	0.005859	0.000000	0.000000	0.000000	0.429469	0.010603	0.737980	0.000000	0.000000	80.000000	80.000000	0.000000	0.000000	1.000000	0.000000	8.000000	0.000000	0.269333	3.955599	0.799817	0.214626	0.045468	0.000000	1.000000	1.000000	0.222656	0.365097	29.375721	0.000000	0.121729	0.012401	0.000000	65536.000000	11.090355	256.000000	256.000000	196608.000000	1.000000	0.000000	0.000000	0.000000	0.000000	0.000000	3.000000	3.983947	4.495081	5.062251	5.195046	5.396244	0.353822	0.685007	1.000000	1.000000	0.085636	0.145468	0.229580	0.425972	10.000000	29.000000	63.000000	179.000000	255.000000	0.015873	0.047619	0.095238	0.174603	0.000000	0.000000	0.000000	0.015873	16.000000	4.816480	11.000000	256.000000	12.188967	5.545177	5.545177	11.090355	11.090355	11.090355	11.090355
06b5950cef7618d226a14cbf7de9e4f4230896439479386c7eea38021c3c885c	photo	clic2025-native	/home/lilith/work/codec-corpus/clic2025/final-test/608cb09e6ffc66d4bc838d4088bf4c0ab889d7e83d4f5d78805cbc4497e432a1.png	small	256	204	256	2007.807251	0.437883	0.158688	0.037850	0.041525	0.032500	0.000000	59.594036	0.561344	0.832065	5547.000000	0.169281	0.101390	0.098370	9.000000	0.842090	0.802540	63.000000	0.269427	4.126715	28.346251	39.378750	0.005000	0.000000	0.000000	0.000000	0.422535	0.004286	0.833830	0.000000	0.000000	80.000000	80.000000	0.000000	0.000000	1.000000	0.000000	8.000000	0.000000	0.013366	4.276200	0.509826	0.446898	0.139331	0.000000	1.000000	1.000000	0.120000	0.160156	16.937603	0.000000	0.175595	0.070774	0.000000	52224.000000	10.863297	204.000000	256.000000	156672.000000	0.796875	0.227057	0.019608	0.019608	0.098039	0.254902	3.000000	4.395095	4.669205	4.806937	4.881911	5.029846	0.685509	1.000000	1.000000	1.000000	0.255490	0.543773	0.927204	1.000000	23.000000	49.000000	82.000000	158.000000	255.000000	0.063492	0.111111	0.174603	0.238095	0.000000	0.015873	0.063492	0.111111	15.672425	4.717870	11.000000	228.525711	11.961909	5.318120	5.545177	10.882715	10.882715	10.956823	11.090355
0361106edaa80377dd9892831f6aa0c75dd35a9ee7f5d3ebaaa3fc0dc8f5b56d	photo	clic2025-native	/home/lilith/work/codec-corpus/clic2025/final-test/86127fbdb368eb28c3039cf61aff1c4cfdc4ade24070c8f2389968d5ead681e1.png	tiny	64	64	31	1117.643066	0.550265	0.023935	0.012403	0.006647	0.000000	0.000000	7.750798	0.223206	0.552349	188.000000	0.094758	0.008770	0.007530	0.000000	0.016510	0.018030	1.000000	0.644468	3.676392	26.708334	1.500000	0.000000	0.000000	0.000000	0.000000	0.468114	0.000000	0.703302	8.000000	1.000000	80.000000	80.000000	0.000000	0.000000	1.000000	0.000000	8.000000	0.000000	0.520665	4.420299	0.260918	0.582109	0.034744	0.000000	1.000000	1.000000	0.000000	0.014323	22.491714	0.000000	0.232143	0.001984	0.000000	1984.000000	7.592870	31.000000	64.000000	5952.000000	0.484375	0.724896	0.032258	0.032258	0.032258	1.064516	3.000000	4.424424	4.599807	4.767902	4.840261	4.904852	0.808026	0.970768	1.000000	1.000000	0.054699	0.077205	0.131376	0.154851	37.000000	68.000000	106.000000	221.000000	255.000000	0.142857	0.174603	0.238095	0.285714	0.000000	0.000000	0.000000	0.000000	10.954196	3.297542	7.500000	44.542114	8.691483	3.433987	4.158883	7.624619	7.624619	7.624619	8.317766
0361106edaa80377dd9892831f6aa0c75dd35a9ee7f5d3ebaaa3fc0dc8f5b56d	photo	clic2025-native	/home/lilith/work/codec-corpus/clic2025/final-test/86127fbdb368eb28c3039cf61aff1c4cfdc4ade24070c8f2389968d5ead681e1.png	small	256	256	122	1783.249268	0.555261	0.032426	0.013399	0.007091	0.000000	0.000000	10.569543	0.937569	0.828778	462.000000	0.014793	0.009860	0.009210	1.000000	0.020610	0.019910	9.000000	0.435499	4.039277	36.152084	2.514583	0.000000	0.000000	0.000000	0.000000	0.422535	0.000000	0.808486	0.000000	0.000000	80.000000	80.000000	0.000000	0.000000	1.000000	0.000000	8.000000	0.000000	0.419025	4.525629	0.360651	0.553922	0.044200	0.000000	1.000000	1.000000	0.022917	0.054525	25.313963	0.000000	0.238294	0.004398	0.000000	31232.000000	10.349198	122.000000	256.000000	93696.000000	0.476562	0.741156	0.049180	0.049180	0.049180	0.049180	3.000000	4.545789	4.762444	5.013752	5.106083	5.238334	0.808471	1.000000	1.000000	1.000000	0.063768	0.098264	0.156270	0.213058	36.000000	73.000000	118.000000	231.000000	255.000000	0.126984	0.190476	0.238095	0.301587	0.000000	0.000000	0.000000	0.000000	14.930737	4.494600	10.500000	176.725769	11.447811	4.804021	5.545177	10.397207	10.397207	10.397207	10.397207
1617c01d1279e23c298d99665949c0ddd5b111e71dbff01a1dd524b9dc46e702	screenshot	gb82-screens	/home/lilith/work/codec-corpus/gb82-sc/gmessages.png	medium	1024	478	1024	989.290466	0.059237	0.018728	0.000630	0.000339	0.839513	0.786017	10.038351	1.297243	1.337822	387.000000	0.011810	0.000440	0.000710	0.000000	0.001070	0.001930	0.000000	0.312372	1.920808	13.474513	0.365153	0.817424	0.000000	0.000000	0.000000	0.733649	1.000000	0.023395	0.000000	0.000000	80.000000	80.000000	0.000000	0.000000	1.000000	0.000000	8.000000	0.000000	0.005140	0.961673	1.830669	0.000000	0.000000	0.231677	1.000000	1.000000	0.056534	0.000000	51.143505	0.820204	0.048752	0.000809	0.000000	489472.000000	13.101083	478.000000	1024.000000	1468416.000000	0.466797	0.761861	0.004184	0.004184	0.004184	0.071130	3.000000	0.000000	0.767847	4.994925	5.328372	5.475451	0.000000	0.000000	0.011258	1.000000	0.000000	0.000000	0.000000	0.020945	0.000000	0.000000	7.000000	236.000000	255.000000	0.000000	0.000000	0.000000	0.000000	0.000000	0.000000	0.000000	0.000000	18.900867	5.689728	13.000000	699.622742	14.199695	6.169611	6.931472	13.105258	13.105258	13.105258	13.169796
0da74d8b94ff3c89f3578296ea87305ce1623d890f0c5cb8e54b907428675f15	photo	clic2025-native	/home/lilith/work/codec-corpus/clic2025/training/8bb119b8ca17492392e1e3ea4b811b32.png	medium	1024	683	1024	2992.522217	0.092719	0.064934	0.003775	0.004072	0.435294	0.120129	33.494453	0.449297	1.599413	1168.000000	0.035645	0.000530	0.000940	0.000000	0.004000	0.007880	0.000000	0.288057	4.376178	7.675551	1.534926	0.004596	0.000000	0.000000	0.000000	0.156709	0.141229	0.660740	0.000000	0.000000	80.000000	80.000000	0.000000	0.000000	1.000000	0.000000	8.000000	0.000000	0.127506	3.106634	0.973201	0.027928	0.020445	0.000000	1.000000	1.000000	0.153493	0.741694	17.715088	0.007353	0.051967	0.001970	0.000000	699392.000000	13.457967	683.000000	1024.000000	2098176.000000	0.666992	0.404977	0.007321	0.007321	0.030747	0.030747	3.000000	3.207567	3.700828	4.243509	4.543927	4.858105	0.158080	0.281968	0.492882	0.974171	0.048203	0.072420	0.103856	0.140142	6.000000	14.000000	29.000000	96.000000	255.000000	0.000000	0.000000	0.031746	0.079365	0.000000	0.000000	0.000000	0.000000	19.415741	5.844721	13.500000	836.296570	14.556579	6.526495	6.931472	13.465261	13.465261	13.488250	13.488250
0efb4acbd4e177966da578024a952fe2ace2fb6cf2ca9f21a2c6d8dd6166fa2f	photo	gb82-photos	/home/lilith/work/codec-corpus/gb82/rain-lossless.png	small	64	64	64	1502.679565	0.105064	0.015805	0.002997	0.002084	0.484375	0.046875	5.479470	0.025378	1.243603	158.000000	0.038574	0.000780	0.000770	0.000000	0.001710	0.002570	0.000000	0.090750	2.831450	11.468750	0.625000	0.000000	0.000000	0.000000	0.000000	0.342158	0.053571	0.428429	8.000000	1.000000	80.000000	80.000000	0.000000	0.000000	1.000000	0.000000	8.000000	0.000000	0.795654	3.157248	0.968386	0.065055	0.000000	0.000000	1.000000	1.000000	0.593750	0.008057	11.704241	0.046875	0.045635	0.000744	0.000000	4096.000000	8.317766	64.000000	64.000000	12288.000000	1.000000	0.000000	0.000000	0.000000	0.000000	0.000000	3.000000	3.127347	3.881428	4.649651	4.745051	5.293446	0.109282	0.274558	0.583250	1.000000	0.012183	0.027748	0.056517	0.091793	2.000000	7.000000	25.000000	86.000000	218.000000	0.000000	0.000000	0.031746	0.063492	0.000000	0.000000	0.000000	0.000000	12.000000	3.612360	8.500000	64.000000	9.416378	4.158883	4.158883	8.317766	8.317766	8.317766	8.317766
1666e6fa3175c5b0ccffdf21e54fabfd8da038d9f556ebb0fac5731d9f935755	photo	CID22-512px	/home/lilith/work/codec-corpus/CID22/CID22-512/training/pexels-photo-7438498.png	small	64	64	64	4772.512695	0.395818	0.128342	0.018588	0.023559	0.046875	0.000000	55.432064	0.276567	0.679061	961.000000	0.234619	0.019950	0.022310	1.000000	0.250540	0.372040	16.000000	0.147133	4.527785	57.875000	27.406250	0.000000	0.000000	0.000000	0.000000	0.422535	0.000000	0.950083	0.000000	0.000000	80.000000	80.000000	0.000000	0.000000	1.000000	0.000000	8.000000	0.000000	0.094482	4.538468	0.826033	0.289533	0.065806	0.000000	1.000000	1.000000	0.359375	0.400146	33.544754	0.000000	0.209573	0.044395	0.000000	4096.000000	8.317766	64.000000	64.000000	12288.000000	1.000000	0.000000	0.000000	0.000000	0.000000	0.000000	3.000000	4.832539	5.181853	5.323917	5.430975	5.529392	0.979979	1.000000	1.000000	1.000000	0.150404	0.350975	0.672050	1.000000	18.000000	55.000000	111.000000	225.000000	255.000000	0.031746	0.126984	0.206349	0.301587	0.000000	0.015873	0.031746	0.063492	12.000000	3.612360	8.500000	64.000000	9.416378	4.158883	4.158883	8.317766	8.317766	8.317766	8.317766
0efb4acbd4e177966da578024a952fe2ace2fb6cf2ca9f21a2c6d8dd6166fa2f	photo	gb82-photos	/home/lilith/work/codec-corpus/gb82/rain-lossless.png	medium	256	256	256	1557.621460	0.071311	0.016610	0.002026	0.001635	0.663086	0.193359	5.755386	0.145239	1.282191	339.000000	0.010345	0.000500	0.000440	0.000000	0.001490	0.001670	0.000000	0.403110	2.939184	5.175781	0.286133	0.000000	0.000000	0.000000	0.000000	0.383056	0.220982	0.217233	0.000000	0.000000	80.000000	80.000000	0.000000	0.000000	1.000000	0.000000	8.000000	0.000000	0.769089	2.571886	1.077253	0.025152	0.000000	0.000000	1.000000	1.000000	0.162109	0.009476	18.568396	0.002930	0.036210	0.000372	0.000000	65536.000000	11.090355	256.000000	256.000000	196608.000000	1.000000	0.000000	0.000000	0.000000	0.000000	0.000000	3.000000	2.296529	3.572695	4.135117	4.422284	4.713913	0.039601	0.103030	0.375977	0.776620	0.000000	0.024558	0.040915	0.078635	2.000000	6.000000	21.000000	115.000000	255.000000	0.000000	0.000000	0.000000	0.047619	0.000000	0.000000	0.000000	0.000000	16.000000	4.816480	11.000000	256.000000	12.188967	5.545177	5.545177	11.090355	11.090355	11.090355	11.090355
1666e6fa3175c5b0ccffdf21e54fabfd8da038d9f556ebb0fac5731d9f935755	photo	CID22-512px	/home/lilith/work/codec-corpus/CID22/CID22-512/training/pexels-photo-7438498.png	medium	256	256	256	5055.475586	0.200046	0.132910	0.009118	0.012202	0.301758	0.038086	57.086399	0.427205	1.170065	2695.000000	0.082245	0.005440	0.006740	0.000000	0.089100	0.103620	11.000000	0.156298	4.503005	26.840820	12.758789	0.003906	0.000000	0.000000	0.000000	0.338106	0.046875	0.896902	0.000000	0.000000	80.000000	80.000000	0.000000	0.000000	1.000000	0.000000	8.000000	0.000000	0.091232	3.657715	1.117805	0.064329	0.010314	0.000000	1.000000	1.000000	0.365234	0.382935	29.382635	0.021484	0.104322	0.024213	0.000000	65536.000000	11.090355	256.000000	256.000000	196608.000000	1.000000	0.000000	0.000000	0.000000	0.000000	0.000000	3.000000	3.746848	4.633523	5.070411	5.246141	5.449119	0.177420	0.534368	1.000000	1.000000	0.030121	0.090817	0.408664	0.755726	6.000000	22.000000	60.000000	172.000000	255.000000	0.000000	0.015873	0.063492	0.174603	0.000000	0.000000	0.000000	0.047619	16.000000	4.816480	11.000000	256.000000	12.188967	5.545177	5.545177	11.090355	11.090355	11.090355	11.090355
0f247f2be3de720839248db3928bf5ff007092f2c1c6dc1c9d42d22972783bc1	photo	CID22-512px	/home/lilith/work/codec-corpus/CID22/CID22-512/training/1545529.png	small	64	64	64	3912.295898	0.212396	0.104236	0.013029	0.008908	0.359375	0.125000	35.643414	0.243667	0.835066	483.000000	0.117920	0.020330	0.023030	1.000000	0.087880	0.074210	12.000000	0.140551	3.098070	56.812500	12.921875	0.000000	0.000000	0.000000	0.000000	0.486012	0.142857	0.501208	0.000000	0.000000	80.000000	80.000000	0.000000	0.000000	1.000000	0.000000	8.000000	0.000000	0.216553	3.661731	1.498722	0.051155	0.007977	0.000000	1.000000	1.000000	0.390625	0.137207	50.567394	0.031250	0.161706	0.021577	0.000000	4096.000000	8.317766	64.000000	64.000000	12288.000000	1.000000	0.000000	0.000000	0.000000	0.000000	0.000000	3.000000	3.958199	4.975592	5.454255	5.631837	5.688145	0.089129	0.721684	1.000000	1.000000	0.021005	0.081736	0.334960	0.793442	3.000000	23.000000	92.000000	255.000000	255.000000	0.000000	0.000000	0.126984	0.317460	0.000000	0.000000	0.000000	0.031746	12.000000	3.612360	8.500000	64.000000	9.416378	4.158883	4.158883	8.317766	8.317766	8.317766	8.317766
16ab8d15b113784e7a06f59d8b046c0aae029146785d8b5231e4ec88ff25ff35	photo	CID22-512px	/home/lilith/work/codec-corpus/CID22/CID22-512/training/pexels-photo-7078290.png	small	64	64	64	512.819580	0.168808	0.096245	0.011109	0.012671	0.140625	0.000000	40.786983	0.070706	0.851796	334.000000	0.081543	0.006800	0.006890	0.000000	0.063860	0.050610	1.000000	0.217784	3.006408	15.390625	9.265625	0.000000	0.000000	0.000000	0.000000	0.425252	0.000000	0.652174	0.000000	0.000000	80.000000	80.000000	0.000000	0.000000	1.000000	0.000000	8.000000	0.000000	0.017578	3.787979	0.662346	0.163302	0.055061	0.000000	1.000000	1.000000	0.218750	0.612549	22.187757	0.000000	0.081349	0.010913	0.000000	4096.000000	8.317766	64.000000	64.000000	12288.000000	1.000000	0.000000	0.000000	0.000000	0.000000	0.000000	3.000000	3.762668	4.312016	4.899489	4.920304	5.036060	0.311901	0.550308	1.000000	1.000000	0.102072	0.146057	0.285550	0.508509	11.000000	24.000000	47.000000	131.000000	255.000000	0.015873	0.031746	0.063492	0.111111	0.000000	0.000000	0.015873	0.015873	12.000000	3.612360	8.500000	64.000000	9.416378	4.158883	4.158883	8.317766	8.317766	8.317766	8.317766
0f247f2be3de720839248db3928bf5ff007092f2c1c6dc1c9d42d22972783bc1	photo	CID22-512px	/home/lilith/work/codec-corpus/CID22/CID22-512/training/1545529.png	medium	256	256	256	4147.127930	0.090704	0.107961	0.007325	0.004978	0.621094	0.431641	36.930321	0.255590	1.298708	1763.000000	0.053802	0.007160	0.008740	1.000000	0.034350	0.032040	28.000000	0.088546	3.033659	20.070312	5.955078	0.008789	0.000000	0.000000	0.000000	0.289406	0.500837	0.289855	0.000000	0.000000	80.000000	80.000000	0.000000	0.000000	1.000000	0.000000	8.000000	0.000000	0.197891	2.604794	1.524419	0.018295	0.000000	0.000000	1.000000	1.000000	0.189453	0.135086	42.824959	0.002930	0.059043	0.010696	0.000000	65536.000000	11.090355	256.000000	256.000000	196608.000000	1.000000	0.000000	0.000000	0.000000	0.000000	0.000000	3.000000	2.145303	3.848862	4.975540	5.386223	5.712833	0.026362	0.081743	0.625422	1.000000	0.009214	0.024863	0.128713	0.373831	1.000000	6.000000	28.000000	162.000000	255.000000	0.000000	0.000000	0.000000	0.079365	0.000000	0.000000	0.000000	0.000000	16.000000	4.816480	11.000000	256.000000	12.188967	5.545177	5.545177	11.090355	11.090355	11.090355	11.090355
0f35e280adbb008743b24d13eb0400b229aa1639c6cf66599078db017a08c7ae	photo	CID22-512px	/home/lilith/work/codec-corpus/CID22/CID22-512/training/pexels-photo-1130297.png	small	64	64	64	3305.885254	0.577223	0.053463	0.013779	0.012665	0.000000	0.000000	18.259430	0.377649	0.610937	459.000000	0.112061	0.012580	0.009220	0.000000	0.066200	0.047880	4.000000	0.253202	4.247317	60.156250	6.156250	0.000000	0.000000	0.000000	0.000000	0.422535	0.000000	0.868787	0.000000	0.000000	80.000000	80.000000	0.000000	0.000000	1.000000	0.000000	8.000000	0.000000	0.190918	4.757770	0.350811	0.926081	0.059667	0.000000	1.000000	1.000000	0.140625	0.126709	28.322350	0.000000	0.255704	0.013145	0.000000	4096.000000	8.317766	64.000000	64.000000	12288.000000	1.000000	0.000000	0.000000	0.000000	0.000000	0.000000	3.000000	4.817023	5.049139	5.111809	5.212414	5.362422	1.000000	1.000000	1.000000	1.000000	0.075146	0.136776	0.224008	0.325239	39.000000	81.000000	126.000000	226.000000	255.000000	0.142857	0.190476	0.253968	0.333333	0.000000	0.000000	0.015873	0.015873	12.000000	3.612360	8.500000	64.000000	9.416378	4.158883	4.158883	8.317766	8.317766	8.317766	8.317766
16ab8d15b113784e7a06f59d8b046c0aae029146785d8b5231e4ec88ff25ff35	photo	CID22-512px	/home/lilith/work/codec-corpus/CID22/CID22-512/training/pexels-photo-7078290.png	medium	256	256	256	942.058044	0.353495	0.098710	0.007804	0.008300	0.093750	0.000000	41.615971	0.392141	0.879571	960.000000	0.029297	0.003230	0.005350	0.000000	0.025770	0.039690	2.000000	0.139304	3.533590	22.623047	5.561523	0.001953	0.000000	0.000000	0.000000	0.488227	0.001674	0.661910	0.000000	0.000000	80.000000	80.000000	0.000000	0.000000	1.000000	0.000000	8.000000	0.000000	0.012543	4.042307	0.641045	0.204278	0.057127	0.000000	1.000000	1.000000	0.286133	0.612183	17.127783	0.001953	0.099222	0.008340	0.000000	65536.000000	11.090355	256.000000	256.000000	196608.000000	1.000000	0.000000	0.000000	0.000000	0.000000	0.000000	3.000000	4.087706	4.566216	4.863244	4.974659	5.093880	0.387057	0.730486	1.000000	1.000000	0.093235	0.144241	0.219318	0.309399	19.000000	41.000000	65.000000	116.000000	255.000000	0.015873	0.047619	0.095238	0.142857	0.000000	0.000000	0.000000	0.015873	16.000000	4.816480	11.000000	256.000000	12.188967	5.545177	5.545177	11.090355	11.090355	11.090355	11.090355
0f35e280adbb008743b24d13eb0400b229aa1639c6cf66599078db017a08c7ae	photo	CID22-512px	/home/lilith/work/codec-corpus/CID22/CID22-512/training/pexels-photo-1130297.png	medium	256	256	256	3952.739258	0.417809	0.059163	0.009849	0.009051	0.107422	0.032227	20.175417	0.987951	0.822495	1366.000000	0.041687	0.009600	0.006190	1.000000	0.046180	0.028500	7.000000	0.217867	4.324221	43.656250	4.691406	0.003906	0.000000	0.000000	0.000000	0.422535	0.040179	0.852157	0.000000	0.000000	80.000000	80.000000	0.000000	0.000000	1.000000	0.000000	8.000000	0.000000	0.215561	4.253193	0.988158	0.145027	0.029416	0.000000	1.000000	1.000000	0.209961	0.128555	29.116735	0.000000	0.182416	0.009146	0.000000	65536.000000	11.090355	256.000000	256.000000	196608.000000	1.000000	0.000000	0.000000	0.000000	0.000000	0.000000	3.000000	4.501381	4.902372	5.219562	5.290482	5.407583	0.624054	1.000000	1.000000	1.000000	0.053912	0.094618	0.161930	0.285409	21.000000	57.000000	103.000000	213.000000	255.000000	0.000000	0.095238	0.174603	0.269841	0.000000	0.000000	0.000000	0.015873	16.000000	4.816480	11.000000	256.000000	12.188967	5.545177	5.545177	11.090355	11.090355	11.090355	11.090355
16e282da0e8b0b84e40bf8a5a6f61134893b6e99f47e2aa399d9b108c9e8488a	photo	CID22-512px	/home/lilith/work/codec-corpus/CID22/CID22-512/training/1722183.png	small	64	64	64	3934.811035	0.292517	0.049039	0.009484	0.008368	0.062500	0.000000	17.330139	0.130881	0.895823	291.000000	0.071045	0.007260	0.004260	0.000000	0.034730	0.019250	1.000000	0.115923	4.272995	38.671875	4.812500	0.000000	0.000000	0.000000	0.000000	0.422535	0.000000	0.876230	0.000000	0.000000	80.000000	80.000000	0.000000	0.000000	1.000000	0.000000	8.000000	0.000000	0.389648	4.248191	0.720373	0.201168	0.015608	0.000000	1.000000	1.000000	0.375000	0.138916	25.479879	0.000000	0.141865	0.009425	0.000000	4096.000000	8.317766	64.000000	64.000000	12288.000000	1.000000	0.000000	0.000000	0.000000	0.000000	0.000000	3.000000	4.261735	4.839283	5.116091	5.280650	5.513200	0.588607	1.000000	1.000000	1.000000	0.047687	0.130796	0.250580	0.305192	15.000000	38.000000	73.000000	163.000000	255.000000	0.031746	0.079365	0.126984	0.206349	0.000000	0.000000	0.000000	0.015873	12.000000	3.612360	8.500000	64.000000	9.416378	4.158883	4.158883	8.317766	8.317766	8.317766	8.317766
0f47e28fd10ab01ca129fafefec9ac3efdd749d9be83d0b9d877054ee168ddfe	mixed	kadid10k-distortion-set	/home/lilith/work/codec-corpus/kadid10k/I63.png	tiny	64	64	48	2259.283691	0.571429	0.085774	0.022877	0.012804	0.000000	0.000000	34.904381	0.204751	0.660108	856.000000	0.278646	0.030620	0.034810	1.000000	0.064030	0.085390	3.000000	0.129203	4.290695	62.666668	15.083333	0.000000	0.000000	0.000000	0.000000	0.422535	0.000000	0.881361	0.000000	0.000000	80.000000	80.000000	0.000000	0.000000	1.000000	0.000000	8.000000	0.000000	0.020833	4.774089	0.364739	0.962604	0.120264	0.000000	1.000000	1.000000	0.333333	0.452148	22.388035	0.000000	0.217923	0.033069	0.000000	3072.000000	8.030084	48.000000	64.000000	9216.000000	0.750000	0.287682	0.000000	0.000000	0.333333	0.333333	3.000000	4.797550	5.032876	5.270118	5.339763	5.466309	1.000000	1.000000	1.000000	1.000000	0.189191	0.317359	0.459634	0.659384	34.000000	67.000000	96.000000	195.000000	255.000000	0.111111	0.158730	0.222222	0.269841	0.000000	0.015873	0.031746	0.047619	11.584963	3.487421	8.000000	55.425625	9.128696	3.871201	4.158883	8.030084	8.030084	8.317766	8.317766
0f47e28fd10ab01ca129fafefec9ac3efdd749d9be83d0b9d877054ee168ddfe	mixed	kadid10k-distortion-set	/home/lilith/work/codec-corpus/kadid10k/I63.png	small	256	256	192	2784.419434	0.423920	0.090658	0.013871	0.008095	0.010417	0.000000	36.382191	0.743660	0.854197	2674.000000	0.081604	0.010970	0.013330	2.000000	0.023740	0.028900	2.000000	0.230755	4.409908	36.947918	10.420573	0.000000	0.000000	0.000000	0.000000	0.422535	0.000000	0.915915	0.000000	0.000000	80.000000	80.000000	0.000000	0.000000	1.000000	0.000000	8.000000	0.000000	0.020935	4.404488	0.525441	0.425094	0.067061	0.000000	1.000000	1.000000	0.230469	0.418559	25.452911	0.000000	0.161603	0.019738	0.000000	49152.000000	10.802672	192.000000	256.000000	147456.000000	0.750000	0.287682	0.000000	0.000000	0.000000	0.000000	3.000000	4.461618	4.802402	5.031725	5.114636	5.306837	0.745655	1.000000	1.000000	1.000000	0.107206	0.191913	0.317988	0.463701	24.000000	53.000000	95.000000	192.000000	255.000000	0.047619	0.095238	0.142857	0.222222	0.000000	0.000000	0.015873	0.031746	15.584963	4.691541	11.000000	221.702499	11.901285	5.257495	5.545177	10.802672	10.802672	10.802672	10.802672
16e282da0e8b0b84e40bf8a5a6f61134893b6e99f47e2aa399d9b108c9e8488a	photo	CID22-512px	/home/lilith/work/codec-corpus/CID22/CID22-512/training/1722183.png	medium	256	256	256	4255.146484	0.262007	0.054745	0.011356	0.009668	0.278320	0.018555	19.170143	0.671584	1.172457	725.000000	0.022125	0.019280	0.009250	1.000000	0.087930	0.036480	5.000000	0.327849	4.331493	21.651367	3.452148	0.007812	0.000000	0.000000	0.000000	0.422535	0.027902	0.870777	0.000000	0.000000	80.000000	80.000000	0.000000	0.000000	1.000000	0.000000	8.000000	0.000000	0.363937	3.690218	0.983393	0.099811	0.007951	0.000000	1.000000	1.000000	0.313477	0.125839	27.079685	0.001953	0.108104	0.005735	0.000000	65536.000000	11.090355	256.000000	256.000000	196608.000000	1.000000	0.000000	0.000000	0.000000	0.000000	0.000000	3.000000	3.884986	4.526086	4.904449	5.050068	5.267764	0.193745	0.575892	1.000000	1.000000	0.021563	0.041004	0.152405	0.304123	9.000000	33.000000	79.000000	211.000000	255.000000	0.000000	0.015873	0.079365	0.174603	0.000000	0.000000	0.000000	0.000000	16.000000	4.816480	11.000000	256.000000	12.188967	5.545177	5.545177	11.090355	11.090355	11.090355	11.090355
0361106edaa80377dd9892831f6aa0c75dd35a9ee7f5d3ebaaa3fc0dc8f5b56d	photo	clic2025-native	/home/lilith/work/codec-corpus/clic2025/final-test/86127fbdb368eb28c3039cf61aff1c4cfdc4ade24070c8f2389968d5ead681e1.png	medium	1024	1024	488	2338.191406	0.371481	0.038103	0.011595	0.005944	0.071721	0.002690	12.404099	2.368401	1.058359	837.000000	0.025543	0.008340	0.007120	2.000000	0.017890	0.012940	32.000000	0.235600	4.118897	36.393368	3.099462	0.003584	0.000000	0.000000	0.000000	0.422535	0.006146	0.828316	0.000000	0.000000	80.000000	80.000000	0.000000	0.000000	1.000000	0.000000	8.000000	0.000000	0.374484	4.326748	0.707315	0.307734	0.027911	0.000000	1.000000	1.000000	0.120072	0.077483	27.751820	0.001792	0.190362	0.006216	0.000000	499712.000000	13.121787	488.000000	1024.000000	1499136.000000	0.476562	0.741156	0.000000	0.016393	0.049180	0.049180	3.000000	4.433088	4.813287	5.069945	5.218417	5.421874	0.672812	1.000000	1.000000	1.000000	0.069977	0.116097	0.169533	0.226338	19.000000	47.000000	92.000000	215.000000	255.000000	0.047619	0.126984	0.190476	0.269841	0.000000	0.000000	0.000000	0.015873	18.930737	5.698720	13.000000	706.903076	14.220400	6.190315	6.931472	13.121787	13.138048	13.169796	13.169796
03b460c03ca480522dc69ada15162d6748f40e4ed7b06d0c0068eebedebec5f5	mixed	kadid10k-distortion-set	/home/lilith/work/codec-corpus/kadid10k/I12.png	tiny	64	64	48	2483.576660	0.795677	0.082221	0.031872	0.014068	0.000000	0.000000	34.838078	0.519148	0.520293	1103.000000	0.359049	0.053190	0.061510	1.000000	0.060500	0.068040	1.000000	0.368231	4.366412	66.895836	15.604167	0.000000	0.000000	0.000000	0.000000	0.422535	0.000000	0.903308	0.000000	0.000000	80.000000	80.000000	0.000000	0.000000	1.000000	0.000000	8.000000	0.000000	0.024089	4.890355	0.257932	1.000000	0.161489	0.000000	1.000000	1.000000	0.083333	0.029948	29.814423	0.000000	0.317460	0.037037	0.000000	3072.000000	8.030084	48.000000	64.000000	9216.000000	0.750000	0.287682	0.000000	0.000000	0.333333	0.333333	3.000000	4.969290	5.090331	5.185303	5.219550	5.320807	1.000000	1.000000	1.000000	1.000000	0.287439	0.329828	0.480104	0.575163	57.000000	108.000000	161.000000	255.000000	255.000000	0.206349	0.269841	0.333333	0.365079	0.015873	0.015873	0.031746	0.047619	11.584963	3.487421	8.000000	55.425625	9.128696	3.871201	4.158883	8.030084	8.030084	8.317766	8.317766
1004ba77cab86bdbf351198617026039cbdbb826c25c32d4bc8bf0e7c7e8bb36	photo	clic2025-1024px-resized	/home/lilith/work/codec-corpus/clic2025-1024/50d13125b665e0c4c1673264807bfc3cc7a217819329696843fea4c69aff8b91.png	small	64	64	64	1783.607178	0.149408	0.253418	0.012456	0.014841	0.515625	0.265625	114.870094	0.071457	0.752451	110.000000	0.026855	0.030700	0.014030	1.000000	0.281100	0.137480	9.000000	0.149609	2.791720	20.343750	29.750000	0.125000	0.000000	0.000000	0.000000	0.422701	0.410714	0.331371	8.000000	1.000000	80.000000	80.000000	0.000000	0.000000	1.000000	0.000000	8.000000	0.000000	0.469238	2.826410	1.789753	0.000000	0.000000	0.000000	1.000000	1.000000	0.203125	0.007812	22.452372	0.140625	0.091022	0.032490	0.000000	4096.000000	8.317766	64.000000	64.000000	12288.000000	1.000000	0.000000	0.000000	0.000000	0.000000	0.000000	3.000000	2.854154	4.644899	4.953187	4.970714	5.042737	0.026022	0.162992	1.000000	1.000000	0.000000	0.031975	0.851227	1.000000	1.000000	7.000000	55.000000	127.000000	255.000000	0.000000	0.000000	0.000000	0.174603	0.000000	0.000000	0.000000	0.095238	12.000000	3.612360	8.500000	64.000000	9.416378	4.158883	4.158883	8.317766	8.317766	8.317766	8.317766
03b460c03ca480522dc69ada15162d6748f40e4ed7b06d0c0068eebedebec5f5	mixed	kadid10k-distortion-set	/home/lilith/work/codec-corpus/kadid10k/I12.png	small	256	256	192	3482.436035	0.674962	0.090469	0.022229	0.010833	0.000000	0.000000	37.267349	1.591258	0.812875	3218.000000	0.098206	0.020620	0.025600	1.000000	0.030110	0.035600	2.000000	0.283049	4.603281	65.804688	13.161458	0.000000	0.000000	0.000000	0.000000	0.422535	0.000000	0.971965	0.000000	0.000000	80.000000	80.000000	0.000000	0.000000	1.000000	0.000000	8.000000	0.000000	0.029439	4.786401	0.387115	0.876774	0.098096	0.000000	1.000000	1.000000	0.126302	0.037720	29.712173	0.000000	0.273003	0.029969	0.000000	49152.000000	10.802672	192.000000	256.000000	147456.000000	0.750000	0.287682	0.000000	0.000000	0.000000	0.000000	3.000000	4.838509	5.070090	5.245790	5.344252	5.505111	1.000000	1.000000	1.000000	1.000000	0.160410	0.294158	0.428181	0.565299	44.000000	87.000000	140.000000	255.000000	255.000000	0.142857	0.206349	0.285714	0.333333	0.000000	0.015873	0.031746	0.047619	15.584963	4.691541	11.000000	221.702499	11.901285	5.257495	5.545177	10.802672	10.802672	10.802672	10.802672
1004ba77cab86bdbf351198617026039cbdbb826c25c32d4bc8bf0e7c7e8bb36	photo	clic2025-1024px-resized	/home/lilith/work/codec-corpus/clic2025-1024/50d13125b665e0c4c1673264807bfc3cc7a217819329696843fea4c69aff8b91.png	medium	256	256	256	1847.904053	0.054410	0.255452	0.003405	0.004116	0.774414	0.597656	115.532639	0.075782	1.346779	138.000000	0.004211	0.006810	0.003220	1.000000	0.061650	0.030900	8.000000	0.099307	2.679352	7.837891	7.304688	0.289062	0.000000	0.000000	0.000000	0.277967	0.819196	0.181677	8.000000	1.000000	80.000000	80.000000	0.000000	0.000000	1.000000	0.000000	8.000000	0.000000	0.491104	1.608140	1.601507	0.000000	0.000000	0.000000	1.000000	1.000000	0.115234	0.001602	20.488691	0.345703	0.029018	0.008247	0.000000	65536.000000	11.090355	256.000000	256.000000	196608.000000	1.000000	0.000000	0.000000	0.000000	0.000000	0.000000	3.000000	1.224015	1.798907	4.548008	4.814301	5.038939	0.000000	0.026032	0.055823	1.000000	0.000000	0.000000	0.027687	0.071879	0.000000	1.000000	13.000000	85.000000	255.000000	0.000000	0.000000	0.000000	0.000000	0.000000	0.000000	0.000000	0.000000	16.000000	4.816480	11.000000	256.000000	12.188967	5.545177	5.545177	11.090355	11.090355	11.090355	11.090355
170a099e5c4b447675a1b541ded370a0645b41174578597836a3ecb407fb2beb	photo	clic2025-1024px-resized	/home/lilith/work/codec-corpus/clic2025-1024/5e5ce43575fa67fdc0dd37146d7f479e.png	small	64	64	64	2212.514160	0.292013	0.149614	0.020821	0.011469	0.187500	0.000000	52.548931	0.235009	0.861161	1012.000000	0.247070	0.097770	0.063730	15.000000	0.079730	0.113610	5.000000	0.358597	4.289354	28.765625	19.406250	0.000000	0.000000	0.000000	0.000000	0.422535	0.000000	0.880972	0.000000	0.000000	80.000000	80.000000	0.000000	0.000000	1.000000	0.000000	8.000000	0.000000	0.093506	3.977151	0.840753	0.209401	0.089271	0.000000	1.000000	1.000000	0.390625	0.143066	32.829182	0.000000	0.148810	0.037450	0.000000	4096.000000	8.317766	64.000000	64.000000	12288.000000	1.000000	0.000000	0.000000	0.000000	0.000000	0.000000	3.000000	4.069853	4.695261	5.064870	5.212816	5.360631	0.293062	0.730478	1.000000	1.000000	0.126932	0.200647	0.405978	1.000000	4.000000	43.000000	98.000000	242.000000	255.000000	0.015873	0.031746	0.126984	0.253968	0.000000	0.015873	0.015873	0.063492	12.000000	3.612360	8.500000	64.000000	9.416378	4.158883	4.158883	8.317766	8.317766	8.317766	8.317766
1004ba77cab86bdbf351198617026039cbdbb826c25c32d4bc8bf0e7c7e8bb36	photo	clic2025-1024px-resized	/home/lilith/work/codec-corpus/clic2025-1024/50d13125b665e0c4c1673264807bfc3cc7a217819329696843fea4c69aff8b91.png	large	1024	1024	1024	1891.145264	0.052480	0.255691	0.000965	0.001143	0.860596	0.722168	115.755081	0.405456	2.013638	248.000000	0.007568	0.000890	0.000400	0.000000	0.007470	0.003500	5.000000	0.440559	2.627313	3.606445	1.481445	0.405273	0.000000	0.000000	0.000000	0.526362	0.918806	0.050937	8.000000	1.000000	80.000000	80.000000	0.000000	0.000000	1.000000	0.000000	8.000000	0.000000	0.494801	1.097313	1.388199	0.000000	0.000000	0.000000	1.000000	1.000000	0.027344	0.000668	20.152956	0.520508	0.023344	0.002201	0.000000	1048576.000000	13.862944	1024.000000	1024.000000	3145728.000000	1.000000	0.000000	0.000000	0.000000	0.000000	0.000000	3.000000	0.777019	1.306089	3.881412	4.456873	4.870958	0.000000	0.013038	0.030119	0.481074	0.000000	0.000000	0.015312	0.036627	0.000000	1.000000	8.000000	98.000000	255.000000	0.000000	0.000000	0.000000	0.000000	0.000000	0.000000	0.000000	0.000000	20.000000	6.020600	14.000000	1024.000000	14.961555	6.931472	6.931472	13.862944	13.862944	13.862944	13.862944
1133a2ec4aebc96fb881186d5443128bd31bcb105569e87218883a9fd4ef7aad	photo	CID22-512px	/home/lilith/work/codec-corpus/CID22/CID22-512/training/pexels-photo-1544724.png	small	64	64	64	1728.444946	0.557067	0.232068	0.073636	0.083893	0.000000	0.000000	99.278374	0.301155	0.521629	1777.000000	0.433838	0.530960	0.142020	16.000000	2.726940	0.867020	63.000000	0.307552	4.060718	43.718750	89.718750	0.000000	0.000000	0.000000	0.000000	0.422535	0.000000	0.814701	0.000000	0.000000	80.000000	80.000000	0.000000	0.000000	1.000000	0.000000	8.000000	0.000000	0.015381	4.600753	0.294010	0.825145	0.347872	0.000000	1.000000	1.000000	0.140625	0.215332	23.023243	0.000000	0.230903	0.115079	0.000000	4096.000000	8.317766	64.000000	64.000000	12288.000000	1.000000	0.000000	0.000000	0.000000	0.000000	0.000000	3.000000	4.702055	4.800339	4.944149	4.967242	5.049616	1.000000	1.000000	1.000000	1.000000	0.562895	1.000000	1.000000	1.000000	31.000000	68.000000	116.000000	211.000000	255.000000	0.126984	0.190476	0.222222	0.285714	0.047619	0.063492	0.111111	0.142857	12.000000	3.612360	8.500000	64.000000	9.416378	4.158883	4.158883	8.317766	8.317766	8.317766	8.317766
1133a2ec4aebc96fb881186d5443128bd31bcb105569e87218883a9fd4ef7aad	photo	CID22-512px	/home/lilith/work/codec-corpus/CID22/CID22-512/training/pexels-photo-1544724.png	medium	256	256	256	2186.721680	0.286936	0.252071	0.037779	0.034519	0.117188	0.001953	105.208603	0.675623	0.820611	5835.000000	0.178070	0.120840	0.039190	10.000000	0.425820	0.149380	37.000000	0.210409	4.236664	32.586914	53.583984	0.001953	0.000000	0.000000	0.000000	0.422535	0.003906	0.863341	0.000000	0.000000	80.000000	80.000000	0.000000	0.000000	1.000000	0.000000	8.000000	0.000000	0.026749	4.124627	0.819434	0.216655	0.066856	0.000000	1.000000	1.000000	0.438477	0.175217	28.369457	0.000000	0.136657	0.063802	0.000000	65536.000000	11.090355	256.000000	256.000000	196608.000000	1.000000	0.000000	0.000000	0.000000	0.000000	0.000000	3.000000	4.251892	4.793674	5.069638	5.162891	5.258166	0.466139	0.983548	1.000000	1.000000	0.160210	0.521212	1.000000	1.000000	10.000000	35.000000	82.000000	203.000000	255.000000	0.015873	0.047619	0.111111	0.206349	0.000000	0.015873	0.047619	0.095238	16.000000	4.816480	11.000000	256.000000	12.188967	5.545177	5.545177	11.090355	11.090355	11.090355	11.090355
129fdfc9e99161836c65a6cd59afa8708d79b3920d7dc5362bed71a63cbcba3b	photo	CID22-512px	/home/lilith/work/codec-corpus/CID22/CID22-512/training/7062227.png	small	64	64	64	1036.299316	0.335349	0.075307	0.014400	0.018221	0.125000	0.000000	33.481182	0.176580	0.750747	722.000000	0.176270	0.018720	0.026490	1.000000	0.207740	0.268440	13.000000	0.336214	3.518491	26.421875	15.078125	0.000000	0.000000	0.000000	0.000000	0.490353	0.000000	0.657533	0.000000	0.000000	80.000000	80.000000	0.000000	0.000000	1.000000	0.000000	8.000000	0.000000	0.120117	4.063159	0.733150	0.235967	0.075630	0.000000	1.000000	1.000000	0.203125	0.425293	25.215166	0.000000	0.153522	0.035218	0.000000	4096.000000	8.317766	64.000000	64.000000	12288.000000	1.000000	0.000000	0.000000	0.000000	0.000000	0.000000	3.000000	4.273047	4.668334	4.883121	5.031489	5.139031	0.488770	0.924168	1.000000	1.000000	0.127059	0.282446	0.521838	0.673816	15.000000	40.000000	82.000000	211.000000	255.000000	0.015873	0.047619	0.142857	0.222222	0.000000	0.015873	0.015873	0.063492	12.000000	3.612360	8.500000	64.000000	9.416378	4.158883	4.158883	8.317766	8.317766	8.317766	8.317766
170a099e5c4b447675a1b541ded370a0645b41174578597836a3ecb407fb2beb	photo	clic2025-1024px-resized	/home/lilith/work/codec-corpus/clic2025-1024/5e5ce43575fa67fdc0dd37146d7f479e.png	medium	256	256	256	2492.523438	0.181530	0.155203	0.012921	0.007072	0.563477	0.000000	54.149872	0.456986	1.175335	3001.000000	0.091583	0.032180	0.032240	6.000000	0.035010	0.049240	4.000000	0.203699	4.409555	21.182617	10.779297	0.001953	0.000000	0.000000	0.000000	0.306812	0.001674	0.915813	0.000000	0.000000	80.000000	80.000000	0.000000	0.000000	1.000000	0.000000	8.000000	0.000000	0.096970	3.181882	1.236260	0.052329	0.030841	0.000000	1.000000	1.000000	0.189453	0.133743	29.873924	0.000000	0.088123	0.016028	0.000000	65536.000000	11.090355	256.000000	256.000000	196608.000000	1.000000	0.000000	0.000000	0.000000	0.000000	0.000000	3.000000	2.747363	4.465281	4.975146	5.158588	5.437897	0.073397	0.175996	1.000000	1.000000	0.042666	0.067339	0.181398	0.617140	4.000000	15.000000	61.000000	184.000000	255.000000	0.000000	0.000000	0.015873	0.174603	0.000000	0.000000	0.000000	0.015873	16.000000	4.816480	11.000000	256.000000	12.188967	5.545177	5.545177	11.090355	11.090355	11.090355	11.090355
129fdfc9e99161836c65a6cd59afa8708d79b3920d7dc5362bed71a63cbcba3b	photo	CID22-512px	/home/lilith/work/codec-corpus/CID22/CID22-512/training/7062227.png	medium	256	256	256	1325.245850	0.200308	0.084747	0.009436	0.011495	0.334961	0.036133	36.820843	0.396113	1.193267	3062.000000	0.093445	0.010290	0.014070	1.000000	0.100690	0.148600	19.000000	0.192965	3.532855	21.838867	12.557617	0.000000	0.000000	0.000000	0.000000	0.404343	0.041295	0.618058	0.000000	0.000000	80.000000	80.000000	0.000000	0.000000	1.000000	0.000000	8.000000	0.000000	0.139908	3.557203	1.103853	0.074640	0.016663	0.000000	1.000000	1.000000	0.289062	0.424393	27.890104	0.001953	0.097269	0.022786	0.000000	65536.000000	11.090355	256.000000	256.000000	196608.000000	1.000000	0.000000	0.000000	0.000000	0.000000	0.000000	3.000000	3.794558	4.432279	4.884415	5.119932	5.356903	0.146500	0.567657	1.000000	1.000000	0.039266	0.173397	0.384679	0.673349	6.000000	22.000000	55.000000	165.000000	255.000000	0.000000	0.015873	0.063492	0.142857	0.000000	0.000000	0.015873	0.031746	16.000000	4.816480	11.000000	256.000000	12.188967	5.545177	5.545177	11.090355	11.090355	11.090355	11.090355
12cc3e74ca3a4ff2e2fff105dfaa575c361f1028d91fd3a8ea7260631461c768	photo	gb82-photos	/home/lilith/work/codec-corpus/gb82/path-lossless.png	small	64	64	64	4348.093262	0.181658	0.049428	0.006222	0.004912	0.062500	0.000000	21.762985	0.074933	0.839508	245.000000	0.059814	0.002210	0.002000	0.000000	0.008320	0.011880	0.000000	0.084949	4.198536	32.406250	3.562500	0.000000	0.000000	0.000000	0.000000	0.307027	0.000000	0.833727	8.000000	1.000000	80.000000	80.000000	0.000000	0.000000	1.000000	0.000000	8.000000	0.000000	0.000977	3.993974	0.690794	0.209451	0.041101	0.000000	1.000000	1.000000	0.421875	0.263428	20.844446	0.000000	0.092262	0.006944	0.000000	4096.000000	8.317766	64.000000	64.000000	12288.000000	1.000000	0.000000	0.000000	0.000000	0.000000	0.000000	3.000000	3.963067	4.431379	5.248260	5.288723	5.309340	0.395195	0.723774	1.000000	1.000000	0.052602	0.091825	0.137417	0.224370	10.000000	23.000000	50.000000	138.000000	255.000000	0.015873	0.031746	0.063492	0.142857	0.000000	0.000000	0.000000	0.015873	12.000000	3.612360	8.500000	64.000000	9.416378	4.158883	4.158883	8.317766	8.317766	8.317766	8.317766
06b5950cef7618d226a14cbf7de9e4f4230896439479386c7eea38021c3c885c	photo	clic2025-native	/home/lilith/work/codec-corpus/clic2025/final-test/608cb09e6ffc66d4bc838d4088bf4c0ab889d7e83d4f5d78805cbc4497e432a1.png	medium	1024	816	1024	2272.725342	0.250591	0.170043	0.018638	0.020451	0.154335	0.000843	63.582870	1.216417	0.996156	13274.000000	0.405090	0.022360	0.026670	4.000000	0.203430	0.218660	52.000000	0.178478	4.168510	21.602022	24.292280	0.000000	0.000000	0.000000	0.000000	0.422535	0.000963	0.844927	0.000000	0.000000	80.000000	80.000000	0.000000	0.000000	1.000000	0.000000	8.000000	0.000000	0.013154	3.889531	0.808557	0.133581	0.038191	0.000000	1.000000	1.000000	0.341912	0.156901	19.333210	0.000000	0.114583	0.038953	0.000000	835584.000000	13.635886	816.000000	1024.000000	2506752.000000	0.796875	0.227057	0.000000	0.000000	0.019608	0.019608	3.000000	4.074916	4.510967	4.772831	4.908156	5.064184	0.369632	0.806019	1.000000	1.000000	0.089002	0.305890	0.651712	1.000000	11.000000	28.000000	57.000000	136.000000	255.000000	0.000000	0.047619	0.095238	0.174603	0.000000	0.000000	0.031746	0.063492	19.672426	5.921990	13.500000	914.102844	14.734498	6.704414	6.931472	13.635886	13.635886	13.655304	13.655304
0910db09552278e888de6e772cf5584837c52f0fc763df08783e7b516fc28a49	photo	CID22-512px	/home/lilith/work/codec-corpus/CID22/CID22-512/training/adriankierman-report-page.png	small	64	64	64	1556.420654	0.428068	0.152438	0.019632	0.010575	0.000000	0.000000	68.325081	0.340684	0.496831	85.000000	0.020752	0.035180	0.044620	0.000000	0.143030	0.130590	12.000000	0.218256	3.044255	39.015625	13.218750	0.187500	0.000000	0.000000	0.000000	0.557147	0.160714	0.652174	8.000000	1.000000	80.000000	80.000000	0.000000	0.000000	1.000000	0.000000	8.000000	0.000000	0.188477	4.570848	0.551324	0.415910	0.073491	0.000000	1.000000	1.000000	0.250000	0.427979	37.143711	0.250000	0.125744	0.029266	0.000000	4096.000000	8.317766	64.000000	64.000000	12288.000000	1.000000	0.000000	0.000000	0.000000	0.000000	0.000000	3.000000	4.431140	5.125110	5.133622	5.160906	5.161563	0.566799	0.861677	1.000000	1.000000	0.135523	0.193042	0.543457	0.598724	25.000000	82.000000	142.000000	181.000000	255.000000	0.079365	0.095238	0.111111	0.158730	0.000000	0.000000	0.047619	0.047619	12.000000	3.612360	8.500000	64.000000	9.416378	4.158883	4.158883	8.317766	8.317766	8.317766	8.317766
12cc3e74ca3a4ff2e2fff105dfaa575c361f1028d91fd3a8ea7260631461c768	photo	gb82-photos	/home/lilith/work/codec-corpus/gb82/path-lossless.png	medium	256	256	256	4545.312012	0.186451	0.050881	0.007390	0.004888	0.207031	0.000000	22.173594	0.371496	1.295467	530.000000	0.016174	0.003590	0.002200	0.000000	0.008890	0.007310	1.000000	0.344936	4.296082	14.688477	1.796875	0.000000	0.000000	0.000000	0.000000	0.315129	0.000000	0.882922	0.000000	0.000000	80.000000	80.000000	0.000000	0.000000	1.000000	0.000000	8.000000	0.000000	0.002625	3.610794	0.706527	0.155076	0.029214	0.000000	1.000000	1.000000	0.258789	0.236755	24.668266	0.000000	0.084062	0.002542	0.000000	65536.000000	11.090355	256.000000	256.000000	196608.000000	1.000000	0.000000	0.000000	0.000000	0.000000	0.000000	3.000000	3.600401	3.987727	4.603607	4.860446	5.228582	0.261674	0.411685	0.685704	1.000000	0.043036	0.067610	0.094636	0.139007	9.000000	26.000000	54.000000	158.000000	255.000000	0.015873	0.015873	0.047619	0.111111	0.000000	0.000000	0.000000	0.000000	16.000000	4.816480	11.000000	256.000000	12.188967	5.545177	5.545177	11.090355	11.090355	11.090355	11.090355
170a099e5c4b447675a1b541ded370a0645b41174578597836a3ecb407fb2beb	photo	clic2025-1024px-resized	/home/lilith/work/codec-corpus/clic2025-1024/5e5ce43575fa67fdc0dd37146d7f479e.png	large	1024	1024	1024	2699.889893	0.113855	0.155568	0.007127	0.004631	0.622925	0.000000	54.189293	1.130565	1.408971	5749.000000	0.175446	0.008780	0.011760	5.000000	0.015520	0.025620	8.000000	0.229968	4.453157	12.391602	4.774414	0.000000	0.000000	0.000000	0.000000	0.192431	0.000000	0.922583	0.000000	0.000000	80.000000	80.000000	0.000000	0.000000	1.000000	0.000000	8.000000	0.000000	0.095569	3.313300	0.804987	0.081365	0.011464	0.000000	1.000000	1.000000	0.062500	0.126034	29.255056	0.000000	0.055664	0.008929	0.000000	1048576.000000	13.862944	1024.000000	1024.000000	3145728.000000	1.000000	0.000000	0.000000	0.000000	0.000000	0.000000	3.000000	2.926077	3.615751	4.808481	5.001766	5.398243	0.099786	0.130248	0.441670	1.000000	0.022357	0.031461	0.069282	0.361151	12.000000	22.000000	40.000000	143.000000	255.000000	0.000000	0.000000	0.000000	0.063492	0.000000	0.000000	0.000000	0.000000	20.000000	6.020600	14.000000	1024.000000	14.961555	6.931472	6.931472	13.862944	13.862944	13.862944	13.862944
13fb77f61e513cc13c98f18cb7343598503a4b8f70eaea1bada47c68dd2339b6	photo	CID22-512px	/home/lilith/work/codec-corpus/CID22/CID22-512/validation/2079234.png	small	64	64	64	1168.824463	0.364827	0.135421	0.011756	0.012699	0.265625	0.031250	53.909229	0.149358	0.696982	491.000000	0.119873	0.008190	0.016750	0.000000	0.063140	0.131100	3.000000	0.313063	3.737093	26.578125	15.140625	0.000000	0.000000	0.000000	0.000000	0.459564	0.035714	0.683155	0.000000	0.000000	80.000000	80.000000	0.000000	0.000000	1.000000	0.000000	8.000000	0.000000	0.031006	3.775180	1.220902	0.057803	0.029797	0.000000	1.000000	1.000000	0.234375	0.168945	19.281691	0.000000	0.147073	0.024802	0.000000	4096.000000	8.317766	64.000000	64.000000	12288.000000	1.000000	0.000000	0.000000	0.000000	0.000000	0.000000	3.000000	4.267447	4.736819	4.841570	4.945030	5.072610	0.146351	0.938179	1.000000	1.000000	0.071177	0.246156	0.390388	0.723499	11.000000	44.000000	84.000000	160.000000	255.000000	0.000000	0.000000	0.174603	0.238095	0.000000	0.000000	0.015873	0.047619	12.000000	3.612360	8.500000	64.000000	9.416378	4.158883	4.158883	8.317766	8.317766	8.317766	8.317766
0910db09552278e888de6e772cf5584837c52f0fc763df08783e7b516fc28a49	photo	CID22-512px	/home/lilith/work/codec-corpus/CID22/CID22-512/training/adriankierman-report-page.png	medium	256	256	256	2857.624756	0.236571	0.161937	0.018780	0.009391	0.468750	0.457031	71.813560	1.949556	0.875312	261.000000	0.007965	0.069750	0.034870	2.000000	0.206240	0.198150	89.000000	0.246332	2.465954	48.443359	17.906250	0.550781	0.000000	0.000000	0.000000	0.615900	0.994420	0.289855	0.000000	0.000000	80.000000	80.000000	0.000000	0.000000	1.000000	0.000000	8.000000	0.000000	0.238708	2.736762	2.462358	0.000000	0.000000	0.013618	1.000000	1.000000	0.109375	0.206345	48.404495	0.548828	0.157847	0.023624	0.000000	65536.000000	11.090355	256.000000	256.000000	196608.000000	1.000000	0.000000	0.000000	0.000000	0.000000	0.000000	3.000000	4.263402	5.009965	5.709081	5.714760	5.717185	0.000000	0.811059	1.000000	1.000000	0.000000	0.146829	0.360816	1.000000	0.000000	42.000000	164.000000	255.000000	255.000000	0.000000	0.000000	0.111111	0.333333	0.000000	0.000000	0.015873	0.031746	16.000000	4.816480	11.000000	256.000000	12.188967	5.545177	5.545177	11.090355	11.090355	11.090355	11.090355
13fb77f61e513cc13c98f18cb7343598503a4b8f70eaea1bada47c68dd2339b6	photo	CID22-512px	/home/lilith/work/codec-corpus/CID22/CID22-512/validation/2079234.png	medium	256	256	256	1529.526367	0.349296	0.136912	0.007264	0.007247	0.333984	0.167969	54.424061	0.687460	0.994596	940.000000	0.028687	0.002570	0.006360	0.000000	0.018620	0.036060	3.000000	0.435634	3.828816	23.416016	6.489258	0.003906	0.000000	0.000000	0.000000	0.446646	0.195312	0.544622	0.000000	0.000000	80.000000	80.000000	0.000000	0.000000	1.000000	0.000000	8.000000	0.000000	0.049500	3.419928	1.524657	0.019410	0.018010	0.000000	1.000000	1.000000	0.177734	0.169739	19.472757	0.007812	0.112692	0.011889	0.000000	65536.000000	11.090355	256.000000	256.000000	196608.000000	1.000000	0.000000	0.000000	0.000000	0.000000	0.000000	3.000000	4.238657	4.636876	4.841472	4.965611	5.067269	0.028821	0.583890	1.000000	1.000000	0.024959	0.068990	0.227155	0.403673	10.000000	45.000000	98.000000	159.000000	255.000000	0.000000	0.000000	0.111111	0.190476	0.000000	0.000000	0.000000	0.015873	16.000000	4.816480	11.000000	256.000000	12.188967	5.545177	5.545177	11.090355	11.090355	11.090355	11.090355
0926a0b43c5e2a578d80ef9d6d039a14bb173f7b3d559446ad738678473737b3	photo	CID22-512px	/home/lilith/work/codec-corpus/CID22/CID22-512/validation/792079.png	small	64	64	64	984.729614	0.173847	0.151173	0.028264	0.027968	0.250000	0.000000	69.730759	0.101025	0.910836	628.000000	0.153320	0.085450	0.030730	4.000000	0.461390	0.197770	24.000000	0.213491	3.400579	24.453125	35.093750	0.000000	0.000000	0.000000	0.000000	0.378252	0.000000	0.652174	0.000000	0.000000	80.000000	80.000000	0.000000	0.000000	1.000000	0.000000	8.000000	0.000000	0.020752	3.712827	0.853718	0.147674	0.104581	0.000000	1.000000	1.000000	0.734375	0.021240	25.791323	0.000000	0.094494	0.044643	0.000000	4096.000000	8.317766	64.000000	64.000000	12288.000000	1.000000	0.000000	0.000000	0.000000	0.000000	0.000000	3.000000	3.681251	4.496860	4.897005	4.927863	5.210364	0.283338	0.508860	1.000000	1.000000	0.158854	0.289121	0.887640	1.000000	2.000000	12.000000	54.000000	183.000000	255.000000	0.015873	0.015873	0.031746	0.126984	0.015873	0.015873	0.031746	0.063492	12.000000	3.612360	8.500000	64.000000	9.416378	4.158883	4.158883	8.317766	8.317766	8.317766	8.317766
03f7d79eef173285da85326bb02ec3fb16a1962f48ffc27b4bcfcfdbad732068	photo	clic2025-native	/home/lilith/work/codec-corpus/clic2025/final-test/d0208a1e9b4fde642b9752da2907d82d5b530a6e2e6e18ef71d5524a92d1cf9a.png	tiny	64	43	64	1806.668213	0.573696	0.092641	0.038299	0.011982	0.000000	0.000000	37.154411	0.166938	0.695067	692.000000	0.251453	0.062350	0.067090	1.000000	0.041620	0.037610	1.000000	0.197997	4.143390	42.299999	21.475000	0.000000	0.000000	0.000000	0.000000	0.422535	0.000000	0.838664	0.000000	0.000000	80.000000	80.000000	0.000000	0.000000	1.000000	0.000000	8.000000	0.000000	0.023983	4.526903	0.369739	0.748194	0.295016	0.000000	1.000000	1.000000	0.175000	0.011628	18.716717	0.000000	0.200794	0.044444	0.000000	2752.000000	7.920083	43.000000	64.000000	8256.000000	0.671875	0.397683	0.116279	0.116279	0.488372	0.488372	3.000000	4.439246	4.842437	5.088521	5.206745	5.283810	0.860782	1.000000	1.000000	1.000000	0.345646	0.438840	0.554480	0.777359	32.000000	59.000000	91.000000	168.000000	255.000000	0.111111	0.142857	0.206349	0.253968	0.015873	0.031746	0.047619	0.063492	11.426265	3.439648	8.000000	52.459507	9.018696	3.761200	4.158883	8.030084	8.030084	8.317766	8.317766
1761db9c5778e37ed12454c3314d1d970285ed454ee293772112c5eec1c6a875	photo	clic2025-1024px-resized	/home/lilith/work/codec-corpus/clic2025-1024/2c1f84548ef99faec2b4f9bf12227c83.png	small	64	64	64	7096.491211	0.398589	0.087982	0.015901	0.014668	0.046875	0.000000	34.936184	0.269438	0.638951	728.000000	0.177734	0.014590	0.012870	0.000000	0.135960	0.128600	10.000000	0.185011	4.540729	58.843750	14.984375	0.000000	0.000000	0.000000	0.000000	0.422535	0.000000	0.953834	0.000000	0.000000	80.000000	80.000000	0.000000	0.000000	1.000000	0.000000	8.000000	0.000000	0.023193	4.496067	0.795146	0.419680	0.029807	0.000000	1.000000	1.000000	0.359375	0.272217	30.811375	0.000000	0.208085	0.029018	0.000000	4096.000000	8.317766	64.000000	64.000000	12288.000000	1.000000	0.000000	0.000000	0.000000	0.000000	0.000000	3.000000	4.751656	5.104903	5.303986	5.354927	5.423300	0.741791	1.000000	1.000000	1.000000	0.099298	0.219270	0.426806	0.746475	18.000000	52.000000	106.000000	228.000000	255.000000	0.047619	0.095238	0.206349	0.317460	0.000000	0.000000	0.015873	0.047619	12.000000	3.612360	8.500000	64.000000	9.416378	4.158883	4.158883	8.317766	8.317766	8.317766	8.317766
0926a0b43c5e2a578d80ef9d6d039a14bb173f7b3d559446ad738678473737b3	photo	CID22-512px	/home/lilith/work/codec-corpus/CID22/CID22-512/validation/792079.png	medium	256	256	256	1087.223633	0.075694	0.155975	0.013206	0.011491	0.710938	0.102539	71.258308	0.123327	1.370171	3050.000000	0.093079	0.023980	0.009800	4.000000	0.092900	0.035680	15.000000	0.122370	3.472545	10.254883	12.842773	0.007812	0.000000	0.000000	0.000000	0.202223	0.123884	0.528334	0.000000	0.000000	80.000000	80.000000	0.000000	0.000000	1.000000	0.000000	8.000000	0.000000	0.020554	2.636190	1.145965	0.034998	0.024919	0.000000	1.000000	1.000000	0.602539	0.016052	25.540447	0.067383	0.040411	0.016943	0.000000	65536.000000	11.090355	256.000000	256.000000	196608.000000	1.000000	0.000000	0.000000	0.000000	0.000000	0.000000	3.000000	2.308265	3.469341	4.600585	4.916351	5.213636	0.057144	0.112362	0.394722	1.000000	0.037475	0.073865	0.183609	0.734861	1.000000	2.000000	16.000000	104.000000	255.000000	0.000000	0.000000	0.015873	0.031746	0.000000	0.000000	0.000000	0.015873	16.000000	4.816480	11.000000	256.000000	12.188967	5.545177	5.545177	11.090355	11.090355	11.090355	11.090355
03f7d79eef173285da85326bb02ec3fb16a1962f48ffc27b4bcfcfdbad732068	photo	clic2025-native	/home/lilith/work/codec-corpus/clic2025/final-test/d0208a1e9b4fde642b9752da2907d82d5b530a6e2e6e18ef71d5524a92d1cf9a.png	small	256	170	256	2183.076904	0.545841	0.104569	0.034792	0.011338	0.005952	0.000000	40.698814	0.654912	0.843540	1877.000000	0.057281	0.059910	0.076860	3.000000	0.036580	0.042440	1.000000	0.329834	4.286463	29.586309	15.144345	0.000000	0.000000	0.000000	0.000000	0.422535	0.000000	0.880134	0.000000	0.000000	80.000000	80.000000	0.000000	0.000000	1.000000	0.000000	8.000000	0.000000	0.035754	4.375323	0.374763	0.551305	0.111028	0.000000	1.000000	1.000000	0.133929	0.023254	15.935429	0.002976	0.184477	0.035596	0.000000	43520.000000	10.680976	170.000000	256.000000	130560.000000	0.664062	0.409379	0.035294	0.035294	0.129412	0.129412	3.000000	4.414100	4.607262	4.800673	4.937651	5.130596	0.749924	1.000000	1.000000	1.000000	0.217657	0.334230	0.478797	0.618130	31.000000	59.000000	93.000000	165.000000	255.000000	0.095238	0.142857	0.190476	0.238095	0.000000	0.015873	0.031746	0.047619	15.409391	4.638689	10.500000	208.614471	11.779588	5.135798	5.545177	10.715661	10.715661	10.802672	10.802672
09271fa831e37b2933145d9c2d6e1f904399d0c474a180ebfa90527bab5b2fe1	photo	CID22-512px	/home/lilith/work/codec-corpus/CID22/CID22-512/training/2123337.png	small	64	64	64	2773.323486	0.432351	0.081009	0.017994	0.020763	0.046875	0.000000	42.950108	0.203803	0.684523	546.000000	0.133301	0.025370	0.034400	0.000000	0.139370	0.163690	4.000000	0.230468	4.106345	35.234375	18.437500	0.031250	0.000000	0.000000	0.000000	0.422535	0.026786	0.827926	0.000000	0.000000	80.000000	80.000000	0.000000	0.000000	1.000000	0.000000	8.000000	0.000000	0.032715	4.380366	0.558828	0.397413	0.184979	0.000000	1.000000	1.000000	0.250000	0.583496	23.761572	0.000000	0.164931	0.037450	0.000000	4096.000000	8.317766	64.000000	64.000000	12288.000000	1.000000	0.000000	0.000000	0.000000	0.000000	0.000000	3.000000	4.456195	4.796935	5.051926	5.149102	5.228512	0.794455	1.000000	1.000000	1.000000	0.270723	0.386115	0.503321	0.709542	23.000000	53.000000	95.000000	179.000000	255.000000	0.047619	0.079365	0.158730	0.222222	0.015873	0.015873	0.031746	0.047619	12.000000	3.612360	8.500000	64.000000	9.416378	4.158883	4.158883	8.317766	8.317766	8.317766	8.317766
1761db9c5778e37ed12454c3314d1d970285ed454ee293772112c5eec1c6a875	photo	clic2025-1024px-resized	/home/lilith/work/codec-corpus/clic2025-1024/2c1f84548ef99faec2b4f9bf12227c83.png	medium	256	256	256	7279.670898	0.159785	0.090227	0.007368	0.006420	0.290039	0.087891	35.696697	0.182717	1.053219	1883.000000	0.057465	0.002990	0.003260	0.000000	0.013090	0.013490	2.000000	0.075606	4.538317	23.621094	7.077148	0.014648	0.000000	0.000000	0.000000	0.270059	0.113002	0.846987	0.000000	0.000000	80.000000	80.000000	0.000000	0.000000	1.000000	0.000000	8.000000	0.000000	0.018082	3.582327	1.192160	0.065079	0.003483	0.000000	1.000000	1.000000	0.506836	0.266769	21.069628	0.041016	0.092122	0.014788	0.000000	65536.000000	11.090355	256.000000	256.000000	196608.000000	1.000000	0.000000	0.000000	0.000000	0.000000	0.000000	3.000000	3.684586	4.537458	5.011840	5.148667	5.340883	0.212208	0.537438	1.000000	1.000000	0.027421	0.070051	0.197684	0.358078	5.000000	14.000000	35.000000	115.000000	255.000000	0.000000	0.015873	0.063492	0.158730	0.000000	0.000000	0.000000	0.015873	16.000000	4.816480	11.000000	256.000000	12.188967	5.545177	5.545177	11.090355	11.090355	11.090355	11.090355
148a172697c4ed4495678c36824c01685c4c5aead61a4a4fd5744980e5b60f53	photo	clic2025-1024px-resized	/home/lilith/work/codec-corpus/clic2025-1024/ebfd571f1c6824316047a29cb5f376eec15f56dd51821119c1842be068a8b950.png	small	64	64	64	414.542480	0.116654	0.020203	0.004970	0.002370	0.453125	0.250000	6.616742	0.056442	1.239680	106.000000	0.025879	0.005470	0.015420	1.000000	0.019350	0.015260	2.000000	0.192658	2.134387	12.390625	1.406250	0.421875	0.000000	0.000000	0.000000	0.459924	0.647321	0.237686	8.000000	1.000000	80.000000	80.000000	0.000000	0.000000	1.000000	0.000000	8.000000	0.000000	0.860840	2.638469	1.653703	0.000000	0.000000	0.146245	1.000000	1.000000	0.250000	0.000977	34.033241	0.421875	0.056796	0.002480	0.000000	4096.000000	8.317766	64.000000	64.000000	12288.000000	1.000000	0.000000	0.000000	0.000000	0.000000	0.000000	3.000000	3.397894	3.890756	3.971276	4.850791	5.319841	0.147063	0.262496	0.611769	0.732096	0.027980	0.056406	0.120646	0.168051	2.000000	17.000000	37.000000	127.000000	255.000000	0.000000	0.000000	0.031746	0.063492	0.000000	0.000000	0.000000	0.000000	12.000000	3.612360	8.500000	64.000000	9.416378	4.158883	4.158883	8.317766	8.317766	8.317766	8.317766
1761db9c5778e37ed12454c3314d1d970285ed454ee293772112c5eec1c6a875	photo	clic2025-1024px-resized	/home/lilith/work/codec-corpus/clic2025-1024/2c1f84548ef99faec2b4f9bf12227c83.png	large	1024	1024	1024	7289.934082	0.036333	0.090464	0.003235	0.002854	0.575439	0.141724	35.734409	0.137484	1.559129	2714.000000	0.082825	0.000510	0.000590	0.000000	0.003120	0.002980	1.000000	0.060703	4.539135	7.421875	1.874023	0.039062	0.000000	0.000000	0.000000	0.061407	0.195452	0.639432	0.000000	0.000000	80.000000	80.000000	0.000000	0.000000	1.000000	0.000000	8.000000	0.000000	0.017711	2.673238	1.194816	0.017585	0.000000	0.000000	1.000000	1.000000	0.398438	0.264879	13.652411	0.082031	0.031405	0.003705	0.000000	1048576.000000	13.862944	1024.000000	1024.000000	3145728.000000	1.000000	0.000000	0.000000	0.000000	0.000000	0.000000	3.000000	2.831190	3.470537	4.245326	4.568437	4.888700	0.065665	0.193242	0.406073	1.000000	0.010276	0.031443	0.067099	0.141086	2.000000	5.000000	13.000000	48.000000	255.000000	0.000000	0.000000	0.015873	0.047619	0.000000	0.000000	0.000000	0.000000	20.000000	6.020600	14.000000	1024.000000	14.961555	6.931472	6.931472	13.862944	13.862944	13.862944	13.862944
09271fa831e37b2933145d9c2d6e1f904399d0c474a180ebfa90527bab5b2fe1	photo	CID22-512px	/home/lilith/work/codec-corpus/CID22/CID22-512/training/2123337.png	medium	256	256	256	3238.540527	0.302299	0.087288	0.012817	0.013262	0.195312	0.007812	44.931465	0.639916	1.046756	1235.000000	0.037689	0.012700	0.013770	0.000000	0.073620	0.078490	4.000000	0.196684	4.157097	28.240234	11.745117	0.005859	0.000000	0.000000	0.000000	0.422535	0.013951	0.833201	0.000000	0.000000	80.000000	80.000000	0.000000	0.000000	1.000000	0.000000	8.000000	0.000000	0.043915	3.991414	0.944252	0.109664	0.040063	0.000000	1.000000	1.000000	0.232422	0.534409	27.612953	0.000000	0.112165	0.019500	0.000000	65536.000000	11.090355	256.000000	256.000000	196608.000000	1.000000	0.000000	0.000000	0.000000	0.000000	0.000000	3.000000	4.255514	4.705990	5.064019	5.184554	5.369503	0.315607	0.951204	1.000000	1.000000	0.085039	0.224153	0.403219	0.532969	14.000000	38.000000	81.000000	182.000000	255.000000	0.000000	0.031746	0.095238	0.174603	0.000000	0.000000	0.015873	0.031746	16.000000	4.816480	11.000000	256.000000	12.188967	5.545177	5.545177	11.090355	11.090355	11.090355	11.090355
178cc5a51fa10b0f0a8f779e93c54b5d05de827253b0aa34bf909cf95a5cc6d3	mixed	kadid10k-distortion-set	/home/lilith/work/codec-corpus/kadid10k/I52.png	tiny	64	64	48	1312.848633	0.462344	0.280857	0.064925	0.046144	0.020833	0.000000	103.963379	0.239353	0.610324	1242.000000	0.404297	0.236070	0.384060	8.000000	0.842670	0.932520	23.000000	0.422593	3.689624	36.270832	89.187500	0.000000	0.000000	0.000000	0.000000	0.466250	0.000000	0.707138	0.000000	0.000000	80.000000	80.000000	0.000000	0.000000	1.000000	0.000000	8.000000	0.000000	0.009440	4.451525	0.469035	0.421675	0.600264	0.000000	1.000000	1.000000	0.020833	0.192057	25.560307	0.000000	0.229828	0.121693	0.000000	3072.000000	8.030084	48.000000	64.000000	9216.000000	0.750000	0.287682	0.000000	0.000000	0.333333	0.333333	3.000000	4.508314	4.792797	5.006166	5.080811	5.131269	0.797004	1.000000	1.000000	1.000000	0.875957	1.000000	1.000000	1.000000	21.000000	63.000000	112.000000	220.000000	255.000000	0.111111	0.174603	0.222222	0.317460	0.063492	0.095238	0.126984	0.142857	11.584963	3.487421	8.000000	55.425625	9.128696	3.871201	4.158883	8.030084	8.030084	8.317766	8.317766
148a172697c4ed4495678c36824c01685c4c5aead61a4a4fd5744980e5b60f53	photo	clic2025-1024px-resized	/home/lilith/work/codec-corpus/clic2025-1024/ebfd571f1c6824316047a29cb5f376eec15f56dd51821119c1842be068a8b950.png	medium	256	256	256	697.801270	0.233064	0.032229	0.003337	0.001471	0.577148	0.484375	10.261436	0.639786	1.473991	539.000000	0.016449	0.008100	0.027340	4.000000	0.008340	0.031640	7.000000	0.916709	2.130861	13.926758	3.000977	0.544922	0.000000	0.000000	0.000000	0.673399	1.000000	0.116134	0.000000	0.000000	80.000000	80.000000	0.000000	0.000000	1.000000	0.000000	8.000000	0.000000	0.928085	2.115803	2.113290	0.000000	0.000000	0.147656	1.000000	1.000000	0.085938	0.001724	21.988523	0.559570	0.057710	0.006309	0.000000	65536.000000	11.090355	256.000000	256.000000	196608.000000	1.000000	0.000000	0.000000	0.000000	0.000000	0.000000	3.000000	2.459393	4.477967	4.625906	4.667798	5.256962	0.000000	0.134717	0.785667	1.000000	0.000000	0.000000	0.026948	0.283955	0.000000	24.000000	93.000000	182.000000	255.000000	0.000000	0.000000	0.000000	0.111111	0.000000	0.000000	0.000000	0.000000	16.000000	4.816480	11.000000	256.000000	12.188967	5.545177	5.545177	11.090355	11.090355	11.090355	11.090355
178cc5a51fa10b0f0a8f779e93c54b5d05de827253b0aa34bf909cf95a5cc6d3	mixed	kadid10k-distortion-set	/home/lilith/work/codec-corpus/kadid10k/I52.png	small	256	256	192	1683.601196	0.250426	0.289472	0.025924	0.018471	0.355469	0.082031	106.702324	0.546119	0.928246	5024.000000	0.153320	0.041940	0.056470	3.000000	0.149230	0.168790	19.000000	0.237062	3.772660	28.437500	36.307293	0.010417	0.000000	0.000000	0.000000	0.454555	0.102679	0.632134	0.000000	0.000000	80.000000	80.000000	0.000000	0.000000	1.000000	0.000000	8.000000	0.000000	0.014547	3.501577	1.457220	0.033917	0.025782	0.000000	1.000000	1.000000	0.132812	0.154867	27.756596	0.003906	0.132626	0.052269	0.000000	49152.000000	10.802672	192.000000	256.000000	147456.000000	0.750000	0.287682	0.000000	0.000000	0.000000	0.000000	3.000000	4.218808	4.716047	5.023140	5.135962	5.285388	0.049545	0.882136	1.000000	1.000000	0.042309	0.442092	1.000000	1.000000	3.000000	31.000000	81.000000	194.000000	255.000000	0.000000	0.000000	0.142857	0.222222	0.000000	0.000000	0.047619	0.095238	15.584963	4.691541	11.000000	221.702499	11.901285	5.257495	5.545177	10.802672	10.802672	10.802672	10.802672
148a172697c4ed4495678c36824c01685c4c5aead61a4a4fd5744980e5b60f53	photo	clic2025-1024px-resized	/home/lilith/work/codec-corpus/clic2025-1024/ebfd571f1c6824316047a29cb5f376eec15f56dd51821119c1842be068a8b950.png	large	1024	1024	1024	983.305725	0.123858	0.041924	0.003507	0.001569	0.699829	0.661865	13.073344	2.312258	1.264135	1734.000000	0.052917	0.013570	0.014040	5.000000	0.015070	0.012410	5.000000	0.306145	1.882810	23.976562	4.204102	0.666992	0.000000	0.000000	0.000000	0.507534	1.000000	0.122616	0.000000	0.000000	80.000000	80.000000	0.000000	0.000000	1.000000	0.000000	8.000000	0.000000	0.958712	1.519959	2.210037	0.000000	0.000000	0.246876	1.000000	1.000000	0.019531	0.001951	33.232880	0.676758	0.084155	0.005053	0.000000	1048576.000000	13.862944	1024.000000	1024.000000	3145728.000000	1.000000	0.000000	0.000000	0.000000	0.000000	0.000000	3.000000	0.000000	4.636943	5.040112	5.102257	5.248748	0.000000	0.000000	1.000000	1.000000	0.000000	0.000000	0.005173	0.102647	0.000000	1.000000	53.000000	228.000000	255.000000	0.000000	0.000000	0.000000	0.190476	0.000000	0.000000	0.000000	0.000000	20.000000	6.020600	14.000000	1024.000000	14.961555	6.931472	6.931472	13.862944	13.862944	13.862944	13.862944
19b7c15ad86a7d2bb9712e7a716aa14409f95bed7e2fe2a85b769368b04a19d6	mixed	kadid10k-distortion-set	/home/lilith/work/codec-corpus/kadid10k/I43.png	tiny	64	64	48	3182.663086	0.184397	0.160932	0.024086	0.006142	0.083333	0.000000	67.799995	0.119439	0.756152	343.000000	0.111654	0.050910	0.050190	1.000000	0.011010	0.014500	0.000000	0.158941	3.870625	32.583332	24.333334	0.000000	0.000000	0.000000	0.000000	0.329879	0.000000	0.759602	0.000000	0.000000	80.000000	80.000000	0.000000	0.000000	1.000000	0.000000	8.000000	0.000000	0.001628	4.096353	0.743856	0.211796	0.078351	0.000000	1.000000	1.000000	0.395833	0.000000	34.036728	0.000000	0.133267	0.041667	0.000000	3072.000000	8.030084	48.000000	64.000000	9216.000000	0.750000	0.287682	0.000000	0.000000	0.333333	0.333333	3.000000	3.930522	4.973582	5.086533	5.224121	5.284812	0.422544	0.604752	1.000000	1.000000	0.127947	0.213543	0.893223	1.000000	8.000000	28.000000	75.000000	179.000000	255.000000	0.015873	0.047619	0.111111	0.222222	0.000000	0.000000	0.015873	0.079365	11.584963	3.487421	8.000000	55.425625	9.128696	3.871201	4.158883	8.030084	8.030084	8.317766	8.317766
19b7c15ad86a7d2bb9712e7a716aa14409f95bed7e2fe2a85b769368b04a19d6	mixed	kadid10k-distortion-set	/home/lilith/work/codec-corpus/kadid10k/I43.png	small	256	256	192	3384.010010	0.197146	0.163032	0.012691	0.003163	0.446615	0.006510	68.408661	0.323057	1.245372	1016.000000	0.031006	0.010870	0.008930	1.000000	0.002950	0.003030	0.000000	0.271941	4.076547	14.563802	7.618490	0.002604	0.000000	0.000000	0.000000	0.333205	0.009673	0.811426	0.000000	0.000000	80.000000	80.000000	0.000000	0.000000	1.000000	0.000000	8.000000	0.000000	0.000936	3.382253	1.037772	0.079991	0.029350	0.000000	1.000000	1.000000	0.429688	0.000000	24.010839	0.057292	0.095383	0.012917	0.000000	49152.000000	10.802672	192.000000	256.000000	147456.000000	0.750000	0.287682	0.000000	0.000000	0.000000	0.000000	3.000000	3.450711	4.266672	4.615539	5.022164	5.364789	0.135864	0.293250	0.813296	1.000000	0.043267	0.089399	0.192378	0.532430	3.000000	25.000000	59.000000	153.000000	255.000000	0.000000	0.015873	0.031746	0.190476	0.000000	0.000000	0.000000	0.015873	15.584963	4.691541	11.000000	221.702499	11.901285	5.257495	5.545177	10.802672	10.802672	10.802672	10.802672
17f8c63bfa056e9ebbb732f82d90d2167e0b9baecb7afb60ac275a5d182aee55	photo	CID22-512px	/home/lilith/work/codec-corpus/CID22/CID22-512/training/4666751.png	small	64	64	64	4803.708008	0.210380	0.142603	0.013898	0.015259	0.296875	0.000000	70.136856	0.111020	0.940898	460.000000	0.112305	0.011570	0.017190	0.000000	0.086230	0.124500	4.000000	0.152314	4.316689	28.187500	15.671875	0.000000	0.000000	0.000000	0.000000	0.355573	0.000000	0.888895	0.000000	0.000000	80.000000	80.000000	0.000000	0.000000	1.000000	0.000000	8.000000	0.000000	0.030762	3.815861	0.912979	0.155092	0.064041	0.000000	1.000000	1.000000	0.453125	0.004883	27.019297	0.031250	0.110367	0.031498	0.000000	4096.000000	8.317766	64.000000	64.000000	12288.000000	1.000000	0.000000	0.000000	0.000000	0.000000	0.000000	3.000000	3.814055	4.610258	5.090390	5.260094	5.448166	0.226517	0.594576	1.000000	1.000000	0.110762	0.233466	0.529405	0.785760	5.000000	24.000000	63.000000	169.000000	255.000000	0.015873	0.031746	0.079365	0.190476	0.000000	0.000000	0.031746	0.047619	12.000000	3.612360	8.500000	64.000000	9.416378	4.158883	4.158883	8.317766	8.317766	8.317766	8.317766
1ad1fefc8d3b1e8d2acc7ad2025ff6a0d7f64842aa10c477d955d311d092e9cf	mixed	kadid10k-distortion-set	/home/lilith/work/codec-corpus/kadid10k/I50.png	tiny	64	64	48	3223.413086	0.500507	0.198241	0.027413	0.013024	0.000000	0.000000	68.759636	0.180904	0.599718	1256.000000	0.408854	0.046040	0.223430	6.000000	0.059210	0.274880	6.000000	0.154382	4.517720	57.625000	44.791668	0.000000	0.000000	0.000000	0.000000	0.422535	0.000000	0.947165	0.000000	0.000000	80.000000	80.000000	0.000000	0.000000	1.000000	0.000000	8.000000	0.000000	0.008464	4.780162	0.216647	1.000000	0.248959	0.000000	1.000000	1.000000	0.458333	0.291016	23.855886	0.000000	0.188823	0.063161	0.000000	3072.000000	8.030084	48.000000	64.000000	9216.000000	0.750000	0.287682	0.000000	0.000000	0.333333	0.333333	3.000000	4.806826	4.898009	5.091702	5.137386	5.306295	1.000000	1.000000	1.000000	1.000000	0.441125	0.741211	1.000000	1.000000	25.000000	55.000000	93.000000	183.000000	255.000000	0.063492	0.142857	0.206349	0.253968	0.015873	0.031746	0.063492	0.095238	11.584963	3.487421	8.000000	55.425625	9.128696	3.871201	4.158883	8.030084	8.030084	8.317766	8.317766
17f8c63bfa056e9ebbb732f82d90d2167e0b9baecb7afb60ac275a5d182aee55	photo	CID22-512px	/home/lilith/work/codec-corpus/CID22/CID22-512/training/4666751.png	medium	256	256	256	4936.799316	0.148635	0.145491	0.010104	0.012713	0.518555	0.069336	71.193016	0.234245	1.251660	1067.000000	0.032562	0.009350	0.007390	1.000000	0.097880	0.073400	9.000000	0.226947	4.334164	11.592773	6.953125	0.005859	0.000000	0.000000	0.000000	0.251214	0.084263	0.810222	0.000000	0.000000	80.000000	80.000000	0.000000	0.000000	1.000000	0.000000	8.000000	0.000000	0.035919	3.019317	1.168096	0.044698	0.022528	0.000000	1.000000	1.000000	0.248047	0.005325	20.273861	0.005859	0.064825	0.015191	0.000000	65536.000000	11.090355	256.000000	256.000000	196608.000000	1.000000	0.000000	0.000000	0.000000	0.000000	0.000000	3.000000	2.951998	4.042840	4.625446	4.899004	5.219534	0.063097	0.199474	0.668812	1.000000	0.034691	0.081331	0.263233	0.493623	3.000000	14.000000	42.000000	129.000000	255.000000	0.000000	0.000000	0.015873	0.111111	0.000000	0.000000	0.000000	0.031746	16.000000	4.816480	11.000000	256.000000	12.188967	5.545177	5.545177	11.090355	11.090355	11.090355	11.090355
1ad1fefc8d3b1e8d2acc7ad2025ff6a0d7f64842aa10c477d955d311d092e9cf	mixed	kadid10k-distortion-set	/home/lilith/work/codec-corpus/kadid10k/I50.png	small	256	256	192	3505.751953	0.280731	0.203326	0.016090	0.006966	0.067708	0.000000	70.290833	0.375860	0.937782	4052.000000	0.123657	0.015830	0.034530	3.000000	0.013490	0.036220	2.000000	0.162556	4.585494	30.330729	20.251303	0.007812	0.000000	0.000000	0.000000	0.422535	0.006696	0.966810	0.000000	0.000000	80.000000	80.000000	0.000000	0.000000	1.000000	0.000000	8.000000	0.000000	0.006449	4.113976	0.670984	0.316837	0.068128	0.000000	1.000000	1.000000	0.447917	0.286947	20.631256	0.000000	0.118944	0.030630	0.000000	49152.000000	10.802672	192.000000	256.000000	147456.000000	0.750000	0.287682	0.000000	0.000000	0.000000	0.000000	3.000000	4.198545	4.632546	4.933922	5.082879	5.322868	0.495809	0.894018	1.000000	1.000000	0.110154	0.233582	0.560279	0.952884	11.000000	34.000000	67.000000	151.000000	255.000000	0.015873	0.031746	0.111111	0.174603	0.000000	0.000000	0.015873	0.047619	15.584963	4.691541	11.000000	221.702499	11.901285	5.257495	5.545177	10.802672	10.802672	10.802672	10.802672
09b0f0f333e9993b4b8348f45b8a37be77d4f2b0db1b6b9d2d724c221190f813	photo	CID22-512px	/home/lilith/work/codec-corpus/CID22/CID22-512/training/1292115.png	small	64	64	64	7709.487305	0.115898	0.017297	0.002514	0.002878	0.421875	0.031250	8.061442	0.018977	0.882876	119.000000	0.029053	0.000440	0.000430	0.000000	0.003350	0.003150	0.000000	0.065698	4.019862	14.531250	0.750000	0.000000	0.000000	0.000000	0.000000	0.195884	0.035714	0.605515	8.000000	1.000000	80.000000	80.000000	0.000000	0.000000	1.000000	0.000000	8.000000	0.000000	0.237061	3.405263	0.915774	0.091167	0.023795	0.000000	1.000000	1.000000	0.609375	0.000244	10.910827	0.031250	0.064236	0.001240	0.000000	4096.000000	8.317766	64.000000	64.000000	12288.000000	1.000000	0.000000	0.000000	0.000000	0.000000	0.000000	3.000000	3.258638	4.225729	4.672776	4.797004	4.963273	0.180550	0.335274	0.963733	1.000000	0.028346	0.042824	0.067251	0.118727	3.000000	12.000000	28.000000	63.000000	145.000000	0.000000	0.015873	0.031746	0.111111	0.000000	0.000000	0.000000	0.000000	12.000000	3.612360	8.500000	64.000000	9.416378	4.158883	4.158883	8.317766	8.317766	8.317766	8.317766
19466f93874c752ccb5508c089e4864bf3e164a2f51698d5cd32b4f7537ed86d	photo	CID22-512px	/home/lilith/work/codec-corpus/CID22/CID22-512/validation/7062219.png	small	64	64	64	4107.143066	0.656085	0.115125	0.030029	0.034806	0.000000	0.000000	46.300461	0.421747	0.615360	1569.000000	0.383057	0.049380	0.044870	1.000000	0.418470	0.382930	13.000000	0.217939	4.614484	76.500000	33.453125	0.000000	0.000000	0.000000	0.000000	0.422535	0.000000	0.975213	0.000000	0.000000	80.000000	80.000000	0.000000	0.000000	1.000000	0.000000	8.000000	0.000000	0.123291	4.878169	0.392126	1.000000	0.180327	0.000000	1.000000	1.000000	0.281250	0.344727	29.222582	0.000000	0.278026	0.058036	0.000000	4096.000000	8.317766	64.000000	64.000000	12288.000000	1.000000	0.000000	0.000000	0.000000	0.000000	0.000000	3.000000	5.007160	5.168882	5.270671	5.355092	5.509048	1.000000	1.000000	1.000000	1.000000	0.384197	0.603041	0.773208	0.987013	45.000000	88.000000	138.000000	232.000000	255.000000	0.142857	0.222222	0.285714	0.349206	0.015873	0.031746	0.063492	0.079365	12.000000	3.612360	8.500000	64.000000	9.416378	4.158883	4.158883	8.317766	8.317766	8.317766	8.317766
03f7d79eef173285da85326bb02ec3fb16a1962f48ffc27b4bcfcfdbad732068	photo	clic2025-native	/home/lilith/work/codec-corpus/clic2025/final-test/d0208a1e9b4fde642b9752da2907d82d5b530a6e2e6e18ef71d5524a92d1cf9a.png	medium	1024	680	1024	2620.819824	0.503476	0.114875	0.028924	0.009708	0.042096	0.002022	43.744331	3.096381	0.922298	4203.000000	0.128265	0.044740	0.063870	5.000000	0.026180	0.035380	2.000000	0.431419	4.383758	29.002758	14.144301	0.000000	0.000000	0.000000	0.000000	0.422535	0.002311	0.905894	0.000000	0.000000	80.000000	80.000000	0.000000	0.000000	1.000000	0.000000	8.000000	0.000000	0.034705	4.290772	0.559193	0.420472	0.058082	0.000000	1.000000	1.000000	0.124081	0.032387	20.059258	0.011949	0.193263	0.033292	0.000000	696320.000000	13.453565	680.000000	1024.000000	2088960.000000	0.664062	0.409379	0.000000	0.011765	0.035294	0.035294	3.000000	4.410958	4.632814	4.830193	4.921356	5.084075	0.724186	1.000000	1.000000	1.000000	0.156875	0.300283	0.465352	0.648783	28.000000	60.000000	101.000000	196.000000	255.000000	0.047619	0.126984	0.206349	0.253968	0.000000	0.000000	0.031746	0.047619	19.409391	5.842809	13.500000	834.457886	14.552176	6.522093	6.931472	13.453565	13.465261	13.488250	13.488250
19466f93874c752ccb5508c089e4864bf3e164a2f51698d5cd32b4f7537ed86d	photo	CID22-512px	/home/lilith/work/codec-corpus/CID22/CID22-512/validation/7062219.png	medium	256	256	256	4775.422852	0.390281	0.126704	0.017792	0.020534	0.052734	0.000977	50.275623	0.753740	0.778960	4272.000000	0.130371	0.025560	0.025560	3.000000	0.222760	0.238490	37.000000	0.123539	4.657652	46.621094	20.580078	0.003906	0.000000	0.000000	0.000000	0.422535	0.004464	0.986546	0.000000	0.000000	80.000000	80.000000	0.000000	0.000000	1.000000	0.000000	8.000000	0.000000	0.134888	4.444894	0.747456	0.303787	0.052824	0.000000	1.000000	1.000000	0.463867	0.287186	27.823771	0.001953	0.161706	0.037218	0.000000	65536.000000	11.090355	256.000000	256.000000	196608.000000	1.000000	0.000000	0.000000	0.000000	0.000000	0.000000	3.000000	4.683573	4.987047	5.191778	5.279997	5.412867	0.714113	1.000000	1.000000	1.000000	0.159317	0.373319	0.614468	0.864216	19.000000	49.000000	92.000000	185.000000	255.000000	0.031746	0.095238	0.158730	0.238095	0.000000	0.015873	0.031746	0.047619	16.000000	4.816480	11.000000	256.000000	12.188967	5.545177	5.545177	11.090355	11.090355	11.090355	11.090355
051667c3aeca8a764580149aabf433e088a6b11f2e604fee19f75a52d9d249cf	mixed	kadid10k-distortion-set	/home/lilith/work/codec-corpus/kadid10k/I38.png	tiny	64	64	48	556.001404	0.155691	0.062231	0.007331	0.003684	0.500000	0.145833	28.483137	0.072975	1.063114	214.000000	0.069661	0.005950	0.013620	0.000000	0.009920	0.023790	0.000000	0.266801	2.970943	15.458333	6.520833	0.000000	0.000000	0.000000	0.000000	0.408077	0.166667	0.452263	8.000000	1.000000	80.000000	80.000000	0.000000	0.000000	1.000000	0.000000	8.000000	0.000000	0.015299	3.110023	1.337098	0.035447	0.013914	0.000000	1.000000	1.000000	0.291667	0.000977	27.603025	0.125000	0.086971	0.012897	0.000000	3072.000000	8.030084	48.000000	64.000000	9216.000000	0.750000	0.287682	0.000000	0.000000	0.333333	0.333333	3.000000	3.457390	4.385541	4.788742	4.846288	5.293032	0.089294	0.352614	0.972945	1.000000	0.020939	0.078609	0.292059	0.522941	1.000000	10.000000	54.000000	163.000000	255.000000	0.000000	0.000000	0.031746	0.158730	0.000000	0.000000	0.000000	0.031746	11.584963	3.487421	8.000000	55.425625	9.128696	3.871201	4.158883	8.030084	8.030084	8.317766	8.317766
09b0f0f333e9993b4b8348f45b8a37be77d4f2b0db1b6b9d2d724c221190f813	photo	CID22-512px	/home/lilith/work/codec-corpus/CID22/CID22-512/training/1292115.png	medium	256	256	256	7734.472656	0.040308	0.018264	0.002886	0.003187	0.541016	0.203125	8.385557	0.052791	1.348054	205.000000	0.006256	0.000640	0.000590	0.000000	0.004460	0.004520	0.000000	0.169304	4.061180	5.464844	0.269531	0.000000	0.000000	0.000000	0.000000	0.068125	0.232143	0.426342	8.000000	1.000000	80.000000	80.000000	0.000000	0.000000	1.000000	0.000000	8.000000	0.000000	0.240204	2.757158	1.003382	0.027830	0.003329	0.000000	1.000000	1.000000	0.305664	0.000549	7.149383	0.001953	0.030366	0.000341	0.000000	65536.000000	11.090355	256.000000	256.000000	196608.000000	1.000000	0.000000	0.000000	0.000000	0.000000	0.000000	3.000000	2.928580	3.599527	3.976424	4.186571	4.602914	0.063028	0.178089	0.425060	0.715238	0.012983	0.028841	0.058479	0.078338	2.000000	10.000000	23.000000	52.000000	240.000000	0.000000	0.000000	0.015873	0.047619	0.000000	0.000000	0.000000	0.000000	16.000000	4.816480	11.000000	256.000000	12.188967	5.545177	5.545177	11.090355	11.090355	11.090355	11.090355
051667c3aeca8a764580149aabf433e088a6b11f2e604fee19f75a52d9d249cf	mixed	kadid10k-distortion-set	/home/lilith/work/codec-corpus/kadid10k/I38.png	small	256	256	192	630.253662	0.063648	0.062952	0.002769	0.001454	0.718750	0.584635	28.702927	0.114449	1.481107	478.000000	0.014587	0.000710	0.001520	0.000000	0.001340	0.002600	0.000000	0.161580	2.954969	8.654948	2.325521	0.058594	0.000000	0.000000	0.000000	0.320424	0.621652	0.102005	0.000000	0.000000	80.000000	80.000000	0.000000	0.000000	1.000000	0.000000	8.000000	0.000000	0.016581	2.073967	1.450354	0.012142	0.000000	0.000000	1.000000	1.000000	0.165365	0.001587	26.411615	0.134115	0.037244	0.004836	0.000000	49152.000000	10.802672	192.000000	256.000000	147456.000000	0.750000	0.287682	0.000000	0.000000	0.000000	0.000000	3.000000	1.380213	3.396872	4.517918	4.722675	5.209881	0.024305	0.033356	0.360953	1.000000	0.000000	0.018839	0.074001	0.217940	1.000000	3.000000	16.000000	112.000000	255.000000	0.000000	0.000000	0.000000	0.047619	0.000000	0.000000	0.000000	0.000000	15.584963	4.691541	11.000000	221.702499	11.901285	5.257495	5.545177	10.802672	10.802672	10.802672	10.802672
0b96c7a9e9caadd1db7e8ff99aaefa7d927496eaf0c53e792eb669c0b8062729	mixed	kadid10k-distortion-set	/home/lilith/work/codec-corpus/kadid10k/I40.png	tiny	64	64	48	1488.373535	0.710233	0.114845	0.049082	0.018760	0.000000	0.000000	44.319077	0.298237	0.618985	1046.000000	0.340495	0.118770	0.086440	3.000000	0.099340	0.086970	1.000000	0.434744	4.136501	35.166668	22.333334	0.000000	0.000000	0.000000	0.000000	0.422535	0.000000	0.836667	0.000000	0.000000	80.000000	80.000000	0.000000	0.000000	1.000000	0.000000	8.000000	0.000000	0.033203	4.581892	0.231828	0.846721	0.258371	0.000000	1.000000	1.000000	0.000000	0.077799	20.992672	0.000000	0.248016	0.049272	0.000000	3072.000000	8.030084	48.000000	64.000000	9216.000000	0.750000	0.287682	0.000000	0.000000	0.333333	0.333333	3.000000	4.584091	4.739789	4.905569	4.996970	5.144122	1.000000	1.000000	1.000000	1.000000	0.361029	0.453819	0.602253	0.863336	47.000000	81.000000	121.000000	199.000000	255.000000	0.174603	0.206349	0.253968	0.285714	0.015873	0.031746	0.047619	0.063492	11.584963	3.487421	8.000000	55.425625	9.128696	3.871201	4.158883	8.030084	8.030084	8.317766	8.317766
0bada1eb6a9f523e5e3a4d5c4742f6c21607c27996b314f47d837fdef7a8ee18	photo	CID22-512px	/home/lilith/work/codec-corpus/CID22/CID22-512/training/2232979.png	small	64	64	64	897.800049	0.054926	0.060940	0.008158	0.007638	0.187500	0.000000	37.653385	0.014090	0.992103	234.000000	0.057129	0.003320	0.003180	0.000000	0.013920	0.014020	0.000000	0.076357	3.440846	13.703125	7.156250	0.000000	0.000000	0.000000	0.000000	0.171586	0.000000	0.652174	8.000000	1.000000	80.000000	80.000000	0.000000	0.000000	1.000000	0.000000	8.000000	0.000000	0.000000	3.543782	0.607219	0.180239	0.060768	0.000000	1.000000	1.000000	0.687500	0.006592	14.831213	0.000000	0.058532	0.012649	0.000000	4096.000000	8.317766	64.000000	64.000000	12288.000000	1.000000	0.000000	0.000000	0.000000	0.000000	0.000000	3.000000	3.438137	4.002717	4.417071	4.699063	4.913867	0.285658	0.414077	0.794611	1.000000	0.087610	0.120677	0.221231	0.349704	5.000000	9.000000	19.000000	59.000000	207.000000	0.015873	0.031746	0.031746	0.079365	0.000000	0.000000	0.015873	0.015873	12.000000	3.612360	8.500000	64.000000	9.416378	4.158883	4.158883	8.317766	8.317766	8.317766	8.317766
0b96c7a9e9caadd1db7e8ff99aaefa7d927496eaf0c53e792eb669c0b8062729	mixed	kadid10k-distortion-set	/home/lilith/work/codec-corpus/kadid10k/I40.png	small	256	256	192	2341.585205	0.681018	0.125687	0.036610	0.015252	0.000000	0.000000	47.694847	1.309472	0.714575	3689.000000	0.112579	0.048990	0.041800	2.000000	0.052890	0.046440	3.000000	0.281098	4.325978	50.377605	20.257812	0.000000	0.000000	0.000000	0.000000	0.422535	0.000000	0.891588	0.000000	0.000000	80.000000	80.000000	0.000000	0.000000	1.000000	0.000000	8.000000	0.000000	0.047729	4.680174	0.325766	0.797128	0.200797	0.000000	1.000000	1.000000	0.079427	0.111267	24.808334	0.000000	0.240162	0.043217	0.000000	49152.000000	10.802672	192.000000	256.000000	147456.000000	0.750000	0.287682	0.000000	0.000000	0.000000	0.000000	3.000000	4.710852	4.915505	5.052179	5.141879	5.315906	1.000000	1.000000	1.000000	1.000000	0.296439	0.405948	0.564850	0.753851	43.000000	81.000000	126.000000	227.000000	255.000000	0.142857	0.190476	0.238095	0.285714	0.015873	0.031746	0.047619	0.063492	15.584963	4.691541	11.000000	221.702499	11.901285	5.257495	5.545177	10.802672	10.802672	10.802672	10.802672
0bada1eb6a9f523e5e3a4d5c4742f6c21607c27996b314f47d837fdef7a8ee18	photo	CID22-512px	/home/lilith/work/codec-corpus/CID22/CID22-512/training/2232979.png	medium	256	256	256	913.294128	0.026959	0.061426	0.004580	0.004104	0.592773	0.000000	37.809662	0.052345	1.575122	424.000000	0.012939	0.001790	0.001890	0.000000	0.007600	0.008150	3.000000	0.266220	3.494839	3.650391	1.809570	0.000000	0.000000	0.000000	0.000000	0.116714	0.000000	0.572067	0.000000	0.000000	80.000000	80.000000	0.000000	0.000000	1.000000	0.000000	8.000000	0.000000	0.000000	2.950299	0.562828	0.086533	0.027475	0.000000	1.000000	1.000000	0.176758	0.007751	13.414706	0.000000	0.021655	0.003782	0.000000	65536.000000	11.090355	256.000000	256.000000	196608.000000	1.000000	0.000000	0.000000	0.000000	0.000000	0.000000	3.000000	2.921288	3.353601	3.672646	3.833848	4.381060	0.121751	0.179987	0.301322	0.486910	0.040225	0.059003	0.090355	0.142424	3.000000	8.000000	15.000000	57.000000	255.000000	0.000000	0.000000	0.015873	0.031746	0.000000	0.000000	0.000000	0.000000	16.000000	4.816480	11.000000	256.000000	12.188967	5.545177	5.545177	11.090355	11.090355	11.090355	11.090355
05726ce1eee2384d106db2a875fedf6c0a76ee44ace06aa95bed51979cbdd244	photo	clic2025-1024px-resized	/home/lilith/work/codec-corpus/clic2025-1024/22ea12c903e41583b7c469cb86040157.png	small	64	64	64	1165.568115	0.230033	0.239130	0.015474	0.020462	0.312500	0.031250	101.985794	0.076389	0.845883	600.000000	0.146484	0.043030	0.046890	2.000000	0.453510	0.679200	23.000000	0.142000	3.439084	23.265625	54.921875	0.000000	0.000000	0.000000	0.000000	0.467790	0.035714	0.614432	0.000000	0.000000	80.000000	80.000000	0.000000	0.000000	1.000000	0.000000	8.000000	0.000000	0.011719	3.713644	1.122611	0.071303	0.132462	0.000000	1.000000	1.000000	0.468750	0.067627	24.529402	0.000000	0.100942	0.060268	0.000000	4096.000000	8.317766	64.000000	64.000000	12288.000000	1.000000	0.000000	0.000000	0.000000	0.000000	0.000000	3.000000	4.153967	4.626137	4.863400	5.087799	5.228826	0.148989	0.871911	1.000000	1.000000	0.192485	0.615601	1.000000	1.000000	4.000000	25.000000	60.000000	120.000000	222.000000	0.000000	0.015873	0.095238	0.158730	0.015873	0.015873	0.047619	0.095238	12.000000	3.612360	8.500000	64.000000	9.416378	4.158883	4.158883	8.317766	8.317766	8.317766	8.317766
05726ce1eee2384d106db2a875fedf6c0a76ee44ace06aa95bed51979cbdd244	photo	clic2025-1024px-resized	/home/lilith/work/codec-corpus/clic2025-1024/22ea12c903e41583b7c469cb86040157.png	medium	256	256	256	1323.407837	0.115986	0.246406	0.008414	0.011419	0.549805	0.132812	104.662849	0.153167	1.214833	1656.000000	0.050537	0.017340	0.018680	5.000000	0.194940	0.244690	40.000000	0.097862	3.444364	12.954102	19.986328	0.004883	0.000000	0.000000	0.000000	0.274292	0.155971	0.491772	0.000000	0.000000	80.000000	80.000000	0.000000	0.000000	1.000000	0.000000	8.000000	0.000000	0.007324	2.808229	1.381961	0.024010	0.024806	0.000000	1.000000	1.000000	0.263672	0.050949	23.174450	0.004883	0.048518	0.022259	0.000000	65536.000000	11.090355	256.000000	256.000000	196608.000000	1.000000	0.000000	0.000000	0.000000	0.000000	0.000000	3.000000	2.661577	4.062553	4.675934	4.963653	5.230568	0.037744	0.149009	0.797077	1.000000	0.040634	0.072145	0.505406	1.000000	2.000000	10.000000	35.000000	108.000000	255.000000	0.000000	0.000000	0.015873	0.079365	0.000000	0.000000	0.000000	0.031746	16.000000	4.816480	11.000000	256.000000	12.188967	5.545177	5.545177	11.090355	11.090355	11.090355	11.090355
093af998fc083fcf4165ce77d58e4072face3ecff1ffc052dbac4a69c7ab61fb	photo	clic2025-native	/home/lilith/work/codec-corpus/clic2025/final-test/07b9f93f170a0381836bdf301280a5b80b2c4be6e66f793a3c335dc200fb4e5b.png	tiny	64	64	43	4338.099121	0.364286	0.208259	0.026606	0.017300	0.050000	0.000000	88.023949	0.211218	0.749478	1134.000000	0.412064	0.034370	0.062250	1.000000	0.104880	0.108440	4.000000	0.123955	4.667392	67.199997	32.775002	0.000000	0.000000	0.000000	0.000000	0.422535	0.000000	0.990548	0.000000	0.000000	80.000000	80.000000	0.000000	0.000000	1.000000	0.000000	8.000000	0.000000	0.015988	4.479573	0.838025	0.422842	0.184787	0.000000	1.000000	1.000000	0.500000	0.269922	35.083847	0.000000	0.190873	0.045635	0.000000	2752.000000	7.920083	43.000000	64.000000	8256.000000	0.671875	0.397683	0.116279	0.116279	0.488372	0.488372	3.000000	4.651345	5.241299	5.580098	5.603129	5.684418	0.509240	1.000000	1.000000	1.000000	0.315175	0.521056	0.766053	1.000000	11.000000	53.000000	111.000000	227.000000	255.000000	0.015873	0.047619	0.190476	0.301587	0.015873	0.031746	0.047619	0.063492	11.426265	3.439648	8.000000	52.459507	9.018696	3.761200	4.158883	8.030084	8.030084	8.317766	8.317766
0d13217e6a93999fd3f3b28796df8b3dd12522984644376de00915fa78d39b8c	photo	clic2025-1024px-resized	/home/lilith/work/codec-corpus/clic2025-1024/0c49a5cce349020bbba2f97ae41e90ba.png	small	64	64	64	3582.173584	0.400605	0.213807	0.026510	0.028026	0.109375	0.000000	90.230339	0.199363	0.720018	640.000000	0.156250	0.067680	0.072240	2.000000	0.508390	0.547610	21.000000	0.193233	4.180963	42.265625	39.906250	0.000000	0.000000	0.000000	0.000000	0.422535	0.000000	0.849554	0.000000	0.000000	80.000000	80.000000	0.000000	0.000000	1.000000	0.000000	8.000000	0.000000	0.140625	4.313736	0.828022	0.189431	0.036773	0.000000	1.000000	1.000000	0.187500	0.011963	28.454857	0.000000	0.166667	0.055804	0.000000	4096.000000	8.317766	64.000000	64.000000	12288.000000	1.000000	0.000000	0.000000	0.000000	0.000000	0.000000	3.000000	4.582685	4.989191	5.136019	5.261744	5.389954	0.574451	1.000000	1.000000	1.000000	0.179924	0.485874	1.000000	1.000000	19.000000	50.000000	100.000000	174.000000	255.000000	0.015873	0.079365	0.142857	0.269841	0.000000	0.015873	0.047619	0.095238	12.000000	3.612360	8.500000	64.000000	9.416378	4.158883	4.158883	8.317766	8.317766	8.317766	8.317766
05726ce1eee2384d106db2a875fedf6c0a76ee44ace06aa95bed51979cbdd244	photo	clic2025-1024px-resized	/home/lilith/work/codec-corpus/clic2025-1024/22ea12c903e41583b7c469cb86040157.png	large	1024	1024	1024	1378.323242	0.071332	0.248152	0.003765	0.005225	0.751831	0.277832	105.391502	0.381211	1.441464	2737.000000	0.083527	0.002250	0.002850	1.000000	0.030790	0.043310	17.000000	0.122967	3.514500	6.655273	6.918945	0.000000	0.000000	0.000000	0.000000	0.188942	0.317522	0.248117	0.000000	0.000000	80.000000	80.000000	0.000000	0.000000	1.000000	0.000000	8.000000	0.000000	0.015687	2.354861	1.153686	0.019264	0.006551	0.000000	1.000000	1.000000	0.150391	0.049360	20.798307	0.000000	0.024802	0.007378	0.000000	1048576.000000	13.862944	1024.000000	1024.000000	3145728.000000	1.000000	0.000000	0.000000	0.000000	0.000000	0.000000	3.000000	1.985651	2.895837	4.330959	4.614269	5.174831	0.025488	0.063313	0.209821	1.000000	0.020767	0.034829	0.089644	0.353644	2.000000	5.000000	19.000000	91.000000	255.000000	0.000000	0.000000	0.000000	0.015873	0.000000	0.000000	0.000000	0.000000	20.000000	6.020600	14.000000	1024.000000	14.961555	6.931472	6.931472	13.862944	13.862944	13.862944	13.862944
0d13217e6a93999fd3f3b28796df8b3dd12522984644376de00915fa78d39b8c	photo	clic2025-1024px-resized	/home/lilith/work/codec-corpus/clic2025-1024/0c49a5cce349020bbba2f97ae41e90ba.png	medium	256	256	256	3914.443115	0.280923	0.224680	0.016865	0.018131	0.261719	0.021484	93.899864	0.430852	1.003274	1345.000000	0.041046	0.055250	0.064120	6.000000	0.393500	0.519160	42.000000	0.160315	4.206809	25.605469	23.091797	0.003906	0.000000	0.000000	0.000000	0.422535	0.027902	0.831099	0.000000	0.000000	80.000000	80.000000	0.000000	0.000000	1.000000	0.000000	8.000000	0.000000	0.182114	3.827957	1.009727	0.093258	0.019254	0.000000	1.000000	1.000000	0.309570	0.010345	21.537745	0.002930	0.103252	0.033389	0.000000	65536.000000	11.090355	256.000000	256.000000	196608.000000	1.000000	0.000000	0.000000	0.000000	0.000000	0.000000	3.000000	4.218128	4.634108	4.880756	5.061247	5.258441	0.232594	0.892986	1.000000	1.000000	0.040257	0.163669	0.709139	1.000000	9.000000	35.000000	67.000000	149.000000	255.000000	0.000000	0.015873	0.079365	0.174603	0.000000	0.000000	0.015873	0.063492	16.000000	4.816480	11.000000	256.000000	12.188967	5.545177	5.545177	11.090355	11.090355	11.090355	11.090355
0d13217e6a93999fd3f3b28796df8b3dd12522984644376de00915fa78d39b8c	photo	clic2025-1024px-resized	/home/lilith/work/codec-corpus/clic2025-1024/0c49a5cce349020bbba2f97ae41e90ba.png	large	1024	1024	1024	4060.910645	0.104550	0.230787	0.007437	0.008038	0.484131	0.078003	96.164703	0.746274	1.298799	2334.000000	0.071228	0.007870	0.009240	1.000000	0.058790	0.086910	13.000000	0.145874	4.145649	14.994141	12.866211	0.000000	0.000000	0.000000	0.000000	0.176705	0.089146	0.745112	0.000000	0.000000	80.000000	80.000000	0.000000	0.000000	1.000000	0.000000	8.000000	0.000000	0.204333	3.084720	1.198321	0.031497	0.000000	0.000000	1.000000	1.000000	0.329102	0.009501	26.735691	0.001953	0.055292	0.015780	0.000000	1048576.000000	13.862944	1024.000000	1024.000000	3145728.000000	1.000000	0.000000	0.000000	0.000000	0.000000	0.000000	3.000000	2.885785	4.191248	4.746999	4.994906	5.171936	0.067727	0.199164	0.935061	1.000000	0.023019	0.051774	0.316294	0.961538	3.000000	9.000000	27.000000	126.000000	255.000000	0.000000	0.000000	0.015873	0.079365	0.000000	0.000000	0.000000	0.031746	20.000000	6.020600	14.000000	1024.000000	14.961555	6.931472	6.931472	13.862944	13.862944	13.862944	13.862944
093af998fc083fcf4165ce77d58e4072face3ecff1ffc052dbac4a69c7ab61fb	photo	clic2025-native	/home/lilith/work/codec-corpus/clic2025/final-test/07b9f93f170a0381836bdf301280a5b80b2c4be6e66f793a3c335dc200fb4e5b.png	small	256	256	170	4627.833984	0.243604	0.211159	0.018205	0.012280	0.421131	0.000000	89.133415	0.522568	1.077817	3449.000000	0.105255	0.026610	0.037890	5.000000	0.076860	0.119750	12.000000	0.189848	4.718781	30.596725	14.598214	0.002976	0.000000	0.000000	0.000000	0.411725	0.002551	1.000000	0.000000	0.000000	80.000000	80.000000	0.000000	0.000000	1.000000	0.000000	8.000000	0.000000	0.019347	3.574855	1.202556	0.082135	0.067373	0.000000	1.000000	1.000000	0.458333	0.262463	33.915913	0.000000	0.117583	0.027896	0.000000	43520.000000	10.680976	170.000000	256.000000	130560.000000	0.664062	0.409379	0.035294	0.035294	0.129412	0.129412	3.000000	3.661610	4.677505	5.191405	5.313087	5.561140	0.132167	0.417574	1.000000	1.000000	0.103231	0.175422	0.422758	0.636671	4.000000	30.000000	76.000000	204.000000	255.000000	0.000000	0.015873	0.063492	0.222222	0.000000	0.000000	0.015873	0.047619	15.409391	4.638689	10.500000	208.614471	11.779588	5.135798	5.545177	10.715661	10.715661	10.802672	10.802672
093af998fc083fcf4165ce77d58e4072face3ecff1ffc052dbac4a69c7ab61fb	photo	clic2025-native	/home/lilith/work/codec-corpus/clic2025/final-test/07b9f93f170a0381836bdf301280a5b80b2c4be6e66f793a3c335dc200fb4e5b.png	medium	1024	1024	680	4835.304199	0.204377	0.213592	0.015920	0.007789	0.500184	0.016544	89.875725	1.324412	1.360062	6305.000000	0.192413	0.024500	0.025930	5.000000	0.030890	0.032600	13.000000	0.227508	4.727686	18.070772	8.864890	0.000000	0.000000	0.000000	0.000000	0.345427	0.018908	0.988044	0.000000	0.000000	80.000000	80.000000	0.000000	0.000000	1.000000	0.000000	8.000000	0.000000	0.022692	3.101896	1.277157	0.034847	0.021212	0.000000	1.000000	1.000000	0.076287	0.256363	26.613316	0.000000	0.085026	0.018076	0.000000	696320.000000	13.453565	680.000000	1024.000000	2088960.000000	0.664062	0.409379	0.000000	0.011765	0.035294	0.035294	3.000000	3.014940	4.252560	4.816973	5.166322	5.412477	0.048309	0.219954	0.887476	1.000000	0.033965	0.075755	0.291608	0.510920	5.000000	23.000000	60.000000	159.000000	255.000000	0.000000	0.000000	0.015873	0.158730	0.000000	0.000000	0.000000	0.031746	19.409391	5.842809	13.500000	834.457886	14.552176	6.522093	6.931472	13.453565	13.465261	13.488250	13.488250
1a3c6d7079ab345a61ee0d54484873f7fff7a2667cb3228ba7cf374953414335	photo	CID22-512px	/home/lilith/work/codec-corpus/CID22/CID22-512/training/164338.png	small	64	64	64	3245.405518	0.632149	0.164003	0.024860	0.027022	0.000000	0.000000	58.762749	0.450114	0.603060	1262.000000	0.308105	0.049950	0.042670	2.000000	0.386850	0.253960	15.000000	0.251893	4.534538	75.062500	32.015625	0.000000	0.000000	0.000000	0.000000	0.422535	0.000000	0.952040	0.000000	0.000000	80.000000	80.000000	0.000000	0.000000	1.000000	0.000000	8.000000	0.000000	0.096924	4.871588	0.429574	0.736329	0.074686	0.000000	1.000000	1.000000	0.140625	0.202148	30.762623	0.000000	0.271329	0.046875	0.000000	4096.000000	8.317766	64.000000	64.000000	12288.000000	1.000000	0.000000	0.000000	0.000000	0.000000	0.000000	3.000000	4.956908	5.150158	5.290479	5.330825	5.489031	1.000000	1.000000	1.000000	1.000000	0.231155	0.553670	0.930252	1.000000	45.000000	89.000000	138.000000	255.000000	255.000000	0.079365	0.222222	0.301587	0.349206	0.000000	0.015873	0.047619	0.063492	12.000000	3.612360	8.500000	64.000000	9.416378	4.158883	4.158883	8.317766	8.317766	8.317766	8.317766
2767a107caf0df9c025b5bedfa64c562c124b7cb100e9a44290b52c58401d246	photo	CID22-512px	/home/lilith/work/codec-corpus/CID22/CID22-512/training/pexels-photo-6926600.png	small	64	64	64	1348.628174	0.282691	0.066346	0.005105	0.006067	0.343750	0.000000	25.481163	0.098245	0.810354	328.000000	0.080078	0.001360	0.005070	0.000000	0.016920	0.095980	3.000000	0.211752	3.628043	22.906250	5.046875	0.000000	0.000000	0.000000	0.000000	0.474923	0.000000	0.669298	0.000000	0.000000	80.000000	80.000000	0.000000	0.000000	1.000000	0.000000	8.000000	0.000000	0.117188	3.823785	0.922569	0.125961	0.019860	0.000000	1.000000	1.000000	0.359375	0.113281	18.369923	0.031250	0.123016	0.010169	0.000000	4096.000000	8.317766	64.000000	64.000000	12288.000000	1.000000	0.000000	0.000000	0.000000	0.000000	0.000000	3.000000	4.289516	4.537472	4.860739	4.905130	5.124947	0.246485	0.904773	1.000000	1.000000	0.037778	0.087110	0.172518	0.364629	9.000000	36.000000	65.000000	133.000000	255.000000	0.015873	0.015873	0.142857	0.206349	0.000000	0.000000	0.000000	0.015873	12.000000	3.612360	8.500000	64.000000	9.416378	4.158883	4.158883	8.317766	8.317766	8.317766	8.317766
1a3c6d7079ab345a61ee0d54484873f7fff7a2667cb3228ba7cf374953414335	photo	CID22-512px	/home/lilith/work/codec-corpus/CID22/CID22-512/training/164338.png	medium	256	256	256	4236.160645	0.463499	0.170651	0.015135	0.016255	0.088867	0.048828	61.186775	1.413833	0.903746	3937.000000	0.120148	0.020270	0.022080	2.000000	0.155190	0.131870	15.000000	0.202077	4.662528	54.072266	16.861328	0.011719	0.000000	0.000000	0.000000	0.422535	0.065848	0.930167	0.000000	0.000000	80.000000	80.000000	0.000000	0.000000	1.000000	0.000000	8.000000	0.000000	0.114960	4.455175	0.991164	0.270565	0.032668	0.000000	1.000000	1.000000	0.232422	0.192886	34.947567	0.001953	0.181966	0.025639	0.000000	65536.000000	11.090355	256.000000	256.000000	196608.000000	1.000000	0.000000	0.000000	0.000000	0.000000	0.000000	3.000000	4.766513	5.078247	5.268228	5.360943	5.546920	0.871389	1.000000	1.000000	1.000000	0.088828	0.193407	0.479621	0.932854	28.000000	70.000000	124.000000	248.000000	255.000000	0.015873	0.095238	0.174603	0.285714	0.000000	0.000000	0.015873	0.047619	16.000000	4.816480	11.000000	256.000000	12.188967	5.545177	5.545177	11.090355	11.090355	11.090355	11.090355
2767a107caf0df9c025b5bedfa64c562c124b7cb100e9a44290b52c58401d246	photo	CID22-512px	/home/lilith/work/codec-corpus/CID22/CID22-512/training/pexels-photo-6926600.png	medium	256	256	256	1787.817017	0.326428	0.068697	0.004672	0.005375	0.429688	0.025391	26.331799	1.307306	0.994424	786.000000	0.023987	0.001620	0.003840	0.000000	0.015740	0.044110	2.000000	1.090656	3.856951	22.099609	4.251953	0.001953	0.000000	0.000000	0.000000	0.442683	0.030692	0.677808	0.000000	0.000000	80.000000	80.000000	0.000000	0.000000	1.000000	0.000000	8.000000	0.000000	0.113083	3.392947	1.308265	0.044381	0.009479	0.000000	1.000000	1.000000	0.115234	0.112427	33.107857	0.000000	0.111034	0.005906	0.000000	65536.000000	11.090355	256.000000	256.000000	196608.000000	1.000000	0.000000	0.000000	0.000000	0.000000	0.000000	3.000000	3.948602	4.590490	4.922390	5.100837	5.297314	0.063934	0.458669	1.000000	1.000000	0.021432	0.054002	0.128251	0.357400	7.000000	47.000000	117.000000	255.000000	255.000000	0.000000	0.000000	0.063492	0.206349	0.000000	0.000000	0.000000	0.000000	16.000000	4.816480	11.000000	256.000000	12.188967	5.545177	5.545177	11.090355	11.090355	11.090355	11.090355
28041cbdffbec829ebe7f449741a543697b4207390f6d9a18a7d633f7b0b7325	photo	CID22-512px	/home/lilith/work/codec-corpus/CID22/CID22-512/training/580612.png	small	64	64	64	1933.453979	0.508692	0.212773	0.043317	0.026747	0.031250	0.000000	75.223289	0.231536	0.571270	1484.000000	0.362305	0.109490	0.112500	3.000000	0.257580	0.281760	9.000000	0.243786	4.237668	45.000000	33.890625	0.000000	0.000000	0.000000	0.000000	0.422535	0.000000	0.865991	0.000000	0.000000	80.000000	80.000000	0.000000	0.000000	1.000000	0.000000	8.000000	0.000000	0.015137	4.537601	0.477023	0.705846	0.177982	0.000000	1.000000	1.000000	0.250000	0.416016	22.072535	0.000000	0.210565	0.055060	0.000000	4096.000000	8.317766	64.000000	64.000000	12288.000000	1.000000	0.000000	0.000000	0.000000	0.000000	0.000000	3.000000	4.696422	4.872725	4.982741	5.043127	5.142061	0.957258	1.000000	1.000000	1.000000	0.377216	0.583765	0.828762	1.000000	27.000000	61.000000	100.000000	188.000000	255.000000	0.095238	0.142857	0.206349	0.269841	0.015873	0.031746	0.063492	0.079365	12.000000	3.612360	8.500000	64.000000	9.416378	4.158883	4.158883	8.317766	8.317766	8.317766	8.317766
1b764121226f66a812da0e4b178741ceba76126e6f5e25802b3dea434c932f7c	mixed	kadid10k-distortion-set	/home/lilith/work/codec-corpus/kadid10k/I10.png	tiny	64	64	48	2089.182373	0.314083	0.211590	0.021544	0.013449	0.062500	0.000000	75.413582	0.115949	0.663904	758.000000	0.246745	0.025640	0.062120	1.000000	0.060280	0.169930	6.000000	0.172995	4.212449	35.625000	23.437500	0.000000	0.000000	0.000000	0.000000	0.422535	0.000000	0.858681	0.000000	0.000000	80.000000	80.000000	0.000000	0.000000	1.000000	0.000000	8.000000	0.000000	0.023112	4.284116	0.637551	0.309495	0.127166	0.000000	1.000000	1.000000	0.291667	0.170898	21.312061	0.000000	0.167659	0.042989	0.000000	3072.000000	8.030084	48.000000	64.000000	9216.000000	0.750000	0.287682	0.000000	0.000000	0.333333	0.333333	3.000000	4.485824	4.789309	4.986981	5.031871	5.152622	0.595070	1.000000	1.000000	1.000000	0.205896	0.370600	0.698701	1.000000	11.000000	37.000000	75.000000	161.000000	255.000000	0.015873	0.063492	0.174603	0.238095	0.015873	0.015873	0.031746	0.063492	11.584963	3.487421	8.000000	55.425625	9.128696	3.871201	4.158883	8.030084	8.030084	8.317766	8.317766
1b764121226f66a812da0e4b178741ceba76126e6f5e25802b3dea434c932f7c	mixed	kadid10k-distortion-set	/home/lilith/work/codec-corpus/kadid10k/I10.png	small	256	256	192	2330.153564	0.191705	0.213985	0.011086	0.007147	0.371094	0.009115	76.203964	0.364434	0.992176	2427.000000	0.074066	0.007610	0.016890	1.000000	0.019310	0.062180	19.000000	0.264370	4.273166	19.164062	10.570312	0.005208	0.000000	0.000000	0.000000	0.324009	0.014881	0.865272	0.000000	0.000000	80.000000	80.000000	0.000000	0.000000	1.000000	0.000000	8.000000	0.000000	0.022725	3.496259	1.068489	0.071091	0.034792	0.000000	1.000000	1.000000	0.251302	0.168172	24.771704	0.000000	0.096085	0.020875	0.000000	49152.000000	10.802672	192.000000	256.000000	147456.000000	0.750000	0.287682	0.000000	0.000000	0.000000	0.000000	3.000000	3.640879	4.469781	4.879379	4.998145	5.144907	0.130277	0.447355	1.000000	1.000000	0.054084	0.131470	0.353301	0.595780	5.000000	21.000000	61.000000	168.000000	255.000000	0.000000	0.015873	0.063492	0.158730	0.000000	0.000000	0.015873	0.031746	15.584963	4.691541	11.000000	221.702499	11.901285	5.257495	5.545177	10.802672	10.802672	10.802672	10.802672
3273fdf6677387bc73bab5320dca299657cc5abd97e05007c4f7a655ec77654d	photo	clic2025-1024px-resized	/home/lilith/work/codec-corpus/clic2025-1024/79b1bb29124f590c2e99e6c71c18affe25115d594a821cadc58bf24bf94dae8d.png	small	64	64	64	3708.900391	0.474175	0.204087	0.046596	0.034709	0.046875	0.000000	71.127869	0.304154	0.628453	1628.000000	0.397461	0.177280	0.181680	9.000000	0.601870	0.580520	22.000000	0.230914	4.438652	53.250000	52.015625	0.000000	0.000000	0.000000	0.000000	0.422535	0.000000	0.924247	0.000000	0.000000	80.000000	80.000000	0.000000	0.000000	1.000000	0.000000	8.000000	0.000000	0.023926	4.456221	0.765986	0.324520	0.168199	0.000000	1.000000	1.000000	0.218750	0.267578	28.426830	0.000000	0.226935	0.076141	0.000000	4096.000000	8.317766	64.000000	64.000000	12288.000000	1.000000	0.000000	0.000000	0.000000	0.000000	0.000000	3.000000	4.860787	5.018592	5.177597	5.242186	5.341030	0.665148	1.000000	1.000000	1.000000	0.330719	0.635462	0.929717	1.000000	25.000000	72.000000	120.000000	215.000000	255.000000	0.031746	0.095238	0.269841	0.333333	0.015873	0.031746	0.079365	0.111111	12.000000	3.612360	8.500000	64.000000	9.416378	4.158883	4.158883	8.317766	8.317766	8.317766	8.317766
1c611f67bcc24ce16d46a86cb70a5c2c76dbeb2c3f199fadddddc36b916ddabe	photo	CID22-512px	/home/lilith/work/codec-corpus/CID22/CID22-512/training/pexels-photo-2802032.png	small	64	64	64	1415.480469	0.434366	0.110801	0.037574	0.009438	0.000000	0.000000	47.653099	0.264082	0.791657	729.000000	0.177979	0.088890	0.083090	4.000000	0.023220	0.031560	0.000000	0.452585	3.646421	27.531250	21.968750	0.000000	0.000000	0.000000	0.000000	0.472335	0.000000	0.694615	0.000000	0.000000	80.000000	80.000000	0.000000	0.000000	1.000000	0.000000	8.000000	0.000000	0.063721	4.217621	0.516751	0.376796	0.235357	0.000000	1.000000	1.000000	0.078125	0.244141	25.869335	0.000000	0.172867	0.038194	0.000000	4096.000000	8.317766	64.000000	64.000000	12288.000000	1.000000	0.000000	0.000000	0.000000	0.000000	0.000000	3.000000	4.103880	4.745689	4.993632	5.079354	5.232242	0.473420	0.688733	1.000000	1.000000	0.296961	0.387745	0.674918	0.765695	26.000000	57.000000	98.000000	236.000000	255.000000	0.063492	0.095238	0.142857	0.253968	0.000000	0.015873	0.031746	0.063492	12.000000	3.612360	8.500000	64.000000	9.416378	4.158883	4.158883	8.317766	8.317766	8.317766	8.317766
28041cbdffbec829ebe7f449741a543697b4207390f6d9a18a7d633f7b0b7325	photo	CID22-512px	/home/lilith/work/codec-corpus/CID22/CID22-512/training/580612.png	medium	256	256	256	2184.407471	0.249904	0.219464	0.025759	0.016933	0.192383	0.004883	77.377541	0.367241	0.984044	4211.000000	0.128510	0.055790	0.048250	4.000000	0.164740	0.133830	15.000000	0.165315	4.311216	27.166992	20.810547	0.001953	0.000000	0.000000	0.000000	0.422373	0.007254	0.881412	0.000000	0.000000	80.000000	80.000000	0.000000	0.000000	1.000000	0.000000	8.000000	0.000000	0.015671	3.937641	0.898855	0.139956	0.047101	0.000000	1.000000	1.000000	0.624023	0.384598	19.859940	0.019531	0.121574	0.036288	0.000000	65536.000000	11.090355	256.000000	256.000000	196608.000000	1.000000	0.000000	0.000000	0.000000	0.000000	0.000000	3.000000	4.210263	4.647351	4.873806	4.998516	5.193450	0.366941	0.925410	1.000000	1.000000	0.112887	0.315762	0.577081	0.857133	5.000000	23.000000	60.000000	151.000000	255.000000	0.015873	0.031746	0.095238	0.206349	0.000000	0.015873	0.031746	0.063492	16.000000	4.816480	11.000000	256.000000	12.188967	5.545177	5.545177	11.090355	11.090355	11.090355	11.090355
1c611f67bcc24ce16d46a86cb70a5c2c76dbeb2c3f199fadddddc36b916ddabe	photo	CID22-512px	/home/lilith/work/codec-corpus/CID22/CID22-512/training/pexels-photo-2802032.png	medium	256	256	256	1877.971069	0.238677	0.121919	0.023534	0.006202	0.203125	0.000000	50.788029	0.897840	1.034896	1505.000000	0.045929	0.051580	0.056740	7.000000	0.016040	0.012360	1.000000	0.389860	3.655914	27.050781	16.043945	0.004883	0.000000	0.000000	0.000000	0.451861	0.004185	0.697366	0.000000	0.000000	80.000000	80.000000	0.000000	0.000000	1.000000	0.000000	8.000000	0.000000	0.076447	3.946644	0.895863	0.157231	0.063581	0.000000	1.000000	1.000000	0.338867	0.254364	31.660082	0.000000	0.147957	0.037078	0.000000	65536.000000	11.090355	256.000000	256.000000	196608.000000	1.000000	0.000000	0.000000	0.000000	0.000000	0.000000	3.000000	4.189883	4.698684	4.978922	5.121740	5.435808	0.312122	0.791339	1.000000	1.000000	0.119581	0.298286	0.548007	0.741847	5.000000	31.000000	100.000000	233.000000	255.000000	0.015873	0.031746	0.142857	0.238095	0.000000	0.000000	0.031746	0.063492	16.000000	4.816480	11.000000	256.000000	12.188967	5.545177	5.545177	11.090355	11.090355	11.090355	11.090355
3273fdf6677387bc73bab5320dca299657cc5abd97e05007c4f7a655ec77654d	photo	clic2025-1024px-resized	/home/lilith/work/codec-corpus/clic2025-1024/79b1bb29124f590c2e99e6c71c18affe25115d594a821cadc58bf24bf94dae8d.png	medium	256	256	256	4259.001465	0.306175	0.217597	0.029137	0.021700	0.286133	0.005859	75.299805	0.759324	0.891201	5732.000000	0.174927	0.081010	0.077170	8.000000	0.238590	0.244330	20.000000	0.182169	4.480314	36.164062	30.603516	0.001953	0.000000	0.000000	0.000000	0.422535	0.008371	0.929246	0.000000	0.000000	80.000000	80.000000	0.000000	0.000000	1.000000	0.000000	8.000000	0.000000	0.033844	3.887815	1.177518	0.075093	0.053583	0.000000	1.000000	1.000000	0.333984	0.231384	29.721891	0.000000	0.145105	0.045883	0.000000	65536.000000	11.090355	256.000000	256.000000	196608.000000	1.000000	0.000000	0.000000	0.000000	0.000000	0.000000	3.000000	4.332003	4.874245	5.149997	5.286062	5.413043	0.202386	0.971763	1.000000	1.000000	0.143211	0.326187	0.675576	1.000000	8.000000	42.000000	94.000000	194.000000	255.000000	0.000000	0.015873	0.142857	0.253968	0.000000	0.015873	0.031746	0.079365	16.000000	4.816480	11.000000	256.000000	12.188967	5.545177	5.545177	11.090355	11.090355	11.090355	11.090355
1c9deabfbe43dfff391123ea0f008ab08d75e19da4a0dad59af521ccce2a1beb	screenshot	gb82-screens	/home/lilith/work/codec-corpus/gb82-sc/terminal.png	tiny	64	64	41	911.447388	0.209127	0.030786	0.003229	0.004192	0.025000	0.000000	11.655458	0.050961	0.874572	105.000000	0.040015	0.004620	0.002390	0.000000	0.043490	0.012520	3.000000	0.093130	2.719868	25.825001	3.700000	0.100000	0.000000	0.000000	0.000000	0.533754	0.085714	0.541550	8.000000	1.000000	80.000000	80.000000	0.000000	0.000000	1.000000	0.000000	8.000000	0.000000	0.322027	4.140279	0.504166	0.408828	0.017629	0.000000	1.000000	1.000000	0.600000	0.006641	21.341835	0.100000	0.093254	0.010714	0.000000	2624.000000	7.872455	41.000000	64.000000	7872.000000	0.640625	0.445311	0.170732	0.170732	0.560976	0.560976	3.000000	4.300617	4.462304	4.617578	5.109446	5.189429	0.585156	1.000000	1.000000	1.000000	0.052967	0.108469	0.119329	0.158545	9.000000	27.000000	48.000000	106.000000	255.000000	0.047619	0.063492	0.079365	0.111111	0.000000	0.000000	0.000000	0.015873	11.357552	3.418964	8.000000	51.224995	8.971067	3.713572	4.158883	8.030084	8.030084	8.317766	8.317766
3273fdf6677387bc73bab5320dca299657cc5abd97e05007c4f7a655ec77654d	photo	clic2025-1024px-resized	/home/lilith/work/codec-corpus/clic2025-1024/79b1bb29124f590c2e99e6c71c18affe25115d594a821cadc58bf24bf94dae8d.png	large	1024	1024	1024	4801.427734	0.236882	0.223597	0.015987	0.012887	0.460938	0.004272	77.211983	3.281703	1.046935	12466.000000	0.380432	0.015680	0.023080	3.000000	0.063580	0.094830	16.000000	0.270296	4.444550	23.555664	16.010742	0.000000	0.000000	0.000000	0.000000	0.400365	0.004883	0.920797	0.000000	0.000000	80.000000	80.000000	0.000000	0.000000	1.000000	0.000000	8.000000	0.000000	0.035501	3.418398	1.204705	0.052747	0.037269	0.000000	1.000000	1.000000	0.126953	0.214937	35.320156	0.000000	0.094448	0.024554	0.000000	1048576.000000	13.862944	1024.000000	1024.000000	3145728.000000	1.000000	0.000000	0.000000	0.000000	0.000000	0.000000	3.000000	3.251695	4.594777	5.085355	5.242484	5.435791	0.093846	0.276352	1.000000	1.000000	0.072968	0.154660	0.376317	0.753022	7.000000	29.000000	90.000000	231.000000	255.000000	0.000000	0.000000	0.031746	0.174603	0.000000	0.000000	0.015873	0.047619	20.000000	6.020600	14.000000	1024.000000	14.961555	6.931472	6.931472	13.862944	13.862944	13.862944	13.862944
280665498758e01701bccc1b91833bda3f5860fc9d5eadc4d3b691c011c575ed	photo	clic2025-native	/home/lilith/work/codec-corpus/clic2025/training/d79d465ac77c36518e0f0d626bf97ec4.png	tiny	64	51	64	6443.815918	0.316190	0.050779	0.003069	0.001921	0.020833	0.000000	17.929497	0.184621	0.791894	208.000000	0.063725	0.000460	0.000870	0.000000	0.001220	0.001700	0.000000	0.106163	4.264702	54.458332	2.833333	0.000000	0.000000	0.000000	0.000000	0.423373	0.000000	0.704505	8.000000	1.000000	80.000000	80.000000	0.000000	0.000000	1.000000	0.000000	8.000000	0.000000	0.697610	4.511273	0.704262	0.575672	0.010066	0.000000	1.000000	1.000000	0.604167	0.000306	39.153057	0.000000	0.200397	0.006614	0.000000	3264.000000	8.090709	51.000000	64.000000	9792.000000	0.796875	0.227057	0.098039	0.254902	0.254902	0.254902	3.000000	4.589569	5.058197	5.402081	5.443531	5.614014	0.812530	1.000000	1.000000	1.000000	0.016887	0.034741	0.108337	0.316288	11.000000	33.000000	95.000000	223.000000	255.000000	0.047619	0.126984	0.190476	0.269841	0.000000	0.000000	0.000000	0.000000	11.672425	3.513750	8.000000	57.131428	9.189321	3.931826	4.158883	8.184235	8.317766	8.317766	8.317766
32a51eda71fc5cf5e54b947814515311f676403a62a873b6297c21de9eabd142	photo	CID22-512px	/home/lilith/work/codec-corpus/CID22/CID22-512/training/7280783.png	small	64	64	64	850.237976	0.312421	0.102381	0.020036	0.012256	0.000000	0.000000	44.126934	0.094888	0.830242	532.000000	0.129883	0.024470	0.023260	1.000000	0.046580	0.043930	1.000000	0.200926	3.661814	24.531250	10.515625	0.000000	0.000000	0.000000	0.000000	0.470167	0.000000	0.699077	0.000000	0.000000	80.000000	80.000000	0.000000	0.000000	1.000000	0.000000	8.000000	0.000000	0.002930	4.187477	0.369064	0.459267	0.099904	0.000000	1.000000	1.000000	0.234375	0.874268	14.350810	0.000000	0.129216	0.022569	0.000000	4096.000000	8.317766	64.000000	64.000000	12288.000000	1.000000	0.000000	0.000000	0.000000	0.000000	0.000000	3.000000	4.200386	4.444088	4.670352	4.793056	5.111319	0.620302	0.918437	1.000000	1.000000	0.130496	0.187272	0.267322	0.539199	20.000000	38.000000	59.000000	132.000000	209.000000	0.047619	0.079365	0.111111	0.190476	0.000000	0.015873	0.015873	0.031746	12.000000	3.612360	8.500000	64.000000	9.416378	4.158883	4.158883	8.317766	8.317766	8.317766	8.317766
1c9deabfbe43dfff391123ea0f008ab08d75e19da4a0dad59af521ccce2a1beb	screenshot	gb82-screens	/home/lilith/work/codec-corpus/gb82-sc/terminal.png	small	256	256	165	1197.197754	0.197721	0.035156	0.001568	0.002837	0.504687	0.484375	13.182903	0.453885	1.259682	344.000000	0.010498	0.002100	0.003210	2.000000	0.022510	0.018450	6.000000	0.274237	2.207404	17.893749	2.560937	0.570312	0.000000	0.000000	0.000000	0.636944	1.000000	0.106398	0.000000	0.000000	80.000000	80.000000	0.000000	0.000000	1.000000	0.000000	8.000000	0.000000	0.321780	2.320502	2.173837	0.000000	0.000000	0.117038	1.000000	1.000000	0.126563	0.003320	23.103884	0.565625	0.085466	0.005159	0.000000	42240.000000	10.651123	165.000000	256.000000	126720.000000	0.644531	0.439232	0.018182	0.066667	0.163636	0.163636	3.000000	2.927851	4.551082	4.736413	4.829546	5.162212	0.000000	0.177213	1.000000	1.000000	0.000000	0.005629	0.053607	0.179891	0.000000	18.000000	73.000000	194.000000	255.000000	0.000000	0.000000	0.000000	0.158730	0.000000	0.000000	0.000000	0.000000	15.366323	4.625724	10.500000	205.523727	11.749735	5.105946	5.545177	10.669142	10.715661	10.802672	10.802672
32a51eda71fc5cf5e54b947814515311f676403a62a873b6297c21de9eabd142	photo	CID22-512px	/home/lilith/work/codec-corpus/CID22/CID22-512/training/7280783.png	medium	256	256	256	989.925903	0.231619	0.105930	0.017233	0.011966	0.069336	0.000000	45.298252	0.235303	1.010940	1350.000000	0.041199	0.013880	0.011260	1.000000	0.044270	0.037500	3.000000	0.248687	3.778577	14.440430	6.962891	0.000000	0.000000	0.000000	0.000000	0.422654	0.000000	0.732921	0.000000	0.000000	80.000000	80.000000	0.000000	0.000000	1.000000	0.000000	8.000000	0.000000	0.002594	3.869091	0.512587	0.285614	0.076064	0.000000	1.000000	1.000000	0.235352	0.862335	11.378213	0.000000	0.107701	0.014447	0.000000	65536.000000	11.090355	256.000000	256.000000	196608.000000	1.000000	0.000000	0.000000	0.000000	0.000000	0.000000	3.000000	3.933145	4.174346	4.448718	4.636223	4.884880	0.430126	0.620739	0.856147	1.000000	0.106674	0.142683	0.203435	0.349116	12.000000	28.000000	49.000000	102.000000	255.000000	0.031746	0.063492	0.095238	0.142857	0.000000	0.000000	0.015873	0.015873	16.000000	4.816480	11.000000	256.000000	12.188967	5.545177	5.545177	11.090355	11.090355	11.090355	11.090355
280665498758e01701bccc1b91833bda3f5860fc9d5eadc4d3b691c011c575ed	photo	clic2025-native	/home/lilith/work/codec-corpus/clic2025/training/d79d465ac77c36518e0f0d626bf97ec4.png	small	256	205	256	6623.733887	0.102211	0.050873	0.001265	0.000845	0.365000	0.076250	17.959465	0.210890	1.185564	314.000000	0.009583	0.000150	0.000170	0.000000	0.000470	0.000470	0.000000	0.095042	4.223174	20.977501	0.715000	0.026250	0.000000	0.000000	0.000000	0.416918	0.109643	0.530828	0.000000	0.000000	80.000000	80.000000	0.000000	0.000000	1.000000	0.000000	8.000000	0.000000	0.692683	3.388417	1.165137	0.068651	0.000000	0.000000	1.000000	1.000000	0.587500	0.000095	35.206337	0.088750	0.070159	0.001230	0.000000	52480.000000	10.868187	205.000000	256.000000	157440.000000	0.800781	0.222167	0.014634	0.014634	0.092683	0.248780	3.000000	3.519547	4.125481	4.831796	5.303572	5.520097	0.151186	0.399623	0.871799	1.000000	0.000000	0.013557	0.028613	0.077534	2.000000	10.000000	33.000000	136.000000	255.000000	0.000000	0.015873	0.031746	0.095238	0.000000	0.000000	0.000000	0.000000	15.679481	4.719994	11.000000	229.085144	11.966800	5.323010	5.545177	10.882715	10.882715	10.956823	11.090355
1c9deabfbe43dfff391123ea0f008ab08d75e19da4a0dad59af521ccce2a1beb	screenshot	gb82-screens	/home/lilith/work/codec-corpus/gb82-sc/terminal.png	medium	1024	1024	661	1642.496094	0.089561	0.036862	0.000800	0.001714	0.748571	0.721608	13.818880	1.838736	1.243082	547.000000	0.016693	0.000870	0.000730	3.000000	0.008620	0.009930	5.000000	0.322712	1.765774	17.200953	1.530476	0.751429	0.000000	0.000000	0.000000	0.676094	1.000000	0.060736	0.000000	0.000000	80.000000	80.000000	0.000000	0.000000	1.000000	0.000000	8.000000	0.000000	0.336394	1.293638	2.100702	0.000000	0.000000	0.293690	1.000000	1.000000	0.042857	0.002220	48.165810	0.753333	0.069342	0.003477	0.000000	676864.000000	13.425225	661.000000	1024.000000	2030592.000000	0.645508	0.437718	0.004539	0.016641	0.016641	0.065053	3.000000	0.000000	3.002140	5.104256	5.198712	5.499063	0.000000	0.000000	0.189025	1.000000	0.000000	0.000000	0.007262	0.115168	0.000000	0.000000	30.000000	233.000000	255.000000	0.000000	0.000000	0.000000	0.015873	0.000000	0.000000	0.000000	0.000000	19.368507	5.830502	13.500000	822.717468	14.523838	6.493754	6.931472	13.429754	13.441730	13.441730	13.488250
32be6616b7e3e301b8c237f76ef1d97feda01815384ff39f13469ecd54044245	photo	clic2025-native	/home/lilith/work/codec-corpus/clic2025/final-test/e0d8e29cadfc99663c7d1a4a5afe20c454ec54d0d873776ec397c59405c74790.png	tiny	64	43	64	4991.032715	0.190854	0.050915	0.007756	0.007283	0.225000	0.000000	20.789673	0.088637	0.743422	236.000000	0.085756	0.007680	0.003060	0.000000	0.048860	0.024680	3.000000	0.075489	3.963565	43.849998	5.575000	0.000000	0.000000	0.000000	0.000000	0.327702	0.000000	0.786540	8.000000	1.000000	80.000000	80.000000	0.000000	0.000000	1.000000	0.000000	8.000000	0.000000	0.349927	4.074000	1.084598	0.118468	0.014590	0.000000	1.000000	1.000000	0.525000	0.160610	27.039011	0.000000	0.137302	0.011508	0.000000	2752.000000	7.920083	43.000000	64.000000	8256.000000	0.671875	0.397683	0.116279	0.116279	0.488372	0.488372	3.000000	4.514312	5.016479	5.269758	5.354781	5.449715	0.285269	1.000000	1.000000	1.000000	0.032076	0.062281	0.217146	0.544101	6.000000	20.000000	67.000000	164.000000	255.000000	0.000000	0.031746	0.158730	0.222222	0.000000	0.000000	0.000000	0.015873	11.426265	3.439648	8.000000	52.459507	9.018696	3.761200	4.158883	8.030084	8.030084	8.317766	8.317766
32be6616b7e3e301b8c237f76ef1d97feda01815384ff39f13469ecd54044245	photo	clic2025-native	/home/lilith/work/codec-corpus/clic2025/final-test/e0d8e29cadfc99663c7d1a4a5afe20c454ec54d0d873776ec397c59405c74790.png	small	256	170	256	5056.850586	0.070078	0.052286	0.004037	0.003511	0.581845	0.235119	21.257999	0.076291	1.192489	578.000000	0.017639	0.001710	0.001130	0.000000	0.010820	0.008200	3.000000	0.077064	3.956440	12.465774	2.257441	0.000000	0.000000	0.000000	0.000000	0.124576	0.268707	0.392994	0.000000	0.000000	80.000000	80.000000	0.000000	0.000000	1.000000	0.000000	8.000000	0.000000	0.360248	2.817062	1.227743	0.028552	0.007719	0.000000	1.000000	1.000000	0.379464	0.160110	22.328730	0.008929	0.044572	0.004488	0.000000	43520.000000	10.680976	170.000000	256.000000	130560.000000	0.664062	0.409379	0.035294	0.035294	0.129412	0.129412	3.000000	2.827439	3.544206	4.761604	5.002678	5.195040	0.043321	0.195221	0.430093	1.000000	0.015251	0.024219	0.054340	0.165681	2.000000	7.000000	22.000000	90.000000	255.000000	0.000000	0.000000	0.015873	0.047619	0.000000	0.000000	0.000000	0.000000	15.409391	4.638689	10.500000	208.614471	11.779588	5.135798	5.545177	10.715661	10.715661	10.802672	10.802672
1da209a2eb8d1a3ef3a344d661ad2ce2ebd0c7874b1be1fe75ace1ddada68150	photo	clic2025-native	/home/lilith/work/codec-corpus/clic2025/final-test/50fe4c3d47d864858e1aaa60fecef5c453b4e18d2b368718eeb5c1e249e0c902.png	tiny	64	64	41	1311.394287	0.718254	0.091489	0.041267	0.025986	0.000000	0.000000	37.077316	0.320621	0.461470	819.000000	0.312119	0.087800	0.071500	2.000000	0.265350	0.179440	17.000000	0.621533	3.965324	38.275002	16.750000	0.000000	0.000000	0.000000	0.000000	0.427419	0.000000	0.787050	0.000000	0.000000	80.000000	80.000000	0.000000	0.000000	1.000000	0.000000	8.000000	0.000000	0.040777	4.605394	0.232004	0.934204	0.201638	0.000000	1.000000	1.000000	0.025000	0.584766	21.035479	0.000000	0.291270	0.038889	0.000000	2624.000000	7.872455	41.000000	64.000000	7872.000000	0.640625	0.445311	0.170732	0.170732	0.560976	0.560976	3.000000	4.630761	4.754927	4.825613	4.931533	4.931557	1.000000	1.000000	1.000000	1.000000	0.284529	0.340527	0.444650	0.723484	49.000000	87.000000	132.000000	215.000000	255.000000	0.206349	0.253968	0.301587	0.333333	0.000000	0.015873	0.031746	0.047619	11.357552	3.418964	8.000000	51.224995	8.971067	3.713572	4.158883	8.030084	8.030084	8.317766	8.317766
280665498758e01701bccc1b91833bda3f5860fc9d5eadc4d3b691c011c575ed	photo	clic2025-native	/home/lilith/work/codec-corpus/clic2025/training/d79d465ac77c36518e0f0d626bf97ec4.png	medium	1024	819	1024	6735.015137	0.095825	0.050889	0.000558	0.000393	0.665058	0.173407	17.964731	1.026767	1.622150	441.000000	0.013458	0.000050	0.000050	0.000000	0.000200	0.000210	0.000000	0.267412	4.192943	10.436581	0.113971	0.050551	0.000000	0.000000	0.000000	0.504112	0.241509	0.376719	0.000000	0.000000	80.000000	80.000000	0.000000	0.000000	1.000000	0.000000	8.000000	0.000000	0.689372	2.676079	1.260930	0.025553	0.000000	0.000000	1.000000	1.000000	0.284007	0.000094	30.069963	0.074449	0.050187	0.000233	0.000000	838656.000000	13.639556	819.000000	1024.000000	2515968.000000	0.799805	0.223388	0.006105	0.015873	0.015873	0.015873	3.000000	2.484099	3.565122	4.503284	4.808159	5.426929	0.046877	0.125268	0.431310	1.000000	0.000000	0.000000	0.018764	0.031840	3.000000	8.000000	25.000000	164.000000	255.000000	0.000000	0.000000	0.015873	0.047619	0.000000	0.000000	0.000000	0.000000	19.677719	5.923584	13.500000	915.781616	14.738168	6.708084	6.931472	13.645642	13.655304	13.655304	13.655304
1da209a2eb8d1a3ef3a344d661ad2ce2ebd0c7874b1be1fe75ace1ddada68150	photo	clic2025-native	/home/lilith/work/codec-corpus/clic2025/final-test/50fe4c3d47d864858e1aaa60fecef5c453b4e18d2b368718eeb5c1e249e0c902.png	small	256	256	162	2493.051270	0.671250	0.110484	0.034691	0.019532	0.001563	0.000000	42.717098	1.446557	0.651582	2842.000000	0.086731	0.065980	0.073040	3.000000	0.149100	0.134950	24.000000	0.303424	4.392570	58.571877	21.523438	0.000000	0.000000	0.000000	0.000000	0.422535	0.000000	0.910890	0.000000	0.000000	80.000000	80.000000	0.000000	0.000000	1.000000	0.000000	8.000000	0.000000	0.064984	4.773765	0.393987	0.912415	0.194887	0.000000	1.000000	1.000000	0.123438	0.496899	29.420143	0.000000	0.264087	0.043130	0.000000	41472.000000	10.632773	162.000000	256.000000	124416.000000	0.632812	0.457581	0.037037	0.086420	0.185185	0.185185	3.000000	4.860803	5.048604	5.155682	5.217342	5.323468	1.000000	1.000000	1.000000	1.000000	0.283050	0.403531	0.551990	0.733213	47.000000	89.000000	139.000000	251.000000	255.000000	0.111111	0.190476	0.269841	0.349206	0.015873	0.015873	0.047619	0.063492	15.339850	4.617755	10.500000	203.646759	11.731386	5.087596	5.545177	10.669142	10.715661	10.802672	10.802672
28d565117cff9242f93becf420081b1b117296719b2ff1a37e170e09640fe7cb	photo	clic2025-1024px-resized	/home/lilith/work/codec-corpus/clic2025-1024/28d24b9c83de066597ff96a68769884f.png	small	64	64	64	3478.700928	0.224742	0.172551	0.014694	0.007162	0.109375	0.000000	70.065437	0.105807	0.895993	391.000000	0.095459	0.019210	0.015160	1.000000	0.029640	0.034260	3.000000	0.109579	4.178709	33.921875	17.109375	0.000000	0.000000	0.000000	0.000000	0.379845	0.000000	0.848901	0.000000	0.000000	80.000000	80.000000	0.000000	0.000000	1.000000	0.000000	8.000000	0.000000	0.344238	4.091912	0.791504	0.275659	0.016509	0.000000	1.000000	1.000000	0.515625	0.330566	28.722586	0.125000	0.132688	0.029018	0.000000	4096.000000	8.317766	64.000000	64.000000	12288.000000	1.000000	0.000000	0.000000	0.000000	0.000000	0.000000	3.000000	4.091856	4.618341	5.089796	5.324276	5.455099	0.551268	0.753582	1.000000	1.000000	0.037931	0.223396	0.495343	0.885965	5.000000	27.000000	64.000000	161.000000	255.000000	0.015873	0.047619	0.111111	0.238095	0.000000	0.000000	0.031746	0.047619	12.000000	3.612360	8.500000	64.000000	9.416378	4.158883	4.158883	8.317766	8.317766	8.317766	8.317766
28d565117cff9242f93becf420081b1b117296719b2ff1a37e170e09640fe7cb	photo	clic2025-1024px-resized	/home/lilith/work/codec-corpus/clic2025-1024/28d24b9c83de066597ff96a68769884f.png	medium	256	256	256	3589.808105	0.104344	0.173230	0.005656	0.003188	0.410156	0.096680	70.284508	0.168486	1.338308	881.000000	0.026886	0.003710	0.003240	0.000000	0.006880	0.008160	2.000000	0.146337	4.175764	12.908203	4.069336	0.006836	0.000000	0.000000	0.000000	0.176357	0.116350	0.655053	0.000000	0.000000	80.000000	80.000000	0.000000	0.000000	1.000000	0.000000	8.000000	0.000000	0.339157	3.164783	1.131034	0.033521	0.013928	0.000000	1.000000	1.000000	0.435547	0.326935	23.182064	0.137695	0.069041	0.007999	0.000000	65536.000000	11.090355	256.000000	256.000000	196608.000000	1.000000	0.000000	0.000000	0.000000	0.000000	0.000000	3.000000	3.304585	4.070608	4.506073	4.795218	5.341954	0.105815	0.331967	0.787205	1.000000	0.021807	0.036300	0.107338	0.240968	2.000000	10.000000	32.000000	117.000000	255.000000	0.000000	0.000000	0.031746	0.111111	0.000000	0.000000	0.000000	0.000000	16.000000	4.816480	11.000000	256.000000	12.188967	5.545177	5.545177	11.090355	11.090355	11.090355	11.090355
32be6616b7e3e301b8c237f76ef1d97feda01815384ff39f13469ecd54044245	photo	clic2025-native	/home/lilith/work/codec-corpus/clic2025/final-test/e0d8e29cadfc99663c7d1a4a5afe20c454ec54d0d873776ec397c59405c74790.png	medium	1024	680	1024	5099.821289	0.075198	0.052630	0.002583	0.002174	0.726287	0.256066	21.374535	0.372537	1.800087	1049.000000	0.032013	0.000440	0.000350	0.000000	0.002470	0.001810	1.000000	0.356753	3.958541	4.215074	0.609375	0.011029	0.000000	0.000000	0.000000	0.153512	0.302101	0.300862	0.000000	0.000000	80.000000	80.000000	0.000000	0.000000	1.000000	0.000000	8.000000	0.000000	0.354307	2.317730	1.147070	0.017612	0.000000	0.000000	1.000000	1.000000	0.089154	0.160876	14.352313	0.025735	0.030097	0.001007	0.000000	696320.000000	13.453565	680.000000	1024.000000	2088960.000000	0.664062	0.409379	0.000000	0.011765	0.035294	0.035294	3.000000	2.161368	3.182701	4.082794	4.344371	4.733855	0.025308	0.080123	0.244314	0.655583	0.014279	0.027331	0.045396	0.066280	2.000000	6.000000	24.000000	98.000000	255.000000	0.000000	0.000000	0.000000	0.031746	0.000000	0.000000	0.000000	0.000000	19.409391	5.842809	13.500000	834.457886	14.552176	6.522093	6.931472	13.453565	13.465261	13.488250	13.488250
19c10346e6fed9f7af6b1f956bc38cad9edaa99ecd3844cc9fa1389741caf840	screenshot	gb82-screens	/home/lilith/work/codec-corpus/gb82-sc/codec_wiki.png	tiny	64	64	42	952.862427	0.205159	0.302236	0.001846	0.003621	0.175000	0.025000	144.589798	0.055301	0.927170	143.000000	0.053199	0.001490	0.007070	0.000000	0.088840	1.292150	18.000000	0.207613	2.953369	17.450001	40.025002	0.150000	0.000000	0.000000	0.000000	0.494160	0.157143	0.464180	8.000000	1.000000	80.000000	80.000000	0.000000	0.000000	1.000000	0.000000	8.000000	0.000000	0.226190	3.656419	1.101441	0.023476	0.022077	0.000000	1.000000	1.000000	0.350000	0.001172	20.427612	0.125000	0.090079	0.051587	0.000000	2688.000000	7.896553	42.000000	64.000000	8064.000000	0.656250	0.421213	0.142857	0.142857	0.523810	0.523810	3.000000	3.938267	4.341924	4.534545	5.113864	5.118128	0.420341	0.734194	1.000000	1.000000	0.054519	0.183039	1.000000	1.000000	4.000000	27.000000	55.000000	105.000000	255.000000	0.000000	0.047619	0.079365	0.111111	0.000000	0.000000	0.015873	0.095238	11.392318	3.429429	8.000000	51.845924	8.995165	3.737670	4.158883	8.030084	8.030084	8.317766	8.317766
3422bc79dfbf5d8d6cc3b14b84f7edfc0b290d347949d42dde7c2b824c4e912b	mixed	kadid10k-distortion-set	/home/lilith/work/codec-corpus/kadid10k/I08.png	tiny	64	64	48	1725.906006	0.248227	0.197602	0.035080	0.017848	0.062500	0.000000	73.245277	0.128980	0.732193	909.000000	0.295898	0.074150	0.068760	2.000000	0.186690	0.123380	10.000000	0.245910	3.947775	32.770832	48.729168	0.000000	0.000000	0.000000	0.000000	0.426894	0.000000	0.781964	0.000000	0.000000	80.000000	80.000000	0.000000	0.000000	1.000000	0.000000	8.000000	0.000000	0.000326	4.145646	0.656968	0.361650	0.172439	0.000000	1.000000	1.000000	0.541667	0.032227	26.715305	0.000000	0.150794	0.062831	0.000000	3072.000000	8.030084	48.000000	64.000000	9216.000000	0.750000	0.287682	0.000000	0.000000	0.333333	0.333333	3.000000	4.289650	4.807237	4.936546	4.969867	5.166067	0.458684	1.000000	1.000000	1.000000	0.267689	0.603790	1.000000	1.000000	5.000000	24.000000	77.000000	191.000000	255.000000	0.015873	0.047619	0.095238	0.269841	0.015873	0.031746	0.063492	0.095238	11.584963	3.487421	8.000000	55.425625	9.128696	3.871201	4.158883	8.030084	8.030084	8.317766	8.317766
28d565117cff9242f93becf420081b1b117296719b2ff1a37e170e09640fe7cb	photo	clic2025-1024px-resized	/home/lilith/work/codec-corpus/clic2025-1024/28d24b9c83de066597ff96a68769884f.png	large	1024	1024	1024	3618.704834	0.038974	0.173369	0.002842	0.001837	0.727905	0.140869	70.218300	0.174688	1.665630	1709.000000	0.052155	0.000540	0.000480	0.000000	0.001970	0.001960	0.000000	0.092976	4.169629	4.708984	1.013672	0.000000	0.000000	0.000000	0.000000	0.092960	0.160993	0.499313	0.000000	0.000000	80.000000	80.000000	0.000000	0.000000	1.000000	0.000000	8.000000	0.000000	0.321518	2.402670	0.955361	0.025050	0.007257	0.000000	1.000000	1.000000	0.281250	0.326298	20.636572	0.001953	0.022352	0.001736	0.000000	1048576.000000	13.862944	1024.000000	1024.000000	3145728.000000	1.000000	0.000000	0.000000	0.000000	0.000000	0.000000	3.000000	2.159680	3.055707	3.764246	4.395724	5.050493	0.039451	0.087328	0.255289	0.585111	0.018108	0.028435	0.044779	0.071346	2.000000	4.000000	9.000000	63.000000	255.000000	0.000000	0.000000	0.000000	0.015873	0.000000	0.000000	0.000000	0.000000	20.000000	6.020600	14.000000	1024.000000	14.961555	6.931472	6.931472	13.862944	13.862944	13.862944	13.862944
3422bc79dfbf5d8d6cc3b14b84f7edfc0b290d347949d42dde7c2b824c4e912b	mixed	kadid10k-distortion-set	/home/lilith/work/codec-corpus/kadid10k/I08.png	small	256	256	192	1837.307617	0.098286	0.200805	0.012808	0.007872	0.516927	0.013021	74.344048	0.133177	1.211084	4000.000000	0.122070	0.011700	0.011560	3.000000	0.033510	0.030560	10.000000	0.120606	4.004364	14.808594	14.894531	0.015625	0.000000	0.000000	0.000000	0.166117	0.028274	0.782641	0.000000	0.000000	80.000000	80.000000	0.000000	0.000000	1.000000	0.000000	8.000000	0.000000	0.000671	3.206661	1.020534	0.076018	0.044032	0.000000	1.000000	1.000000	0.717448	0.031392	25.339827	0.126302	0.065456	0.025194	0.000000	49152.000000	10.802672	192.000000	256.000000	147456.000000	0.750000	0.287682	0.000000	0.000000	0.000000	0.000000	3.000000	3.035430	4.086488	4.724251	4.947358	5.239862	0.125602	0.264317	0.808514	1.000000	0.070070	0.130702	0.302159	0.761588	1.000000	5.000000	28.000000	114.000000	255.000000	0.000000	0.015873	0.031746	0.111111	0.000000	0.000000	0.015873	0.031746	15.584963	4.691541	11.000000	221.702499	11.901285	5.257495	5.545177	10.802672	10.802672	10.802672	10.802672
34bb0b11368c8c073b5129e760124d387bdf83428d8369e9a8d1b36772fb5edb	photo	CID22-512px	/home/lilith/work/codec-corpus/CID22/CID22-512/training/2504911.png	small	64	64	64	3894.220947	0.655833	0.077094	0.023877	0.020164	0.000000	0.000000	39.693977	0.348899	0.686796	587.000000	0.143311	0.027450	0.022790	0.000000	0.135160	0.107180	4.000000	0.208929	4.588507	64.812500	10.859375	0.000000	0.000000	0.000000	0.000000	0.422535	0.000000	0.967683	0.000000	0.000000	80.000000	80.000000	0.000000	0.000000	1.000000	0.000000	8.000000	0.000000	0.063721	4.766470	0.391932	0.843081	0.132987	0.000000	1.000000	1.000000	0.250000	0.786865	27.049635	0.000000	0.261905	0.026290	0.000000	4096.000000	8.317766	64.000000	64.000000	12288.000000	1.000000	0.000000	0.000000	0.000000	0.000000	0.000000	3.000000	4.780083	5.142303	5.242618	5.305027	5.510854	1.000000	1.000000	1.000000	1.000000	0.196338	0.261889	0.349297	0.460701	41.000000	76.000000	118.000000	223.000000	255.000000	0.142857	0.190476	0.269841	0.333333	0.000000	0.015873	0.031746	0.031746	12.000000	3.612360	8.500000	64.000000	9.416378	4.158883	4.158883	8.317766	8.317766	8.317766	8.317766
34bb0b11368c8c073b5129e760124d387bdf83428d8369e9a8d1b36772fb5edb	photo	CID22-512px	/home/lilith/work/codec-corpus/CID22/CID22-512/training/2504911.png	medium	256	256	256	4578.394043	0.485183	0.085308	0.018284	0.015353	0.016602	0.005859	42.414875	0.966242	0.966063	1417.000000	0.043243	0.019750	0.014420	1.000000	0.090910	0.069580	6.000000	0.201687	4.642169	45.498047	9.954102	0.000000	0.000000	0.000000	0.000000	0.422535	0.006696	0.976161	0.000000	0.000000	80.000000	80.000000	0.000000	0.000000	1.000000	0.000000	8.000000	0.000000	0.088608	4.508009	0.594954	0.532756	0.079484	0.000000	1.000000	1.000000	0.312500	0.735855	26.193020	0.005859	0.192693	0.020942	0.000000	65536.000000	11.090355	256.000000	256.000000	196608.000000	1.000000	0.000000	0.000000	0.000000	0.000000	0.000000	3.000000	4.590497	4.903371	5.123835	5.248772	5.402062	0.847131	1.000000	1.000000	1.000000	0.125452	0.221392	0.331861	0.461056	27.000000	57.000000	97.000000	214.000000	255.000000	0.079365	0.111111	0.174603	0.269841	0.000000	0.000000	0.015873	0.031746	16.000000	4.816480	11.000000	256.000000	12.188967	5.545177	5.545177	11.090355	11.090355	11.090355	11.090355
1da209a2eb8d1a3ef3a344d661ad2ce2ebd0c7874b1be1fe75ace1ddada68150	photo	clic2025-native	/home/lilith/work/codec-corpus/clic2025/final-test/50fe4c3d47d864858e1aaa60fecef5c453b4e18d2b368718eeb5c1e249e0c902.png	medium	1024	1024	648	3217.819336	0.464170	0.118154	0.020484	0.011389	0.024691	0.000868	44.959297	2.296000	0.867529	5536.000000	0.168945	0.022480	0.023740	2.000000	0.046760	0.045840	14.000000	0.111315	4.539514	49.778206	16.449373	0.000000	0.000000	0.000000	0.000000	0.422535	0.000992	0.952434	0.000000	0.000000	80.000000	80.000000	0.000000	0.000000	1.000000	0.000000	8.000000	0.000000	0.077988	4.561383	0.586699	0.525097	0.098875	0.000000	1.000000	1.000000	0.467695	0.463608	25.289299	0.000000	0.168373	0.028731	0.000000	663552.000000	13.405362	648.000000	1024.000000	1990656.000000	0.632812	0.457581	0.000000	0.012346	0.037037	0.086420	3.000000	4.679646	4.990230	5.191921	5.285312	5.421383	0.990146	1.000000	1.000000	1.000000	0.177986	0.307551	0.472034	0.679335	23.000000	51.000000	88.000000	173.000000	255.000000	0.063492	0.095238	0.158730	0.222222	0.000000	0.015873	0.031746	0.047619	19.339849	5.821875	13.500000	814.587036	14.503975	6.473891	6.931472	13.405362	13.417633	13.441730	13.488250
34bdd6e41b7250b7d79e5573a687a4cb27f2cc79b6c24424f31fbf0b7884b3a6	photo	CID22-512px	/home/lilith/work/codec-corpus/CID22/CID22-512/validation/3653963.png	small	64	64	64	3508.990723	0.417234	0.053800	0.007511	0.007550	0.000000	0.000000	22.294600	0.126850	0.634377	489.000000	0.119385	0.002750	0.004230	0.000000	0.016810	0.025820	1.000000	0.128899	4.565400	38.000000	5.796875	0.000000	0.000000	0.000000	0.000000	0.422535	0.000000	0.960986	0.000000	0.000000	80.000000	80.000000	0.000000	0.000000	1.000000	0.000000	8.000000	0.000000	0.084717	4.421699	0.493862	0.541780	0.041898	0.000000	1.000000	1.000000	0.359375	0.133301	19.406878	0.000000	0.158978	0.012153	0.000000	4096.000000	8.317766	64.000000	64.000000	12288.000000	1.000000	0.000000	0.000000	0.000000	0.000000	0.000000	3.000000	4.535688	4.827279	4.992074	5.038946	5.157267	0.750265	1.000000	1.000000	1.000000	0.068648	0.149016	0.222526	0.312205	21.000000	42.000000	72.000000	149.000000	250.000000	0.063492	0.095238	0.142857	0.222222	0.000000	0.000000	0.015873	0.015873	12.000000	3.612360	8.500000	64.000000	9.416378	4.158883	4.158883	8.317766	8.317766	8.317766	8.317766
29f637ce7934a542c116049d4e74f1885d88dc08f689d557d599aa95fc5049de	photo	clic2025-1024px-resized	/home/lilith/work/codec-corpus/clic2025-1024/097cb426910ba8ce2525dd8bb7fb1777.png	small	64	64	64	810.602905	0.129000	0.042568	0.006092	0.005233	0.484375	0.187500	15.424571	0.049559	1.028200	208.000000	0.050781	0.004270	0.002890	0.000000	0.021340	0.013100	1.000000	0.145097	3.035655	14.984375	3.000000	0.000000	0.000000	0.000000	0.000000	0.353851	0.214286	0.409405	8.000000	1.000000	80.000000	80.000000	0.000000	0.000000	1.000000	0.000000	8.000000	0.000000	0.091064	3.027499	1.292941	0.040464	0.010674	0.000000	1.000000	1.000000	0.546875	0.067139	22.969675	0.078125	0.069196	0.007440	0.000000	4096.000000	8.317766	64.000000	64.000000	12288.000000	1.000000	0.000000	0.000000	0.000000	0.000000	0.000000	3.000000	3.393573	4.111193	4.877364	4.925340	5.179927	0.070879	0.389272	0.885679	1.000000	0.018633	0.038223	0.076118	0.430829	1.000000	12.000000	36.000000	119.000000	255.000000	0.000000	0.000000	0.031746	0.111111	0.000000	0.000000	0.000000	0.000000	12.000000	3.612360	8.500000	64.000000	9.416378	4.158883	4.158883	8.317766	8.317766	8.317766	8.317766
19c10346e6fed9f7af6b1f956bc38cad9edaa99ecd3844cc9fa1389741caf840	screenshot	gb82-screens	/home/lilith/work/codec-corpus/gb82-sc/codec_wiki.png	small	256	256	166	1147.548340	0.112059	0.307566	0.001455	0.004011	0.587500	0.518750	146.427887	0.214439	1.142491	317.000000	0.009674	0.002500	0.005310	2.000000	0.194240	0.626210	79.000000	0.187231	2.744238	15.407812	28.028126	0.689062	0.000000	0.000000	0.000000	0.366263	1.000000	0.132019	0.000000	0.000000	80.000000	80.000000	0.000000	0.000000	1.000000	0.000000	8.000000	0.000000	0.275932	2.000305	2.131546	0.000000	0.000000	0.000000	1.000000	1.000000	0.201562	0.000684	28.180407	0.696875	0.058309	0.018651	0.000000	42496.000000	10.657166	166.000000	256.000000	127488.000000	0.648438	0.433190	0.012048	0.060241	0.156627	0.156627	3.000000	0.467975	4.433732	4.638618	4.841046	5.301515	0.000000	0.009255	1.000000	1.000000	0.000000	0.000000	0.078010	1.000000	0.000000	6.000000	41.000000	149.000000	255.000000	0.000000	0.000000	0.000000	0.079365	0.000000	0.000000	0.000000	0.000000	15.375039	4.628348	10.500000	206.145584	11.755777	5.111988	5.545177	10.669142	10.715661	10.802672	10.802672
34bdd6e41b7250b7d79e5573a687a4cb27f2cc79b6c24424f31fbf0b7884b3a6	photo	CID22-512px	/home/lilith/work/codec-corpus/CID22/CID22-512/validation/3653963.png	medium	256	256	256	3655.239014	0.211719	0.055359	0.006068	0.006859	0.105469	0.000000	22.820883	0.196779	0.999137	993.000000	0.030304	0.001980	0.002230	0.000000	0.016170	0.021670	2.000000	0.124980	4.587829	20.660156	2.464844	0.000000	0.000000	0.000000	0.000000	0.357834	0.000000	0.967487	0.000000	0.000000	80.000000	80.000000	0.000000	0.000000	1.000000	0.000000	8.000000	0.000000	0.083221	3.915983	0.616495	0.255169	0.031264	0.000000	1.000000	1.000000	0.508789	0.136261	13.608205	0.001953	0.094913	0.004929	0.000000	65536.000000	11.090355	256.000000	256.000000	196608.000000	1.000000	0.000000	0.000000	0.000000	0.000000	0.000000	3.000000	3.971107	4.393676	4.681839	4.839055	5.057102	0.410385	0.685424	1.000000	1.000000	0.048289	0.077792	0.133145	0.185982	9.000000	23.000000	45.000000	99.000000	255.000000	0.015873	0.047619	0.079365	0.126984	0.000000	0.000000	0.000000	0.000000	16.000000	4.816480	11.000000	256.000000	12.188967	5.545177	5.545177	11.090355	11.090355	11.090355	11.090355
1ddc0ccbb098c223efbd415045a3ab55409730673f343263aab7dd2fea81e2a4	photo	clic2025-1024px-resized	/home/lilith/work/codec-corpus/clic2025-1024/b939ac34faa94b5d0e753d570edc7048.png	small	64	64	64	3282.750732	0.523810	0.194164	0.029385	0.042226	0.015625	0.015625	79.275604	0.302306	0.580482	1580.000000	0.385742	0.054860	0.108030	4.000000	0.859270	1.401380	44.000000	0.219831	4.314438	60.140625	58.062500	0.000000	0.000000	0.000000	0.000000	0.422535	0.017857	0.869372	0.000000	0.000000	80.000000	80.000000	0.000000	0.000000	1.000000	0.000000	8.000000	0.000000	0.026855	4.645366	0.663059	0.582490	0.063157	0.000000	1.000000	1.000000	0.343750	0.169922	26.561995	0.000000	0.237103	0.080109	0.000000	4096.000000	8.317766	64.000000	64.000000	12288.000000	1.000000	0.000000	0.000000	0.000000	0.000000	0.000000	3.000000	4.894521	5.032249	5.144083	5.188941	5.317197	1.000000	1.000000	1.000000	1.000000	0.525925	0.843361	1.000000	1.000000	31.000000	67.000000	116.000000	215.000000	255.000000	0.031746	0.142857	0.269841	0.333333	0.000000	0.031746	0.079365	0.126984	12.000000	3.612360	8.500000	64.000000	9.416378	4.158883	4.158883	8.317766	8.317766	8.317766	8.317766
36b42129ddc9788b1e50d827b044fd27892ba0c40132c4444ecdb65c41d18cd3	photo	CID22-512px	/home/lilith/work/codec-corpus/CID22/CID22-512/training/258947.png	small	64	64	64	2524.460449	0.447972	0.097985	0.030007	0.023310	0.000000	0.000000	50.837563	0.300819	0.791328	507.000000	0.123779	0.050560	0.066050	1.000000	0.189350	0.285750	8.000000	0.259863	4.122289	50.015625	20.000000	0.000000	0.000000	0.000000	0.000000	0.422535	0.000000	0.832548	0.000000	0.000000	80.000000	80.000000	0.000000	0.000000	1.000000	0.000000	8.000000	0.000000	0.002686	4.453971	0.582296	0.583989	0.136314	0.000000	1.000000	1.000000	0.265625	0.837158	29.795624	0.000000	0.198165	0.039683	0.000000	4096.000000	8.317766	64.000000	64.000000	12288.000000	1.000000	0.000000	0.000000	0.000000	0.000000	0.000000	3.000000	4.465810	4.935753	5.317000	5.407104	5.517872	0.686415	1.000000	1.000000	1.000000	0.242422	0.374985	0.520091	0.670397	19.000000	55.000000	112.000000	255.000000	255.000000	0.063492	0.095238	0.190476	0.317460	0.000000	0.015873	0.047619	0.063492	12.000000	3.612360	8.500000	64.000000	9.416378	4.158883	4.158883	8.317766	8.317766	8.317766	8.317766
1ddc0ccbb098c223efbd415045a3ab55409730673f343263aab7dd2fea81e2a4	photo	clic2025-1024px-resized	/home/lilith/work/codec-corpus/clic2025-1024/b939ac34faa94b5d0e753d570edc7048.png	medium	256	256	256	3802.274414	0.302545	0.207287	0.017009	0.023775	0.225586	0.068359	83.825935	0.714565	0.826588	5357.000000	0.163483	0.031870	0.062950	6.000000	0.318910	0.512330	32.000000	0.178532	4.337542	37.524414	36.238281	0.045898	0.000000	0.000000	0.000000	0.422535	0.117467	0.812380	0.000000	0.000000	80.000000	80.000000	0.000000	0.000000	1.000000	0.000000	8.000000	0.000000	0.028290	3.942580	1.324184	0.084332	0.017104	0.000000	1.000000	1.000000	0.319336	0.156616	29.201546	0.043945	0.152189	0.051990	0.000000	65536.000000	11.090355	256.000000	256.000000	196608.000000	1.000000	0.000000	0.000000	0.000000	0.000000	0.000000	3.000000	4.453425	4.894409	5.118683	5.188100	5.345273	0.301610	1.000000	1.000000	1.000000	0.090282	0.449341	0.977038	1.000000	10.000000	41.000000	86.000000	200.000000	255.000000	0.000000	0.031746	0.142857	0.238095	0.000000	0.000000	0.047619	0.095238	16.000000	4.816480	11.000000	256.000000	12.188967	5.545177	5.545177	11.090355	11.090355	11.090355	11.090355
29f637ce7934a542c116049d4e74f1885d88dc08f689d557d599aa95fc5049de	photo	clic2025-1024px-resized	/home/lilith/work/codec-corpus/clic2025-1024/097cb426910ba8ce2525dd8bb7fb1777.png	medium	256	256	256	847.793396	0.048043	0.043392	0.002977	0.002583	0.679688	0.529297	15.697084	0.051933	1.484990	457.000000	0.013947	0.000910	0.000700	0.000000	0.004610	0.003330	1.000000	0.103130	3.032485	6.526367	1.424805	0.041016	0.000000	0.000000	0.000000	0.217469	0.606585	0.134295	0.000000	0.000000	80.000000	80.000000	0.000000	0.000000	1.000000	0.000000	8.000000	0.000000	0.083588	2.166188	1.366869	0.013670	0.005221	0.000000	1.000000	1.000000	0.230469	0.063278	17.380781	0.069336	0.030645	0.002728	0.000000	65536.000000	11.090355	256.000000	256.000000	196608.000000	1.000000	0.000000	0.000000	0.000000	0.000000	0.000000	3.000000	1.427073	3.436955	4.109287	4.532917	5.030279	0.023357	0.035320	0.399512	0.845906	0.011940	0.021515	0.039356	0.102133	1.000000	4.000000	14.000000	63.000000	255.000000	0.000000	0.000000	0.000000	0.047619	0.000000	0.000000	0.000000	0.000000	16.000000	4.816480	11.000000	256.000000	12.188967	5.545177	5.545177	11.090355	11.090355	11.090355	11.090355
36b42129ddc9788b1e50d827b044fd27892ba0c40132c4444ecdb65c41d18cd3	photo	CID22-512px	/home/lilith/work/codec-corpus/CID22/CID22-512/training/258947.png	medium	256	256	256	2857.215332	0.252503	0.105841	0.015449	0.011382	0.243164	0.000000	53.415993	0.440778	1.012971	1567.000000	0.047821	0.014720	0.021060	1.000000	0.051690	0.075660	11.000000	0.174747	4.215441	27.196289	14.019531	0.003906	0.000000	0.000000	0.000000	0.422535	0.003348	0.859548	0.000000	0.000000	80.000000	80.000000	0.000000	0.000000	1.000000	0.000000	8.000000	0.000000	0.004410	3.864159	0.950791	0.115849	0.042584	0.000000	1.000000	1.000000	0.353516	0.807159	25.761709	0.000000	0.119513	0.027747	0.000000	65536.000000	11.090355	256.000000	256.000000	196608.000000	1.000000	0.000000	0.000000	0.000000	0.000000	0.000000	3.000000	4.031953	4.673306	5.019598	5.167220	5.366185	0.266669	0.755780	1.000000	1.000000	0.068828	0.215630	0.454801	0.646896	8.000000	27.000000	63.000000	166.000000	255.000000	0.000000	0.031746	0.095238	0.190476	0.000000	0.000000	0.015873	0.047619	16.000000	4.816480	11.000000	256.000000	12.188967	5.545177	5.545177	11.090355	11.090355	11.090355	11.090355
1ddc0ccbb098c223efbd415045a3ab55409730673f343263aab7dd2fea81e2a4	photo	clic2025-1024px-resized	/home/lilith/work/codec-corpus/clic2025-1024/b939ac34faa94b5d0e753d570edc7048.png	large	1024	1024	1024	4028.625977	0.146607	0.210954	0.006733	0.008949	0.496216	0.195068	84.845345	0.959545	1.184180	10880.000000	0.332031	0.002510	0.004580	1.000000	0.027640	0.039730	7.000000	0.088805	4.328885	22.297852	15.144531	0.053711	0.000000	0.000000	0.000000	0.247786	0.268973	0.656841	0.000000	0.000000	80.000000	80.000000	0.000000	0.000000	1.000000	0.000000	8.000000	0.000000	0.026872	3.016373	1.584316	0.019532	0.000000	0.000000	1.000000	1.000000	0.484375	0.155228	26.739346	0.106445	0.072467	0.022430	0.000000	1048576.000000	13.862944	1024.000000	1024.000000	3145728.000000	1.000000	0.000000	0.000000	0.000000	0.000000	0.000000	3.000000	2.958556	4.503525	5.071333	5.280913	5.425846	0.050986	0.228242	1.000000	1.000000	0.022477	0.094451	0.457728	0.819268	1.000000	11.000000	44.000000	131.000000	255.000000	0.000000	0.000000	0.015873	0.111111	0.000000	0.000000	0.000000	0.031746	20.000000	6.020600	14.000000	1024.000000	14.961555	6.931472	6.931472	13.862944	13.862944	13.862944	13.862944
1eb0ef148019319318928284f5fee03fcb050ea25ab0aba4f6bc2cce63e09036	mixed	kadid10k-distortion-set	/home/lilith/work/codec-corpus/kadid10k/I56.png	tiny	64	64	48	657.570618	0.261398	0.108992	0.025397	0.017596	0.000000	0.000000	57.804958	0.081612	0.679727	741.000000	0.241211	0.039850	0.054310	2.000000	0.171570	0.186220	18.000000	0.270795	3.495438	18.833334	24.104166	0.000000	0.000000	0.000000	0.000000	0.493600	0.000000	0.652174	0.000000	0.000000	80.000000	80.000000	0.000000	0.000000	1.000000	0.000000	8.000000	0.000000	0.001302	4.114365	0.377088	0.474924	0.143031	0.000000	1.000000	1.000000	0.354167	0.067383	17.202505	0.000000	0.145503	0.042989	0.000000	3072.000000	8.030084	48.000000	64.000000	9216.000000	0.750000	0.287682	0.000000	0.000000	0.333333	0.333333	3.000000	4.169141	4.417670	4.580765	4.656561	4.839796	0.603271	0.891459	1.000000	1.000000	0.191021	0.282806	0.655740	1.000000	13.000000	27.000000	61.000000	137.000000	255.000000	0.063492	0.095238	0.126984	0.190476	0.000000	0.015873	0.031746	0.079365	11.584963	3.487421	8.000000	55.425625	9.128696	3.871201	4.158883	8.030084	8.030084	8.317766	8.317766
29f637ce7934a542c116049d4e74f1885d88dc08f689d557d599aa95fc5049de	photo	clic2025-1024px-resized	/home/lilith/work/codec-corpus/clic2025-1024/097cb426910ba8ce2525dd8bb7fb1777.png	large	1024	1024	1024	854.043274	0.016263	0.043439	0.001575	0.001480	0.798584	0.595703	15.716163	0.101150	2.052464	949.000000	0.028961	0.000190	0.000190	0.000000	0.001200	0.001110	0.000000	0.182079	3.036953	2.202148	0.290039	0.005859	0.000000	0.000000	0.000000	0.327481	0.576451	0.073796	0.000000	0.000000	80.000000	80.000000	0.000000	0.000000	1.000000	0.000000	8.000000	0.000000	0.069452	1.892191	1.063154	0.011544	0.000000	0.000000	1.000000	1.000000	0.089844	0.062576	13.129968	0.019531	0.012323	0.000605	0.000000	1048576.000000	13.862944	1024.000000	1024.000000	3145728.000000	1.000000	0.000000	0.000000	0.000000	0.000000	0.000000	3.000000	1.370779	2.919004	3.518446	3.876809	4.320167	0.017228	0.024606	0.171405	0.410686	0.003329	0.020945	0.032580	0.052027	2.000000	4.000000	13.000000	41.000000	255.000000	0.000000	0.000000	0.000000	0.015873	0.000000	0.000000	0.000000	0.000000	20.000000	6.020600	14.000000	1024.000000	14.961555	6.931472	6.931472	13.862944	13.862944	13.862944	13.862944
1eb0ef148019319318928284f5fee03fcb050ea25ab0aba4f6bc2cce63e09036	mixed	kadid10k-distortion-set	/home/lilith/work/codec-corpus/kadid10k/I56.png	small	256	256	192	778.140381	0.116826	0.112449	0.009869	0.006820	0.276042	0.000000	58.879253	0.182965	1.228410	2686.000000	0.081970	0.004020	0.008300	1.000000	0.014730	0.023680	7.000000	0.211288	3.575816	14.115886	10.945312	0.000000	0.000000	0.000000	0.000000	0.257196	0.000000	0.674150	0.000000	0.000000	80.000000	80.000000	0.000000	0.000000	1.000000	0.000000	8.000000	0.000000	0.001119	3.544468	0.676254	0.185909	0.054790	0.000000	1.000000	1.000000	0.696615	0.066243	21.987320	0.005208	0.073681	0.019531	0.000000	49152.000000	10.802672	192.000000	256.000000	147456.000000	0.750000	0.287682	0.000000	0.000000	0.000000	0.000000	3.000000	3.405856	4.072835	4.600444	4.770295	5.081660	0.255565	0.400769	0.770907	1.000000	0.076686	0.116446	0.201817	0.595105	3.000000	8.000000	35.000000	129.000000	255.000000	0.015873	0.031746	0.047619	0.095238	0.000000	0.000000	0.015873	0.031746	15.584963	4.691541	11.000000	221.702499	11.901285	5.257495	5.545177	10.802672	10.802672	10.802672	10.802672
36f36e711d23b81923711510a46027a8e263b2e08828f24cc7cffaebeea81cb5	photo	gb82-photos	/home/lilith/work/codec-corpus/gb82/mies-lossless.png	small	64	64	64	3968.617920	0.646762	0.092387	0.025665	0.011836	0.000000	0.000000	34.182575	0.761114	0.560898	745.000000	0.181885	0.038190	0.038550	1.000000	0.046580	0.048140	1.000000	0.454552	4.492778	74.312500	9.859375	0.000000	0.000000	0.000000	0.000000	0.422535	0.000000	0.939936	0.000000	0.000000	80.000000	80.000000	0.000000	0.000000	1.000000	0.000000	8.000000	0.000000	0.072998	4.875223	0.382116	1.000000	0.159412	0.000000	1.000000	1.000000	0.093750	0.440430	39.769585	0.000000	0.321925	0.021577	0.000000	4096.000000	8.317766	64.000000	64.000000	12288.000000	1.000000	0.000000	0.000000	0.000000	0.000000	0.000000	3.000000	4.955738	5.173252	5.246423	5.341022	5.419835	1.000000	1.000000	1.000000	1.000000	0.205309	0.248927	0.358714	0.415444	49.000000	111.000000	188.000000	255.000000	255.000000	0.158730	0.253968	0.317460	0.412698	0.000000	0.015873	0.015873	0.031746	12.000000	3.612360	8.500000	64.000000	9.416378	4.158883	4.158883	8.317766	8.317766	8.317766	8.317766
1f123b591c48962c292ced397abdbf6f73859d204d93ede0ee76a16ee2d0bea3	photo	CID22-512px	/home/lilith/work/codec-corpus/CID22/CID22-512/validation/2887497.png	small	64	64	64	2501.529541	0.103553	0.036690	0.002038	0.001904	0.359375	0.046875	20.959057	0.025290	0.770102	97.000000	0.023682	0.000230	0.000560	0.000000	0.001340	0.003980	0.000000	0.266725	3.977873	9.531250	0.312500	0.000000	0.000000	0.000000	0.000000	0.267495	0.053571	0.539452	8.000000	1.000000	80.000000	80.000000	0.000000	0.000000	1.000000	0.000000	8.000000	0.000000	0.000000	3.193419	0.821886	0.053191	0.021049	0.000000	1.000000	1.000000	0.500000	0.000000	8.421654	0.156250	0.044891	0.000000	0.000000	4096.000000	8.317766	64.000000	64.000000	12288.000000	1.000000	0.000000	0.000000	0.000000	0.000000	0.000000	3.000000	3.254000	3.834850	4.208955	4.302391	4.393951	0.213505	0.316764	0.496406	0.894723	0.029781	0.042969	0.051973	0.069938	2.000000	11.000000	34.000000	76.000000	122.000000	0.000000	0.015873	0.015873	0.079365	0.000000	0.000000	0.000000	0.000000	12.000000	3.612360	8.500000	64.000000	9.416378	4.158883	4.158883	8.317766	8.317766	8.317766	8.317766
2a1d70b387662023765bd19ad16c93a18547798b5add9c6935498eb91dfa2245	mixed	kadid10k-distortion-set	/home/lilith/work/codec-corpus/kadid10k/I01.png	tiny	64	64	48	2500.725586	0.290105	0.091218	0.016796	0.009309	0.062500	0.000000	48.161449	0.136680	0.840922	512.000000	0.166667	0.014830	0.035960	1.000000	0.036210	0.068210	2.000000	0.177886	4.279444	37.687500	12.812500	0.000000	0.000000	0.000000	0.000000	0.422535	0.000000	0.878100	0.000000	0.000000	80.000000	80.000000	0.000000	0.000000	1.000000	0.000000	8.000000	0.000000	0.010417	4.210707	0.662351	0.325438	0.109744	0.000000	1.000000	1.000000	0.375000	0.000000	29.119055	0.000000	0.147487	0.024140	0.000000	3072.000000	8.030084	48.000000	64.000000	9216.000000	0.750000	0.287682	0.000000	0.000000	0.333333	0.333333	3.000000	4.270411	4.684939	5.121372	5.173354	5.391916	0.557154	1.000000	1.000000	1.000000	0.169821	0.272141	0.431025	0.501850	13.000000	32.000000	76.000000	190.000000	255.000000	0.031746	0.063492	0.111111	0.238095	0.000000	0.015873	0.015873	0.031746	11.584963	3.487421	8.000000	55.425625	9.128696	3.871201	4.158883	8.030084	8.030084	8.317766	8.317766
36f36e711d23b81923711510a46027a8e263b2e08828f24cc7cffaebeea81cb5	photo	gb82-photos	/home/lilith/work/codec-corpus/gb82/mies-lossless.png	medium	256	256	256	5534.859375	0.592218	0.101194	0.032943	0.015396	0.014648	0.000000	36.832455	2.129035	0.711843	2025.000000	0.061798	0.055910	0.017430	2.000000	0.078180	0.025480	4.000000	0.202987	4.426081	73.736328	11.708008	0.000000	0.000000	0.000000	0.000000	0.422535	0.000000	0.920603	0.000000	0.000000	80.000000	80.000000	0.000000	0.000000	1.000000	0.000000	8.000000	0.000000	0.080246	4.821513	0.585393	0.672285	0.112640	0.000000	1.000000	1.000000	0.194336	0.405075	36.829025	0.000000	0.247117	0.023050	0.000000	65536.000000	11.090355	256.000000	256.000000	196608.000000	1.000000	0.000000	0.000000	0.000000	0.000000	0.000000	3.000000	4.949968	5.254188	5.411509	5.495342	5.595166	1.000000	1.000000	1.000000	1.000000	0.163157	0.255931	0.405922	0.553864	44.000000	97.000000	156.000000	255.000000	255.000000	0.095238	0.174603	0.269841	0.333333	0.000000	0.000000	0.015873	0.031746	16.000000	4.816480	11.000000	256.000000	12.188967	5.545177	5.545177	11.090355	11.090355	11.090355	11.090355
1f123b591c48962c292ced397abdbf6f73859d204d93ede0ee76a16ee2d0bea3	photo	CID22-512px	/home/lilith/work/codec-corpus/CID22/CID22-512/validation/2887497.png	medium	256	256	256	2612.880371	0.144129	0.037627	0.002477	0.002383	0.624023	0.262695	21.262144	0.166375	1.071920	285.000000	0.008698	0.000360	0.002870	0.000000	0.002270	0.010160	0.000000	0.389941	4.032187	7.101562	0.433594	0.017578	0.000000	0.000000	0.000000	0.255428	0.315290	0.316703	0.000000	0.000000	80.000000	80.000000	0.000000	0.000000	1.000000	0.000000	8.000000	0.000000	0.000015	2.671387	1.226476	0.026731	0.005004	0.000000	1.000000	1.000000	0.271484	0.000000	13.857000	0.114258	0.049092	0.000140	0.000000	65536.000000	11.090355	256.000000	256.000000	196608.000000	1.000000	0.000000	0.000000	0.000000	0.000000	0.000000	3.000000	2.406940	3.866214	4.410936	4.522871	4.726440	0.056938	0.117852	0.523250	1.000000	0.016015	0.026915	0.057728	0.082621	2.000000	14.000000	42.000000	100.000000	212.000000	0.000000	0.000000	0.015873	0.095238	0.000000	0.000000	0.000000	0.000000	16.000000	4.816480	11.000000	256.000000	12.188967	5.545177	5.545177	11.090355	11.090355	11.090355	11.090355
2a1d70b387662023765bd19ad16c93a18547798b5add9c6935498eb91dfa2245	mixed	kadid10k-distortion-set	/home/lilith/work/codec-corpus/kadid10k/I01.png	small	256	256	192	2712.705078	0.124792	0.094568	0.008298	0.005009	0.296875	0.000000	49.227329	0.258495	1.135301	1206.000000	0.036804	0.003590	0.009120	1.000000	0.010550	0.020640	5.000000	0.191581	4.353083	19.145834	6.627604	0.000000	0.000000	0.000000	0.000000	0.210916	0.000000	0.899444	0.000000	0.000000	80.000000	80.000000	0.000000	0.000000	1.000000	0.000000	8.000000	0.000000	0.011027	3.573235	0.870478	0.119945	0.040652	0.000000	1.000000	1.000000	0.470052	0.000448	31.559778	0.000000	0.088707	0.014426	0.000000	49152.000000	10.802672	192.000000	256.000000	147456.000000	0.750000	0.287682	0.000000	0.000000	0.000000	0.000000	3.000000	3.531790	4.166933	4.862777	5.112679	5.344537	0.227928	0.443770	0.879549	1.000000	0.070119	0.121480	0.221065	0.452663	4.000000	13.000000	39.000000	154.000000	255.000000	0.000000	0.015873	0.047619	0.126984	0.000000	0.000000	0.000000	0.015873	15.584963	4.691541	11.000000	221.702499	11.901285	5.257495	5.545177	10.802672	10.802672	10.802672	10.802672
3718d228fbc85a2bc6040b83358b51b67ca68e3521337bf18e2e1b43c7c30c72	photo	gb82-photos	/home/lilith/work/codec-corpus/gb82/flowers-lossless.png	small	64	64	64	1956.343994	0.530864	0.111114	0.044259	0.020017	0.000000	0.000000	35.268112	0.238359	0.648165	984.000000	0.240234	0.165360	0.159530	9.000000	0.142120	0.137230	5.000000	0.340256	3.995340	32.890625	19.625000	0.000000	0.000000	0.000000	0.000000	0.423192	0.000000	0.795751	0.000000	0.000000	80.000000	80.000000	0.000000	0.000000	1.000000	0.000000	8.000000	0.000000	0.016113	4.370388	0.497772	0.360754	0.110047	0.000000	1.000000	1.000000	0.031250	0.041748	19.359129	0.000000	0.200645	0.041171	0.000000	4096.000000	8.317766	64.000000	64.000000	12288.000000	1.000000	0.000000	0.000000	0.000000	0.000000	0.000000	3.000000	4.533752	4.793996	4.915900	4.972587	5.123881	0.595471	1.000000	1.000000	1.000000	0.160820	0.324018	0.576223	0.658615	32.000000	64.000000	105.000000	177.000000	255.000000	0.047619	0.126984	0.222222	0.285714	0.000000	0.015873	0.031746	0.063492	12.000000	3.612360	8.500000	64.000000	9.416378	4.158883	4.158883	8.317766	8.317766	8.317766	8.317766
2a38e71750c0fe268d630871cb6a237a58c0d65ef31c9201753773459a83460f	photo	CID22-512px	/home/lilith/work/codec-corpus/CID22/CID22-512/validation/6292444.png	small	64	64	64	3670.459961	0.401361	0.164179	0.024289	0.030279	0.171875	0.000000	62.465008	0.203767	0.748070	808.000000	0.197266	0.039470	0.027620	2.000000	0.472150	0.307810	33.000000	0.234579	4.234427	38.500000	35.718750	0.000000	0.000000	0.000000	0.000000	0.422535	0.000000	0.865051	0.000000	0.000000	80.000000	80.000000	0.000000	0.000000	1.000000	0.000000	8.000000	0.000000	0.059082	4.153823	1.018206	0.075004	0.047749	0.000000	1.000000	1.000000	0.156250	0.329590	26.314915	0.000000	0.189732	0.050347	0.000000	4096.000000	8.317766	64.000000	64.000000	12288.000000	1.000000	0.000000	0.000000	0.000000	0.000000	0.000000	3.000000	4.464172	4.823609	5.088918	5.191389	5.327838	0.865376	1.000000	1.000000	1.000000	0.152572	0.326071	1.000000	1.000000	19.000000	48.000000	90.000000	197.000000	255.000000	0.000000	0.095238	0.206349	0.285714	0.000000	0.000000	0.031746	0.095238	12.000000	3.612360	8.500000	64.000000	9.416378	4.158883	4.158883	8.317766	8.317766	8.317766	8.317766
3718d228fbc85a2bc6040b83358b51b67ca68e3521337bf18e2e1b43c7c30c72	photo	gb82-photos	/home/lilith/work/codec-corpus/gb82/flowers-lossless.png	medium	256	256	256	2327.820068	0.411780	0.123480	0.027553	0.012573	0.049805	0.000000	38.924931	0.760702	0.827110	3270.000000	0.099792	0.043900	0.040950	4.000000	0.041650	0.038240	3.000000	0.339342	4.139366	29.536133	18.344727	0.000000	0.000000	0.000000	0.000000	0.422535	0.000000	0.837497	0.000000	0.000000	80.000000	80.000000	0.000000	0.000000	1.000000	0.000000	8.000000	0.000000	0.018311	4.209981	0.597375	0.368151	0.080665	0.000000	1.000000	1.000000	0.074219	0.046570	21.389950	0.000000	0.173611	0.038814	0.000000	65536.000000	11.090355	256.000000	256.000000	196608.000000	1.000000	0.000000	0.000000	0.000000	0.000000	0.000000	3.000000	4.252121	4.659563	4.918590	5.018043	5.197598	0.575762	0.924362	1.000000	1.000000	0.132274	0.212925	0.616933	0.881535	22.000000	50.000000	87.000000	189.000000	255.000000	0.047619	0.095238	0.158730	0.238095	0.000000	0.000000	0.031746	0.063492	16.000000	4.816480	11.000000	256.000000	12.188967	5.545177	5.545177	11.090355	11.090355	11.090355	11.090355
371c77a6905254258a38d0158331bf77dbc9ff47d21ecebec3db8909a907bc4b	mixed	kadid10k-distortion-set	/home/lilith/work/codec-corpus/kadid10k/I51.png	tiny	64	64	48	2252.497070	0.510638	0.165421	0.028484	0.024419	0.020833	0.000000	64.138802	0.266468	0.667664	852.000000	0.277344	0.052840	0.103370	7.000000	0.296630	0.557280	37.000000	0.320799	4.360147	48.333332	29.166666	0.000000	0.000000	0.000000	0.000000	0.422535	0.000000	0.901492	0.000000	0.000000	80.000000	80.000000	0.000000	0.000000	1.000000	0.000000	8.000000	0.000000	0.041992	4.491396	0.618102	0.353773	0.109754	0.000000	1.000000	1.000000	0.270833	0.163086	25.447601	0.041667	0.229167	0.070767	0.000000	3072.000000	8.030084	48.000000	64.000000	9216.000000	0.750000	0.287682	0.000000	0.000000	0.333333	0.333333	3.000000	4.762879	4.894409	5.042442	5.116200	5.308011	0.924281	1.000000	1.000000	1.000000	0.315023	0.587384	0.737908	1.000000	26.000000	70.000000	117.000000	227.000000	255.000000	0.031746	0.142857	0.253968	0.317460	0.015873	0.047619	0.063492	0.095238	11.584963	3.487421	8.000000	55.425625	9.128696	3.871201	4.158883	8.030084	8.030084	8.317766	8.317766
2a38e71750c0fe268d630871cb6a237a58c0d65ef31c9201753773459a83460f	photo	CID22-512px	/home/lilith/work/codec-corpus/CID22/CID22-512/validation/6292444.png	medium	256	256	256	3916.141846	0.196770	0.169158	0.011141	0.015192	0.313477	0.152344	64.264824	0.236399	1.177286	2233.000000	0.068146	0.012820	0.008080	2.000000	0.185500	0.107690	27.000000	0.112816	4.220638	22.551758	16.073242	0.008789	0.000000	0.000000	0.000000	0.332570	0.181641	0.677064	0.000000	0.000000	80.000000	80.000000	0.000000	0.000000	1.000000	0.000000	8.000000	0.000000	0.049698	3.432907	1.394163	0.024752	0.016781	0.000000	1.000000	1.000000	0.468750	0.334595	22.324308	0.015625	0.098493	0.023810	0.000000	65536.000000	11.090355	256.000000	256.000000	196608.000000	1.000000	0.000000	0.000000	0.000000	0.000000	0.000000	3.000000	3.912458	4.547405	4.906102	5.059597	5.282820	0.120324	0.683717	1.000000	1.000000	0.039663	0.138931	0.380666	0.857317	5.000000	19.000000	44.000000	123.000000	255.000000	0.000000	0.000000	0.079365	0.158730	0.000000	0.000000	0.000000	0.031746	16.000000	4.816480	11.000000	256.000000	12.188967	5.545177	5.545177	11.090355	11.090355	11.090355	11.090355
371c77a6905254258a38d0158331bf77dbc9ff47d21ecebec3db8909a907bc4b	mixed	kadid10k-distortion-set	/home/lilith/work/codec-corpus/kadid10k/I51.png	small	256	256	192	2681.960205	0.279478	0.169949	0.012631	0.010323	0.308594	0.020833	65.672104	0.610533	1.095522	2850.000000	0.086975	0.010610	0.015780	4.000000	0.045780	0.082550	15.000000	0.220992	4.447930	33.082031	17.005209	0.007812	0.000000	0.000000	0.000000	0.422535	0.030506	0.901775	0.000000	0.000000	80.000000	80.000000	0.000000	0.000000	1.000000	0.000000	8.000000	0.000000	0.052307	3.773643	1.223878	0.066297	0.023225	0.000000	1.000000	1.000000	0.373698	0.145203	28.260891	0.000000	0.141865	0.028873	0.000000	49152.000000	10.802672	192.000000	256.000000	147456.000000	0.750000	0.287682	0.000000	0.000000	0.000000	0.000000	3.000000	4.228117	4.828612	5.040475	5.135301	5.315729	0.135098	0.915276	1.000000	1.000000	0.049273	0.193337	0.458711	0.757832	6.000000	35.000000	87.000000	199.000000	255.000000	0.000000	0.015873	0.126984	0.253968	0.000000	0.000000	0.015873	0.047619	15.584963	4.691541	11.000000	221.702499	11.901285	5.257495	5.545177	10.802672	10.802672	10.802672	10.802672
379b6af06e385904189cb7a0876209266b3ee117bc8e5a5f896f1ee349781c1a	mixed	kadid10k-distortion-set	/home/lilith/work/codec-corpus/kadid10k/I06.png	tiny	64	64	48	1043.574463	0.149274	0.191829	0.009688	0.006848	0.333333	0.000000	60.746357	0.042313	0.832327	396.000000	0.128906	0.004510	0.028410	0.000000	0.013390	0.071200	1.000000	0.154930	3.339724	15.041667	16.750000	0.000000	0.000000	0.000000	0.000000	0.345291	0.000000	0.652174	0.000000	0.000000	80.000000	80.000000	0.000000	0.000000	1.000000	0.000000	8.000000	0.000000	0.009766	3.657717	0.776572	0.115797	0.033719	0.000000	1.000000	1.000000	0.187500	0.559245	21.731136	0.000000	0.077712	0.019841	0.000000	3072.000000	8.030084	48.000000	64.000000	9216.000000	0.750000	0.287682	0.000000	0.000000	0.333333	0.333333	3.000000	3.689658	4.288360	4.682995	4.861626	4.972024	0.158487	0.461976	0.997082	1.000000	0.046591	0.202939	0.540273	1.000000	9.000000	19.000000	38.000000	109.000000	243.000000	0.000000	0.015873	0.079365	0.111111	0.000000	0.000000	0.015873	0.031746	11.584963	3.487421	8.000000	55.425625	9.128696	3.871201	4.158883	8.030084	8.030084	8.317766	8.317766
2a852da05751d574d41f1c7624b11fe8d9cd86ccf45b4facd2e5f85e990924ec	photo	CID22-512px	/home/lilith/work/codec-corpus/CID22/CID22-512/training/1147124.png	small	64	64	64	601.020386	0.551776	0.053449	0.017487	0.027277	0.000000	0.000000	64.959198	0.211974	0.506767	341.000000	0.083252	0.017720	0.024100	0.000000	0.197410	0.296540	4.000000	0.632023	3.234586	20.453125	11.046875	0.000000	0.000000	0.000000	0.000000	0.530340	0.000000	0.652174	0.000000	0.000000	80.000000	80.000000	0.000000	0.000000	1.000000	0.000000	8.000000	0.000000	0.000000	4.324697	0.200180	0.580157	0.216059	0.000000	1.000000	1.000000	0.000000	0.000000	15.221857	0.000000	0.206845	0.031994	0.000000	4096.000000	8.317766	64.000000	64.000000	12288.000000	1.000000	0.000000	0.000000	0.000000	0.000000	0.000000	3.000000	4.333611	4.462952	4.610884	4.651408	4.713196	0.740929	0.905290	1.000000	1.000000	0.258786	0.311250	0.358530	0.432729	33.000000	63.000000	94.000000	161.000000	237.000000	0.142857	0.174603	0.206349	0.238095	0.015873	0.015873	0.031746	0.047619	12.000000	3.612360	8.500000	64.000000	9.416378	4.158883	4.158883	8.317766	8.317766	8.317766	8.317766
379b6af06e385904189cb7a0876209266b3ee117bc8e5a5f896f1ee349781c1a	mixed	kadid10k-distortion-set	/home/lilith/work/codec-corpus/kadid10k/I06.png	small	256	256	192	1124.533203	0.088266	0.192469	0.007122	0.005397	0.270833	0.000000	60.961685	0.122549	1.408917	1100.000000	0.033569	0.002700	0.004760	0.000000	0.010350	0.013910	1.000000	0.177276	3.548602	10.169271	7.055990	0.000000	0.000000	0.000000	0.000000	0.212759	0.000000	0.666261	0.000000	0.000000	80.000000	80.000000	0.000000	0.000000	1.000000	0.000000	8.000000	0.000000	0.008443	3.391997	0.672711	0.124473	0.049769	0.000000	1.000000	1.000000	0.432292	0.553955	21.587954	0.000000	0.044374	0.009528	0.000000	49152.000000	10.802672	192.000000	256.000000	147456.000000	0.750000	0.287682	0.000000	0.000000	0.000000	0.000000	3.000000	3.430234	3.713863	4.231013	4.670459	5.167321	0.218125	0.316432	0.470405	1.000000	0.075828	0.116064	0.220647	0.434408	5.000000	13.000000	34.000000	95.000000	255.000000	0.000000	0.015873	0.031746	0.047619	0.000000	0.000000	0.000000	0.015873	15.584963	4.691541	11.000000	221.702499	11.901285	5.257495	5.545177	10.802672	10.802672	10.802672	10.802672
37c03986c6efb7198ad1a327d70de9dff2c2a4c31d948638387f722768ab279e	mixed	kadid10k-distortion-set	/home/lilith/work/codec-corpus/kadid10k/I68.png	tiny	64	64	48	2830.357422	0.285377	0.189369	0.024673	0.016699	0.187500	0.000000	84.321106	0.111924	0.725289	808.000000	0.263021	0.068750	0.089590	5.000000	0.142470	0.348340	10.000000	0.167957	4.055089	30.208334	35.812500	0.000000	0.000000	0.000000	0.000000	0.422535	0.000000	0.813069	0.000000	0.000000	80.000000	80.000000	0.000000	0.000000	1.000000	0.000000	8.000000	0.000000	0.009440	3.988632	0.842654	0.180179	0.103791	0.000000	1.000000	1.000000	0.312500	0.047852	23.415298	0.000000	0.110780	0.052249	0.000000	3072.000000	8.030084	48.000000	64.000000	9216.000000	0.750000	0.287682	0.000000	0.000000	0.333333	0.333333	3.000000	3.985252	4.743371	5.062613	5.107608	5.190287	0.275983	0.669059	1.000000	1.000000	0.168870	0.467630	0.800832	1.000000	12.000000	37.000000	71.000000	154.000000	255.000000	0.015873	0.015873	0.095238	0.174603	0.015873	0.015873	0.031746	0.095238	11.584963	3.487421	8.000000	55.425625	9.128696	3.871201	4.158883	8.030084	8.030084	8.317766	8.317766
2a852da05751d574d41f1c7624b11fe8d9cd86ccf45b4facd2e5f85e990924ec	photo	CID22-512px	/home/lilith/work/codec-corpus/CID22/CID22-512/training/1147124.png	medium	256	256	256	952.995422	0.346190	0.069847	0.018257	0.018399	0.092773	0.000977	70.041000	0.570858	0.772153	1424.000000	0.043457	0.027880	0.049430	4.000000	0.116330	0.210550	11.000000	0.302865	3.360650	25.918945	13.994141	0.000000	0.000000	0.000000	0.000000	0.512585	0.001116	0.650994	0.000000	0.000000	80.000000	80.000000	0.000000	0.000000	1.000000	0.000000	8.000000	0.000000	0.000000	4.167841	0.662358	0.281809	0.158655	0.000000	1.000000	1.000000	0.176758	0.000000	19.137299	0.000000	0.162869	0.034490	0.000000	65536.000000	11.090355	256.000000	256.000000	196608.000000	1.000000	0.000000	0.000000	0.000000	0.000000	0.000000	3.000000	4.373772	4.634789	4.778939	4.846733	4.977071	0.633020	1.000000	1.000000	1.000000	0.236938	0.329825	0.424983	0.532125	13.000000	42.000000	79.000000	164.000000	255.000000	0.031746	0.095238	0.174603	0.222222	0.000000	0.015873	0.031746	0.047619	16.000000	4.816480	11.000000	256.000000	12.188967	5.545177	5.545177	11.090355	11.090355	11.090355	11.090355
37c03986c6efb7198ad1a327d70de9dff2c2a4c31d948638387f722768ab279e	mixed	kadid10k-distortion-set	/home/lilith/work/codec-corpus/kadid10k/I68.png	small	256	256	192	3084.140381	0.301489	0.195042	0.017405	0.011529	0.317708	0.053385	86.145905	0.488329	1.180061	3821.000000	0.116608	0.027010	0.037820	7.000000	0.053230	0.103780	9.000000	0.358306	4.181768	17.769531	16.338541	0.005208	0.000000	0.000000	0.000000	0.422535	0.065476	0.785313	0.000000	0.000000	80.000000	80.000000	0.000000	0.000000	1.000000	0.000000	8.000000	0.000000	0.009257	3.486184	1.197869	0.046886	0.032143	0.000000	1.000000	1.000000	0.243490	0.044434	21.030474	0.000000	0.110760	0.027695	0.000000	49152.000000	10.802672	192.000000	256.000000	147456.000000	0.750000	0.287682	0.000000	0.000000	0.000000	0.000000	3.000000	3.958521	4.408431	4.711574	4.884626	5.314457	0.083795	0.528809	0.996344	1.000000	0.058040	0.205740	0.363244	0.643448	9.000000	38.000000	76.000000	171.000000	255.000000	0.000000	0.000000	0.095238	0.206349	0.000000	0.000000	0.015873	0.031746	15.584963	4.691541	11.000000	221.702499	11.901285	5.257495	5.545177	10.802672	10.802672	10.802672	10.802672
19c10346e6fed9f7af6b1f956bc38cad9edaa99ecd3844cc9fa1389741caf840	screenshot	gb82-screens	/home/lilith/work/codec-corpus/gb82-sc/codec_wiki.png	medium	1024	1024	666	1311.239014	0.048920	0.307849	0.000920	0.002077	0.830855	0.798946	145.619110	1.183089	1.589313	722.000000	0.022034	0.001290	0.001190	3.000000	0.071930	0.113480	66.000000	0.357159	2.503693	10.925682	7.963311	0.861712	0.000000	0.000000	0.000000	0.462677	1.000000	0.072397	0.000000	0.000000	80.000000	80.000000	0.000000	0.000000	1.000000	0.000000	8.000000	0.000000	0.301874	0.861358	1.758119	0.000000	0.000000	0.000000	1.000000	1.000000	0.082785	0.000182	52.609955	0.867357	0.036644	0.005659	0.000000	681984.000000	13.432761	666.000000	1024.000000	2045952.000000	0.650391	0.430182	0.009009	0.009009	0.009009	0.057057	3.000000	0.000000	0.000000	4.556266	4.988191	5.484503	0.000000	0.000000	0.000000	1.000000	0.000000	0.000000	0.000000	0.061982	0.000000	0.000000	3.000000	205.000000	255.000000	0.000000	0.000000	0.000000	0.000000	0.000000	0.000000	0.000000	0.000000	19.379379	5.833774	13.500000	825.823242	14.531374	6.501290	6.931472	13.441730	13.441730	13.441730	13.488250
383858bd793d0fd6e04c2a12ec00bbd894d0974ebb68bf7092e9edda32f4633c	photo	CID22-512px	/home/lilith/work/codec-corpus/CID22/CID22-512/training/4934193.png	small	64	64	64	5648.328125	0.333333	0.117389	0.012538	0.019674	0.281250	0.000000	49.134193	0.197439	0.793247	814.000000	0.198730	0.012090	0.013700	0.000000	0.263600	0.313560	21.000000	0.153093	4.084955	46.921875	26.093750	0.000000	0.000000	0.000000	0.000000	0.422535	0.000000	0.821726	0.000000	0.000000	80.000000	80.000000	0.000000	0.000000	1.000000	0.000000	8.000000	0.000000	0.285156	4.057326	1.088740	0.131349	0.021916	0.000000	1.000000	1.000000	0.406250	0.203857	30.555719	0.000000	0.160218	0.040179	0.000000	4096.000000	8.317766	64.000000	64.000000	12288.000000	1.000000	0.000000	0.000000	0.000000	0.000000	0.000000	3.000000	4.671264	5.021425	5.149155	5.315739	5.500202	0.260858	1.000000	1.000000	1.000000	0.029007	0.201089	0.767885	1.000000	10.000000	40.000000	98.000000	198.000000	255.000000	0.000000	0.015873	0.158730	0.285714	0.000000	0.000000	0.015873	0.079365	12.000000	3.612360	8.500000	64.000000	9.416378	4.158883	4.158883	8.317766	8.317766	8.317766	8.317766
2a9e0816ab021540f0380ea3cdb9e5f88cc3c854395ce8d6004dd87020b8ca6f	photo	CID22-512px	/home/lilith/work/codec-corpus/CID22/CID22-512/validation/3156482.png	small	64	64	64	4475.372070	0.347947	0.090576	0.014909	0.010938	0.000000	0.000000	38.202568	0.161134	0.695471	1009.000000	0.246338	0.015170	0.019630	1.000000	0.050500	0.089580	3.000000	0.182195	4.215769	33.890625	13.687500	0.000000	0.000000	0.000000	0.000000	0.422535	0.000000	0.859643	0.000000	0.000000	80.000000	80.000000	0.000000	0.000000	1.000000	0.000000	8.000000	0.000000	0.004883	4.363095	0.492569	0.487351	0.128874	0.000000	1.000000	1.000000	0.359375	0.033447	23.633808	0.000000	0.148313	0.027034	0.000000	4096.000000	8.317766	64.000000	64.000000	12288.000000	1.000000	0.000000	0.000000	0.000000	0.000000	0.000000	3.000000	4.337915	4.761800	5.060448	5.144011	5.206001	0.678229	1.000000	1.000000	1.000000	0.162031	0.208138	0.368034	0.707895	17.000000	45.000000	84.000000	168.000000	255.000000	0.063492	0.095238	0.142857	0.206349	0.000000	0.015873	0.015873	0.047619	12.000000	3.612360	8.500000	64.000000	9.416378	4.158883	4.158883	8.317766	8.317766	8.317766	8.317766
2a9e0816ab021540f0380ea3cdb9e5f88cc3c854395ce8d6004dd87020b8ca6f	photo	CID22-512px	/home/lilith/work/codec-corpus/CID22/CID22-512/validation/3156482.png	medium	256	256	256	4839.144043	0.170980	0.094525	0.008826	0.006832	0.279297	0.019531	39.456997	0.608478	1.027038	2841.000000	0.086700	0.012460	0.012130	2.000000	0.045210	0.052160	7.000000	0.293830	4.136742	20.519531	6.790039	0.003906	0.000000	0.000000	0.000000	0.288981	0.025670	0.813148	0.000000	0.000000	80.000000	80.000000	0.000000	0.000000	1.000000	0.000000	8.000000	0.000000	0.005844	3.623453	1.069010	0.074245	0.031605	0.000000	1.000000	1.000000	0.251953	0.034073	35.315079	0.016602	0.100307	0.013315	0.000000	65536.000000	11.090355	256.000000	256.000000	196608.000000	1.000000	0.000000	0.000000	0.000000	0.000000	0.000000	3.000000	3.749925	4.461900	4.974299	5.146391	5.314348	0.199652	0.522955	1.000000	1.000000	0.058938	0.115664	0.212390	0.363587	4.000000	20.000000	70.000000	212.000000	255.000000	0.000000	0.015873	0.063492	0.158730	0.000000	0.000000	0.000000	0.015873	16.000000	4.816480	11.000000	256.000000	12.188967	5.545177	5.545177	11.090355	11.090355	11.090355	11.090355
383858bd793d0fd6e04c2a12ec00bbd894d0974ebb68bf7092e9edda32f4633c	photo	CID22-512px	/home/lilith/work/codec-corpus/CID22/CID22-512/training/4934193.png	medium	256	256	256	5856.033203	0.150096	0.121120	0.006762	0.009477	0.456055	0.041016	50.513821	0.298843	1.106428	1930.000000	0.058899	0.004470	0.003990	0.000000	0.086610	0.073000	19.000000	0.141492	4.102974	21.127930	10.829102	0.001953	0.000000	0.000000	0.000000	0.253684	0.048549	0.777413	0.000000	0.000000	80.000000	80.000000	0.000000	0.000000	1.000000	0.000000	8.000000	0.000000	0.258530	3.339818	1.186360	0.052054	0.010261	0.000000	1.000000	1.000000	0.439453	0.186417	27.493626	0.008789	0.081194	0.016958	0.000000	65536.000000	11.090355	256.000000	256.000000	196608.000000	1.000000	0.000000	0.000000	0.000000	0.000000	0.000000	3.000000	3.270897	4.428312	4.927970	5.132491	5.425995	0.104562	0.283124	1.000000	1.000000	0.021785	0.035780	0.208785	0.661110	3.000000	14.000000	45.000000	152.000000	255.000000	0.000000	0.000000	0.031746	0.158730	0.000000	0.000000	0.000000	0.015873	16.000000	4.816480	11.000000	256.000000	12.188967	5.545177	5.545177	11.090355	11.090355	11.090355	11.090355
1fbc6c8d02b88a4107ff7043ff74d0b5f1852c9d3a8cec21da6de569c50b41ed	photo	clic2025-native	/home/lilith/work/codec-corpus/clic2025/training/b51d5fb537246482ef7a7ab63f093cab.png	tiny	64	64	35	1141.547119	0.148313	0.165122	0.011430	0.023965	0.406250	0.000000	79.428894	0.033254	0.834448	583.000000	0.260268	0.007390	0.007210	0.000000	0.210800	0.154950	19.000000	0.121591	3.669296	16.062500	31.375000	0.000000	0.000000	0.000000	0.000000	0.297249	0.000000	0.701245	0.000000	0.000000	80.000000	80.000000	0.000000	0.000000	1.000000	0.000000	8.000000	0.000000	0.003571	3.450790	1.015281	0.106122	0.037360	0.000000	1.000000	1.000000	0.593750	0.044922	16.593071	0.000000	0.085317	0.043651	0.000000	2240.000000	7.714231	35.000000	64.000000	6720.000000	0.546875	0.603535	0.142857	0.371429	0.828571	0.828571	3.000000	3.569374	4.371733	4.626037	4.742362	4.924607	0.228062	0.482679	1.000000	1.000000	0.239838	0.413617	0.911604	1.000000	3.000000	12.000000	38.000000	106.000000	229.000000	0.000000	0.015873	0.047619	0.158730	0.000000	0.015873	0.047619	0.079365	11.129283	3.350248	7.500000	47.328640	8.812843	3.555348	4.158883	7.847763	8.030084	8.317766	8.317766
2aaf7b7fb20f013290b4e68bb5955da41ed32e94afe57629b36c57114574a0ef	photo	CID22-512px	/home/lilith/work/codec-corpus/CID22/CID22-512/training/nicubunu_Game_baddie_Policeman.png	small	64	64	64	9221.734375	0.293525	0.081714	0.013584	0.001748	0.312500	0.265625	27.206633	0.317437	0.644947	209.000000	0.051025	0.025320	0.020280	4.000000	0.002810	0.002250	0.000000	0.119043	3.360564	65.921875	13.562500	0.156250	0.000000	0.000000	0.000000	0.512597	0.437500	0.331371	8.000000	1.000000	80.000000	80.000000	0.000000	0.000000	1.000000	0.000000	8.000000	0.000000	0.571045	3.738077	2.092707	0.000000	0.000000	0.000000	1.000000	1.000000	0.296875	0.001953	47.021896	0.281250	0.180556	0.029018	0.000000	4096.000000	8.317766	64.000000	64.000000	12288.000000	1.000000	0.000000	0.000000	0.000000	0.000000	0.000000	3.000000	5.090204	5.283909	5.434203	5.559014	5.614434	0.031014	1.000000	1.000000	1.000000	0.000000	0.245240	0.377427	0.583334	4.000000	36.000000	124.000000	255.000000	255.000000	0.000000	0.000000	0.190476	0.301587	0.000000	0.000000	0.031746	0.047619	12.000000	3.612360	8.500000	64.000000	9.416378	4.158883	4.158883	8.317766	8.317766	8.317766	8.317766
2bbfa289d5b9c786ff1a0bb3b44e4f45af6b9180089d3a5cc7975b3fee21c8c4	photo	clic2025-1024px-resized	/home/lilith/work/codec-corpus/clic2025-1024/4cd6910a0b7b39365fda5df87618d091.png	small	64	64	64	1079.499878	0.381456	0.125194	0.001196	0.000798	0.109375	0.000000	41.175880	0.124457	0.816842	54.000000	0.013184	0.000640	0.007800	0.000000	0.001170	0.010570	0.000000	0.164749	2.689999	29.453125	15.812500	0.062500	0.000000	0.000000	0.000000	0.861091	0.053571	0.410477	8.000000	1.000000	80.000000	80.000000	0.000000	0.000000	1.000000	0.000000	8.000000	0.000000	0.910400	4.123559	0.705836	0.123935	0.008814	0.000000	1.000000	1.000000	0.125000	0.000000	15.030008	0.031250	0.076141	0.008681	0.000000	4096.000000	8.317766	64.000000	64.000000	12288.000000	1.000000	0.000000	0.000000	0.000000	0.000000	0.000000	3.000000	4.189170	4.328001	5.274882	5.301378	5.310787	0.618004	0.821021	0.943183	1.000000	0.010181	0.015168	0.019199	1.000000	24.000000	51.000000	79.000000	119.000000	171.000000	0.000000	0.063492	0.079365	0.095238	0.000000	0.000000	0.000000	0.000000	12.000000	3.612360	8.500000	64.000000	9.416378	4.158883	4.158883	8.317766	8.317766	8.317766	8.317766
3893665f3ca3c8ba5c241d8b2ed6084a41dbf00a28edc73bc25e56b6ad46cde2	photo	CID22-512px	/home/lilith/work/codec-corpus/CID22/CID22-512/training/5617414.png	small	64	64	64	2057.801514	0.488536	0.037489	0.009837	0.012234	0.015625	0.000000	14.122494	0.369102	0.752367	420.000000	0.102539	0.008340	0.005540	0.000000	0.094200	0.150720	35.000000	0.290969	4.089152	47.546875	6.031250	0.000000	0.000000	0.000000	0.000000	0.422535	0.000000	0.822943	0.000000	0.000000	80.000000	80.000000	0.000000	0.000000	1.000000	0.000000	8.000000	0.000000	0.291992	4.603200	0.492965	0.658635	0.047309	0.000000	1.000000	1.000000	0.218750	0.054688	33.742538	0.000000	0.233383	0.013641	0.000000	4096.000000	8.317766	64.000000	64.000000	12288.000000	1.000000	0.000000	0.000000	0.000000	0.000000	0.000000	3.000000	4.676181	5.011959	5.194686	5.344728	5.493963	1.000000	1.000000	1.000000	1.000000	0.087208	0.140141	0.207824	0.320932	26.000000	63.000000	126.000000	255.000000	255.000000	0.079365	0.126984	0.238095	0.333333	0.000000	0.000000	0.015873	0.015873	12.000000	3.612360	8.500000	64.000000	9.416378	4.158883	4.158883	8.317766	8.317766	8.317766	8.317766
2aaf7b7fb20f013290b4e68bb5955da41ed32e94afe57629b36c57114574a0ef	photo	CID22-512px	/home/lilith/work/codec-corpus/CID22/CID22-512/training/nicubunu_Game_baddie_Policeman.png	medium	256	256	256	9470.108398	0.067297	0.083818	0.004043	0.000520	0.628906	0.427734	27.793924	0.257385	1.135375	291.000000	0.008881	0.005840	0.005240	6.000000	0.000640	0.000580	0.000000	0.077269	3.319406	24.110352	5.130859	0.381836	0.000000	0.000000	0.000000	0.246547	0.816127	0.110212	0.000000	0.000000	80.000000	80.000000	0.000000	0.000000	1.000000	0.000000	8.000000	0.000000	0.601776	2.165833	2.042950	0.000000	0.000000	0.000000	1.000000	1.000000	0.338867	0.001602	45.043079	0.522461	0.057710	0.008743	0.000000	65536.000000	11.090355	256.000000	256.000000	196608.000000	1.000000	0.000000	0.000000	0.000000	0.000000	0.000000	3.000000	1.548503	4.287039	5.133801	5.467476	5.683841	0.000000	0.043721	1.000000	1.000000	0.000000	0.004222	0.061632	0.393399	0.000000	2.000000	16.000000	169.000000	255.000000	0.000000	0.000000	0.000000	0.063492	0.000000	0.000000	0.000000	0.000000	16.000000	4.816480	11.000000	256.000000	12.188967	5.545177	5.545177	11.090355	11.090355	11.090355	11.090355
3893665f3ca3c8ba5c241d8b2ed6084a41dbf00a28edc73bc25e56b6ad46cde2	photo	CID22-512px	/home/lilith/work/codec-corpus/CID22/CID22-512/training/5617414.png	medium	256	256	256	2519.666260	0.251519	0.043162	0.006231	0.007236	0.226562	0.026367	16.116262	0.537761	1.007802	1397.000000	0.042633	0.004480	0.002570	2.000000	0.041830	0.043560	34.000000	0.150713	4.119264	30.961914	4.723633	0.000000	0.000000	0.000000	0.000000	0.422535	0.030134	0.799826	0.000000	0.000000	80.000000	80.000000	0.000000	0.000000	1.000000	0.000000	8.000000	0.000000	0.260666	3.906116	1.058923	0.105555	0.017828	0.000000	1.000000	1.000000	0.482422	0.055481	32.357273	0.019531	0.123155	0.008727	0.000000	65536.000000	11.090355	256.000000	256.000000	196608.000000	1.000000	0.000000	0.000000	0.000000	0.000000	0.000000	3.000000	4.188169	4.701092	5.146159	5.283799	5.493919	0.293659	0.893420	1.000000	1.000000	0.030470	0.076961	0.149010	0.290219	6.000000	28.000000	68.000000	184.000000	255.000000	0.000000	0.031746	0.095238	0.174603	0.000000	0.000000	0.000000	0.015873	16.000000	4.816480	11.000000	256.000000	12.188967	5.545177	5.545177	11.090355	11.090355	11.090355	11.090355
2b7280cc6f4564a2fc7dc9c7f7cfad1030a4f24afef3614277ba2576eb748748	photo	CID22-512px	/home/lilith/work/codec-corpus/CID22/CID22-512/validation/162520.png	small	64	64	64	2172.063232	0.432351	0.169584	0.023104	0.014174	0.000000	0.000000	60.305458	0.231599	0.741138	712.000000	0.173828	0.030350	0.025150	0.000000	0.074890	0.068920	3.000000	0.213382	4.334312	42.859375	16.890625	0.000000	0.000000	0.000000	0.000000	0.422535	0.000000	0.894004	0.000000	0.000000	80.000000	80.000000	0.000000	0.000000	1.000000	0.000000	8.000000	0.000000	0.005859	4.478552	0.454205	0.592232	0.175518	0.000000	1.000000	1.000000	0.281250	0.595947	26.826551	0.000000	0.187252	0.033234	0.000000	4096.000000	8.317766	64.000000	64.000000	12288.000000	1.000000	0.000000	0.000000	0.000000	0.000000	0.000000	3.000000	4.517898	4.811400	5.092491	5.204093	5.346678	0.810229	1.000000	1.000000	1.000000	0.224952	0.367442	0.479856	0.622935	23.000000	53.000000	98.000000	207.000000	255.000000	0.047619	0.111111	0.190476	0.269841	0.015873	0.015873	0.031746	0.047619	12.000000	3.612360	8.500000	64.000000	9.416378	4.158883	4.158883	8.317766	8.317766	8.317766	8.317766
38cd1141583567651c0ea20966a0765e0516f02b3cf85ae292638c73764f908e	photo	CID22-512px	/home/lilith/work/codec-corpus/CID22/CID22-512/training/3794859.png	small	64	64	64	1187.825928	0.268833	0.046096	0.011056	0.008867	0.125000	0.000000	26.772161	0.085441	0.889339	288.000000	0.070312	0.007590	0.006110	0.000000	0.031170	0.026560	1.000000	0.146797	3.682167	21.796875	4.078125	0.000000	0.000000	0.000000	0.000000	0.467301	0.000000	0.704976	0.000000	0.000000	80.000000	80.000000	0.000000	0.000000	1.000000	0.000000	8.000000	0.000000	0.000000	3.949588	0.739155	0.133824	0.031680	0.000000	1.000000	1.000000	0.375000	0.994629	17.288641	0.000000	0.121528	0.009177	0.000000	4096.000000	8.317766	64.000000	64.000000	12288.000000	1.000000	0.000000	0.000000	0.000000	0.000000	0.000000	3.000000	4.026533	4.439769	4.845476	5.088578	5.223836	0.398563	0.756329	1.000000	1.000000	0.075377	0.117526	0.192279	0.257647	14.000000	33.000000	57.000000	133.000000	255.000000	0.015873	0.079365	0.111111	0.174603	0.000000	0.000000	0.000000	0.015873	12.000000	3.612360	8.500000	64.000000	9.416378	4.158883	4.158883	8.317766	8.317766	8.317766	8.317766
2b7280cc6f4564a2fc7dc9c7f7cfad1030a4f24afef3614277ba2576eb748748	photo	CID22-512px	/home/lilith/work/codec-corpus/CID22/CID22-512/validation/162520.png	medium	256	256	256	2473.079346	0.299100	0.171888	0.016291	0.010126	0.196289	0.000000	61.036297	0.510949	0.978479	1583.000000	0.048309	0.017320	0.009400	0.000000	0.042600	0.024370	4.000000	0.204212	4.407295	27.567383	8.514648	0.001953	0.000000	0.000000	0.000000	0.422535	0.001674	0.915158	0.000000	0.000000	80.000000	80.000000	0.000000	0.000000	1.000000	0.000000	8.000000	0.000000	0.003891	3.952351	0.840728	0.152049	0.046828	0.000000	1.000000	1.000000	0.399414	0.587769	23.004114	0.000000	0.133448	0.017795	0.000000	65536.000000	11.090355	256.000000	256.000000	196608.000000	1.000000	0.000000	0.000000	0.000000	0.000000	0.000000	3.000000	4.120966	4.555215	4.967226	5.160087	5.340637	0.376597	0.787984	1.000000	1.000000	0.093269	0.180538	0.296521	0.431340	11.000000	34.000000	72.000000	167.000000	255.000000	0.015873	0.047619	0.111111	0.206349	0.000000	0.000000	0.015873	0.031746	16.000000	4.816480	11.000000	256.000000	12.188967	5.545177	5.545177	11.090355	11.090355	11.090355	11.090355
2bbfa289d5b9c786ff1a0bb3b44e4f45af6b9180089d3a5cc7975b3fee21c8c4	photo	clic2025-1024px-resized	/home/lilith/work/codec-corpus/clic2025-1024/4cd6910a0b7b39365fda5df87618d091.png	medium	256	256	256	1770.419312	0.248366	0.127886	0.001537	0.000833	0.418945	0.268555	41.953697	0.962705	0.703778	112.000000	0.003418	0.003260	0.020280	2.000000	0.004870	0.027810	3.000000	0.241600	2.141055	37.363281	3.396484	0.390625	0.000000	0.000000	0.000000	0.903824	0.641741	0.095231	8.000000	1.000000	80.000000	80.000000	0.000000	0.000000	1.000000	0.000000	8.000000	0.000000	0.928146	3.265591	1.936792	0.000000	0.000000	0.143578	1.000000	1.000000	0.061523	0.000000	29.069469	0.377930	0.131123	0.003209	0.000000	65536.000000	11.090355	256.000000	256.000000	196608.000000	1.000000	0.000000	0.000000	0.000000	0.000000	0.000000	3.000000	4.452844	4.891866	4.973654	5.028424	5.144537	0.021848	1.000000	1.000000	1.000000	0.000000	0.022541	0.026887	0.030360	2.000000	32.000000	103.000000	241.000000	255.000000	0.000000	0.000000	0.111111	0.253968	0.000000	0.000000	0.000000	0.000000	16.000000	4.816480	11.000000	256.000000	12.188967	5.545177	5.545177	11.090355	11.090355	11.090355	11.090355
38cd1141583567651c0ea20966a0765e0516f02b3cf85ae292638c73764f908e	photo	CID22-512px	/home/lilith/work/codec-corpus/CID22/CID22-512/training/3794859.png	medium	256	256	256	1394.153198	0.239462	0.050406	0.009937	0.007556	0.218750	0.016602	28.250467	0.397502	1.078567	791.000000	0.024139	0.007510	0.006050	1.000000	0.028460	0.028150	3.000000	0.301806	3.808078	16.188477	3.518555	0.000000	0.000000	0.000000	0.000000	0.431755	0.018973	0.721422	0.000000	0.000000	80.000000	80.000000	0.000000	0.000000	1.000000	0.000000	8.000000	0.000000	0.000137	3.576340	1.041974	0.040035	0.024130	0.000000	1.000000	1.000000	0.111328	0.987518	20.428148	0.000000	0.098385	0.006805	0.000000	65536.000000	11.090355	256.000000	256.000000	196608.000000	1.000000	0.000000	0.000000	0.000000	0.000000	0.000000	3.000000	3.868092	4.277308	4.669493	4.834660	5.054059	0.268594	0.571585	0.935579	1.000000	0.056124	0.100117	0.158994	0.231320	12.000000	31.000000	59.000000	150.000000	255.000000	0.000000	0.031746	0.079365	0.142857	0.000000	0.000000	0.000000	0.015873	16.000000	4.816480	11.000000	256.000000	12.188967	5.545177	5.545177	11.090355	11.090355	11.090355	11.090355
2b76992d7b0578d0ca333c61cf3dac4938f3ae2c8c7a613dc3179fc3125ec7c4	photo	CID22-512px	/home/lilith/work/codec-corpus/CID22/CID22-512/training/1001682.png	small	64	64	64	4153.468262	0.289746	0.090993	0.005892	0.008426	0.203125	0.000000	42.888988	0.085588	0.721431	238.000000	0.058105	0.001880	0.009680	0.000000	0.025970	0.122770	3.000000	0.237728	4.217816	17.937500	7.531250	0.000000	0.000000	0.000000	0.000000	0.422535	0.000000	0.860237	8.000000	1.000000	80.000000	80.000000	0.000000	0.000000	1.000000	0.000000	8.000000	0.000000	0.047119	3.826838	0.794881	0.122958	0.098279	0.000000	1.000000	1.000000	0.265625	0.054199	14.137404	0.000000	0.095238	0.015873	0.000000	4096.000000	8.317766	64.000000	64.000000	12288.000000	1.000000	0.000000	0.000000	0.000000	0.000000	0.000000	3.000000	4.135883	4.452773	4.644374	4.725777	4.878083	0.300467	0.756456	1.000000	1.000000	0.146624	0.192368	0.260806	0.388153	12.000000	35.000000	60.000000	127.000000	222.000000	0.015873	0.047619	0.079365	0.158730	0.000000	0.000000	0.015873	0.031746	12.000000	3.612360	8.500000	64.000000	9.416378	4.158883	4.158883	8.317766	8.317766	8.317766	8.317766
3a1ea0e13aac5baa902e88b7e74ccd5a64a42db30cb8ffea2a7d0244b4a11b9b	mixed	kadid10k-distortion-set	/home/lilith/work/codec-corpus/kadid10k/I80.png	tiny	64	64	48	1000.850098	0.263087	0.081441	0.023486	0.017238	0.145833	0.000000	34.911343	0.089530	0.935072	572.000000	0.186198	0.035140	0.035870	1.000000	0.158510	0.121090	5.000000	0.277759	3.752185	20.645834	18.208334	0.000000	0.000000	0.000000	0.000000	0.457439	0.000000	0.725271	0.000000	0.000000	80.000000	80.000000	0.000000	0.000000	1.000000	0.000000	8.000000	0.000000	0.003255	3.913872	0.636637	0.205943	0.091614	0.000000	1.000000	1.000000	0.145833	0.182292	18.643543	0.000000	0.108466	0.032407	0.000000	3072.000000	8.030084	48.000000	64.000000	9216.000000	0.750000	0.287682	0.000000	0.000000	0.333333	0.333333	3.000000	4.172216	4.360612	4.608462	4.848592	5.162125	0.336002	0.785027	1.000000	1.000000	0.199895	0.264097	0.685005	0.776917	13.000000	33.000000	62.000000	144.000000	255.000000	0.015873	0.031746	0.111111	0.158730	0.000000	0.015873	0.031746	0.047619	11.584963	3.487421	8.000000	55.425625	9.128696	3.871201	4.158883	8.030084	8.030084	8.317766	8.317766
2bbfa289d5b9c786ff1a0bb3b44e4f45af6b9180089d3a5cc7975b3fee21c8c4	photo	clic2025-1024px-resized	/home/lilith/work/codec-corpus/clic2025-1024/4cd6910a0b7b39365fda5df87618d091.png	large	1024	1024	1024	2833.426270	0.139058	0.137649	0.001597	0.000845	0.673706	0.632935	45.307758	3.727461	0.982932	182.000000	0.005554	0.003020	0.007560	5.000000	0.004510	0.010380	8.000000	0.220374	1.713645	33.006836	0.661133	0.709961	0.000000	0.000000	0.000000	0.773265	1.000000	0.058972	8.000000	1.000000	80.000000	80.000000	0.000000	0.000000	1.000000	0.000000	8.000000	0.000000	0.893524	1.767501	2.362030	0.000000	0.000000	0.314542	1.000000	1.000000	0.071289	0.000000	51.192841	0.728516	0.104988	0.001659	0.000000	1048576.000000	13.862944	1024.000000	1024.000000	3145728.000000	1.000000	0.000000	0.000000	0.000000	0.000000	0.000000	3.000000	0.000000	4.670728	5.467335	5.525900	5.581043	0.000000	0.000000	1.000000	1.000000	0.000000	0.000000	0.030360	0.047727	0.000000	0.000000	80.000000	255.000000	255.000000	0.000000	0.000000	0.000000	0.253968	0.000000	0.000000	0.000000	0.000000	20.000000	6.020600	14.000000	1024.000000	14.961555	6.931472	6.931472	13.862944	13.862944	13.862944	13.862944
2b76992d7b0578d0ca333c61cf3dac4938f3ae2c8c7a613dc3179fc3125ec7c4	photo	CID22-512px	/home/lilith/work/codec-corpus/CID22/CID22-512/training/1001682.png	medium	256	256	256	4413.863770	0.313064	0.094807	0.007022	0.010490	0.328125	0.067383	44.271103	0.429870	1.023414	511.000000	0.015594	0.003030	0.010890	0.000000	0.044390	0.157480	8.000000	0.353107	4.305723	17.995117	6.640625	0.003906	0.000000	0.000000	0.000000	0.422535	0.080357	0.804337	0.000000	0.000000	80.000000	80.000000	0.000000	0.000000	1.000000	0.000000	8.000000	0.000000	0.046448	3.486115	1.209796	0.044200	0.022100	0.000000	1.000000	1.000000	0.169922	0.059830	17.080416	0.006836	0.104756	0.012091	0.000000	65536.000000	11.090355	256.000000	256.000000	196608.000000	1.000000	0.000000	0.000000	0.000000	0.000000	0.000000	3.000000	4.014331	4.447529	4.697592	4.819189	5.000669	0.113176	0.630662	1.000000	1.000000	0.036901	0.176077	0.278602	0.372824	11.000000	37.000000	69.000000	141.000000	255.000000	0.000000	0.000000	0.095238	0.174603	0.000000	0.000000	0.000000	0.015873	16.000000	4.816480	11.000000	256.000000	12.188967	5.545177	5.545177	11.090355	11.090355	11.090355	11.090355
3a1ea0e13aac5baa902e88b7e74ccd5a64a42db30cb8ffea2a7d0244b4a11b9b	mixed	kadid10k-distortion-set	/home/lilith/work/codec-corpus/kadid10k/I80.png	small	256	256	192	1284.026978	0.210635	0.086657	0.015540	0.009104	0.248698	0.000000	36.438381	0.483116	1.200854	1932.000000	0.058960	0.012090	0.014880	0.000000	0.025740	0.025350	2.000000	0.424309	3.844438	17.955729	9.726562	0.000000	0.000000	0.000000	0.000000	0.377914	0.000000	0.752011	0.000000	0.000000	80.000000	80.000000	0.000000	0.000000	1.000000	0.000000	8.000000	0.000000	0.005900	3.703843	0.749213	0.153924	0.083495	0.000000	1.000000	1.000000	0.080729	0.177083	28.867329	0.000000	0.102265	0.017795	0.000000	49152.000000	10.802672	192.000000	256.000000	147456.000000	0.750000	0.287682	0.000000	0.000000	0.000000	0.000000	3.000000	3.641617	4.334205	4.754134	4.942326	5.311247	0.227607	0.441064	0.954453	1.000000	0.106530	0.157975	0.270303	0.534695	10.000000	26.000000	67.000000	194.000000	255.000000	0.000000	0.015873	0.063492	0.158730	0.000000	0.000000	0.015873	0.031746	15.584963	4.691541	11.000000	221.702499	11.901285	5.257495	5.545177	10.802672	10.802672	10.802672	10.802672
2c0f1781ea49def17195b3e954e500ead8b7cc493db8fcc99439b7e0fdb211c4	photo	CID22-512px	/home/lilith/work/codec-corpus/CID22/CID22-512/training/EPICA Delta D Plot.png	small	64	64	64	377.899292	0.261275	0.037169	0.006599	0.010704	0.250000	0.250000	14.058492	0.170675	0.654439	111.000000	0.027100	0.009690	0.009290	0.000000	0.149040	0.126980	7.000000	0.876619	1.877343	12.906250	6.093750	0.234375	0.000000	0.000000	0.000000	0.721501	0.486607	0.350242	8.000000	1.000000	80.000000	80.000000	0.000000	0.000000	1.000000	0.000000	8.000000	0.000000	0.832031	3.141846	1.769174	0.000000	0.000000	0.249063	1.000000	1.000000	0.000000	0.056396	24.874382	0.203125	0.130704	0.014633	0.000000	4096.000000	8.317766	64.000000	64.000000	12288.000000	1.000000	0.000000	0.000000	0.000000	0.000000	0.000000	3.000000	3.968611	4.416975	4.525123	4.612834	4.714970	0.203037	0.522622	0.947396	1.000000	0.000000	0.168262	0.264693	0.425878	14.000000	35.000000	73.000000	219.000000	255.000000	0.000000	0.000000	0.126984	0.222222	0.000000	0.000000	0.000000	0.031746	12.000000	3.612360	8.500000	64.000000	9.416378	4.158883	4.158883	8.317766	8.317766	8.317766	8.317766
1fbc6c8d02b88a4107ff7043ff74d0b5f1852c9d3a8cec21da6de569c50b41ed	photo	clic2025-native	/home/lilith/work/codec-corpus/clic2025/training/b51d5fb537246482ef7a7ab63f093cab.png	small	256	256	140	1252.455078	0.043195	0.165246	0.005071	0.009329	0.617647	0.126838	78.989990	0.035492	1.326288	1376.000000	0.041992	0.001850	0.001540	0.000000	0.037190	0.031520	6.000000	0.087639	3.693540	7.766544	10.757353	0.042279	0.000000	0.000000	0.000000	0.116169	0.181197	0.555086	0.000000	0.000000	80.000000	80.000000	0.000000	0.000000	1.000000	0.000000	8.000000	0.000000	0.002679	2.665022	1.176939	0.026481	0.018109	0.000000	1.000000	1.000000	0.588235	0.045037	19.182941	0.071691	0.035568	0.019112	0.000000	35840.000000	10.486820	140.000000	256.000000	107520.000000	0.546875	0.603535	0.028571	0.028571	0.142857	0.371429	3.000000	2.665801	3.598871	4.242485	4.513070	4.952306	0.062204	0.171734	0.482345	1.000000	0.048278	0.153449	0.332292	0.593680	1.000000	3.000000	12.000000	60.000000	255.000000	0.000000	0.000000	0.015873	0.047619	0.000000	0.000000	0.015873	0.031746	15.129283	4.554368	10.500000	189.314560	11.585432	4.941642	5.545177	10.514991	10.514991	10.620351	10.802672
2e95a28331bb245121a3fac19859764e651d50d1e0dcb3008f45420eb3d3012b	mixed	kadid10k-distortion-set	/home/lilith/work/codec-corpus/kadid10k/I20.png	tiny	64	64	48	805.196167	0.271868	0.190867	0.034349	0.022685	0.187500	0.000000	66.058945	0.073741	0.596520	468.000000	0.152344	0.103790	0.084020	4.000000	0.302340	0.206910	11.000000	0.348898	3.501428	15.708333	24.708334	0.000000	0.000000	0.000000	0.000000	0.492757	0.000000	0.652588	0.000000	0.000000	80.000000	80.000000	0.000000	0.000000	1.000000	0.000000	8.000000	0.000000	0.020833	3.858695	0.637577	0.185483	0.057557	0.000000	1.000000	1.000000	0.166667	0.277018	13.269163	0.000000	0.122354	0.046958	0.000000	3072.000000	8.030084	48.000000	64.000000	9216.000000	0.750000	0.287682	0.000000	0.000000	0.333333	0.333333	3.000000	4.065500	4.332306	4.467563	4.483900	4.603951	0.409470	0.731885	1.000000	1.000000	0.134427	0.530462	0.856197	0.988661	12.000000	34.000000	61.000000	126.000000	221.000000	0.015873	0.047619	0.126984	0.174603	0.000000	0.015873	0.063492	0.079365	11.584963	3.487421	8.000000	55.425625	9.128696	3.871201	4.158883	8.030084	8.030084	8.317766	8.317766
2c0f1781ea49def17195b3e954e500ead8b7cc493db8fcc99439b7e0fdb211c4	photo	CID22-512px	/home/lilith/work/codec-corpus/CID22/CID22-512/training/EPICA Delta D Plot.png	medium	256	256	256	773.282959	0.205198	0.052458	0.006856	0.011108	0.436523	0.410156	19.661032	0.743947	1.004218	346.000000	0.010559	0.016440	0.004060	2.000000	0.280840	0.076300	47.000000	0.358829	1.485967	20.448242	7.250977	0.604492	0.000000	0.000000	0.000000	0.700903	0.986886	0.289855	0.000000	0.000000	80.000000	80.000000	0.000000	0.000000	1.000000	0.000000	8.000000	0.000000	0.910034	2.598760	2.078693	0.000000	0.000000	0.405613	1.000000	1.000000	0.072266	0.031036	33.149235	0.594727	0.106383	0.016323	0.000000	65536.000000	11.090355	256.000000	256.000000	196608.000000	1.000000	0.000000	0.000000	0.000000	0.000000	0.000000	3.000000	3.506234	4.433631	5.010313	5.147631	5.257253	0.000000	0.414430	1.000000	1.000000	0.000000	0.000000	0.056484	0.594519	0.000000	23.000000	73.000000	236.000000	255.000000	0.000000	0.000000	0.047619	0.190476	0.000000	0.000000	0.000000	0.000000	16.000000	4.816480	11.000000	256.000000	12.188967	5.545177	5.545177	11.090355	11.090355	11.090355	11.090355
2e95a28331bb245121a3fac19859764e651d50d1e0dcb3008f45420eb3d3012b	mixed	kadid10k-distortion-set	/home/lilith/work/codec-corpus/kadid10k/I20.png	small	256	256	192	929.674744	0.170249	0.194938	0.014687	0.009974	0.343750	0.000000	67.357292	0.165498	1.057799	1343.000000	0.040985	0.015670	0.014180	3.000000	0.042450	0.033650	6.000000	0.215290	3.601760	12.414062	13.354167	0.000000	0.000000	0.000000	0.000000	0.343836	0.000000	0.681670	0.000000	0.000000	80.000000	80.000000	0.000000	0.000000	1.000000	0.000000	8.000000	0.000000	0.025187	3.427074	0.959087	0.066593	0.032248	0.000000	1.000000	1.000000	0.171875	0.237630	14.781842	0.000000	0.081763	0.023065	0.000000	49152.000000	10.802672	192.000000	256.000000	147456.000000	0.750000	0.287682	0.000000	0.000000	0.000000	0.000000	3.000000	3.790205	4.192086	4.478725	4.627826	4.896155	0.120210	0.527787	0.907535	1.000000	0.047153	0.124825	0.476282	0.829949	7.000000	23.000000	43.000000	99.000000	255.000000	0.000000	0.015873	0.079365	0.126984	0.000000	0.000000	0.000000	0.047619	15.584963	4.691541	11.000000	221.702499	11.901285	5.257495	5.545177	10.802672	10.802672	10.802672	10.802672
2edc8b8cc93d7e09884c1793b0550be3c6a7dd60f4f7529e005d2f8aa1ac5b4e	photo	CID22-512px	/home/lilith/work/codec-corpus/CID22/CID22-512/training/pexels-photo-6096399.png	small	64	64	64	735.176819	0.170572	0.030603	0.005706	0.005549	0.093750	0.031250	15.831349	0.045616	0.740398	218.000000	0.053223	0.001680	0.003680	0.000000	0.009980	0.019430	1.000000	0.139613	3.351432	18.234375	3.328125	0.000000	0.000000	0.000000	0.000000	0.379638	0.035714	0.596428	8.000000	1.000000	80.000000	80.000000	0.000000	0.000000	1.000000	0.000000	8.000000	0.000000	0.085938	3.886157	0.758273	0.275944	0.027200	0.000000	1.000000	1.000000	0.562500	0.580322	16.598425	0.000000	0.104911	0.007192	0.000000	4096.000000	8.317766	64.000000	64.000000	12288.000000	1.000000	0.000000	0.000000	0.000000	0.000000	0.000000	3.000000	4.131811	4.337274	4.469008	4.544576	4.845995	0.510270	0.888347	1.000000	1.000000	0.059591	0.123477	0.164394	0.212243	5.000000	16.000000	37.000000	99.000000	255.000000	0.015873	0.063492	0.111111	0.142857	0.000000	0.000000	0.000000	0.015873	12.000000	3.612360	8.500000	64.000000	9.416378	4.158883	4.158883	8.317766	8.317766	8.317766	8.317766
2edc8b8cc93d7e09884c1793b0550be3c6a7dd60f4f7529e005d2f8aa1ac5b4e	photo	CID22-512px	/home/lilith/work/codec-corpus/CID22/CID22-512/training/pexels-photo-6096399.png	medium	256	256	256	772.205078	0.049027	0.031810	0.002748	0.002486	0.542969	0.179688	16.225883	0.060482	1.360104	571.000000	0.017426	0.000570	0.001320	0.000000	0.002560	0.004860	1.000000	0.109951	3.377262	7.993164	1.428711	0.031250	0.000000	0.000000	0.000000	0.170573	0.232143	0.271748	0.000000	0.000000	80.000000	80.000000	0.000000	0.000000	1.000000	0.000000	8.000000	0.000000	0.087402	2.831339	1.144095	0.027914	0.003337	0.000000	1.000000	1.000000	0.371094	0.577240	16.954430	0.043945	0.037280	0.003085	0.000000	65536.000000	11.090355	256.000000	256.000000	196608.000000	1.000000	0.000000	0.000000	0.000000	0.000000	0.000000	3.000000	2.941511	3.698643	4.211653	4.462595	4.848104	0.072651	0.214072	0.535288	0.991050	0.020866	0.039759	0.082347	0.141919	2.000000	8.000000	19.000000	60.000000	255.000000	0.000000	0.000000	0.015873	0.047619	0.000000	0.000000	0.000000	0.000000	16.000000	4.816480	11.000000	256.000000	12.188967	5.545177	5.545177	11.090355	11.090355	11.090355	11.090355
2f1ba6a3c196a9baea7ac09f791e2847417e13de5770e6dcf975583406f0224e	screenshot	gb82-screens	/home/lilith/work/codec-corpus/gb82-sc/graph.png	tiny	64	64	39	78.167892	0.080853	0.012457	0.002516	0.001944	0.375000	0.093750	6.719069	0.031073	0.779729	56.000000	0.022436	0.001080	0.003960	0.000000	0.007170	0.017170	1.000000	0.831753	1.476122	4.125000	0.500000	0.218750	0.000000	0.000000	0.000000	0.537787	0.294643	0.356817	8.000000	1.000000	80.000000	80.000000	0.000000	0.000000	1.000000	0.000000	8.000000	0.000000	0.000801	2.961607	1.041970	0.090194	0.000000	0.409551	1.000000	1.000000	0.000000	0.043945	14.022116	0.218750	0.042659	0.000000	0.000000	2496.000000	7.822445	39.000000	64.000000	7488.000000	0.609375	0.495321	0.025641	0.230769	0.641026	0.641026	3.000000	3.124173	3.595937	3.992884	4.224568	4.233256	0.130936	0.237682	0.368605	0.572831	0.011186	0.016196	0.080899	0.109149	5.000000	16.000000	33.000000	114.000000	165.000000	0.000000	0.000000	0.047619	0.063492	0.000000	0.000000	0.000000	0.000000	11.285402	3.397245	8.000000	49.959984	8.921057	3.663562	4.158883	7.847763	8.030084	8.317766	8.317766
2f1ba6a3c196a9baea7ac09f791e2847417e13de5770e6dcf975583406f0224e	screenshot	gb82-screens	/home/lilith/work/codec-corpus/gb82-sc/graph.png	small	256	256	155	218.048828	0.077554	0.020985	0.001717	0.001273	0.608553	0.483553	9.484092	0.253806	1.323665	208.000000	0.006348	0.003630	0.009000	5.000000	0.014600	0.040980	22.000000	0.635348	1.077224	7.440790	1.317434	0.641447	0.000000	0.000000	0.000000	0.712626	1.000000	0.072214	8.000000	1.000000	80.000000	80.000000	0.000000	0.000000	1.000000	0.000000	8.000000	0.000000	0.012954	1.938424	1.791888	0.000000	0.000000	0.569111	1.000000	1.000000	0.011513	0.018066	33.619469	0.654605	0.047462	0.003603	0.000000	39680.000000	10.588603	155.000000	256.000000	119040.000000	0.605469	0.501752	0.032258	0.032258	0.032258	0.238710	3.000000	1.693370	3.354634	4.335358	4.708871	5.112720	0.000000	0.045708	0.296458	0.794562	0.000000	0.003403	0.021139	0.040334	0.000000	4.000000	30.000000	162.000000	255.000000	0.000000	0.000000	0.000000	0.047619	0.000000	0.000000	0.000000	0.000000	15.276124	4.598572	10.500000	199.198395	11.687215	5.043425	5.545177	10.620351	10.620351	10.620351	10.802672
3a4c7f92332d8e203aa345460e00fcf67bc39b185822a9c5f65d04d7fffb5897	photo	clic2025-native	/home/lilith/work/codec-corpus/clic2025/training/2a2420f929cd47122eae364a2bc27710.png	tiny	64	64	43	2151.435791	0.390476	0.081666	0.014446	0.013829	0.000000	0.000000	31.913624	0.078417	0.558264	407.000000	0.147892	0.007790	0.007680	0.000000	0.042500	0.054860	3.000000	0.132195	4.033787	32.549999	8.625000	0.000000	0.000000	0.000000	0.000000	0.422535	0.000000	0.806895	0.000000	0.000000	80.000000	80.000000	0.000000	0.000000	1.000000	0.000000	8.000000	0.000000	0.160974	4.386604	0.422937	0.493880	0.101696	0.000000	1.000000	1.000000	0.400000	0.513672	14.393970	0.000000	0.157143	0.024206	0.000000	2752.000000	7.920083	43.000000	64.000000	8256.000000	0.671875	0.397683	0.116279	0.116279	0.488372	0.488372	3.000000	4.479697	4.775558	4.852192	4.942964	4.964883	0.847988	1.000000	1.000000	1.000000	0.159811	0.209252	0.321493	0.417343	18.000000	37.000000	63.000000	128.000000	210.000000	0.079365	0.126984	0.142857	0.222222	0.000000	0.015873	0.015873	0.031746	11.426265	3.439648	8.000000	52.459507	9.018696	3.761200	4.158883	8.030084	8.030084	8.317766	8.317766
1fbc6c8d02b88a4107ff7043ff74d0b5f1852c9d3a8cec21da6de569c50b41ed	photo	clic2025-native	/home/lilith/work/codec-corpus/clic2025/training/b51d5fb537246482ef7a7ab63f093cab.png	medium	1024	1024	559	1282.348633	0.009720	0.165129	0.002526	0.003684	0.844656	0.247396	78.811714	0.033105	2.046392	2058.000000	0.062805	0.000320	0.000300	0.000000	0.004470	0.004160	3.000000	0.059162	3.697386	2.379529	3.182065	0.088768	0.000000	0.000000	0.000000	0.059050	0.358825	0.270741	0.000000	0.000000	80.000000	80.000000	0.000000	0.000000	1.000000	0.000000	8.000000	0.000000	0.002425	1.857140	1.057156	0.007473	0.000000	0.000000	1.000000	1.000000	0.222826	0.047924	16.261061	0.131341	0.010438	0.005823	0.000000	572416.000000	13.257621	559.000000	1024.000000	1717248.000000	0.545898	0.605322	0.001789	0.001789	0.030411	0.030411	3.000000	1.698969	2.585460	3.283468	3.693727	4.743454	0.026446	0.050146	0.142206	0.325485	0.026353	0.056722	0.111407	0.207431	1.000000	2.000000	6.000000	27.000000	255.000000	0.000000	0.000000	0.000000	0.015873	0.000000	0.000000	0.000000	0.000000	19.126705	5.757712	13.500000	756.581787	14.356234	6.326149	6.931472	13.259409	13.259409	13.287580	13.287580
2c3bee67c5454f971564178f15bf81150306bfc6c664c41e94b41702e0cd816e	photo	clic2025-native	/home/lilith/work/codec-corpus/clic2025/training/28d24b9c83de066597ff96a68769884f.png	tiny	64	64	42	3820.451416	0.191667	0.165420	0.016935	0.007930	0.275000	0.000000	73.352798	0.085851	0.866937	300.000000	0.111607	0.024990	0.015070	1.000000	0.035590	0.030520	2.000000	0.139010	4.016180	27.600000	15.375000	0.000000	0.000000	0.000000	0.000000	0.323944	0.000000	0.801791	0.000000	0.000000	80.000000	80.000000	0.000000	0.000000	1.000000	0.000000	8.000000	0.000000	0.233631	3.788462	1.135908	0.081965	0.020265	0.000000	1.000000	1.000000	0.475000	0.391797	33.073635	0.100000	0.123810	0.031349	0.000000	2688.000000	7.896553	42.000000	64.000000	8064.000000	0.656250	0.421213	0.142857	0.142857	0.523810	0.523810	3.000000	4.015574	4.626092	5.031784	5.400790	5.401057	0.229297	0.798461	1.000000	1.000000	0.031320	0.209367	0.514462	1.000000	3.000000	22.000000	60.000000	171.000000	243.000000	0.000000	0.047619	0.079365	0.238095	0.000000	0.000000	0.015873	0.063492	11.392318	3.429429	8.000000	51.845924	8.995165	3.737670	4.158883	8.030084	8.030084	8.317766	8.317766
202bf14d9c3ed1e702a6468d58b8dcaaa6a77a0d4afc75ab790f8b2b22f3cb43	mixed	kadid10k-distortion-set	/home/lilith/work/codec-corpus/kadid10k/I65.png	tiny	64	64	48	3428.010010	0.505235	0.082377	0.020671	0.014591	0.000000	0.000000	36.177860	0.287786	0.659249	659.000000	0.214518	0.024400	0.025590	0.000000	0.078520	0.091220	3.000000	0.167732	4.576258	64.416664	14.333333	0.000000	0.000000	0.000000	0.000000	0.422535	0.000000	0.964133	0.000000	0.000000	80.000000	80.000000	0.000000	0.000000	1.000000	0.000000	8.000000	0.000000	0.121745	4.758918	0.546050	0.721978	0.152726	0.000000	1.000000	1.000000	0.333333	0.629232	33.188244	0.000000	0.243717	0.033399	0.000000	3072.000000	8.030084	48.000000	64.000000	9216.000000	0.750000	0.287682	0.000000	0.000000	0.333333	0.333333	3.000000	4.952490	5.070459	5.347106	5.383286	5.522513	1.000000	1.000000	1.000000	1.000000	0.218267	0.351949	0.442389	0.575729	28.000000	66.000000	117.000000	254.000000	255.000000	0.111111	0.174603	0.253968	0.317460	0.015873	0.015873	0.031746	0.047619	11.584963	3.487421	8.000000	55.425625	9.128696	3.871201	4.158883	8.030084	8.030084	8.317766	8.317766
202bf14d9c3ed1e702a6468d58b8dcaaa6a77a0d4afc75ab790f8b2b22f3cb43	mixed	kadid10k-distortion-set	/home/lilith/work/codec-corpus/kadid10k/I65.png	small	256	256	192	3892.204102	0.261041	0.085415	0.009882	0.007353	0.233073	0.001302	37.183056	0.615083	0.952531	1796.000000	0.054810	0.006210	0.005570	1.000000	0.022160	0.018440	5.000000	0.168918	4.593352	34.503906	7.308594	0.000000	0.000000	0.000000	0.000000	0.422535	0.001488	0.967515	0.000000	0.000000	80.000000	80.000000	0.000000	0.000000	1.000000	0.000000	8.000000	0.000000	0.124186	3.931825	1.096236	0.085144	0.028576	0.000000	1.000000	1.000000	0.468750	0.609049	32.160603	0.053385	0.123305	0.014323	0.000000	49152.000000	10.802672	192.000000	256.000000	147456.000000	0.750000	0.287682	0.000000	0.000000	0.000000	0.000000	3.000000	4.259927	4.810668	5.159946	5.348585	5.534073	0.274832	0.904716	1.000000	1.000000	0.047347	0.126420	0.261678	0.424802	7.000000	33.000000	82.000000	208.000000	255.000000	0.000000	0.015873	0.095238	0.206349	0.000000	0.000000	0.000000	0.015873	15.584963	4.691541	11.000000	221.702499	11.901285	5.257495	5.545177	10.802672	10.802672	10.802672	10.802672
205365b7ac403ec93bb90434d123181faa6672c5ec5282400b86bd1e433f0244	photo	CID22-512px	/home/lilith/work/codec-corpus/CID22/CID22-512/validation/844297.png	small	64	64	64	2704.059570	0.255480	0.111908	0.012630	0.017514	0.015625	0.000000	49.590675	0.057739	0.704536	746.000000	0.182129	0.005030	0.006320	0.000000	0.073180	0.082720	2.000000	0.072060	4.356384	37.156250	19.296875	0.000000	0.000000	0.000000	0.000000	0.422535	0.000000	0.900401	0.000000	0.000000	80.000000	80.000000	0.000000	0.000000	1.000000	0.000000	8.000000	0.000000	0.000000	4.355916	0.512436	0.537669	0.181029	0.000000	1.000000	1.000000	0.796875	0.513184	16.621225	0.000000	0.134425	0.041171	0.000000	4096.000000	8.317766	64.000000	64.000000	12288.000000	1.000000	0.000000	0.000000	0.000000	0.000000	0.000000	3.000000	4.350696	4.772560	4.982189	5.088628	5.216787	0.784839	1.000000	1.000000	1.000000	0.284164	0.427095	0.516616	0.629741	9.000000	22.000000	47.000000	114.000000	191.000000	0.047619	0.079365	0.126984	0.190476	0.015873	0.031746	0.031746	0.063492	12.000000	3.612360	8.500000	64.000000	9.416378	4.158883	4.158883	8.317766	8.317766	8.317766	8.317766
205365b7ac403ec93bb90434d123181faa6672c5ec5282400b86bd1e433f0244	photo	CID22-512px	/home/lilith/work/codec-corpus/CID22/CID22-512/validation/844297.png	medium	256	256	256	2733.412354	0.047505	0.112452	0.004534	0.006222	0.399414	0.007812	49.796669	0.033000	1.205147	1108.000000	0.033813	0.000790	0.000700	0.000000	0.010750	0.008600	2.000000	0.048539	4.373341	11.305664	6.861328	0.000000	0.000000	0.000000	0.000000	0.080290	0.008929	0.865852	0.000000	0.000000	80.000000	80.000000	0.000000	0.000000	1.000000	0.000000	8.000000	0.000000	0.000122	3.282569	0.822239	0.090352	0.034017	0.000000	1.000000	1.000000	0.778320	0.509399	11.698204	0.007812	0.049278	0.014602	0.000000	65536.000000	11.090355	256.000000	256.000000	196608.000000	1.000000	0.000000	0.000000	0.000000	0.000000	0.000000	3.000000	3.308508	3.873927	4.379458	4.597342	4.918188	0.175257	0.354217	0.684817	1.000000	0.059957	0.127672	0.246876	0.388356	2.000000	5.000000	12.000000	50.000000	218.000000	0.000000	0.015873	0.031746	0.063492	0.000000	0.000000	0.015873	0.031746	16.000000	4.816480	11.000000	256.000000	12.188967	5.545177	5.545177	11.090355	11.090355	11.090355	11.090355
20812d9bf1ce6dc2e572df57c1efef3dd4f70a6c8bd76d76beaea91ae8d9d79c	photo	CID22-512px	/home/lilith/work/codec-corpus/CID22/CID22-512/training/8442861.png	small	64	64	64	1852.464966	0.087428	0.045708	0.003475	0.003473	0.531250	0.000000	22.714882	0.011681	0.892232	199.000000	0.048584	0.000450	0.001350	0.000000	0.002750	0.009750	0.000000	0.050933	3.258252	12.187500	3.562500	0.000000	0.000000	0.000000	0.000000	0.252236	0.000000	0.530149	8.000000	1.000000	80.000000	80.000000	0.000000	0.000000	1.000000	0.000000	8.000000	0.000000	0.000000	3.179103	1.020740	0.083262	0.023414	0.000000	1.000000	1.000000	0.734375	0.418945	13.463593	0.000000	0.053323	0.006696	0.000000	4096.000000	8.317766	64.000000	64.000000	12288.000000	1.000000	0.000000	0.000000	0.000000	0.000000	0.000000	3.000000	2.913408	4.232793	4.521332	4.622974	4.842751	0.107559	0.219217	0.961459	1.000000	0.028128	0.076303	0.189046	0.266791	1.000000	6.000000	18.000000	60.000000	110.000000	0.000000	0.015873	0.015873	0.079365	0.000000	0.000000	0.000000	0.015873	12.000000	3.612360	8.500000	64.000000	9.416378	4.158883	4.158883	8.317766	8.317766	8.317766	8.317766
3a4c7f92332d8e203aa345460e00fcf67bc39b185822a9c5f65d04d7fffb5897	photo	clic2025-native	/home/lilith/work/codec-corpus/clic2025/training/2a2420f929cd47122eae364a2bc27710.png	small	256	256	171	2194.880615	0.112092	0.082335	0.007418	0.007304	0.111607	0.000000	31.990259	0.085231	1.012742	851.000000	0.025970	0.002340	0.002100	0.000000	0.016270	0.016950	2.000000	0.100489	4.090333	15.976191	4.312500	0.005952	0.000000	0.000000	0.000000	0.189450	0.005102	0.823285	0.000000	0.000000	80.000000	80.000000	0.000000	0.000000	1.000000	0.000000	8.000000	0.000000	0.159128	3.766301	0.555834	0.238626	0.041438	0.000000	1.000000	1.000000	0.563988	0.511277	12.266521	0.002976	0.073106	0.008503	0.000000	43776.000000	10.686841	171.000000	256.000000	131328.000000	0.667969	0.403514	0.029240	0.029240	0.122807	0.122807	3.000000	3.768546	4.156791	4.509024	4.659216	4.891610	0.368981	0.583283	0.921688	1.000000	0.067352	0.107891	0.166254	0.241316	7.000000	16.000000	29.000000	74.000000	255.000000	0.015873	0.031746	0.063492	0.095238	0.000000	0.000000	0.000000	0.015873	15.417852	4.641236	10.500000	209.227142	11.785453	5.141664	5.545177	10.715661	10.715661	10.802672	10.802672
20812d9bf1ce6dc2e572df57c1efef3dd4f70a6c8bd76d76beaea91ae8d9d79c	photo	CID22-512px	/home/lilith/work/codec-corpus/CID22/CID22-512/training/8442861.png	medium	256	256	256	1855.728271	0.005290	0.045799	0.001766	0.001541	0.757812	0.261719	22.741154	0.003732	1.648558	284.000000	0.008667	0.000160	0.000220	0.000000	0.000770	0.001070	0.000000	0.017768	3.272712	4.142578	1.104492	0.000000	0.000000	0.000000	0.000000	0.254436	0.299107	0.126116	0.000000	0.000000	80.000000	80.000000	0.000000	0.000000	1.000000	0.000000	8.000000	0.000000	0.000000	2.281278	0.942052	0.026396	0.008477	0.000000	1.000000	1.000000	0.383789	0.428848	5.654035	0.000000	0.013982	0.002093	0.000000	65536.000000	11.090355	256.000000	256.000000	196608.000000	1.000000	0.000000	0.000000	0.000000	0.000000	0.000000	3.000000	1.865918	3.022577	3.758458	4.059712	4.551364	0.035778	0.061014	0.258766	0.607338	0.018274	0.027377	0.058598	0.111622	1.000000	3.000000	5.000000	13.000000	65.000000	0.000000	0.000000	0.000000	0.015873	0.000000	0.000000	0.000000	0.000000	16.000000	4.816480	11.000000	256.000000	12.188967	5.545177	5.545177	11.090355	11.090355	11.090355	11.090355
212c7b26c48f67b3aefafeb7403622be45f4831149d4b8644ad4007ee77e51fa	photo	gb82-photos	/home/lilith/work/codec-corpus/gb82/pixel-lossless.png	small	64	64	64	2740.458252	0.188461	0.064540	0.010832	0.006890	0.203125	0.000000	22.587669	0.070381	0.995335	592.000000	0.144531	0.010820	0.007940	0.000000	0.039300	0.028690	3.000000	0.086136	3.702689	27.656250	8.390625	0.000000	0.000000	0.000000	0.000000	0.360400	0.000000	0.710924	0.000000	0.000000	80.000000	80.000000	0.000000	0.000000	1.000000	0.000000	8.000000	0.000000	0.124756	3.913308	0.842977	0.184851	0.027190	0.000000	1.000000	1.000000	0.640625	0.015869	26.937904	0.000000	0.109375	0.018353	0.000000	4096.000000	8.317766	64.000000	64.000000	12288.000000	1.000000	0.000000	0.000000	0.000000	0.000000	0.000000	3.000000	4.002576	4.632158	5.023391	5.236549	5.498039	0.368284	0.795056	1.000000	1.000000	0.052413	0.137169	0.255037	0.526573	5.000000	16.000000	52.000000	131.000000	255.000000	0.015873	0.031746	0.063492	0.190476	0.000000	0.000000	0.015873	0.031746	12.000000	3.612360	8.500000	64.000000	9.416378	4.158883	4.158883	8.317766	8.317766	8.317766	8.317766
212c7b26c48f67b3aefafeb7403622be45f4831149d4b8644ad4007ee77e51fa	photo	gb82-photos	/home/lilith/work/codec-corpus/gb82/pixel-lossless.png	medium	256	256	256	2792.638428	0.051672	0.066355	0.004644	0.003219	0.608398	0.130859	23.176962	0.041194	1.381130	1530.000000	0.046692	0.002460	0.003480	1.000000	0.007430	0.009590	4.000000	0.047824	3.690608	10.536133	3.830078	0.011719	0.000000	0.000000	0.000000	0.130910	0.159598	0.449459	0.000000	0.000000	80.000000	80.000000	0.000000	0.000000	1.000000	0.000000	8.000000	0.000000	0.128159	2.819266	1.123286	0.037181	0.012605	0.000000	1.000000	1.000000	0.712891	0.019409	17.873995	0.135742	0.035730	0.007906	0.000000	65536.000000	11.090355	256.000000	256.000000	196608.000000	1.000000	0.000000	0.000000	0.000000	0.000000	0.000000	3.000000	2.726269	3.642290	4.536274	4.840271	5.129094	0.072368	0.176446	0.526415	1.000000	0.019980	0.034473	0.096312	0.253367	1.000000	2.000000	8.000000	67.000000	213.000000	0.000000	0.000000	0.015873	0.031746	0.000000	0.000000	0.000000	0.000000	16.000000	4.816480	11.000000	256.000000	12.188967	5.545177	5.545177	11.090355	11.090355	11.090355	11.090355
2c3bee67c5454f971564178f15bf81150306bfc6c664c41e94b41702e0cd816e	photo	clic2025-native	/home/lilith/work/codec-corpus/clic2025/training/28d24b9c83de066597ff96a68769884f.png	small	256	256	167	3929.704590	0.092623	0.166736	0.006111	0.003406	0.517187	0.256250	73.682167	0.121151	1.291978	720.000000	0.021973	0.004970	0.003860	0.000000	0.008100	0.009080	2.000000	0.119284	4.039259	13.051562	5.360938	0.006250	0.000000	0.000000	0.000000	0.156545	0.298214	0.439023	0.000000	0.000000	80.000000	80.000000	0.000000	0.000000	1.000000	0.000000	8.000000	0.000000	0.235732	2.815714	1.349013	0.018997	0.012547	0.000000	1.000000	1.000000	0.365625	0.390112	25.302540	0.142188	0.058259	0.009524	0.000000	42752.000000	10.663171	167.000000	256.000000	128256.000000	0.652344	0.427184	0.005988	0.053892	0.149701	0.149701	3.000000	3.003784	3.950849	4.510965	4.953900	5.388913	0.034546	0.238085	0.658971	1.000000	0.018726	0.029922	0.111968	0.332893	1.000000	6.000000	28.000000	115.000000	255.000000	0.000000	0.000000	0.015873	0.095238	0.000000	0.000000	0.000000	0.000000	15.383704	4.630957	10.500000	206.765564	11.761784	5.117994	5.545177	10.669142	10.715661	10.802672	10.802672
21e973f2e43000b1ec369ce783d018360bd446e61b81118bbca3d64bf53110f3	photo	CID22-512px	/home/lilith/work/codec-corpus/CID22/CID22-512/training/No-interference.png	small	64	64	64	134.347672	0.130763	0.014797	0.005717	0.000736	0.328125	0.218750	4.535593	0.040089	1.012955	30.000000	0.007324	0.009510	0.001970	0.000000	0.001050	0.000210	0.000000	0.421060	1.156999	5.890625	1.000000	0.156250	0.000000	0.000000	0.000000	0.621431	0.383929	0.253981	8.000000	1.000000	80.000000	80.000000	0.000000	0.000000	1.000000	0.000000	8.000000	0.000000	0.935791	2.872385	1.290152	0.006419	0.000000	0.537201	1.000000	1.000000	0.093750	0.000000	18.373402	0.140625	0.057788	0.001240	0.000000	4096.000000	8.317766	64.000000	64.000000	12288.000000	1.000000	0.000000	0.000000	0.000000	0.000000	0.000000	3.000000	3.309417	3.697577	4.203018	4.470475	4.697953	0.056978	0.310477	0.495357	0.802623	0.000000	0.000000	0.139058	0.159546	2.000000	15.000000	34.000000	85.000000	255.000000	0.000000	0.000000	0.047619	0.079365	0.000000	0.000000	0.000000	0.000000	12.000000	3.612360	8.500000	64.000000	9.416378	4.158883	4.158883	8.317766	8.317766	8.317766	8.317766
21e973f2e43000b1ec369ce783d018360bd446e61b81118bbca3d64bf53110f3	photo	CID22-512px	/home/lilith/work/codec-corpus/CID22/CID22-512/training/No-interference.png	medium	256	256	256	351.087372	0.090319	0.028755	0.005233	0.000673	0.738281	0.583984	8.521123	0.433647	1.567685	85.000000	0.002594	0.029790	0.005960	4.000000	0.003310	0.000660	0.000000	0.543427	0.852188	9.238281	2.274414	0.696289	0.000000	0.000000	0.000000	0.596006	1.000000	0.142672	8.000000	1.000000	80.000000	80.000000	0.000000	0.000000	1.000000	0.000000	8.000000	0.000000	0.979630	1.662514	1.932582	0.000000	0.000000	0.659125	1.000000	1.000000	0.014648	0.000000	34.390453	0.730469	0.049619	0.005937	0.000000	65536.000000	11.090355	256.000000	256.000000	196608.000000	1.000000	0.000000	0.000000	0.000000	0.000000	0.000000	3.000000	0.000000	3.195899	4.661216	4.708716	5.239152	0.000000	0.000000	0.221288	1.000000	0.000000	0.000000	0.000000	0.223730	0.000000	2.000000	35.000000	184.000000	255.000000	0.000000	0.000000	0.000000	0.015873	0.000000	0.000000	0.000000	0.000000	16.000000	4.816480	11.000000	256.000000	12.188967	5.545177	5.545177	11.090355	11.090355	11.090355	11.090355
2f3d5b9b639bbf5b382f47af437f57f86e1a3c4299f982ea81cc55fb396f9666	photo	clic2025-native	/home/lilith/work/codec-corpus/clic2025/training/7e499613c3e376ea93afb3649719abeb.png	tiny	64	48	64	4209.547852	0.403918	0.105333	0.023145	0.013628	0.104167	0.000000	51.591602	0.141275	0.721891	378.000000	0.123047	0.033920	0.036930	1.000000	0.070770	0.070350	2.000000	0.188035	4.323972	35.708332	14.270833	0.000000	0.000000	0.000000	0.000000	0.422535	0.000000	0.891006	0.000000	0.000000	80.000000	80.000000	0.000000	0.000000	1.000000	0.000000	8.000000	0.000000	0.002279	4.276249	0.740686	0.257259	0.042201	0.000000	1.000000	1.000000	0.333333	0.704427	20.152811	0.000000	0.173611	0.028770	0.000000	3072.000000	8.030084	48.000000	64.000000	9216.000000	0.750000	0.287682	0.000000	0.000000	0.333333	0.333333	3.000000	4.435452	4.777579	5.117405	5.158857	5.266592	0.806671	1.000000	1.000000	1.000000	0.085453	0.271908	0.527307	0.666014	18.000000	49.000000	85.000000	167.000000	255.000000	0.015873	0.142857	0.190476	0.253968	0.000000	0.000000	0.031746	0.047619	11.584963	3.487421	8.000000	55.425625	9.128696	3.871201	4.158883	8.030084	8.030084	8.317766	8.317766
22d93a3e7d0986a12d43f0526ddc4e74143052d78b44cc635f1afe946f5db107	photo	CID22-512px	/home/lilith/work/codec-corpus/CID22/CID22-512/training/pexels-photo-4177747.png	small	64	64	64	3690.880859	0.580751	0.153332	0.039626	0.042863	0.000000	0.000000	59.391129	0.328057	0.755608	891.000000	0.217529	0.079780	0.028700	1.000000	0.608850	0.205910	11.000000	0.271248	4.400948	47.656250	25.718750	0.000000	0.000000	0.000000	0.000000	0.422535	0.000000	0.913318	0.000000	0.000000	80.000000	80.000000	0.000000	0.000000	1.000000	0.000000	8.000000	0.000000	0.035400	4.591528	0.434020	0.719109	0.126482	0.000000	1.000000	1.000000	0.078125	0.305176	25.124035	0.000000	0.235119	0.037698	0.000000	4096.000000	8.317766	64.000000	64.000000	12288.000000	1.000000	0.000000	0.000000	0.000000	0.000000	0.000000	3.000000	4.576531	4.937924	5.159357	5.269751	5.454580	0.937725	1.000000	1.000000	1.000000	0.219492	0.343665	0.527294	0.977924	38.000000	73.000000	121.000000	214.000000	255.000000	0.126984	0.190476	0.238095	0.285714	0.000000	0.015873	0.031746	0.047619	12.000000	3.612360	8.500000	64.000000	9.416378	4.158883	4.158883	8.317766	8.317766	8.317766	8.317766
22d93a3e7d0986a12d43f0526ddc4e74143052d78b44cc635f1afe946f5db107	photo	CID22-512px	/home/lilith/work/codec-corpus/CID22/CID22-512/training/pexels-photo-4177747.png	medium	256	256	256	4197.636230	0.433725	0.163336	0.027925	0.031444	0.095703	0.010742	62.802670	0.906717	0.944845	2618.000000	0.079895	0.040100	0.020100	2.000000	0.428380	0.182190	20.000000	0.272529	4.442933	33.691406	21.047852	0.000000	0.000000	0.000000	0.000000	0.422535	0.012277	0.912514	0.000000	0.000000	80.000000	80.000000	0.000000	0.000000	1.000000	0.000000	8.000000	0.000000	0.033417	4.252559	0.805500	0.235454	0.057395	0.000000	1.000000	1.000000	0.126953	0.277557	23.904776	0.000000	0.176246	0.043527	0.000000	65536.000000	11.090355	256.000000	256.000000	196608.000000	1.000000	0.000000	0.000000	0.000000	0.000000	0.000000	3.000000	4.466928	4.779998	4.999148	5.110132	5.363865	0.685083	1.000000	1.000000	1.000000	0.141315	0.382484	0.619127	0.815055	23.000000	57.000000	99.000000	195.000000	255.000000	0.015873	0.111111	0.174603	0.253968	0.000000	0.015873	0.047619	0.063492	16.000000	4.816480	11.000000	256.000000	12.188967	5.545177	5.545177	11.090355	11.090355	11.090355	11.090355
22e3065d88d197e49ab2b84a0ca90f634b095b45e3bce9b53aea956fcfddae17	photo	CID22-512px	/home/lilith/work/codec-corpus/CID22/CID22-512/training/pexels-photo-3193731.png	small	64	64	64	5735.776367	0.336105	0.182816	0.029164	0.027424	0.140625	0.000000	69.067551	0.252494	0.730690	1084.000000	0.264648	0.066680	0.062470	8.000000	0.444850	0.215330	23.000000	0.164406	4.442114	56.640625	41.156250	0.000000	0.000000	0.000000	0.000000	0.422535	0.000000	0.925250	0.000000	0.000000	80.000000	80.000000	0.000000	0.000000	1.000000	0.000000	8.000000	0.000000	0.070312	4.320821	0.873020	0.215665	0.105106	0.000000	1.000000	1.000000	0.343750	0.074707	33.607388	0.000000	0.200893	0.058036	0.000000	4096.000000	8.317766	64.000000	64.000000	12288.000000	1.000000	0.000000	0.000000	0.000000	0.000000	0.000000	3.000000	4.465642	5.097650	5.360003	5.462540	5.517833	0.465714	1.000000	1.000000	1.000000	0.148235	0.346784	0.929868	1.000000	15.000000	48.000000	104.000000	230.000000	255.000000	0.031746	0.079365	0.206349	0.301587	0.000000	0.015873	0.063492	0.095238	12.000000	3.612360	8.500000	64.000000	9.416378	4.158883	4.158883	8.317766	8.317766	8.317766	8.317766
22e3065d88d197e49ab2b84a0ca90f634b095b45e3bce9b53aea956fcfddae17	photo	CID22-512px	/home/lilith/work/codec-corpus/CID22/CID22-512/training/pexels-photo-3193731.png	medium	256	256	256	6054.395020	0.192172	0.188599	0.015782	0.012245	0.349609	0.048828	70.814583	0.457618	1.154364	3556.000000	0.108521	0.022130	0.021680	5.000000	0.094130	0.050690	21.000000	0.176087	4.455204	25.018555	16.397461	0.001953	0.000000	0.000000	0.000000	0.324798	0.057478	0.870073	0.000000	0.000000	80.000000	80.000000	0.000000	0.000000	1.000000	0.000000	8.000000	0.000000	0.068756	3.512824	1.194621	0.062035	0.033816	0.000000	1.000000	1.000000	0.307617	0.069260	31.815660	0.011719	0.108786	0.025902	0.000000	65536.000000	11.090355	256.000000	256.000000	196608.000000	1.000000	0.000000	0.000000	0.000000	0.000000	0.000000	3.000000	3.685652	4.511194	5.069841	5.243838	5.464164	0.115753	0.481836	1.000000	1.000000	0.053456	0.131189	0.287106	0.632569	5.000000	22.000000	60.000000	180.000000	255.000000	0.000000	0.000000	0.063492	0.190476	0.000000	0.000000	0.015873	0.031746	16.000000	4.816480	11.000000	256.000000	12.188967	5.545177	5.545177	11.090355	11.090355	11.090355	11.090355
2344bcc115e4361c8752ed9816e0becb8b236b9d54138eb5f305993698d33f48	photo	CID22-512px	/home/lilith/work/codec-corpus/CID22/CID22-512/training/53435.png	small	64	64	64	3624.461914	0.448980	0.188774	0.027231	0.009245	0.000000	0.000000	64.914330	0.242760	0.649575	936.000000	0.228516	0.036350	0.102690	2.000000	0.026980	0.049380	1.000000	0.162656	4.509538	56.218750	32.078125	0.000000	0.000000	0.000000	0.000000	0.422535	0.000000	0.944794	0.000000	0.000000	80.000000	80.000000	0.000000	0.000000	1.000000	0.000000	8.000000	0.000000	0.007568	4.578164	0.547046	0.538683	0.217288	0.000000	1.000000	1.000000	0.390625	0.001709	25.772467	0.000000	0.193700	0.048611	0.000000	4096.000000	8.317766	64.000000	64.000000	12288.000000	1.000000	0.000000	0.000000	0.000000	0.000000	0.000000	3.000000	4.642120	5.044986	5.246368	5.257246	5.379629	0.777951	1.000000	1.000000	1.000000	0.337868	0.430786	0.894564	1.000000	25.000000	58.000000	98.000000	209.000000	255.000000	0.063492	0.111111	0.190476	0.269841	0.015873	0.031746	0.047619	0.063492	12.000000	3.612360	8.500000	64.000000	9.416378	4.158883	4.158883	8.317766	8.317766	8.317766	8.317766
2f3d5b9b639bbf5b382f47af437f57f86e1a3c4299f982ea81cc55fb396f9666	photo	clic2025-native	/home/lilith/work/codec-corpus/clic2025/training/7e499613c3e376ea93afb3649719abeb.png	small	256	192	256	4491.947266	0.206919	0.108864	0.012905	0.008268	0.338542	0.061198	52.626156	0.328366	0.944937	871.000000	0.026581	0.009090	0.010450	1.000000	0.024890	0.024830	3.000000	0.172781	4.311395	22.309896	8.981771	0.002604	0.000000	0.000000	0.000000	0.349723	0.072173	0.813450	0.000000	0.000000	80.000000	80.000000	0.000000	0.000000	1.000000	0.000000	8.000000	0.000000	0.002360	3.492159	1.261942	0.045861	0.010320	0.000000	1.000000	1.000000	0.507812	0.699422	24.458302	0.031250	0.102431	0.019387	0.000000	49152.000000	10.802672	192.000000	256.000000	147456.000000	0.750000	0.287682	0.000000	0.000000	0.000000	0.000000	3.000000	3.972825	4.452995	4.945464	5.088774	5.214861	0.102593	0.710954	1.000000	1.000000	0.030360	0.166066	0.353425	0.515976	3.000000	21.000000	59.000000	158.000000	255.000000	0.000000	0.000000	0.079365	0.174603	0.000000	0.000000	0.015873	0.031746	15.584963	4.691541	11.000000	221.702499	11.901285	5.257495	5.545177	10.802672	10.802672	10.802672	10.802672
3a4c7f92332d8e203aa345460e00fcf67bc39b185822a9c5f65d04d7fffb5897	photo	clic2025-native	/home/lilith/work/codec-corpus/clic2025/training/2a2420f929cd47122eae364a2bc27710.png	medium	1024	1024	683	2223.317383	0.054924	0.083204	0.005473	0.005598	0.471875	0.016176	32.254391	0.254698	1.861514	1508.000000	0.046021	0.001920	0.002090	0.000000	0.016970	0.018240	5.000000	0.235511	4.096985	6.431985	1.826287	0.001838	0.000000	0.000000	0.000000	0.092828	0.020063	0.783222	0.000000	0.000000	80.000000	80.000000	0.000000	0.000000	1.000000	0.000000	8.000000	0.000000	0.152086	3.068264	0.756404	0.076973	0.023168	0.000000	1.000000	1.000000	0.574449	0.510856	14.206149	0.027574	0.041010	0.003647	0.000000	699392.000000	13.457967	683.000000	1024.000000	2098176.000000	0.666992	0.404977	0.007321	0.007321	0.030747	0.030747	3.000000	3.118094	3.625427	4.038098	4.220072	4.643203	0.141279	0.269526	0.450970	0.761309	0.033205	0.057078	0.105709	0.181016	2.000000	7.000000	20.000000	76.000000	255.000000	0.000000	0.015873	0.031746	0.047619	0.000000	0.000000	0.000000	0.000000	19.415741	5.844721	13.500000	836.296570	14.556579	6.526495	6.931472	13.465261	13.465261	13.488250	13.488250
2344bcc115e4361c8752ed9816e0becb8b236b9d54138eb5f305993698d33f48	photo	CID22-512px	/home/lilith/work/codec-corpus/CID22/CID22-512/training/53435.png	medium	256	256	256	4019.359131	0.375102	0.193967	0.025621	0.010502	0.130859	0.000000	66.490211	0.814609	0.992052	2680.000000	0.081787	0.043030	0.059510	3.000000	0.038050	0.044920	2.000000	0.311721	4.627882	31.292969	16.268555	0.000000	0.000000	0.000000	0.000000	0.422535	0.000000	0.979096	0.000000	0.000000	80.000000	80.000000	0.000000	0.000000	1.000000	0.000000	8.000000	0.000000	0.013062	4.084502	0.773035	0.201531	0.083875	0.000000	1.000000	1.000000	0.286133	0.007523	24.945784	0.000000	0.159071	0.030366	0.000000	65536.000000	11.090355	256.000000	256.000000	196608.000000	1.000000	0.000000	0.000000	0.000000	0.000000	0.000000	3.000000	4.134192	4.690392	5.009754	5.149708	5.317283	0.441662	0.812020	1.000000	1.000000	0.162672	0.283132	0.481073	0.690079	17.000000	45.000000	89.000000	211.000000	255.000000	0.015873	0.063492	0.126984	0.253968	0.000000	0.015873	0.015873	0.047619	16.000000	4.816480	11.000000	256.000000	12.188967	5.545177	5.545177	11.090355	11.090355	11.090355	11.090355
3ad760c9af98b273b50d2816db6b558b9cbe5afe93cbb8d8d2c8e10063f3146b	photo	clic2025-1024px-resized	/home/lilith/work/codec-corpus/clic2025-1024/ef576c4ed599d75d72145a8f34b58ccb.png	small	64	64	64	1820.760986	0.408919	0.121098	0.030394	0.032044	0.109375	0.000000	53.522697	0.247723	0.786705	1078.000000	0.263184	0.061870	0.054850	3.000000	0.416290	0.343520	25.000000	0.291905	3.882398	39.890625	23.781250	0.000000	0.000000	0.000000	0.000000	0.439099	0.000000	0.763014	0.000000	0.000000	80.000000	80.000000	0.000000	0.000000	1.000000	0.000000	8.000000	0.000000	0.005371	4.218884	0.758883	0.223834	0.135009	0.000000	1.000000	1.000000	0.171875	0.025635	25.900225	0.000000	0.184524	0.052827	0.000000	4096.000000	8.317766	64.000000	64.000000	12288.000000	1.000000	0.000000	0.000000	0.000000	0.000000	0.000000	3.000000	4.419446	4.860893	5.065940	5.119760	5.370774	0.449127	1.000000	1.000000	1.000000	0.245217	0.378172	0.639246	0.893477	20.000000	53.000000	104.000000	222.000000	255.000000	0.015873	0.063492	0.174603	0.301587	0.015873	0.015873	0.047619	0.079365	12.000000	3.612360	8.500000	64.000000	9.416378	4.158883	4.158883	8.317766	8.317766	8.317766	8.317766
2c3bee67c5454f971564178f15bf81150306bfc6c664c41e94b41702e0cd816e	photo	clic2025-native	/home/lilith/work/codec-corpus/clic2025/training/28d24b9c83de066597ff96a68769884f.png	medium	1024	1024	666	4012.530518	0.037556	0.169234	0.003114	0.002025	0.753200	0.293298	73.909714	0.194775	1.660819	1458.000000	0.044495	0.000870	0.000720	0.000000	0.002710	0.002570	1.000000	0.137091	4.020789	5.492945	1.091251	0.001881	0.000000	0.000000	0.000000	0.063476	0.336811	0.283183	0.000000	0.000000	80.000000	80.000000	0.000000	0.000000	1.000000	0.000000	8.000000	0.000000	0.223974	2.253371	1.128721	0.017101	0.010882	0.000000	1.000000	1.000000	0.292568	0.382468	23.708475	0.021637	0.027281	0.001568	0.000000	681984.000000	13.432761	666.000000	1024.000000	2045952.000000	0.650391	0.430182	0.009009	0.009009	0.009009	0.057057	3.000000	1.934499	3.038366	3.942410	4.565942	5.086288	0.026201	0.066209	0.246456	0.714632	0.017044	0.025063	0.039606	0.070309	1.000000	3.000000	9.000000	74.000000	255.000000	0.000000	0.000000	0.000000	0.031746	0.000000	0.000000	0.000000	0.000000	19.379379	5.833774	13.500000	825.823242	14.531374	6.501290	6.931472	13.441730	13.441730	13.441730	13.488250
3ad760c9af98b273b50d2816db6b558b9cbe5afe93cbb8d8d2c8e10063f3146b	photo	clic2025-1024px-resized	/home/lilith/work/codec-corpus/clic2025-1024/ef576c4ed599d75d72145a8f34b58ccb.png	medium	256	256	256	2112.366455	0.251918	0.130654	0.018611	0.018475	0.260742	0.029297	56.740700	0.406513	1.024084	4310.000000	0.131531	0.026110	0.030530	4.000000	0.131370	0.178230	14.000000	0.186999	3.938982	24.523438	18.922852	0.000000	0.000000	0.000000	0.000000	0.431129	0.033482	0.744032	0.000000	0.000000	80.000000	80.000000	0.000000	0.000000	1.000000	0.000000	8.000000	0.000000	0.007584	3.743254	1.040645	0.090794	0.051504	0.000000	1.000000	1.000000	0.286133	0.024323	22.214191	0.005859	0.119342	0.035668	0.000000	65536.000000	11.090355	256.000000	256.000000	196608.000000	1.000000	0.000000	0.000000	0.000000	0.000000	0.000000	3.000000	3.908886	4.623094	4.958145	5.091419	5.237594	0.244432	0.639513	1.000000	1.000000	0.121429	0.266875	0.532936	0.796101	8.000000	28.000000	64.000000	155.000000	255.000000	0.000000	0.015873	0.095238	0.206349	0.000000	0.000000	0.031746	0.063492	16.000000	4.816480	11.000000	256.000000	12.188967	5.545177	5.545177	11.090355	11.090355	11.090355	11.090355
3ad760c9af98b273b50d2816db6b558b9cbe5afe93cbb8d8d2c8e10063f3146b	photo	clic2025-1024px-resized	/home/lilith/work/codec-corpus/clic2025-1024/ef576c4ed599d75d72145a8f34b58ccb.png	large	1024	1024	1024	2173.972412	0.097492	0.133709	0.009175	0.008360	0.448975	0.041138	57.708225	0.346324	1.339210	10866.000000	0.331604	0.009420	0.011060	7.000000	0.027860	0.041420	13.000000	0.086975	3.945520	11.914062	10.244141	0.001953	0.000000	0.000000	0.000000	0.172449	0.048689	0.731627	0.000000	0.000000	80.000000	80.000000	0.000000	0.000000	1.000000	0.000000	8.000000	0.000000	0.007444	3.135410	1.054791	0.038627	0.013557	0.000000	1.000000	1.000000	0.314453	0.026148	15.205432	0.002930	0.054393	0.019035	0.000000	1048576.000000	13.862944	1024.000000	1024.000000	3145728.000000	1.000000	0.000000	0.000000	0.000000	0.000000	0.000000	3.000000	3.102042	4.021798	4.578628	4.825264	5.080242	0.080203	0.253690	0.774366	1.000000	0.042556	0.109582	0.277626	0.520490	5.000000	12.000000	26.000000	74.000000	255.000000	0.000000	0.000000	0.015873	0.095238	0.000000	0.000000	0.000000	0.031746	20.000000	6.020600	14.000000	1024.000000	14.961555	6.931472	6.931472	13.862944	13.862944	13.862944	13.862944
3b7ff164a43aeb87b3454fd1e7a2ade1cd7d03611cca6a768959128cd7b134f1	photo	CID22-512px	/home/lilith/work/codec-corpus/CID22/CID22-512/training/67216.png	small	64	64	64	3078.013184	0.339128	0.089680	0.027200	0.012598	0.015625	0.000000	39.803341	0.125764	0.796263	953.000000	0.232666	0.037520	0.040600	2.000000	0.047600	0.046090	1.000000	0.177107	4.233403	29.593750	16.265625	0.000000	0.000000	0.000000	0.000000	0.422535	0.000000	0.864754	0.000000	0.000000	80.000000	80.000000	0.000000	0.000000	1.000000	0.000000	8.000000	0.000000	0.019531	4.220816	0.579910	0.298352	0.202952	0.000000	1.000000	1.000000	0.187500	0.245605	21.587595	0.000000	0.152530	0.036210	0.000000	4096.000000	8.317766	64.000000	64.000000	12288.000000	1.000000	0.000000	0.000000	0.000000	0.000000	0.000000	3.000000	4.269557	4.660021	4.986048	5.046258	5.264643	0.553496	0.995384	1.000000	1.000000	0.266692	0.347765	0.434326	0.578052	20.000000	39.000000	71.000000	157.000000	255.000000	0.031746	0.079365	0.142857	0.238095	0.015873	0.015873	0.031746	0.047619	12.000000	3.612360	8.500000	64.000000	9.416378	4.158883	4.158883	8.317766	8.317766	8.317766	8.317766
2d243a0030e4fa59d1142b7586e9094a8d463b4e67fa4f6c18d3298cd204ae3b	photo	clic2025-1024px-resized	/home/lilith/work/codec-corpus/clic2025-1024/937476dd72f98638f34299dda5e9c252621b5e809c364692fc2934e000583286.png	small	64	64	64	877.841248	0.002520	0.000000	0.000000	0.000000	0.312500	0.000000	0.000000	0.009184	0.599265	15.000000	0.003662	0.000000	0.000000	0.000000	0.000000	0.000000	0.000000	0.260094	3.485208	4.375000	0.000000	0.000000	0.000000	0.000000	0.000000	0.499298	0.000000	0.362319	4.000000	1.000000	80.000000	80.000000	0.000000	0.000000	1.000000	0.000000	8.000000	0.000000	1.000000	3.195790	0.213644	0.184062	0.000000	0.000000	1.000000	1.000000	0.078125	0.000000	1.543186	0.000000	0.025794	0.000000	1.000000	4096.000000	8.317766	64.000000	64.000000	12288.000000	1.000000	0.000000	0.000000	0.000000	0.000000	0.000000	3.000000	3.188770	3.342050	3.483621	3.524524	3.719723	0.230781	0.279226	0.346317	0.414783	0.000000	0.000000	0.000000	0.000000	8.000000	14.000000	20.000000	31.000000	49.000000	0.015873	0.015873	0.031746	0.031746	0.000000	0.000000	0.000000	0.000000	12.000000	3.612360	8.500000	64.000000	9.416378	4.158883	4.158883	8.317766	8.317766	8.317766	8.317766
3b7ff164a43aeb87b3454fd1e7a2ade1cd7d03611cca6a768959128cd7b134f1	photo	CID22-512px	/home/lilith/work/codec-corpus/CID22/CID22-512/training/67216.png	medium	256	256	256	3269.394531	0.276940	0.099328	0.030914	0.015586	0.019531	0.000000	42.646027	0.355057	1.186348	2890.000000	0.088196	0.050100	0.038230	5.000000	0.072760	0.053830	4.000000	0.236101	4.315907	18.480469	11.829102	0.001953	0.000000	0.000000	0.000000	0.422535	0.001674	0.888669	0.000000	0.000000	80.000000	80.000000	0.000000	0.000000	1.000000	0.000000	8.000000	0.000000	0.017242	3.987162	0.496339	0.300414	0.126863	0.000000	1.000000	1.000000	0.120117	0.247437	16.122744	0.000000	0.118133	0.028103	0.000000	65536.000000	11.090355	256.000000	256.000000	196608.000000	1.000000	0.000000	0.000000	0.000000	0.000000	0.000000	3.000000	3.967080	4.310082	4.679126	4.884970	5.121317	0.410250	0.620875	0.979154	1.000000	0.173022	0.255270	0.360483	0.495439	17.000000	35.000000	59.000000	125.000000	255.000000	0.031746	0.063492	0.111111	0.158730	0.000000	0.015873	0.015873	0.047619	16.000000	4.816480	11.000000	256.000000	12.188967	5.545177	5.545177	11.090355	11.090355	11.090355	11.090355
3c22190ef30bb468cc1e5e77d59fd99024b8f15b287bf7df206f0155fd7837eb	photo	CID22-512px	/home/lilith/work/codec-corpus/CID22/CID22-512/training/1910225.png	small	64	64	64	2222.021484	0.237843	0.215463	0.026706	0.041524	0.218750	0.000000	87.070007	0.044590	0.844630	1421.000000	0.346924	0.043440	0.025390	2.000000	0.453590	0.852820	49.000000	0.072872	3.914870	27.015625	57.250000	0.000000	0.000000	0.000000	0.000000	0.413979	0.000000	0.772426	0.000000	0.000000	80.000000	80.000000	0.000000	0.000000	1.000000	0.000000	8.000000	0.000000	0.001465	3.866913	1.075326	0.071676	0.053818	0.000000	1.000000	1.000000	0.593750	0.012939	15.507872	0.000000	0.102927	0.074901	0.000000	4096.000000	8.317766	64.000000	64.000000	12288.000000	1.000000	0.000000	0.000000	0.000000	0.000000	0.000000	3.000000	4.336860	4.646494	4.903450	5.040621	5.290038	0.351121	1.000000	1.000000	1.000000	0.380101	0.855642	1.000000	1.000000	7.000000	20.000000	42.000000	98.000000	178.000000	0.000000	0.047619	0.111111	0.142857	0.000000	0.047619	0.079365	0.111111	12.000000	3.612360	8.500000	64.000000	9.416378	4.158883	4.158883	8.317766	8.317766	8.317766	8.317766
2d243a0030e4fa59d1142b7586e9094a8d463b4e67fa4f6c18d3298cd204ae3b	photo	clic2025-1024px-resized	/home/lilith/work/codec-corpus/clic2025-1024/937476dd72f98638f34299dda5e9c252621b5e809c364692fc2934e000583286.png	medium	256	256	256	936.107300	0.120953	0.000000	0.000000	0.000000	0.030273	0.000000	0.000000	0.185664	0.657038	19.000000	0.000580	0.000000	0.000000	0.000000	0.000000	0.000000	0.000000	0.842606	3.616147	4.356445	0.000000	0.000000	0.000000	0.000000	0.000000	0.681026	0.000000	0.395985	8.000000	1.000000	80.000000	80.000000	0.000000	0.000000	1.000000	0.000000	8.000000	0.000000	1.000000	3.481602	0.183778	0.216141	0.000000	0.000000	1.000000	1.000000	0.000000	0.000000	4.650664	0.000000	0.041651	0.000000	1.000000	65536.000000	11.090355	256.000000	256.000000	196608.000000	1.000000	0.000000	0.000000	0.000000	0.000000	0.000000	3.000000	3.501940	3.602576	3.702505	3.753181	3.875232	0.261217	0.317288	0.386825	0.451479	0.000000	0.000000	0.000000	0.000000	17.000000	30.000000	44.000000	72.000000	164.000000	0.015873	0.015873	0.031746	0.063492	0.000000	0.000000	0.000000	0.000000	16.000000	4.816480	11.000000	256.000000	12.188967	5.545177	5.545177	11.090355	11.090355	11.090355	11.090355
23853b548b24c4c6ff5c1a9aa88542373ce24a7bc89d14e2944ca80c4ab737ad	photo	clic2025-native	/home/lilith/work/codec-corpus/clic2025/final-test/b0b3744cc6b5ad6426b1ac02909b4389ea7fc4140d72a888ccdfb21f573a6db4.png	tiny	64	64	43	2882.509277	0.367460	0.160443	0.032302	0.015897	0.000000	0.000000	58.861710	0.146137	0.677171	1245.000000	0.452398	0.081620	0.141040	2.000000	0.102180	0.222150	5.000000	0.193599	4.479074	41.900002	28.174999	0.000000	0.000000	0.000000	0.000000	0.422535	0.000000	0.935963	0.000000	0.000000	80.000000	80.000000	0.000000	0.000000	1.000000	0.000000	8.000000	0.000000	0.009448	4.411610	0.470237	0.631819	0.104019	0.000000	1.000000	1.000000	0.400000	0.167578	28.134508	0.050000	0.138492	0.051984	0.000000	2752.000000	7.920083	43.000000	64.000000	8256.000000	0.671875	0.397683	0.116279	0.116279	0.488372	0.488372	3.000000	4.289666	5.003073	5.115008	5.232424	5.242747	0.741829	1.000000	1.000000	1.000000	0.282369	0.420232	0.728434	1.000000	18.000000	46.000000	90.000000	183.000000	255.000000	0.031746	0.031746	0.142857	0.222222	0.015873	0.015873	0.047619	0.079365	11.426265	3.439648	8.000000	52.459507	9.018696	3.761200	4.158883	8.030084	8.030084	8.317766	8.317766
3c22190ef30bb468cc1e5e77d59fd99024b8f15b287bf7df206f0155fd7837eb	photo	CID22-512px	/home/lilith/work/codec-corpus/CID22/CID22-512/training/1910225.png	medium	256	256	256	2269.187012	0.067912	0.221942	0.015637	0.017536	0.484375	0.173828	89.038795	0.062446	1.261305	4503.000000	0.137421	0.050830	0.026500	10.000000	0.165330	0.130840	28.000000	0.090494	3.926110	11.452148	25.929688	0.018555	0.000000	0.000000	0.000000	0.125188	0.214565	0.565747	0.000000	0.000000	80.000000	80.000000	0.000000	0.000000	1.000000	0.000000	8.000000	0.000000	0.001190	2.927941	1.216835	0.024695	0.024037	0.000000	1.000000	1.000000	0.473633	0.010681	14.421899	0.036133	0.043186	0.035203	0.000000	65536.000000	11.090355	256.000000	256.000000	196608.000000	1.000000	0.000000	0.000000	0.000000	0.000000	0.000000	3.000000	3.158056	3.922038	4.477224	4.649905	4.870339	0.049422	0.277787	0.706681	1.000000	0.055019	0.278303	0.592789	1.000000	1.000000	6.000000	18.000000	71.000000	229.000000	0.000000	0.000000	0.031746	0.063492	0.000000	0.000000	0.015873	0.063492	16.000000	4.816480	11.000000	256.000000	12.188967	5.545177	5.545177	11.090355	11.090355	11.090355	11.090355
2f3d5b9b639bbf5b382f47af437f57f86e1a3c4299f982ea81cc55fb396f9666	photo	clic2025-native	/home/lilith/work/codec-corpus/clic2025/training/7e499613c3e376ea93afb3649719abeb.png	medium	1024	768	1024	4633.344238	0.116559	0.109487	0.005245	0.003361	0.563558	0.324544	52.807537	0.865530	1.261677	1839.000000	0.056122	0.001240	0.001220	0.000000	0.003160	0.002940	1.000000	0.225765	4.292666	14.765625	4.370117	0.007812	0.000000	0.000000	0.000000	0.197001	0.377604	0.437617	0.000000	0.000000	80.000000	80.000000	0.000000	0.000000	1.000000	0.000000	8.000000	0.000000	0.002290	2.786625	1.418841	0.022906	0.000000	0.000000	1.000000	1.000000	0.315430	0.697187	25.640968	0.052734	0.063678	0.009223	0.000000	786432.000000	13.575261	768.000000	1024.000000	2359296.000000	0.750000	0.287682	0.000000	0.000000	0.000000	0.000000	3.000000	2.872119	4.100981	4.681042	5.007021	5.214204	0.032793	0.202479	0.807187	1.000000	0.005629	0.069592	0.179195	0.282682	2.000000	8.000000	34.000000	146.000000	255.000000	0.000000	0.000000	0.015873	0.095238	0.000000	0.000000	0.000000	0.015873	19.584963	5.895661	13.500000	886.809998	14.673874	6.643790	6.931472	13.575261	13.575261	13.575261	13.575261
3ce6f1afab7548fe137331028467f0d7514899f624f066b53bac75bdca1b5c32	photo	CID22-512px	/home/lilith/work/codec-corpus/CID22/CID22-512/training/1200348.png	small	64	64	64	2239.083984	0.190728	0.182653	0.029442	0.015373	0.156250	0.000000	64.975632	0.066212	0.924516	891.000000	0.217529	0.105360	0.033060	7.000000	0.194050	0.047660	13.000000	0.124214	3.716203	23.750000	24.359375	0.000000	0.000000	0.000000	0.000000	0.362329	0.000000	0.714842	0.000000	0.000000	80.000000	80.000000	0.000000	0.000000	1.000000	0.000000	8.000000	0.000000	0.190430	3.858883	0.844549	0.214166	0.075359	0.000000	1.000000	1.000000	0.546875	0.385986	20.644754	0.000000	0.112599	0.040923	0.000000	4096.000000	8.317766	64.000000	64.000000	12288.000000	1.000000	0.000000	0.000000	0.000000	0.000000	0.000000	3.000000	4.020195	4.525250	4.748720	5.080747	5.271249	0.372792	0.709930	1.000000	1.000000	0.131292	0.248265	0.781950	1.000000	6.000000	20.000000	48.000000	129.000000	255.000000	0.015873	0.047619	0.095238	0.174603	0.000000	0.000000	0.031746	0.063492	12.000000	3.612360	8.500000	64.000000	9.416378	4.158883	4.158883	8.317766	8.317766	8.317766	8.317766
2d243a0030e4fa59d1142b7586e9094a8d463b4e67fa4f6c18d3298cd204ae3b	photo	clic2025-1024px-resized	/home/lilith/work/codec-corpus/clic2025-1024/937476dd72f98638f34299dda5e9c252621b5e809c364692fc2934e000583286.png	large	1024	1024	1024	2600.516357	0.930097	0.000000	0.000000	0.000000	0.000000	0.000000	0.000000	18.835104	0.516895	32.000000	0.000977	0.000000	0.000000	0.000000	0.000000	0.000000	0.000000	2.020521	4.475355	65.723633	0.000000	0.000000	0.000000	0.000000	0.000000	0.845069	0.000000	0.645031	8.000000	1.000000	80.000000	80.000000	0.000000	0.000000	1.000000	0.000000	8.000000	0.000000	1.000000	4.897015	0.148929	0.874813	0.000000	0.000000	1.000000	1.000000	0.000000	0.000000	31.576733	0.000000	0.334961	0.000000	1.000000	1048576.000000	13.862944	1024.000000	1024.000000	3145728.000000	1.000000	0.000000	0.000000	0.000000	0.000000	0.000000	3.000000	4.917042	4.996144	5.057734	5.093854	5.151040	1.000000	1.000000	1.000000	1.000000	0.000000	0.000000	0.000000	0.000000	90.000000	153.000000	221.000000	255.000000	255.000000	0.269841	0.301587	0.333333	0.365079	0.000000	0.000000	0.000000	0.000000	20.000000	6.020600	14.000000	1024.000000	14.961555	6.931472	6.931472	13.862944	13.862944	13.862944	13.862944
2f7d79fb9c7df690b159c078fb0c692a30a120ec093d56d4247ca984ca1e7038	photo	CID22-512px	/home/lilith/work/codec-corpus/CID22/CID22-512/training/708587.png	small	64	64	64	5250.889160	0.387503	0.105719	0.017988	0.020564	0.078125	0.000000	43.652897	0.290014	0.763262	931.000000	0.227295	0.027540	0.032990	1.000000	0.215060	0.244660	11.000000	0.140638	4.517698	61.968750	18.781250	0.000000	0.000000	0.000000	0.000000	0.422535	0.000000	0.947159	0.000000	0.000000	80.000000	80.000000	0.000000	0.000000	1.000000	0.000000	8.000000	0.000000	0.130127	4.597256	0.824139	0.305766	0.085773	0.000000	1.000000	1.000000	0.375000	0.200439	36.094418	0.000000	0.214286	0.032986	0.000000	4096.000000	8.317766	64.000000	64.000000	12288.000000	1.000000	0.000000	0.000000	0.000000	0.000000	0.000000	3.000000	4.852943	5.112938	5.469792	5.552041	5.676185	1.000000	1.000000	1.000000	1.000000	0.140126	0.260342	0.568840	0.903661	16.000000	58.000000	120.000000	221.000000	255.000000	0.031746	0.158730	0.222222	0.301587	0.000000	0.015873	0.031746	0.063492	12.000000	3.612360	8.500000	64.000000	9.416378	4.158883	4.158883	8.317766	8.317766	8.317766	8.317766
2f7d79fb9c7df690b159c078fb0c692a30a120ec093d56d4247ca984ca1e7038	photo	CID22-512px	/home/lilith/work/codec-corpus/CID22/CID22-512/training/708587.png	medium	256	256	256	5559.487305	0.192372	0.114018	0.015263	0.014748	0.434570	0.008789	46.383842	0.436659	1.043234	3202.000000	0.097717	0.022060	0.028370	4.000000	0.115800	0.148730	18.000000	0.144958	4.470595	26.678711	11.088867	0.012695	0.000000	0.000000	0.000000	0.325136	0.020926	0.922891	0.000000	0.000000	80.000000	80.000000	0.000000	0.000000	1.000000	0.000000	8.000000	0.000000	0.151306	3.544470	1.213450	0.071161	0.026423	0.000000	1.000000	1.000000	0.358398	0.166824	31.608280	0.007812	0.107592	0.024430	0.000000	65536.000000	11.090355	256.000000	256.000000	196608.000000	1.000000	0.000000	0.000000	0.000000	0.000000	0.000000	3.000000	3.591133	4.693841	5.077507	5.268426	5.524222	0.118934	0.441517	1.000000	1.000000	0.042359	0.097234	0.399202	0.670653	3.000000	18.000000	59.000000	175.000000	255.000000	0.000000	0.000000	0.047619	0.206349	0.000000	0.000000	0.000000	0.047619	16.000000	4.816480	11.000000	256.000000	12.188967	5.545177	5.545177	11.090355	11.090355	11.090355	11.090355
3ce6f1afab7548fe137331028467f0d7514899f624f066b53bac75bdca1b5c32	photo	CID22-512px	/home/lilith/work/codec-corpus/CID22/CID22-512/training/1200348.png	medium	256	256	256	2311.948242	0.067789	0.185602	0.011445	0.005857	0.581055	0.093750	65.912155	0.065231	1.305839	2648.000000	0.080811	0.017420	0.010400	4.000000	0.027250	0.015440	7.000000	0.073339	3.705134	10.246094	10.780273	0.000000	0.000000	0.000000	0.000000	0.156104	0.107143	0.598408	0.000000	0.000000	80.000000	80.000000	0.000000	0.000000	1.000000	0.000000	8.000000	0.000000	0.192200	2.897909	1.094288	0.034178	0.019756	0.000000	1.000000	1.000000	0.645508	0.378448	17.175209	0.045898	0.043604	0.016834	0.000000	65536.000000	11.090355	256.000000	256.000000	196608.000000	1.000000	0.000000	0.000000	0.000000	0.000000	0.000000	3.000000	2.835335	3.720499	4.464728	4.801815	5.062252	0.081780	0.205586	0.557983	1.000000	0.034734	0.075985	0.237483	0.617940	1.000000	4.000000	15.000000	75.000000	255.000000	0.000000	0.000000	0.015873	0.063492	0.000000	0.000000	0.000000	0.031746	16.000000	4.816480	11.000000	256.000000	12.188967	5.545177	5.545177	11.090355	11.090355	11.090355	11.090355
3d19240702fbad945c087d175a29c37774aa47b3250e63a1b509d39394569d14	mixed	kadid10k-distortion-set	/home/lilith/work/codec-corpus/kadid10k/I04.png	tiny	64	64	48	3411.985840	0.506923	0.136241	0.013711	0.010428	0.000000	0.000000	48.014988	0.221186	0.695193	603.000000	0.196289	0.014080	0.015480	0.000000	0.054410	0.064080	3.000000	0.162145	4.392850	56.604168	11.479167	0.000000	0.000000	0.000000	0.000000	0.422535	0.000000	0.910971	0.000000	0.000000	80.000000	80.000000	0.000000	0.000000	1.000000	0.000000	8.000000	0.000000	0.068359	4.646633	0.547273	0.786840	0.080486	0.000000	1.000000	1.000000	0.395833	0.424805	24.718128	0.000000	0.199405	0.022487	0.000000	3072.000000	8.030084	48.000000	64.000000	9216.000000	0.750000	0.287682	0.000000	0.000000	0.333333	0.333333	3.000000	4.842481	5.009200	5.226847	5.236156	5.470520	1.000000	1.000000	1.000000	1.000000	0.096227	0.154658	0.381417	0.702196	26.000000	64.000000	105.000000	200.000000	255.000000	0.015873	0.142857	0.206349	0.269841	0.000000	0.000000	0.015873	0.047619	11.584963	3.487421	8.000000	55.425625	9.128696	3.871201	4.158883	8.030084	8.030084	8.317766	8.317766
23853b548b24c4c6ff5c1a9aa88542373ce24a7bc89d14e2944ca80c4ab737ad	photo	clic2025-native	/home/lilith/work/codec-corpus/clic2025/final-test/b0b3744cc6b5ad6426b1ac02909b4389ea7fc4140d72a888ccdfb21f573a6db4.png	small	256	256	170	3250.215820	0.361345	0.173154	0.039399	0.019019	0.252976	0.000000	62.575489	0.607101	1.202290	5452.000000	0.166382	0.140880	0.139530	11.000000	0.184170	0.168010	9.000000	0.355829	4.563565	24.116072	25.958334	0.005952	0.000000	0.000000	0.000000	0.422535	0.005102	0.960454	0.000000	0.000000	80.000000	80.000000	0.000000	0.000000	1.000000	0.000000	8.000000	0.000000	0.010018	3.932870	0.799792	0.192025	0.033017	0.000000	1.000000	1.000000	0.413690	0.127209	21.509705	0.000000	0.138818	0.045163	0.000000	43520.000000	10.680976	170.000000	256.000000	130560.000000	0.664062	0.409379	0.035294	0.035294	0.129412	0.129412	3.000000	4.180495	4.514452	4.854318	5.028810	5.233924	0.264883	0.741435	1.000000	1.000000	0.075570	0.391701	0.664975	0.902635	12.000000	45.000000	90.000000	194.000000	255.000000	0.015873	0.031746	0.126984	0.222222	0.000000	0.000000	0.031746	0.079365	15.409391	4.638689	10.500000	208.614471	11.779588	5.135798	5.545177	10.715661	10.715661	10.802672	10.802672
3d19240702fbad945c087d175a29c37774aa47b3250e63a1b509d39394569d14	mixed	kadid10k-distortion-set	/home/lilith/work/codec-corpus/kadid10k/I04.png	small	256	256	192	3902.515381	0.340437	0.137332	0.006579	0.005036	0.229167	0.000000	48.380245	0.812726	0.911677	1484.000000	0.045288	0.002690	0.003350	0.000000	0.010490	0.015920	13.000000	0.285953	4.511346	34.813801	4.869792	0.000000	0.000000	0.000000	0.000000	0.422535	0.000000	0.936029	0.000000	0.000000	80.000000	80.000000	0.000000	0.000000	1.000000	0.000000	8.000000	0.000000	0.061096	3.998593	0.982173	0.110610	0.028485	0.000000	1.000000	1.000000	0.317708	0.406413	28.515791	0.000000	0.149905	0.009259	0.000000	49152.000000	10.802672	192.000000	256.000000	147456.000000	0.750000	0.287682	0.000000	0.000000	0.000000	0.000000	3.000000	4.283628	4.841072	5.054440	5.166052	5.394185	0.281998	0.943886	1.000000	1.000000	0.042575	0.074712	0.140374	0.335652	12.000000	45.000000	103.000000	221.000000	255.000000	0.015873	0.031746	0.111111	0.253968	0.000000	0.000000	0.000000	0.015873	15.584963	4.691541	11.000000	221.702499	11.901285	5.257495	5.545177	10.802672	10.802672	10.802672	10.802672
31ecaf91b689092188cbc9763b67133485c37a8a03a382222bd1850c4c0b1d2a	photo	clic2025-1024px-resized	/home/lilith/work/codec-corpus/clic2025-1024/0369d229ba4c9965d5caeb38c359a027a810968eee930b81520b604e76b4df14.png	small	64	64	64	3748.841064	0.359536	0.303092	0.033417	0.034635	0.031250	0.000000	116.182610	0.085012	0.663543	803.000000	0.196045	0.054180	0.035100	1.000000	0.538620	0.301020	18.000000	0.054521	4.416341	55.531250	62.187500	0.000000	0.000000	0.000000	0.000000	0.422535	0.000000	0.917780	0.000000	0.000000	80.000000	80.000000	0.000000	0.000000	1.000000	0.000000	8.000000	0.000000	0.003906	4.645090	0.549374	0.854462	0.138732	0.000000	1.000000	1.000000	0.765625	0.359863	20.461874	0.000000	0.154762	0.065476	0.000000	4096.000000	8.317766	64.000000	64.000000	12288.000000	1.000000	0.000000	0.000000	0.000000	0.000000	0.000000	3.000000	4.750827	4.971930	5.185338	5.263463	5.410971	1.000000	1.000000	1.000000	1.000000	0.321735	0.623321	1.000000	1.000000	13.000000	33.000000	56.000000	124.000000	255.000000	0.079365	0.111111	0.158730	0.206349	0.015873	0.031746	0.063492	0.095238	12.000000	3.612360	8.500000	64.000000	9.416378	4.158883	4.158883	8.317766	8.317766	8.317766	8.317766
3dbae819fbf9623f47e7bd4bf3780373a1a713107ab52e2acd67c4eb92ca87d6	photo	CID22-512px	/home/lilith/work/codec-corpus/CID22/CID22-512/training/5184684.png	small	64	64	64	1921.022949	0.374150	0.102894	0.015613	0.017090	0.109375	0.000000	40.382153	0.187244	0.684567	749.000000	0.182861	0.016150	0.016720	0.000000	0.193720	0.168530	13.000000	0.249861	3.873521	36.562500	12.062500	0.000000	0.000000	0.000000	0.000000	0.440349	0.000000	0.760441	0.000000	0.000000	80.000000	80.000000	0.000000	0.000000	1.000000	0.000000	8.000000	0.000000	0.013184	4.284317	0.777560	0.259534	0.028243	0.000000	1.000000	1.000000	0.359375	0.314453	23.676018	0.000000	0.183780	0.025794	0.000000	4096.000000	8.317766	64.000000	64.000000	12288.000000	1.000000	0.000000	0.000000	0.000000	0.000000	0.000000	3.000000	4.704116	4.867713	4.987907	5.095286	5.260975	0.499265	1.000000	1.000000	1.000000	0.059830	0.152522	0.331183	0.691586	16.000000	50.000000	95.000000	177.000000	255.000000	0.031746	0.079365	0.222222	0.269841	0.000000	0.000000	0.015873	0.031746	12.000000	3.612360	8.500000	64.000000	9.416378	4.158883	4.158883	8.317766	8.317766	8.317766	8.317766
31ecaf91b689092188cbc9763b67133485c37a8a03a382222bd1850c4c0b1d2a	photo	clic2025-1024px-resized	/home/lilith/work/codec-corpus/clic2025-1024/0369d229ba4c9965d5caeb38c359a027a810968eee930b81520b604e76b4df14.png	medium	256	256	256	3803.630859	0.085736	0.305321	0.013868	0.013412	0.315430	0.022461	117.008232	0.074124	1.341812	2127.000000	0.064911	0.010220	0.006500	1.000000	0.094320	0.045570	20.000000	0.062090	4.434484	15.744141	18.219727	0.012695	0.000000	0.000000	0.000000	0.144906	0.036551	0.895912	0.000000	0.000000	80.000000	80.000000	0.000000	0.000000	1.000000	0.000000	8.000000	0.000000	0.003662	3.441252	0.947146	0.070958	0.032697	0.000000	1.000000	1.000000	0.540039	0.361038	14.422915	0.022461	0.055122	0.023562	0.000000	65536.000000	11.090355	256.000000	256.000000	196608.000000	1.000000	0.000000	0.000000	0.000000	0.000000	0.000000	3.000000	3.600204	4.154963	4.565056	4.797664	5.077675	0.181324	0.480120	0.926641	1.000000	0.054750	0.142702	0.351930	0.837521	4.000000	11.000000	24.000000	67.000000	209.000000	0.000000	0.015873	0.047619	0.079365	0.000000	0.000000	0.015873	0.031746	16.000000	4.816480	11.000000	256.000000	12.188967	5.545177	5.545177	11.090355	11.090355	11.090355	11.090355
3dbae819fbf9623f47e7bd4bf3780373a1a713107ab52e2acd67c4eb92ca87d6	photo	CID22-512px	/home/lilith/work/codec-corpus/CID22/CID22-512/training/5184684.png	medium	256	256	256	2053.651367	0.172426	0.107280	0.008953	0.010246	0.309570	0.018555	42.006889	0.238988	1.175169	1669.000000	0.050934	0.005800	0.007450	1.000000	0.095530	0.119130	24.000000	0.140822	3.914527	19.583008	8.619141	0.000000	0.000000	0.000000	0.000000	0.303463	0.021205	0.749918	0.000000	0.000000	80.000000	80.000000	0.000000	0.000000	1.000000	0.000000	8.000000	0.000000	0.020828	3.602748	1.007066	0.081453	0.021585	0.000000	1.000000	1.000000	0.504883	0.287064	18.846809	0.014648	0.086279	0.017098	0.000000	65536.000000	11.090355	256.000000	256.000000	196608.000000	1.000000	0.000000	0.000000	0.000000	0.000000	0.000000	3.000000	3.765776	4.483900	4.825219	4.949731	5.101346	0.201054	0.517299	1.000000	1.000000	0.031237	0.092465	0.202249	0.514378	5.000000	18.000000	47.000000	122.000000	255.000000	0.000000	0.015873	0.063492	0.142857	0.000000	0.000000	0.000000	0.015873	16.000000	4.816480	11.000000	256.000000	12.188967	5.545177	5.545177	11.090355	11.090355	11.090355	11.090355
31ecaf91b689092188cbc9763b67133485c37a8a03a382222bd1850c4c0b1d2a	photo	clic2025-1024px-resized	/home/lilith/work/codec-corpus/clic2025-1024/0369d229ba4c9965d5caeb38c359a027a810968eee930b81520b604e76b4df14.png	large	1024	1024	1024	3825.373291	0.044248	0.306596	0.007229	0.006664	0.606079	0.013062	117.576927	0.241109	1.759340	4120.000000	0.125732	0.002920	0.002090	0.000000	0.017200	0.009670	13.000000	0.222238	4.449780	5.120117	4.916992	0.001953	0.000000	0.000000	0.000000	0.074785	0.016602	0.911698	0.000000	0.000000	80.000000	80.000000	0.000000	0.000000	1.000000	0.000000	8.000000	0.000000	0.003468	2.755058	0.882710	0.031004	0.026860	0.000000	1.000000	1.000000	0.210938	0.361212	10.802460	0.000000	0.028103	0.008340	0.000000	1048576.000000	13.862944	1024.000000	1024.000000	3145728.000000	1.000000	0.000000	0.000000	0.000000	0.000000	0.000000	3.000000	2.815484	3.445971	3.937148	4.129883	4.713460	0.060199	0.176861	0.367181	0.627842	0.039261	0.064248	0.139708	0.262112	3.000000	8.000000	19.000000	65.000000	255.000000	0.000000	0.000000	0.015873	0.031746	0.000000	0.000000	0.000000	0.015873	20.000000	6.020600	14.000000	1024.000000	14.961555	6.931472	6.931472	13.862944	13.862944	13.862944	13.862944
326aa56a8af032657fe37a8bee062f9114568dc0dc916baaa32061498f7d3ee5	mixed	kadid10k-distortion-set	/home/lilith/work/codec-corpus/kadid10k/I15.png	tiny	64	64	48	4222.450684	0.502533	0.083470	0.012593	0.009990	0.125000	0.000000	33.097675	0.308525	0.655531	448.000000	0.145833	0.009750	0.012640	0.000000	0.041230	0.045170	3.000000	0.297184	4.394913	48.750000	9.687500	0.000000	0.000000	0.000000	0.000000	0.422535	0.000000	0.911569	0.000000	0.000000	80.000000	80.000000	0.000000	0.000000	1.000000	0.000000	8.000000	0.000000	0.102865	4.426603	0.738458	0.259156	0.113111	0.000000	1.000000	1.000000	0.229167	0.080404	28.386696	0.000000	0.229828	0.018188	0.000000	3072.000000	8.030084	48.000000	64.000000	9216.000000	0.750000	0.287682	0.000000	0.000000	0.333333	0.333333	3.000000	4.708072	4.951815	5.090882	5.165970	5.305601	0.742112	1.000000	1.000000	1.000000	0.144909	0.183555	0.301867	0.380585	27.000000	71.000000	127.000000	241.000000	255.000000	0.015873	0.158730	0.253968	0.317460	0.000000	0.015873	0.015873	0.031746	11.584963	3.487421	8.000000	55.425625	9.128696	3.871201	4.158883	8.030084	8.030084	8.317766	8.317766
326aa56a8af032657fe37a8bee062f9114568dc0dc916baaa32061498f7d3ee5	mixed	kadid10k-distortion-set	/home/lilith/work/codec-corpus/kadid10k/I15.png	small	256	256	192	4774.607422	0.409629	0.085184	0.007612	0.005980	0.266927	0.042969	33.688671	0.908299	0.929873	1123.000000	0.034271	0.002630	0.003280	0.000000	0.010360	0.011460	1.000000	0.278578	4.527482	36.549480	3.928385	0.005208	0.000000	0.000000	0.000000	0.422535	0.053571	0.898100	0.000000	0.000000	80.000000	80.000000	0.000000	0.000000	1.000000	0.000000	8.000000	0.000000	0.094645	3.823467	1.346290	0.051105	0.034121	0.000000	1.000000	1.000000	0.214844	0.094076	27.796036	0.002604	0.162388	0.007999	0.000000	49152.000000	10.802672	192.000000	256.000000	147456.000000	0.750000	0.287682	0.000000	0.000000	0.000000	0.000000	3.000000	4.409525	4.835019	5.103136	5.237416	5.417781	0.106861	0.988231	1.000000	1.000000	0.053129	0.104746	0.164859	0.241575	19.000000	57.000000	109.000000	219.000000	255.000000	0.000000	0.015873	0.174603	0.253968	0.000000	0.000000	0.000000	0.015873	15.584963	4.691541	11.000000	221.702499	11.901285	5.257495	5.545177	10.802672	10.802672	10.802672	10.802672
2dfa37b91226d946ca8f9a6eaeb1835b8c1931aeb853f8c0fbdf299db1cc3fec	photo	CID22-512px	/home/lilith/work/codec-corpus/CID22/CID22-512/validation/7552578.png	small	64	64	64	3924.334717	0.166289	0.105419	0.007553	0.005420	0.296875	0.109375	41.192738	0.086656	0.844739	328.000000	0.080078	0.007140	0.011160	0.000000	0.021100	0.046830	1.000000	0.114556	3.526134	31.109375	7.984375	0.000000	0.000000	0.000000	0.000000	0.347793	0.125000	0.527654	0.000000	0.000000	80.000000	80.000000	0.000000	0.000000	1.000000	0.000000	8.000000	0.000000	0.484863	3.610264	1.304688	0.044171	0.005349	0.000000	1.000000	1.000000	0.421875	0.333740	32.846180	0.000000	0.112847	0.014385	0.000000	4096.000000	8.317766	64.000000	64.000000	12288.000000	1.000000	0.000000	0.000000	0.000000	0.000000	0.000000	3.000000	3.858296	4.727882	5.210294	5.280564	5.411212	0.173329	0.622532	1.000000	1.000000	0.026851	0.130087	0.292343	0.608607	3.000000	17.000000	56.000000	160.000000	246.000000	0.000000	0.000000	0.111111	0.174603	0.000000	0.000000	0.000000	0.031746	12.000000	3.612360	8.500000	64.000000	9.416378	4.158883	4.158883	8.317766	8.317766	8.317766	8.317766
2dfa37b91226d946ca8f9a6eaeb1835b8c1931aeb853f8c0fbdf299db1cc3fec	photo	CID22-512px	/home/lilith/work/codec-corpus/CID22/CID22-512/validation/7552578.png	medium	256	256	256	4047.556152	0.060223	0.106805	0.003187	0.002367	0.709961	0.365234	41.626324	0.125099	1.438350	834.000000	0.025452	0.001590	0.004140	0.000000	0.005270	0.016460	4.000000	0.083215	3.545468	11.827148	3.275391	0.089844	0.000000	0.000000	0.000000	0.165804	0.494420	0.147314	0.000000	0.000000	80.000000	80.000000	0.000000	0.000000	1.000000	0.000000	8.000000	0.000000	0.500565	2.386891	1.483746	0.006763	0.000000	0.000000	1.000000	1.000000	0.336914	0.331223	34.058632	0.208984	0.036210	0.004914	0.000000	65536.000000	11.090355	256.000000	256.000000	196608.000000	1.000000	0.000000	0.000000	0.000000	0.000000	0.000000	3.000000	2.349247	3.432225	4.564523	5.095632	5.439487	0.027173	0.095009	0.404798	1.000000	0.004318	0.021633	0.053432	0.279435	1.000000	4.000000	14.000000	115.000000	255.000000	0.000000	0.000000	0.000000	0.031746	0.000000	0.000000	0.000000	0.000000	16.000000	4.816480	11.000000	256.000000	12.188967	5.545177	5.545177	11.090355	11.090355	11.090355	11.090355
2d74383267345922b4afb34f04d6249ca9a39869d9954008e24a7794263b9415	photo	clic2025-native	/home/lilith/work/codec-corpus/clic2025/training/0c49a5cce349020bbba2f97ae41e90ba.png	tiny	64	64	42	3503.349854	0.391667	0.198627	0.026341	0.027058	0.125000	0.000000	82.895279	0.172644	0.654169	536.000000	0.199405	0.064400	0.110110	2.000000	0.445230	0.748340	15.000000	0.224950	4.164974	39.500000	48.049999	0.000000	0.000000	0.000000	0.000000	0.422535	0.000000	0.844920	0.000000	0.000000	80.000000	80.000000	0.000000	0.000000	1.000000	0.000000	8.000000	0.000000	0.110491	4.366460	0.728796	0.189419	0.037411	0.000000	1.000000	1.000000	0.225000	0.015625	27.961456	0.000000	0.176984	0.060714	0.000000	2688.000000	7.896553	42.000000	64.000000	8064.000000	0.656250	0.421213	0.142857	0.142857	0.523810	0.523810	3.000000	4.612108	4.920081	5.081660	5.121303	5.253266	0.673448	1.000000	1.000000	1.000000	0.265013	0.759814	1.000000	1.000000	20.000000	53.000000	101.000000	191.000000	255.000000	0.031746	0.095238	0.190476	0.253968	0.000000	0.031746	0.063492	0.095238	11.392318	3.429429	8.000000	51.845924	8.995165	3.737670	4.158883	8.030084	8.030084	8.317766	8.317766
24e1cf12a305c4de4881477f9dff26fda9e49c8a312d5a97fa23cdd8cc25d75d	photo	gb82-photos	/home/lilith/work/codec-corpus/gb82/guitar-lossless.png	small	64	64	64	638.538879	0.373394	0.146147	0.007380	0.022236	0.062500	0.000000	64.126419	0.130882	0.721196	457.000000	0.111572	0.005870	0.003450	0.000000	0.482820	0.171500	21.000000	0.358248	3.293553	20.218750	28.562500	0.000000	0.000000	0.000000	0.000000	0.522035	0.000000	0.652174	0.000000	0.000000	80.000000	80.000000	0.000000	0.000000	1.000000	0.000000	8.000000	0.000000	0.691162	4.087270	0.516925	0.309538	0.000000	0.000000	1.000000	1.000000	0.046875	0.093506	14.832526	0.000000	0.153026	0.033730	0.000000	4096.000000	8.317766	64.000000	64.000000	12288.000000	1.000000	0.000000	0.000000	0.000000	0.000000	0.000000	3.000000	4.211301	4.423932	4.605940	4.805543	4.933150	0.540697	0.805019	1.000000	1.000000	0.000000	0.011691	0.992053	1.000000	21.000000	45.000000	76.000000	140.000000	255.000000	0.031746	0.111111	0.158730	0.222222	0.000000	0.000000	0.000000	0.063492	12.000000	3.612360	8.500000	64.000000	9.416378	4.158883	4.158883	8.317766	8.317766	8.317766	8.317766
24e1cf12a305c4de4881477f9dff26fda9e49c8a312d5a97fa23cdd8cc25d75d	photo	gb82-photos	/home/lilith/work/codec-corpus/gb82/guitar-lossless.png	medium	256	256	256	860.463745	0.209965	0.149583	0.005968	0.010095	0.250000	0.009766	65.433685	0.298519	0.938234	1411.000000	0.043060	0.006760	0.003510	0.000000	0.118710	0.069470	14.000000	0.221732	3.455473	18.006836	10.435547	0.000000	0.000000	0.000000	0.000000	0.431565	0.011161	0.640380	0.000000	0.000000	80.000000	80.000000	0.000000	0.000000	1.000000	0.000000	8.000000	0.000000	0.705170	3.724476	0.879213	0.095542	0.000000	0.000000	1.000000	1.000000	0.323242	0.073120	20.171970	0.000000	0.105624	0.015485	0.000000	65536.000000	11.090355	256.000000	256.000000	196608.000000	1.000000	0.000000	0.000000	0.000000	0.000000	0.000000	3.000000	3.961442	4.438391	4.726281	4.835462	4.994180	0.243453	0.690344	1.000000	1.000000	0.000000	0.000000	0.169040	0.793261	7.000000	22.000000	49.000000	142.000000	255.000000	0.000000	0.031746	0.095238	0.158730	0.000000	0.000000	0.000000	0.015873	16.000000	4.816480	11.000000	256.000000	12.188967	5.545177	5.545177	11.090355	11.090355	11.090355	11.090355
3f14ec46d7e5b41f1792aac72f7eae58863e3d13330baf220bd0925f057fe772	photo	clic2025-native	/home/lilith/work/codec-corpus/clic2025/training/60430844748882ff66b9a5598ef06dd6.png	tiny	64	45	64	3723.816895	0.240981	0.283852	0.034795	0.043638	0.300000	0.000000	120.504311	0.102895	0.591161	414.000000	0.143750	0.080260	0.056730	2.000000	0.812850	0.480140	25.000000	0.093177	3.897474	48.599998	73.625000	0.000000	0.000000	0.000000	0.000000	0.421733	0.000000	0.767384	0.000000	0.000000	80.000000	80.000000	0.000000	0.000000	1.000000	0.000000	8.000000	0.000000	0.006597	4.112185	1.157090	0.125557	0.029289	0.000000	1.000000	1.000000	0.650000	0.090278	27.008726	0.000000	0.138095	0.079365	0.000000	2880.000000	7.965546	45.000000	64.000000	8640.000000	0.703125	0.352221	0.066667	0.066667	0.422222	0.422222	3.000000	4.710088	5.176803	5.271080	5.321003	5.324877	0.192938	1.000000	1.000000	1.000000	0.065107	0.832005	1.000000	1.000000	3.000000	25.000000	74.000000	164.000000	255.000000	0.015873	0.015873	0.142857	0.222222	0.000000	0.000000	0.095238	0.126984	11.491853	3.459393	8.000000	53.665630	9.064157	3.806663	4.158883	8.030084	8.030084	8.317766	8.317766
23853b548b24c4c6ff5c1a9aa88542373ce24a7bc89d14e2944ca80c4ab737ad	photo	clic2025-native	/home/lilith/work/codec-corpus/clic2025/final-test/b0b3744cc6b5ad6426b1ac02909b4389ea7fc4140d72a888ccdfb21f573a6db4.png	medium	1024	1024	680	3683.572998	0.312483	0.185099	0.030778	0.015794	0.374724	0.002757	66.223701	2.954693	1.065372	12566.000000	0.383484	0.073280	0.082560	10.000000	0.108160	0.128100	13.000000	0.459865	4.612813	25.906250	22.092831	0.000000	0.000000	0.000000	0.000000	0.422535	0.003151	0.971398	0.000000	0.000000	80.000000	80.000000	0.000000	0.000000	1.000000	0.000000	8.000000	0.000000	0.013395	3.596982	1.177561	0.061253	0.019490	0.000000	1.000000	1.000000	0.150735	0.113188	29.097630	0.000000	0.140669	0.039770	0.000000	696320.000000	13.453565	680.000000	1024.000000	2088960.000000	0.664062	0.409379	0.000000	0.011765	0.035294	0.035294	3.000000	3.966283	4.655965	4.965032	5.120896	5.317754	0.094368	0.606587	1.000000	1.000000	0.037045	0.227430	0.660758	1.000000	8.000000	40.000000	93.000000	238.000000	255.000000	0.000000	0.000000	0.079365	0.269841	0.000000	0.000000	0.015873	0.063492	19.409391	5.842809	13.500000	834.457886	14.552176	6.522093	6.931472	13.453565	13.465261	13.488250	13.488250
2d74383267345922b4afb34f04d6249ca9a39869d9954008e24a7794263b9415	photo	clic2025-native	/home/lilith/work/codec-corpus/clic2025/training/0c49a5cce349020bbba2f97ae41e90ba.png	small	256	256	170	3877.687012	0.309734	0.206610	0.016905	0.017847	0.223214	0.020833	85.105621	0.456897	0.964258	1322.000000	0.040344	0.045710	0.056580	5.000000	0.316280	0.395020	32.000000	0.212265	4.215075	28.299107	21.787203	0.002976	0.000000	0.000000	0.000000	0.422535	0.026361	0.834281	0.000000	0.000000	80.000000	80.000000	0.000000	0.000000	1.000000	0.000000	8.000000	0.000000	0.142601	3.907475	0.978985	0.117218	0.023099	0.000000	1.000000	1.000000	0.248512	0.015323	22.130493	0.000000	0.107875	0.031675	0.000000	43520.000000	10.680976	170.000000	256.000000	130560.000000	0.664062	0.409379	0.035294	0.035294	0.129412	0.129412	3.000000	4.159815	4.657787	5.019790	5.199260	5.453847	0.263967	0.704415	1.000000	1.000000	0.043153	0.143865	0.650124	1.000000	12.000000	40.000000	82.000000	160.000000	255.000000	0.000000	0.031746	0.079365	0.174603	0.000000	0.000000	0.015873	0.063492	15.409391	4.638689	10.500000	208.614471	11.779588	5.135798	5.545177	10.715661	10.715661	10.802672	10.802672
242ad398f86782161b09811f0bcc69e8752a99773ba772bb55d7f40634329f0b	photo	clic2025-1024px-resized	/home/lilith/work/codec-corpus/clic2025-1024/8bb119b8ca17492392e1e3ea4b811b32.png	small	64	64	64	2873.572021	0.235576	0.066587	0.008171	0.010059	0.109375	0.046875	34.690228	0.054535	0.743382	394.000000	0.096191	0.003430	0.001920	0.000000	0.045980	0.019830	4.000000	0.074796	4.172909	30.515625	8.937500	0.000000	0.000000	0.000000	0.000000	0.398156	0.053571	0.790608	0.000000	0.000000	80.000000	80.000000	0.000000	0.000000	1.000000	0.000000	8.000000	0.000000	0.176514	4.119072	0.851827	0.230724	0.047962	0.000000	1.000000	1.000000	0.656250	0.759766	18.490746	0.000000	0.116319	0.019593	0.000000	4096.000000	8.317766	64.000000	64.000000	12288.000000	1.000000	0.000000	0.000000	0.000000	0.000000	0.000000	3.000000	4.296700	4.745199	4.916733	5.016701	5.185550	0.668353	1.000000	1.000000	1.000000	0.095972	0.174826	0.304830	0.494334	8.000000	20.000000	44.000000	114.000000	251.000000	0.031746	0.063492	0.111111	0.174603	0.000000	0.000000	0.015873	0.031746	12.000000	3.612360	8.500000	64.000000	9.416378	4.158883	4.158883	8.317766	8.317766	8.317766	8.317766
25765b75502ddaac4fe81890b19f5e3f721885f03aea884600bb9ee14232f7f9	photo	clic2025-native	/home/lilith/work/codec-corpus/clic2025/final-test/02809272b4ca9b08af45771501b741296187c7e26907efb44abbbfcb6cd804f7.png	tiny	64	43	64	3119.582031	0.663265	0.077978	0.023244	0.017371	0.000000	0.000000	29.082996	0.282082	0.507913	783.000000	0.284520	0.030550	0.044680	0.000000	0.150390	0.205490	11.000000	0.338875	4.468418	50.275002	11.025000	0.000000	0.000000	0.000000	0.000000	0.422535	0.000000	0.932875	0.000000	0.000000	80.000000	80.000000	0.000000	0.000000	1.000000	0.000000	8.000000	0.000000	0.059956	4.706706	0.235662	1.000000	0.097247	0.000000	1.000000	1.000000	0.100000	0.345567	20.613699	0.000000	0.258730	0.025794	0.000000	2752.000000	7.920083	43.000000	64.000000	8256.000000	0.671875	0.397683	0.116279	0.116279	0.488372	0.488372	3.000000	4.789684	4.866258	4.996415	5.074649	5.108161	1.000000	1.000000	1.000000	1.000000	0.138810	0.216774	0.333048	0.484917	43.000000	81.000000	122.000000	199.000000	255.000000	0.158730	0.222222	0.269841	0.317460	0.000000	0.000000	0.015873	0.047619	11.426265	3.439648	8.000000	52.459507	9.018696	3.761200	4.158883	8.030084	8.030084	8.317766	8.317766
3f14ec46d7e5b41f1792aac72f7eae58863e3d13330baf220bd0925f057fe772	photo	clic2025-native	/home/lilith/work/codec-corpus/clic2025/training/60430844748882ff66b9a5598ef06dd6.png	small	256	181	256	3830.153320	0.084248	0.288664	0.012682	0.014706	0.636364	0.352273	122.102722	0.077812	1.160105	1183.000000	0.036102	0.017410	0.011120	3.000000	0.165670	0.068680	22.000000	0.060609	3.816654	13.980114	21.163353	0.046875	0.000000	0.000000	0.000000	0.168215	0.442776	0.381639	0.000000	0.000000	80.000000	80.000000	0.000000	0.000000	1.000000	0.000000	8.000000	0.000000	0.002762	2.588442	1.467566	0.020614	0.000000	0.000000	1.000000	1.000000	0.465909	0.074909	22.644529	0.103693	0.044169	0.028161	0.000000	46336.000000	10.743674	181.000000	256.000000	139008.000000	0.707031	0.346680	0.016575	0.060773	0.060773	0.060773	3.000000	2.190288	3.818101	4.803949	5.063118	5.266794	0.033753	0.095340	0.636179	1.000000	0.004318	0.049726	0.357046	1.000000	1.000000	3.000000	15.000000	92.000000	255.000000	0.000000	0.000000	0.000000	0.063492	0.000000	0.000000	0.000000	0.047619	15.499846	4.665918	10.500000	215.257980	11.842287	5.198497	5.545177	10.760113	10.802672	10.802672	10.802672
242ad398f86782161b09811f0bcc69e8752a99773ba772bb55d7f40634329f0b	photo	clic2025-1024px-resized	/home/lilith/work/codec-corpus/clic2025-1024/8bb119b8ca17492392e1e3ea4b811b32.png	medium	256	256	256	2923.947266	0.077770	0.067640	0.005838	0.006664	0.329102	0.157227	35.061314	0.093046	1.361552	767.000000	0.023407	0.001710	0.002010	0.000000	0.015390	0.016280	1.000000	0.104134	4.201184	11.621094	3.059570	0.006836	0.000000	0.000000	0.000000	0.131442	0.185547	0.665528	0.000000	0.000000	80.000000	80.000000	0.000000	0.000000	1.000000	0.000000	8.000000	0.000000	0.174576	3.189961	1.098374	0.024580	0.012479	0.000000	1.000000	1.000000	0.308594	0.755325	12.891701	0.018555	0.045759	0.005410	0.000000	65536.000000	11.090355	256.000000	256.000000	196608.000000	1.000000	0.000000	0.000000	0.000000	0.000000	0.000000	3.000000	3.372149	3.926027	4.429093	4.644815	4.993970	0.167406	0.321977	0.683702	1.000000	0.049961	0.076432	0.120828	0.210299	6.000000	15.000000	28.000000	71.000000	215.000000	0.000000	0.015873	0.031746	0.063492	0.000000	0.000000	0.000000	0.000000	16.000000	4.816480	11.000000	256.000000	12.188967	5.545177	5.545177	11.090355	11.090355	11.090355	11.090355
242ad398f86782161b09811f0bcc69e8752a99773ba772bb55d7f40634329f0b	photo	clic2025-1024px-resized	/home/lilith/work/codec-corpus/clic2025-1024/8bb119b8ca17492392e1e3ea4b811b32.png	large	1024	1024	1024	2955.104980	0.034246	0.067966	0.002971	0.003126	0.486694	0.184814	35.180511	0.186858	1.721298	1130.000000	0.034485	0.000350	0.000580	0.000000	0.002170	0.004060	0.000000	0.173931	4.216935	5.231445	1.352539	0.008789	0.000000	0.000000	0.000000	0.057880	0.218750	0.494198	0.000000	0.000000	80.000000	80.000000	0.000000	0.000000	1.000000	0.000000	8.000000	0.000000	0.162477	2.878987	0.988834	0.023811	0.000000	0.000000	1.000000	1.000000	0.147461	0.755642	10.589934	0.009766	0.035854	0.002170	0.000000	1048576.000000	13.862944	1024.000000	1024.000000	3145728.000000	1.000000	0.000000	0.000000	0.000000	0.000000	0.000000	3.000000	3.120486	3.465306	3.898657	4.137951	4.623063	0.137229	0.253305	0.391881	0.650091	0.036996	0.063399	0.093926	0.136649	4.000000	11.000000	19.000000	49.000000	255.000000	0.000000	0.000000	0.031746	0.047619	0.000000	0.000000	0.000000	0.000000	20.000000	6.020600	14.000000	1024.000000	14.961555	6.931472	6.931472	13.862944	13.862944	13.862944	13.862944
245f6563c03d0d2728d679c5195b80e7d1ccdff3ee118648e910a42cadec7525	photo	CID22-512px	/home/lilith/work/codec-corpus/CID22/CID22-512/validation/1189261.png	small	64	64	64	2631.887939	0.475435	0.210116	0.045043	0.029526	0.093750	0.000000	94.791771	0.249273	0.648695	1559.000000	0.380615	0.116870	0.195120	8.000000	0.403860	0.284120	18.000000	0.189627	4.286975	50.390625	51.859375	0.000000	0.000000	0.000000	0.000000	0.422535	0.000000	0.880283	0.000000	0.000000	80.000000	80.000000	0.000000	0.000000	1.000000	0.000000	8.000000	0.000000	0.010742	4.481408	0.798279	0.344177	0.111644	0.000000	1.000000	1.000000	0.234375	0.439697	27.444687	0.000000	0.222222	0.070437	0.000000	4096.000000	8.317766	64.000000	64.000000	12288.000000	1.000000	0.000000	0.000000	0.000000	0.000000	0.000000	3.000000	4.770778	5.015650	5.153134	5.196166	5.362216	1.000000	1.000000	1.000000	1.000000	0.459856	0.663623	1.000000	1.000000	23.000000	62.000000	104.000000	198.000000	255.000000	0.031746	0.111111	0.269841	0.317460	0.000000	0.031746	0.079365	0.111111	12.000000	3.612360	8.500000	64.000000	9.416378	4.158883	4.158883	8.317766	8.317766	8.317766	8.317766
245f6563c03d0d2728d679c5195b80e7d1ccdff3ee118648e910a42cadec7525	photo	CID22-512px	/home/lilith/work/codec-corpus/CID22/CID22-512/validation/1189261.png	medium	256	256	256	3009.262695	0.271572	0.221260	0.024782	0.015204	0.245117	0.000000	98.093147	0.500126	1.042178	4857.000000	0.148224	0.045090	0.121820	16.000000	0.147320	0.152400	42.000000	0.146225	4.331499	32.708984	29.631836	0.000000	0.000000	0.000000	0.000000	0.422535	0.000000	0.893188	0.000000	0.000000	80.000000	80.000000	0.000000	0.000000	1.000000	0.000000	8.000000	0.000000	0.016495	3.910231	1.059384	0.090182	0.054673	0.000000	1.000000	1.000000	0.395508	0.405106	25.829845	0.003906	0.123744	0.044565	0.000000	65536.000000	11.090355	256.000000	256.000000	196608.000000	1.000000	0.000000	0.000000	0.000000	0.000000	0.000000	3.000000	4.217399	4.810050	5.081567	5.194241	5.364366	0.243846	0.904178	1.000000	1.000000	0.092814	0.343508	0.676908	1.000000	9.000000	31.000000	71.000000	168.000000	255.000000	0.000000	0.031746	0.111111	0.190476	0.000000	0.000000	0.031746	0.063492	16.000000	4.816480	11.000000	256.000000	12.188967	5.545177	5.545177	11.090355	11.090355	11.090355	11.090355
25765b75502ddaac4fe81890b19f5e3f721885f03aea884600bb9ee14232f7f9	photo	clic2025-native	/home/lilith/work/codec-corpus/clic2025/final-test/02809272b4ca9b08af45771501b741296187c7e26907efb44abbbfcb6cd804f7.png	small	256	170	256	3830.167725	0.576076	0.090563	0.023074	0.016497	0.004464	0.001488	33.222569	1.326408	0.672117	2668.000000	0.081421	0.035150	0.042050	2.000000	0.126700	0.144070	18.000000	0.445025	4.564900	46.431549	12.114583	0.000000	0.000000	0.000000	0.000000	0.422535	0.001701	0.959044	0.000000	0.000000	80.000000	80.000000	0.000000	0.000000	1.000000	0.000000	8.000000	0.000000	0.103355	4.551660	0.487428	0.498755	0.073758	0.000000	1.000000	1.000000	0.062500	0.331296	25.555761	0.000000	0.248512	0.026172	0.000000	43520.000000	10.680976	170.000000	256.000000	130560.000000	0.664062	0.409379	0.035294	0.035294	0.129412	0.129412	3.000000	4.716812	4.907446	5.013485	5.061704	5.183731	0.920713	1.000000	1.000000	1.000000	0.131519	0.212346	0.350761	0.489301	37.000000	80.000000	135.000000	252.000000	255.000000	0.079365	0.158730	0.253968	0.333333	0.000000	0.000000	0.015873	0.047619	15.409391	4.638689	10.500000	208.614471	11.779588	5.135798	5.545177	10.715661	10.715661	10.802672	10.802672
25af4760cd403b050a6c4c046e1bf254b0e58361037b13d1961090ee2fd309fe	photo	CID22-512px	/home/lilith/work/codec-corpus/CID22/CID22-512/training/3623285.png	small	64	64	64	2491.469482	0.231544	0.180368	0.013427	0.010739	0.296875	0.000000	67.446068	0.120373	0.839280	292.000000	0.071289	0.029000	0.015270	1.000000	0.115400	0.068210	6.000000	0.209456	3.828880	25.671875	8.078125	0.000000	0.000000	0.000000	0.000000	0.415444	0.000000	0.747501	0.000000	0.000000	80.000000	80.000000	0.000000	0.000000	1.000000	0.000000	8.000000	0.000000	0.016357	3.744877	1.055344	0.102859	0.044970	0.000000	1.000000	1.000000	0.375000	0.255859	25.770798	0.000000	0.111111	0.014881	0.000000	4096.000000	8.317766	64.000000	64.000000	12288.000000	1.000000	0.000000	0.000000	0.000000	0.000000	0.000000	3.000000	4.065868	4.681439	4.875357	5.037673	5.224952	0.126192	0.766681	1.000000	1.000000	0.059731	0.103241	0.188889	0.538430	10.000000	32.000000	64.000000	167.000000	255.000000	0.015873	0.015873	0.111111	0.174603	0.000000	0.000000	0.000000	0.015873	12.000000	3.612360	8.500000	64.000000	9.416378	4.158883	4.158883	8.317766	8.317766	8.317766	8.317766
25af4760cd403b050a6c4c046e1bf254b0e58361037b13d1961090ee2fd309fe	photo	CID22-512px	/home/lilith/work/codec-corpus/CID22/CID22-512/training/3623285.png	medium	256	256	256	2686.879395	0.159293	0.182099	0.007650	0.006259	0.372070	0.130859	68.023659	0.315736	1.256568	1114.000000	0.033997	0.009920	0.005420	2.000000	0.045920	0.026110	12.000000	0.207507	3.878322	17.101562	4.558594	0.001953	0.000000	0.000000	0.000000	0.286365	0.151228	0.603790	0.000000	0.000000	80.000000	80.000000	0.000000	0.000000	1.000000	0.000000	8.000000	0.000000	0.027435	3.107047	1.381033	0.026583	0.024147	0.000000	1.000000	1.000000	0.137695	0.249634	26.465666	0.007812	0.078559	0.007812	0.000000	65536.000000	11.090355	256.000000	256.000000	196608.000000	1.000000	0.000000	0.000000	0.000000	0.000000	0.000000	3.000000	3.446838	4.282171	4.735541	4.995486	5.336364	0.036041	0.352369	0.938471	1.000000	0.030349	0.048267	0.099914	0.260234	5.000000	19.000000	48.000000	140.000000	255.000000	0.000000	0.000000	0.047619	0.126984	0.000000	0.000000	0.000000	0.000000	16.000000	4.816480	11.000000	256.000000	12.188967	5.545177	5.545177	11.090355	11.090355	11.090355	11.090355
2d74383267345922b4afb34f04d6249ca9a39869d9954008e24a7794263b9415	photo	clic2025-native	/home/lilith/work/codec-corpus/clic2025/training/0c49a5cce349020bbba2f97ae41e90ba.png	medium	1024	1024	679	4077.772949	0.140298	0.214751	0.008639	0.009268	0.433780	0.068545	88.061302	0.762913	1.243373	2372.000000	0.072388	0.013060	0.021380	2.000000	0.095250	0.188680	21.000000	0.122201	4.140310	18.607807	15.125464	0.000000	0.000000	0.000000	0.000000	0.237124	0.078338	0.754987	0.000000	0.000000	80.000000	80.000000	0.000000	0.000000	1.000000	0.000000	8.000000	0.000000	0.171579	3.342049	1.187780	0.044855	0.006706	0.000000	1.000000	1.000000	0.369888	0.015041	24.140959	0.003717	0.064908	0.020254	0.000000	695296.000000	13.452093	679.000000	1024.000000	2085888.000000	0.663086	0.410851	0.001473	0.013255	0.036819	0.036819	3.000000	3.417552	4.407032	4.877470	5.064287	5.226152	0.111727	0.373906	1.000000	1.000000	0.025936	0.071202	0.420153	1.000000	4.000000	13.000000	39.000000	132.000000	255.000000	0.000000	0.000000	0.047619	0.095238	0.000000	0.000000	0.000000	0.031746	19.407269	5.842170	13.500000	833.844116	14.550705	6.520621	6.931472	13.453565	13.465261	13.488250	13.488250
25b4bc7c5557aa82806c36c018043a98baba9270bfdf4be1bd2fdd483e11a895	photo	clic2025-1024px-resized	/home/lilith/work/codec-corpus/clic2025-1024/2397c73f8feeb8f630fe055da5551c671794afae80528e8612dc62fc0cf61294.png	small	64	64	64	4977.907715	0.414462	0.094521	0.017123	0.026040	0.203125	0.000000	40.483517	0.185688	0.759379	679.000000	0.165771	0.027410	0.020400	1.000000	0.382490	0.285320	15.000000	0.256579	4.074416	34.312500	19.578125	0.000000	0.000000	0.000000	0.000000	0.422535	0.000000	0.818671	0.000000	0.000000	80.000000	80.000000	0.000000	0.000000	1.000000	0.000000	8.000000	0.000000	0.003906	4.084635	0.954749	0.102588	0.008462	0.000000	1.000000	1.000000	0.187500	0.582031	20.901525	0.000000	0.174355	0.033730	0.000000	4096.000000	8.317766	64.000000	64.000000	12288.000000	1.000000	0.000000	0.000000	0.000000	0.000000	0.000000	3.000000	4.459140	4.716504	4.948320	5.079192	5.250549	0.592428	1.000000	1.000000	1.000000	0.066677	0.281958	0.644556	0.874232	19.000000	51.000000	91.000000	174.000000	255.000000	0.000000	0.111111	0.190476	0.253968	0.000000	0.000000	0.015873	0.063492	12.000000	3.612360	8.500000	64.000000	9.416378	4.158883	4.158883	8.317766	8.317766	8.317766	8.317766
50495a54cb5187430701b8860e2a6748f4897d6820cbbdc0959d997362584e38	photo	clic2025-1024px-resized	/home/lilith/work/codec-corpus/clic2025-1024/aed95e005df28e790519eefb6eb1e565.png	small	64	64	64	1535.326782	0.091711	0.181700	0.008362	0.006082	0.515625	0.015625	103.859100	0.021902	1.006113	148.000000	0.036133	0.008470	0.036250	1.000000	0.028900	0.126490	6.000000	0.156279	3.369139	9.296875	12.406250	0.000000	0.000000	0.000000	0.000000	0.243858	0.017857	0.633303	8.000000	1.000000	80.000000	80.000000	0.000000	0.000000	1.000000	0.000000	8.000000	0.000000	0.000488	3.026829	0.975685	0.059029	0.034512	0.000000	1.000000	1.000000	0.546875	0.250732	14.817918	0.000000	0.051339	0.020585	0.000000	4096.000000	8.317766	64.000000	64.000000	12288.000000	1.000000	0.000000	0.000000	0.000000	0.000000	0.000000	3.000000	3.040899	3.934293	4.421427	4.561925	4.831079	0.096036	0.237241	0.659270	1.000000	0.057470	0.138624	0.417313	0.637881	1.000000	7.000000	27.000000	80.000000	131.000000	0.000000	0.000000	0.031746	0.079365	0.000000	0.000000	0.000000	0.031746	12.000000	3.612360	8.500000	64.000000	9.416378	4.158883	4.158883	8.317766	8.317766	8.317766	8.317766
3f14ec46d7e5b41f1792aac72f7eae58863e3d13330baf220bd0925f057fe772	photo	clic2025-native	/home/lilith/work/codec-corpus/clic2025/training/60430844748882ff66b9a5598ef06dd6.png	medium	1024	723	1024	3836.981934	0.017540	0.289137	0.004284	0.004400	0.844097	0.507031	122.241013	0.034065	1.863850	2972.000000	0.090698	0.001770	0.001730	1.000000	0.009220	0.007090	5.000000	0.037114	3.813155	3.490458	5.807252	0.041985	0.000000	0.000000	0.000000	0.055961	0.607415	0.300514	0.000000	0.000000	80.000000	80.000000	0.000000	0.000000	1.000000	0.000000	8.000000	0.000000	0.002441	1.833223	1.110381	0.011195	0.000000	0.000000	1.000000	1.000000	0.216603	0.073400	11.752848	0.081107	0.011829	0.007891	0.000000	740352.000000	13.514881	723.000000	1024.000000	2221056.000000	0.706055	0.348063	0.006916	0.017981	0.017981	0.062241	3.000000	1.454607	2.351428	3.726767	4.186446	4.821713	0.019959	0.031032	0.107034	0.579255	0.000000	0.021511	0.069054	0.287653	1.000000	2.000000	5.000000	27.000000	199.000000	0.000000	0.000000	0.000000	0.000000	0.000000	0.000000	0.000000	0.000000	19.497852	5.869438	13.500000	860.437073	14.613493	6.583409	6.931472	13.521772	13.532701	13.532701	13.575261
25b4bc7c5557aa82806c36c018043a98baba9270bfdf4be1bd2fdd483e11a895	photo	clic2025-1024px-resized	/home/lilith/work/codec-corpus/clic2025-1024/2397c73f8feeb8f630fe055da5551c671794afae80528e8612dc62fc0cf61294.png	medium	256	256	256	5318.471680	0.323891	0.104261	0.012820	0.019562	0.318359	0.178711	44.009212	0.661334	0.914153	1524.000000	0.046509	0.015370	0.014860	1.000000	0.232350	0.222860	16.000000	0.314279	4.109535	24.214844	14.881836	0.035156	0.000000	0.000000	0.000000	0.422535	0.234375	0.613016	0.000000	0.000000	80.000000	80.000000	0.000000	0.000000	1.000000	0.000000	8.000000	0.000000	0.006104	3.511964	1.442832	0.027946	0.000000	0.000000	1.000000	1.000000	0.089844	0.550293	21.958849	0.097656	0.140423	0.028956	0.000000	65536.000000	11.090355	256.000000	256.000000	196608.000000	1.000000	0.000000	0.000000	0.000000	0.000000	0.000000	3.000000	4.157576	4.645126	4.871603	4.990839	5.195631	0.096379	0.800996	1.000000	1.000000	0.020812	0.158766	0.532595	0.834791	9.000000	41.000000	86.000000	186.000000	255.000000	0.000000	0.000000	0.142857	0.238095	0.000000	0.000000	0.015873	0.063492	16.000000	4.816480	11.000000	256.000000	12.188967	5.545177	5.545177	11.090355	11.090355	11.090355	11.090355
3f52e59c075c0db318234891d84ddda07511a4895ebde43f63e2ba5a8f55947e	photo	CID22-512px	/home/lilith/work/codec-corpus/CID22/CID22-512/training/3316926_opo25u.png	small	64	64	64	2703.908447	0.254976	0.111758	0.012621	0.017351	0.015625	0.000000	48.848019	0.057815	0.704373	766.000000	0.187012	0.005040	0.006270	0.000000	0.071900	0.080070	2.000000	0.072126	4.355900	37.187500	19.109375	0.000000	0.000000	0.000000	0.000000	0.422535	0.000000	0.900261	0.000000	0.000000	80.000000	80.000000	0.000000	0.000000	1.000000	0.000000	8.000000	0.000000	0.000732	4.355991	0.512302	0.541993	0.181989	0.000000	1.000000	1.000000	0.812500	0.507568	16.600136	0.000000	0.134921	0.040427	0.000000	4096.000000	8.317766	64.000000	64.000000	12288.000000	1.000000	0.000000	0.000000	0.000000	0.000000	0.000000	3.000000	4.352853	4.770066	4.982058	5.090096	5.216382	0.781420	1.000000	1.000000	1.000000	0.287412	0.419002	0.516293	0.623299	9.000000	22.000000	47.000000	113.000000	191.000000	0.047619	0.079365	0.126984	0.190476	0.015873	0.031746	0.031746	0.047619	12.000000	3.612360	8.500000	64.000000	9.416378	4.158883	4.158883	8.317766	8.317766	8.317766	8.317766
25765b75502ddaac4fe81890b19f5e3f721885f03aea884600bb9ee14232f7f9	photo	clic2025-native	/home/lilith/work/codec-corpus/clic2025/final-test/02809272b4ca9b08af45771501b741296187c7e26907efb44abbbfcb6cd804f7.png	medium	1024	680	1024	4432.762207	0.356864	0.096118	0.013367	0.010105	0.097702	0.022978	35.020355	3.089197	0.735642	5477.000000	0.167145	0.010590	0.010920	1.000000	0.043680	0.042170	12.000000	0.258739	4.512593	40.545036	9.871324	0.003676	0.000000	0.000000	0.000000	0.422535	0.029412	0.917928	0.000000	0.000000	80.000000	80.000000	0.000000	0.000000	1.000000	0.000000	8.000000	0.000000	0.132278	4.225036	0.941327	0.219784	0.034198	0.000000	1.000000	1.000000	0.219669	0.329020	30.264774	0.000000	0.185662	0.021446	0.000000	696320.000000	13.453565	680.000000	1024.000000	2088960.000000	0.664062	0.409379	0.000000	0.011765	0.035294	0.035294	3.000000	4.476348	4.930140	5.135625	5.193325	5.265074	0.527075	1.000000	1.000000	1.000000	0.075468	0.171350	0.307980	0.481156	16.000000	47.000000	101.000000	225.000000	255.000000	0.015873	0.079365	0.174603	0.285714	0.000000	0.000000	0.015873	0.031746	19.409391	5.842809	13.500000	834.457886	14.552176	6.522093	6.931472	13.453565	13.465261	13.488250	13.488250
3f52e59c075c0db318234891d84ddda07511a4895ebde43f63e2ba5a8f55947e	photo	CID22-512px	/home/lilith/work/codec-corpus/CID22/CID22-512/training/3316926_opo25u.png	medium	256	256	256	2733.114258	0.047505	0.112315	0.004824	0.006307	0.395508	0.003906	49.054176	0.033166	1.204353	1172.000000	0.035767	0.000840	0.000750	0.000000	0.010130	0.008450	1.000000	0.048864	4.374127	11.332031	6.851562	0.005859	0.000000	0.000000	0.000000	0.080290	0.009487	0.879847	0.000000	0.000000	80.000000	80.000000	0.000000	0.000000	1.000000	0.000000	8.000000	0.000000	0.000626	3.289174	0.810682	0.091174	0.036018	0.000000	1.000000	1.000000	0.766602	0.502014	11.667663	0.003906	0.049169	0.014571	0.000000	65536.000000	11.090355	256.000000	256.000000	196608.000000	1.000000	0.000000	0.000000	0.000000	0.000000	0.000000	3.000000	3.302842	3.879096	4.377720	4.596171	4.918526	0.173857	0.354495	0.688017	1.000000	0.063570	0.127606	0.245652	0.382837	2.000000	5.000000	13.000000	50.000000	214.000000	0.000000	0.015873	0.031746	0.063492	0.000000	0.000000	0.015873	0.015873	16.000000	4.816480	11.000000	256.000000	12.188967	5.545177	5.545177	11.090355	11.090355	11.090355	11.090355
25b4bc7c5557aa82806c36c018043a98baba9270bfdf4be1bd2fdd483e11a895	photo	clic2025-1024px-resized	/home/lilith/work/codec-corpus/clic2025-1024/2397c73f8feeb8f630fe055da5551c671794afae80528e8612dc62fc0cf61294.png	large	1024	1024	1024	5574.156738	0.208091	0.108016	0.007616	0.011281	0.447998	0.269287	45.348057	1.354876	1.141089	2526.000000	0.077087	0.004430	0.003880	0.000000	0.066750	0.054490	8.000000	0.229387	4.056723	17.178711	8.692383	0.064453	0.000000	0.000000	0.000000	0.351703	0.363002	0.488317	0.000000	0.000000	80.000000	80.000000	0.000000	0.000000	1.000000	0.000000	8.000000	0.000000	0.008286	2.971138	1.655006	0.006842	0.000000	0.000000	1.000000	1.000000	0.173828	0.531801	22.363041	0.098633	0.096571	0.018834	0.000000	1048576.000000	13.862944	1024.000000	1024.000000	3145728.000000	1.000000	0.000000	0.000000	0.000000	0.000000	0.000000	3.000000	3.526848	4.443974	4.848164	4.973196	5.172568	0.026483	0.389796	1.000000	1.000000	0.005629	0.077954	0.318093	0.646626	3.000000	21.000000	57.000000	145.000000	255.000000	0.000000	0.000000	0.063492	0.174603	0.000000	0.000000	0.000000	0.031746	20.000000	6.020600	14.000000	1024.000000	14.961555	6.931472	6.931472	13.862944	13.862944	13.862944	13.862944
5ed2ddbf31810914fdabc65d3136f31e2cd2e3d3e007775a17ddfa6683ce7d64	photo	CID22-512px	/home/lilith/work/codec-corpus/CID22/CID22-512/training/3363331.png	small	64	64	64	4663.597168	0.294029	0.067896	0.009887	0.007832	0.171875	0.000000	25.216618	0.139095	0.822949	428.000000	0.104492	0.009780	0.011560	0.000000	0.040350	0.046580	3.000000	0.112617	4.460296	39.468750	6.875000	0.000000	0.000000	0.000000	0.000000	0.422535	0.000000	0.930521	0.000000	0.000000	80.000000	80.000000	0.000000	0.000000	1.000000	0.000000	8.000000	0.000000	0.224609	4.164097	0.843973	0.172834	0.036702	0.000000	1.000000	1.000000	0.328125	0.316406	27.117485	0.000000	0.138145	0.013393	0.000000	4096.000000	8.317766	64.000000	64.000000	12288.000000	1.000000	0.000000	0.000000	0.000000	0.000000	0.000000	3.000000	4.359989	4.834693	5.147506	5.441071	5.475487	0.502856	1.000000	1.000000	1.000000	0.083282	0.149615	0.278569	0.344157	13.000000	38.000000	83.000000	160.000000	255.000000	0.015873	0.063492	0.142857	0.222222	0.000000	0.000000	0.015873	0.015873	12.000000	3.612360	8.500000	64.000000	9.416378	4.158883	4.158883	8.317766	8.317766	8.317766	8.317766
50495a54cb5187430701b8860e2a6748f4897d6820cbbdc0959d997362584e38	photo	clic2025-1024px-resized	/home/lilith/work/codec-corpus/clic2025-1024/aed95e005df28e790519eefb6eb1e565.png	medium	256	256	256	1574.023926	0.060223	0.183931	0.008003	0.005910	0.742188	0.354492	104.607574	0.060059	1.268563	470.000000	0.014343	0.013180	0.014880	2.000000	0.054070	0.050660	10.000000	0.157105	3.403042	5.332031	6.528320	0.001953	0.000000	0.000000	0.000000	0.185864	0.406808	0.289855	0.000000	0.000000	80.000000	80.000000	0.000000	0.000000	1.000000	0.000000	8.000000	0.000000	0.001541	2.256019	1.151649	0.019692	0.014847	0.000000	1.000000	1.000000	0.257812	0.231186	12.938169	0.013672	0.026212	0.009642	0.000000	65536.000000	11.090355	256.000000	256.000000	196608.000000	1.000000	0.000000	0.000000	0.000000	0.000000	0.000000	3.000000	1.853451	3.210481	4.102140	4.314696	4.778440	0.029607	0.060839	0.288261	0.864430	0.021318	0.037349	0.168515	0.480779	1.000000	3.000000	18.000000	68.000000	255.000000	0.000000	0.000000	0.000000	0.031746	0.000000	0.000000	0.000000	0.015873	16.000000	4.816480	11.000000	256.000000	12.188967	5.545177	5.545177	11.090355	11.090355	11.090355	11.090355
64e3a762376a848b0833ca7d2c91229f4874233b6b6e58656345896fc02c1a13	mixed	kadid10k-distortion-set	/home/lilith/work/codec-corpus/kadid10k/I73.png	tiny	64	64	48	3066.023438	0.530564	0.158881	0.032960	0.017097	0.041667	0.000000	62.924061	0.351032	0.734774	666.000000	0.216797	0.052920	0.077700	3.000000	0.087710	0.147280	4.000000	0.245700	4.418520	55.833332	26.166666	0.000000	0.000000	0.000000	0.000000	0.422535	0.000000	0.918412	0.000000	0.000000	80.000000	80.000000	0.000000	0.000000	1.000000	0.000000	8.000000	0.000000	0.055013	4.638056	0.688179	0.515593	0.127265	0.000000	1.000000	1.000000	0.208333	0.068685	31.261576	0.000000	0.227183	0.051257	0.000000	3072.000000	8.030084	48.000000	64.000000	9216.000000	0.750000	0.287682	0.000000	0.000000	0.333333	0.333333	3.000000	4.781484	5.117528	5.233773	5.308271	5.558100	0.947356	1.000000	1.000000	1.000000	0.290389	0.521817	0.701559	1.000000	27.000000	71.000000	141.000000	255.000000	255.000000	0.079365	0.158730	0.238095	0.301587	0.015873	0.031746	0.047619	0.063492	11.584963	3.487421	8.000000	55.425625	9.128696	3.871201	4.158883	8.030084	8.030084	8.317766	8.317766
3f54eae8d4982961b41c77383912706c0e234dd7bc94c82f95d966bc7abbe7c7	photo	CID22-512px	/home/lilith/work/codec-corpus/CID22/CID22-512/training/35875869841_0b10e41e57_o.png	small	64	64	64	2627.659180	0.370874	0.188557	0.037691	0.038544	0.171875	0.015625	69.380447	0.230527	0.710117	873.000000	0.213135	0.157920	0.065790	14.000000	0.903550	0.776140	35.000000	0.215956	3.797121	38.734375	51.296875	0.000000	0.000000	0.000000	0.000000	0.451110	0.017857	0.719425	0.000000	0.000000	80.000000	80.000000	0.000000	0.000000	1.000000	0.000000	8.000000	0.000000	0.229004	4.137185	1.075712	0.086096	0.027998	0.000000	1.000000	1.000000	0.281250	0.249023	28.867800	0.000000	0.183036	0.073661	0.000000	4096.000000	8.317766	64.000000	64.000000	12288.000000	1.000000	0.000000	0.000000	0.000000	0.000000	0.000000	3.000000	4.567232	4.964056	5.085266	5.193822	5.333186	0.517914	1.000000	1.000000	1.000000	0.173735	0.561020	1.000000	1.000000	16.000000	50.000000	103.000000	210.000000	255.000000	0.000000	0.079365	0.222222	0.285714	0.000000	0.015873	0.047619	0.126984	12.000000	3.612360	8.500000	64.000000	9.416378	4.158883	4.158883	8.317766	8.317766	8.317766	8.317766
64e3a762376a848b0833ca7d2c91229f4874233b6b6e58656345896fc02c1a13	mixed	kadid10k-distortion-set	/home/lilith/work/codec-corpus/kadid10k/I73.png	small	256	256	192	3793.843018	0.351052	0.163461	0.015566	0.008491	0.187500	0.061198	64.356483	1.148963	0.917091	1528.000000	0.046631	0.008460	0.020730	1.000000	0.015350	0.040850	1.000000	0.315665	4.514914	43.290363	13.881511	0.005208	0.000000	0.000000	0.000000	0.422535	0.074405	0.872441	0.000000	0.000000	80.000000	80.000000	0.000000	0.000000	1.000000	0.000000	8.000000	0.000000	0.063131	4.039229	1.234844	0.051642	0.029150	0.000000	1.000000	1.000000	0.279948	0.076416	34.394493	0.002604	0.160384	0.026600	0.000000	49152.000000	10.802672	192.000000	256.000000	147456.000000	0.750000	0.287682	0.000000	0.000000	0.000000	0.000000	3.000000	4.372168	5.015665	5.206148	5.322670	5.462037	0.361881	1.000000	1.000000	1.000000	0.083834	0.212574	0.472820	0.687009	12.000000	55.000000	125.000000	255.000000	255.000000	0.000000	0.047619	0.142857	0.269841	0.000000	0.000000	0.015873	0.047619	15.584963	4.691541	11.000000	221.702499	11.901285	5.257495	5.545177	10.802672	10.802672	10.802672	10.802672
5ed2ddbf31810914fdabc65d3136f31e2cd2e3d3e007775a17ddfa6683ce7d64	photo	CID22-512px	/home/lilith/work/codec-corpus/CID22/CID22-512/training/3363331.png	medium	256	256	256	4848.187988	0.186497	0.071075	0.007687	0.005745	0.350586	0.013672	26.225193	0.294383	1.233422	870.000000	0.026550	0.008920	0.006280	1.000000	0.031230	0.024390	8.000000	0.170315	4.477099	18.130859	3.620117	0.000000	0.000000	0.000000	0.000000	0.315207	0.015625	0.918879	0.000000	0.000000	80.000000	80.000000	0.000000	0.000000	1.000000	0.000000	8.000000	0.000000	0.216736	3.519310	0.994834	0.079182	0.017113	0.000000	1.000000	1.000000	0.210938	0.309937	21.637079	0.000000	0.088123	0.007425	0.000000	65536.000000	11.090355	256.000000	256.000000	196608.000000	1.000000	0.000000	0.000000	0.000000	0.000000	0.000000	3.000000	3.605425	4.312021	4.807044	4.969476	5.416571	0.152339	0.429764	0.993874	1.000000	0.028177	0.053300	0.149174	0.309687	6.000000	23.000000	53.000000	131.000000	255.000000	0.000000	0.015873	0.063492	0.158730	0.000000	0.000000	0.000000	0.015873	16.000000	4.816480	11.000000	256.000000	12.188967	5.545177	5.545177	11.090355	11.090355	11.090355	11.090355
6508547e506810ec37cf875a40f65abd5c3c0db0db0dfc458326c33ba645599e	photo	CID22-512px	/home/lilith/work/codec-corpus/CID22/CID22-512/training/631317.png	small	64	64	64	2105.312500	0.441421	0.106497	0.020125	0.012116	0.000000	0.000000	42.942867	0.188184	0.718080	834.000000	0.203613	0.024690	0.030560	1.000000	0.052250	0.074770	2.000000	0.207230	4.260553	38.609375	13.609375	0.000000	0.000000	0.000000	0.000000	0.422535	0.000000	0.872624	0.000000	0.000000	80.000000	80.000000	0.000000	0.000000	1.000000	0.000000	8.000000	0.000000	0.088379	4.464282	0.434915	0.564426	0.106469	0.000000	1.000000	1.000000	0.203125	0.529541	22.212896	0.000000	0.189732	0.032986	0.000000	4096.000000	8.317766	64.000000	64.000000	12288.000000	1.000000	0.000000	0.000000	0.000000	0.000000	0.000000	3.000000	4.477837	4.874197	5.053432	5.099432	5.278509	0.904876	1.000000	1.000000	1.000000	0.212557	0.322967	0.420862	0.494765	24.000000	50.000000	85.000000	189.000000	255.000000	0.079365	0.111111	0.174603	0.238095	0.000000	0.015873	0.031746	0.047619	12.000000	3.612360	8.500000	64.000000	9.416378	4.158883	4.158883	8.317766	8.317766	8.317766	8.317766
50495a54cb5187430701b8860e2a6748f4897d6820cbbdc0959d997362584e38	photo	clic2025-1024px-resized	/home/lilith/work/codec-corpus/clic2025-1024/aed95e005df28e790519eefb6eb1e565.png	large	1024	1024	1024	1610.318359	0.026655	0.185411	0.005485	0.003189	0.837158	0.193115	104.957169	0.174354	1.870085	1820.000000	0.055542	0.003930	0.004600	2.000000	0.011930	0.009570	7.000000	0.230299	3.434911	2.874023	3.117188	0.000000	0.000000	0.000000	0.000000	0.124641	0.220703	0.338609	0.000000	0.000000	80.000000	80.000000	0.000000	0.000000	1.000000	0.000000	8.000000	0.000000	0.001354	2.141447	0.868803	0.023181	0.012791	0.000000	1.000000	1.000000	0.091797	0.229126	20.229193	0.000000	0.015439	0.005952	0.000000	1048576.000000	13.862944	1024.000000	1024.000000	3145728.000000	1.000000	0.000000	0.000000	0.000000	0.000000	0.000000	3.000000	1.779844	2.203951	3.715072	4.122017	4.638584	0.028788	0.039130	0.080769	0.515765	0.017932	0.025129	0.047488	0.279731	2.000000	5.000000	9.000000	56.000000	255.000000	0.000000	0.000000	0.000000	0.000000	0.000000	0.000000	0.000000	0.000000	20.000000	6.020600	14.000000	1024.000000	14.961555	6.931472	6.931472	13.862944	13.862944	13.862944	13.862944
3f54eae8d4982961b41c77383912706c0e234dd7bc94c82f95d966bc7abbe7c7	photo	CID22-512px	/home/lilith/work/codec-corpus/CID22/CID22-512/training/35875869841_0b10e41e57_o.png	medium	256	256	256	2900.705811	0.181453	0.199442	0.016000	0.016051	0.364258	0.008789	73.266357	0.424494	1.057662	2363.000000	0.072113	0.037440	0.021350	10.000000	0.264540	0.141900	62.000000	0.172714	3.893847	23.381836	25.190430	0.001953	0.000000	0.000000	0.000000	0.321633	0.011719	0.755718	0.000000	0.000000	80.000000	80.000000	0.000000	0.000000	1.000000	0.000000	8.000000	0.000000	0.283264	3.415073	1.288818	0.031925	0.000000	0.000000	1.000000	1.000000	0.286133	0.220352	30.853245	0.000000	0.097594	0.031095	0.000000	65536.000000	11.090355	256.000000	256.000000	196608.000000	1.000000	0.000000	0.000000	0.000000	0.000000	0.000000	3.000000	3.666184	4.523106	5.005566	5.188900	5.401652	0.057938	0.500105	1.000000	1.000000	0.030935	0.096820	0.432462	1.000000	5.000000	20.000000	51.000000	177.000000	255.000000	0.000000	0.000000	0.063492	0.158730	0.000000	0.000000	0.000000	0.047619	16.000000	4.816480	11.000000	256.000000	12.188967	5.545177	5.545177	11.090355	11.090355	11.090355	11.090355
5f3e9cfe5a2c652d4ada06f9008c7776a78ab9df6423878037f3dab1a8b7bfd8	photo	CID22-512px	/home/lilith/work/codec-corpus/CID22/CID22-512/training/3836671.png	small	64	64	64	3711.680176	0.274124	0.023790	0.002566	0.004231	0.250000	0.000000	10.170549	0.148951	0.984728	275.000000	0.067139	0.000330	0.000390	0.000000	0.007550	0.008200	0.000000	0.126539	4.223304	38.156250	2.750000	0.000000	0.000000	0.000000	0.000000	0.422535	0.000000	0.736143	0.000000	0.000000	80.000000	80.000000	0.000000	0.000000	1.000000	0.000000	8.000000	0.000000	0.510498	3.904853	1.012938	0.157370	0.016950	0.000000	1.000000	1.000000	0.359375	0.140869	34.795715	0.000000	0.134921	0.005952	0.000000	4096.000000	8.317766	64.000000	64.000000	12288.000000	1.000000	0.000000	0.000000	0.000000	0.000000	0.000000	3.000000	3.940976	4.755392	5.220306	5.562720	5.690669	0.275362	0.710209	1.000000	1.000000	0.027083	0.054563	0.180044	0.230591	6.000000	30.000000	74.000000	205.000000	255.000000	0.015873	0.031746	0.095238	0.222222	0.000000	0.000000	0.000000	0.015873	12.000000	3.612360	8.500000	64.000000	9.416378	4.158883	4.158883	8.317766	8.317766	8.317766	8.317766
3fb6777cec49c9092fea859dde8bd18c40c84249dae72cb69c718ccc64d642f9	photo	CID22-512px	/home/lilith/work/codec-corpus/CID22/CID22-512/training/5398956.png	small	64	64	64	679.281799	0.152179	0.046078	0.008934	0.007984	0.203125	0.000000	17.215624	0.081342	1.162799	285.000000	0.069580	0.009010	0.006660	1.000000	0.043590	0.034960	4.000000	0.245814	3.009357	17.031250	5.843750	0.000000	0.000000	0.000000	0.000000	0.396732	0.000000	0.652174	0.000000	0.000000	80.000000	80.000000	0.000000	0.000000	1.000000	0.000000	8.000000	0.000000	0.298828	3.626256	0.810808	0.105232	0.038597	0.000000	1.000000	1.000000	0.468750	0.126953	28.620455	0.031250	0.094494	0.010913	0.000000	4096.000000	8.317766	64.000000	64.000000	12288.000000	1.000000	0.000000	0.000000	0.000000	0.000000	0.000000	3.000000	3.696220	4.194767	4.685936	4.775150	5.338504	0.310629	0.526236	0.893567	1.000000	0.068232	0.132073	0.191825	0.345826	6.000000	17.000000	43.000000	170.000000	255.000000	0.000000	0.015873	0.079365	0.142857	0.000000	0.000000	0.000000	0.015873	12.000000	3.612360	8.500000	64.000000	9.416378	4.158883	4.158883	8.317766	8.317766	8.317766	8.317766
50dd442c664f917a3cd013f9cf9e2dae1f02b1d2429d22a58d71f4b4c584b2f1	photo	CID22-512px	/home/lilith/work/codec-corpus/CID22/CID22-512/validation/2190188.png	small	64	64	64	4570.540039	0.573948	0.230214	0.051515	0.018708	0.046875	0.000000	81.244057	0.409540	0.596916	1192.000000	0.291016	0.262710	0.277790	20.000000	0.165860	0.189310	10.000000	0.179639	4.510360	80.843750	64.906250	0.000000	0.000000	0.000000	0.000000	0.422535	0.000000	0.945032	0.000000	0.000000	80.000000	80.000000	0.000000	0.000000	1.000000	0.000000	8.000000	0.000000	0.215576	4.803990	0.736755	0.914090	0.106813	0.000000	1.000000	1.000000	0.187500	0.132812	33.764698	0.000000	0.271081	0.087550	0.000000	4096.000000	8.317766	64.000000	64.000000	12288.000000	1.000000	0.000000	0.000000	0.000000	0.000000	0.000000	3.000000	4.988777	5.253275	5.367982	5.405760	5.525456	1.000000	1.000000	1.000000	1.000000	0.241066	0.670678	1.000000	1.000000	33.000000	76.000000	134.000000	255.000000	255.000000	0.063492	0.206349	0.317460	0.365079	0.000000	0.031746	0.079365	0.142857	12.000000	3.612360	8.500000	64.000000	9.416378	4.158883	4.158883	8.317766	8.317766	8.317766	8.317766
5f3e9cfe5a2c652d4ada06f9008c7776a78ab9df6423878037f3dab1a8b7bfd8	photo	CID22-512px	/home/lilith/work/codec-corpus/CID22/CID22-512/training/3836671.png	medium	256	256	256	3899.690674	0.106959	0.024147	0.001721	0.002213	0.548828	0.040039	10.301034	0.304852	1.460494	390.000000	0.011902	0.000190	0.000180	0.000000	0.002390	0.002040	0.000000	0.164752	4.245246	17.843750	0.828125	0.010742	0.000000	0.000000	0.000000	0.270890	0.054967	0.624991	0.000000	0.000000	80.000000	80.000000	0.000000	0.000000	1.000000	0.000000	8.000000	0.000000	0.514923	3.163950	1.130437	0.067459	0.007074	0.000000	1.000000	1.000000	0.467773	0.139984	35.485085	0.040039	0.069847	0.001674	0.000000	65536.000000	11.090355	256.000000	256.000000	196608.000000	1.000000	0.000000	0.000000	0.000000	0.000000	0.000000	3.000000	2.920091	4.203154	4.728241	5.013329	5.622710	0.107458	0.197334	0.894707	1.000000	0.013376	0.024633	0.058387	0.115891	2.000000	10.000000	31.000000	168.000000	255.000000	0.000000	0.000000	0.015873	0.111111	0.000000	0.000000	0.000000	0.000000	16.000000	4.816480	11.000000	256.000000	12.188967	5.545177	5.545177	11.090355	11.090355	11.090355	11.090355
6508547e506810ec37cf875a40f65abd5c3c0db0db0dfc458326c33ba645599e	photo	CID22-512px	/home/lilith/work/codec-corpus/CID22/CID22-512/training/631317.png	medium	256	256	256	2423.072021	0.327905	0.112302	0.019788	0.011908	0.038086	0.005859	44.676643	0.543970	1.059651	2169.000000	0.066193	0.025580	0.031650	3.000000	0.052170	0.063490	4.000000	0.243617	4.287722	26.551758	9.185547	0.000000	0.000000	0.000000	0.000000	0.422535	0.006696	0.873422	0.000000	0.000000	80.000000	80.000000	0.000000	0.000000	1.000000	0.000000	8.000000	0.000000	0.103027	4.105529	0.644040	0.338736	0.062140	0.000000	1.000000	1.000000	0.125977	0.525223	23.026297	0.000000	0.139912	0.020663	0.000000	65536.000000	11.090355	256.000000	256.000000	196608.000000	1.000000	0.000000	0.000000	0.000000	0.000000	0.000000	3.000000	4.109781	4.516783	4.884483	5.064746	5.333589	0.505747	0.764974	1.000000	1.000000	0.098973	0.168406	0.306290	0.494542	19.000000	39.000000	68.000000	167.000000	255.000000	0.047619	0.079365	0.126984	0.190476	0.000000	0.000000	0.015873	0.031746	16.000000	4.816480	11.000000	256.000000	12.188967	5.545177	5.545177	11.090355	11.090355	11.090355	11.090355
3fb6777cec49c9092fea859dde8bd18c40c84249dae72cb69c718ccc64d642f9	photo	CID22-512px	/home/lilith/work/codec-corpus/CID22/CID22-512/training/5398956.png	medium	256	256	256	793.097778	0.065498	0.048206	0.003890	0.003303	0.573242	0.271484	17.901794	0.108699	1.577243	915.000000	0.027924	0.002600	0.002280	1.000000	0.011930	0.011360	5.000000	0.112983	3.001092	10.288086	2.792969	0.028320	0.000000	0.000000	0.000000	0.251392	0.334542	0.208174	0.000000	0.000000	80.000000	80.000000	0.000000	0.000000	1.000000	0.000000	8.000000	0.000000	0.281357	2.686257	1.274889	0.022204	0.000000	0.000000	1.000000	1.000000	0.499023	0.129303	29.200809	0.175781	0.040721	0.005642	0.000000	65536.000000	11.090355	256.000000	256.000000	196608.000000	1.000000	0.000000	0.000000	0.000000	0.000000	0.000000	3.000000	2.842911	3.643353	4.307976	4.723396	5.388462	0.044262	0.204380	0.485108	1.000000	0.009351	0.043178	0.101195	0.181446	1.000000	5.000000	17.000000	99.000000	255.000000	0.000000	0.000000	0.015873	0.047619	0.000000	0.000000	0.000000	0.000000	16.000000	4.816480	11.000000	256.000000	12.188967	5.545177	5.545177	11.090355	11.090355	11.090355	11.090355
5f3f81a1b4c6c3563024fec4e68aa3596bb5e5c9991c1a587a3d710c76f3eea3	photo	CID22-512px	/home/lilith/work/codec-corpus/CID22/CID22-512/validation/1279330.png	small	64	64	64	3920.635010	0.581759	0.129723	0.029056	0.022400	0.031250	0.000000	54.514961	0.397037	0.672846	1108.000000	0.270508	0.045890	0.046270	1.000000	0.168430	0.182210	6.000000	0.349351	4.529032	58.500000	18.343750	0.000000	0.000000	0.000000	0.000000	0.422535	0.000000	0.950444	0.000000	0.000000	80.000000	80.000000	0.000000	0.000000	1.000000	0.000000	8.000000	0.000000	0.089844	4.634897	0.548635	0.712780	0.046562	0.000000	1.000000	1.000000	0.156250	0.465820	28.870474	0.000000	0.260913	0.036954	0.000000	4096.000000	8.317766	64.000000	64.000000	12288.000000	1.000000	0.000000	0.000000	0.000000	0.000000	0.000000	3.000000	4.796593	5.033659	5.145085	5.232493	5.413817	1.000000	1.000000	1.000000	1.000000	0.104930	0.354213	0.514982	0.788307	32.000000	77.000000	133.000000	243.000000	255.000000	0.095238	0.206349	0.285714	0.349206	0.000000	0.000000	0.031746	0.063492	12.000000	3.612360	8.500000	64.000000	9.416378	4.158883	4.158883	8.317766	8.317766	8.317766	8.317766
50dd442c664f917a3cd013f9cf9e2dae1f02b1d2429d22a58d71f4b4c584b2f1	photo	CID22-512px	/home/lilith/work/codec-corpus/CID22/CID22-512/validation/2190188.png	medium	256	256	256	5043.343262	0.260654	0.240554	0.021086	0.008450	0.163086	0.050781	84.353172	0.604300	0.946184	3186.000000	0.097229	0.048020	0.059390	10.000000	0.041090	0.045070	7.000000	0.147387	4.544663	40.096680	28.160156	0.000000	0.000000	0.000000	0.000000	0.422535	0.058036	0.893645	0.000000	0.000000	80.000000	80.000000	0.000000	0.000000	1.000000	0.000000	8.000000	0.000000	0.241211	4.060614	1.079395	0.118581	0.021877	0.000000	1.000000	1.000000	0.482422	0.117569	33.481323	0.005859	0.140020	0.037745	0.000000	65536.000000	11.090355	256.000000	256.000000	196608.000000	1.000000	0.000000	0.000000	0.000000	0.000000	0.000000	3.000000	4.337561	4.867146	5.199342	5.346382	5.527863	0.417262	1.000000	1.000000	1.000000	0.066287	0.216896	0.567601	1.000000	7.000000	27.000000	70.000000	202.000000	255.000000	0.000000	0.047619	0.111111	0.222222	0.000000	0.000000	0.015873	0.047619	16.000000	4.816480	11.000000	256.000000	12.188967	5.545177	5.545177	11.090355	11.090355	11.090355	11.090355
4027c938c4ff0d585374edafa8a9113e14b6550c99abe32accb217915ffd410f	photo	CID22-512px	/home/lilith/work/codec-corpus/CID22/CID22-512/validation/2389166.png	small	64	64	64	1621.463257	0.216175	0.110988	0.019673	0.012081	0.140625	0.000000	45.337208	0.087171	0.937908	571.000000	0.139404	0.041310	0.023350	3.000000	0.085670	0.059510	5.000000	0.332086	3.699274	13.703125	10.281250	0.000000	0.000000	0.000000	0.000000	0.407723	0.000000	0.709934	0.000000	0.000000	80.000000	80.000000	0.000000	0.000000	1.000000	0.000000	8.000000	0.000000	0.046631	3.791445	0.565084	0.217821	0.059182	0.000000	1.000000	1.000000	0.343750	0.031494	19.738764	0.000000	0.106151	0.019593	0.000000	4096.000000	8.317766	64.000000	64.000000	12288.000000	1.000000	0.000000	0.000000	0.000000	0.000000	0.000000	3.000000	3.883590	4.160491	4.527307	4.573785	4.998268	0.313263	0.572407	0.832977	1.000000	0.115562	0.192242	0.392294	0.610696	10.000000	28.000000	56.000000	144.000000	255.000000	0.015873	0.047619	0.079365	0.158730	0.000000	0.000000	0.015873	0.031746	12.000000	3.612360	8.500000	64.000000	9.416378	4.158883	4.158883	8.317766	8.317766	8.317766	8.317766
5f3f81a1b4c6c3563024fec4e68aa3596bb5e5c9991c1a587a3d710c76f3eea3	photo	CID22-512px	/home/lilith/work/codec-corpus/CID22/CID22-512/validation/1279330.png	medium	256	256	256	4172.864258	0.208981	0.133146	0.013633	0.009670	0.151367	0.035156	55.599590	0.202383	1.007179	3079.000000	0.093964	0.008090	0.005820	1.000000	0.028030	0.020610	5.000000	0.070387	4.575185	30.086914	11.656250	0.005859	0.000000	0.000000	0.000000	0.353208	0.045201	0.921362	0.000000	0.000000	80.000000	80.000000	0.000000	0.000000	1.000000	0.000000	8.000000	0.000000	0.079544	3.992281	0.974901	0.163140	0.019447	0.000000	1.000000	1.000000	0.810547	0.454361	23.630804	0.009766	0.110414	0.026166	0.000000	65536.000000	11.090355	256.000000	256.000000	196608.000000	1.000000	0.000000	0.000000	0.000000	0.000000	0.000000	3.000000	4.191044	4.738385	5.029771	5.163057	5.357934	0.447047	0.977753	1.000000	1.000000	0.042616	0.230790	0.402064	0.550523	5.000000	14.000000	34.000000	125.000000	255.000000	0.015873	0.047619	0.095238	0.158730	0.000000	0.000000	0.015873	0.047619	16.000000	4.816480	11.000000	256.000000	12.188967	5.545177	5.545177	11.090355	11.090355	11.090355	11.090355
5162e90dc7ae0d8c6c1469d544e6d56f352ca630861cfa2566fd87dd85be8b9b	photo	CID22-512px	/home/lilith/work/codec-corpus/CID22/CID22-512/training/Abstract-Art-1.png	small	64	64	64	2155.703125	0.266818	0.071637	0.008651	0.010225	0.046875	0.000000	29.851730	0.111918	0.783587	197.000000	0.048096	0.007670	0.014770	0.000000	0.078720	0.118980	5.000000	0.166828	3.740762	30.156250	10.250000	0.000000	0.000000	0.000000	0.000000	0.459048	0.000000	0.721960	8.000000	1.000000	80.000000	80.000000	0.000000	0.000000	1.000000	0.000000	8.000000	0.000000	0.627930	4.304924	0.547031	0.463063	0.000000	0.000000	1.000000	1.000000	0.421875	0.000000	21.732834	0.046875	0.134921	0.026538	0.000000	4096.000000	8.317766	64.000000	64.000000	12288.000000	1.000000	0.000000	0.000000	0.000000	0.000000	0.000000	3.000000	4.418953	4.682314	4.860586	4.899726	5.252519	0.780478	1.000000	1.000000	1.000000	0.063633	0.220574	0.446928	0.487977	7.000000	34.000000	69.000000	151.000000	255.000000	0.031746	0.063492	0.142857	0.190476	0.000000	0.000000	0.015873	0.047619	12.000000	3.612360	8.500000	64.000000	9.416378	4.158883	4.158883	8.317766	8.317766	8.317766	8.317766
5f76db296fe66a0226c95552f503c7fd4863a67fa06597198c3c61801d992e5c	photo	CID22-512px	/home/lilith/work/codec-corpus/CID22/CID22-512/training/Beam-Space-Processing.png	small	64	64	64	101.337555	0.085916	0.014005	0.000547	0.000668	0.609375	0.406250	5.113279	0.030734	0.937119	38.000000	0.009277	0.000190	0.000780	0.000000	0.001770	0.007340	1.000000	0.580974	1.292251	3.171875	0.984375	0.343750	0.000000	0.000000	0.000000	0.846442	0.758929	0.029348	8.000000	1.000000	80.000000	80.000000	0.000000	0.000000	1.000000	0.000000	8.000000	0.000000	0.984863	2.046270	1.699430	0.000000	0.000000	0.483100	1.000000	1.000000	0.015625	0.000000	14.440557	0.343750	0.036210	0.002976	0.000000	4096.000000	8.317766	64.000000	64.000000	12288.000000	1.000000	0.000000	0.000000	0.000000	0.000000	0.000000	3.000000	2.831709	3.540140	4.027838	4.217311	4.377872	0.000000	0.170228	0.409696	0.666444	0.000000	0.000000	0.000000	0.011258	0.000000	11.000000	25.000000	95.000000	255.000000	0.000000	0.000000	0.015873	0.063492	0.000000	0.000000	0.000000	0.000000	12.000000	3.612360	8.500000	64.000000	9.416378	4.158883	4.158883	8.317766	8.317766	8.317766	8.317766
5162e90dc7ae0d8c6c1469d544e6d56f352ca630861cfa2566fd87dd85be8b9b	photo	CID22-512px	/home/lilith/work/codec-corpus/CID22/CID22-512/training/Abstract-Art-1.png	medium	256	256	256	2325.607666	0.119339	0.076622	0.006051	0.003538	0.580078	0.329102	31.251822	0.251847	1.150534	262.000000	0.007996	0.010040	0.023170	1.000000	0.027320	0.045620	9.000000	0.201476	3.736470	13.972656	6.064453	0.318359	0.000000	0.000000	0.000000	0.238816	0.648996	0.300142	0.000000	0.000000	80.000000	80.000000	0.000000	0.000000	1.000000	0.000000	8.000000	0.000000	0.718002	2.530807	1.798469	0.000000	0.000000	0.000000	1.000000	1.000000	0.341797	0.000000	24.236082	0.414062	0.064267	0.013780	0.000000	65536.000000	11.090355	256.000000	256.000000	196608.000000	1.000000	0.000000	0.000000	0.000000	0.000000	0.000000	3.000000	2.541404	4.271143	4.807795	4.908590	5.136116	0.019787	0.137769	0.943012	1.000000	0.000000	0.000000	0.246724	0.440093	1.000000	3.000000	44.000000	141.000000	255.000000	0.000000	0.000000	0.015873	0.126984	0.000000	0.000000	0.000000	0.031746	16.000000	4.816480	11.000000	256.000000	12.188967	5.545177	5.545177	11.090355	11.090355	11.090355	11.090355
4027c938c4ff0d585374edafa8a9113e14b6550c99abe32accb217915ffd410f	photo	CID22-512px	/home/lilith/work/codec-corpus/CID22/CID22-512/validation/2389166.png	medium	256	256	256	1831.138916	0.221423	0.117125	0.017180	0.011105	0.341797	0.041016	47.283207	0.389521	1.328101	2176.000000	0.066406	0.029510	0.027240	5.000000	0.078290	0.067950	13.000000	0.312280	3.791274	14.514648	9.185547	0.000000	0.000000	0.000000	0.000000	0.403633	0.046875	0.687065	0.000000	0.000000	80.000000	80.000000	0.000000	0.000000	1.000000	0.000000	8.000000	0.000000	0.049789	3.457555	1.020567	0.066946	0.022941	0.000000	1.000000	1.000000	0.342773	0.044571	22.705940	0.011719	0.095610	0.016741	0.000000	65536.000000	11.090355	256.000000	256.000000	196608.000000	1.000000	0.000000	0.000000	0.000000	0.000000	0.000000	3.000000	3.759119	4.274308	4.542070	4.838036	5.168861	0.153227	0.476571	0.932262	1.000000	0.039207	0.155118	0.291109	0.521891	6.000000	26.000000	56.000000	159.000000	255.000000	0.000000	0.015873	0.079365	0.158730	0.000000	0.000000	0.000000	0.031746	16.000000	4.816480	11.000000	256.000000	12.188967	5.545177	5.545177	11.090355	11.090355	11.090355	11.090355
5f76db296fe66a0226c95552f503c7fd4863a67fa06597198c3c61801d992e5c	photo	CID22-512px	/home/lilith/work/codec-corpus/CID22/CID22-512/training/Beam-Space-Processing.png	medium	256	256	256	253.405167	0.121507	0.015834	0.000397	0.000477	0.657227	0.647461	5.755296	0.258583	1.392618	133.000000	0.004059	0.000250	0.000240	0.000000	0.002290	0.002070	1.000000	0.449026	0.923246	8.001953	0.479492	0.724609	0.000000	0.000000	0.000000	0.987397	1.000000	0.021108	8.000000	1.000000	80.000000	80.000000	0.000000	0.000000	1.000000	0.000000	8.000000	0.000000	0.986450	1.477346	1.988606	0.000000	0.000000	0.630701	1.000000	1.000000	0.060547	0.000000	27.101421	0.747070	0.054486	0.001442	0.000000	65536.000000	11.090355	256.000000	256.000000	196608.000000	1.000000	0.000000	0.000000	0.000000	0.000000	0.000000	3.000000	0.000000	3.943544	4.317383	4.718485	5.051392	0.000000	0.000000	0.648219	0.936069	0.000000	0.000000	0.000000	0.000000	0.000000	2.000000	39.000000	135.000000	255.000000	0.000000	0.000000	0.000000	0.079365	0.000000	0.000000	0.000000	0.000000	16.000000	4.816480	11.000000	256.000000	12.188967	5.545177	5.545177	11.090355	11.090355	11.090355	11.090355
518d95049a6ddd7dbc10a7792b69eaabf003266f0dc2b53216223c0a47f6470d	mixed	kadid10k-distortion-set	/home/lilith/work/codec-corpus/kadid10k/I75.png	tiny	64	64	48	2132.134277	0.355961	0.094260	0.017013	0.010544	0.125000	0.000000	47.317749	0.160192	0.779407	451.000000	0.146810	0.013950	0.008590	0.000000	0.036010	0.025130	1.000000	0.174063	4.017660	40.229168	12.000000	0.000000	0.000000	0.000000	0.000000	0.422535	0.000000	0.802220	0.000000	0.000000	80.000000	80.000000	0.000000	0.000000	1.000000	0.000000	8.000000	0.000000	0.000977	4.254136	0.796967	0.210930	0.038430	0.000000	1.000000	1.000000	0.562500	0.000326	29.552572	0.000000	0.172288	0.028439	0.000000	3072.000000	8.030084	48.000000	64.000000	9216.000000	0.750000	0.287682	0.000000	0.000000	0.333333	0.333333	3.000000	4.545406	4.875114	5.086394	5.160848	5.395346	0.620655	1.000000	1.000000	1.000000	0.125970	0.305959	0.438643	0.537107	10.000000	35.000000	81.000000	228.000000	255.000000	0.015873	0.095238	0.142857	0.285714	0.000000	0.015873	0.031746	0.047619	11.584963	3.487421	8.000000	55.425625	9.128696	3.871201	4.158883	8.030084	8.030084	8.317766	8.317766
604e2498d4128362a79306cb398351efdf26691ce5671cda03f0ea99f3799e11	mixed	kadid10k-distortion-set	/home/lilith/work/codec-corpus/kadid10k/I36.png	tiny	64	64	48	2666.133545	0.545086	0.179576	0.027010	0.046581	0.041667	0.000000	87.760918	0.298444	0.558107	1018.000000	0.331380	0.040200	0.061950	1.000000	0.808360	1.405840	30.000000	0.287712	4.257941	54.562500	67.145836	0.000000	0.000000	0.000000	0.000000	0.422535	0.000000	0.871867	0.000000	0.000000	80.000000	80.000000	0.000000	0.000000	1.000000	0.000000	8.000000	0.000000	0.173503	4.522037	0.659526	0.408516	0.241546	0.000000	1.000000	1.000000	0.104167	0.165039	26.647181	0.000000	0.231151	0.095899	0.000000	3072.000000	8.030084	48.000000	64.000000	9216.000000	0.750000	0.287682	0.000000	0.000000	0.333333	0.333333	3.000000	4.691586	5.053205	5.153517	5.202587	5.222080	0.944682	1.000000	1.000000	1.000000	0.564512	1.000000	1.000000	1.000000	30.000000	70.000000	125.000000	234.000000	255.000000	0.063492	0.158730	0.222222	0.333333	0.031746	0.063492	0.111111	0.126984	11.584963	3.487421	8.000000	55.425625	9.128696	3.871201	4.158883	8.030084	8.030084	8.317766	8.317766
40e41a7b02325fe8a3cf7fc2adcd82ee73065c7b4baf7d09290562cd73d99e9b	photo	CID22-512px	/home/lilith/work/codec-corpus/CID22/CID22-512/validation/2670327.png	small	64	64	64	2828.315430	0.395062	0.121618	0.028886	0.018069	0.015625	0.000000	45.703503	0.255571	0.714717	904.000000	0.220703	0.048870	0.051590	2.000000	0.116610	0.154970	6.000000	0.221198	4.305512	47.406250	22.812500	0.000000	0.000000	0.000000	0.000000	0.422535	0.000000	0.885656	0.000000	0.000000	80.000000	80.000000	0.000000	0.000000	1.000000	0.000000	8.000000	0.000000	0.097412	4.536787	0.540383	0.562299	0.170895	0.000000	1.000000	1.000000	0.406250	0.394043	33.039894	0.000000	0.203869	0.043899	0.000000	4096.000000	8.317766	64.000000	64.000000	12288.000000	1.000000	0.000000	0.000000	0.000000	0.000000	0.000000	3.000000	4.595859	4.948365	5.137652	5.249125	5.404311	0.980845	1.000000	1.000000	1.000000	0.287343	0.436871	0.571214	0.885257	20.000000	48.000000	94.000000	253.000000	255.000000	0.079365	0.126984	0.190476	0.285714	0.015873	0.031746	0.047619	0.063492	12.000000	3.612360	8.500000	64.000000	9.416378	4.158883	4.158883	8.317766	8.317766	8.317766	8.317766
518d95049a6ddd7dbc10a7792b69eaabf003266f0dc2b53216223c0a47f6470d	mixed	kadid10k-distortion-set	/home/lilith/work/codec-corpus/kadid10k/I75.png	small	256	256	192	2308.276367	0.107320	0.095328	0.006762	0.005128	0.421875	0.015625	47.678108	0.253533	1.273764	1252.000000	0.038208	0.002350	0.001530	0.000000	0.010780	0.005050	2.000000	0.142735	4.090216	19.971354	4.846354	0.002604	0.000000	0.000000	0.000000	0.181385	0.020089	0.801727	0.000000	0.000000	80.000000	80.000000	0.000000	0.000000	1.000000	0.000000	8.000000	0.000000	0.000936	3.314298	1.128325	0.051795	0.021520	0.000000	1.000000	1.000000	0.488281	0.000407	33.276867	0.007812	0.071139	0.010479	0.000000	49152.000000	10.802672	192.000000	256.000000	147456.000000	0.750000	0.287682	0.000000	0.000000	0.000000	0.000000	3.000000	3.398523	4.201980	4.906863	5.131488	5.420004	0.099711	0.397705	0.961640	1.000000	0.030519	0.085436	0.178123	0.292140	3.000000	9.000000	29.000000	167.000000	255.000000	0.000000	0.000000	0.047619	0.095238	0.000000	0.000000	0.000000	0.015873	15.584963	4.691541	11.000000	221.702499	11.901285	5.257495	5.545177	10.802672	10.802672	10.802672	10.802672
604e2498d4128362a79306cb398351efdf26691ce5671cda03f0ea99f3799e11	mixed	kadid10k-distortion-set	/home/lilith/work/codec-corpus/kadid10k/I36.png	small	256	256	192	3197.724609	0.347233	0.189207	0.014383	0.022326	0.162760	0.003906	91.163857	0.739233	0.836654	3907.000000	0.119232	0.010860	0.022260	3.000000	0.155350	0.378630	23.000000	0.238175	4.221451	36.152344	33.342449	0.002604	0.000000	0.000000	0.000000	0.422535	0.006696	0.856572	0.000000	0.000000	80.000000	80.000000	0.000000	0.000000	1.000000	0.000000	8.000000	0.000000	0.200887	4.074840	1.039097	0.101214	0.050133	0.000000	1.000000	1.000000	0.270833	0.130900	28.828827	0.002604	0.158172	0.048487	0.000000	49152.000000	10.802672	192.000000	256.000000	147456.000000	0.750000	0.287682	0.000000	0.000000	0.000000	0.000000	3.000000	4.329291	4.876437	5.104773	5.209888	5.361332	0.450859	1.000000	1.000000	1.000000	0.120565	0.439344	0.954490	1.000000	13.000000	42.000000	92.000000	219.000000	255.000000	0.000000	0.063492	0.142857	0.238095	0.000000	0.000000	0.047619	0.079365	15.584963	4.691541	11.000000	221.702499	11.901285	5.257495	5.545177	10.802672	10.802672	10.802672	10.802672
61469e73ec74a52b697aff7c88cca6852de3141faa4a0071a0506e6bf343e968	photo	CID22-512px	/home/lilith/work/codec-corpus/CID22/CID22-512/training/2866385.png	small	64	64	64	1495.195557	0.257748	0.194140	0.006986	0.005553	0.375000	0.000000	70.070732	0.106517	0.901428	398.000000	0.097168	0.004370	0.014410	0.000000	0.017160	0.057860	1.000000	0.212067	3.678111	21.687500	13.562500	0.000000	0.000000	0.000000	0.000000	0.467872	0.000000	0.703800	0.000000	0.000000	80.000000	80.000000	0.000000	0.000000	1.000000	0.000000	8.000000	0.000000	0.003906	3.615438	0.951881	0.107038	0.063730	0.000000	1.000000	1.000000	0.562500	0.352539	23.500092	0.000000	0.098214	0.014881	0.000000	4096.000000	8.317766	64.000000	64.000000	12288.000000	1.000000	0.000000	0.000000	0.000000	0.000000	0.000000	3.000000	3.516395	4.374802	4.906553	5.099336	5.234889	0.225327	0.461657	0.909821	1.000000	0.105402	0.171441	0.356888	0.808354	1.000000	29.000000	68.000000	150.000000	255.000000	0.015873	0.015873	0.015873	0.174603	0.000000	0.000000	0.015873	0.015873	12.000000	3.612360	8.500000	64.000000	9.416378	4.158883	4.158883	8.317766	8.317766	8.317766	8.317766
651f873ff9fd4830f4ae09c4e954bea538aa306f04e400d561107985eb47e4c3	photo	clic2025-1024px-resized	/home/lilith/work/codec-corpus/clic2025-1024/2a760bf1ccea6998be3890dcc2371b23f35fe3006562884b45bc534a621d5c12.png	small	64	64	64	609.410461	0.122701	0.071035	0.006917	0.006313	0.609375	0.046875	34.701290	0.084716	1.131770	254.000000	0.062012	0.007690	0.015780	2.000000	0.011160	0.018370	3.000000	0.332469	2.620701	11.796875	8.906250	0.000000	0.000000	0.000000	0.000000	0.401649	0.053571	0.595562	8.000000	1.000000	80.000000	80.000000	0.000000	0.000000	1.000000	0.000000	8.000000	0.000000	0.072021	3.151353	1.092694	0.086502	0.045494	0.000000	1.000000	1.000000	0.468750	0.006104	30.723083	0.031250	0.068700	0.019593	0.000000	4096.000000	8.317766	64.000000	64.000000	12288.000000	1.000000	0.000000	0.000000	0.000000	0.000000	0.000000	3.000000	2.915919	3.982044	4.730826	4.998168	5.346469	0.138856	0.216836	0.524893	1.000000	0.107895	0.163305	0.238396	0.492932	1.000000	4.000000	30.000000	176.000000	255.000000	0.000000	0.000000	0.015873	0.111111	0.000000	0.000000	0.015873	0.031746	12.000000	3.612360	8.500000	64.000000	9.416378	4.158883	4.158883	8.317766	8.317766	8.317766	8.317766
524b8b2eb40a0839da68c3383803dceca746b070b61093be250f59b1c6551df4	photo	CID22-512px	/home/lilith/work/codec-corpus/CID22/CID22-512/validation/5055743.png	small	64	64	64	3435.399658	0.425548	0.105050	0.021898	0.015961	0.000000	0.000000	43.945457	0.236975	0.690898	915.000000	0.223389	0.023400	0.033250	1.000000	0.104930	0.113280	9.000000	0.159104	4.482382	54.828125	19.203125	0.000000	0.000000	0.000000	0.000000	0.422535	0.000000	0.936922	0.000000	0.000000	80.000000	80.000000	0.000000	0.000000	1.000000	0.000000	8.000000	0.000000	0.055908	4.605569	0.563941	0.526994	0.042185	0.000000	1.000000	1.000000	0.390625	0.540283	29.205551	0.000000	0.212302	0.041419	0.000000	4096.000000	8.317766	64.000000	64.000000	12288.000000	1.000000	0.000000	0.000000	0.000000	0.000000	0.000000	3.000000	4.686857	5.070794	5.244527	5.299160	5.449492	1.000000	1.000000	1.000000	1.000000	0.210255	0.430813	0.580315	0.783223	17.000000	52.000000	105.000000	207.000000	255.000000	0.079365	0.142857	0.206349	0.285714	0.000000	0.015873	0.047619	0.063492	12.000000	3.612360	8.500000	64.000000	9.416378	4.158883	4.158883	8.317766	8.317766	8.317766	8.317766
61469e73ec74a52b697aff7c88cca6852de3141faa4a0071a0506e6bf343e968	photo	CID22-512px	/home/lilith/work/codec-corpus/CID22/CID22-512/training/2866385.png	medium	256	256	256	1718.792725	0.245321	0.195623	0.008667	0.007358	0.591797	0.123047	70.527023	0.443712	1.162198	1276.000000	0.038940	0.006640	0.014130	1.000000	0.027440	0.049370	3.000000	0.323634	3.687335	16.097656	4.708008	0.011719	0.000000	0.000000	0.000000	0.458665	0.150670	0.557866	0.000000	0.000000	80.000000	80.000000	0.000000	0.000000	1.000000	0.000000	8.000000	0.000000	0.002335	2.901073	1.418903	0.034107	0.022241	0.000000	1.000000	1.000000	0.267578	0.349503	20.950720	0.005859	0.091998	0.008324	0.000000	65536.000000	11.090355	256.000000	256.000000	196608.000000	1.000000	0.000000	0.000000	0.000000	0.000000	0.000000	3.000000	2.290035	4.428926	4.742183	4.910261	5.192647	0.052833	0.109125	1.000000	1.000000	0.033415	0.076582	0.166024	0.318610	1.000000	25.000000	69.000000	162.000000	255.000000	0.000000	0.000000	0.015873	0.206349	0.000000	0.000000	0.000000	0.015873	16.000000	4.816480	11.000000	256.000000	12.188967	5.545177	5.545177	11.090355	11.090355	11.090355	11.090355
40e41a7b02325fe8a3cf7fc2adcd82ee73065c7b4baf7d09290562cd73d99e9b	photo	CID22-512px	/home/lilith/work/codec-corpus/CID22/CID22-512/validation/2670327.png	medium	256	256	256	3099.458984	0.179992	0.126714	0.014739	0.009380	0.236328	0.019531	47.345432	0.314662	1.262445	2536.000000	0.077393	0.018170	0.021830	3.000000	0.047320	0.053280	13.000000	0.119747	4.307281	24.379883	12.124023	0.003906	0.000000	0.000000	0.000000	0.304212	0.025670	0.862580	0.000000	0.000000	80.000000	80.000000	0.000000	0.000000	1.000000	0.000000	8.000000	0.000000	0.099792	3.749831	0.973308	0.114908	0.031416	0.000000	1.000000	1.000000	0.427734	0.375595	30.653950	0.001953	0.097966	0.021717	0.000000	65536.000000	11.090355	256.000000	256.000000	196608.000000	1.000000	0.000000	0.000000	0.000000	0.000000	0.000000	3.000000	3.891022	4.462157	4.904428	5.172687	5.558555	0.268914	0.638624	1.000000	1.000000	0.069671	0.175828	0.357315	0.652767	6.000000	20.000000	47.000000	152.000000	255.000000	0.000000	0.031746	0.079365	0.158730	0.000000	0.000000	0.015873	0.031746	16.000000	4.816480	11.000000	256.000000	12.188967	5.545177	5.545177	11.090355	11.090355	11.090355	11.090355
61502859dfb1c397569148158adb822ba1233715a79a819782c5b7db4e78ea9d	photo	CID22-512px	/home/lilith/work/codec-corpus/CID22/CID22-512/training/2599868.png	small	64	64	64	1397.268921	0.346939	0.028401	0.006473	0.007903	0.000000	0.000000	17.372704	0.099570	0.576357	223.000000	0.054443	0.002010	0.001920	0.000000	0.020040	0.018440	0.000000	0.136216	3.762617	32.312500	4.703125	0.031250	0.000000	0.000000	0.000000	0.455970	0.026786	0.728295	8.000000	1.000000	80.000000	80.000000	0.000000	0.000000	1.000000	0.000000	8.000000	0.000000	0.002441	4.393076	0.349246	0.637332	0.051048	0.000000	1.000000	1.000000	0.437500	0.000000	14.920225	0.000000	0.156994	0.012897	0.000000	4096.000000	8.317766	64.000000	64.000000	12288.000000	1.000000	0.000000	0.000000	0.000000	0.000000	0.000000	3.000000	4.473817	4.704257	4.784197	4.821248	4.951688	0.896373	1.000000	1.000000	1.000000	0.108464	0.174143	0.234319	0.258957	15.000000	38.000000	68.000000	126.000000	197.000000	0.095238	0.126984	0.158730	0.206349	0.000000	0.000000	0.015873	0.015873	12.000000	3.612360	8.500000	64.000000	9.416378	4.158883	4.158883	8.317766	8.317766	8.317766	8.317766
524b8b2eb40a0839da68c3383803dceca746b070b61093be250f59b1c6551df4	photo	CID22-512px	/home/lilith/work/codec-corpus/CID22/CID22-512/validation/5055743.png	medium	256	256	256	3633.237305	0.170842	0.108287	0.009712	0.007909	0.265625	0.028320	45.107296	0.243062	1.216743	1978.000000	0.060364	0.006750	0.006650	0.000000	0.051370	0.035480	17.000000	0.107399	4.498181	24.018555	9.055664	0.005859	0.000000	0.000000	0.000000	0.288747	0.037388	0.907298	0.000000	0.000000	80.000000	80.000000	0.000000	0.000000	1.000000	0.000000	8.000000	0.000000	0.051056	3.690958	1.012402	0.097112	0.019698	0.000000	1.000000	1.000000	0.619141	0.519470	24.572849	0.022461	0.091828	0.017966	0.000000	65536.000000	11.090355	256.000000	256.000000	196608.000000	1.000000	0.000000	0.000000	0.000000	0.000000	0.000000	3.000000	3.819610	4.485952	4.927319	5.136487	5.371145	0.245238	0.595129	1.000000	1.000000	0.031903	0.113891	0.292151	0.497328	4.000000	16.000000	43.000000	131.000000	255.000000	0.000000	0.015873	0.063492	0.142857	0.000000	0.000000	0.000000	0.031746	16.000000	4.816480	11.000000	256.000000	12.188967	5.545177	5.545177	11.090355	11.090355	11.090355	11.090355
61502859dfb1c397569148158adb822ba1233715a79a819782c5b7db4e78ea9d	photo	CID22-512px	/home/lilith/work/codec-corpus/CID22/CID22-512/training/2599868.png	medium	256	256	256	1540.813232	0.152618	0.029989	0.003955	0.004809	0.364258	0.014648	17.926035	0.206404	0.879689	393.000000	0.011993	0.000970	0.000900	0.000000	0.014020	0.009090	2.000000	0.184347	3.882474	15.395508	2.250000	0.009766	0.000000	0.000000	0.000000	0.274499	0.025112	0.667189	0.000000	0.000000	80.000000	80.000000	0.000000	0.000000	1.000000	0.000000	8.000000	0.000000	0.006836	3.471788	0.996363	0.073249	0.015442	0.000000	1.000000	1.000000	0.449219	0.000046	16.657267	0.010742	0.078745	0.004294	0.000000	65536.000000	11.090355	256.000000	256.000000	196608.000000	1.000000	0.000000	0.000000	0.000000	0.000000	0.000000	3.000000	3.722531	4.351631	4.632751	4.770698	4.874523	0.150710	0.552882	1.000000	1.000000	0.024859	0.051316	0.115220	0.210591	3.000000	13.000000	44.000000	119.000000	255.000000	0.000000	0.015873	0.047619	0.142857	0.000000	0.000000	0.000000	0.000000	16.000000	4.816480	11.000000	256.000000	12.188967	5.545177	5.545177	11.090355	11.090355	11.090355	11.090355
531f6ac968fd35a8ce8d9d1d5abb46b32ed55cda22b1541cf65ca715098f29c4	photo	CID22-512px	/home/lilith/work/codec-corpus/CID22/CID22-512/training/1459534.png	small	64	64	64	1516.464722	0.693374	0.078454	0.043086	0.016884	0.000000	0.000000	39.531719	0.286878	0.534242	708.000000	0.172852	0.075770	0.047520	1.000000	0.076320	0.056490	1.000000	0.243352	4.066065	45.390625	16.921875	0.000000	0.000000	0.000000	0.000000	0.422535	0.000000	0.816251	0.000000	0.000000	80.000000	80.000000	0.000000	0.000000	1.000000	0.000000	8.000000	0.000000	0.003174	4.657955	0.236131	0.931137	0.256150	0.000000	1.000000	1.000000	0.156250	0.872559	18.641882	0.000000	0.223214	0.037698	0.000000	4096.000000	8.317766	64.000000	64.000000	12288.000000	1.000000	0.000000	0.000000	0.000000	0.000000	0.000000	3.000000	4.677037	4.830140	4.953755	4.987735	5.100852	1.000000	1.000000	1.000000	1.000000	0.321015	0.403126	0.482307	0.555004	43.000000	75.000000	110.000000	179.000000	255.000000	0.158730	0.190476	0.238095	0.269841	0.015873	0.015873	0.031746	0.047619	12.000000	3.612360	8.500000	64.000000	9.416378	4.158883	4.158883	8.317766	8.317766	8.317766	8.317766
41dc4c2f2b80dc97a8703e25d03da1af7634bb6c57154c6fcf094d684e6bcc30	photo	CID22-512px	/home/lilith/work/codec-corpus/CID22/CID22-512/training/pexels-photo-4672246.png	small	64	64	64	1745.490967	0.260771	0.190059	0.030545	0.022553	0.046875	0.000000	71.153893	0.101998	0.854139	733.000000	0.178955	0.073250	0.042430	4.000000	0.270320	0.161730	12.000000	0.173405	3.997299	25.593750	27.421875	0.000000	0.000000	0.000000	0.000000	0.422916	0.000000	0.796319	0.000000	0.000000	80.000000	80.000000	0.000000	0.000000	1.000000	0.000000	8.000000	0.000000	0.094727	4.013605	0.780785	0.291379	0.105082	0.000000	1.000000	1.000000	0.265625	0.178223	21.121000	0.000000	0.135665	0.048859	0.000000	4096.000000	8.317766	64.000000	64.000000	12288.000000	1.000000	0.000000	0.000000	0.000000	0.000000	0.000000	3.000000	4.170668	4.593647	4.767018	5.030118	5.223492	0.497343	0.863027	1.000000	1.000000	0.183342	0.488557	0.884565	1.000000	10.000000	28.000000	62.000000	147.000000	255.000000	0.031746	0.063492	0.142857	0.190476	0.000000	0.015873	0.047619	0.079365	12.000000	3.612360	8.500000	64.000000	9.416378	4.158883	4.158883	8.317766	8.317766	8.317766	8.317766
616b2a4c014d40f6222c78cf353e7609b6ed5448c4f2092186908ee352f751db	photo	CID22-512px	/home/lilith/work/codec-corpus/CID22/CID22-512/training/3952034.png	small	64	64	64	5163.667969	0.424792	0.078822	0.016014	0.013096	0.046875	0.000000	29.650099	0.238941	0.662721	721.000000	0.176025	0.014680	0.019520	0.000000	0.070220	0.070490	4.000000	0.094834	4.540533	71.343750	11.453125	0.000000	0.000000	0.000000	0.000000	0.422535	0.000000	0.953778	0.000000	0.000000	80.000000	80.000000	0.000000	0.000000	1.000000	0.000000	8.000000	0.000000	0.277588	4.738842	0.720049	0.573884	0.057910	0.000000	1.000000	1.000000	0.515625	0.316406	31.757961	0.000000	0.187252	0.026042	0.000000	4096.000000	8.317766	64.000000	64.000000	12288.000000	1.000000	0.000000	0.000000	0.000000	0.000000	0.000000	3.000000	4.984855	5.200182	5.416111	5.538426	5.598609	1.000000	1.000000	1.000000	1.000000	0.152157	0.249003	0.333549	0.475046	22.000000	62.000000	107.000000	183.000000	255.000000	0.063492	0.126984	0.174603	0.269841	0.000000	0.015873	0.015873	0.031746	12.000000	3.612360	8.500000	64.000000	9.416378	4.158883	4.158883	8.317766	8.317766	8.317766	8.317766
616b2a4c014d40f6222c78cf353e7609b6ed5448c4f2092186908ee352f751db	photo	CID22-512px	/home/lilith/work/codec-corpus/CID22/CID22-512/training/3952034.png	medium	256	256	256	5460.186035	0.182899	0.082835	0.009695	0.008195	0.280273	0.041016	30.992329	0.343646	0.978048	1850.000000	0.056458	0.008640	0.008730	2.000000	0.041830	0.036750	5.000000	0.092539	4.462291	27.937500	7.053711	0.005859	0.000000	0.000000	0.000000	0.309125	0.051897	0.881563	0.000000	0.000000	80.000000	80.000000	0.000000	0.000000	1.000000	0.000000	8.000000	0.000000	0.291122	3.757359	1.101033	0.104694	0.012912	0.000000	1.000000	1.000000	0.538086	0.311798	29.238274	0.054688	0.095812	0.013656	0.000000	65536.000000	11.090355	256.000000	256.000000	196608.000000	1.000000	0.000000	0.000000	0.000000	0.000000	0.000000	3.000000	3.905982	4.642024	5.087873	5.274631	5.456962	0.225281	0.666062	1.000000	1.000000	0.042025	0.114239	0.235776	0.390286	5.000000	19.000000	55.000000	149.000000	255.000000	0.000000	0.015873	0.063492	0.142857	0.000000	0.000000	0.000000	0.015873	16.000000	4.816480	11.000000	256.000000	12.188967	5.545177	5.545177	11.090355	11.090355	11.090355	11.090355
626f3abacd8a5c33127a4cbb1650e910f6b1d0aab421fd16de4589d5031fa440	mixed	kadid10k-distortion-set	/home/lilith/work/codec-corpus/kadid10k/I44.png	tiny	64	64	48	1842.058960	0.511989	0.145017	0.025237	0.018770	0.000000	0.000000	48.841778	0.203161	0.660722	580.000000	0.188802	0.035000	0.022060	0.000000	0.127580	0.078850	3.000000	0.389116	4.122958	36.020832	18.875000	0.000000	0.000000	0.000000	0.000000	0.422535	0.000000	0.832741	0.000000	0.000000	80.000000	80.000000	0.000000	0.000000	1.000000	0.000000	8.000000	0.000000	0.093099	4.456359	0.425228	0.491409	0.079835	0.000000	1.000000	1.000000	0.083333	0.263672	22.707029	0.000000	0.214616	0.036376	0.000000	3072.000000	8.030084	48.000000	64.000000	9216.000000	0.750000	0.287682	0.000000	0.000000	0.333333	0.333333	3.000000	4.522640	4.837462	4.905832	5.016227	5.174358	0.860481	1.000000	1.000000	1.000000	0.169803	0.310181	0.657503	0.902587	27.000000	58.000000	101.000000	199.000000	255.000000	0.079365	0.142857	0.222222	0.301587	0.000000	0.015873	0.031746	0.063492	11.584963	3.487421	8.000000	55.425625	9.128696	3.871201	4.158883	8.030084	8.030084	8.317766	8.317766
651f873ff9fd4830f4ae09c4e954bea538aa306f04e400d561107985eb47e4c3	photo	clic2025-1024px-resized	/home/lilith/work/codec-corpus/clic2025-1024/2a760bf1ccea6998be3890dcc2371b23f35fe3006562884b45bc534a621d5c12.png	medium	256	256	256	840.474243	0.045336	0.072766	0.002852	0.002062	0.823242	0.171875	35.175449	0.256936	1.439558	654.000000	0.019958	0.002530	0.004100	1.000000	0.003320	0.004650	2.000000	0.202140	2.562032	9.864258	3.375977	0.076172	0.000000	0.000000	0.000000	0.286454	0.261719	0.273427	0.000000	0.000000	80.000000	80.000000	0.000000	0.000000	1.000000	0.000000	8.000000	0.000000	0.080856	2.169346	1.312800	0.019938	0.011350	0.000000	1.000000	1.000000	0.312500	0.005020	48.504265	0.131836	0.031746	0.006278	0.000000	65536.000000	11.090355	256.000000	256.000000	196608.000000	1.000000	0.000000	0.000000	0.000000	0.000000	0.000000	3.000000	1.863325	2.434943	4.706468	5.044014	5.550784	0.034047	0.061898	0.122962	1.000000	0.027422	0.053048	0.088055	0.227582	0.000000	1.000000	4.000000	167.000000	255.000000	0.000000	0.000000	0.000000	0.015873	0.000000	0.000000	0.000000	0.000000	16.000000	4.816480	11.000000	256.000000	12.188967	5.545177	5.545177	11.090355	11.090355	11.090355	11.090355
626f3abacd8a5c33127a4cbb1650e910f6b1d0aab421fd16de4589d5031fa440	mixed	kadid10k-distortion-set	/home/lilith/work/codec-corpus/kadid10k/I44.png	small	256	256	192	2022.332520	0.194580	0.146081	0.009123	0.006906	0.135417	0.014323	49.185120	0.198043	1.029629	1225.000000	0.037384	0.002490	0.001160	0.000000	0.009970	0.004080	1.000000	0.114705	4.212689	23.445312	7.781250	0.000000	0.000000	0.000000	0.000000	0.328867	0.016369	0.841452	0.000000	0.000000	80.000000	80.000000	0.000000	0.000000	1.000000	0.000000	8.000000	0.000000	0.092000	3.915981	0.820318	0.180097	0.032446	0.000000	1.000000	1.000000	0.626302	0.260478	20.154030	0.000000	0.110284	0.016328	0.000000	49152.000000	10.802672	192.000000	256.000000	147456.000000	0.750000	0.287682	0.000000	0.000000	0.000000	0.000000	3.000000	4.073622	4.490112	4.807371	4.991122	5.207952	0.463258	0.836455	1.000000	1.000000	0.065621	0.135962	0.254009	0.433164	7.000000	18.000000	41.000000	126.000000	255.000000	0.015873	0.047619	0.095238	0.142857	0.000000	0.000000	0.015873	0.031746	15.584963	4.691541	11.000000	221.702499	11.901285	5.257495	5.545177	10.802672	10.802672	10.802672	10.802672
531f6ac968fd35a8ce8d9d1d5abb46b32ed55cda22b1541cf65ca715098f29c4	photo	CID22-512px	/home/lilith/work/codec-corpus/CID22/CID22-512/training/1459534.png	medium	256	256	256	2183.789062	0.633956	0.094399	0.042036	0.016704	0.010742	0.000000	44.167629	1.437683	0.707773	1971.000000	0.060150	0.082390	0.075150	2.000000	0.084740	0.075560	4.000000	0.384532	4.237963	45.271484	16.699219	0.000000	0.000000	0.000000	0.000000	0.422535	0.000000	0.866076	0.000000	0.000000	80.000000	80.000000	0.000000	0.000000	1.000000	0.000000	8.000000	0.000000	0.007187	4.588758	0.370434	0.724173	0.207324	0.000000	1.000000	1.000000	0.119141	0.786789	22.230768	0.000000	0.239707	0.035358	0.000000	65536.000000	11.090355	256.000000	256.000000	196608.000000	1.000000	0.000000	0.000000	0.000000	0.000000	0.000000	3.000000	4.670030	4.826426	4.958819	5.028580	5.179969	1.000000	1.000000	1.000000	1.000000	0.282905	0.362676	0.475105	0.590966	40.000000	79.000000	124.000000	225.000000	255.000000	0.126984	0.174603	0.238095	0.301587	0.015873	0.015873	0.031746	0.047619	16.000000	4.816480	11.000000	256.000000	12.188967	5.545177	5.545177	11.090355	11.090355	11.090355	11.090355
41dc4c2f2b80dc97a8703e25d03da1af7634bb6c57154c6fcf094d684e6bcc30	photo	CID22-512px	/home/lilith/work/codec-corpus/CID22/CID22-512/training/pexels-photo-4672246.png	medium	256	256	256	1840.500610	0.110542	0.192997	0.011705	0.008761	0.445312	0.003906	72.108521	0.152717	1.330955	1788.000000	0.054565	0.013450	0.011660	2.000000	0.051760	0.042980	10.000000	0.164270	4.004962	12.253906	10.095703	0.000000	0.000000	0.000000	0.000000	0.186832	0.004464	0.793822	0.000000	0.000000	80.000000	80.000000	0.000000	0.000000	1.000000	0.000000	8.000000	0.000000	0.081421	3.214927	1.000377	0.037910	0.018340	0.000000	1.000000	1.000000	0.321289	0.176956	18.701096	0.000000	0.063368	0.017516	0.000000	65536.000000	11.090355	256.000000	256.000000	196608.000000	1.000000	0.000000	0.000000	0.000000	0.000000	0.000000	3.000000	3.271315	4.056273	4.569818	4.736431	5.070809	0.099269	0.320170	0.799182	1.000000	0.033990	0.092374	0.261646	0.572993	4.000000	10.000000	32.000000	105.000000	255.000000	0.000000	0.000000	0.031746	0.111111	0.000000	0.000000	0.000000	0.031746	16.000000	4.816480	11.000000	256.000000	12.188967	5.545177	5.545177	11.090355	11.090355	11.090355	11.090355
4211dc9c8c6e4fb24a477f049943527113efada09bae6cb89ee4a061b533e271	mixed	kadid10k-distortion-set	/home/lilith/work/codec-corpus/kadid10k/I35.png	tiny	64	64	48	2864.390625	0.378926	0.114911	0.019364	0.016871	0.000000	0.000000	45.876915	0.205879	0.645193	1170.000000	0.380859	0.027470	0.031770	1.000000	0.173250	0.159190	10.000000	0.189677	4.315108	50.187500	21.625000	0.000000	0.000000	0.000000	0.000000	0.422535	0.000000	0.888437	0.000000	0.000000	80.000000	80.000000	0.000000	0.000000	1.000000	0.000000	8.000000	0.000000	0.008138	4.534533	0.528868	0.601574	0.095489	0.000000	1.000000	1.000000	0.458333	0.296224	28.086596	0.000000	0.189153	0.041997	0.000000	3072.000000	8.030084	48.000000	64.000000	9216.000000	0.750000	0.287682	0.000000	0.000000	0.333333	0.333333	3.000000	4.601865	5.015034	5.107911	5.219685	5.315357	0.839044	1.000000	1.000000	1.000000	0.184543	0.384092	0.609141	0.867661	13.000000	50.000000	106.000000	228.000000	255.000000	0.063492	0.095238	0.174603	0.269841	0.015873	0.031746	0.031746	0.063492	11.584963	3.487421	8.000000	55.425625	9.128696	3.871201	4.158883	8.030084	8.030084	8.317766	8.317766
533ac752a8b8f77e3bf784bad4d1ed1e16083a81e70010e7da62013033b844b1	photo	CID22-512px	/home/lilith/work/codec-corpus/CID22/CID22-512/training/146083.png	small	64	64	64	3169.645020	0.629126	0.099984	0.019955	0.015231	0.000000	0.000000	40.719872	0.269145	0.575441	1049.000000	0.256104	0.020650	0.020540	0.000000	0.078730	0.053840	5.000000	0.160650	4.547228	64.640625	16.093750	0.000000	0.000000	0.000000	0.000000	0.422535	0.000000	0.955718	0.000000	0.000000	80.000000	80.000000	0.000000	0.000000	1.000000	0.000000	8.000000	0.000000	0.221191	4.842138	0.278242	1.000000	0.059832	0.000000	1.000000	1.000000	0.359375	0.470215	23.175426	0.000000	0.245040	0.036458	0.000000	4096.000000	8.317766	64.000000	64.000000	12288.000000	1.000000	0.000000	0.000000	0.000000	0.000000	0.000000	3.000000	4.898936	5.074138	5.124207	5.183795	5.360400	1.000000	1.000000	1.000000	1.000000	0.211445	0.285390	0.500055	0.601411	36.000000	68.000000	108.000000	188.000000	255.000000	0.142857	0.206349	0.253968	0.285714	0.000000	0.015873	0.031746	0.063492	12.000000	3.612360	8.500000	64.000000	9.416378	4.158883	4.158883	8.317766	8.317766	8.317766	8.317766
651f873ff9fd4830f4ae09c4e954bea538aa306f04e400d561107985eb47e4c3	photo	clic2025-1024px-resized	/home/lilith/work/codec-corpus/clic2025-1024/2a760bf1ccea6998be3890dcc2371b23f35fe3006562884b45bc534a621d5c12.png	large	1024	1024	1024	871.403625	0.019146	0.073494	0.001200	0.000713	0.933350	0.846558	35.421947	0.240830	1.788277	1288.000000	0.039307	0.000460	0.000590	1.000000	0.000600	0.000770	1.000000	0.075593	2.525156	6.633789	1.303711	0.277344	0.000000	0.000000	0.000000	0.500935	0.809152	0.046214	0.000000	0.000000	80.000000	80.000000	0.000000	0.000000	1.000000	0.000000	8.000000	0.000000	0.085846	1.252121	1.295669	0.000000	0.000000	0.000000	1.000000	1.000000	0.131836	0.004803	46.984341	0.492188	0.015051	0.002077	0.000000	1048576.000000	13.862944	1024.000000	1024.000000	3145728.000000	1.000000	0.000000	0.000000	0.000000	0.000000	0.000000	3.000000	1.144185	1.427325	3.064458	4.650742	5.523778	0.004222	0.025822	0.037349	0.222056	0.000000	0.021150	0.029670	0.047035	0.000000	0.000000	1.000000	75.000000	255.000000	0.000000	0.000000	0.000000	0.000000	0.000000	0.000000	0.000000	0.000000	20.000000	6.020600	14.000000	1024.000000	14.961555	6.931472	6.931472	13.862944	13.862944	13.862944	13.862944
533ac752a8b8f77e3bf784bad4d1ed1e16083a81e70010e7da62013033b844b1	photo	CID22-512px	/home/lilith/work/codec-corpus/CID22/CID22-512/training/146083.png	medium	256	256	256	3498.295166	0.399616	0.102509	0.012447	0.007950	0.031250	0.000000	41.521008	0.576606	0.966132	2687.000000	0.082001	0.009340	0.007820	1.000000	0.025290	0.018310	2.000000	0.198291	4.613289	34.174805	7.707031	0.000000	0.000000	0.000000	0.000000	0.422535	0.000000	0.974866	0.000000	0.000000	80.000000	80.000000	0.000000	0.000000	1.000000	0.000000	8.000000	0.000000	0.218964	4.327779	0.532270	0.462668	0.033933	0.000000	1.000000	1.000000	0.369141	0.451416	19.636026	0.000000	0.162590	0.015842	0.000000	65536.000000	11.090355	256.000000	256.000000	196608.000000	1.000000	0.000000	0.000000	0.000000	0.000000	0.000000	3.000000	4.380753	4.728827	4.950524	5.096265	5.244314	0.698029	1.000000	1.000000	1.000000	0.055202	0.126750	0.240486	0.383710	18.000000	44.000000	77.000000	163.000000	255.000000	0.047619	0.095238	0.158730	0.222222	0.000000	0.000000	0.015873	0.031746	16.000000	4.816480	11.000000	256.000000	12.188967	5.545177	5.545177	11.090355	11.090355	11.090355	11.090355
4211dc9c8c6e4fb24a477f049943527113efada09bae6cb89ee4a061b533e271	mixed	kadid10k-distortion-set	/home/lilith/work/codec-corpus/kadid10k/I35.png	small	256	256	192	3390.930176	0.250077	0.120451	0.012986	0.009413	0.354167	0.005208	47.621849	0.915607	0.940585	3858.000000	0.117737	0.010600	0.014050	1.000000	0.048380	0.058280	7.000000	0.329073	4.382452	34.531250	12.680989	0.006510	0.000000	0.000000	0.000000	0.422535	0.011533	0.901667	0.000000	0.000000	80.000000	80.000000	0.000000	0.000000	1.000000	0.000000	8.000000	0.000000	0.011780	3.712589	1.157584	0.093715	0.031113	0.000000	1.000000	1.000000	0.503906	0.295959	35.680088	0.032552	0.133743	0.024905	0.000000	49152.000000	10.802672	192.000000	256.000000	147456.000000	0.750000	0.287682	0.000000	0.000000	0.000000	0.000000	3.000000	3.583532	4.897199	5.143252	5.241411	5.407838	0.178865	0.476678	1.000000	1.000000	0.055219	0.126357	0.321638	0.656423	3.000000	27.000000	98.000000	255.000000	255.000000	0.000000	0.015873	0.031746	0.238095	0.000000	0.000000	0.015873	0.031746	15.584963	4.691541	11.000000	221.702499	11.901285	5.257495	5.545177	10.802672	10.802672	10.802672	10.802672
65cca30a9fef8c0cd9929730a2dd5028e200da455dd191bc53fad88959a92518	photo	CID22-512px	/home/lilith/work/codec-corpus/CID22/CID22-512/validation/3637739.png	small	64	64	64	3281.253906	0.403376	0.023771	0.003884	0.004810	0.015625	0.000000	11.421329	0.264251	0.540332	293.000000	0.071533	0.001220	0.001630	0.000000	0.017840	0.022000	2.000000	0.164931	4.449183	54.343750	2.453125	0.000000	0.000000	0.000000	0.000000	0.422535	0.000000	0.847460	0.000000	0.000000	80.000000	80.000000	0.000000	0.000000	1.000000	0.000000	8.000000	0.000000	0.112305	4.667391	0.547838	0.607509	0.037169	0.000000	1.000000	1.000000	0.390625	0.008545	30.486679	0.000000	0.213790	0.004216	0.000000	4096.000000	8.317766	64.000000	64.000000	12288.000000	1.000000	0.000000	0.000000	0.000000	0.000000	0.000000	3.000000	4.829913	5.095789	5.231432	5.248984	5.282064	1.000000	1.000000	1.000000	1.000000	0.064943	0.092322	0.125647	0.189896	20.000000	63.000000	111.000000	208.000000	255.000000	0.079365	0.142857	0.222222	0.269841	0.000000	0.000000	0.000000	0.000000	12.000000	3.612360	8.500000	64.000000	9.416378	4.158883	4.158883	8.317766	8.317766	8.317766	8.317766
5495af40b7097acc3705ab355d25d2cb327b5734e52382c712adfee18c75e04d	photo	CID22-512px	/home/lilith/work/codec-corpus/CID22/CID22-512/validation/2936831.png	small	64	64	64	4260.184082	0.181658	0.115001	0.011419	0.007826	0.031250	0.000000	40.451839	0.133570	0.871039	373.000000	0.091064	0.008770	0.014870	0.000000	0.026480	0.031020	1.000000	0.100188	4.482342	40.921875	8.437500	0.000000	0.000000	0.000000	0.000000	0.307027	0.000000	0.936911	0.000000	0.000000	80.000000	80.000000	0.000000	0.000000	1.000000	0.000000	8.000000	0.000000	0.280029	4.223159	0.708207	0.355525	0.021349	0.000000	1.000000	1.000000	0.531250	0.281982	40.043667	0.031250	0.125744	0.011905	0.000000	4096.000000	8.317766	64.000000	64.000000	12288.000000	1.000000	0.000000	0.000000	0.000000	0.000000	0.000000	3.000000	3.968891	4.754219	5.351101	5.527997	5.593034	0.495075	0.767176	1.000000	1.000000	0.044058	0.092149	0.231743	0.658187	9.000000	25.000000	72.000000	177.000000	255.000000	0.031746	0.031746	0.063492	0.190476	0.000000	0.000000	0.000000	0.015873	12.000000	3.612360	8.500000	64.000000	9.416378	4.158883	4.158883	8.317766	8.317766	8.317766	8.317766
636340df96281e069100277e7f0e311d447a6afc27d7e9279702973f83e4a2ee	photo	clic2025-1024px-resized	/home/lilith/work/codec-corpus/clic2025-1024/e0d8e29cadfc99663c7d1a4a5afe20c454ec54d0d873776ec397c59405c74790.png	small	64	64	64	4434.574219	0.162509	0.058825	0.007513	0.007145	0.265625	0.015625	24.362314	0.082008	0.851464	306.000000	0.074707	0.005280	0.003180	0.000000	0.036090	0.024120	2.000000	0.098328	3.759088	28.593750	5.078125	0.000000	0.000000	0.000000	0.000000	0.308595	0.017857	0.708401	0.000000	0.000000	80.000000	80.000000	0.000000	0.000000	1.000000	0.000000	8.000000	0.000000	0.351074	3.719900	1.101393	0.076337	0.008249	0.000000	1.000000	1.000000	0.484375	0.188477	27.337921	0.000000	0.105903	0.011905	0.000000	4096.000000	8.317766	64.000000	64.000000	12288.000000	1.000000	0.000000	0.000000	0.000000	0.000000	0.000000	3.000000	3.688598	4.869166	5.187414	5.221321	5.369470	0.219399	0.558900	1.000000	1.000000	0.021247	0.054001	0.271840	0.360152	4.000000	15.000000	49.000000	153.000000	255.000000	0.000000	0.015873	0.063492	0.190476	0.000000	0.000000	0.000000	0.031746	12.000000	3.612360	8.500000	64.000000	9.416378	4.158883	4.158883	8.317766	8.317766	8.317766	8.317766
5495af40b7097acc3705ab355d25d2cb327b5734e52382c712adfee18c75e04d	photo	CID22-512px	/home/lilith/work/codec-corpus/CID22/CID22-512/validation/2936831.png	medium	256	256	256	4454.071289	0.111434	0.117231	0.012747	0.008105	0.403320	0.002930	41.192551	0.240070	1.323342	920.000000	0.028076	0.013670	0.009390	1.000000	0.032760	0.017730	2.000000	0.114691	4.492142	15.180664	4.348633	0.000000	0.000000	0.000000	0.000000	0.188339	0.003348	0.936213	0.000000	0.000000	80.000000	80.000000	0.000000	0.000000	1.000000	0.000000	8.000000	0.000000	0.285645	3.362971	0.903470	0.098276	0.010931	0.000000	1.000000	1.000000	0.459961	0.266556	35.362225	0.039062	0.065585	0.009688	0.000000	65536.000000	11.090355	256.000000	256.000000	196608.000000	1.000000	0.000000	0.000000	0.000000	0.000000	0.000000	3.000000	3.360582	3.898889	4.583755	5.269337	5.498958	0.165560	0.323842	0.599148	1.000000	0.016882	0.065626	0.213330	0.310458	3.000000	16.000000	36.000000	141.000000	255.000000	0.000000	0.015873	0.031746	0.095238	0.000000	0.000000	0.000000	0.015873	16.000000	4.816480	11.000000	256.000000	12.188967	5.545177	5.545177	11.090355	11.090355	11.090355	11.090355
65cca30a9fef8c0cd9929730a2dd5028e200da455dd191bc53fad88959a92518	photo	CID22-512px	/home/lilith/work/codec-corpus/CID22/CID22-512/validation/3637739.png	medium	256	256	256	3718.707275	0.199216	0.025532	0.002383	0.002862	0.362305	0.045898	12.047973	0.468292	0.952349	636.000000	0.019409	0.000640	0.000730	0.000000	0.008320	0.008620	4.000000	0.117073	4.464983	31.261719	1.818359	0.001953	0.000000	0.000000	0.000000	0.336703	0.054129	0.713275	0.000000	0.000000	80.000000	80.000000	0.000000	0.000000	1.000000	0.000000	8.000000	0.000000	0.111328	3.697807	1.199507	0.079279	0.006296	0.000000	1.000000	1.000000	0.480469	0.010056	32.639629	0.007812	0.095192	0.003240	0.000000	65536.000000	11.090355	256.000000	256.000000	196608.000000	1.000000	0.000000	0.000000	0.000000	0.000000	0.000000	3.000000	3.766557	4.906375	5.169363	5.273317	5.416640	0.153581	0.571521	1.000000	1.000000	0.018895	0.039925	0.090284	0.155917	4.000000	21.000000	69.000000	173.000000	255.000000	0.000000	0.015873	0.063492	0.142857	0.000000	0.000000	0.000000	0.000000	16.000000	4.816480	11.000000	256.000000	12.188967	5.545177	5.545177	11.090355	11.090355	11.090355	11.090355
5544484f773f8dad36bdb0d4b91df282100c0e5ff71abbb8fefb2cdf88b1f030	photo	CID22-512px	/home/lilith/work/codec-corpus/CID22/CID22-512/training/Verkehrstote Deutschland 1953-2012.png	small	64	64	64	817.790039	0.230789	0.016942	0.001260	0.002955	0.375000	0.312500	6.638918	0.220059	0.731870	39.000000	0.009521	0.001070	0.001170	0.000000	0.038760	0.042190	5.000000	0.380459	1.594083	21.328125	1.281250	0.312500	0.000000	0.000000	0.000000	0.795239	0.625000	0.101819	8.000000	1.000000	80.000000	80.000000	0.000000	0.000000	1.000000	0.000000	8.000000	0.000000	0.970947	2.924982	2.030666	0.000000	0.000000	0.362367	1.000000	1.000000	0.031250	0.019531	35.833584	0.328125	0.119048	0.004216	0.000000	4096.000000	8.317766	64.000000	64.000000	12288.000000	1.000000	0.000000	0.000000	0.000000	0.000000	0.000000	3.000000	3.685019	4.776133	5.001270	5.051777	5.128079	0.000000	0.497423	1.000000	1.000000	0.000000	0.000000	0.000000	0.232999	1.000000	31.000000	85.000000	255.000000	255.000000	0.000000	0.000000	0.079365	0.238095	0.000000	0.000000	0.000000	0.000000	12.000000	3.612360	8.500000	64.000000	9.416378	4.158883	4.158883	8.317766	8.317766	8.317766	8.317766
6703b5f4017b3310e940c5dd4a95e84f918eba3aa428165e52d16c028dc97375	photo	CID22-512px	/home/lilith/work/codec-corpus/CID22/CID22-512/validation/1418519.png	small	64	64	64	1528.555420	0.210632	0.098277	0.008710	0.008473	0.078125	0.000000	36.566151	0.090023	0.859449	679.000000	0.165771	0.004840	0.007040	0.000000	0.031690	0.040310	3.000000	0.113352	3.837785	30.593750	12.515625	0.000000	0.000000	0.000000	0.000000	0.378846	0.000000	0.750083	0.000000	0.000000	80.000000	80.000000	0.000000	0.000000	1.000000	0.000000	8.000000	0.000000	0.130371	4.095144	0.649804	0.328390	0.105843	0.000000	1.000000	1.000000	0.671875	0.160889	26.526928	0.000000	0.117808	0.024306	0.000000	4096.000000	8.317766	64.000000	64.000000	12288.000000	1.000000	0.000000	0.000000	0.000000	0.000000	0.000000	3.000000	4.072557	4.620310	4.883561	5.209232	5.323526	0.467618	0.860898	1.000000	1.000000	0.167021	0.276314	0.368332	0.468593	7.000000	20.000000	52.000000	163.000000	255.000000	0.031746	0.031746	0.079365	0.206349	0.000000	0.015873	0.015873	0.031746	12.000000	3.612360	8.500000	64.000000	9.416378	4.158883	4.158883	8.317766	8.317766	8.317766	8.317766
636340df96281e069100277e7f0e311d447a6afc27d7e9279702973f83e4a2ee	photo	clic2025-1024px-resized	/home/lilith/work/codec-corpus/clic2025-1024/e0d8e29cadfc99663c7d1a4a5afe20c454ec54d0d873776ec397c59405c74790.png	medium	256	256	256	4489.425293	0.069296	0.059864	0.004120	0.003531	0.620117	0.235352	24.714867	0.092460	1.351763	682.000000	0.020813	0.001360	0.001000	0.000000	0.008390	0.006710	3.000000	0.096831	3.820878	9.666992	2.188477	0.003906	0.000000	0.000000	0.000000	0.142349	0.272321	0.355908	0.000000	0.000000	80.000000	80.000000	0.000000	0.000000	1.000000	0.000000	8.000000	0.000000	0.349594	2.720708	1.194262	0.023490	0.007583	0.000000	1.000000	1.000000	0.278320	0.188080	20.054300	0.010742	0.039125	0.004263	0.000000	65536.000000	11.090355	256.000000	256.000000	196608.000000	1.000000	0.000000	0.000000	0.000000	0.000000	0.000000	3.000000	2.693933	3.542045	4.525025	4.865829	5.165469	0.038097	0.158506	0.385980	1.000000	0.014976	0.025794	0.058596	0.167341	2.000000	8.000000	24.000000	85.000000	217.000000	0.000000	0.000000	0.015873	0.047619	0.000000	0.000000	0.000000	0.000000	16.000000	4.816480	11.000000	256.000000	12.188967	5.545177	5.545177	11.090355	11.090355	11.090355	11.090355
423223614f1853f105dd0af8eb1d681c978ca54f745d25436128256a8e6ba158	photo	clic2025-1024px-resized	/home/lilith/work/codec-corpus/clic2025-1024/1cba10ad9bb4ced57e42f7656c5f2a58d32dc6bad084957d2f8d1c78e0fcd224.png	small	64	64	64	3831.092529	0.259259	0.100347	0.011911	0.011173	0.296875	0.000000	38.579441	0.096560	0.852185	533.000000	0.130127	0.009830	0.010740	0.000000	0.072090	0.066940	5.000000	0.105721	3.693960	36.265625	12.125000	0.000000	0.000000	0.000000	0.000000	0.465639	0.000000	0.708394	0.000000	0.000000	80.000000	80.000000	0.000000	0.000000	1.000000	0.000000	8.000000	0.000000	0.235840	3.909087	1.123001	0.077730	0.022866	0.000000	1.000000	1.000000	0.468750	0.229736	23.410120	0.000000	0.125496	0.024306	0.000000	4096.000000	8.317766	64.000000	64.000000	12288.000000	1.000000	0.000000	0.000000	0.000000	0.000000	0.000000	3.000000	4.356821	4.957087	5.066445	5.219177	5.477829	0.204139	0.993180	1.000000	1.000000	0.055388	0.195083	0.428304	0.635520	5.000000	23.000000	64.000000	155.000000	255.000000	0.000000	0.015873	0.095238	0.238095	0.000000	0.000000	0.015873	0.047619	12.000000	3.612360	8.500000	64.000000	9.416378	4.158883	4.158883	8.317766	8.317766	8.317766	8.317766
6703b5f4017b3310e940c5dd4a95e84f918eba3aa428165e52d16c028dc97375	photo	CID22-512px	/home/lilith/work/codec-corpus/CID22/CID22-512/validation/1418519.png	medium	256	256	256	1605.867798	0.062745	0.099022	0.004190	0.003733	0.547852	0.004883	36.813557	0.109997	1.424484	1373.000000	0.041901	0.001330	0.001740	0.000000	0.006940	0.009370	3.000000	0.121974	3.810241	11.701172	4.459961	0.005859	0.000000	0.000000	0.000000	0.132775	0.010603	0.637722	0.000000	0.000000	80.000000	80.000000	0.000000	0.000000	1.000000	0.000000	8.000000	0.000000	0.131653	3.081690	0.914827	0.074778	0.029673	0.000000	1.000000	1.000000	0.850586	0.155685	25.081898	0.031250	0.047464	0.009130	0.000000	65536.000000	11.090355	256.000000	256.000000	196608.000000	1.000000	0.000000	0.000000	0.000000	0.000000	0.000000	3.000000	2.951792	3.772101	4.443118	4.837173	5.154912	0.119522	0.238574	0.595071	1.000000	0.046587	0.081106	0.162328	0.269865	1.000000	3.000000	12.000000	109.000000	255.000000	0.000000	0.015873	0.015873	0.047619	0.000000	0.000000	0.000000	0.015873	16.000000	4.816480	11.000000	256.000000	12.188967	5.545177	5.545177	11.090355	11.090355	11.090355	11.090355
5544484f773f8dad36bdb0d4b91df282100c0e5ff71abbb8fefb2cdf88b1f030	photo	CID22-512px	/home/lilith/work/codec-corpus/CID22/CID22-512/training/Verkehrstote Deutschland 1953-2012.png	medium	256	256	256	1599.095703	0.110957	0.030009	0.001157	0.002713	0.721680	0.712891	11.515916	1.438188	1.018657	60.000000	0.001831	0.003660	0.002210	1.000000	0.131960	0.079760	61.000000	0.455671	0.815858	33.837891	2.728516	0.741211	0.000000	0.000000	0.000000	0.731444	1.000000	0.093494	8.000000	1.000000	80.000000	80.000000	0.000000	0.000000	1.000000	0.000000	8.000000	0.000000	0.990524	1.488139	2.267328	0.000000	0.000000	0.673657	1.000000	1.000000	0.009766	0.003342	59.043339	0.739258	0.098896	0.005673	0.000000	65536.000000	11.090355	256.000000	256.000000	196608.000000	1.000000	0.000000	0.000000	0.000000	0.000000	0.000000	3.000000	0.000000	4.473800	5.316491	5.565313	5.654026	0.000000	0.000000	1.000000	1.000000	0.000000	0.000000	0.000000	0.000000	0.000000	0.000000	73.000000	255.000000	255.000000	0.000000	0.000000	0.000000	0.190476	0.000000	0.000000	0.000000	0.000000	16.000000	4.816480	11.000000	256.000000	12.188967	5.545177	5.545177	11.090355	11.090355	11.090355	11.090355
636340df96281e069100277e7f0e311d447a6afc27d7e9279702973f83e4a2ee	photo	clic2025-1024px-resized	/home/lilith/work/codec-corpus/clic2025-1024/e0d8e29cadfc99663c7d1a4a5afe20c454ec54d0d873776ec397c59405c74790.png	large	1024	1024	1024	4534.549805	0.070444	0.059871	0.002320	0.001915	0.705688	0.208130	24.682625	0.432579	1.745251	1213.000000	0.037018	0.000320	0.000290	0.000000	0.001610	0.001380	0.000000	0.334494	3.834974	4.674805	0.510742	0.002930	0.000000	0.000000	0.000000	0.206964	0.240374	0.310339	0.000000	0.000000	80.000000	80.000000	0.000000	0.000000	1.000000	0.000000	8.000000	0.000000	0.341197	2.494084	1.067448	0.023122	0.000000	0.000000	1.000000	1.000000	0.099609	0.189774	15.597622	0.008789	0.034164	0.000977	0.000000	1048576.000000	13.862944	1024.000000	1024.000000	3145728.000000	1.000000	0.000000	0.000000	0.000000	0.000000	0.000000	3.000000	2.247014	3.349590	4.093702	4.366549	4.842755	0.031551	0.090311	0.317427	0.693401	0.013820	0.028763	0.050056	0.069005	2.000000	7.000000	22.000000	95.000000	255.000000	0.000000	0.000000	0.000000	0.047619	0.000000	0.000000	0.000000	0.000000	20.000000	6.020600	14.000000	1024.000000	14.961555	6.931472	6.931472	13.862944	13.862944	13.862944	13.862944
559ba57cc3e4e4805becde3677ce721ed1c00a1f158d1f29693d2a56c969a071	photo	CID22-512px	/home/lilith/work/codec-corpus/CID22/CID22-512/training/7218572.png	small	64	64	64	2107.270752	0.342152	0.090218	0.020599	0.016862	0.062500	0.000000	30.294180	0.152664	0.599364	584.000000	0.142578	0.027580	0.010890	0.000000	0.135370	0.060380	6.000000	0.116346	4.124498	44.468750	15.546875	0.000000	0.000000	0.000000	0.000000	0.422535	0.000000	0.833188	0.000000	0.000000	80.000000	80.000000	0.000000	0.000000	1.000000	0.000000	8.000000	0.000000	0.245117	4.343225	0.872667	0.330350	0.031172	0.000000	1.000000	1.000000	0.562500	0.213379	24.934614	0.000000	0.161458	0.031002	0.000000	4096.000000	8.317766	64.000000	64.000000	12288.000000	1.000000	0.000000	0.000000	0.000000	0.000000	0.000000	3.000000	4.681121	4.975948	5.135010	5.163538	5.234250	0.641348	1.000000	1.000000	1.000000	0.101026	0.360049	0.507340	0.737534	10.000000	48.000000	86.000000	161.000000	255.000000	0.015873	0.095238	0.158730	0.238095	0.000000	0.000000	0.031746	0.047619	12.000000	3.612360	8.500000	64.000000	9.416378	4.158883	4.158883	8.317766	8.317766	8.317766	8.317766
423223614f1853f105dd0af8eb1d681c978ca54f745d25436128256a8e6ba158	photo	clic2025-1024px-resized	/home/lilith/work/codec-corpus/clic2025-1024/1cba10ad9bb4ced57e42f7656c5f2a58d32dc6bad084957d2f8d1c78e0fcd224.png	medium	256	256	256	3888.605957	0.073679	0.101625	0.007090	0.006628	0.550781	0.094727	39.014347	0.068468	1.313010	1372.000000	0.041870	0.003010	0.003410	1.000000	0.019020	0.020330	6.000000	0.062642	3.700211	12.781250	4.522461	0.010742	0.000000	0.000000	0.000000	0.166752	0.117467	0.595802	0.000000	0.000000	80.000000	80.000000	0.000000	0.000000	1.000000	0.000000	8.000000	0.000000	0.239197	2.911951	1.226882	0.034745	0.015512	0.000000	1.000000	1.000000	0.427734	0.223236	17.806692	0.031250	0.042798	0.009146	0.000000	65536.000000	11.090355	256.000000	256.000000	196608.000000	1.000000	0.000000	0.000000	0.000000	0.000000	0.000000	3.000000	2.821422	3.954649	4.627917	4.862178	5.243994	0.061007	0.188195	0.757476	1.000000	0.024802	0.044794	0.123964	0.325262	2.000000	6.000000	18.000000	73.000000	255.000000	0.000000	0.000000	0.015873	0.063492	0.000000	0.000000	0.000000	0.015873	16.000000	4.816480	11.000000	256.000000	12.188967	5.545177	5.545177	11.090355	11.090355	11.090355	11.090355
6708b9fcd9949feae2031455c1820842da30c2d4c5d6e6de6f7180d3b27474d5	mixed	kadid10k-distortion-set	/home/lilith/work/codec-corpus/kadid10k/I53.png	tiny	64	64	48	1945.631836	0.235731	0.179648	0.014213	0.015168	0.270833	0.020833	76.864944	0.104974	0.707972	702.000000	0.228516	0.025420	0.018130	1.000000	0.178590	0.121770	11.000000	0.140998	3.577290	34.270832	27.437500	0.000000	0.000000	0.000000	0.000000	0.457956	0.023810	0.649416	0.000000	0.000000	80.000000	80.000000	0.000000	0.000000	1.000000	0.000000	8.000000	0.000000	0.011068	3.696360	1.411750	0.036737	0.035071	0.000000	1.000000	1.000000	0.479167	0.151042	27.005915	0.000000	0.119048	0.039021	0.000000	3072.000000	8.030084	48.000000	64.000000	9216.000000	0.750000	0.287682	0.000000	0.000000	0.333333	0.333333	3.000000	4.329622	4.850076	5.066583	5.119724	5.214542	0.133378	1.000000	1.000000	1.000000	0.071512	0.387252	0.910459	1.000000	4.000000	18.000000	69.000000	180.000000	255.000000	0.000000	0.015873	0.079365	0.238095	0.000000	0.000000	0.031746	0.063492	11.584963	3.487421	8.000000	55.425625	9.128696	3.871201	4.158883	8.030084	8.030084	8.317766	8.317766
636f149a620c73a0dac0496523ebeda24578c1d63140136f7630fda208090258	photo	CID22-512px	/home/lilith/work/codec-corpus/CID22/CID22-512/training/167491.png	small	64	64	64	2228.838623	0.533888	0.167567	0.047297	0.035151	0.000000	0.000000	69.910721	0.271468	0.645895	1062.000000	0.259277	0.112860	0.126340	7.000000	0.377620	0.307250	10.000000	0.316983	4.197819	37.843750	36.500000	0.000000	0.000000	0.000000	0.000000	0.422535	0.000000	0.854440	0.000000	0.000000	80.000000	80.000000	0.000000	0.000000	1.000000	0.000000	8.000000	0.000000	0.025391	4.566303	0.335842	0.770593	0.238960	0.000000	1.000000	1.000000	0.156250	0.453613	24.423033	0.000000	0.225446	0.069940	0.000000	4096.000000	8.317766	64.000000	64.000000	12288.000000	1.000000	0.000000	0.000000	0.000000	0.000000	0.000000	3.000000	4.577931	4.833335	5.002270	5.021495	5.216928	0.972757	1.000000	1.000000	1.000000	0.385293	0.556876	0.851360	0.977947	29.000000	60.000000	108.000000	213.000000	255.000000	0.111111	0.190476	0.222222	0.285714	0.031746	0.031746	0.079365	0.095238	12.000000	3.612360	8.500000	64.000000	9.416378	4.158883	4.158883	8.317766	8.317766	8.317766	8.317766
559ba57cc3e4e4805becde3677ce721ed1c00a1f158d1f29693d2a56c969a071	photo	CID22-512px	/home/lilith/work/codec-corpus/CID22/CID22-512/training/7218572.png	medium	256	256	256	2334.944336	0.155294	0.094597	0.009050	0.007385	0.483398	0.100586	31.749746	0.275646	1.177498	1242.000000	0.037903	0.010150	0.004250	0.000000	0.040580	0.023470	8.000000	0.133623	4.094518	21.140625	7.034180	0.000000	0.000000	0.000000	0.000000	0.262469	0.114955	0.703017	0.000000	0.000000	80.000000	80.000000	0.000000	0.000000	1.000000	0.000000	8.000000	0.000000	0.252945	3.271742	1.301537	0.033366	0.009300	0.000000	1.000000	1.000000	0.458008	0.196762	25.182062	0.011719	0.083147	0.011657	0.000000	65536.000000	11.090355	256.000000	256.000000	196608.000000	1.000000	0.000000	0.000000	0.000000	0.000000	0.000000	3.000000	3.154956	4.591248	4.949251	5.098732	5.240367	0.080950	0.297721	1.000000	1.000000	0.022313	0.047539	0.239212	0.484563	2.000000	12.000000	49.000000	137.000000	255.000000	0.000000	0.000000	0.031746	0.158730	0.000000	0.000000	0.000000	0.015873	16.000000	4.816480	11.000000	256.000000	12.188967	5.545177	5.545177	11.090355	11.090355	11.090355	11.090355
6708b9fcd9949feae2031455c1820842da30c2d4c5d6e6de6f7180d3b27474d5	mixed	kadid10k-distortion-set	/home/lilith/work/codec-corpus/kadid10k/I53.png	small	256	256	192	2056.923584	0.081942	0.180936	0.005437	0.005739	0.580729	0.092448	77.327721	0.143391	1.443838	2047.000000	0.062469	0.003310	0.002670	1.000000	0.023600	0.018310	7.000000	0.133190	3.613747	14.104167	8.829427	0.000000	0.000000	0.000000	0.000000	0.192896	0.105655	0.553590	0.000000	0.000000	80.000000	80.000000	0.000000	0.000000	1.000000	0.000000	8.000000	0.000000	0.010579	2.735267	1.347903	0.022092	0.029769	0.000000	1.000000	1.000000	0.472656	0.144491	27.534584	0.028646	0.051215	0.014096	0.000000	49152.000000	10.802672	192.000000	256.000000	147456.000000	0.750000	0.287682	0.000000	0.000000	0.000000	0.000000	3.000000	2.630539	3.896835	4.659537	4.959485	5.283720	0.032171	0.161466	0.677536	1.000000	0.041173	0.083890	0.241756	0.460749	1.000000	2.000000	19.000000	128.000000	255.000000	0.000000	0.000000	0.015873	0.047619	0.000000	0.000000	0.000000	0.015873	15.584963	4.691541	11.000000	221.702499	11.901285	5.257495	5.545177	10.802672	10.802672	10.802672	10.802672
423223614f1853f105dd0af8eb1d681c978ca54f745d25436128256a8e6ba158	photo	clic2025-1024px-resized	/home/lilith/work/codec-corpus/clic2025-1024/1cba10ad9bb4ced57e42f7656c5f2a58d32dc6bad084957d2f8d1c78e0fcd224.png	large	1024	1024	1024	3909.247314	0.022496	0.102428	0.006335	0.006280	0.751465	0.152588	39.324249	0.107425	1.945196	3267.000000	0.099701	0.002420	0.002110	0.000000	0.018430	0.016620	3.000000	0.086062	3.705946	4.666016	2.201172	0.023438	0.000000	0.000000	0.000000	0.079438	0.194475	0.527584	0.000000	0.000000	80.000000	80.000000	0.000000	0.000000	1.000000	0.000000	8.000000	0.000000	0.233922	2.443774	1.002796	0.023044	0.015454	0.000000	1.000000	1.000000	0.291016	0.221863	13.154502	0.041016	0.019392	0.004216	0.000000	1048576.000000	13.862944	1024.000000	1024.000000	3145728.000000	1.000000	0.000000	0.000000	0.000000	0.000000	0.000000	3.000000	2.376575	3.106271	3.765593	4.276453	4.854009	0.041785	0.112814	0.267698	0.570722	0.024888	0.051802	0.109099	0.184929	2.000000	5.000000	11.000000	46.000000	255.000000	0.000000	0.000000	0.000000	0.031746	0.000000	0.000000	0.000000	0.000000	20.000000	6.020600	14.000000	1024.000000	14.961555	6.931472	6.931472	13.862944	13.862944	13.862944	13.862944
559dcb9f61e50666a568d93153c6adc9ba9961e74a4d40ec1940e48acba8caaa	photo	CID22-512px	/home/lilith/work/codec-corpus/CID22/CID22-512/training/2387876.png	small	64	64	64	3448.649170	0.480978	0.090309	0.022045	0.007951	0.046875	0.000000	32.429047	0.218766	0.733299	698.000000	0.170410	0.027660	0.060540	1.000000	0.018420	0.041030	0.000000	0.279400	4.331855	34.531250	16.218750	0.000000	0.000000	0.000000	0.000000	0.422535	0.000000	0.893291	0.000000	0.000000	80.000000	80.000000	0.000000	0.000000	1.000000	0.000000	8.000000	0.000000	0.034668	4.368031	0.596808	0.383442	0.086559	0.000000	1.000000	1.000000	0.140625	0.047119	22.419958	0.000000	0.185764	0.028770	0.000000	4096.000000	8.317766	64.000000	64.000000	12288.000000	1.000000	0.000000	0.000000	0.000000	0.000000	0.000000	3.000000	4.485643	4.738863	4.920118	5.071066	5.253086	0.855429	1.000000	1.000000	1.000000	0.149015	0.305711	0.538005	0.681144	27.000000	60.000000	95.000000	186.000000	255.000000	0.063492	0.126984	0.190476	0.253968	0.000000	0.015873	0.031746	0.047619	12.000000	3.612360	8.500000	64.000000	9.416378	4.158883	4.158883	8.317766	8.317766	8.317766	8.317766
636f149a620c73a0dac0496523ebeda24578c1d63140136f7630fda208090258	photo	CID22-512px	/home/lilith/work/codec-corpus/CID22/CID22-512/training/167491.png	medium	256	256	256	2502.869385	0.272464	0.175400	0.024813	0.019960	0.076172	0.000000	72.491478	0.430238	0.984238	2762.000000	0.084290	0.034490	0.038920	6.000000	0.180220	0.144540	22.000000	0.190868	4.271255	26.960938	22.580078	0.000000	0.000000	0.000000	0.000000	0.422535	0.000000	0.875726	0.000000	0.000000	80.000000	80.000000	0.000000	0.000000	1.000000	0.000000	8.000000	0.000000	0.022690	4.102078	0.708323	0.284272	0.085744	0.000000	1.000000	1.000000	0.324219	0.416809	22.807753	0.001953	0.135045	0.043279	0.000000	65536.000000	11.090355	256.000000	256.000000	196608.000000	1.000000	0.000000	0.000000	0.000000	0.000000	0.000000	3.000000	4.210502	4.604015	4.901077	5.038367	5.248938	0.525969	0.925859	1.000000	1.000000	0.179128	0.319658	0.540279	0.850061	12.000000	31.000000	61.000000	156.000000	255.000000	0.031746	0.063492	0.111111	0.190476	0.000000	0.015873	0.031746	0.063492	16.000000	4.816480	11.000000	256.000000	12.188967	5.545177	5.545177	11.090355	11.090355	11.090355	11.090355
423e5a7a6a212346c354e860463e79c108dc353502c096b63bc606605befa5b3	mixed	kadid10k-distortion-set	/home/lilith/work/codec-corpus/kadid10k/I55.png	tiny	64	64	48	3079.249512	0.508274	0.083614	0.022695	0.011684	0.000000	0.000000	32.528378	0.260511	0.695030	696.000000	0.226562	0.038360	0.051810	9.000000	0.056560	0.091540	10.000000	0.164192	4.502777	55.708332	11.958333	0.000000	0.000000	0.000000	0.000000	0.422535	0.000000	0.942834	0.000000	0.000000	80.000000	80.000000	0.000000	0.000000	1.000000	0.000000	8.000000	0.000000	0.053711	4.621570	0.531687	0.496425	0.087848	0.000000	1.000000	1.000000	0.208333	0.370443	32.504036	0.000000	0.219907	0.025463	0.000000	3072.000000	8.030084	48.000000	64.000000	9216.000000	0.750000	0.287682	0.000000	0.000000	0.333333	0.333333	3.000000	4.685849	5.056916	5.398788	5.446989	5.499075	0.966007	1.000000	1.000000	1.000000	0.135783	0.255934	0.435339	0.575742	30.000000	61.000000	110.000000	232.000000	255.000000	0.079365	0.158730	0.206349	0.285714	0.000000	0.000000	0.015873	0.031746	11.584963	3.487421	8.000000	55.425625	9.128696	3.871201	4.158883	8.030084	8.030084	8.317766	8.317766
67739501da6516887f379f1c3415b1074352790d3134dfe96ef393527cd58342	photo	CID22-512px	/home/lilith/work/codec-corpus/CID22/CID22-512/validation/382297.png	small	64	64	64	815.932983	0.465860	0.245510	0.055497	0.023557	0.000000	0.000000	97.120888	0.206539	0.747904	1619.000000	0.395264	0.192730	0.220300	7.000000	0.246460	0.403380	14.000000	0.440223	3.591358	24.750000	50.609375	0.000000	0.000000	0.000000	0.000000	0.480090	0.000000	0.678655	0.000000	0.000000	80.000000	80.000000	0.000000	0.000000	1.000000	0.000000	8.000000	0.000000	0.000000	4.224751	0.421759	0.402833	0.319474	0.000000	1.000000	1.000000	0.078125	0.101074	19.059278	0.000000	0.169643	0.073661	0.000000	4096.000000	8.317766	64.000000	64.000000	12288.000000	1.000000	0.000000	0.000000	0.000000	0.000000	0.000000	3.000000	4.268472	4.563018	4.740068	4.826942	5.069216	0.599540	0.868211	1.000000	1.000000	0.475167	0.667825	1.000000	1.000000	25.000000	54.000000	90.000000	193.000000	255.000000	0.063492	0.111111	0.142857	0.238095	0.031746	0.047619	0.063492	0.095238	12.000000	3.612360	8.500000	64.000000	9.416378	4.158883	4.158883	8.317766	8.317766	8.317766	8.317766
63dd5ae48dbe90125829a3727cd02968f185679b34778a470052711f220e7b7a	mixed	kadid10k-distortion-set	/home/lilith/work/codec-corpus/kadid10k/I59.png	tiny	64	64	48	2996.248291	0.584262	0.121683	0.028879	0.012312	0.000000	0.000000	43.645695	0.416096	0.649338	850.000000	0.276693	0.031490	0.043740	1.000000	0.047030	0.053510	1.000000	0.461129	4.255057	49.416668	17.187500	0.000000	0.000000	0.000000	0.000000	0.422535	0.000000	0.871031	0.000000	0.000000	80.000000	80.000000	0.000000	0.000000	1.000000	0.000000	8.000000	0.000000	0.093424	4.581120	0.430509	0.574821	0.141161	0.000000	1.000000	1.000000	0.208333	0.228516	30.493284	0.000000	0.253638	0.035384	0.000000	3072.000000	8.030084	48.000000	64.000000	9216.000000	0.750000	0.287682	0.000000	0.000000	0.333333	0.333333	3.000000	4.602252	4.889413	5.254603	5.282701	5.314096	0.810589	1.000000	1.000000	1.000000	0.188775	0.280386	0.485162	1.000000	33.000000	75.000000	148.000000	255.000000	255.000000	0.111111	0.158730	0.238095	0.349206	0.000000	0.015873	0.031746	0.063492	11.584963	3.487421	8.000000	55.425625	9.128696	3.871201	4.158883	8.030084	8.030084	8.317766	8.317766
559dcb9f61e50666a568d93153c6adc9ba9961e74a4d40ec1940e48acba8caaa	photo	CID22-512px	/home/lilith/work/codec-corpus/CID22/CID22-512/training/2387876.png	medium	256	256	256	3863.694580	0.458731	0.097217	0.019414	0.010193	0.137695	0.040039	34.566422	0.956807	1.132603	1667.000000	0.050873	0.020590	0.038100	2.000000	0.036190	0.057280	1.000000	0.403050	4.422849	29.294922	10.515625	0.001953	0.000000	0.000000	0.000000	0.422535	0.047433	0.871310	0.000000	0.000000	80.000000	80.000000	0.000000	0.000000	1.000000	0.000000	8.000000	0.000000	0.037643	4.072065	0.931096	0.167710	0.039573	0.000000	1.000000	1.000000	0.099609	0.072235	22.050007	0.000000	0.172697	0.022058	0.000000	65536.000000	11.090355	256.000000	256.000000	196608.000000	1.000000	0.000000	0.000000	0.000000	0.000000	0.000000	3.000000	4.366169	4.677550	4.880986	5.006588	5.245852	0.549057	0.955052	1.000000	1.000000	0.102444	0.203014	0.398202	0.573348	23.000000	57.000000	100.000000	211.000000	255.000000	0.015873	0.079365	0.174603	0.253968	0.000000	0.000000	0.015873	0.031746	16.000000	4.816480	11.000000	256.000000	12.188967	5.545177	5.545177	11.090355	11.090355	11.090355	11.090355
423e5a7a6a212346c354e860463e79c108dc353502c096b63bc606605befa5b3	mixed	kadid10k-distortion-set	/home/lilith/work/codec-corpus/kadid10k/I55.png	small	256	256	192	3527.000732	0.452705	0.088946	0.012577	0.006587	0.033854	0.000000	34.174580	0.731478	1.129265	1865.000000	0.056915	0.008240	0.015170	3.000000	0.013160	0.029650	6.000000	0.249754	4.616706	32.467449	7.493490	0.000000	0.000000	0.000000	0.000000	0.422535	0.000000	0.975857	0.000000	0.000000	80.000000	80.000000	0.000000	0.000000	1.000000	0.000000	8.000000	0.000000	0.060567	4.303121	0.569774	0.417860	0.065284	0.000000	1.000000	1.000000	0.128906	0.358704	24.451157	0.000000	0.172082	0.014778	0.000000	49152.000000	10.802672	192.000000	256.000000	147456.000000	0.750000	0.287682	0.000000	0.000000	0.000000	0.000000	3.000000	4.298206	4.668025	5.021433	5.199418	5.546715	0.623429	0.878740	1.000000	1.000000	0.088896	0.132776	0.248938	0.400705	26.000000	55.000000	93.000000	190.000000	255.000000	0.063492	0.111111	0.174603	0.238095	0.000000	0.000000	0.000000	0.015873	15.584963	4.691541	11.000000	221.702499	11.901285	5.257495	5.545177	10.802672	10.802672	10.802672	10.802672
55b4107398d82da21a95a70d42e4acacba21e9f50ed66afbe2fdea9282ed2f1c	photo	CID22-512px	/home/lilith/work/codec-corpus/CID22/CID22-512/training/newplot (1).png	small	64	64	64	85.178986	0.040564	0.020833	0.002277	0.003063	0.593750	0.406250	10.267412	0.014097	0.683314	80.000000	0.019531	0.000550	0.003350	0.000000	0.007210	0.035150	1.000000	0.433208	1.296906	3.531250	2.062500	0.062500	0.000000	0.000000	0.000000	0.449277	0.517857	0.129000	8.000000	1.000000	80.000000	80.000000	0.000000	0.000000	1.000000	0.000000	8.000000	0.000000	0.172852	2.495875	1.041831	0.027080	0.014004	0.481238	1.000000	1.000000	0.218750	0.000488	7.109021	0.156250	0.023065	0.004216	0.000000	4096.000000	8.317766	64.000000	64.000000	12288.000000	1.000000	0.000000	0.000000	0.000000	0.000000	0.000000	3.000000	2.888039	3.561844	3.626647	3.745733	3.819749	0.031163	0.135093	0.418752	0.493781	0.017638	0.066386	0.132784	0.155153	1.000000	7.000000	20.000000	65.000000	113.000000	0.000000	0.000000	0.000000	0.047619	0.000000	0.000000	0.000000	0.015873	12.000000	3.612360	8.500000	64.000000	9.416378	4.158883	4.158883	8.317766	8.317766	8.317766	8.317766
63dd5ae48dbe90125829a3727cd02968f185679b34778a470052711f220e7b7a	mixed	kadid10k-distortion-set	/home/lilith/work/codec-corpus/kadid10k/I59.png	small	256	256	192	3599.950195	0.469829	0.124068	0.014029	0.006356	0.074219	0.016927	44.391720	0.688712	0.786217	2218.000000	0.067688	0.004310	0.005400	0.000000	0.006950	0.008050	0.000000	0.210388	4.530899	38.044270	10.091146	0.011719	0.000000	0.000000	0.000000	0.422535	0.029390	0.930542	0.000000	0.000000	80.000000	80.000000	0.000000	0.000000	1.000000	0.000000	8.000000	0.000000	0.106059	4.306584	0.879323	0.349063	0.097964	0.000000	1.000000	1.000000	0.388021	0.226847	21.959465	0.022135	0.181279	0.022487	0.000000	49152.000000	10.802672	192.000000	256.000000	147456.000000	0.750000	0.287682	0.000000	0.000000	0.000000	0.000000	3.000000	4.458259	4.955095	5.131083	5.197689	5.324862	0.631198	1.000000	1.000000	1.000000	0.141013	0.218124	0.334484	0.450892	22.000000	55.000000	95.000000	180.000000	255.000000	0.031746	0.079365	0.190476	0.269841	0.000000	0.000000	0.015873	0.031746	15.584963	4.691541	11.000000	221.702499	11.901285	5.257495	5.545177	10.802672	10.802672	10.802672	10.802672
43680e32a575b8b63e76c89a7ca3c8d6ac1c601ec1436018e8881eae1679b92a	photo	CID22-512px	/home/lilith/work/codec-corpus/CID22/CID22-512/training/3311574.png	small	64	64	64	4419.022949	0.280675	0.047212	0.005774	0.004387	0.046875	0.000000	17.765802	0.146775	0.714343	361.000000	0.088135	0.009170	0.010000	1.000000	0.028830	0.034820	3.000000	0.179150	4.561910	38.093750	2.875000	0.000000	0.000000	0.000000	0.000000	0.422535	0.000000	0.915552	0.000000	0.000000	80.000000	80.000000	0.000000	0.000000	1.000000	0.000000	8.000000	0.000000	0.366211	4.161788	0.758651	0.302150	0.009672	0.000000	1.000000	1.000000	0.468750	0.055908	26.961231	0.031250	0.132688	0.006200	0.000000	4096.000000	8.317766	64.000000	64.000000	12288.000000	1.000000	0.000000	0.000000	0.000000	0.000000	0.000000	3.000000	4.396286	4.813593	5.102470	5.152024	5.248021	0.405732	1.000000	1.000000	1.000000	0.023180	0.043680	0.158923	0.256406	8.000000	34.000000	82.000000	173.000000	255.000000	0.015873	0.031746	0.126984	0.222222	0.000000	0.000000	0.000000	0.000000	12.000000	3.612360	8.500000	64.000000	9.416378	4.158883	4.158883	8.317766	8.317766	8.317766	8.317766
55b4107398d82da21a95a70d42e4acacba21e9f50ed66afbe2fdea9282ed2f1c	photo	CID22-512px	/home/lilith/work/codec-corpus/CID22/CID22-512/training/newplot (1).png	medium	256	256	256	140.652603	0.051103	0.028558	0.002360	0.003211	0.773438	0.459961	13.294992	0.154496	1.433280	368.000000	0.011230	0.001320	0.006150	1.000000	0.021740	0.113810	28.000000	0.983323	1.141863	2.927734	1.876953	0.701172	0.000000	0.000000	0.000000	0.488926	1.000000	0.134551	0.000000	0.000000	80.000000	80.000000	0.000000	0.000000	1.000000	0.000000	8.000000	0.000000	0.174469	1.667172	1.560017	0.000000	0.000000	0.532925	1.000000	1.000000	0.075195	0.007095	22.313250	0.727539	0.026832	0.005255	0.000000	65536.000000	11.090355	256.000000	256.000000	196608.000000	1.000000	0.000000	0.000000	0.000000	0.000000	0.000000	3.000000	2.060639	2.471636	4.111661	4.294906	4.648643	0.000000	0.077713	0.116592	0.595574	0.000000	0.015799	0.032338	0.190045	0.000000	2.000000	10.000000	128.000000	255.000000	0.000000	0.000000	0.000000	0.000000	0.000000	0.000000	0.000000	0.000000	16.000000	4.816480	11.000000	256.000000	12.188967	5.545177	5.545177	11.090355	11.090355	11.090355	11.090355
55b92efdce2a51e9e2a6fb2c1030ff8741ed085597a7fa20aba260aec4889eaa	photo	gb82-photos	/home/lilith/work/codec-corpus/gb82/sunset-lossless.png	small	64	64	64	2473.413330	0.059713	0.169586	0.007430	0.006088	0.468750	0.062500	69.841217	0.041159	1.121071	402.000000	0.098145	0.005980	0.032690	1.000000	0.016360	0.108530	2.000000	0.057807	3.337391	18.625000	21.515625	0.000000	0.000000	0.000000	0.000000	0.194248	0.071429	0.576691	0.000000	0.000000	80.000000	80.000000	0.000000	0.000000	1.000000	0.000000	8.000000	0.000000	0.000000	3.242333	0.996954	0.064773	0.019417	0.000000	1.000000	1.000000	0.343750	0.191406	37.172192	0.000000	0.047619	0.022569	0.000000	4096.000000	8.317766	64.000000	64.000000	12288.000000	1.000000	0.000000	0.000000	0.000000	0.000000	0.000000	3.000000	3.102386	3.786001	5.094687	5.294445	5.498637	0.156842	0.274849	0.617859	1.000000	0.050841	0.232984	0.444691	1.000000	5.000000	11.000000	22.000000	121.000000	255.000000	0.000000	0.015873	0.031746	0.063492	0.000000	0.000000	0.015873	0.031746	12.000000	3.612360	8.500000	64.000000	9.416378	4.158883	4.158883	8.317766	8.317766	8.317766	8.317766
67739501da6516887f379f1c3415b1074352790d3134dfe96ef393527cd58342	photo	CID22-512px	/home/lilith/work/codec-corpus/CID22/CID22-512/validation/382297.png	medium	256	256	256	1468.566772	0.301084	0.263231	0.038278	0.018313	0.152344	0.001953	102.726677	1.235495	0.886088	6156.000000	0.187866	0.120960	0.211920	12.000000	0.189030	0.391120	51.000000	0.455261	3.806933	32.882812	39.625977	0.001953	0.000000	0.000000	0.000000	0.449728	0.003906	0.738781	0.000000	0.000000	80.000000	80.000000	0.000000	0.000000	1.000000	0.000000	8.000000	0.000000	0.001068	4.109668	0.877001	0.151705	0.104587	0.000000	1.000000	1.000000	0.154297	0.068573	39.208694	0.000000	0.179563	0.064732	0.000000	65536.000000	11.090355	256.000000	256.000000	196608.000000	1.000000	0.000000	0.000000	0.000000	0.000000	0.000000	3.000000	4.285754	4.817843	5.068504	5.187835	5.301951	0.421229	0.946606	1.000000	1.000000	0.253931	0.531453	0.941727	1.000000	12.000000	39.000000	104.000000	255.000000	255.000000	0.015873	0.047619	0.142857	0.317460	0.000000	0.015873	0.047619	0.095238	16.000000	4.816480	11.000000	256.000000	12.188967	5.545177	5.545177	11.090355	11.090355	11.090355	11.090355
689a2e60e74dfcda68bc95eec0713ee5c6a117ded33aa77d166e30fc87ab509e	photo	CID22-512px	/home/lilith/work/codec-corpus/CID22/CID22-512/training/5894435.png	small	64	64	64	8681.944336	0.235576	0.062391	0.014029	0.005176	0.187500	0.062500	22.844761	0.093354	0.953530	389.000000	0.094971	0.011210	0.008570	0.000000	0.009850	0.010050	0.000000	0.124989	4.106372	26.968750	5.937500	0.031250	0.000000	0.000000	0.000000	0.398156	0.098214	0.752451	0.000000	0.000000	80.000000	80.000000	0.000000	0.000000	1.000000	0.000000	8.000000	0.000000	0.374023	3.808254	1.180974	0.104845	0.014774	0.000000	1.000000	1.000000	0.406250	0.120117	25.182138	0.031250	0.124504	0.013393	0.000000	4096.000000	8.317766	64.000000	64.000000	12288.000000	1.000000	0.000000	0.000000	0.000000	0.000000	0.000000	3.000000	4.040553	4.698467	4.964067	5.191805	5.430923	0.425610	0.718389	1.000000	1.000000	0.054612	0.170625	0.269143	0.370436	11.000000	30.000000	59.000000	149.000000	255.000000	0.000000	0.063492	0.111111	0.190476	0.000000	0.000000	0.015873	0.031746	12.000000	3.612360	8.500000	64.000000	9.416378	4.158883	4.158883	8.317766	8.317766	8.317766	8.317766
43680e32a575b8b63e76c89a7ca3c8d6ac1c601ec1436018e8881eae1679b92a	photo	CID22-512px	/home/lilith/work/codec-corpus/CID22/CID22-512/training/3311574.png	medium	256	256	256	4652.065430	0.152880	0.053413	0.004772	0.003255	0.503906	0.004883	19.653536	0.363142	1.177567	1074.000000	0.032776	0.015580	0.015670	12.000000	0.027780	0.033170	18.000000	0.208855	4.599952	18.500000	2.857422	0.007812	0.000000	0.000000	0.000000	0.258388	0.012277	0.869137	0.000000	0.000000	80.000000	80.000000	0.000000	0.000000	1.000000	0.000000	8.000000	0.000000	0.371536	3.403977	1.024847	0.089485	0.003260	0.000000	1.000000	1.000000	0.341797	0.047470	30.486418	0.001953	0.079148	0.005611	0.000000	65536.000000	11.090355	256.000000	256.000000	196608.000000	1.000000	0.000000	0.000000	0.000000	0.000000	0.000000	3.000000	3.064248	4.333273	4.908955	5.103653	5.335584	0.120434	0.231975	1.000000	1.000000	0.009077	0.023006	0.049345	0.150516	5.000000	17.000000	48.000000	159.000000	255.000000	0.000000	0.000000	0.015873	0.126984	0.000000	0.000000	0.000000	0.000000	16.000000	4.816480	11.000000	256.000000	12.188967	5.545177	5.545177	11.090355	11.090355	11.090355	11.090355
55b92efdce2a51e9e2a6fb2c1030ff8741ed085597a7fa20aba260aec4889eaa	photo	gb82-photos	/home/lilith/work/codec-corpus/gb82/sunset-lossless.png	medium	256	256	256	2532.352295	0.021792	0.172466	0.005013	0.003882	0.724609	0.088867	70.751488	0.051806	1.647070	907.000000	0.027679	0.004780	0.015250	5.000000	0.017570	0.045390	18.000000	0.061366	3.244764	6.573242	8.170898	0.000000	0.000000	0.000000	0.000000	0.143202	0.101563	0.469846	0.000000	0.000000	80.000000	80.000000	0.000000	0.000000	1.000000	0.000000	8.000000	0.000000	0.000336	2.675132	0.860610	0.030367	0.010170	0.000000	1.000000	1.000000	0.431641	0.181396	36.070984	0.000000	0.024197	0.011378	0.000000	65536.000000	11.090355	256.000000	256.000000	196608.000000	1.000000	0.000000	0.000000	0.000000	0.000000	0.000000	3.000000	2.680280	3.125517	3.649767	4.018240	5.416845	0.079881	0.167011	0.276505	0.493982	0.024536	0.089464	0.186806	0.332023	2.000000	5.000000	10.000000	65.000000	255.000000	0.000000	0.000000	0.015873	0.031746	0.000000	0.000000	0.000000	0.015873	16.000000	4.816480	11.000000	256.000000	12.188967	5.545177	5.545177	11.090355	11.090355	11.090355	11.090355
43c0923f686fe51e247db42ffba45b797f0d73803574a95da58b521d83dd64ea	photo	CID22-512px	/home/lilith/work/codec-corpus/CID22/CID22-512/training/7394483.png	small	64	64	64	1351.931641	0.226505	0.056396	0.012110	0.010602	0.031250	0.000000	23.343224	0.083786	0.936890	475.000000	0.115967	0.009890	0.004930	0.000000	0.051960	0.031990	3.000000	0.115884	3.777110	30.078125	7.984375	0.000000	0.000000	0.000000	0.000000	0.414219	0.000000	0.732496	0.000000	0.000000	80.000000	80.000000	0.000000	0.000000	1.000000	0.000000	8.000000	0.000000	0.125244	4.070271	0.634848	0.370029	0.045715	0.000000	1.000000	1.000000	0.531250	0.302246	21.010918	0.000000	0.120040	0.018601	0.000000	4096.000000	8.317766	64.000000	64.000000	12288.000000	1.000000	0.000000	0.000000	0.000000	0.000000	0.000000	3.000000	4.001212	4.653800	4.905208	5.135207	5.391474	0.444497	0.790701	1.000000	1.000000	0.070611	0.183052	0.320868	0.402233	9.000000	28.000000	60.000000	133.000000	255.000000	0.015873	0.047619	0.095238	0.206349	0.000000	0.000000	0.015873	0.031746	12.000000	3.612360	8.500000	64.000000	9.416378	4.158883	4.158883	8.317766	8.317766	8.317766	8.317766
689a2e60e74dfcda68bc95eec0713ee5c6a117ded33aa77d166e30fc87ab509e	photo	CID22-512px	/home/lilith/work/codec-corpus/CID22/CID22-512/training/5894435.png	medium	256	256	256	8792.023438	0.129381	0.064800	0.009772	0.003524	0.346680	0.141602	23.584980	0.203688	1.325852	841.000000	0.025665	0.008430	0.004220	1.000000	0.007140	0.004880	1.000000	0.192292	4.160127	13.140625	3.903320	0.130859	0.000000	0.000000	0.000000	0.218672	0.273996	0.672499	0.000000	0.000000	80.000000	80.000000	0.000000	0.000000	1.000000	0.000000	8.000000	0.000000	0.364365	3.062007	1.471256	0.000000	0.000000	0.000000	1.000000	1.000000	0.379883	0.126572	20.853563	0.164062	0.071537	0.008758	0.000000	65536.000000	11.090355	256.000000	256.000000	196608.000000	1.000000	0.000000	0.000000	0.000000	0.000000	0.000000	3.000000	3.571066	4.094300	4.489092	4.742482	5.208927	0.099536	0.429903	0.763208	1.000000	0.026888	0.079881	0.196635	0.291943	3.000000	13.000000	39.000000	120.000000	255.000000	0.000000	0.000000	0.047619	0.111111	0.000000	0.000000	0.000000	0.015873	16.000000	4.816480	11.000000	256.000000	12.188967	5.545177	5.545177	11.090355	11.090355	11.090355	11.090355
5649526c6d79faf3abb980170a728b2ec06c2244d8f75a6ed5f1cb918ef15772	photo	CID22-512px	/home/lilith/work/codec-corpus/CID22/CID22-512/training/106399.png	small	64	64	64	3320.953369	0.346183	0.135466	0.021215	0.012485	0.093750	0.000000	49.597660	0.432476	0.683381	922.000000	0.225098	0.044050	0.057930	3.000000	0.077390	0.123010	4.000000	0.211160	4.346917	69.234375	27.109375	0.000000	0.000000	0.000000	0.000000	0.422535	0.000000	0.897657	0.000000	0.000000	80.000000	80.000000	0.000000	0.000000	1.000000	0.000000	8.000000	0.000000	0.001953	4.473600	0.867349	0.273786	0.150246	0.000000	1.000000	1.000000	0.484375	0.079102	41.807297	0.000000	0.203621	0.042163	0.000000	4096.000000	8.317766	64.000000	64.000000	12288.000000	1.000000	0.000000	0.000000	0.000000	0.000000	0.000000	3.000000	4.902023	5.153739	5.423418	5.522215	5.564742	0.574836	1.000000	1.000000	1.000000	0.214974	0.328007	0.549113	1.000000	12.000000	67.000000	132.000000	255.000000	255.000000	0.031746	0.047619	0.206349	0.333333	0.000000	0.015873	0.031746	0.047619	12.000000	3.612360	8.500000	64.000000	9.416378	4.158883	4.158883	8.317766	8.317766	8.317766	8.317766
43c0923f686fe51e247db42ffba45b797f0d73803574a95da58b521d83dd64ea	photo	CID22-512px	/home/lilith/work/codec-corpus/CID22/CID22-512/training/7394483.png	medium	256	256	256	1474.558716	0.129473	0.059386	0.006441	0.007747	0.404297	0.029297	24.421413	0.186913	1.301046	992.000000	0.030273	0.003280	0.002240	0.000000	0.058990	0.024440	6.000000	0.191032	3.817020	13.432617	4.476562	0.000000	0.000000	0.000000	0.000000	0.244600	0.033482	0.708681	0.000000	0.000000	80.000000	80.000000	0.000000	0.000000	1.000000	0.000000	8.000000	0.000000	0.112625	3.292887	0.964791	0.069238	0.012617	0.000000	1.000000	1.000000	0.573242	0.300247	18.843512	0.031250	0.067538	0.009022	0.000000	65536.000000	11.090355	256.000000	256.000000	196608.000000	1.000000	0.000000	0.000000	0.000000	0.000000	0.000000	3.000000	3.349542	4.094890	4.606634	4.828372	5.076973	0.133089	0.366644	0.759994	1.000000	0.025567	0.062757	0.166964	0.321450	3.000000	10.000000	36.000000	116.000000	255.000000	0.000000	0.015873	0.031746	0.111111	0.000000	0.000000	0.000000	0.015873	16.000000	4.816480	11.000000	256.000000	12.188967	5.545177	5.545177	11.090355	11.090355	11.090355	11.090355
68e92e972c8445fccc600723bb883b3511a09d3a2b54a615da53a3b2dcbc27db	photo	gb82-photos	/home/lilith/work/codec-corpus/gb82/house-lossless.png	small	64	64	64	5884.833984	0.148400	0.163422	0.014020	0.011689	0.359375	0.000000	61.829933	0.079345	0.975260	630.000000	0.153809	0.019120	0.048560	2.000000	0.078330	0.207450	9.000000	0.112621	4.006926	27.281250	18.156250	0.000000	0.000000	0.000000	0.000000	0.250817	0.000000	0.799109	0.000000	0.000000	80.000000	80.000000	0.000000	0.000000	1.000000	0.000000	8.000000	0.000000	0.223145	3.688188	1.058342	0.108825	0.028063	0.000000	1.000000	1.000000	0.484375	0.153320	31.327934	0.000000	0.120040	0.038938	0.000000	4096.000000	8.317766	64.000000	64.000000	12288.000000	1.000000	0.000000	0.000000	0.000000	0.000000	0.000000	3.000000	3.972994	4.575013	5.106616	5.216333	5.483964	0.180047	0.717068	1.000000	1.000000	0.084616	0.258671	0.725720	0.938797	4.000000	15.000000	50.000000	146.000000	255.000000	0.000000	0.015873	0.095238	0.190476	0.000000	0.000000	0.015873	0.079365	12.000000	3.612360	8.500000	64.000000	9.416378	4.158883	4.158883	8.317766	8.317766	8.317766	8.317766
5649526c6d79faf3abb980170a728b2ec06c2244d8f75a6ed5f1cb918ef15772	photo	CID22-512px	/home/lilith/work/codec-corpus/CID22/CID22-512/training/106399.png	medium	256	256	256	3806.514893	0.207520	0.141725	0.012827	0.007123	0.462891	0.000977	51.540276	0.623181	1.005427	3035.000000	0.092621	0.028720	0.035200	7.000000	0.039400	0.058500	10.000000	0.159952	4.426548	28.994141	12.889648	0.005859	0.000000	0.000000	0.000000	0.350738	0.006138	0.919559	0.000000	0.000000	80.000000	80.000000	0.000000	0.000000	1.000000	0.000000	8.000000	0.000000	0.003128	3.582268	1.174355	0.090702	0.043884	0.000000	1.000000	1.000000	0.461914	0.074768	37.734745	0.010742	0.093378	0.021577	0.000000	65536.000000	11.090355	256.000000	256.000000	196608.000000	1.000000	0.000000	0.000000	0.000000	0.000000	0.000000	3.000000	3.255269	4.763757	5.246807	5.326221	5.480804	0.142616	0.296562	1.000000	1.000000	0.068813	0.134454	0.300100	0.619760	4.000000	23.000000	75.000000	214.000000	255.000000	0.000000	0.015873	0.031746	0.142857	0.000000	0.000000	0.015873	0.031746	16.000000	4.816480	11.000000	256.000000	12.188967	5.545177	5.545177	11.090355	11.090355	11.090355	11.090355
68e92e972c8445fccc600723bb883b3511a09d3a2b54a615da53a3b2dcbc27db	photo	gb82-photos	/home/lilith/work/codec-corpus/gb82/house-lossless.png	medium	256	256	256	5938.227539	0.042015	0.165076	0.005307	0.004293	0.698242	0.182617	62.377712	0.040224	1.431937	1325.000000	0.040436	0.003280	0.006340	0.000000	0.014920	0.027580	4.000000	0.037079	4.004007	9.483398	7.163086	0.011719	0.000000	0.000000	0.000000	0.071011	0.218750	0.519733	0.000000	0.000000	80.000000	80.000000	0.000000	0.000000	1.000000	0.000000	8.000000	0.000000	0.232254	2.641207	1.115865	0.034927	0.016562	0.000000	1.000000	1.000000	0.485352	0.134033	23.737368	0.022461	0.031917	0.012137	0.000000	65536.000000	11.090355	256.000000	256.000000	196608.000000	1.000000	0.000000	0.000000	0.000000	0.000000	0.000000	3.000000	2.418897	3.274374	4.420991	4.835299	5.345378	0.053225	0.121766	0.342940	1.000000	0.024589	0.042811	0.148510	0.480275	1.000000	3.000000	9.000000	63.000000	212.000000	0.000000	0.000000	0.000000	0.031746	0.000000	0.000000	0.000000	0.015873	16.000000	4.816480	11.000000	256.000000	12.188967	5.545177	5.545177	11.090355	11.090355	11.090355	11.090355
444f230715928f9f489bd93df07b4a224ca0552568b7c066b3c4e8039ec6bcee	photo	CID22-512px	/home/lilith/work/codec-corpus/CID22/CID22-512/training/Temperament-pie-chart-according-to-Eysenck.png	small	64	64	64	4721.494629	0.436634	0.194411	0.026381	0.021921	0.046875	0.046875	81.825783	0.391955	0.784212	556.000000	0.135742	0.060580	0.081580	2.000000	0.228590	0.519550	17.000000	0.182767	3.874467	72.531250	37.171875	0.046875	0.000000	0.000000	0.000000	0.440216	0.093750	0.704103	0.000000	0.000000	80.000000	80.000000	0.000000	0.000000	1.000000	0.000000	8.000000	0.000000	0.394775	4.618777	1.113292	0.767285	0.033915	0.000000	1.000000	1.000000	0.296875	0.256348	37.162090	0.046875	0.235615	0.059524	0.000000	4096.000000	8.317766	64.000000	64.000000	12288.000000	1.000000	0.000000	0.000000	0.000000	0.000000	0.000000	3.000000	4.756267	5.246899	5.362985	5.421995	5.735533	1.000000	1.000000	1.000000	1.000000	0.231438	0.514965	0.954037	1.000000	29.000000	82.000000	136.000000	221.000000	255.000000	0.126984	0.190476	0.238095	0.269841	0.000000	0.015873	0.063492	0.095238	12.000000	3.612360	8.500000	64.000000	9.416378	4.158883	4.158883	8.317766	8.317766	8.317766	8.317766
69e2f6bb3869b69a0027091a55b7451c57486b988fed90d7813fba44191005cc	mixed	kadid10k-distortion-set	/home/lilith/work/codec-corpus/kadid10k/I34.png	tiny	64	64	48	2682.640625	0.320838	0.118996	0.016062	0.008358	0.083333	0.000000	51.553902	0.113265	0.754870	448.000000	0.145833	0.016240	0.020510	0.000000	0.029620	0.029820	1.000000	0.101275	4.201865	44.125000	13.229167	0.000000	0.000000	0.000000	0.000000	0.422535	0.000000	0.855613	0.000000	0.000000	80.000000	80.000000	0.000000	0.000000	1.000000	0.000000	8.000000	0.000000	0.007161	4.260154	0.870080	0.181104	0.064906	0.000000	1.000000	1.000000	0.333333	0.737305	24.618946	0.000000	0.149471	0.022487	0.000000	3072.000000	8.030084	48.000000	64.000000	9216.000000	0.750000	0.287682	0.000000	0.000000	0.333333	0.333333	3.000000	4.368133	4.922273	5.124459	5.223112	5.412632	0.520440	1.000000	1.000000	1.000000	0.127245	0.262663	0.453914	0.669897	16.000000	38.000000	71.000000	146.000000	255.000000	0.015873	0.079365	0.158730	0.238095	0.000000	0.000000	0.015873	0.031746	11.584963	3.487421	8.000000	55.425625	9.128696	3.871201	4.158883	8.030084	8.030084	8.317766	8.317766
579cdcd5b001aed17131ca0f6d1d04b035d36588121bf5289ff93552bc8998b3	photo	CID22-512px	/home/lilith/work/codec-corpus/CID22/CID22-512/training/2693212.png	small	64	64	64	1565.857544	0.572940	0.122688	0.022539	0.045935	0.000000	0.000000	62.265217	0.269489	0.563889	722.000000	0.176270	0.024970	0.029350	0.000000	0.691230	0.775240	21.000000	0.419942	4.044051	32.578125	39.437500	0.000000	0.000000	0.000000	0.000000	0.422535	0.000000	0.809870	0.000000	0.000000	80.000000	80.000000	0.000000	0.000000	1.000000	0.000000	8.000000	0.000000	0.000732	4.488472	0.301606	0.642157	0.264295	0.000000	1.000000	1.000000	0.031250	0.000000	20.086298	0.000000	0.211806	0.071181	0.000000	4096.000000	8.317766	64.000000	64.000000	12288.000000	1.000000	0.000000	0.000000	0.000000	0.000000	0.000000	3.000000	4.547874	4.703905	4.859312	4.943571	5.006680	0.949143	1.000000	1.000000	1.000000	0.415628	0.693793	0.945426	1.000000	34.000000	70.000000	112.000000	188.000000	255.000000	0.111111	0.174603	0.222222	0.269841	0.015873	0.047619	0.063492	0.111111	12.000000	3.612360	8.500000	64.000000	9.416378	4.158883	4.158883	8.317766	8.317766	8.317766	8.317766
444f230715928f9f489bd93df07b4a224ca0552568b7c066b3c4e8039ec6bcee	photo	CID22-512px	/home/lilith/work/codec-corpus/CID22/CID22-512/training/Temperament-pie-chart-according-to-Eysenck.png	medium	256	256	256	5425.220703	0.206044	0.201399	0.012631	0.012435	0.426758	0.354492	84.188255	1.353574	1.047661	1478.000000	0.045105	0.035920	0.032930	7.000000	0.247750	0.226850	45.000000	0.276604	3.619809	42.988281	18.165039	0.382812	0.000000	0.000000	0.000000	0.401791	0.733259	0.324582	0.000000	0.000000	80.000000	80.000000	0.000000	0.000000	1.000000	0.000000	8.000000	0.000000	0.421799	2.941521	2.236985	0.000000	0.000000	0.000000	1.000000	1.000000	0.118164	0.230728	43.863953	0.375977	0.151073	0.028382	0.000000	65536.000000	11.090355	256.000000	256.000000	196608.000000	1.000000	0.000000	0.000000	0.000000	0.000000	0.000000	3.000000	4.099335	4.992880	5.232450	5.337334	5.515578	0.000000	0.680492	1.000000	1.000000	0.000000	0.064958	0.518900	0.897269	0.000000	21.000000	114.000000	255.000000	255.000000	0.000000	0.000000	0.111111	0.269841	0.000000	0.000000	0.000000	0.047619	16.000000	4.816480	11.000000	256.000000	12.188967	5.545177	5.545177	11.090355	11.090355	11.090355	11.090355
69e2f6bb3869b69a0027091a55b7451c57486b988fed90d7813fba44191005cc	mixed	kadid10k-distortion-set	/home/lilith/work/codec-corpus/kadid10k/I34.png	small	256	256	192	2864.032471	0.228190	0.120357	0.009414	0.004437	0.157552	0.059896	51.950912	0.288467	1.394802	1214.000000	0.037048	0.004590	0.005210	0.000000	0.005460	0.005650	0.000000	0.196154	4.249099	18.395834	5.095052	0.002604	0.000000	0.000000	0.000000	0.385673	0.070685	0.796966	0.000000	0.000000	80.000000	80.000000	0.000000	0.000000	1.000000	0.000000	8.000000	0.000000	0.006470	3.655335	1.027853	0.033964	0.034031	0.000000	1.000000	1.000000	0.128906	0.727010	19.574841	0.000000	0.099392	0.010107	0.000000	49152.000000	10.802672	192.000000	256.000000	147456.000000	0.750000	0.287682	0.000000	0.000000	0.000000	0.000000	3.000000	3.820755	4.273279	4.692448	4.903090	5.300370	0.320360	0.520333	0.977145	1.000000	0.067201	0.105521	0.190253	0.353147	14.000000	32.000000	56.000000	129.000000	255.000000	0.000000	0.031746	0.095238	0.142857	0.000000	0.000000	0.000000	0.015873	15.584963	4.691541	11.000000	221.702499	11.901285	5.257495	5.545177	10.802672	10.802672	10.802672	10.802672
579cdcd5b001aed17131ca0f6d1d04b035d36588121bf5289ff93552bc8998b3	photo	CID22-512px	/home/lilith/work/codec-corpus/CID22/CID22-512/training/2693212.png	medium	256	256	256	1875.839233	0.342191	0.132695	0.014936	0.026401	0.107422	0.000000	65.874146	0.545641	0.834698	1180.000000	0.036011	0.012160	0.015250	0.000000	0.245090	0.293230	16.000000	0.250908	4.139025	27.142578	25.362305	0.000000	0.000000	0.000000	0.000000	0.422535	0.000000	0.837399	0.000000	0.000000	80.000000	80.000000	0.000000	0.000000	1.000000	0.000000	8.000000	0.000000	0.001160	4.127076	0.744867	0.235098	0.059383	0.000000	1.000000	1.000000	0.269531	0.000275	19.322138	0.000000	0.139664	0.048828	0.000000	65536.000000	11.090355	256.000000	256.000000	196608.000000	1.000000	0.000000	0.000000	0.000000	0.000000	0.000000	3.000000	4.312108	4.651166	4.873315	4.974171	5.092590	0.566988	1.000000	1.000000	1.000000	0.251882	0.449893	0.730563	1.000000	16.000000	41.000000	75.000000	164.000000	255.000000	0.015873	0.079365	0.142857	0.190476	0.000000	0.015873	0.047619	0.079365	16.000000	4.816480	11.000000	256.000000	12.188967	5.545177	5.545177	11.090355	11.090355	11.090355	11.090355
6ae75dd293458291c2a8f9f4b01602e30739f60ce13723b7eeacadcac31ca678	mixed	kadid10k-distortion-set	/home/lilith/work/codec-corpus/kadid10k/I24.png	tiny	64	64	48	2673.044189	0.497467	0.284007	0.079808	0.027852	0.062500	0.000000	100.826172	0.196459	0.616108	1117.000000	0.363607	0.380680	0.183630	15.000000	0.257100	0.161250	9.000000	0.231222	4.319324	40.666668	80.770836	0.000000	0.000000	0.000000	0.000000	0.422535	0.000000	0.889659	0.000000	0.000000	80.000000	80.000000	0.000000	0.000000	1.000000	0.000000	8.000000	0.000000	0.000651	4.466962	0.657816	0.480828	0.326246	0.000000	1.000000	1.000000	0.208333	0.036458	23.124512	0.000000	0.209656	0.101521	0.000000	3072.000000	8.030084	48.000000	64.000000	9216.000000	0.750000	0.287682	0.000000	0.000000	0.333333	0.333333	3.000000	4.588025	4.886457	5.087440	5.139318	5.208342	0.978611	1.000000	1.000000	1.000000	0.829360	1.000000	1.000000	1.000000	26.000000	61.000000	95.000000	197.000000	255.000000	0.095238	0.174603	0.206349	0.269841	0.031746	0.079365	0.095238	0.126984	11.584963	3.487421	8.000000	55.425625	9.128696	3.871201	4.158883	8.030084	8.030084	8.317766	8.317766
57a45a3637b4c945796ea82e387c9317aa00b35ea17bcb7a9392b95d0be27780	photo	CID22-512px	/home/lilith/work/codec-corpus/CID22/CID22-512/training/2208891.png	small	64	64	64	4759.474609	0.636684	0.079763	0.031691	0.027648	0.000000	0.000000	36.990570	0.480437	0.576127	650.000000	0.158691	0.057490	0.022860	1.000000	0.283660	0.120500	7.000000	0.189604	4.515901	64.890625	13.484375	0.000000	0.000000	0.000000	0.000000	0.422535	0.000000	0.946638	0.000000	0.000000	80.000000	80.000000	0.000000	0.000000	1.000000	0.000000	8.000000	0.000000	0.122070	4.801304	0.446953	0.955242	0.082103	0.000000	1.000000	1.000000	0.343750	0.700439	33.084011	0.000000	0.218750	0.026042	0.000000	4096.000000	8.317766	64.000000	64.000000	12288.000000	1.000000	0.000000	0.000000	0.000000	0.000000	0.000000	3.000000	4.962362	5.124056	5.330001	5.363300	5.412553	1.000000	1.000000	1.000000	1.000000	0.207796	0.291584	0.418261	0.563249	47.000000	94.000000	147.000000	250.000000	255.000000	0.095238	0.126984	0.206349	0.317460	0.000000	0.015873	0.015873	0.031746	12.000000	3.612360	8.500000	64.000000	9.416378	4.158883	4.158883	8.317766	8.317766	8.317766	8.317766
6ae75dd293458291c2a8f9f4b01602e30739f60ce13723b7eeacadcac31ca678	mixed	kadid10k-distortion-set	/home/lilith/work/codec-corpus/kadid10k/I24.png	small	256	256	192	2891.042236	0.261862	0.288395	0.030456	0.010423	0.221354	0.046875	102.097984	0.209761	1.133672	3635.000000	0.110931	0.029800	0.015300	4.000000	0.020510	0.015140	2.000000	0.100961	4.385287	23.786459	29.975260	0.000000	0.000000	0.000000	0.000000	0.422535	0.053571	0.852167	0.000000	0.000000	80.000000	80.000000	0.000000	0.000000	1.000000	0.000000	8.000000	0.000000	0.001261	3.742707	1.169335	0.040694	0.029469	0.000000	1.000000	1.000000	0.493490	0.036153	16.763849	0.000000	0.115617	0.048198	0.000000	49152.000000	10.802672	192.000000	256.000000	147456.000000	0.750000	0.287682	0.000000	0.000000	0.000000	0.000000	3.000000	4.160570	4.529055	4.805355	4.982762	5.273633	0.423006	0.897965	1.000000	1.000000	0.185083	0.518556	0.880954	1.000000	9.000000	23.000000	44.000000	122.000000	255.000000	0.000000	0.063492	0.126984	0.158730	0.000000	0.000000	0.047619	0.079365	15.584963	4.691541	11.000000	221.702499	11.901285	5.257495	5.545177	10.802672	10.802672	10.802672	10.802672
453419a2c080f7874bcca6eac7fc141b7398f74663b7c215cc6c7efe2f670083	photo	CID22-512px	/home/lilith/work/codec-corpus/CID22/CID22-512/training/2020432.png	small	64	64	64	2525.426270	0.042328	0.134079	0.007714	0.007609	0.125000	0.000000	55.863846	0.016146	0.894013	702.000000	0.171387	0.002820	0.001330	0.000000	0.018820	0.020410	2.000000	0.072017	4.256064	16.906250	10.203125	0.000000	0.000000	0.000000	0.000000	0.071540	0.000000	0.871323	0.000000	0.000000	80.000000	80.000000	0.000000	0.000000	1.000000	0.000000	8.000000	0.000000	0.000488	3.729202	0.513314	0.245821	0.066505	0.000000	1.000000	1.000000	0.843750	0.185791	22.067533	0.000000	0.057788	0.019841	0.000000	4096.000000	8.317766	64.000000	64.000000	12288.000000	1.000000	0.000000	0.000000	0.000000	0.000000	0.000000	3.000000	3.677059	4.164336	4.424046	4.538447	4.856317	0.384456	0.535490	0.945607	1.000000	0.111634	0.159816	0.290643	0.382316	3.000000	7.000000	14.000000	61.000000	255.000000	0.015873	0.031746	0.031746	0.063492	0.000000	0.015873	0.015873	0.031746	12.000000	3.612360	8.500000	64.000000	9.416378	4.158883	4.158883	8.317766	8.317766	8.317766	8.317766
57a45a3637b4c945796ea82e387c9317aa00b35ea17bcb7a9392b95d0be27780	photo	CID22-512px	/home/lilith/work/codec-corpus/CID22/CID22-512/training/2208891.png	medium	256	256	256	5454.764648	0.328274	0.087863	0.016637	0.014318	0.109375	0.016602	39.657330	0.685573	0.786824	1946.000000	0.059387	0.015150	0.009810	1.000000	0.071000	0.052880	8.000000	0.083689	4.514542	50.780273	12.683594	0.001953	0.000000	0.000000	0.000000	0.422535	0.020647	0.926194	0.000000	0.000000	80.000000	80.000000	0.000000	0.000000	1.000000	0.000000	8.000000	0.000000	0.159027	4.352511	0.986742	0.208695	0.051344	0.000000	1.000000	1.000000	0.520508	0.669220	33.220245	0.003906	0.140020	0.021174	0.000000	65536.000000	11.090355	256.000000	256.000000	196608.000000	1.000000	0.000000	0.000000	0.000000	0.000000	0.000000	3.000000	4.660732	5.081635	5.293650	5.396708	5.532873	0.607500	1.000000	1.000000	1.000000	0.116936	0.221166	0.379461	0.618139	14.000000	41.000000	85.000000	188.000000	255.000000	0.015873	0.063492	0.111111	0.206349	0.000000	0.000000	0.015873	0.031746	16.000000	4.816480	11.000000	256.000000	12.188967	5.545177	5.545177	11.090355	11.090355	11.090355	11.090355
453419a2c080f7874bcca6eac7fc141b7398f74663b7c215cc6c7efe2f670083	photo	CID22-512px	/home/lilith/work/codec-corpus/CID22/CID22-512/training/2020432.png	medium	256	256	256	2540.698242	0.012364	0.134492	0.003797	0.004059	0.784180	0.002930	56.015690	0.020496	2.027504	1158.000000	0.035339	0.001780	0.001090	1.000000	0.012450	0.008570	7.000000	0.103102	4.281826	3.983398	2.318359	0.003906	0.000000	0.000000	0.000000	0.020898	0.006696	0.775159	0.000000	0.000000	80.000000	80.000000	0.000000	0.000000	1.000000	0.000000	8.000000	0.000000	0.001602	2.728479	0.596866	0.073932	0.025649	0.000000	1.000000	1.000000	0.613281	0.184631	18.579229	0.005859	0.021903	0.004325	0.000000	65536.000000	11.090355	256.000000	256.000000	196608.000000	1.000000	0.000000	0.000000	0.000000	0.000000	0.000000	3.000000	2.693713	3.026942	3.446032	3.760328	4.600658	0.112890	0.170247	0.251399	0.406844	0.036487	0.057639	0.094096	0.137718	2.000000	3.000000	7.000000	38.000000	218.000000	0.000000	0.000000	0.015873	0.031746	0.000000	0.000000	0.000000	0.000000	16.000000	4.816480	11.000000	256.000000	12.188967	5.545177	5.545177	11.090355	11.090355	11.090355	11.090355
455d5217d3587c60d885bc45142b1ce1cb4982b099227664f853eb1179fd588a	photo	CID22-512px	/home/lilith/work/codec-corpus/CID22/CID22-512/training/1943411.png	small	64	64	64	2581.689209	0.325271	0.189854	0.032376	0.032383	0.125000	0.000000	84.951187	0.187587	0.759491	1210.000000	0.295410	0.076090	0.088030	3.000000	0.531440	0.693480	47.000000	0.172295	3.851676	37.187500	51.187500	0.000000	0.000000	0.000000	0.000000	0.443426	0.000000	0.754109	0.000000	0.000000	80.000000	80.000000	0.000000	0.000000	1.000000	0.000000	8.000000	0.000000	0.000977	4.132792	0.985656	0.211043	0.157391	0.000000	1.000000	1.000000	0.343750	0.004883	27.637394	0.000000	0.163442	0.062252	0.000000	4096.000000	8.317766	64.000000	64.000000	12288.000000	1.000000	0.000000	0.000000	0.000000	0.000000	0.000000	3.000000	4.363389	4.871964	5.123452	5.227511	5.344113	0.549180	1.000000	1.000000	1.000000	0.279955	0.572242	0.826699	1.000000	8.000000	41.000000	91.000000	194.000000	255.000000	0.015873	0.047619	0.190476	0.253968	0.015873	0.031746	0.063492	0.095238	12.000000	3.612360	8.500000	64.000000	9.416378	4.158883	4.158883	8.317766	8.317766	8.317766	8.317766
455d5217d3587c60d885bc45142b1ce1cb4982b099227664f853eb1179fd588a	photo	CID22-512px	/home/lilith/work/codec-corpus/CID22/CID22-512/training/1943411.png	medium	256	256	256	2873.401123	0.204398	0.203102	0.028529	0.024444	0.425781	0.000000	89.495346	0.507987	1.168428	4851.000000	0.148041	0.065230	0.072450	6.000000	0.418860	0.545710	79.000000	0.260675	3.834899	21.265625	27.502930	0.001953	0.000000	0.000000	0.000000	0.368716	0.001674	0.749246	0.000000	0.000000	80.000000	80.000000	0.000000	0.000000	1.000000	0.000000	8.000000	0.000000	0.006165	3.410448	1.192583	0.042285	0.047872	0.000000	1.000000	1.000000	0.242188	0.002808	28.108770	0.003906	0.103299	0.045139	0.000000	65536.000000	11.090355	256.000000	256.000000	196608.000000	1.000000	0.000000	0.000000	0.000000	0.000000	0.000000	3.000000	3.479051	4.493589	4.908439	5.074983	5.358078	0.103623	0.373229	1.000000	1.000000	0.078507	0.224834	0.613001	1.000000	4.000000	21.000000	65.000000	189.000000	255.000000	0.000000	0.000000	0.047619	0.190476	0.000000	0.000000	0.031746	0.063492	16.000000	4.816480	11.000000	256.000000	12.188967	5.545177	5.545177	11.090355	11.090355	11.090355	11.090355
44576e15457e325fe8c68048806a698e4b3e348338d16c1ba837dcbf860ada6a	photo	clic2025-1024px-resized	/home/lilith/work/codec-corpus/clic2025-1024/eda6d42794b0d0140628fa90fc0c14a7ba88159b8474d0077027c32ee2ddf6f0.png	small	64	64	64	3468.598877	0.626858	0.093212	0.026084	0.024885	0.000000	0.000000	41.141376	0.372611	0.591776	947.000000	0.231201	0.041580	0.044080	3.000000	0.272570	0.299820	21.000000	0.232293	4.408225	59.515625	20.312500	0.000000	0.000000	0.000000	0.000000	0.422535	0.000000	0.915428	0.000000	0.000000	80.000000	80.000000	0.000000	0.000000	1.000000	0.000000	8.000000	0.000000	0.013428	4.822600	0.287334	1.000000	0.139365	0.000000	1.000000	1.000000	0.171875	0.507324	26.382757	0.000000	0.269097	0.040179	0.000000	4096.000000	8.317766	64.000000	64.000000	12288.000000	1.000000	0.000000	0.000000	0.000000	0.000000	0.000000	3.000000	4.872577	4.978126	5.215725	5.238944	5.369312	1.000000	1.000000	1.000000	1.000000	0.203126	0.331973	0.487121	0.603897	38.000000	80.000000	130.000000	225.000000	255.000000	0.142857	0.206349	0.285714	0.333333	0.000000	0.015873	0.031746	0.047619	12.000000	3.612360	8.500000	64.000000	9.416378	4.158883	4.158883	8.317766	8.317766	8.317766	8.317766
5805ed68a5db1b43837b2ded3d00929474876a685cf227891a3337d3b02c3532	photo	clic2025-1024px-resized	/home/lilith/work/codec-corpus/clic2025-1024/a365e6541bab5c0f4e01bf43a0c3a655d88292a8ac45403a889c308d11854555.png	small	64	64	64	4980.823242	0.598891	0.095779	0.029880	0.023182	0.000000	0.000000	32.723267	0.548760	0.576021	931.000000	0.227295	0.049050	0.033610	2.000000	0.232490	0.128120	16.000000	0.257093	4.709949	83.906250	14.796875	0.000000	0.000000	0.000000	0.000000	0.422535	0.000000	1.000000	0.000000	0.000000	80.000000	80.000000	0.000000	0.000000	1.000000	0.000000	8.000000	0.000000	0.061035	4.879517	0.499956	0.839628	0.154526	0.000000	1.000000	1.000000	0.250000	0.237549	33.265800	0.000000	0.282986	0.036210	0.000000	4096.000000	8.317766	64.000000	64.000000	12288.000000	1.000000	0.000000	0.000000	0.000000	0.000000	0.000000	3.000000	5.056967	5.198962	5.345723	5.368827	5.493624	1.000000	1.000000	1.000000	1.000000	0.206222	0.305719	0.394160	0.468083	41.000000	91.000000	156.000000	255.000000	255.000000	0.095238	0.206349	0.301587	0.365079	0.000000	0.015873	0.031746	0.047619	12.000000	3.612360	8.500000	64.000000	9.416378	4.158883	4.158883	8.317766	8.317766	8.317766	8.317766
464e9852a5109144a2437b0fe51a8ce27fc35558443a3603989bb1eeb42699b8	photo	gb82-photos	/home/lilith/work/codec-corpus/gb82/sand-lossless.png	small	64	64	64	798.391541	0.404132	0.054691	0.020376	0.012474	0.000000	0.000000	24.039476	0.186329	0.624490	264.000000	0.064453	0.022550	0.028810	1.000000	0.052670	0.069530	2.000000	0.396980	3.606223	24.359375	7.765625	0.000000	0.000000	0.000000	0.000000	0.477997	0.000000	0.682963	0.000000	0.000000	80.000000	80.000000	0.000000	0.000000	1.000000	0.000000	8.000000	0.000000	0.047852	4.210189	0.449603	0.334328	0.082410	0.000000	1.000000	1.000000	0.062500	0.734131	19.352465	0.000000	0.154018	0.018849	0.000000	4096.000000	8.317766	64.000000	64.000000	12288.000000	1.000000	0.000000	0.000000	0.000000	0.000000	0.000000	3.000000	4.331273	4.604882	4.736607	4.820824	4.910501	0.566518	0.942798	1.000000	1.000000	0.111096	0.229847	0.348446	0.400932	24.000000	50.000000	85.000000	179.000000	255.000000	0.047619	0.095238	0.142857	0.222222	0.000000	0.000000	0.015873	0.031746	12.000000	3.612360	8.500000	64.000000	9.416378	4.158883	4.158883	8.317766	8.317766	8.317766	8.317766
464e9852a5109144a2437b0fe51a8ce27fc35558443a3603989bb1eeb42699b8	photo	gb82-photos	/home/lilith/work/codec-corpus/gb82/sand-lossless.png	medium	256	256	256	1276.869141	0.627697	0.068266	0.029536	0.017443	0.000977	0.000000	28.284372	1.157985	0.875045	1114.000000	0.033997	0.039800	0.049540	1.000000	0.087720	0.111440	4.000000	0.558064	3.960351	27.043945	7.873047	0.000000	0.000000	0.000000	0.000000	0.428120	0.000000	0.785609	0.000000	0.000000	80.000000	80.000000	0.000000	0.000000	1.000000	0.000000	8.000000	0.000000	0.043610	4.377456	0.340158	0.463339	0.111931	0.000000	1.000000	1.000000	0.017578	0.686066	18.587025	0.000000	0.212798	0.016865	0.000000	65536.000000	11.090355	256.000000	256.000000	196608.000000	1.000000	0.000000	0.000000	0.000000	0.000000	0.000000	3.000000	4.361756	4.631863	4.829001	4.941803	5.103007	0.614799	0.881522	1.000000	1.000000	0.147593	0.209535	0.307562	0.419577	40.000000	72.000000	109.000000	194.000000	255.000000	0.111111	0.158730	0.206349	0.269841	0.000000	0.000000	0.015873	0.031746	16.000000	4.816480	11.000000	256.000000	12.188967	5.545177	5.545177	11.090355	11.090355	11.090355	11.090355
680003ddef09a61e8604c6f681e27482892f6f1edf3f86c62a03c22e200c534a	photo	clic2025-native	/home/lilith/work/codec-corpus/clic2025/training/d1a9be98d1936065967adac50a6fb750.png	tiny	64	64	40	1994.856689	0.213675	0.072468	0.009225	0.007993	0.375000	0.000000	28.101677	0.099462	0.785023	278.000000	0.108594	0.010520	0.010710	0.000000	0.055070	0.057330	2.000000	0.227831	3.888874	31.000000	7.400000	0.000000	0.000000	0.000000	0.000000	0.376793	0.000000	0.764891	0.000000	0.000000	80.000000	80.000000	0.000000	0.000000	1.000000	0.000000	8.000000	0.000000	0.722266	3.731786	1.014844	0.136782	0.000000	0.000000	1.000000	1.000000	0.650000	0.225781	28.110630	0.350000	0.125000	0.016270	0.000000	2560.000000	7.847763	40.000000	64.000000	7680.000000	0.625000	0.470004	0.000000	0.200000	0.600000	0.600000	3.000000	3.656763	4.793656	5.055485	5.110778	5.230740	0.214520	0.541063	1.000000	1.000000	0.011804	0.023970	0.418473	0.549033	2.000000	18.000000	67.000000	203.000000	255.000000	0.015873	0.015873	0.031746	0.206349	0.000000	0.000000	0.000000	0.031746	11.321928	3.408240	8.000000	50.596443	8.946375	3.688879	4.158883	7.847763	8.030084	8.317766	8.317766
4722832e637265d0c281574269b660e8d36425fd5d4c8e79a9da4fe7d5fcdb7a	photo	CID22-512px	/home/lilith/work/codec-corpus/CID22/CID22-512/training/3DPieChart.png	small	64	64	64	1832.345825	0.313429	0.199089	0.018469	0.012593	0.046875	0.000000	75.353134	0.152624	0.570327	420.000000	0.102539	0.058450	0.047660	5.000000	0.221260	0.168940	16.000000	0.169014	3.369320	36.984375	36.765625	0.125000	0.000000	0.000000	0.000000	0.511363	0.107143	0.652174	0.000000	0.000000	80.000000	80.000000	0.000000	0.000000	1.000000	0.000000	8.000000	0.000000	0.593750	4.289875	0.771234	0.371488	0.000000	0.000000	1.000000	1.000000	0.250000	0.070801	23.198738	0.125000	0.163938	0.054812	0.000000	4096.000000	8.317766	64.000000	64.000000	12288.000000	1.000000	0.000000	0.000000	0.000000	0.000000	0.000000	3.000000	4.653600	4.796163	4.897465	4.930417	5.032836	0.736720	1.000000	1.000000	1.000000	0.156494	0.359858	0.654337	1.000000	8.000000	32.000000	82.000000	182.000000	255.000000	0.063492	0.095238	0.158730	0.222222	0.000000	0.000000	0.031746	0.079365	12.000000	3.612360	8.500000	64.000000	9.416378	4.158883	4.158883	8.317766	8.317766	8.317766	8.317766
5805ed68a5db1b43837b2ded3d00929474876a685cf227891a3337d3b02c3532	photo	clic2025-1024px-resized	/home/lilith/work/codec-corpus/clic2025-1024/a365e6541bab5c0f4e01bf43a0c3a655d88292a8ac45403a889c308d11854555.png	medium	256	256	256	5667.530762	0.422222	0.104115	0.021359	0.015621	0.079102	0.014648	35.378227	1.202680	0.905119	2364.000000	0.072144	0.028310	0.021400	9.000000	0.099310	0.074640	28.000000	0.220599	4.696421	49.542969	11.452148	0.012695	0.000000	0.000000	0.000000	0.422535	0.027623	0.981271	0.000000	0.000000	80.000000	80.000000	0.000000	0.000000	1.000000	0.000000	8.000000	0.000000	0.047958	4.364650	0.931428	0.212293	0.047449	0.000000	1.000000	1.000000	0.150391	0.242630	32.135925	0.010742	0.199374	0.025685	0.000000	65536.000000	11.090355	256.000000	256.000000	196608.000000	1.000000	0.000000	0.000000	0.000000	0.000000	0.000000	3.000000	4.609641	5.015858	5.234632	5.330179	5.496590	0.583143	1.000000	1.000000	1.000000	0.101567	0.205211	0.335008	0.520753	24.000000	60.000000	116.000000	234.000000	255.000000	0.015873	0.095238	0.206349	0.285714	0.000000	0.000000	0.015873	0.031746	16.000000	4.816480	11.000000	256.000000	12.188967	5.545177	5.545177	11.090355	11.090355	11.090355	11.090355
4722832e637265d0c281574269b660e8d36425fd5d4c8e79a9da4fe7d5fcdb7a	photo	CID22-512px	/home/lilith/work/codec-corpus/CID22/CID22-512/training/3DPieChart.png	medium	256	256	256	2584.999756	0.133456	0.202955	0.006663	0.003987	0.506836	0.393555	76.545326	1.254012	0.940390	828.000000	0.025269	0.018870	0.018400	5.000000	0.051300	0.052030	15.000000	0.400480	3.264850	30.293945	10.836914	0.550781	0.000000	0.000000	0.000000	0.329102	0.921875	0.257258	0.000000	0.000000	80.000000	80.000000	0.000000	0.000000	1.000000	0.000000	8.000000	0.000000	0.639221	2.548920	2.149721	0.000000	0.000000	0.000000	1.000000	1.000000	0.224609	0.057129	59.423473	0.558594	0.092370	0.015408	0.000000	65536.000000	11.090355	256.000000	256.000000	196608.000000	1.000000	0.000000	0.000000	0.000000	0.000000	0.000000	3.000000	3.038316	4.643953	5.383792	5.495296	5.533200	0.000000	0.237441	1.000000	1.000000	0.000000	0.000000	0.111632	0.608631	0.000000	6.000000	71.000000	255.000000	255.000000	0.000000	0.000000	0.031746	0.111111	0.000000	0.000000	0.000000	0.000000	16.000000	4.816480	11.000000	256.000000	12.188967	5.545177	5.545177	11.090355	11.090355	11.090355	11.090355
4853ac426467bca500aab0e778795bcea2b436d3c635fb9c45639c5164e4fd05	photo	CID22-512px	/home/lilith/work/codec-corpus/CID22/CID22-512/training/144428.png	small	64	64	64	2220.274170	0.416226	0.250793	0.031887	0.035466	0.062500	0.000000	105.989723	0.181665	0.767984	1566.000000	0.382324	0.050580	0.033570	1.000000	0.453070	0.260250	24.000000	0.190795	4.052058	37.875000	41.984375	0.000000	0.000000	0.000000	0.000000	0.422535	0.000000	0.812191	0.000000	0.000000	80.000000	80.000000	0.000000	0.000000	1.000000	0.000000	8.000000	0.000000	0.006592	4.393925	0.704259	0.317842	0.162289	0.000000	1.000000	1.000000	0.421875	0.115723	23.086937	0.000000	0.179812	0.068700	0.000000	4096.000000	8.317766	64.000000	64.000000	12288.000000	1.000000	0.000000	0.000000	0.000000	0.000000	0.000000	3.000000	4.641527	4.843781	4.969669	5.068808	5.371032	0.834958	1.000000	1.000000	1.000000	0.405354	0.590147	0.873357	1.000000	17.000000	46.000000	86.000000	189.000000	255.000000	0.031746	0.111111	0.190476	0.238095	0.015873	0.047619	0.079365	0.095238	12.000000	3.612360	8.500000	64.000000	9.416378	4.158883	4.158883	8.317766	8.317766	8.317766	8.317766
44576e15457e325fe8c68048806a698e4b3e348338d16c1ba837dcbf860ada6a	photo	clic2025-1024px-resized	/home/lilith/work/codec-corpus/clic2025-1024/eda6d42794b0d0140628fa90fc0c14a7ba88159b8474d0077027c32ee2ddf6f0.png	medium	256	256	256	4068.364502	0.434971	0.104180	0.018621	0.017114	0.130859	0.000000	44.817703	0.916191	0.850533	3047.000000	0.092987	0.025280	0.022160	4.000000	0.175630	0.140360	28.000000	0.197678	4.504241	43.450195	14.700195	0.001953	0.000000	0.000000	0.000000	0.422535	0.001674	0.943258	0.000000	0.000000	80.000000	80.000000	0.000000	0.000000	1.000000	0.000000	8.000000	0.000000	0.017303	4.334440	0.819685	0.208772	0.041885	0.000000	1.000000	1.000000	0.268555	0.470856	25.384205	0.000000	0.181548	0.027235	0.000000	65536.000000	11.090355	256.000000	256.000000	196608.000000	1.000000	0.000000	0.000000	0.000000	0.000000	0.000000	3.000000	4.621357	4.902403	5.092153	5.193186	5.344496	0.745434	1.000000	1.000000	1.000000	0.102029	0.197419	0.380490	0.620398	21.000000	57.000000	100.000000	201.000000	255.000000	0.015873	0.095238	0.190476	0.269841	0.000000	0.000000	0.015873	0.031746	16.000000	4.816480	11.000000	256.000000	12.188967	5.545177	5.545177	11.090355	11.090355	11.090355	11.090355
5805ed68a5db1b43837b2ded3d00929474876a685cf227891a3337d3b02c3532	photo	clic2025-1024px-resized	/home/lilith/work/codec-corpus/clic2025-1024/a365e6541bab5c0f4e01bf43a0c3a655d88292a8ac45403a889c308d11854555.png	large	1024	1024	1024	6304.059082	0.372027	0.108981	0.015095	0.011392	0.158691	0.035034	36.887939	4.901817	1.038301	5259.000000	0.160492	0.012640	0.013860	2.000000	0.040890	0.046230	12.000000	0.375978	4.680398	34.516602	7.339844	0.051758	0.000000	0.000000	0.000000	0.422535	0.084403	0.952007	0.000000	0.000000	80.000000	80.000000	0.000000	0.000000	1.000000	0.000000	8.000000	0.000000	0.041840	3.809177	1.378811	0.038349	0.035600	0.000000	1.000000	1.000000	0.112305	0.228565	35.687935	0.054688	0.162512	0.015206	0.000000	1048576.000000	13.862944	1024.000000	1024.000000	3145728.000000	1.000000	0.000000	0.000000	0.000000	0.000000	0.000000	3.000000	4.170851	4.730208	5.202141	5.324093	5.453476	0.306315	0.751840	1.000000	1.000000	0.068233	0.127690	0.265937	0.404190	18.000000	50.000000	105.000000	255.000000	255.000000	0.000000	0.031746	0.142857	0.253968	0.000000	0.000000	0.000000	0.031746	20.000000	6.020600	14.000000	1024.000000	14.961555	6.931472	6.931472	13.862944	13.862944	13.862944	13.862944
4853ac426467bca500aab0e778795bcea2b436d3c635fb9c45639c5164e4fd05	photo	CID22-512px	/home/lilith/work/codec-corpus/CID22/CID22-512/training/144428.png	medium	256	256	256	2349.817627	0.152203	0.253319	0.014422	0.016502	0.278320	0.025391	106.988457	0.175448	1.188524	3620.000000	0.110474	0.010090	0.006980	1.000000	0.111070	0.059270	12.000000	0.121491	4.131025	18.106445	17.212891	0.009766	0.000000	0.000000	0.000000	0.257244	0.037388	0.804415	0.000000	0.000000	80.000000	80.000000	0.000000	0.000000	1.000000	0.000000	8.000000	0.000000	0.006912	3.513201	1.105498	0.055337	0.042051	0.000000	1.000000	1.000000	0.505859	0.110489	19.270144	0.023438	0.080946	0.035373	0.000000	65536.000000	11.090355	256.000000	256.000000	196608.000000	1.000000	0.000000	0.000000	0.000000	0.000000	0.000000	3.000000	3.752620	4.356684	4.740849	4.900465	5.212515	0.203304	0.557821	1.000000	1.000000	0.089130	0.220213	0.452800	0.765558	4.000000	15.000000	35.000000	109.000000	255.000000	0.000000	0.015873	0.063492	0.126984	0.000000	0.015873	0.031746	0.063492	16.000000	4.816480	11.000000	256.000000	12.188967	5.545177	5.545177	11.090355	11.090355	11.090355	11.090355
493a9d6c7f6e9ac7c57f921d202cea6d0c48d31875f56a1e94953cce481ebc08	photo	CID22-512px	/home/lilith/work/codec-corpus/CID22/CID22-512/training/ularapi_Semarang_City_Logo.png	small	64	64	64	8593.418945	0.543210	0.213584	0.034804	0.030988	0.125000	0.062500	84.766838	1.568546	0.494771	428.000000	0.104492	0.275760	0.124230	19.000000	0.737810	0.524390	34.000000	0.299415	3.854705	122.921875	64.828125	0.187500	0.000000	0.000000	0.000000	0.442999	0.232143	0.679504	0.000000	0.000000	80.000000	80.000000	0.000000	0.000000	1.000000	0.000000	8.000000	0.000000	0.588623	4.815022	1.496886	0.139237	0.000000	0.000000	1.000000	1.000000	0.218750	0.029541	62.078968	0.265625	0.291915	0.070437	0.000000	4096.000000	8.317766	64.000000	64.000000	12288.000000	1.000000	0.000000	0.000000	0.000000	0.000000	0.000000	3.000000	5.473157	5.552893	5.637717	5.689590	5.701106	1.000000	1.000000	1.000000	1.000000	0.000000	0.208021	1.000000	1.000000	68.000000	178.000000	255.000000	255.000000	255.000000	0.000000	0.111111	0.349206	0.444444	0.000000	0.000000	0.031746	0.142857	12.000000	3.612360	8.500000	64.000000	9.416378	4.158883	4.158883	8.317766	8.317766	8.317766	8.317766
58664d54e416413055dc41a4da2b7c779c51c0a3ca43a43017ba904fbac027ac	photo	CID22-512px	/home/lilith/work/codec-corpus/CID22/CID22-512/training/160577.png	small	64	64	64	4851.184570	0.419249	0.087001	0.014948	0.010667	0.015625	0.000000	29.637691	0.291728	0.689889	864.000000	0.210938	0.014330	0.012890	0.000000	0.110850	0.082160	17.000000	0.136820	4.692810	70.500000	14.406250	0.000000	0.000000	0.000000	0.000000	0.422535	0.000000	0.997916	0.000000	0.000000	80.000000	80.000000	0.000000	0.000000	1.000000	0.000000	8.000000	0.000000	0.144531	4.762500	0.600817	0.749777	0.072460	0.000000	1.000000	1.000000	0.515625	0.138184	37.531948	0.000000	0.225198	0.031746	0.000000	4096.000000	8.317766	64.000000	64.000000	12288.000000	1.000000	0.000000	0.000000	0.000000	0.000000	0.000000	3.000000	4.886954	5.265172	5.399741	5.443659	5.621427	1.000000	1.000000	1.000000	1.000000	0.127624	0.248127	0.417877	0.552163	17.000000	49.000000	117.000000	235.000000	255.000000	0.079365	0.142857	0.222222	0.301587	0.000000	0.015873	0.031746	0.047619	12.000000	3.612360	8.500000	64.000000	9.416378	4.158883	4.158883	8.317766	8.317766	8.317766	8.317766
493a9d6c7f6e9ac7c57f921d202cea6d0c48d31875f56a1e94953cce481ebc08	photo	CID22-512px	/home/lilith/work/codec-corpus/CID22/CID22-512/training/ularapi_Semarang_City_Logo.png	medium	256	256	256	10561.298828	0.253010	0.228095	0.016420	0.014189	0.371094	0.347656	89.132225	2.179497	0.604324	918.000000	0.028015	0.090290	0.059730	17.000000	0.474720	0.149850	56.000000	0.119646	2.864783	91.083008	29.025391	0.569336	0.000000	0.000000	0.000000	0.582425	0.885324	0.289855	0.000000	0.000000	80.000000	80.000000	0.000000	0.000000	1.000000	0.000000	8.000000	0.000000	0.634476	3.455638	2.559597	0.000000	0.000000	0.000000	1.000000	1.000000	0.336914	0.007965	65.741455	0.571289	0.156328	0.030599	0.000000	65536.000000	11.090355	256.000000	256.000000	196608.000000	1.000000	0.000000	0.000000	0.000000	0.000000	0.000000	3.000000	5.141083	5.652920	5.745378	5.785075	5.822589	0.000000	1.000000	1.000000	1.000000	0.000000	0.000000	0.066074	1.000000	1.000000	49.000000	178.000000	255.000000	255.000000	0.000000	0.000000	0.111111	0.301587	0.000000	0.000000	0.000000	0.000000	16.000000	4.816480	11.000000	256.000000	12.188967	5.545177	5.545177	11.090355	11.090355	11.090355	11.090355
58664d54e416413055dc41a4da2b7c779c51c0a3ca43a43017ba904fbac027ac	photo	CID22-512px	/home/lilith/work/codec-corpus/CID22/CID22-512/training/160577.png	medium	256	256	256	5110.966309	0.118401	0.089217	0.007772	0.006409	0.308594	0.014648	30.489870	0.348632	1.224021	1826.000000	0.055725	0.003750	0.002810	0.000000	0.033080	0.017290	18.000000	0.107233	4.661582	28.791992	7.141602	0.013672	0.000000	0.000000	0.000000	0.200114	0.028460	0.971173	0.000000	0.000000	80.000000	80.000000	0.000000	0.000000	1.000000	0.000000	8.000000	0.000000	0.135300	3.645063	1.119411	0.084377	0.026241	0.000000	1.000000	1.000000	0.673828	0.128189	39.880840	0.043945	0.087922	0.013300	0.000000	65536.000000	11.090355	256.000000	256.000000	196608.000000	1.000000	0.000000	0.000000	0.000000	0.000000	0.000000	3.000000	3.731327	4.474431	5.129338	5.292531	5.566685	0.199040	0.574788	1.000000	1.000000	0.040771	0.086365	0.176678	0.318120	2.000000	8.000000	34.000000	173.000000	255.000000	0.000000	0.015873	0.047619	0.126984	0.000000	0.000000	0.000000	0.015873	16.000000	4.816480	11.000000	256.000000	12.188967	5.545177	5.545177	11.090355	11.090355	11.090355	11.090355
4c425f980eebf5289637b9de52aa18b6d6dbc3b70d48d6acd7c7c42b8e27ff8d	photo	CID22-512px	/home/lilith/work/codec-corpus/CID22/CID22-512/training/1963557.png	small	64	64	64	3277.703369	0.270597	0.234954	0.031080	0.038048	0.000000	0.000000	93.409943	0.138413	0.776171	1066.000000	0.260254	0.082770	0.046300	5.000000	0.712760	0.435330	58.000000	0.089643	4.487535	35.234375	33.875000	0.000000	0.000000	0.000000	0.000000	0.422535	0.000000	0.938416	0.000000	0.000000	80.000000	80.000000	0.000000	0.000000	1.000000	0.000000	8.000000	0.000000	0.008301	4.357359	0.557629	0.428803	0.222660	0.000000	1.000000	1.000000	0.312500	0.066406	32.998310	0.000000	0.134921	0.054067	0.000000	4096.000000	8.317766	64.000000	64.000000	12288.000000	1.000000	0.000000	0.000000	0.000000	0.000000	0.000000	3.000000	4.239524	4.777226	5.200147	5.369753	5.419281	0.626758	0.925506	1.000000	1.000000	0.300574	0.462767	0.895751	1.000000	18.000000	39.000000	75.000000	162.000000	255.000000	0.063492	0.079365	0.111111	0.158730	0.015873	0.031746	0.047619	0.063492	12.000000	3.612360	8.500000	64.000000	9.416378	4.158883	4.158883	8.317766	8.317766	8.317766	8.317766
44576e15457e325fe8c68048806a698e4b3e348338d16c1ba837dcbf860ada6a	photo	clic2025-1024px-resized	/home/lilith/work/codec-corpus/clic2025-1024/eda6d42794b0d0140628fa90fc0c14a7ba88159b8474d0077027c32ee2ddf6f0.png	large	1024	1024	1024	4462.085449	0.270770	0.108480	0.009791	0.008900	0.239990	0.000000	46.282345	2.697915	1.087863	7226.000000	0.220520	0.006310	0.005470	4.000000	0.044760	0.031850	17.000000	0.204507	4.513452	30.939453	8.878906	0.000000	0.000000	0.000000	0.000000	0.422535	0.000000	0.945928	0.000000	0.000000	80.000000	80.000000	0.000000	0.000000	1.000000	0.000000	8.000000	0.000000	0.018414	4.008350	0.889433	0.116216	0.019761	0.000000	1.000000	1.000000	0.222656	0.450903	28.253078	0.000000	0.128271	0.015222	0.000000	1048576.000000	13.862944	1024.000000	1024.000000	3145728.000000	1.000000	0.000000	0.000000	0.000000	0.000000	0.000000	3.000000	4.285445	4.787694	5.030539	5.137536	5.358754	0.208069	0.965184	1.000000	1.000000	0.040770	0.111467	0.238003	0.501348	15.000000	36.000000	80.000000	198.000000	255.000000	0.000000	0.015873	0.111111	0.206349	0.000000	0.000000	0.000000	0.015873	20.000000	6.020600	14.000000	1024.000000	14.961555	6.931472	6.931472	13.862944	13.862944	13.862944	13.862944
59264dcb0d06ec3862d060308bc4f612227871d4a8ef929842d0d91bc1c08613	photo	CID22-512px	/home/lilith/work/codec-corpus/CID22/CID22-512/training/2272939.png	small	64	64	64	2605.978760	0.699672	0.072029	0.020633	0.018773	0.000000	0.000000	31.138956	0.329561	0.528425	750.000000	0.183105	0.020520	0.024100	0.000000	0.160010	0.131640	13.000000	0.240619	4.393979	56.656250	14.546875	0.000000	0.000000	0.000000	0.000000	0.422535	0.000000	0.911298	0.000000	0.000000	80.000000	80.000000	0.000000	0.000000	1.000000	0.000000	8.000000	0.000000	0.093262	4.740674	0.306729	0.840748	0.135182	0.000000	1.000000	1.000000	0.125000	0.636230	22.097906	0.000000	0.257440	0.032490	0.000000	4096.000000	8.317766	64.000000	64.000000	12288.000000	1.000000	0.000000	0.000000	0.000000	0.000000	0.000000	3.000000	4.840376	4.965447	5.097038	5.112541	5.205778	1.000000	1.000000	1.000000	1.000000	0.172587	0.315958	0.369353	0.461750	41.000000	77.000000	117.000000	209.000000	255.000000	0.158730	0.222222	0.269841	0.317460	0.000000	0.015873	0.031746	0.047619	12.000000	3.612360	8.500000	64.000000	9.416378	4.158883	4.158883	8.317766	8.317766	8.317766	8.317766
4c425f980eebf5289637b9de52aa18b6d6dbc3b70d48d6acd7c7c42b8e27ff8d	photo	CID22-512px	/home/lilith/work/codec-corpus/CID22/CID22-512/training/1963557.png	medium	256	256	256	3540.067871	0.277832	0.243228	0.018348	0.022376	0.176758	0.109375	96.247513	0.386013	1.080426	2858.000000	0.087219	0.044450	0.020120	9.000000	0.346300	0.202390	53.000000	0.153049	4.529203	22.291992	23.125977	0.019531	0.000000	0.000000	0.000000	0.422535	0.141741	0.818398	0.000000	0.000000	80.000000	80.000000	0.000000	0.000000	1.000000	0.000000	8.000000	0.000000	0.009888	3.683562	1.195741	0.032004	0.026712	0.000000	1.000000	1.000000	0.182617	0.051971	22.643589	0.041016	0.122303	0.034366	0.000000	65536.000000	11.090355	256.000000	256.000000	196608.000000	1.000000	0.000000	0.000000	0.000000	0.000000	0.000000	3.000000	4.018861	4.307598	4.883531	5.180247	5.440720	0.426719	0.688501	1.000000	1.000000	0.097531	0.264629	0.537841	1.000000	10.000000	33.000000	61.000000	144.000000	255.000000	0.000000	0.063492	0.126984	0.174603	0.000000	0.000000	0.015873	0.047619	16.000000	4.816480	11.000000	256.000000	12.188967	5.545177	5.545177	11.090355	11.090355	11.090355	11.090355
59264dcb0d06ec3862d060308bc4f612227871d4a8ef929842d0d91bc1c08613	photo	CID22-512px	/home/lilith/work/codec-corpus/CID22/CID22-512/training/2272939.png	medium	256	256	256	3223.834717	0.466190	0.080354	0.016152	0.013867	0.013672	0.000000	33.935162	0.889494	0.798167	1927.000000	0.058807	0.014790	0.015710	2.000000	0.093010	0.080230	27.000000	0.196813	4.581047	41.991211	10.048828	0.000000	0.000000	0.000000	0.000000	0.422535	0.000000	0.965521	0.000000	0.000000	80.000000	80.000000	0.000000	0.000000	1.000000	0.000000	8.000000	0.000000	0.095612	4.503072	0.511083	0.550728	0.075697	0.000000	1.000000	1.000000	0.287109	0.599152	25.492098	0.000000	0.189856	0.021391	0.000000	65536.000000	11.090355	256.000000	256.000000	196608.000000	1.000000	0.000000	0.000000	0.000000	0.000000	0.000000	3.000000	4.605477	4.878757	5.068602	5.150842	5.337939	0.902098	1.000000	1.000000	1.000000	0.124140	0.190471	0.309936	0.414716	25.000000	54.000000	96.000000	197.000000	255.000000	0.079365	0.111111	0.190476	0.253968	0.000000	0.000000	0.015873	0.031746	16.000000	4.816480	11.000000	256.000000	12.188967	5.545177	5.545177	11.090355	11.090355	11.090355	11.090355
4c4b302fee5f591cae7eda62f9649a019399aa8ded1116ed16a868fdf4b88439	photo	CID22-512px	/home/lilith/work/codec-corpus/CID22/CID22-512/training/3214023.png	small	64	64	64	3336.250977	0.555304	0.066972	0.011519	0.009918	0.046875	0.000000	22.821411	0.269851	0.601085	777.000000	0.189697	0.011690	0.010560	1.000000	0.065210	0.063170	7.000000	0.204876	4.544260	54.625000	8.765625	0.000000	0.000000	0.000000	0.000000	0.422535	0.000000	0.954858	0.000000	0.000000	80.000000	80.000000	0.000000	0.000000	1.000000	0.000000	8.000000	0.000000	0.177246	4.656601	0.574946	0.694992	0.041706	0.000000	1.000000	1.000000	0.250000	0.105225	24.613701	0.000000	0.234375	0.021329	0.000000	4096.000000	8.317766	64.000000	64.000000	12288.000000	1.000000	0.000000	0.000000	0.000000	0.000000	0.000000	3.000000	4.774562	5.019245	5.142473	5.263212	5.334517	1.000000	1.000000	1.000000	1.000000	0.069185	0.110098	0.294557	0.578971	31.000000	67.000000	109.000000	194.000000	255.000000	0.126984	0.174603	0.238095	0.301587	0.000000	0.000000	0.015873	0.047619	12.000000	3.612360	8.500000	64.000000	9.416378	4.158883	4.158883	8.317766	8.317766	8.317766	8.317766
680003ddef09a61e8604c6f681e27482892f6f1edf3f86c62a03c22e200c534a	photo	clic2025-native	/home/lilith/work/codec-corpus/clic2025/training/d1a9be98d1936065967adac50a6fb750.png	small	256	256	159	2228.465332	0.197343	0.075773	0.006298	0.004713	0.631579	0.264803	29.325506	0.344813	1.255109	657.000000	0.020050	0.004850	0.007090	0.000000	0.019040	0.026350	2.000000	0.339446	3.919835	14.794408	3.238487	0.006579	0.000000	0.000000	0.000000	0.344828	0.308271	0.430152	0.000000	0.000000	80.000000	80.000000	0.000000	0.000000	1.000000	0.000000	8.000000	0.000000	0.740345	2.781858	1.340004	0.034331	0.000000	0.000000	1.000000	1.000000	0.383224	0.221089	21.407661	0.269737	0.067878	0.007754	0.000000	40704.000000	10.614081	159.000000	256.000000	122112.000000	0.621094	0.476273	0.006289	0.006289	0.006289	0.207547	3.000000	2.155290	4.321655	4.748579	4.985063	5.245908	0.053069	0.090488	0.644944	1.000000	0.000000	0.015906	0.077694	0.354024	2.000000	12.000000	67.000000	171.000000	255.000000	0.000000	0.000000	0.000000	0.142857	0.000000	0.000000	0.000000	0.000000	15.312883	4.609637	10.500000	201.752319	11.712694	5.068904	5.545177	10.620351	10.620351	10.620351	10.802672
5b6c609e7aafd797f68349218fa51cc1f46554370c622b59f4d4fa84adaf37a0	photo	CID22-512px	/home/lilith/work/codec-corpus/CID22/CID22-512/training/3004909.png	small	64	64	64	2437.164062	0.401612	0.059004	0.015229	0.012783	0.062500	0.000000	30.397692	0.221095	0.734496	638.000000	0.155762	0.015580	0.013380	0.000000	0.084470	0.055870	7.000000	0.185951	4.200599	46.640625	10.406250	0.000000	0.000000	0.000000	0.000000	0.422535	0.000000	0.855246	0.000000	0.000000	80.000000	80.000000	0.000000	0.000000	1.000000	0.000000	8.000000	0.000000	0.008057	4.388684	0.684900	0.315528	0.098805	0.000000	1.000000	1.000000	0.312500	0.613525	27.797039	0.000000	0.175843	0.023313	0.000000	4096.000000	8.317766	64.000000	64.000000	12288.000000	1.000000	0.000000	0.000000	0.000000	0.000000	0.000000	3.000000	4.631210	4.885331	5.098637	5.278140	5.385090	0.753792	1.000000	1.000000	1.000000	0.142239	0.237805	0.321261	0.402887	16.000000	47.000000	95.000000	211.000000	255.000000	0.031746	0.095238	0.174603	0.253968	0.000000	0.015873	0.015873	0.031746	12.000000	3.612360	8.500000	64.000000	9.416378	4.158883	4.158883	8.317766	8.317766	8.317766	8.317766
4c4b302fee5f591cae7eda62f9649a019399aa8ded1116ed16a868fdf4b88439	photo	CID22-512px	/home/lilith/work/codec-corpus/CID22/CID22-512/training/3214023.png	medium	256	256	256	3704.270020	0.263360	0.068872	0.006031	0.005610	0.123047	0.000000	23.477587	0.426477	0.924979	2057.000000	0.062775	0.002830	0.003930	1.000000	0.014800	0.022490	5.000000	0.135456	4.626412	32.842773	5.149414	0.000000	0.000000	0.000000	0.000000	0.422535	0.000000	0.969984	0.000000	0.000000	80.000000	80.000000	0.000000	0.000000	1.000000	0.000000	8.000000	0.000000	0.153336	4.114499	0.798845	0.195599	0.016015	0.000000	1.000000	1.000000	0.525391	0.102036	26.437025	0.007812	0.121171	0.009828	0.000000	65536.000000	11.090355	256.000000	256.000000	196608.000000	1.000000	0.000000	0.000000	0.000000	0.000000	0.000000	3.000000	4.249431	4.721857	5.067526	5.193763	5.411998	0.435854	0.995614	1.000000	1.000000	0.030044	0.073189	0.150779	0.310935	8.000000	28.000000	65.000000	159.000000	255.000000	0.015873	0.047619	0.111111	0.174603	0.000000	0.000000	0.000000	0.015873	16.000000	4.816480	11.000000	256.000000	12.188967	5.545177	5.545177	11.090355	11.090355	11.090355	11.090355
5b6c609e7aafd797f68349218fa51cc1f46554370c622b59f4d4fa84adaf37a0	photo	CID22-512px	/home/lilith/work/codec-corpus/CID22/CID22-512/training/3004909.png	medium	256	256	256	2826.069092	0.212380	0.063316	0.009299	0.006687	0.300781	0.001953	31.748993	0.582813	1.129449	1534.000000	0.046814	0.008310	0.007320	1.000000	0.030820	0.024390	10.000000	0.202837	4.230888	26.289062	6.124023	0.005859	0.000000	0.000000	0.000000	0.358952	0.007254	0.861667	0.000000	0.000000	80.000000	80.000000	0.000000	0.000000	1.000000	0.000000	8.000000	0.000000	0.012589	3.745874	1.012516	0.104811	0.026533	0.000000	1.000000	1.000000	0.333984	0.572098	34.911205	0.011719	0.101485	0.011610	0.000000	65536.000000	11.090355	256.000000	256.000000	196608.000000	1.000000	0.000000	0.000000	0.000000	0.000000	0.000000	3.000000	3.850875	4.607956	5.007700	5.230130	5.475704	0.193813	0.605438	1.000000	1.000000	0.039973	0.089583	0.209437	0.340522	6.000000	23.000000	68.000000	202.000000	255.000000	0.000000	0.015873	0.063492	0.158730	0.000000	0.000000	0.000000	0.015873	16.000000	4.816480	11.000000	256.000000	12.188967	5.545177	5.545177	11.090355	11.090355	11.090355	11.090355
5b9660ff69edcc854a65bcf3ea1cee57b6c8ee7f0c0c44f9c811bf17dc0a3c64	photo	CID22-512px	/home/lilith/work/codec-corpus/CID22/CID22-512/training/7233401.png	small	64	64	64	2236.739990	0.279415	0.053691	0.007189	0.012528	0.234375	0.000000	22.531849	0.100401	0.958629	478.000000	0.116699	0.003040	0.003340	0.000000	0.062250	0.082070	3.000000	0.148231	3.695583	26.781250	9.531250	0.000000	0.000000	0.000000	0.000000	0.465411	0.000000	0.708865	0.000000	0.000000	80.000000	80.000000	0.000000	0.000000	1.000000	0.000000	8.000000	0.000000	0.160889	3.908383	1.017808	0.075005	0.017816	0.000000	1.000000	1.000000	0.484375	0.241943	20.396772	0.000000	0.132192	0.020833	0.000000	4096.000000	8.317766	64.000000	64.000000	12288.000000	1.000000	0.000000	0.000000	0.000000	0.000000	0.000000	3.000000	4.242476	4.589735	4.926417	5.081467	5.417237	0.470577	0.946995	1.000000	1.000000	0.024873	0.252764	0.376412	0.469301	9.000000	31.000000	64.000000	148.000000	232.000000	0.000000	0.079365	0.142857	0.190476	0.000000	0.000000	0.015873	0.031746	12.000000	3.612360	8.500000	64.000000	9.416378	4.158883	4.158883	8.317766	8.317766	8.317766	8.317766
5b9660ff69edcc854a65bcf3ea1cee57b6c8ee7f0c0c44f9c811bf17dc0a3c64	photo	CID22-512px	/home/lilith/work/codec-corpus/CID22/CID22-512/training/7233401.png	medium	256	256	256	2308.529785	0.078201	0.055376	0.004310	0.006115	0.446289	0.226562	23.160877	0.071498	1.498669	1176.000000	0.035889	0.000940	0.000990	0.000000	0.013790	0.016950	3.000000	0.075364	3.688593	12.409180	5.030273	0.003906	0.000000	0.000000	0.000000	0.176030	0.262277	0.395156	0.000000	0.000000	80.000000	80.000000	0.000000	0.000000	1.000000	0.000000	8.000000	0.000000	0.174072	2.951195	1.284599	0.021466	0.012575	0.000000	1.000000	1.000000	0.474609	0.245514	17.861977	0.002930	0.052006	0.011068	0.000000	65536.000000	11.090355	256.000000	256.000000	196608.000000	1.000000	0.000000	0.000000	0.000000	0.000000	0.000000	3.000000	3.311740	4.039488	4.529935	4.731616	5.163223	0.038496	0.350684	0.809029	1.000000	0.018567	0.078898	0.198876	0.344464	2.000000	7.000000	19.000000	73.000000	246.000000	0.000000	0.000000	0.031746	0.079365	0.000000	0.000000	0.000000	0.015873	16.000000	4.816480	11.000000	256.000000	12.188967	5.545177	5.545177	11.090355	11.090355	11.090355	11.090355
5d1fc759dd572a4431d1c866778b7c5ce560b984232d01bfa0fc031024fb383c	photo	CID22-512px	/home/lilith/work/codec-corpus/CID22/CID22-512/training/4843579.png	small	64	64	64	4701.620117	0.605190	0.087519	0.019140	0.019323	0.015625	0.000000	38.941189	0.313283	0.780682	616.000000	0.150391	0.021720	0.023300	1.000000	0.163240	0.108410	20.000000	0.328318	4.553919	44.812500	12.687500	0.000000	0.000000	0.000000	0.000000	0.422535	0.000000	0.957658	0.000000	0.000000	80.000000	80.000000	0.000000	0.000000	1.000000	0.000000	8.000000	0.000000	0.077881	4.563486	0.455920	0.593428	0.087394	0.000000	1.000000	1.000000	0.062500	0.593994	24.132553	0.000000	0.233879	0.025546	0.000000	4096.000000	8.317766	64.000000	64.000000	12288.000000	1.000000	0.000000	0.000000	0.000000	0.000000	0.000000	3.000000	4.656988	4.869491	5.019727	5.200462	5.446411	0.848607	1.000000	1.000000	1.000000	0.145730	0.220288	0.375982	0.674191	37.000000	73.000000	112.000000	221.000000	255.000000	0.111111	0.158730	0.238095	0.301587	0.000000	0.000000	0.015873	0.031746	12.000000	3.612360	8.500000	64.000000	9.416378	4.158883	4.158883	8.317766	8.317766	8.317766	8.317766
5d1fc759dd572a4431d1c866778b7c5ce560b984232d01bfa0fc031024fb383c	photo	CID22-512px	/home/lilith/work/codec-corpus/CID22/CID22-512/training/4843579.png	medium	256	256	256	5294.362793	0.383514	0.093737	0.013236	0.011011	0.064453	0.000000	40.955990	0.936473	0.916948	1732.000000	0.052856	0.012670	0.017870	5.000000	0.055620	0.073940	23.000000	0.279138	4.495453	37.096680	10.205078	0.000000	0.000000	0.000000	0.000000	0.422535	0.000000	0.940711	0.000000	0.000000	80.000000	80.000000	0.000000	0.000000	1.000000	0.000000	8.000000	0.000000	0.051010	4.326858	0.713188	0.294741	0.065230	0.000000	1.000000	1.000000	0.206055	0.568344	30.466005	0.000000	0.177703	0.019655	0.000000	65536.000000	11.090355	256.000000	256.000000	196608.000000	1.000000	0.000000	0.000000	0.000000	0.000000	0.000000	3.000000	4.464445	4.798386	5.074555	5.264972	5.393507	0.732447	1.000000	1.000000	1.000000	0.110548	0.181123	0.272203	0.456763	20.000000	49.000000	94.000000	231.000000	255.000000	0.031746	0.095238	0.174603	0.253968	0.000000	0.000000	0.015873	0.031746	16.000000	4.816480	11.000000	256.000000	12.188967	5.545177	5.545177	11.090355	11.090355	11.090355	11.090355
5dcdc26d02adf087826a0eccb0392b2ef4534e3146ccdedfc83285a758105336	mixed	kadid10k-distortion-set	/home/lilith/work/codec-corpus/kadid10k/I39.png	tiny	64	64	48	3767.540283	0.641675	0.121102	0.036067	0.045302	0.000000	0.000000	57.241009	0.564066	0.587228	868.000000	0.282552	0.079450	0.039170	2.000000	0.748370	0.343630	17.000000	0.368733	4.337763	71.583336	27.770834	0.000000	0.000000	0.000000	0.000000	0.422535	0.000000	0.895004	0.000000	0.000000	80.000000	80.000000	0.000000	0.000000	1.000000	0.000000	8.000000	0.000000	0.155924	4.796288	0.498173	0.608608	0.161823	0.000000	1.000000	1.000000	0.062500	0.622070	38.594734	0.000000	0.308862	0.058201	0.000000	3072.000000	8.030084	48.000000	64.000000	9216.000000	0.750000	0.287682	0.000000	0.000000	0.333333	0.333333	3.000000	5.056327	5.168273	5.288432	5.319263	5.452054	1.000000	1.000000	1.000000	1.000000	0.349855	0.495219	0.734368	0.983895	44.000000	100.000000	173.000000	255.000000	255.000000	0.126984	0.206349	0.317460	0.428571	0.015873	0.031746	0.063492	0.095238	11.584963	3.487421	8.000000	55.425625	9.128696	3.871201	4.158883	8.030084	8.030084	8.317766	8.317766
5dcdc26d02adf087826a0eccb0392b2ef4534e3146ccdedfc83285a758105336	mixed	kadid10k-distortion-set	/home/lilith/work/codec-corpus/kadid10k/I39.png	small	256	256	192	4565.029297	0.400595	0.130211	0.018615	0.023593	0.095052	0.050781	60.370407	0.765725	0.897417	2183.000000	0.066620	0.015190	0.006900	0.000000	0.153110	0.063340	8.000000	0.127208	4.306217	53.493488	20.730469	0.024740	0.000000	0.000000	0.000000	0.422535	0.079241	0.824530	0.000000	0.000000	80.000000	80.000000	0.000000	0.000000	1.000000	0.000000	8.000000	0.000000	0.187988	4.317093	1.162795	0.258149	0.050137	0.000000	1.000000	1.000000	0.303385	0.552104	34.135227	0.020833	0.185330	0.039724	0.000000	49152.000000	10.802672	192.000000	256.000000	147456.000000	0.750000	0.287682	0.000000	0.000000	0.000000	0.000000	3.000000	4.566195	5.063975	5.358332	5.472601	5.644872	0.721782	1.000000	1.000000	1.000000	0.151138	0.381770	0.672141	0.927330	20.000000	49.000000	94.000000	215.000000	255.000000	0.015873	0.111111	0.190476	0.253968	0.000000	0.015873	0.031746	0.063492	15.584963	4.691541	11.000000	221.702499	11.901285	5.257495	5.545177	10.802672	10.802672	10.802672	10.802672
5dea5d5c88af5d70616ce225ab1524481577f004bcf9e31ff888d3a552e85366	mixed	kadid10k-distortion-set	/home/lilith/work/codec-corpus/kadid10k/I26.png	tiny	64	64	48	1584.564331	0.560959	0.120152	0.036002	0.017344	0.000000	0.000000	46.599373	0.302799	0.894843	639.000000	0.208008	0.072190	0.127980	3.000000	0.127070	0.221740	5.000000	0.374726	3.802122	42.604168	21.208334	0.000000	0.000000	0.000000	0.000000	0.450405	0.000000	0.739745	0.000000	0.000000	80.000000	80.000000	0.000000	0.000000	1.000000	0.000000	8.000000	0.000000	0.087240	4.533648	0.411667	0.607930	0.080012	0.000000	1.000000	1.000000	0.020833	0.115234	29.167198	0.000000	0.251984	0.050595	0.000000	3072.000000	8.030084	48.000000	64.000000	9216.000000	0.750000	0.287682	0.000000	0.000000	0.333333	0.333333	3.000000	4.498660	4.757277	5.153006	5.247084	5.577792	0.853577	1.000000	1.000000	1.000000	0.172501	0.462547	0.691882	0.875075	31.000000	64.000000	117.000000	255.000000	255.000000	0.142857	0.206349	0.238095	0.301587	0.000000	0.015873	0.047619	0.079365	11.584963	3.487421	8.000000	55.425625	9.128696	3.871201	4.158883	8.030084	8.030084	8.317766	8.317766
5dea5d5c88af5d70616ce225ab1524481577f004bcf9e31ff888d3a552e85366	mixed	kadid10k-distortion-set	/home/lilith/work/codec-corpus/kadid10k/I26.png	small	256	256	192	1980.780640	0.239975	0.123001	0.012905	0.006924	0.085938	0.000000	47.500553	0.582740	1.049007	2081.000000	0.063507	0.004550	0.009650	1.000000	0.008570	0.019420	2.000000	0.201249	3.902455	33.269531	13.348958	0.002604	0.000000	0.000000	0.000000	0.419331	0.002232	0.768828	0.000000	0.000000	80.000000	80.000000	0.000000	0.000000	1.000000	0.000000	8.000000	0.000000	0.091593	4.134210	0.720213	0.289768	0.060767	0.000000	1.000000	1.000000	0.615885	0.115560	35.429688	0.002604	0.132875	0.026558	0.000000	49152.000000	10.802672	192.000000	256.000000	147456.000000	0.750000	0.287682	0.000000	0.000000	0.000000	0.000000	3.000000	4.192400	4.676841	5.064940	5.298845	5.519821	0.472141	0.917702	1.000000	1.000000	0.098628	0.174243	0.414791	0.769301	7.000000	22.000000	71.000000	227.000000	255.000000	0.031746	0.047619	0.095238	0.190476	0.000000	0.000000	0.015873	0.047619	15.584963	4.691541	11.000000	221.702499	11.901285	5.257495	5.545177	10.802672	10.802672	10.802672	10.802672
5ec00f6446a350a998f0bddb4674447ec771d9815328b353921377d19cab1ac7	mixed	kadid10k-distortion-set	/home/lilith/work/codec-corpus/kadid10k/I03.png	tiny	64	64	48	1692.570312	0.692671	0.297730	0.118324	0.047980	0.041667	0.000000	99.000572	0.540969	0.488575	1783.000000	0.580404	0.602360	0.740890	12.000000	0.619700	0.672640	12.000000	0.625394	3.921123	49.000000	119.729164	0.000000	0.000000	0.000000	0.000000	0.433645	0.000000	0.774239	0.000000	0.000000	80.000000	80.000000	0.000000	0.000000	1.000000	0.000000	8.000000	0.000000	0.000326	4.604513	0.652488	0.276765	0.691471	0.000000	1.000000	1.000000	0.000000	0.122721	29.299002	0.000000	0.295304	0.170966	0.000000	3072.000000	8.030084	48.000000	64.000000	9216.000000	0.750000	0.287682	0.000000	0.000000	0.333333	0.333333	3.000000	4.808081	4.964824	5.079984	5.083210	5.127004	1.000000	1.000000	1.000000	1.000000	0.875071	1.000000	1.000000	1.000000	52.000000	105.000000	168.000000	255.000000	255.000000	0.079365	0.238095	0.317460	0.396825	0.095238	0.142857	0.158730	0.206349	11.584963	3.487421	8.000000	55.425625	9.128696	3.871201	4.158883	8.030084	8.030084	8.317766	8.317766
5ec00f6446a350a998f0bddb4674447ec771d9815328b353921377d19cab1ac7	mixed	kadid10k-distortion-set	/home/lilith/work/codec-corpus/kadid10k/I03.png	small	256	256	192	2460.761719	0.430613	0.313909	0.050501	0.021301	0.132812	0.071615	103.614052	1.067704	0.754771	6730.000000	0.205383	0.080240	0.100220	5.000000	0.092420	0.104330	7.000000	0.249433	4.148932	51.337238	62.229168	0.009115	0.000000	0.000000	0.000000	0.422535	0.089658	0.753779	0.000000	0.000000	80.000000	80.000000	0.000000	0.000000	1.000000	0.000000	8.000000	0.000000	0.003764	4.258984	1.237601	0.052980	0.040193	0.000000	1.000000	1.000000	0.194010	0.117086	32.060230	0.013021	0.214430	0.084739	0.000000	49152.000000	10.802672	192.000000	256.000000	147456.000000	0.750000	0.287682	0.000000	0.000000	0.000000	0.000000	3.000000	4.748166	5.017589	5.194041	5.283957	5.410573	0.761465	1.000000	1.000000	1.000000	0.505205	0.900915	1.000000	1.000000	19.000000	59.000000	116.000000	248.000000	255.000000	0.000000	0.126984	0.222222	0.317460	0.000000	0.063492	0.095238	0.111111	15.584963	4.691541	11.000000	221.702499	11.901285	5.257495	5.545177	10.802672	10.802672	10.802672	10.802672
680003ddef09a61e8604c6f681e27482892f6f1edf3f86c62a03c22e200c534a	photo	clic2025-native	/home/lilith/work/codec-corpus/clic2025/training/d1a9be98d1936065967adac50a6fb750.png	medium	1024	1024	635	2266.916260	0.110455	0.075564	0.003691	0.002720	0.703619	0.517108	29.113625	0.326070	1.519562	1217.000000	0.037140	0.001360	0.001250	0.000000	0.005370	0.005490	2.000000	0.122487	3.920204	9.772242	1.886121	0.008007	0.000000	0.000000	0.000000	0.197923	0.578292	0.276664	0.000000	0.000000	80.000000	80.000000	0.000000	0.000000	1.000000	0.000000	8.000000	0.000000	0.741720	2.266523	1.441059	0.014649	0.000000	0.000000	1.000000	1.000000	0.208185	0.209862	15.201743	0.047153	0.046080	0.004406	0.000000	650240.000000	13.385097	635.000000	1024.000000	1950720.000000	0.620117	0.477847	0.007874	0.007874	0.007874	0.007874	3.000000	1.496367	3.675956	4.655503	4.799664	5.010096	0.021537	0.038531	0.530285	1.000000	0.000000	0.012921	0.049859	0.225202	1.000000	4.000000	24.000000	93.000000	255.000000	0.000000	0.000000	0.000000	0.063492	0.000000	0.000000	0.000000	0.000000	19.310614	5.813074	13.500000	806.374573	14.483709	6.453625	6.931472	13.392940	13.392940	13.392940	13.392940
6866cd5068686b4f4920de8cc77d9790f87db7894b5727bf015dc10f59265875	photo	clic2025-native	/home/lilith/work/codec-corpus/clic2025/training/5dbdb989cf026f7ab3dd7167d7fc0fe2.png	tiny	64	43	64	1225.782471	0.726379	0.123126	0.067291	0.047610	0.000000	0.000000	49.219582	0.307347	0.468480	931.000000	0.338299	0.234120	0.245240	6.000000	0.860480	0.665490	27.000000	0.492734	3.855653	39.474998	33.000000	0.000000	0.000000	0.000000	0.000000	0.442866	0.000000	0.755262	0.000000	0.000000	80.000000	80.000000	0.000000	0.000000	1.000000	0.000000	8.000000	0.000000	0.020349	4.672044	0.122792	1.000000	0.411586	0.000000	1.000000	1.000000	0.025000	0.685320	21.282133	0.000000	0.271032	0.074206	0.000000	2752.000000	7.920083	43.000000	64.000000	8256.000000	0.671875	0.397683	0.116279	0.116279	0.488372	0.488372	3.000000	4.683928	4.741726	4.808321	4.877434	4.977172	1.000000	1.000000	1.000000	1.000000	0.460729	0.569265	0.653182	0.786320	46.000000	83.000000	123.000000	218.000000	255.000000	0.222222	0.253968	0.269841	0.285714	0.047619	0.063492	0.079365	0.095238	11.426265	3.439648	8.000000	52.459507	9.018696	3.761200	4.158883	8.030084	8.030084	8.317766	8.317766
4ce7ff45f98595f3c7d782e2e6abd97bacb88f284ffe170dbe33a25bcca62082	photo	gb82-photos	/home/lilith/work/codec-corpus/gb82/night-lossless.png	small	64	64	64	3149.499512	0.327538	0.001958	0.000861	0.000516	0.171875	0.156250	0.679010	0.168146	0.932370	58.000000	0.014160	0.000080	0.000080	0.000000	0.000260	0.000220	0.000000	0.183951	3.340046	32.265625	0.000000	0.000000	0.000000	0.000000	0.000000	0.821653	0.178571	0.206873	8.000000	1.000000	80.000000	80.000000	0.000000	0.000000	1.000000	0.000000	8.000000	0.000000	1.000000	3.894779	1.254972	0.032415	0.000000	0.000000	1.000000	1.000000	0.187500	0.000000	27.766592	0.000000	0.149802	0.000000	0.000000	4096.000000	8.317766	64.000000	64.000000	12288.000000	1.000000	0.000000	0.000000	0.000000	0.000000	0.000000	3.000000	4.265837	4.743795	5.118857	5.231497	5.520424	0.472817	0.895878	1.000000	1.000000	0.000000	0.000000	0.008402	0.016235	14.000000	44.000000	85.000000	182.000000	255.000000	0.000000	0.063492	0.142857	0.222222	0.000000	0.000000	0.000000	0.000000	12.000000	3.612360	8.500000	64.000000	9.416378	4.158883	4.158883	8.317766	8.317766	8.317766	8.317766
4f1f079b6df07baa8dc055f79491caee90d1a1a21ead5ef590dc13d821147766	photo	CID22-512px	/home/lilith/work/codec-corpus/CID22/CID22-512/training/1618269.png	small	64	64	64	4142.611816	0.555304	0.131684	0.030587	0.029933	0.000000	0.000000	48.168304	0.542465	0.702759	1311.000000	0.320068	0.053090	0.051530	1.000000	0.596420	0.331570	40.000000	0.232246	4.592782	90.671875	32.718750	0.000000	0.000000	0.000000	0.000000	0.422535	0.000000	0.968922	0.000000	0.000000	80.000000	80.000000	0.000000	0.000000	1.000000	0.000000	8.000000	0.000000	0.061279	4.842626	0.585498	0.466029	0.107283	0.000000	1.000000	1.000000	0.203125	0.150879	39.698296	0.000000	0.281250	0.065476	0.000000	4096.000000	8.317766	64.000000	64.000000	12288.000000	1.000000	0.000000	0.000000	0.000000	0.000000	0.000000	3.000000	5.068678	5.249482	5.354874	5.498641	5.693944	1.000000	1.000000	1.000000	1.000000	0.228495	0.429411	0.743827	1.000000	35.000000	82.000000	150.000000	255.000000	255.000000	0.079365	0.190476	0.317460	0.380952	0.000000	0.031746	0.063492	0.095238	12.000000	3.612360	8.500000	64.000000	9.416378	4.158883	4.158883	8.317766	8.317766	8.317766	8.317766
4c50810f6b7032d617447f313a696712654ddad679df0e693a22e849d0d2ab4d	photo	clic2025-native	/home/lilith/work/codec-corpus/clic2025/final-test/8426ed2245c791232862b0a0b2a62a1f17031e8e6e38921fe939df0b3a05ac41.png	small	64	64	64	2402.057861	0.189468	0.074098	0.007412	0.006866	0.203125	0.000000	29.169077	0.050806	0.889351	356.000000	0.086914	0.004310	0.002200	0.000000	0.026080	0.014600	1.000000	0.088398	4.129562	25.406250	5.984375	0.000000	0.000000	0.000000	0.000000	0.320228	0.000000	0.834656	0.000000	0.000000	80.000000	80.000000	0.000000	0.000000	1.000000	0.000000	8.000000	0.000000	0.608154	3.818502	0.888367	0.176121	0.010950	0.000000	1.000000	1.000000	0.765625	0.238281	18.637577	0.140625	0.104167	0.013145	0.000000	4096.000000	8.317766	64.000000	64.000000	12288.000000	1.000000	0.000000	0.000000	0.000000	0.000000	0.000000	3.000000	3.702323	4.644947	4.917047	5.141404	5.291491	0.297748	0.531854	1.000000	1.000000	0.016290	0.039270	0.277117	0.414841	1.000000	16.000000	45.000000	111.000000	222.000000	0.015873	0.015873	0.111111	0.174603	0.000000	0.000000	0.000000	0.031746	12.000000	3.612360	8.500000	64.000000	9.416378	4.158883	4.158883	8.317766	8.317766	8.317766	8.317766
4f1f079b6df07baa8dc055f79491caee90d1a1a21ead5ef590dc13d821147766	photo	CID22-512px	/home/lilith/work/codec-corpus/CID22/CID22-512/training/1618269.png	medium	256	256	256	4621.376953	0.237570	0.140721	0.016328	0.017966	0.144531	0.000000	51.443596	0.627970	1.014513	4274.000000	0.130432	0.017510	0.018150	1.000000	0.243070	0.163520	32.000000	0.132314	4.611662	42.721680	20.901367	0.000000	0.000000	0.000000	0.000000	0.401527	0.000000	0.974395	0.000000	0.000000	80.000000	80.000000	0.000000	0.000000	1.000000	0.000000	8.000000	0.000000	0.072952	4.164023	0.891319	0.188989	0.055397	0.000000	1.000000	1.000000	0.530273	0.142792	36.969585	0.000000	0.145554	0.034319	0.000000	65536.000000	11.090355	256.000000	256.000000	196608.000000	1.000000	0.000000	0.000000	0.000000	0.000000	0.000000	3.000000	4.262848	4.924951	5.269855	5.392095	5.583818	0.399721	1.000000	1.000000	1.000000	0.087719	0.197712	0.421436	0.889971	8.000000	26.000000	72.000000	212.000000	255.000000	0.015873	0.047619	0.111111	0.238095	0.000000	0.000000	0.015873	0.047619	16.000000	4.816480	11.000000	256.000000	12.188967	5.545177	5.545177	11.090355	11.090355	11.090355	11.090355
4ce7ff45f98595f3c7d782e2e6abd97bacb88f284ffe170dbe33a25bcca62082	photo	gb82-photos	/home/lilith/work/codec-corpus/gb82/night-lossless.png	medium	256	256	256	3469.558105	0.241984	0.002375	0.000809	0.000469	0.320312	0.166992	0.807106	0.383906	1.190169	124.000000	0.003784	0.000080	0.000090	0.000000	0.000230	0.000240	0.000000	0.164161	3.205925	21.910156	0.000000	0.007812	0.000000	0.000000	0.000000	0.835398	0.197545	0.191497	8.000000	1.000000	80.000000	80.000000	0.000000	0.000000	1.000000	0.000000	8.000000	0.000000	1.000000	3.415045	1.333599	0.027039	0.000000	0.000000	1.000000	1.000000	0.185547	0.000000	26.398968	0.009766	0.100586	0.000000	0.000000	65536.000000	11.090355	256.000000	256.000000	196608.000000	1.000000	0.000000	0.000000	0.000000	0.000000	0.000000	3.000000	3.844212	4.418226	4.848648	5.105377	5.527606	0.076900	0.561091	1.000000	1.000000	0.000000	0.003403	0.010905	0.018857	8.000000	29.000000	59.000000	150.000000	255.000000	0.000000	0.000000	0.079365	0.158730	0.000000	0.000000	0.000000	0.000000	16.000000	4.816480	11.000000	256.000000	12.188967	5.545177	5.545177	11.090355	11.090355	11.090355	11.090355
4f35f46b9029e963fd49d24ab1fd0235234e037caf436a2e241e35aa418102b6	photo	CID22-512px	/home/lilith/work/codec-corpus/CID22/CID22-512/training/110472.png	small	64	64	64	4388.400391	0.381204	0.268402	0.055111	0.037725	0.015625	0.000000	100.195114	0.161758	0.744342	2158.000000	0.526855	0.238300	0.164000	10.000000	0.610400	0.726600	35.000000	0.127274	4.528975	51.703125	79.156250	0.000000	0.000000	0.000000	0.000000	0.422535	0.000000	0.950427	0.000000	0.000000	80.000000	80.000000	0.000000	0.000000	1.000000	0.000000	8.000000	0.000000	0.005371	4.532309	0.592772	0.550539	0.238908	0.000000	1.000000	1.000000	0.437500	0.206787	26.517889	0.000000	0.194692	0.095238	0.000000	4096.000000	8.317766	64.000000	64.000000	12288.000000	1.000000	0.000000	0.000000	0.000000	0.000000	0.000000	3.000000	4.657560	4.919279	5.260989	5.318762	5.478224	0.935863	1.000000	1.000000	1.000000	0.477860	0.777526	1.000000	1.000000	16.000000	43.000000	80.000000	180.000000	255.000000	0.079365	0.126984	0.190476	0.269841	0.015873	0.063492	0.095238	0.126984	12.000000	3.612360	8.500000	64.000000	9.416378	4.158883	4.158883	8.317766	8.317766	8.317766	8.317766
4f35f46b9029e963fd49d24ab1fd0235234e037caf436a2e241e35aa418102b6	photo	CID22-512px	/home/lilith/work/codec-corpus/CID22/CID22-512/training/110472.png	medium	256	256	256	4527.877441	0.130719	0.276479	0.023054	0.016002	0.274414	0.004883	102.785057	0.153681	1.186979	8316.000000	0.253784	0.057420	0.041530	10.000000	0.134620	0.106620	26.000000	0.078170	4.528791	20.649414	34.037109	0.000000	0.000000	0.000000	0.000000	0.220933	0.005580	0.944477	0.000000	0.000000	80.000000	80.000000	0.000000	0.000000	1.000000	0.000000	8.000000	0.000000	0.005798	3.636685	0.915780	0.115135	0.072572	0.000000	1.000000	1.000000	0.688477	0.192032	22.031706	0.020508	0.078730	0.046937	0.000000	65536.000000	11.090355	256.000000	256.000000	196608.000000	1.000000	0.000000	0.000000	0.000000	0.000000	0.000000	3.000000	3.690971	4.366960	4.812900	5.014433	5.298905	0.242636	0.521676	1.000000	1.000000	0.145563	0.287900	0.593456	1.000000	3.000000	11.000000	31.000000	109.000000	255.000000	0.000000	0.015873	0.047619	0.126984	0.000000	0.015873	0.031746	0.063492	16.000000	4.816480	11.000000	256.000000	12.188967	5.545177	5.545177	11.090355	11.090355	11.090355	11.090355
4eb79a990611369371d79487e4dbb40ce5c53e08aa3149bcc8e15ebe68c5ab11	photo	gb82-photos	/home/lilith/work/codec-corpus/gb82/prudential-lossless.png	small	64	64	64	952.538086	0.133535	0.089428	0.014035	0.006601	0.390625	0.000000	29.841272	0.086143	1.000180	331.000000	0.080811	0.022760	0.020110	1.000000	0.022070	0.027170	2.000000	0.215563	2.944195	15.609375	7.468750	0.000000	0.000000	0.000000	0.000000	0.374398	0.000000	0.652174	0.000000	0.000000	80.000000	80.000000	0.000000	0.000000	1.000000	0.000000	8.000000	0.000000	0.104736	3.435016	0.971815	0.096817	0.039732	0.000000	1.000000	1.000000	0.281250	0.058594	34.090096	0.031250	0.089534	0.018849	0.000000	4096.000000	8.317766	64.000000	64.000000	12288.000000	1.000000	0.000000	0.000000	0.000000	0.000000	0.000000	3.000000	3.356934	4.514734	4.790908	4.954228	5.252210	0.142449	0.313645	1.000000	1.000000	0.058393	0.110390	0.332987	0.452014	3.000000	13.000000	37.000000	157.000000	255.000000	0.000000	0.000000	0.031746	0.158730	0.000000	0.000000	0.000000	0.031746	12.000000	3.612360	8.500000	64.000000	9.416378	4.158883	4.158883	8.317766	8.317766	8.317766	8.317766
4eb79a990611369371d79487e4dbb40ce5c53e08aa3149bcc8e15ebe68c5ab11	photo	gb82-photos	/home/lilith/work/codec-corpus/gb82/prudential-lossless.png	medium	256	256	256	1086.703125	0.077893	0.093587	0.010865	0.005803	0.666992	0.000000	31.111435	0.177414	1.525542	1341.000000	0.040924	0.009080	0.011950	3.000000	0.012840	0.018810	4.000000	0.162810	2.950591	10.372070	4.987305	0.005859	0.000000	0.000000	0.000000	0.279454	0.005022	0.652174	0.000000	0.000000	80.000000	80.000000	0.000000	0.000000	1.000000	0.000000	8.000000	0.000000	0.102356	2.705637	1.130609	0.025261	0.029411	0.000000	1.000000	1.000000	0.172852	0.047668	33.656643	0.002930	0.048038	0.010091	0.000000	65536.000000	11.090355	256.000000	256.000000	196608.000000	1.000000	0.000000	0.000000	0.000000	0.000000	0.000000	3.000000	2.521138	3.497998	4.402584	4.920846	5.429813	0.044695	0.127213	0.383199	1.000000	0.037921	0.051433	0.112990	0.353651	2.000000	6.000000	23.000000	121.000000	255.000000	0.000000	0.000000	0.000000	0.047619	0.000000	0.000000	0.000000	0.015873	16.000000	4.816480	11.000000	256.000000	12.188967	5.545177	5.545177	11.090355	11.090355	11.090355	11.090355
6866cd5068686b4f4920de8cc77d9790f87db7894b5727bf015dc10f59265875	photo	clic2025-native	/home/lilith/work/codec-corpus/clic2025/training/5dbdb989cf026f7ab3dd7167d7fc0fe2.png	small	256	171	256	1920.660278	0.574671	0.149431	0.035727	0.024871	0.000000	0.000000	57.498844	0.938032	0.744271	3678.000000	0.112244	0.102380	0.093190	6.000000	0.295260	0.289610	29.000000	0.279266	4.113676	45.244049	37.360119	0.000000	0.000000	0.000000	0.000000	0.422535	0.000000	0.830051	0.000000	0.000000	80.000000	80.000000	0.000000	0.000000	1.000000	0.000000	8.000000	0.000000	0.037144	4.640760	0.323524	0.766868	0.118820	0.000000	1.000000	1.000000	0.056548	0.609329	23.785686	0.000000	0.247992	0.070531	0.000000	43776.000000	10.686841	171.000000	256.000000	131328.000000	0.667969	0.403514	0.029240	0.029240	0.122807	0.122807	3.000000	4.725381	4.874023	4.991550	5.073895	5.194479	1.000000	1.000000	1.000000	1.000000	0.229580	0.533773	0.924139	1.000000	35.000000	68.000000	111.000000	206.000000	255.000000	0.142857	0.206349	0.253968	0.301587	0.000000	0.015873	0.079365	0.111111	15.417852	4.641236	10.500000	209.227142	11.785453	5.141664	5.545177	10.715661	10.715661	10.802672	10.802672
4c50810f6b7032d617447f313a696712654ddad679df0e693a22e849d0d2ab4d	photo	clic2025-native	/home/lilith/work/codec-corpus/clic2025/final-test/8426ed2245c791232862b0a0b2a62a1f17031e8e6e38921fe939df0b3a05ac41.png	medium	256	256	256	2432.258789	0.049919	0.074601	0.004699	0.003863	0.649414	0.016602	29.335951	0.040381	1.279914	773.000000	0.023590	0.001190	0.001160	0.000000	0.005270	0.004930	1.000000	0.066975	4.187290	8.281250	2.027344	0.005859	0.000000	0.000000	0.000000	0.084371	0.023996	0.748291	0.000000	0.000000	80.000000	80.000000	0.000000	0.000000	1.000000	0.000000	8.000000	0.000000	0.571457	2.692342	1.066312	0.043980	0.014420	0.000000	1.000000	1.000000	0.555664	0.234116	13.796736	0.079102	0.032056	0.003968	0.000000	65536.000000	11.090355	256.000000	256.000000	196608.000000	1.000000	0.000000	0.000000	0.000000	0.000000	0.000000	3.000000	2.169481	3.624525	4.380912	4.654560	4.955779	0.066839	0.093171	0.495421	1.000000	0.019548	0.026009	0.074450	0.175565	1.000000	4.000000	14.000000	54.000000	255.000000	0.000000	0.000000	0.000000	0.047619	0.000000	0.000000	0.000000	0.000000	16.000000	4.816480	11.000000	256.000000	12.188967	5.545177	5.545177	11.090355	11.090355	11.090355	11.090355
6866cd5068686b4f4920de8cc77d9790f87db7894b5727bf015dc10f59265875	photo	clic2025-native	/home/lilith/work/codec-corpus/clic2025/training/5dbdb989cf026f7ab3dd7167d7fc0fe2.png	medium	1024	683	1024	2254.103271	0.294478	0.156835	0.016123	0.011692	0.027574	0.000460	59.858925	1.399646	1.006352	7849.000000	0.239532	0.025480	0.023480	4.000000	0.075850	0.076650	19.000000	0.145747	4.190323	29.702206	18.754595	0.000000	0.000000	0.000000	0.000000	0.422535	0.000525	0.851713	0.000000	0.000000	80.000000	80.000000	0.000000	0.000000	1.000000	0.000000	8.000000	0.000000	0.044017	4.212577	0.596515	0.368235	0.041814	0.000000	1.000000	1.000000	0.302390	0.578058	21.544689	0.000000	0.143864	0.029222	0.000000	699392.000000	13.457967	683.000000	1024.000000	2098176.000000	0.666992	0.404977	0.007321	0.007321	0.030747	0.030747	3.000000	4.205982	4.710815	4.965502	5.064244	5.211299	0.596211	0.939193	1.000000	1.000000	0.067341	0.141888	0.487762	0.985383	16.000000	34.000000	65.000000	147.000000	255.000000	0.047619	0.079365	0.126984	0.206349	0.000000	0.000000	0.015873	0.047619	19.415741	5.844721	13.500000	836.296570	14.556579	6.526495	6.931472	13.465261	13.465261	13.488250	13.488250
4c50810f6b7032d617447f313a696712654ddad679df0e693a22e849d0d2ab4d	photo	clic2025-native	/home/lilith/work/codec-corpus/clic2025/final-test/8426ed2245c791232862b0a0b2a62a1f17031e8e6e38921fe939df0b3a05ac41.png	large	1024	1024	1024	2454.125732	0.010781	0.074786	0.002948	0.002222	0.810181	0.005737	29.405441	0.064489	1.983690	1393.000000	0.042511	0.000370	0.000590	0.000000	0.001450	0.002220	0.000000	0.122138	4.202409	2.775391	0.643555	0.000000	0.000000	0.000000	0.000000	0.018222	0.006557	0.683870	0.000000	0.000000	80.000000	80.000000	0.000000	0.000000	1.000000	0.000000	8.000000	0.000000	0.505820	2.289769	0.823741	0.030030	0.019423	0.000000	1.000000	1.000000	0.166016	0.234823	10.059074	0.001953	0.013362	0.001318	0.000000	1048576.000000	13.862944	1024.000000	1024.000000	3145728.000000	1.000000	0.000000	0.000000	0.000000	0.000000	0.000000	3.000000	1.805756	2.892503	3.601923	3.971853	4.372571	0.035548	0.045634	0.195105	0.489704	0.028182	0.039091	0.051067	0.087678	2.000000	4.000000	8.000000	32.000000	255.000000	0.000000	0.000000	0.000000	0.015873	0.000000	0.000000	0.000000	0.000000	20.000000	6.020600	14.000000	1024.000000	14.961555	6.931472	6.931472	13.862944	13.862944	13.862944	13.862944
