image_path	size_class	width	height	sha256	content_class	source	knob	perturbation	bytes	zensim	encode_ms
/home/lilith/work/codec-corpus/CID22/CID22-512/training/pexels-photo-7078290.png	small	64	64	16ab8d15b113784e7a06f59d8b046c0aae029146785d8b5231e4ec88ff25ff35	photo	CID22-512px	baseline	default	758	71.830475	73.44
/home/lilith/work/codec-corpus/CID22/CID22-512/training/1722183.png	small	64	64	16e282da0e8b0b84e40bf8a5a6f61134893b6e99f47e2aa399d9b108c9e8488a	photo	CID22-512px	baseline	default	918	74.240791	67.47
/home/lilith/work/codec-corpus/gb82-sc/gmessages.png	tiny	30	64	1617c01d1279e23c298d99665949c0ddd5b111e71dbff01a1dd524b9dc46e702	screenshot	gb82-screens	baseline	default	482	6.318900	67.80
/home/lilith/work/codec-corpus/gb82-sc/gmessages.png	tiny	30	64	1617c01d1279e23c298d99665949c0ddd5b111e71dbff01a1dd524b9dc46e702	screenshot	gb82-screens	qm	off	485	5.074601	48.77
/home/lilith/work/codec-corpus/CID22/CID22-512/training/pexels-photo-7078290.png	small	64	64	16ab8d15b113784e7a06f59d8b046c0aae029146785d8b5231e4ec88ff25ff35	photo	CID22-512px	qm	off	796	72.280693	78.59
/home/lilith/work/codec-corpus/CID22/CID22-512/training/1722183.png	small	64	64	16e282da0e8b0b84e40bf8a5a6f61134893b6e99f47e2aa399d9b108c9e8488a	photo	CID22-512px	qm	off	950	74.474106	87.64
/home/lilith/work/codec-corpus/gb82-sc/codec_wiki.png	tiny	64	42	19c10346e6fed9f7af6b1f956bc38cad9edaa99ecd3844cc9fa1389741caf840	screenshot	gb82-screens	baseline	default	537	-10.546292	129.06
/home/lilith/work/codec-corpus/gb82-sc/gmessages.png	tiny	30	64	1617c01d1279e23c298d99665949c0ddd5b111e71dbff01a1dd524b9dc46e702	screenshot	gb82-screens	vaq	on_strength_1.0	482	6.318900	67.78
/home/lilith/work/codec-corpus/CID22/CID22-512/training/pexels-photo-7078290.png	small	64	64	16ab8d15b113784e7a06f59d8b046c0aae029146785d8b5231e4ec88ff25ff35	photo	CID22-512px	vaq	on_strength_1.0	758	71.830475	71.14
/home/lilith/work/codec-corpus/CID22/CID22-512/training/1722183.png	small	64	64	16e282da0e8b0b84e40bf8a5a6f61134893b6e99f47e2aa399d9b108c9e8488a	photo	CID22-512px	vaq	on_strength_1.0	918	74.240791	74.06
/home/lilith/work/codec-corpus/gb82-sc/gmessages.png	tiny	30	64	1617c01d1279e23c298d99665949c0ddd5b111e71dbff01a1dd524b9dc46e702	screenshot	gb82-screens	vaq_strength	0.5	479	4.423122	70.21
/home/lilith/work/codec-corpus/CID22/CID22-512/training/pexels-photo-7078290.png	small	64	64	16ab8d15b113784e7a06f59d8b046c0aae029146785d8b5231e4ec88ff25ff35	photo	CID22-512px	vaq_strength	0.5	765	72.605629	84.08
/home/lilith/work/codec-corpus/gb82-sc/codec_wiki.png	tiny	64	42	19c10346e6fed9f7af6b1f956bc38cad9edaa99ecd3844cc9fa1389741caf840	screenshot	gb82-screens	qm	off	547	0.782579	134.83
/home/lilith/work/codec-corpus/gb82-sc/gmessages.png	tiny	30	64	1617c01d1279e23c298d99665949c0ddd5b111e71dbff01a1dd524b9dc46e702	screenshot	gb82-screens	vaq_strength	2.0	479	9.181671	55.48
/home/lilith/work/codec-corpus/CID22/CID22-512/training/1722183.png	small	64	64	16e282da0e8b0b84e40bf8a5a6f61134893b6e99f47e2aa399d9b108c9e8488a	photo	CID22-512px	vaq_strength	0.5	926	76.097198	97.81
/home/lilith/work/codec-corpus/CID22/CID22-512/training/pexels-photo-7078290.png	small	64	64	16ab8d15b113784e7a06f59d8b046c0aae029146785d8b5231e4ec88ff25ff35	photo	CID22-512px	vaq_strength	2.0	780	73.192795	80.64
/home/lilith/work/codec-corpus/gb82-sc/gmessages.png	tiny	30	64	1617c01d1279e23c298d99665949c0ddd5b111e71dbff01a1dd524b9dc46e702	screenshot	gb82-screens	vaq_strength	3.0	475	6.640106	49.41
/home/lilith/work/codec-corpus/CID22/CID22-512/training/1722183.png	small	64	64	16e282da0e8b0b84e40bf8a5a6f61134893b6e99f47e2aa399d9b108c9e8488a	photo	CID22-512px	vaq_strength	2.0	902	74.076462	71.02
/home/lilith/work/codec-corpus/gb82-sc/codec_wiki.png	tiny	64	42	19c10346e6fed9f7af6b1f956bc38cad9edaa99ecd3844cc9fa1389741caf840	screenshot	gb82-screens	vaq	on_strength_1.0	537	-10.546292	155.29
/home/lilith/work/codec-corpus/CID22/CID22-512/training/pexels-photo-7078290.png	small	64	64	16ab8d15b113784e7a06f59d8b046c0aae029146785d8b5231e4ec88ff25ff35	photo	CID22-512px	vaq_strength	3.0	791	71.332115	89.98
/home/lilith/work/codec-corpus/gb82-sc/gmessages.png	tiny	30	64	1617c01d1279e23c298d99665949c0ddd5b111e71dbff01a1dd524b9dc46e702	screenshot	gb82-screens	tune_still	off	482	10.117323	59.14
/home/lilith/work/codec-corpus/CID22/CID22-512/training/1722183.png	small	64	64	16e282da0e8b0b84e40bf8a5a6f61134893b6e99f47e2aa399d9b108c9e8488a	photo	CID22-512px	vaq_strength	3.0	899	74.241989	81.52
/home/lilith/work/codec-corpus/CID22/CID22-512/training/pexels-photo-7078290.png	small	64	64	16ab8d15b113784e7a06f59d8b046c0aae029146785d8b5231e4ec88ff25ff35	photo	CID22-512px	tune_still	off	758	71.810852	79.12
/home/lilith/work/codec-corpus/gb82-sc/gmessages.png	tiny	30	64	1617c01d1279e23c298d99665949c0ddd5b111e71dbff01a1dd524b9dc46e702	screenshot	gb82-screens	seg_boost	1.5	482	9.893203	66.84
/home/lilith/work/codec-corpus/gb82-sc/codec_wiki.png	tiny	64	42	19c10346e6fed9f7af6b1f956bc38cad9edaa99ecd3844cc9fa1389741caf840	screenshot	gb82-screens	vaq_strength	0.5	543	-16.131483	171.26
/home/lilith/work/codec-corpus/CID22/CID22-512/training/1722183.png	small	64	64	16e282da0e8b0b84e40bf8a5a6f61134893b6e99f47e2aa399d9b108c9e8488a	photo	CID22-512px	tune_still	off	918	74.454292	66.99
/home/lilith/work/codec-corpus/CID22/CID22-512/training/pexels-photo-7078290.png	small	64	64	16ab8d15b113784e7a06f59d8b046c0aae029146785d8b5231e4ec88ff25ff35	photo	CID22-512px	seg_boost	1.5	768	72.924660	89.60
/home/lilith/work/codec-corpus/gb82-sc/gmessages.png	tiny	30	64	1617c01d1279e23c298d99665949c0ddd5b111e71dbff01a1dd524b9dc46e702	screenshot	gb82-screens	seg_boost	2.0	479	9.181671	72.63
/home/lilith/work/codec-corpus/CID22/CID22-512/training/1722183.png	small	64	64	16e282da0e8b0b84e40bf8a5a6f61134893b6e99f47e2aa399d9b108c9e8488a	photo	CID22-512px	seg_boost	1.5	928	75.552216	82.50
/home/lilith/work/codec-corpus/gb82-sc/codec_wiki.png	tiny	64	42	19c10346e6fed9f7af6b1f956bc38cad9edaa99ecd3844cc9fa1389741caf840	screenshot	gb82-screens	vaq_strength	2.0	538	-15.698926	127.89
/home/lilith/work/codec-corpus/CID22/CID22-512/training/pexels-photo-7078290.png	small	64	64	16ab8d15b113784e7a06f59d8b046c0aae029146785d8b5231e4ec88ff25ff35	photo	CID22-512px	seg_boost	2.0	780	73.192795	73.85
/home/lilith/work/codec-corpus/gb82-sc/gmessages.png	tiny	30	64	1617c01d1279e23c298d99665949c0ddd5b111e71dbff01a1dd524b9dc46e702	screenshot	gb82-screens	trellis	on	481	6.087991	83.93
/home/lilith/work/codec-corpus/gb82-sc/codec_wiki.png	tiny	64	42	19c10346e6fed9f7af6b1f956bc38cad9edaa99ecd3844cc9fa1389741caf840	screenshot	gb82-screens	vaq_strength	3.0	535	-26.633522	71.29
/home/lilith/work/codec-corpus/CID22/CID22-512/training/1722183.png	small	64	64	16e282da0e8b0b84e40bf8a5a6f61134893b6e99f47e2aa399d9b108c9e8488a	photo	CID22-512px	seg_boost	2.0	902	74.076462	40.44
/home/lilith/work/codec-corpus/gb82-sc/gmessages.png	tiny	30	64	1617c01d1279e23c298d99665949c0ddd5b111e71dbff01a1dd524b9dc46e702	screenshot	gb82-screens	cdef	off	482	6.318900	59.07
/home/lilith/work/codec-corpus/gb82-sc/codec_wiki.png	tiny	64	42	19c10346e6fed9f7af6b1f956bc38cad9edaa99ecd3844cc9fa1389741caf840	screenshot	gb82-screens	tune_still	off	537	-9.596308	72.02
/home/lilith/work/codec-corpus/CID22/CID22-512/training/pexels-photo-7078290.png	small	64	64	16ab8d15b113784e7a06f59d8b046c0aae029146785d8b5231e4ec88ff25ff35	photo	CID22-512px	trellis	on	757	72.058517	111.18
/home/lilith/work/codec-corpus/CID22/CID22-512/training/1722183.png	small	64	64	16e282da0e8b0b84e40bf8a5a6f61134893b6e99f47e2aa399d9b108c9e8488a	photo	CID22-512px	trellis	on	921	74.481293	131.78
/home/lilith/work/codec-corpus/gb82-sc/gmessages.png	tiny	30	64	1617c01d1279e23c298d99665949c0ddd5b111e71dbff01a1dd524b9dc46e702	screenshot	gb82-screens	rdo_tx_decision	off	490	-4.075531	29.02
/home/lilith/work/codec-corpus/gb82-sc/gmessages.png	tiny	30	64	1617c01d1279e23c298d99665949c0ddd5b111e71dbff01a1dd524b9dc46e702	screenshot	gb82-screens	sgr_full	off	482	6.318900	43.98
/home/lilith/work/codec-corpus/CID22/CID22-512/training/pexels-photo-7078290.png	small	64	64	16ab8d15b113784e7a06f59d8b046c0aae029146785d8b5231e4ec88ff25ff35	photo	CID22-512px	cdef	off	758	71.830475	76.87
/home/lilith/work/codec-corpus/CID22/CID22-512/training/1722183.png	small	64	64	16e282da0e8b0b84e40bf8a5a6f61134893b6e99f47e2aa399d9b108c9e8488a	photo	CID22-512px	cdef	off	918	74.240791	74.98
/home/lilith/work/codec-corpus/CID22/CID22-512/training/pexels-photo-7078290.png	small	64	64	16ab8d15b113784e7a06f59d8b046c0aae029146785d8b5231e4ec88ff25ff35	photo	CID22-512px	rdo_tx_decision	off	792	71.007538	27.41
/home/lilith/work/codec-corpus/gb82-sc/gmessages.png	tiny	30	64	1617c01d1279e23c298d99665949c0ddd5b111e71dbff01a1dd524b9dc46e702	screenshot	gb82-screens	lru_on_skip	on	482	6.318900	53.78
/home/lilith/work/codec-corpus/CID22/CID22-512/training/1722183.png	small	64	64	16e282da0e8b0b84e40bf8a5a6f61134893b6e99f47e2aa399d9b108c9e8488a	photo	CID22-512px	rdo_tx_decision	off	948	73.662628	23.94
/home/lilith/work/codec-corpus/gb82-sc/codec_wiki.png	tiny	64	42	19c10346e6fed9f7af6b1f956bc38cad9edaa99ecd3844cc9fa1389741caf840	screenshot	gb82-screens	seg_boost	1.5	539	-17.492657	161.99
/home/lilith/work/codec-corpus/gb82-sc/gmessages.png	tiny	30	64	1617c01d1279e23c298d99665949c0ddd5b111e71dbff01a1dd524b9dc46e702	screenshot	gb82-screens	segmentation_complex	on	480	3.974252	71.14
/home/lilith/work/codec-corpus/gb82-sc/codec_wiki.png	tiny	64	42	19c10346e6fed9f7af6b1f956bc38cad9edaa99ecd3844cc9fa1389741caf840	screenshot	gb82-screens	seg_boost	2.0	538	-15.698926	74.54
/home/lilith/work/codec-corpus/CID22/CID22-512/training/1722183.png	small	64	64	16e282da0e8b0b84e40bf8a5a6f61134893b6e99f47e2aa399d9b108c9e8488a	photo	CID22-512px	sgr_full	off	918	74.240791	77.35
/home/lilith/work/codec-corpus/CID22/CID22-512/training/pexels-photo-7078290.png	small	64	64	16ab8d15b113784e7a06f59d8b046c0aae029146785d8b5231e4ec88ff25ff35	photo	CID22-512px	sgr_full	off	758	71.830475	107.92
/home/lilith/work/codec-corpus/gb82-sc/gmessages.png	tiny	30	64	1617c01d1279e23c298d99665949c0ddd5b111e71dbff01a1dd524b9dc46e702	screenshot	gb82-screens	encode_bottomup	on	482	6.318900	59.16
/home/lilith/work/codec-corpus/CID22/CID22-512/training/1722183.png	small	64	64	16e282da0e8b0b84e40bf8a5a6f61134893b6e99f47e2aa399d9b108c9e8488a	photo	CID22-512px	lru_on_skip	on	918	74.240791	67.97
/home/lilith/work/codec-corpus/CID22/CID22-512/training/pexels-photo-7078290.png	small	64	64	16ab8d15b113784e7a06f59d8b046c0aae029146785d8b5231e4ec88ff25ff35	photo	CID22-512px	lru_on_skip	on	758	71.830475	80.16
/home/lilith/work/codec-corpus/gb82-sc/gmessages.png	tiny	30	64	1617c01d1279e23c298d99665949c0ddd5b111e71dbff01a1dd524b9dc46e702	screenshot	gb82-screens	partition_range	fine_4_16	482	6.318900	75.84
/home/lilith/work/codec-corpus/gb82-sc/codec_wiki.png	tiny	64	42	19c10346e6fed9f7af6b1f956bc38cad9edaa99ecd3844cc9fa1389741caf840	screenshot	gb82-screens	trellis	on	542	-7.482600	208.05
/home/lilith/work/codec-corpus/CID22/CID22-512/training/1722183.png	small	64	64	16e282da0e8b0b84e40bf8a5a6f61134893b6e99f47e2aa399d9b108c9e8488a	photo	CID22-512px	segmentation_complex	on	893	74.785332	91.86
/home/lilith/work/codec-corpus/CID22/CID22-512/training/pexels-photo-7078290.png	small	64	64	16ab8d15b113784e7a06f59d8b046c0aae029146785d8b5231e4ec88ff25ff35	photo	CID22-512px	segmentation_complex	on	747	72.710976	62.72
/home/lilith/work/codec-corpus/gb82-sc/gmessages.png	tiny	30	64	1617c01d1279e23c298d99665949c0ddd5b111e71dbff01a1dd524b9dc46e702	screenshot	gb82-screens	partition_range	coarse_16_64	482	8.327244	38.94
/home/lilith/work/codec-corpus/CID22/CID22-512/training/pexels-photo-7078290.png	small	64	64	16ab8d15b113784e7a06f59d8b046c0aae029146785d8b5231e4ec88ff25ff35	photo	CID22-512px	encode_bottomup	on	745	68.531693	75.95
/home/lilith/work/codec-corpus/CID22/CID22-512/training/1722183.png	small	64	64	16e282da0e8b0b84e40bf8a5a6f61134893b6e99f47e2aa399d9b108c9e8488a	photo	CID22-512px	encode_bottomup	on	902	71.620056	119.09
/home/lilith/work/codec-corpus/gb82-sc/codec_wiki.png	tiny	64	42	19c10346e6fed9f7af6b1f956bc38cad9edaa99ecd3844cc9fa1389741caf840	screenshot	gb82-screens	cdef	off	537	-10.546292	162.84
/home/lilith/work/codec-corpus/CID22/CID22-512/training/pexels-photo-7078290.png	small	64	64	16ab8d15b113784e7a06f59d8b046c0aae029146785d8b5231e4ec88ff25ff35	photo	CID22-512px	partition_range	fine_4_16	758	71.830475	74.68
/home/lilith/work/codec-corpus/CID22/CID22-512/training/1722183.png	small	64	64	16e282da0e8b0b84e40bf8a5a6f61134893b6e99f47e2aa399d9b108c9e8488a	photo	CID22-512px	partition_range	fine_4_16	918	74.240791	76.06
/home/lilith/work/codec-corpus/gb82-sc/codec_wiki.png	tiny	64	42	19c10346e6fed9f7af6b1f956bc38cad9edaa99ecd3844cc9fa1389741caf840	screenshot	gb82-screens	rdo_tx_decision	off	552	-13.396959	58.46
/home/lilith/work/codec-corpus/gb82-sc/gmessages.png	tiny	30	64	1617c01d1279e23c298d99665949c0ddd5b111e71dbff01a1dd524b9dc46e702	screenshot	gb82-screens	complex_prediction_modes	on	482	18.162712	155.54
/home/lilith/work/codec-corpus/CID22/CID22-512/training/pexels-photo-7078290.png	small	64	64	16ab8d15b113784e7a06f59d8b046c0aae029146785d8b5231e4ec88ff25ff35	photo	CID22-512px	partition_range	coarse_16_64	784	72.845726	132.98
/home/lilith/work/codec-corpus/CID22/CID22-512/training/1722183.png	small	64	64	16e282da0e8b0b84e40bf8a5a6f61134893b6e99f47e2aa399d9b108c9e8488a	photo	CID22-512px	partition_range	coarse_16_64	928	73.280121	95.68
/home/lilith/work/codec-corpus/gb82-sc/gmessages.png	tiny	30	64	1617c01d1279e23c298d99665949c0ddd5b111e71dbff01a1dd524b9dc46e702	screenshot	gb82-screens	lrf	off	482	6.318900	45.71
/home/lilith/work/codec-corpus/gb82-sc/codec_wiki.png	tiny	64	42	19c10346e6fed9f7af6b1f956bc38cad9edaa99ecd3844cc9fa1389741caf840	screenshot	gb82-screens	sgr_full	off	537	-10.546292	107.03
/home/lilith/work/codec-corpus/gb82-sc/gmessages.png	tiny	30	64	1617c01d1279e23c298d99665949c0ddd5b111e71dbff01a1dd524b9dc46e702	screenshot	gb82-screens	lrf	on	482	6.318900	53.64
/home/lilith/work/codec-corpus/gb82-sc/codec_wiki.png	tiny	64	42	19c10346e6fed9f7af6b1f956bc38cad9edaa99ecd3844cc9fa1389741caf840	screenshot	gb82-screens	lru_on_skip	on	537	-10.546292	124.69
/home/lilith/work/codec-corpus/CID22/CID22-512/training/1722183.png	small	64	64	16e282da0e8b0b84e40bf8a5a6f61134893b6e99f47e2aa399d9b108c9e8488a	photo	CID22-512px	complex_prediction_modes	on	921	65.942474	151.02
/home/lilith/work/codec-corpus/gb82-sc/gmessages.png	tiny	30	64	1617c01d1279e23c298d99665949c0ddd5b111e71dbff01a1dd524b9dc46e702	screenshot	gb82-screens	fast_deblock	on	482	7.285035	49.45
/home/lilith/work/codec-corpus/CID22/CID22-512/training/pexels-photo-7078290.png	small	64	64	16ab8d15b113784e7a06f59d8b046c0aae029146785d8b5231e4ec88ff25ff35	photo	CID22-512px	complex_prediction_modes	on	752	60.794434	151.54
/home/lilith/work/codec-corpus/CID22/CID22-512/training/1722183.png	small	64	64	16e282da0e8b0b84e40bf8a5a6f61134893b6e99f47e2aa399d9b108c9e8488a	photo	CID22-512px	lrf	off	918	74.240791	77.97
/home/lilith/work/codec-corpus/CID22/CID22-512/training/pexels-photo-7078290.png	small	64	64	16ab8d15b113784e7a06f59d8b046c0aae029146785d8b5231e4ec88ff25ff35	photo	CID22-512px	lrf	off	758	71.830475	75.94
/home/lilith/work/codec-corpus/gb82-sc/codec_wiki.png	tiny	64	42	19c10346e6fed9f7af6b1f956bc38cad9edaa99ecd3844cc9fa1389741caf840	screenshot	gb82-screens	segmentation_complex	on	521	-12.721278	251.33
/home/lilith/work/codec-corpus/CID22/CID22-512/training/1722183.png	small	64	64	16e282da0e8b0b84e40bf8a5a6f61134893b6e99f47e2aa399d9b108c9e8488a	photo	CID22-512px	lrf	on	922	74.204750	59.20
/home/lilith/work/codec-corpus/CID22/CID22-512/training/pexels-photo-7078290.png	small	64	64	16ab8d15b113784e7a06f59d8b046c0aae029146785d8b5231e4ec88ff25ff35	photo	CID22-512px	lrf	on	764	71.592125	74.75
/home/lilith/work/codec-corpus/CID22/CID22-512/training/1722183.png	small	64	64	16e282da0e8b0b84e40bf8a5a6f61134893b6e99f47e2aa399d9b108c9e8488a	photo	CID22-512px	fast_deblock	on	918	74.270508	59.42
/home/lilith/work/codec-corpus/gb82-sc/codec_wiki.png	tiny	64	42	19c10346e6fed9f7af6b1f956bc38cad9edaa99ecd3844cc9fa1389741caf840	screenshot	gb82-screens	encode_bottomup	on	537	-10.546292	86.42
/home/lilith/work/codec-corpus/CID22/CID22-512/training/pexels-photo-7078290.png	small	64	64	16ab8d15b113784e7a06f59d8b046c0aae029146785d8b5231e4ec88ff25ff35	photo	CID22-512px	fast_deblock	on	758	71.951454	98.47
/home/lilith/work/codec-corpus/gb82-sc/codec_wiki.png	tiny	64	42	19c10346e6fed9f7af6b1f956bc38cad9edaa99ecd3844cc9fa1389741caf840	screenshot	gb82-screens	partition_range	fine_4_16	537	-10.546292	144.73
/home/lilith/work/codec-corpus/gb82-sc/gmessages.png	small	119	256	1617c01d1279e23c298d99665949c0ddd5b111e71dbff01a1dd524b9dc46e702	screenshot	gb82-screens	baseline	default	2222	77.854202	628.26
/home/lilith/work/codec-corpus/gb82-sc/codec_wiki.png	tiny	64	42	19c10346e6fed9f7af6b1f956bc38cad9edaa99ecd3844cc9fa1389741caf840	screenshot	gb82-screens	partition_range	coarse_16_64	630	-8.365664	148.35
/home/lilith/work/codec-corpus/gb82-sc/codec_wiki.png	tiny	64	42	19c10346e6fed9f7af6b1f956bc38cad9edaa99ecd3844cc9fa1389741caf840	screenshot	gb82-screens	complex_prediction_modes	on	538	-9.734995	266.83
/home/lilith/work/codec-corpus/CID22/CID22-512/training/1722183.png	medium	256	256	16e282da0e8b0b84e40bf8a5a6f61134893b6e99f47e2aa399d9b108c9e8488a	photo	CID22-512px	baseline	default	7236	74.205513	808.60
/home/lilith/work/codec-corpus/gb82-sc/codec_wiki.png	tiny	64	42	19c10346e6fed9f7af6b1f956bc38cad9edaa99ecd3844cc9fa1389741caf840	screenshot	gb82-screens	lrf	off	537	-10.546292	115.11
/home/lilith/work/codec-corpus/CID22/CID22-512/training/pexels-photo-7078290.png	medium	256	256	16ab8d15b113784e7a06f59d8b046c0aae029146785d8b5231e4ec88ff25ff35	photo	CID22-512px	baseline	default	7488	71.957603	934.09
/home/lilith/work/codec-corpus/gb82-sc/codec_wiki.png	tiny	64	42	19c10346e6fed9f7af6b1f956bc38cad9edaa99ecd3844cc9fa1389741caf840	screenshot	gb82-screens	lrf	on	539	-10.546292	84.04
/home/lilith/work/codec-corpus/gb82-sc/gmessages.png	small	119	256	1617c01d1279e23c298d99665949c0ddd5b111e71dbff01a1dd524b9dc46e702	screenshot	gb82-screens	qm	off	2218	79.363907	572.38
/home/lilith/work/codec-corpus/gb82-sc/codec_wiki.png	tiny	64	42	19c10346e6fed9f7af6b1f956bc38cad9edaa99ecd3844cc9fa1389741caf840	screenshot	gb82-screens	fast_deblock	on	537	-8.523317	132.85
/home/lilith/work/codec-corpus/gb82-sc/gmessages.png	small	119	256	1617c01d1279e23c298d99665949c0ddd5b111e71dbff01a1dd524b9dc46e702	screenshot	gb82-screens	vaq	on_strength_1.0	2222	77.854202	577.63
/home/lilith/work/codec-corpus/CID22/CID22-512/training/1722183.png	medium	256	256	16e282da0e8b0b84e40bf8a5a6f61134893b6e99f47e2aa399d9b108c9e8488a	photo	CID22-512px	qm	off	7661	74.518295	1035.86
/home/lilith/work/codec-corpus/gb82-sc/codec_wiki.png	small	256	166	19c10346e6fed9f7af6b1f956bc38cad9edaa99ecd3844cc9fa1389741caf840	screenshot	gb82-screens	baseline	default	2281	81.268272	583.68
/home/lilith/work/codec-corpus/CID22/CID22-512/training/pexels-photo-7078290.png	medium	256	256	16ab8d15b113784e7a06f59d8b046c0aae029146785d8b5231e4ec88ff25ff35	photo	CID22-512px	qm	off	7851	72.647247	1086.70
/home/lilith/work/codec-corpus/gb82-sc/gmessages.png	small	119	256	1617c01d1279e23c298d99665949c0ddd5b111e71dbff01a1dd524b9dc46e702	screenshot	gb82-screens	vaq_strength	0.5	2264	78.870781	675.39
/home/lilith/work/codec-corpus/CID22/CID22-512/training/1722183.png	medium	256	256	16e282da0e8b0b84e40bf8a5a6f61134893b6e99f47e2aa399d9b108c9e8488a	photo	CID22-512px	vaq	on_strength_1.0	7236	74.205513	858.32
/home/lilith/work/codec-corpus/gb82-sc/gmessages.png	small	119	256	1617c01d1279e23c298d99665949c0ddd5b111e71dbff01a1dd524b9dc46e702	screenshot	gb82-screens	vaq_strength	2.0	2037	79.257874	526.05
/home/lilith/work/codec-corpus/gb82-sc/codec_wiki.png	small	256	166	19c10346e6fed9f7af6b1f956bc38cad9edaa99ecd3844cc9fa1389741caf840	screenshot	gb82-screens	qm	off	2370	83.048401	1050.27
/home/lilith/work/codec-corpus/CID22/CID22-512/training/pexels-photo-7078290.png	medium	256	256	16ab8d15b113784e7a06f59d8b046c0aae029146785d8b5231e4ec88ff25ff35	photo	CID22-512px	vaq	on_strength_1.0	7488	71.957603	906.51
/home/lilith/work/codec-corpus/gb82-sc/gmessages.png	small	119	256	1617c01d1279e23c298d99665949c0ddd5b111e71dbff01a1dd524b9dc46e702	screenshot	gb82-screens	vaq_strength	3.0	2015	76.449875	471.47
/home/lilith/work/codec-corpus/CID22/CID22-512/training/1722183.png	medium	256	256	16e282da0e8b0b84e40bf8a5a6f61134893b6e99f47e2aa399d9b108c9e8488a	photo	CID22-512px	vaq_strength	0.5	7546	74.844902	655.45
/home/lilith/work/codec-corpus/gb82-sc/codec_wiki.png	small	256	166	19c10346e6fed9f7af6b1f956bc38cad9edaa99ecd3844cc9fa1389741caf840	screenshot	gb82-screens	vaq	on_strength_1.0	2281	81.268272	551.06
/home/lilith/work/codec-corpus/gb82-sc/gmessages.png	small	119	256	1617c01d1279e23c298d99665949c0ddd5b111e71dbff01a1dd524b9dc46e702	screenshot	gb82-screens	tune_still	off	2222	77.924744	596.43
/home/lilith/work/codec-corpus/CID22/CID22-512/training/pexels-photo-7078290.png	medium	256	256	16ab8d15b113784e7a06f59d8b046c0aae029146785d8b5231e4ec88ff25ff35	photo	CID22-512px	vaq_strength	0.5	7415	71.503487	1065.36
/home/lilith/work/codec-corpus/gb82-sc/codec_wiki.png	small	256	166	19c10346e6fed9f7af6b1f956bc38cad9edaa99ecd3844cc9fa1389741caf840	screenshot	gb82-screens	vaq_strength	0.5	2341	82.214699	617.49
/home/lilith/work/codec-corpus/CID22/CID22-512/training/1722183.png	medium	256	256	16e282da0e8b0b84e40bf8a5a6f61134893b6e99f47e2aa399d9b108c9e8488a	photo	CID22-512px	vaq_strength	2.0	6881	72.526955	857.57
/home/lilith/work/codec-corpus/gb82-sc/gmessages.png	small	119	256	1617c01d1279e23c298d99665949c0ddd5b111e71dbff01a1dd524b9dc46e702	screenshot	gb82-screens	seg_boost	1.5	2105	75.729767	563.62
/home/lilith/work/codec-corpus/gb82-sc/codec_wiki.png	small	256	166	19c10346e6fed9f7af6b1f956bc38cad9edaa99ecd3844cc9fa1389741caf840	screenshot	gb82-screens	vaq_strength	2.0	2200	79.311600	642.05
/home/lilith/work/codec-corpus/CID22/CID22-512/training/pexels-photo-7078290.png	medium	256	256	16ab8d15b113784e7a06f59d8b046c0aae029146785d8b5231e4ec88ff25ff35	photo	CID22-512px	vaq_strength	2.0	7525	72.003319	826.47
/home/lilith/work/codec-corpus/CID22/CID22-512/training/1722183.png	medium	256	256	16e282da0e8b0b84e40bf8a5a6f61134893b6e99f47e2aa399d9b108c9e8488a	photo	CID22-512px	vaq_strength	3.0	6867	71.779167	706.51
/home/lilith/work/codec-corpus/gb82-sc/gmessages.png	small	119	256	1617c01d1279e23c298d99665949c0ddd5b111e71dbff01a1dd524b9dc46e702	screenshot	gb82-screens	seg_boost	2.0	2037	79.257874	448.72
/home/lilith/work/codec-corpus/gb82-sc/codec_wiki.png	small	256	166	19c10346e6fed9f7af6b1f956bc38cad9edaa99ecd3844cc9fa1389741caf840	screenshot	gb82-screens	vaq_strength	3.0	2135	79.024734	664.79
/home/lilith/work/codec-corpus/CID22/CID22-512/training/1722183.png	medium	256	256	16e282da0e8b0b84e40bf8a5a6f61134893b6e99f47e2aa399d9b108c9e8488a	photo	CID22-512px	tune_still	off	7236	74.230217	694.63
/home/lilith/work/codec-corpus/CID22/CID22-512/training/pexels-photo-7078290.png	medium	256	256	16ab8d15b113784e7a06f59d8b046c0aae029146785d8b5231e4ec88ff25ff35	photo	CID22-512px	vaq_strength	3.0	7859	72.152870	846.14
/home/lilith/work/codec-corpus/gb82-sc/gmessages.png	small	119	256	1617c01d1279e23c298d99665949c0ddd5b111e71dbff01a1dd524b9dc46e702	screenshot	gb82-screens	trellis	on	2218	77.559227	767.94
/home/lilith/work/codec-corpus/gb82-sc/codec_wiki.png	small	256	166	19c10346e6fed9f7af6b1f956bc38cad9edaa99ecd3844cc9fa1389741caf840	screenshot	gb82-screens	tune_still	off	2281	81.291885	556.81
/home/lilith/work/codec-corpus/gb82-sc/gmessages.png	small	119	256	1617c01d1279e23c298d99665949c0ddd5b111e71dbff01a1dd524b9dc46e702	screenshot	gb82-screens	cdef	off	2222	77.854202	855.89
/home/lilith/work/codec-corpus/CID22/CID22-512/training/1722183.png	medium	256	256	16e282da0e8b0b84e40bf8a5a6f61134893b6e99f47e2aa399d9b108c9e8488a	photo	CID22-512px	seg_boost	1.5	7114	73.622116	955.83
/home/lilith/work/codec-corpus/CID22/CID22-512/training/pexels-photo-7078290.png	medium	256	256	16ab8d15b113784e7a06f59d8b046c0aae029146785d8b5231e4ec88ff25ff35	photo	CID22-512px	tune_still	off	7488	71.949860	977.55
/home/lilith/work/codec-corpus/gb82-sc/codec_wiki.png	small	256	166	19c10346e6fed9f7af6b1f956bc38cad9edaa99ecd3844cc9fa1389741caf840	screenshot	gb82-screens	seg_boost	1.5	2243	81.340889	706.91
/home/lilith/work/codec-corpus/gb82-sc/gmessages.png	small	119	256	1617c01d1279e23c298d99665949c0ddd5b111e71dbff01a1dd524b9dc46e702	screenshot	gb82-screens	rdo_tx_decision	off	2329	76.997391	213.13
/home/lilith/work/codec-corpus/gb82-sc/codec_wiki.png	small	256	166	19c10346e6fed9f7af6b1f956bc38cad9edaa99ecd3844cc9fa1389741caf840	screenshot	gb82-screens	seg_boost	2.0	2200	79.311600	663.00
/home/lilith/work/codec-corpus/CID22/CID22-512/training/1722183.png	medium	256	256	16e282da0e8b0b84e40bf8a5a6f61134893b6e99f47e2aa399d9b108c9e8488a	photo	CID22-512px	seg_boost	2.0	6881	72.526955	756.75
/home/lilith/work/codec-corpus/CID22/CID22-512/training/pexels-photo-7078290.png	medium	256	256	16ab8d15b113784e7a06f59d8b046c0aae029146785d8b5231e4ec88ff25ff35	photo	CID22-512px	seg_boost	1.5	7460	72.055244	799.11
/home/lilith/work/codec-corpus/gb82-sc/gmessages.png	small	119	256	1617c01d1279e23c298d99665949c0ddd5b111e71dbff01a1dd524b9dc46e702	screenshot	gb82-screens	sgr_full	off	2222	77.854202	794.34
/home/lilith/work/codec-corpus/gb82-sc/gmessages.png	small	119	256	1617c01d1279e23c298d99665949c0ddd5b111e71dbff01a1dd524b9dc46e702	screenshot	gb82-screens	lru_on_skip	on	2222	77.854202	434.08
/home/lilith/work/codec-corpus/gb82-sc/codec_wiki.png	small	256	166	19c10346e6fed9f7af6b1f956bc38cad9edaa99ecd3844cc9fa1389741caf840	screenshot	gb82-screens	trellis	on	2283	81.222916	798.01
/home/lilith/work/codec-corpus/CID22/CID22-512/training/pexels-photo-7078290.png	medium	256	256	16ab8d15b113784e7a06f59d8b046c0aae029146785d8b5231e4ec88ff25ff35	photo	CID22-512px	seg_boost	2.0	7525	72.003319	640.88
/home/lilith/work/codec-corpus/CID22/CID22-512/training/1722183.png	medium	256	256	16e282da0e8b0b84e40bf8a5a6f61134893b6e99f47e2aa399d9b108c9e8488a	photo	CID22-512px	trellis	on	7316	74.705551	1207.46
/home/lilith/work/codec-corpus/gb82-sc/codec_wiki.png	small	256	166	19c10346e6fed9f7af6b1f956bc38cad9edaa99ecd3844cc9fa1389741caf840	screenshot	gb82-screens	cdef	off	2281	81.268272	466.28
/home/lilith/work/codec-corpus/gb82-sc/codec_wiki.png	small	256	166	19c10346e6fed9f7af6b1f956bc38cad9edaa99ecd3844cc9fa1389741caf840	screenshot	gb82-screens	rdo_tx_decision	off	2456	79.127251	214.31
/home/lilith/work/codec-corpus/gb82-sc/gmessages.png	small	119	256	1617c01d1279e23c298d99665949c0ddd5b111e71dbff01a1dd524b9dc46e702	screenshot	gb82-screens	segmentation_complex	on	2152	80.365669	809.07
/home/lilith/work/codec-corpus/CID22/CID22-512/training/pexels-photo-7078290.png	medium	256	256	16ab8d15b113784e7a06f59d8b046c0aae029146785d8b5231e4ec88ff25ff35	photo	CID22-512px	trellis	on	7410	71.896797	1004.00
/home/lilith/work/codec-corpus/gb82-sc/gmessages.png	small	119	256	1617c01d1279e23c298d99665949c0ddd5b111e71dbff01a1dd524b9dc46e702	screenshot	gb82-screens	encode_bottomup	on	2171	75.599609	586.92
/home/lilith/work/codec-corpus/CID22/CID22-512/training/1722183.png	medium	256	256	16e282da0e8b0b84e40bf8a5a6f61134893b6e99f47e2aa399d9b108c9e8488a	photo	CID22-512px	cdef	off	7236	74.205513	894.10
/home/lilith/work/codec-corpus/gb82-sc/codec_wiki.png	small	256	166	19c10346e6fed9f7af6b1f956bc38cad9edaa99ecd3844cc9fa1389741caf840	screenshot	gb82-screens	sgr_full	off	2281	81.268272	818.50
/home/lilith/work/codec-corpus/CID22/CID22-512/training/pexels-photo-7078290.png	medium	256	256	16ab8d15b113784e7a06f59d8b046c0aae029146785d8b5231e4ec88ff25ff35	photo	CID22-512px	cdef	off	7488	71.957603	715.22
/home/lilith/work/codec-corpus/CID22/CID22-512/training/1722183.png	medium	256	256	16e282da0e8b0b84e40bf8a5a6f61134893b6e99f47e2aa399d9b108c9e8488a	photo	CID22-512px	rdo_tx_decision	off	7502	74.296555	357.04
/home/lilith/work/codec-corpus/gb82-sc/gmessages.png	small	119	256	1617c01d1279e23c298d99665949c0ddd5b111e71dbff01a1dd524b9dc46e702	screenshot	gb82-screens	partition_range	fine_4_16	2222	77.854202	626.71
/home/lilith/work/codec-corpus/CID22/CID22-512/training/pexels-photo-7078290.png	medium	256	256	16ab8d15b113784e7a06f59d8b046c0aae029146785d8b5231e4ec88ff25ff35	photo	CID22-512px	rdo_tx_decision	off	7738	72.019424	340.27
/home/lilith/work/codec-corpus/gb82-sc/codec_wiki.png	small	256	166	19c10346e6fed9f7af6b1f956bc38cad9edaa99ecd3844cc9fa1389741caf840	screenshot	gb82-screens	lru_on_skip	on	2281	81.268272	838.40
/home/lilith/work/codec-corpus/CID22/CID22-512/training/1722183.png	medium	256	256	16e282da0e8b0b84e40bf8a5a6f61134893b6e99f47e2aa399d9b108c9e8488a	photo	CID22-512px	sgr_full	off	7236	74.205513	982.15
/home/lilith/work/codec-corpus/CID22/CID22-512/training/pexels-photo-7078290.png	medium	256	256	16ab8d15b113784e7a06f59d8b046c0aae029146785d8b5231e4ec88ff25ff35	photo	CID22-512px	sgr_full	off	7488	71.957603	709.92
/home/lilith/work/codec-corpus/gb82-sc/gmessages.png	small	119	256	1617c01d1279e23c298d99665949c0ddd5b111e71dbff01a1dd524b9dc46e702	screenshot	gb82-screens	partition_range	coarse_16_64	2284	78.157845	840.52
/home/lilith/work/codec-corpus/CID22/CID22-512/training/pexels-photo-7078290.png	medium	256	256	16ab8d15b113784e7a06f59d8b046c0aae029146785d8b5231e4ec88ff25ff35	photo	CID22-512px	lru_on_skip	on	7488	71.957603	738.78
/home/lilith/work/codec-corpus/gb82-sc/codec_wiki.png	small	256	166	19c10346e6fed9f7af6b1f956bc38cad9edaa99ecd3844cc9fa1389741caf840	screenshot	gb82-screens	segmentation_complex	on	2253	80.972137	1337.55
/home/lilith/work/codec-corpus/CID22/CID22-512/training/1722183.png	medium	256	256	16e282da0e8b0b84e40bf8a5a6f61134893b6e99f47e2aa399d9b108c9e8488a	photo	CID22-512px	lru_on_skip	on	7236	74.205513	1092.98
/home/lilith/work/codec-corpus/gb82-sc/gmessages.png	small	119	256	1617c01d1279e23c298d99665949c0ddd5b111e71dbff01a1dd524b9dc46e702	screenshot	gb82-screens	complex_prediction_modes	on	2200	78.355141	1358.14
/home/lilith/work/codec-corpus/gb82-sc/codec_wiki.png	small	256	166	19c10346e6fed9f7af6b1f956bc38cad9edaa99ecd3844cc9fa1389741caf840	screenshot	gb82-screens	encode_bottomup	on	2331	68.859695	653.11
/home/lilith/work/codec-corpus/gb82-sc/gmessages.png	small	119	256	1617c01d1279e23c298d99665949c0ddd5b111e71dbff01a1dd524b9dc46e702	screenshot	gb82-screens	lrf	off	2222	77.854202	582.81
/home/lilith/work/codec-corpus/CID22/CID22-512/training/pexels-photo-7078290.png	medium	256	256	16ab8d15b113784e7a06f59d8b046c0aae029146785d8b5231e4ec88ff25ff35	photo	CID22-512px	segmentation_complex	on	6996	70.426117	1272.30
/home/lilith/work/codec-corpus/gb82-sc/codec_wiki.png	small	256	166	19c10346e6fed9f7af6b1f956bc38cad9edaa99ecd3844cc9fa1389741caf840	screenshot	gb82-screens	partition_range	fine_4_16	2281	81.268272	707.38
/home/lilith/work/codec-corpus/CID22/CID22-512/training/1722183.png	medium	256	256	16e282da0e8b0b84e40bf8a5a6f61134893b6e99f47e2aa399d9b108c9e8488a	photo	CID22-512px	segmentation_complex	on	7065	73.358253	1309.82
/home/lilith/work/codec-corpus/gb82-sc/gmessages.png	small	119	256	1617c01d1279e23c298d99665949c0ddd5b111e71dbff01a1dd524b9dc46e702	screenshot	gb82-screens	lrf	on	2235	78.277382	421.13
/home/lilith/work/codec-corpus/gb82-sc/gmessages.png	small	119	256	1617c01d1279e23c298d99665949c0ddd5b111e71dbff01a1dd524b9dc46e702	screenshot	gb82-screens	fast_deblock	on	2222	77.828003	451.67
/home/lilith/work/codec-corpus/gb82-sc/codec_wiki.png	small	256	166	19c10346e6fed9f7af6b1f956bc38cad9edaa99ecd3844cc9fa1389741caf840	screenshot	gb82-screens	partition_range	coarse_16_64	2594	81.012871	747.87
/home/lilith/work/codec-corpus/CID22/CID22-512/training/pexels-photo-7078290.png	medium	256	256	16ab8d15b113784e7a06f59d8b046c0aae029146785d8b5231e4ec88ff25ff35	photo	CID22-512px	encode_bottomup	on	7317	60.340412	1112.49
/home/lilith/work/codec-corpus/CID22/CID22-512/training/1722183.png	medium	256	256	16e282da0e8b0b84e40bf8a5a6f61134893b6e99f47e2aa399d9b108c9e8488a	photo	CID22-512px	encode_bottomup	on	7243	65.393806	1079.98
/home/lilith/work/codec-corpus/gb82-sc/codec_wiki.png	small	256	166	19c10346e6fed9f7af6b1f956bc38cad9edaa99ecd3844cc9fa1389741caf840	screenshot	gb82-screens	complex_prediction_modes	on	2280	71.338074	1037.59
/home/lilith/work/codec-corpus/CID22/CID22-512/training/pexels-photo-7078290.png	medium	256	256	16ab8d15b113784e7a06f59d8b046c0aae029146785d8b5231e4ec88ff25ff35	photo	CID22-512px	partition_range	fine_4_16	7488	71.957603	1021.76
/home/lilith/work/codec-corpus/CID22/CID22-512/training/1722183.png	medium	256	256	16e282da0e8b0b84e40bf8a5a6f61134893b6e99f47e2aa399d9b108c9e8488a	photo	CID22-512px	partition_range	fine_4_16	7236	74.205513	740.88
/home/lilith/work/codec-corpus/gb82-sc/codec_wiki.png	small	256	166	19c10346e6fed9f7af6b1f956bc38cad9edaa99ecd3844cc9fa1389741caf840	screenshot	gb82-screens	lrf	off	2281	81.268272	594.24
/home/lilith/work/codec-corpus/CID22/CID22-512/training/pexels-photo-7078290.png	medium	256	256	16ab8d15b113784e7a06f59d8b046c0aae029146785d8b5231e4ec88ff25ff35	photo	CID22-512px	partition_range	coarse_16_64	7525	72.062225	756.81
/home/lilith/work/codec-corpus/CID22/CID22-512/training/1722183.png	medium	256	256	16e282da0e8b0b84e40bf8a5a6f61134893b6e99f47e2aa399d9b108c9e8488a	photo	CID22-512px	partition_range	coarse_16_64	7391	74.129990	770.10
/home/lilith/work/codec-corpus/gb82-sc/codec_wiki.png	small	256	166	19c10346e6fed9f7af6b1f956bc38cad9edaa99ecd3844cc9fa1389741caf840	screenshot	gb82-screens	lrf	on	2316	81.484200	723.18
/home/lilith/work/codec-corpus/gb82-sc/gmessages.png	medium	478	1024	1617c01d1279e23c298d99665949c0ddd5b111e71dbff01a1dd524b9dc46e702	screenshot	gb82-screens	baseline	default	15516	86.136986	2792.51
/home/lilith/work/codec-corpus/gb82-sc/codec_wiki.png	small	256	166	19c10346e6fed9f7af6b1f956bc38cad9edaa99ecd3844cc9fa1389741caf840	screenshot	gb82-screens	fast_deblock	on	2281	81.156235	731.29
/home/lilith/work/codec-corpus/CID22/CID22-512/training/1722183.png	medium	256	256	16e282da0e8b0b84e40bf8a5a6f61134893b6e99f47e2aa399d9b108c9e8488a	photo	CID22-512px	complex_prediction_modes	on	7254	23.696543	1471.68
/home/lilith/work/codec-corpus/CID22/CID22-512/training/pexels-photo-7078290.png	medium	256	256	16ab8d15b113784e7a06f59d8b046c0aae029146785d8b5231e4ec88ff25ff35	photo	CID22-512px	complex_prediction_modes	on	7357	34.623875	1600.40
/home/lilith/work/codec-corpus/CID22/CID22-512/training/1722183.png	medium	256	256	16e282da0e8b0b84e40bf8a5a6f61134893b6e99f47e2aa399d9b108c9e8488a	photo	CID22-512px	lrf	off	7236	74.205513	834.69
/home/lilith/work/codec-corpus/CID22/CID22-512/training/pexels-photo-7078290.png	medium	256	256	16ab8d15b113784e7a06f59d8b046c0aae029146785d8b5231e4ec88ff25ff35	photo	CID22-512px	lrf	off	7488	71.957603	968.53
/home/lilith/work/codec-corpus/CID22/CID22-512/training/1722183.png	medium	256	256	16e282da0e8b0b84e40bf8a5a6f61134893b6e99f47e2aa399d9b108c9e8488a	photo	CID22-512px	lrf	on	7280	74.357925	882.68
/home/lilith/work/codec-corpus/CID22/CID22-512/training/pexels-photo-7078290.png	medium	256	256	16ab8d15b113784e7a06f59d8b046c0aae029146785d8b5231e4ec88ff25ff35	photo	CID22-512px	lrf	on	7539	72.119514	809.90
/home/lilith/work/codec-corpus/gb82-sc/gmessages.png	medium	478	1024	1617c01d1279e23c298d99665949c0ddd5b111e71dbff01a1dd524b9dc46e702	screenshot	gb82-screens	qm	off	15740	85.823326	2546.61
/home/lilith/work/codec-corpus/CID22/CID22-512/training/1722183.png	medium	256	256	16e282da0e8b0b84e40bf8a5a6f61134893b6e99f47e2aa399d9b108c9e8488a	photo	CID22-512px	fast_deblock	on	7236	74.213074	606.67
/home/lilith/work/codec-corpus/clic2025-1024/2c1f84548ef99faec2b4f9bf12227c83.png	small	64	64	1761db9c5778e37ed12454c3314d1d970285ed454ee293772112c5eec1c6a875	photo	clic2025-1024px-resized	baseline	default	1237	78.071823	23801.64
/home/lilith/work/codec-corpus/clic2025-1024/2c1f84548ef99faec2b4f9bf12227c83.png	small	64	64	1761db9c5778e37ed12454c3314d1d970285ed454ee293772112c5eec1c6a875	photo	clic2025-1024px-resized	qm	off	1302	78.377747	101.91
/home/lilith/work/codec-corpus/CID22/CID22-512/training/pexels-photo-7078290.png	medium	256	256	16ab8d15b113784e7a06f59d8b046c0aae029146785d8b5231e4ec88ff25ff35	photo	CID22-512px	fast_deblock	on	7488	71.866013	750.24
/home/lilith/work/codec-corpus/clic2025-1024/2c1f84548ef99faec2b4f9bf12227c83.png	small	64	64	1761db9c5778e37ed12454c3314d1d970285ed454ee293772112c5eec1c6a875	photo	clic2025-1024px-resized	vaq	on_strength_1.0	1237	78.071823	92.24
/home/lilith/work/codec-corpus/CID22/CID22-512/training/pexels-photo-7438498.png	small	64	64	1666e6fa3175c5b0ccffdf21e54fabfd8da038d9f556ebb0fac5731d9f935755	photo	CID22-512px	baseline	default	1272	77.427002	24090.72
/home/lilith/work/codec-corpus/clic2025-1024/2c1f84548ef99faec2b4f9bf12227c83.png	small	64	64	1761db9c5778e37ed12454c3314d1d970285ed454ee293772112c5eec1c6a875	photo	clic2025-1024px-resized	vaq_strength	0.5	1249	78.688896	108.18
/home/lilith/work/codec-corpus/CID22/CID22-512/training/pexels-photo-7438498.png	small	64	64	1666e6fa3175c5b0ccffdf21e54fabfd8da038d9f556ebb0fac5731d9f935755	photo	CID22-512px	qm	off	1360	77.816933	93.42
/home/lilith/work/codec-corpus/clic2025-1024/2c1f84548ef99faec2b4f9bf12227c83.png	small	64	64	1761db9c5778e37ed12454c3314d1d970285ed454ee293772112c5eec1c6a875	photo	clic2025-1024px-resized	vaq_strength	2.0	1209	75.457565	71.23
/home/lilith/work/codec-corpus/CID22/CID22-512/training/pexels-photo-7438498.png	small	64	64	1666e6fa3175c5b0ccffdf21e54fabfd8da038d9f556ebb0fac5731d9f935755	photo	CID22-512px	vaq	on_strength_1.0	1272	77.427002	103.67
/home/lilith/work/codec-corpus/clic2025-1024/2c1f84548ef99faec2b4f9bf12227c83.png	small	64	64	1761db9c5778e37ed12454c3314d1d970285ed454ee293772112c5eec1c6a875	photo	clic2025-1024px-resized	vaq_strength	3.0	1185	76.046356	94.39
/home/lilith/work/codec-corpus/CID22/CID22-512/training/pexels-photo-7438498.png	small	64	64	1666e6fa3175c5b0ccffdf21e54fabfd8da038d9f556ebb0fac5731d9f935755	photo	CID22-512px	vaq_strength	0.5	1291	77.077690	104.59
/home/lilith/work/codec-corpus/clic2025-1024/2c1f84548ef99faec2b4f9bf12227c83.png	small	64	64	1761db9c5778e37ed12454c3314d1d970285ed454ee293772112c5eec1c6a875	photo	clic2025-1024px-resized	tune_still	off	1237	78.272156	97.64
/home/lilith/work/codec-corpus/CID22/CID22-512/training/pexels-photo-7438498.png	small	64	64	1666e6fa3175c5b0ccffdf21e54fabfd8da038d9f556ebb0fac5731d9f935755	photo	CID22-512px	vaq_strength	2.0	1256	77.442123	94.82
/home/lilith/work/codec-corpus/clic2025-1024/2c1f84548ef99faec2b4f9bf12227c83.png	small	64	64	1761db9c5778e37ed12454c3314d1d970285ed454ee293772112c5eec1c6a875	photo	clic2025-1024px-resized	seg_boost	1.5	1223	77.696655	91.00
/home/lilith/work/codec-corpus/CID22/CID22-512/training/pexels-photo-7438498.png	small	64	64	1666e6fa3175c5b0ccffdf21e54fabfd8da038d9f556ebb0fac5731d9f935755	photo	CID22-512px	vaq_strength	3.0	1226	75.197685	88.03
/home/lilith/work/codec-corpus/clic2025-1024/2c1f84548ef99faec2b4f9bf12227c83.png	small	64	64	1761db9c5778e37ed12454c3314d1d970285ed454ee293772112c5eec1c6a875	photo	clic2025-1024px-resized	seg_boost	2.0	1209	75.457565	93.84
/home/lilith/work/codec-corpus/CID22/CID22-512/training/pexels-photo-7438498.png	small	64	64	1666e6fa3175c5b0ccffdf21e54fabfd8da038d9f556ebb0fac5731d9f935755	photo	CID22-512px	tune_still	off	1272	77.640289	111.39
/home/lilith/work/codec-corpus/clic2025-1024/2c1f84548ef99faec2b4f9bf12227c83.png	small	64	64	1761db9c5778e37ed12454c3314d1d970285ed454ee293772112c5eec1c6a875	photo	clic2025-1024px-resized	trellis	on	1240	78.133057	118.90
/home/lilith/work/codec-corpus/CID22/CID22-512/training/pexels-photo-7438498.png	small	64	64	1666e6fa3175c5b0ccffdf21e54fabfd8da038d9f556ebb0fac5731d9f935755	photo	CID22-512px	seg_boost	1.5	1265	76.870392	79.15
/home/lilith/work/codec-corpus/clic2025-1024/2c1f84548ef99faec2b4f9bf12227c83.png	small	64	64	1761db9c5778e37ed12454c3314d1d970285ed454ee293772112c5eec1c6a875	photo	clic2025-1024px-resized	cdef	off	1237	78.071823	98.18
/home/lilith/work/codec-corpus/clic2025-1024/2c1f84548ef99faec2b4f9bf12227c83.png	small	64	64	1761db9c5778e37ed12454c3314d1d970285ed454ee293772112c5eec1c6a875	photo	clic2025-1024px-resized	rdo_tx_decision	off	1274	76.417984	38.21
/home/lilith/work/codec-corpus/CID22/CID22-512/training/pexels-photo-7438498.png	small	64	64	1666e6fa3175c5b0ccffdf21e54fabfd8da038d9f556ebb0fac5731d9f935755	photo	CID22-512px	seg_boost	2.0	1256	77.442123	119.59
/home/lilith/work/codec-corpus/clic2025-1024/2c1f84548ef99faec2b4f9bf12227c83.png	small	64	64	1761db9c5778e37ed12454c3314d1d970285ed454ee293772112c5eec1c6a875	photo	clic2025-1024px-resized	sgr_full	off	1237	78.071823	71.67
/home/lilith/work/codec-corpus/CID22/CID22-512/training/pexels-photo-7438498.png	small	64	64	1666e6fa3175c5b0ccffdf21e54fabfd8da038d9f556ebb0fac5731d9f935755	photo	CID22-512px	trellis	on	1266	76.003860	140.02
/home/lilith/work/codec-corpus/clic2025-1024/2c1f84548ef99faec2b4f9bf12227c83.png	small	64	64	1761db9c5778e37ed12454c3314d1d970285ed454ee293772112c5eec1c6a875	photo	clic2025-1024px-resized	lru_on_skip	on	1237	78.071823	94.56
/home/lilith/work/codec-corpus/CID22/CID22-512/training/pexels-photo-7438498.png	small	64	64	1666e6fa3175c5b0ccffdf21e54fabfd8da038d9f556ebb0fac5731d9f935755	photo	CID22-512px	cdef	off	1272	77.427002	117.41
/home/lilith/work/codec-corpus/clic2025-1024/2c1f84548ef99faec2b4f9bf12227c83.png	small	64	64	1761db9c5778e37ed12454c3314d1d970285ed454ee293772112c5eec1c6a875	photo	clic2025-1024px-resized	segmentation_complex	on	1211	77.577774	148.56
/home/lilith/work/codec-corpus/CID22/CID22-512/training/pexels-photo-7438498.png	small	64	64	1666e6fa3175c5b0ccffdf21e54fabfd8da038d9f556ebb0fac5731d9f935755	photo	CID22-512px	rdo_tx_decision	off	1318	77.372078	38.60
/home/lilith/work/codec-corpus/clic2025-1024/2c1f84548ef99faec2b4f9bf12227c83.png	small	64	64	1761db9c5778e37ed12454c3314d1d970285ed454ee293772112c5eec1c6a875	photo	clic2025-1024px-resized	encode_bottomup	on	1225	72.540733	133.17
/home/lilith/work/codec-corpus/CID22/CID22-512/training/pexels-photo-7438498.png	small	64	64	1666e6fa3175c5b0ccffdf21e54fabfd8da038d9f556ebb0fac5731d9f935755	photo	CID22-512px	sgr_full	off	1272	77.427002	108.22
/home/lilith/work/codec-corpus/clic2025-1024/2c1f84548ef99faec2b4f9bf12227c83.png	small	64	64	1761db9c5778e37ed12454c3314d1d970285ed454ee293772112c5eec1c6a875	photo	clic2025-1024px-resized	partition_range	fine_4_16	1237	78.071823	93.80
/home/lilith/work/codec-corpus/CID22/CID22-512/training/pexels-photo-7438498.png	small	64	64	1666e6fa3175c5b0ccffdf21e54fabfd8da038d9f556ebb0fac5731d9f935755	photo	CID22-512px	lru_on_skip	on	1272	77.427002	122.98
/home/lilith/work/codec-corpus/clic2025-1024/2c1f84548ef99faec2b4f9bf12227c83.png	small	64	64	1761db9c5778e37ed12454c3314d1d970285ed454ee293772112c5eec1c6a875	photo	clic2025-1024px-resized	partition_range	coarse_16_64	1281	77.771500	89.85
/home/lilith/work/codec-corpus/gb82-sc/codec_wiki.png	medium	1024	666	19c10346e6fed9f7af6b1f956bc38cad9edaa99ecd3844cc9fa1389741caf840	screenshot	gb82-screens	baseline	default	16674	85.888329	4836.94
/home/lilith/work/codec-corpus/CID22/CID22-512/training/pexels-photo-7438498.png	small	64	64	1666e6fa3175c5b0ccffdf21e54fabfd8da038d9f556ebb0fac5731d9f935755	photo	CID22-512px	segmentation_complex	on	1262	77.630508	173.64
/home/lilith/work/codec-corpus/CID22/CID22-512/training/pexels-photo-7438498.png	small	64	64	1666e6fa3175c5b0ccffdf21e54fabfd8da038d9f556ebb0fac5731d9f935755	photo	CID22-512px	encode_bottomup	on	1281	69.162842	76.05
/home/lilith/work/codec-corpus/clic2025-1024/2c1f84548ef99faec2b4f9bf12227c83.png	small	64	64	1761db9c5778e37ed12454c3314d1d970285ed454ee293772112c5eec1c6a875	photo	clic2025-1024px-resized	complex_prediction_modes	on	1235	28.249105	194.68
/home/lilith/work/codec-corpus/CID22/CID22-512/training/pexels-photo-7438498.png	small	64	64	1666e6fa3175c5b0ccffdf21e54fabfd8da038d9f556ebb0fac5731d9f935755	photo	CID22-512px	partition_range	fine_4_16	1272	77.427002	108.43
/home/lilith/work/codec-corpus/clic2025-1024/2c1f84548ef99faec2b4f9bf12227c83.png	small	64	64	1761db9c5778e37ed12454c3314d1d970285ed454ee293772112c5eec1c6a875	photo	clic2025-1024px-resized	lrf	off	1237	78.071823	106.68
/home/lilith/work/codec-corpus/CID22/CID22-512/training/pexels-photo-7438498.png	small	64	64	1666e6fa3175c5b0ccffdf21e54fabfd8da038d9f556ebb0fac5731d9f935755	photo	CID22-512px	partition_range	coarse_16_64	1321	77.270325	78.75
/home/lilith/work/codec-corpus/gb82-sc/gmessages.png	medium	478	1024	1617c01d1279e23c298d99665949c0ddd5b111e71dbff01a1dd524b9dc46e702	screenshot	gb82-screens	vaq	on_strength_1.0	15516	86.136986	3231.75
/home/lilith/work/codec-corpus/clic2025-1024/2c1f84548ef99faec2b4f9bf12227c83.png	small	64	64	1761db9c5778e37ed12454c3314d1d970285ed454ee293772112c5eec1c6a875	photo	clic2025-1024px-resized	lrf	on	1245	77.940552	88.89
/home/lilith/work/codec-corpus/clic2025-1024/2c1f84548ef99faec2b4f9bf12227c83.png	small	64	64	1761db9c5778e37ed12454c3314d1d970285ed454ee293772112c5eec1c6a875	photo	clic2025-1024px-resized	fast_deblock	on	1237	77.825043	91.19
/home/lilith/work/codec-corpus/CID22/CID22-512/training/pexels-photo-7438498.png	small	64	64	1666e6fa3175c5b0ccffdf21e54fabfd8da038d9f556ebb0fac5731d9f935755	photo	CID22-512px	complex_prediction_modes	on	1284	-46.046238	196.49
/home/lilith/work/codec-corpus/CID22/CID22-512/training/pexels-photo-7438498.png	small	64	64	1666e6fa3175c5b0ccffdf21e54fabfd8da038d9f556ebb0fac5731d9f935755	photo	CID22-512px	lrf	off	1272	77.427002	109.74
/home/lilith/work/codec-corpus/CID22/CID22-512/training/pexels-photo-7438498.png	small	64	64	1666e6fa3175c5b0ccffdf21e54fabfd8da038d9f556ebb0fac5731d9f935755	photo	CID22-512px	lrf	on	1279	77.420540	104.25
/home/lilith/work/codec-corpus/CID22/CID22-512/training/pexels-photo-7438498.png	small	64	64	1666e6fa3175c5b0ccffdf21e54fabfd8da038d9f556ebb0fac5731d9f935755	photo	CID22-512px	fast_deblock	on	1272	77.166725	97.79
/home/lilith/work/codec-corpus/clic2025-1024/2c1f84548ef99faec2b4f9bf12227c83.png	medium	256	256	1761db9c5778e37ed12454c3314d1d970285ed454ee293772112c5eec1c6a875	photo	clic2025-1024px-resized	baseline	default	6754	76.603485	678.77
/home/lilith/work/codec-corpus/clic2025-1024/2c1f84548ef99faec2b4f9bf12227c83.png	medium	256	256	1761db9c5778e37ed12454c3314d1d970285ed454ee293772112c5eec1c6a875	photo	clic2025-1024px-resized	qm	off	6903	76.944740	603.57
/home/lilith/work/codec-corpus/CID22/CID22-512/training/pexels-photo-7438498.png	medium	256	256	1666e6fa3175c5b0ccffdf21e54fabfd8da038d9f556ebb0fac5731d9f935755	photo	CID22-512px	baseline	default	8580	77.441063	1003.37
/home/lilith/work/codec-corpus/clic2025-1024/2c1f84548ef99faec2b4f9bf12227c83.png	medium	256	256	1761db9c5778e37ed12454c3314d1d970285ed454ee293772112c5eec1c6a875	photo	clic2025-1024px-resized	vaq	on_strength_1.0	6754	76.603485	692.10
/home/lilith/work/codec-corpus/CID22/CID22-512/training/pexels-photo-7438498.png	medium	256	256	1666e6fa3175c5b0ccffdf21e54fabfd8da038d9f556ebb0fac5731d9f935755	photo	CID22-512px	qm	off	9005	77.749512	942.26
/home/lilith/work/codec-corpus/clic2025-1024/2c1f84548ef99faec2b4f9bf12227c83.png	medium	256	256	1761db9c5778e37ed12454c3314d1d970285ed454ee293772112c5eec1c6a875	photo	clic2025-1024px-resized	vaq_strength	0.5	6996	77.437370	513.89
/home/lilith/work/codec-corpus/gb82-sc/gmessages.png	medium	478	1024	1617c01d1279e23c298d99665949c0ddd5b111e71dbff01a1dd524b9dc46e702	screenshot	gb82-screens	vaq_strength	0.5	16261	87.188118	2784.47
/home/lilith/work/codec-corpus/clic2025-1024/2c1f84548ef99faec2b4f9bf12227c83.png	medium	256	256	1761db9c5778e37ed12454c3314d1d970285ed454ee293772112c5eec1c6a875	photo	clic2025-1024px-resized	vaq_strength	2.0	6588	76.579643	704.48
/home/lilith/work/codec-corpus/CID22/CID22-512/training/pexels-photo-7438498.png	medium	256	256	1666e6fa3175c5b0ccffdf21e54fabfd8da038d9f556ebb0fac5731d9f935755	photo	CID22-512px	vaq	on_strength_1.0	8580	77.441063	1073.21
/home/lilith/work/codec-corpus/gb82-sc/codec_wiki.png	medium	1024	666	19c10346e6fed9f7af6b1f956bc38cad9edaa99ecd3844cc9fa1389741caf840	screenshot	gb82-screens	qm	off	16922	85.906563	4590.26
/home/lilith/work/codec-corpus/clic2025-1024/2c1f84548ef99faec2b4f9bf12227c83.png	medium	256	256	1761db9c5778e37ed12454c3314d1d970285ed454ee293772112c5eec1c6a875	photo	clic2025-1024px-resized	vaq_strength	3.0	6585	75.862129	886.47
/home/lilith/work/codec-corpus/CID22/CID22-512/training/pexels-photo-7438498.png	medium	256	256	1666e6fa3175c5b0ccffdf21e54fabfd8da038d9f556ebb0fac5731d9f935755	photo	CID22-512px	vaq_strength	0.5	8882	77.865524	883.86
/home/lilith/work/codec-corpus/clic2025-1024/2c1f84548ef99faec2b4f9bf12227c83.png	medium	256	256	1761db9c5778e37ed12454c3314d1d970285ed454ee293772112c5eec1c6a875	photo	clic2025-1024px-resized	tune_still	off	6754	76.483871	528.87
/home/lilith/work/codec-corpus/clic2025-1024/2c1f84548ef99faec2b4f9bf12227c83.png	medium	256	256	1761db9c5778e37ed12454c3314d1d970285ed454ee293772112c5eec1c6a875	photo	clic2025-1024px-resized	seg_boost	1.5	6677	76.755592	622.56
/home/lilith/work/codec-corpus/CID22/CID22-512/training/pexels-photo-7438498.png	medium	256	256	1666e6fa3175c5b0ccffdf21e54fabfd8da038d9f556ebb0fac5731d9f935755	photo	CID22-512px	vaq_strength	2.0	8019	76.125778	1215.40
/home/lilith/work/codec-corpus/gb82-sc/gmessages.png	medium	478	1024	1617c01d1279e23c298d99665949c0ddd5b111e71dbff01a1dd524b9dc46e702	screenshot	gb82-screens	vaq_strength	2.0	14458	84.072090	3001.63
/home/lilith/work/codec-corpus/clic2025-1024/2c1f84548ef99faec2b4f9bf12227c83.png	medium	256	256	1761db9c5778e37ed12454c3314d1d970285ed454ee293772112c5eec1c6a875	photo	clic2025-1024px-resized	seg_boost	2.0	6588	76.579643	510.16
/home/lilith/work/codec-corpus/CID22/CID22-512/training/pexels-photo-7438498.png	medium	256	256	1666e6fa3175c5b0ccffdf21e54fabfd8da038d9f556ebb0fac5731d9f935755	photo	CID22-512px	vaq_strength	3.0	8026	75.712563	952.49
/home/lilith/work/codec-corpus/clic2025-1024/2c1f84548ef99faec2b4f9bf12227c83.png	medium	256	256	1761db9c5778e37ed12454c3314d1d970285ed454ee293772112c5eec1c6a875	photo	clic2025-1024px-resized	trellis	on	6735	76.942108	1149.35
/home/lilith/work/codec-corpus/CID22/CID22-512/training/pexels-photo-7438498.png	medium	256	256	1666e6fa3175c5b0ccffdf21e54fabfd8da038d9f556ebb0fac5731d9f935755	photo	CID22-512px	tune_still	off	8580	77.379341	720.83
/home/lilith/work/codec-corpus/clic2025-1024/2c1f84548ef99faec2b4f9bf12227c83.png	medium	256	256	1761db9c5778e37ed12454c3314d1d970285ed454ee293772112c5eec1c6a875	photo	clic2025-1024px-resized	cdef	off	6754	76.603485	607.83
/home/lilith/work/codec-corpus/clic2025-1024/2c1f84548ef99faec2b4f9bf12227c83.png	medium	256	256	1761db9c5778e37ed12454c3314d1d970285ed454ee293772112c5eec1c6a875	photo	clic2025-1024px-resized	rdo_tx_decision	off	7000	76.829865	325.28
/home/lilith/work/codec-corpus/CID22/CID22-512/training/pexels-photo-7438498.png	medium	256	256	1666e6fa3175c5b0ccffdf21e54fabfd8da038d9f556ebb0fac5731d9f935755	photo	CID22-512px	seg_boost	1.5	8317	77.310905	912.93
/home/lilith/work/codec-corpus/gb82-sc/gmessages.png	medium	478	1024	1617c01d1279e23c298d99665949c0ddd5b111e71dbff01a1dd524b9dc46e702	screenshot	gb82-screens	vaq_strength	3.0	14071	81.988434	2936.44
/home/lilith/work/codec-corpus/clic2025-1024/2c1f84548ef99faec2b4f9bf12227c83.png	medium	256	256	1761db9c5778e37ed12454c3314d1d970285ed454ee293772112c5eec1c6a875	photo	clic2025-1024px-resized	sgr_full	off	6754	76.603485	539.77
/home/lilith/work/codec-corpus/gb82-sc/codec_wiki.png	medium	1024	666	19c10346e6fed9f7af6b1f956bc38cad9edaa99ecd3844cc9fa1389741caf840	screenshot	gb82-screens	vaq	on_strength_1.0	16674	85.888329	4931.52
/home/lilith/work/codec-corpus/CID22/CID22-512/training/pexels-photo-7438498.png	medium	256	256	1666e6fa3175c5b0ccffdf21e54fabfd8da038d9f556ebb0fac5731d9f935755	photo	CID22-512px	seg_boost	2.0	8019	76.125778	787.07
/home/lilith/work/codec-corpus/clic2025-1024/2c1f84548ef99faec2b4f9bf12227c83.png	medium	256	256	1761db9c5778e37ed12454c3314d1d970285ed454ee293772112c5eec1c6a875	photo	clic2025-1024px-resized	lru_on_skip	on	6754	76.603485	647.05
/home/lilith/work/codec-corpus/clic2025-1024/2c1f84548ef99faec2b4f9bf12227c83.png	medium	256	256	1761db9c5778e37ed12454c3314d1d970285ed454ee293772112c5eec1c6a875	photo	clic2025-1024px-resized	segmentation_complex	on	6426	76.021149	919.11
/home/lilith/work/codec-corpus/CID22/CID22-512/training/pexels-photo-7438498.png	medium	256	256	1666e6fa3175c5b0ccffdf21e54fabfd8da038d9f556ebb0fac5731d9f935755	photo	CID22-512px	trellis	on	8523	77.212730	1416.50
/home/lilith/work/codec-corpus/clic2025-1024/2c1f84548ef99faec2b4f9bf12227c83.png	medium	256	256	1761db9c5778e37ed12454c3314d1d970285ed454ee293772112c5eec1c6a875	photo	clic2025-1024px-resized	encode_bottomup	on	6741	74.597672	1148.65
/home/lilith/work/codec-corpus/CID22/CID22-512/training/pexels-photo-7438498.png	medium	256	256	1666e6fa3175c5b0ccffdf21e54fabfd8da038d9f556ebb0fac5731d9f935755	photo	CID22-512px	cdef	off	8580	77.441063	922.48
/home/lilith/work/codec-corpus/CID22/CID22-512/training/pexels-photo-7438498.png	medium	256	256	1666e6fa3175c5b0ccffdf21e54fabfd8da038d9f556ebb0fac5731d9f935755	photo	CID22-512px	rdo_tx_decision	off	8844	77.391029	300.34
/home/lilith/work/codec-corpus/gb82-sc/gmessages.png	medium	478	1024	1617c01d1279e23c298d99665949c0ddd5b111e71dbff01a1dd524b9dc46e702	screenshot	gb82-screens	tune_still	off	15516	86.126602	3216.86
/home/lilith/work/codec-corpus/clic2025-1024/2c1f84548ef99faec2b4f9bf12227c83.png	medium	256	256	1761db9c5778e37ed12454c3314d1d970285ed454ee293772112c5eec1c6a875	photo	clic2025-1024px-resized	partition_range	fine_4_16	6754	76.603485	596.89
/home/lilith/work/codec-corpus/clic2025-1024/2c1f84548ef99faec2b4f9bf12227c83.png	medium	256	256	1761db9c5778e37ed12454c3314d1d970285ed454ee293772112c5eec1c6a875	photo	clic2025-1024px-resized	partition_range	coarse_16_64	6940	76.598534	567.55
/home/lilith/work/codec-corpus/CID22/CID22-512/training/pexels-photo-7438498.png	medium	256	256	1666e6fa3175c5b0ccffdf21e54fabfd8da038d9f556ebb0fac5731d9f935755	photo	CID22-512px	sgr_full	off	8580	77.441063	814.45
/home/lilith/work/codec-corpus/CID22/CID22-512/training/pexels-photo-7438498.png	medium	256	256	1666e6fa3175c5b0ccffdf21e54fabfd8da038d9f556ebb0fac5731d9f935755	photo	CID22-512px	lru_on_skip	on	8580	77.441063	643.53
/home/lilith/work/codec-corpus/gb82-sc/codec_wiki.png	medium	1024	666	19c10346e6fed9f7af6b1f956bc38cad9edaa99ecd3844cc9fa1389741caf840	screenshot	gb82-screens	vaq_strength	0.5	17279	85.297043	4814.81
/home/lilith/work/codec-corpus/clic2025-1024/2c1f84548ef99faec2b4f9bf12227c83.png	medium	256	256	1761db9c5778e37ed12454c3314d1d970285ed454ee293772112c5eec1c6a875	photo	clic2025-1024px-resized	complex_prediction_modes	on	6712	37.636574	1611.11
/home/lilith/work/codec-corpus/CID22/CID22-512/training/pexels-photo-7438498.png	medium	256	256	1666e6fa3175c5b0ccffdf21e54fabfd8da038d9f556ebb0fac5731d9f935755	photo	CID22-512px	segmentation_complex	on	8241	76.344345	1542.50
/home/lilith/work/codec-corpus/clic2025-1024/2c1f84548ef99faec2b4f9bf12227c83.png	medium	256	256	1761db9c5778e37ed12454c3314d1d970285ed454ee293772112c5eec1c6a875	photo	clic2025-1024px-resized	lrf	off	6754	76.603485	645.02
/home/lilith/work/codec-corpus/gb82-sc/gmessages.png	medium	478	1024	1617c01d1279e23c298d99665949c0ddd5b111e71dbff01a1dd524b9dc46e702	screenshot	gb82-screens	seg_boost	1.5	15001	85.633316	3157.15
/home/lilith/work/codec-corpus/clic2025-1024/2c1f84548ef99faec2b4f9bf12227c83.png	medium	256	256	1761db9c5778e37ed12454c3314d1d970285ed454ee293772112c5eec1c6a875	photo	clic2025-1024px-resized	lrf	on	6815	76.534821	677.81
/home/lilith/work/codec-corpus/CID22/CID22-512/training/pexels-photo-7438498.png	medium	256	256	1666e6fa3175c5b0ccffdf21e54fabfd8da038d9f556ebb0fac5731d9f935755	photo	CID22-512px	encode_bottomup	on	8382	69.497231	1287.31
/home/lilith/work/codec-corpus/clic2025-1024/2c1f84548ef99faec2b4f9bf12227c83.png	medium	256	256	1761db9c5778e37ed12454c3314d1d970285ed454ee293772112c5eec1c6a875	photo	clic2025-1024px-resized	fast_deblock	on	6754	76.536224	728.18
/home/lilith/work/codec-corpus/CID22/CID22-512/training/pexels-photo-7438498.png	medium	256	256	1666e6fa3175c5b0ccffdf21e54fabfd8da038d9f556ebb0fac5731d9f935755	photo	CID22-512px	partition_range	fine_4_16	8580	77.441063	847.11
/home/lilith/work/codec-corpus/CID22/CID22-512/training/pexels-photo-7438498.png	medium	256	256	1666e6fa3175c5b0ccffdf21e54fabfd8da038d9f556ebb0fac5731d9f935755	photo	CID22-512px	partition_range	coarse_16_64	8993	77.070457	830.85
/home/lilith/work/codec-corpus/gb82-sc/gmessages.png	medium	478	1024	1617c01d1279e23c298d99665949c0ddd5b111e71dbff01a1dd524b9dc46e702	screenshot	gb82-screens	seg_boost	2.0	14458	84.072090	3325.90
/home/lilith/work/codec-corpus/gb82-sc/codec_wiki.png	medium	1024	666	19c10346e6fed9f7af6b1f956bc38cad9edaa99ecd3844cc9fa1389741caf840	screenshot	gb82-screens	vaq_strength	2.0	16000	81.316147	4760.51
/home/lilith/work/codec-corpus/CID22/CID22-512/training/pexels-photo-7438498.png	medium	256	256	1666e6fa3175c5b0ccffdf21e54fabfd8da038d9f556ebb0fac5731d9f935755	photo	CID22-512px	complex_prediction_modes	on	8551	33.466103	1482.38
/home/lilith/work/codec-corpus/CID22/CID22-512/training/pexels-photo-7438498.png	medium	256	256	1666e6fa3175c5b0ccffdf21e54fabfd8da038d9f556ebb0fac5731d9f935755	photo	CID22-512px	lrf	off	8580	77.441063	948.21
/home/lilith/work/codec-corpus/CID22/CID22-512/training/pexels-photo-7438498.png	medium	256	256	1666e6fa3175c5b0ccffdf21e54fabfd8da038d9f556ebb0fac5731d9f935755	photo	CID22-512px	lrf	on	8645	77.663727	1203.72
/home/lilith/work/codec-corpus/gb82-sc/gmessages.png	medium	478	1024	1617c01d1279e23c298d99665949c0ddd5b111e71dbff01a1dd524b9dc46e702	screenshot	gb82-screens	trellis	on	15515	86.112740	4153.63
/home/lilith/work/codec-corpus/CID22/CID22-512/training/pexels-photo-7438498.png	medium	256	256	1666e6fa3175c5b0ccffdf21e54fabfd8da038d9f556ebb0fac5731d9f935755	photo	CID22-512px	fast_deblock	on	8580	77.363197	1068.09
/home/lilith/work/codec-corpus/kadid10k/I52.png	tiny	64	48	178cc5a51fa10b0f0a8f779e93c54b5d05de827253b0aa34bf909cf95a5cc6d3	mixed	kadid10k-distortion-set	baseline	default	1597	-75.256760	50322.27
/home/lilith/work/codec-corpus/clic2025-1024/2c1f84548ef99faec2b4f9bf12227c83.png	large	1024	1024	1761db9c5778e37ed12454c3314d1d970285ed454ee293772112c5eec1c6a875	photo	clic2025-1024px-resized	baseline	default	42771	76.624214	6574.26
/home/lilith/work/codec-corpus/kadid10k/I52.png	tiny	64	48	178cc5a51fa10b0f0a8f779e93c54b5d05de827253b0aa34bf909cf95a5cc6d3	mixed	kadid10k-distortion-set	qm	off	1709	-53.991737	173.72
/home/lilith/work/codec-corpus/kadid10k/I52.png	tiny	64	48	178cc5a51fa10b0f0a8f779e93c54b5d05de827253b0aa34bf909cf95a5cc6d3	mixed	kadid10k-distortion-set	vaq	on_strength_1.0	1597	-75.256760	157.65
/home/lilith/work/codec-corpus/kadid10k/I52.png	tiny	64	48	178cc5a51fa10b0f0a8f779e93c54b5d05de827253b0aa34bf909cf95a5cc6d3	mixed	kadid10k-distortion-set	vaq_strength	0.5	1605	-90.994591	108.50
/home/lilith/work/codec-corpus/kadid10k/I52.png	tiny	64	48	178cc5a51fa10b0f0a8f779e93c54b5d05de827253b0aa34bf909cf95a5cc6d3	mixed	kadid10k-distortion-set	vaq_strength	2.0	1586	-62.288929	77.78
/home/lilith/work/codec-corpus/kadid10k/I52.png	tiny	64	48	178cc5a51fa10b0f0a8f779e93c54b5d05de827253b0aa34bf909cf95a5cc6d3	mixed	kadid10k-distortion-set	vaq_strength	3.0	1590	-60.861328	174.76
/home/lilith/work/codec-corpus/kadid10k/I52.png	tiny	64	48	178cc5a51fa10b0f0a8f779e93c54b5d05de827253b0aa34bf909cf95a5cc6d3	mixed	kadid10k-distortion-set	tune_still	off	1597	-73.643326	128.54
/home/lilith/work/codec-corpus/kadid10k/I52.png	tiny	64	48	178cc5a51fa10b0f0a8f779e93c54b5d05de827253b0aa34bf909cf95a5cc6d3	mixed	kadid10k-distortion-set	seg_boost	1.5	1601	-75.994919	124.27
/home/lilith/work/codec-corpus/kadid10k/I52.png	tiny	64	48	178cc5a51fa10b0f0a8f779e93c54b5d05de827253b0aa34bf909cf95a5cc6d3	mixed	kadid10k-distortion-set	seg_boost	2.0	1586	-62.288929	161.38
/home/lilith/work/codec-corpus/kadid10k/I52.png	tiny	64	48	178cc5a51fa10b0f0a8f779e93c54b5d05de827253b0aa34bf909cf95a5cc6d3	mixed	kadid10k-distortion-set	trellis	on	1598	-79.734932	225.43
/home/lilith/work/codec-corpus/gb82-sc/codec_wiki.png	medium	1024	666	19c10346e6fed9f7af6b1f956bc38cad9edaa99ecd3844cc9fa1389741caf840	screenshot	gb82-screens	vaq_strength	3.0	15529	81.137909	6273.04
/home/lilith/work/codec-corpus/kadid10k/I52.png	tiny	64	48	178cc5a51fa10b0f0a8f779e93c54b5d05de827253b0aa34bf909cf95a5cc6d3	mixed	kadid10k-distortion-set	cdef	off	1597	-75.256760	127.44
/home/lilith/work/codec-corpus/kadid10k/I52.png	tiny	64	48	178cc5a51fa10b0f0a8f779e93c54b5d05de827253b0aa34bf909cf95a5cc6d3	mixed	kadid10k-distortion-set	rdo_tx_decision	off	1609	-82.706749	83.95
/home/lilith/work/codec-corpus/kadid10k/I52.png	tiny	64	48	178cc5a51fa10b0f0a8f779e93c54b5d05de827253b0aa34bf909cf95a5cc6d3	mixed	kadid10k-distortion-set	sgr_full	off	1597	-75.256760	77.95
/home/lilith/work/codec-corpus/kadid10k/I52.png	tiny	64	48	178cc5a51fa10b0f0a8f779e93c54b5d05de827253b0aa34bf909cf95a5cc6d3	mixed	kadid10k-distortion-set	lru_on_skip	on	1597	-75.256760	110.51
/home/lilith/work/codec-corpus/gb82-sc/gmessages.png	medium	478	1024	1617c01d1279e23c298d99665949c0ddd5b111e71dbff01a1dd524b9dc46e702	screenshot	gb82-screens	cdef	off	15516	86.136986	2767.06
/home/lilith/work/codec-corpus/kadid10k/I52.png	tiny	64	48	178cc5a51fa10b0f0a8f779e93c54b5d05de827253b0aa34bf909cf95a5cc6d3	mixed	kadid10k-distortion-set	segmentation_complex	on	1554	-72.036850	294.61
/home/lilith/work/codec-corpus/kadid10k/I52.png	tiny	64	48	178cc5a51fa10b0f0a8f779e93c54b5d05de827253b0aa34bf909cf95a5cc6d3	mixed	kadid10k-distortion-set	encode_bottomup	on	1597	-75.256760	145.10
/home/lilith/work/codec-corpus/kadid10k/I52.png	tiny	64	48	178cc5a51fa10b0f0a8f779e93c54b5d05de827253b0aa34bf909cf95a5cc6d3	mixed	kadid10k-distortion-set	partition_range	fine_4_16	1597	-75.256760	113.24
/home/lilith/work/codec-corpus/kadid10k/I52.png	tiny	64	48	178cc5a51fa10b0f0a8f779e93c54b5d05de827253b0aa34bf909cf95a5cc6d3	mixed	kadid10k-distortion-set	partition_range	coarse_16_64	1640	-66.471367	102.83
/home/lilith/work/codec-corpus/kadid10k/I52.png	tiny	64	48	178cc5a51fa10b0f0a8f779e93c54b5d05de827253b0aa34bf909cf95a5cc6d3	mixed	kadid10k-distortion-set	complex_prediction_modes	on	1602	-81.281570	378.68
/home/lilith/work/codec-corpus/gb82-sc/gmessages.png	medium	478	1024	1617c01d1279e23c298d99665949c0ddd5b111e71dbff01a1dd524b9dc46e702	screenshot	gb82-screens	rdo_tx_decision	off	15902	84.929634	897.32
/home/lilith/work/codec-corpus/kadid10k/I52.png	tiny	64	48	178cc5a51fa10b0f0a8f779e93c54b5d05de827253b0aa34bf909cf95a5cc6d3	mixed	kadid10k-distortion-set	lrf	off	1597	-75.256760	157.71
/home/lilith/work/codec-corpus/kadid10k/I52.png	tiny	64	48	178cc5a51fa10b0f0a8f779e93c54b5d05de827253b0aa34bf909cf95a5cc6d3	mixed	kadid10k-distortion-set	lrf	on	1607	-75.316414	166.39
/home/lilith/work/codec-corpus/kadid10k/I52.png	tiny	64	48	178cc5a51fa10b0f0a8f779e93c54b5d05de827253b0aa34bf909cf95a5cc6d3	mixed	kadid10k-distortion-set	fast_deblock	on	1597	-75.285408	82.81
/home/lilith/work/codec-corpus/kadid10k/I52.png	small	256	192	178cc5a51fa10b0f0a8f779e93c54b5d05de827253b0aa34bf909cf95a5cc6d3	mixed	kadid10k-distortion-set	baseline	default	9319	77.018234	744.03
/home/lilith/work/codec-corpus/kadid10k/I52.png	small	256	192	178cc5a51fa10b0f0a8f779e93c54b5d05de827253b0aa34bf909cf95a5cc6d3	mixed	kadid10k-distortion-set	qm	off	9848	77.246399	619.81
/home/lilith/work/codec-corpus/kadid10k/I52.png	small	256	192	178cc5a51fa10b0f0a8f779e93c54b5d05de827253b0aa34bf909cf95a5cc6d3	mixed	kadid10k-distortion-set	vaq	on_strength_1.0	9319	77.018234	843.04
/home/lilith/work/codec-corpus/gb82-sc/codec_wiki.png	medium	1024	666	19c10346e6fed9f7af6b1f956bc38cad9edaa99ecd3844cc9fa1389741caf840	screenshot	gb82-screens	tune_still	off	16674	85.801315	4448.93
/home/lilith/work/codec-corpus/gb82-sc/gmessages.png	medium	478	1024	1617c01d1279e23c298d99665949c0ddd5b111e71dbff01a1dd524b9dc46e702	screenshot	gb82-screens	sgr_full	off	15516	86.136986	3131.50
/home/lilith/work/codec-corpus/kadid10k/I52.png	small	256	192	178cc5a51fa10b0f0a8f779e93c54b5d05de827253b0aa34bf909cf95a5cc6d3	mixed	kadid10k-distortion-set	vaq_strength	0.5	9726	77.324326	633.59
/home/lilith/work/codec-corpus/kadid10k/I52.png	small	256	192	178cc5a51fa10b0f0a8f779e93c54b5d05de827253b0aa34bf909cf95a5cc6d3	mixed	kadid10k-distortion-set	vaq_strength	2.0	8773	75.752068	550.44
/home/lilith/work/codec-corpus/kadid10k/I52.png	small	256	192	178cc5a51fa10b0f0a8f779e93c54b5d05de827253b0aa34bf909cf95a5cc6d3	mixed	kadid10k-distortion-set	vaq_strength	3.0	8557	73.902664	672.04
/home/lilith/work/codec-corpus/clic2025-1024/2c1f84548ef99faec2b4f9bf12227c83.png	large	1024	1024	1761db9c5778e37ed12454c3314d1d970285ed454ee293772112c5eec1c6a875	photo	clic2025-1024px-resized	qm	off	43628	76.798401	8017.18
/home/lilith/work/codec-corpus/kadid10k/I52.png	small	256	192	178cc5a51fa10b0f0a8f779e93c54b5d05de827253b0aa34bf909cf95a5cc6d3	mixed	kadid10k-distortion-set	tune_still	off	9319	77.016838	534.48
/home/lilith/work/codec-corpus/kadid10k/I52.png	small	256	192	178cc5a51fa10b0f0a8f779e93c54b5d05de827253b0aa34bf909cf95a5cc6d3	mixed	kadid10k-distortion-set	seg_boost	1.5	9024	76.208351	866.58
/home/lilith/work/codec-corpus/gb82-sc/gmessages.png	medium	478	1024	1617c01d1279e23c298d99665949c0ddd5b111e71dbff01a1dd524b9dc46e702	screenshot	gb82-screens	lru_on_skip	on	15516	86.136986	2902.33
/home/lilith/work/codec-corpus/kadid10k/I52.png	small	256	192	178cc5a51fa10b0f0a8f779e93c54b5d05de827253b0aa34bf909cf95a5cc6d3	mixed	kadid10k-distortion-set	seg_boost	2.0	8773	75.752068	832.32
/home/lilith/work/codec-corpus/gb82-sc/codec_wiki.png	medium	1024	666	19c10346e6fed9f7af6b1f956bc38cad9edaa99ecd3844cc9fa1389741caf840	screenshot	gb82-screens	seg_boost	1.5	16272	84.384682	4598.75
/home/lilith/work/codec-corpus/kadid10k/I52.png	small	256	192	178cc5a51fa10b0f0a8f779e93c54b5d05de827253b0aa34bf909cf95a5cc6d3	mixed	kadid10k-distortion-set	trellis	on	9385	77.197906	1207.34
/home/lilith/work/codec-corpus/kadid10k/I52.png	small	256	192	178cc5a51fa10b0f0a8f779e93c54b5d05de827253b0aa34bf909cf95a5cc6d3	mixed	kadid10k-distortion-set	cdef	off	9319	77.018234	738.81
/home/lilith/work/codec-corpus/kadid10k/I52.png	small	256	192	178cc5a51fa10b0f0a8f779e93c54b5d05de827253b0aa34bf909cf95a5cc6d3	mixed	kadid10k-distortion-set	rdo_tx_decision	off	9500	76.850525	349.61
/home/lilith/work/codec-corpus/kadid10k/I52.png	small	256	192	178cc5a51fa10b0f0a8f779e93c54b5d05de827253b0aa34bf909cf95a5cc6d3	mixed	kadid10k-distortion-set	sgr_full	off	9319	77.018234	868.58
/home/lilith/work/codec-corpus/kadid10k/I52.png	small	256	192	178cc5a51fa10b0f0a8f779e93c54b5d05de827253b0aa34bf909cf95a5cc6d3	mixed	kadid10k-distortion-set	lru_on_skip	on	9319	77.018234	808.05
/home/lilith/work/codec-corpus/gb82-sc/gmessages.png	medium	478	1024	1617c01d1279e23c298d99665949c0ddd5b111e71dbff01a1dd524b9dc46e702	screenshot	gb82-screens	segmentation_complex	on	15229	85.908897	5387.90
/home/lilith/work/codec-corpus/gb82-sc/codec_wiki.png	medium	1024	666	19c10346e6fed9f7af6b1f956bc38cad9edaa99ecd3844cc9fa1389741caf840	screenshot	gb82-screens	seg_boost	2.0	16000	81.316147	4329.08
/home/lilith/work/codec-corpus/kadid10k/I52.png	small	256	192	178cc5a51fa10b0f0a8f779e93c54b5d05de827253b0aa34bf909cf95a5cc6d3	mixed	kadid10k-distortion-set	segmentation_complex	on	9152	76.696999	1064.74
/home/lilith/work/codec-corpus/clic2025-1024/2c1f84548ef99faec2b4f9bf12227c83.png	large	1024	1024	1761db9c5778e37ed12454c3314d1d970285ed454ee293772112c5eec1c6a875	photo	clic2025-1024px-resized	vaq	on_strength_1.0	42771	76.624214	7293.52
/home/lilith/work/codec-corpus/kadid10k/I52.png	small	256	192	178cc5a51fa10b0f0a8f779e93c54b5d05de827253b0aa34bf909cf95a5cc6d3	mixed	kadid10k-distortion-set	encode_bottomup	on	8976	70.061478	875.04
/home/lilith/work/codec-corpus/kadid10k/I52.png	small	256	192	178cc5a51fa10b0f0a8f779e93c54b5d05de827253b0aa34bf909cf95a5cc6d3	mixed	kadid10k-distortion-set	partition_range	fine_4_16	9319	77.018234	588.09
/home/lilith/work/codec-corpus/kadid10k/I52.png	small	256	192	178cc5a51fa10b0f0a8f779e93c54b5d05de827253b0aa34bf909cf95a5cc6d3	mixed	kadid10k-distortion-set	partition_range	coarse_16_64	10869	76.100586	726.95
/home/lilith/work/codec-corpus/gb82-sc/gmessages.png	medium	478	1024	1617c01d1279e23c298d99665949c0ddd5b111e71dbff01a1dd524b9dc46e702	screenshot	gb82-screens	encode_bottomup	on	15135	56.376701	3504.27
/home/lilith/work/codec-corpus/kadid10k/I52.png	small	256	192	178cc5a51fa10b0f0a8f779e93c54b5d05de827253b0aa34bf909cf95a5cc6d3	mixed	kadid10k-distortion-set	complex_prediction_modes	on	9154	44.647350	1858.71
/home/lilith/work/codec-corpus/kadid10k/I52.png	small	256	192	178cc5a51fa10b0f0a8f779e93c54b5d05de827253b0aa34bf909cf95a5cc6d3	mixed	kadid10k-distortion-set	lrf	off	9319	77.018234	653.92
/home/lilith/work/codec-corpus/gb82-sc/codec_wiki.png	medium	1024	666	19c10346e6fed9f7af6b1f956bc38cad9edaa99ecd3844cc9fa1389741caf840	screenshot	gb82-screens	trellis	on	16775	85.266464	5431.71
/home/lilith/work/codec-corpus/kadid10k/I52.png	small	256	192	178cc5a51fa10b0f0a8f779e93c54b5d05de827253b0aa34bf909cf95a5cc6d3	mixed	kadid10k-distortion-set	lrf	on	9387	77.490883	749.25
/home/lilith/work/codec-corpus/gb82-sc/gmessages.png	medium	478	1024	1617c01d1279e23c298d99665949c0ddd5b111e71dbff01a1dd524b9dc46e702	screenshot	gb82-screens	partition_range	fine_4_16	15516	86.136986	2972.77
/home/lilith/work/codec-corpus/kadid10k/I52.png	small	256	192	178cc5a51fa10b0f0a8f779e93c54b5d05de827253b0aa34bf909cf95a5cc6d3	mixed	kadid10k-distortion-set	fast_deblock	on	9319	76.951141	591.14
/home/lilith/work/codec-corpus/kadid10k/I43.png	tiny	64	48	19b7c15ad86a7d2bb9712e7a716aa14409f95bed7e2fe2a85b769368b04a19d6	mixed	kadid10k-distortion-set	baseline	default	773	-13.774329	72775.39
/home/lilith/work/codec-corpus/kadid10k/I43.png	tiny	64	48	19b7c15ad86a7d2bb9712e7a716aa14409f95bed7e2fe2a85b769368b04a19d6	mixed	kadid10k-distortion-set	qm	off	791	-10.676131	74.71
/home/lilith/work/codec-corpus/kadid10k/I43.png	tiny	64	48	19b7c15ad86a7d2bb9712e7a716aa14409f95bed7e2fe2a85b769368b04a19d6	mixed	kadid10k-distortion-set	vaq	on_strength_1.0	773	-13.774329	67.51
/home/lilith/work/codec-corpus/kadid10k/I43.png	tiny	64	48	19b7c15ad86a7d2bb9712e7a716aa14409f95bed7e2fe2a85b769368b04a19d6	mixed	kadid10k-distortion-set	vaq_strength	0.5	777	-9.809636	82.55
/home/lilith/work/codec-corpus/kadid10k/I43.png	tiny	64	48	19b7c15ad86a7d2bb9712e7a716aa14409f95bed7e2fe2a85b769368b04a19d6	mixed	kadid10k-distortion-set	vaq_strength	2.0	770	-13.863971	101.78
/home/lilith/work/codec-corpus/kadid10k/I43.png	tiny	64	48	19b7c15ad86a7d2bb9712e7a716aa14409f95bed7e2fe2a85b769368b04a19d6	mixed	kadid10k-distortion-set	vaq_strength	3.0	782	-14.920120	116.81
/home/lilith/work/codec-corpus/kadid10k/I43.png	tiny	64	48	19b7c15ad86a7d2bb9712e7a716aa14409f95bed7e2fe2a85b769368b04a19d6	mixed	kadid10k-distortion-set	tune_still	off	773	-11.977558	98.56
/home/lilith/work/codec-corpus/kadid10k/I43.png	tiny	64	48	19b7c15ad86a7d2bb9712e7a716aa14409f95bed7e2fe2a85b769368b04a19d6	mixed	kadid10k-distortion-set	seg_boost	1.5	763	-16.734543	70.24
/home/lilith/work/codec-corpus/kadid10k/I43.png	tiny	64	48	19b7c15ad86a7d2bb9712e7a716aa14409f95bed7e2fe2a85b769368b04a19d6	mixed	kadid10k-distortion-set	seg_boost	2.0	770	-13.863971	114.35
/home/lilith/work/codec-corpus/kadid10k/I43.png	tiny	64	48	19b7c15ad86a7d2bb9712e7a716aa14409f95bed7e2fe2a85b769368b04a19d6	mixed	kadid10k-distortion-set	trellis	on	763	-10.559475	212.64
/home/lilith/work/codec-corpus/kadid10k/I43.png	tiny	64	48	19b7c15ad86a7d2bb9712e7a716aa14409f95bed7e2fe2a85b769368b04a19d6	mixed	kadid10k-distortion-set	cdef	off	773	-13.774329	139.01
/home/lilith/work/codec-corpus/kadid10k/I43.png	tiny	64	48	19b7c15ad86a7d2bb9712e7a716aa14409f95bed7e2fe2a85b769368b04a19d6	mixed	kadid10k-distortion-set	rdo_tx_decision	off	779	-9.056117	50.98
/home/lilith/work/codec-corpus/kadid10k/I43.png	tiny	64	48	19b7c15ad86a7d2bb9712e7a716aa14409f95bed7e2fe2a85b769368b04a19d6	mixed	kadid10k-distortion-set	sgr_full	off	773	-13.774329	135.82
/home/lilith/work/codec-corpus/kadid10k/I43.png	tiny	64	48	19b7c15ad86a7d2bb9712e7a716aa14409f95bed7e2fe2a85b769368b04a19d6	mixed	kadid10k-distortion-set	lru_on_skip	on	773	-13.774329	118.24
/home/lilith/work/codec-corpus/clic2025-1024/2c1f84548ef99faec2b4f9bf12227c83.png	large	1024	1024	1761db9c5778e37ed12454c3314d1d970285ed454ee293772112c5eec1c6a875	photo	clic2025-1024px-resized	vaq_strength	0.5	43938	76.966064	8103.49
/home/lilith/work/codec-corpus/kadid10k/I43.png	tiny	64	48	19b7c15ad86a7d2bb9712e7a716aa14409f95bed7e2fe2a85b769368b04a19d6	mixed	kadid10k-distortion-set	segmentation_complex	on	765	-12.177592	259.09
/home/lilith/work/codec-corpus/kadid10k/I43.png	tiny	64	48	19b7c15ad86a7d2bb9712e7a716aa14409f95bed7e2fe2a85b769368b04a19d6	mixed	kadid10k-distortion-set	encode_bottomup	on	773	-13.774329	91.30
/home/lilith/work/codec-corpus/kadid10k/I43.png	tiny	64	48	19b7c15ad86a7d2bb9712e7a716aa14409f95bed7e2fe2a85b769368b04a19d6	mixed	kadid10k-distortion-set	partition_range	fine_4_16	773	-13.774329	85.17
/home/lilith/work/codec-corpus/kadid10k/I43.png	tiny	64	48	19b7c15ad86a7d2bb9712e7a716aa14409f95bed7e2fe2a85b769368b04a19d6	mixed	kadid10k-distortion-set	partition_range	coarse_16_64	794	-6.666006	86.12
/home/lilith/work/codec-corpus/kadid10k/I43.png	tiny	64	48	19b7c15ad86a7d2bb9712e7a716aa14409f95bed7e2fe2a85b769368b04a19d6	mixed	kadid10k-distortion-set	complex_prediction_modes	on	774	-10.032570	228.76
/home/lilith/work/codec-corpus/kadid10k/I43.png	tiny	64	48	19b7c15ad86a7d2bb9712e7a716aa14409f95bed7e2fe2a85b769368b04a19d6	mixed	kadid10k-distortion-set	lrf	off	773	-13.774329	143.48
/home/lilith/work/codec-corpus/kadid10k/I43.png	tiny	64	48	19b7c15ad86a7d2bb9712e7a716aa14409f95bed7e2fe2a85b769368b04a19d6	mixed	kadid10k-distortion-set	lrf	on	779	-8.991923	138.06
/home/lilith/work/codec-corpus/kadid10k/I43.png	tiny	64	48	19b7c15ad86a7d2bb9712e7a716aa14409f95bed7e2fe2a85b769368b04a19d6	mixed	kadid10k-distortion-set	fast_deblock	on	773	-13.310394	66.07
/home/lilith/work/codec-corpus/gb82-sc/codec_wiki.png	medium	1024	666	19c10346e6fed9f7af6b1f956bc38cad9edaa99ecd3844cc9fa1389741caf840	screenshot	gb82-screens	cdef	off	16674	85.888329	4426.44
/home/lilith/work/codec-corpus/gb82-sc/gmessages.png	medium	478	1024	1617c01d1279e23c298d99665949c0ddd5b111e71dbff01a1dd524b9dc46e702	screenshot	gb82-screens	partition_range	coarse_16_64	16968	85.592827	3778.30
/home/lilith/work/codec-corpus/kadid10k/I43.png	small	256	192	19b7c15ad86a7d2bb9712e7a716aa14409f95bed7e2fe2a85b769368b04a19d6	mixed	kadid10k-distortion-set	baseline	default	5728	75.535301	698.70
/home/lilith/work/codec-corpus/kadid10k/I43.png	small	256	192	19b7c15ad86a7d2bb9712e7a716aa14409f95bed7e2fe2a85b769368b04a19d6	mixed	kadid10k-distortion-set	qm	off	6042	75.881020	545.08
/home/lilith/work/codec-corpus/gb82-sc/codec_wiki.png	medium	1024	666	19c10346e6fed9f7af6b1f956bc38cad9edaa99ecd3844cc9fa1389741caf840	screenshot	gb82-screens	rdo_tx_decision	off	17346	83.165802	1282.09
/home/lilith/work/codec-corpus/kadid10k/I43.png	small	256	192	19b7c15ad86a7d2bb9712e7a716aa14409f95bed7e2fe2a85b769368b04a19d6	mixed	kadid10k-distortion-set	vaq	on_strength_1.0	5728	75.535301	592.51
/home/lilith/work/codec-corpus/kadid10k/I43.png	small	256	192	19b7c15ad86a7d2bb9712e7a716aa14409f95bed7e2fe2a85b769368b04a19d6	mixed	kadid10k-distortion-set	vaq_strength	0.5	6045	76.538376	679.50
/home/lilith/work/codec-corpus/kadid10k/I43.png	small	256	192	19b7c15ad86a7d2bb9712e7a716aa14409f95bed7e2fe2a85b769368b04a19d6	mixed	kadid10k-distortion-set	vaq_strength	2.0	5362	73.579887	580.38
/home/lilith/work/codec-corpus/kadid10k/I43.png	small	256	192	19b7c15ad86a7d2bb9712e7a716aa14409f95bed7e2fe2a85b769368b04a19d6	mixed	kadid10k-distortion-set	vaq_strength	3.0	5240	72.329033	572.47
/home/lilith/work/codec-corpus/kadid10k/I43.png	small	256	192	19b7c15ad86a7d2bb9712e7a716aa14409f95bed7e2fe2a85b769368b04a19d6	mixed	kadid10k-distortion-set	tune_still	off	5728	75.633339	572.02
/home/lilith/work/codec-corpus/kadid10k/I43.png	small	256	192	19b7c15ad86a7d2bb9712e7a716aa14409f95bed7e2fe2a85b769368b04a19d6	mixed	kadid10k-distortion-set	seg_boost	1.5	5560	74.410294	567.91
/home/lilith/work/codec-corpus/kadid10k/I43.png	small	256	192	19b7c15ad86a7d2bb9712e7a716aa14409f95bed7e2fe2a85b769368b04a19d6	mixed	kadid10k-distortion-set	seg_boost	2.0	5362	73.579887	489.93
/home/lilith/work/codec-corpus/gb82-sc/codec_wiki.png	medium	1024	666	19c10346e6fed9f7af6b1f956bc38cad9edaa99ecd3844cc9fa1389741caf840	screenshot	gb82-screens	sgr_full	off	16674	85.888329	4235.23
/home/lilith/work/codec-corpus/kadid10k/I43.png	small	256	192	19b7c15ad86a7d2bb9712e7a716aa14409f95bed7e2fe2a85b769368b04a19d6	mixed	kadid10k-distortion-set	trellis	on	5726	75.198349	973.16
/home/lilith/work/codec-corpus/kadid10k/I43.png	small	256	192	19b7c15ad86a7d2bb9712e7a716aa14409f95bed7e2fe2a85b769368b04a19d6	mixed	kadid10k-distortion-set	cdef	off	5728	75.535301	547.16
/home/lilith/work/codec-corpus/clic2025-1024/2c1f84548ef99faec2b4f9bf12227c83.png	large	1024	1024	1761db9c5778e37ed12454c3314d1d970285ed454ee293772112c5eec1c6a875	photo	clic2025-1024px-resized	vaq_strength	2.0	41810	75.915939	8423.74
/home/lilith/work/codec-corpus/kadid10k/I43.png	small	256	192	19b7c15ad86a7d2bb9712e7a716aa14409f95bed7e2fe2a85b769368b04a19d6	mixed	kadid10k-distortion-set	rdo_tx_decision	off	5849	75.897423	148.98
/home/lilith/work/codec-corpus/kadid10k/I43.png	small	256	192	19b7c15ad86a7d2bb9712e7a716aa14409f95bed7e2fe2a85b769368b04a19d6	mixed	kadid10k-distortion-set	sgr_full	off	5728	75.535301	530.48
/home/lilith/work/codec-corpus/kadid10k/I43.png	small	256	192	19b7c15ad86a7d2bb9712e7a716aa14409f95bed7e2fe2a85b769368b04a19d6	mixed	kadid10k-distortion-set	lru_on_skip	on	5728	75.535301	635.02
/home/lilith/work/codec-corpus/gb82-sc/gmessages.png	medium	478	1024	1617c01d1279e23c298d99665949c0ddd5b111e71dbff01a1dd524b9dc46e702	screenshot	gb82-screens	complex_prediction_modes	on	15309	59.816837	8539.80
/home/lilith/work/codec-corpus/kadid10k/I43.png	small	256	192	19b7c15ad86a7d2bb9712e7a716aa14409f95bed7e2fe2a85b769368b04a19d6	mixed	kadid10k-distortion-set	segmentation_complex	on	5561	74.134911	879.82
/home/lilith/work/codec-corpus/kadid10k/I43.png	small	256	192	19b7c15ad86a7d2bb9712e7a716aa14409f95bed7e2fe2a85b769368b04a19d6	mixed	kadid10k-distortion-set	encode_bottomup	on	5757	72.655449	831.46
/home/lilith/work/codec-corpus/gb82-sc/codec_wiki.png	medium	1024	666	19c10346e6fed9f7af6b1f956bc38cad9edaa99ecd3844cc9fa1389741caf840	screenshot	gb82-screens	lru_on_skip	on	16674	85.888329	4536.70
/home/lilith/work/codec-corpus/kadid10k/I43.png	small	256	192	19b7c15ad86a7d2bb9712e7a716aa14409f95bed7e2fe2a85b769368b04a19d6	mixed	kadid10k-distortion-set	partition_range	fine_4_16	5728	75.535301	639.27
/home/lilith/work/codec-corpus/kadid10k/I43.png	small	256	192	19b7c15ad86a7d2bb9712e7a716aa14409f95bed7e2fe2a85b769368b04a19d6	mixed	kadid10k-distortion-set	partition_range	coarse_16_64	5961	75.285080	621.44
/home/lilith/work/codec-corpus/gb82-sc/gmessages.png	medium	478	1024	1617c01d1279e23c298d99665949c0ddd5b111e71dbff01a1dd524b9dc46e702	screenshot	gb82-screens	lrf	off	15516	86.136986	3122.08
/home/lilith/work/codec-corpus/kadid10k/I43.png	small	256	192	19b7c15ad86a7d2bb9712e7a716aa14409f95bed7e2fe2a85b769368b04a19d6	mixed	kadid10k-distortion-set	complex_prediction_modes	on	5761	57.233387	1276.72
/home/lilith/work/codec-corpus/kadid10k/I43.png	small	256	192	19b7c15ad86a7d2bb9712e7a716aa14409f95bed7e2fe2a85b769368b04a19d6	mixed	kadid10k-distortion-set	lrf	off	5728	75.535301	719.78
/home/lilith/work/codec-corpus/kadid10k/I43.png	small	256	192	19b7c15ad86a7d2bb9712e7a716aa14409f95bed7e2fe2a85b769368b04a19d6	mixed	kadid10k-distortion-set	lrf	on	5775	75.609116	622.51
/home/lilith/work/codec-corpus/clic2025-1024/2c1f84548ef99faec2b4f9bf12227c83.png	large	1024	1024	1761db9c5778e37ed12454c3314d1d970285ed454ee293772112c5eec1c6a875	photo	clic2025-1024px-resized	vaq_strength	3.0	41803	75.367416	7337.19
/home/lilith/work/codec-corpus/kadid10k/I43.png	small	256	192	19b7c15ad86a7d2bb9712e7a716aa14409f95bed7e2fe2a85b769368b04a19d6	mixed	kadid10k-distortion-set	fast_deblock	on	5728	75.480469	481.64
/home/lilith/work/codec-corpus/gb82-sc/gmessages.png	medium	478	1024	1617c01d1279e23c298d99665949c0ddd5b111e71dbff01a1dd524b9dc46e702	screenshot	gb82-screens	lrf	on	15638	86.465553	3178.34
/home/lilith/work/codec-corpus/gb82-sc/codec_wiki.png	medium	1024	666	19c10346e6fed9f7af6b1f956bc38cad9edaa99ecd3844cc9fa1389741caf840	screenshot	gb82-screens	segmentation_complex	on	16273	85.349907	7150.96
/home/lilith/work/codec-corpus/gb82-sc/gmessages.png	medium	478	1024	1617c01d1279e23c298d99665949c0ddd5b111e71dbff01a1dd524b9dc46e702	screenshot	gb82-screens	fast_deblock	on	15516	86.066360	2692.71
/home/lilith/work/codec-corpus/gb82/haze-lossless.png	small	64	64	160eb5004cfa03cdf72c726f24f65d747cf67e932ce7b668e03d8d296b4737a2	photo	gb82-photos	baseline	default	510	78.604942	94445.26
/home/lilith/work/codec-corpus/gb82/haze-lossless.png	small	64	64	160eb5004cfa03cdf72c726f24f65d747cf67e932ce7b668e03d8d296b4737a2	photo	gb82-photos	qm	off	512	78.160263	57.82
/home/lilith/work/codec-corpus/gb82/haze-lossless.png	small	64	64	160eb5004cfa03cdf72c726f24f65d747cf67e932ce7b668e03d8d296b4737a2	photo	gb82-photos	vaq	on_strength_1.0	510	78.604942	67.36
/home/lilith/work/codec-corpus/gb82/haze-lossless.png	small	64	64	160eb5004cfa03cdf72c726f24f65d747cf67e932ce7b668e03d8d296b4737a2	photo	gb82-photos	vaq_strength	0.5	510	78.161377	58.31
/home/lilith/work/codec-corpus/gb82/haze-lossless.png	small	64	64	160eb5004cfa03cdf72c726f24f65d747cf67e932ce7b668e03d8d296b4737a2	photo	gb82-photos	vaq_strength	2.0	512	78.271088	53.59
/home/lilith/work/codec-corpus/gb82/haze-lossless.png	small	64	64	160eb5004cfa03cdf72c726f24f65d747cf67e932ce7b668e03d8d296b4737a2	photo	gb82-photos	vaq_strength	3.0	515	79.045746	50.83
/home/lilith/work/codec-corpus/gb82/haze-lossless.png	small	64	64	160eb5004cfa03cdf72c726f24f65d747cf67e932ce7b668e03d8d296b4737a2	photo	gb82-photos	tune_still	off	510	78.557930	63.26
/home/lilith/work/codec-corpus/gb82/haze-lossless.png	small	64	64	160eb5004cfa03cdf72c726f24f65d747cf67e932ce7b668e03d8d296b4737a2	photo	gb82-photos	seg_boost	1.5	523	78.028191	59.70
/home/lilith/work/codec-corpus/gb82/haze-lossless.png	small	64	64	160eb5004cfa03cdf72c726f24f65d747cf67e932ce7b668e03d8d296b4737a2	photo	gb82-photos	seg_boost	2.0	512	78.271088	59.57
/home/lilith/work/codec-corpus/gb82/haze-lossless.png	small	64	64	160eb5004cfa03cdf72c726f24f65d747cf67e932ce7b668e03d8d296b4737a2	photo	gb82-photos	trellis	on	507	78.550880	87.39
/home/lilith/work/codec-corpus/gb82/haze-lossless.png	small	64	64	160eb5004cfa03cdf72c726f24f65d747cf67e932ce7b668e03d8d296b4737a2	photo	gb82-photos	cdef	off	510	78.604942	59.11
/home/lilith/work/codec-corpus/gb82/haze-lossless.png	small	64	64	160eb5004cfa03cdf72c726f24f65d747cf67e932ce7b668e03d8d296b4737a2	photo	gb82-photos	rdo_tx_decision	off	512	77.562180	25.37
/home/lilith/work/codec-corpus/gb82/haze-lossless.png	small	64	64	160eb5004cfa03cdf72c726f24f65d747cf67e932ce7b668e03d8d296b4737a2	photo	gb82-photos	sgr_full	off	510	78.604942	54.06
/home/lilith/work/codec-corpus/gb82/haze-lossless.png	small	64	64	160eb5004cfa03cdf72c726f24f65d747cf67e932ce7b668e03d8d296b4737a2	photo	gb82-photos	lru_on_skip	on	510	78.604942	60.58
/home/lilith/work/codec-corpus/gb82/haze-lossless.png	small	64	64	160eb5004cfa03cdf72c726f24f65d747cf67e932ce7b668e03d8d296b4737a2	photo	gb82-photos	segmentation_complex	on	495	77.911972	57.22
/home/lilith/work/codec-corpus/gb82/haze-lossless.png	small	64	64	160eb5004cfa03cdf72c726f24f65d747cf67e932ce7b668e03d8d296b4737a2	photo	gb82-photos	encode_bottomup	on	504	78.216957	73.57
/home/lilith/work/codec-corpus/gb82/haze-lossless.png	small	64	64	160eb5004cfa03cdf72c726f24f65d747cf67e932ce7b668e03d8d296b4737a2	photo	gb82-photos	partition_range	fine_4_16	510	78.604942	59.07
/home/lilith/work/codec-corpus/gb82/haze-lossless.png	small	64	64	160eb5004cfa03cdf72c726f24f65d747cf67e932ce7b668e03d8d296b4737a2	photo	gb82-photos	partition_range	coarse_16_64	488	77.068405	74.97
/home/lilith/work/codec-corpus/gb82/haze-lossless.png	small	64	64	160eb5004cfa03cdf72c726f24f65d747cf67e932ce7b668e03d8d296b4737a2	photo	gb82-photos	complex_prediction_modes	on	502	64.214485	117.78
/home/lilith/work/codec-corpus/gb82/haze-lossless.png	small	64	64	160eb5004cfa03cdf72c726f24f65d747cf67e932ce7b668e03d8d296b4737a2	photo	gb82-photos	lrf	off	510	78.604942	77.67
/home/lilith/work/codec-corpus/gb82/haze-lossless.png	small	64	64	160eb5004cfa03cdf72c726f24f65d747cf67e932ce7b668e03d8d296b4737a2	photo	gb82-photos	lrf	on	517	78.503296	63.04
/home/lilith/work/codec-corpus/gb82/haze-lossless.png	small	64	64	160eb5004cfa03cdf72c726f24f65d747cf67e932ce7b668e03d8d296b4737a2	photo	gb82-photos	fast_deblock	on	510	78.567314	55.43
/home/lilith/work/codec-corpus/gb82/haze-lossless.png	medium	256	256	160eb5004cfa03cdf72c726f24f65d747cf67e932ce7b668e03d8d296b4737a2	photo	gb82-photos	baseline	default	1746	76.321060	353.70
/home/lilith/work/codec-corpus/gb82/haze-lossless.png	medium	256	256	160eb5004cfa03cdf72c726f24f65d747cf67e932ce7b668e03d8d296b4737a2	photo	gb82-photos	qm	off	1796	76.742432	377.68
/home/lilith/work/codec-corpus/gb82/haze-lossless.png	medium	256	256	160eb5004cfa03cdf72c726f24f65d747cf67e932ce7b668e03d8d296b4737a2	photo	gb82-photos	vaq	on_strength_1.0	1746	76.321060	384.08
/home/lilith/work/codec-corpus/gb82/haze-lossless.png	medium	256	256	160eb5004cfa03cdf72c726f24f65d747cf67e932ce7b668e03d8d296b4737a2	photo	gb82-photos	vaq_strength	0.5	1799	76.684990	390.91
/home/lilith/work/codec-corpus/gb82/haze-lossless.png	medium	256	256	160eb5004cfa03cdf72c726f24f65d747cf67e932ce7b668e03d8d296b4737a2	photo	gb82-photos	vaq_strength	2.0	1737	75.901337	423.91
/home/lilith/work/codec-corpus/clic2025-1024/2c1f84548ef99faec2b4f9bf12227c83.png	large	1024	1024	1761db9c5778e37ed12454c3314d1d970285ed454ee293772112c5eec1c6a875	photo	clic2025-1024px-resized	tune_still	off	42771	76.507393	7651.11
/home/lilith/work/codec-corpus/gb82/haze-lossless.png	medium	256	256	160eb5004cfa03cdf72c726f24f65d747cf67e932ce7b668e03d8d296b4737a2	photo	gb82-photos	vaq_strength	3.0	1699	75.019783	383.18
/home/lilith/work/codec-corpus/gb82/haze-lossless.png	medium	256	256	160eb5004cfa03cdf72c726f24f65d747cf67e932ce7b668e03d8d296b4737a2	photo	gb82-photos	tune_still	off	1746	76.209244	377.62
/home/lilith/work/codec-corpus/gb82/haze-lossless.png	medium	256	256	160eb5004cfa03cdf72c726f24f65d747cf67e932ce7b668e03d8d296b4737a2	photo	gb82-photos	seg_boost	1.5	1727	76.194550	343.80
/home/lilith/work/codec-corpus/gb82-sc/codec_wiki.png	medium	1024	666	19c10346e6fed9f7af6b1f956bc38cad9edaa99ecd3844cc9fa1389741caf840	screenshot	gb82-screens	encode_bottomup	on	16487	55.640507	5754.87
/home/lilith/work/codec-corpus/gb82/haze-lossless.png	medium	256	256	160eb5004cfa03cdf72c726f24f65d747cf67e932ce7b668e03d8d296b4737a2	photo	gb82-photos	seg_boost	2.0	1737	75.901337	393.78
/home/lilith/work/codec-corpus/gb82/haze-lossless.png	medium	256	256	160eb5004cfa03cdf72c726f24f65d747cf67e932ce7b668e03d8d296b4737a2	photo	gb82-photos	trellis	on	1742	76.405571	311.42
/home/lilith/work/codec-corpus/gb82/haze-lossless.png	medium	256	256	160eb5004cfa03cdf72c726f24f65d747cf67e932ce7b668e03d8d296b4737a2	photo	gb82-photos	cdef	off	1746	76.321060	278.95
/home/lilith/work/codec-corpus/gb82/haze-lossless.png	medium	256	256	160eb5004cfa03cdf72c726f24f65d747cf67e932ce7b668e03d8d296b4737a2	photo	gb82-photos	rdo_tx_decision	off	1824	76.215096	111.98
/home/lilith/work/codec-corpus/gb82/haze-lossless.png	medium	256	256	160eb5004cfa03cdf72c726f24f65d747cf67e932ce7b668e03d8d296b4737a2	photo	gb82-photos	sgr_full	off	1746	76.321060	555.18
/home/lilith/work/codec-corpus/gb82/haze-lossless.png	medium	256	256	160eb5004cfa03cdf72c726f24f65d747cf67e932ce7b668e03d8d296b4737a2	photo	gb82-photos	lru_on_skip	on	1746	76.321060	364.12
/home/lilith/work/codec-corpus/gb82/haze-lossless.png	medium	256	256	160eb5004cfa03cdf72c726f24f65d747cf67e932ce7b668e03d8d296b4737a2	photo	gb82-photos	segmentation_complex	on	1711	76.330276	698.57
/home/lilith/work/codec-corpus/gb82/haze-lossless.png	medium	256	256	160eb5004cfa03cdf72c726f24f65d747cf67e932ce7b668e03d8d296b4737a2	photo	gb82-photos	encode_bottomup	on	1767	74.497238	614.00
/home/lilith/work/codec-corpus/gb82-sc/codec_wiki.png	medium	1024	666	19c10346e6fed9f7af6b1f956bc38cad9edaa99ecd3844cc9fa1389741caf840	screenshot	gb82-screens	partition_range	fine_4_16	16674	85.888329	3836.73
/home/lilith/work/codec-corpus/gb82/haze-lossless.png	medium	256	256	160eb5004cfa03cdf72c726f24f65d747cf67e932ce7b668e03d8d296b4737a2	photo	gb82-photos	partition_range	fine_4_16	1746	76.321060	487.50
/home/lilith/work/codec-corpus/gb82/haze-lossless.png	medium	256	256	160eb5004cfa03cdf72c726f24f65d747cf67e932ce7b668e03d8d296b4737a2	photo	gb82-photos	partition_range	coarse_16_64	1673	76.353134	460.74
/home/lilith/work/codec-corpus/clic2025-1024/2c1f84548ef99faec2b4f9bf12227c83.png	large	1024	1024	1761db9c5778e37ed12454c3314d1d970285ed454ee293772112c5eec1c6a875	photo	clic2025-1024px-resized	seg_boost	1.5	42129	76.331352	6332.05
/home/lilith/work/codec-corpus/gb82/haze-lossless.png	medium	256	256	160eb5004cfa03cdf72c726f24f65d747cf67e932ce7b668e03d8d296b4737a2	photo	gb82-photos	complex_prediction_modes	on	1751	74.529442	1015.76
/home/lilith/work/codec-corpus/gb82/haze-lossless.png	medium	256	256	160eb5004cfa03cdf72c726f24f65d747cf67e932ce7b668e03d8d296b4737a2	photo	gb82-photos	lrf	off	1746	76.321060	511.49
/home/lilith/work/codec-corpus/gb82/haze-lossless.png	medium	256	256	160eb5004cfa03cdf72c726f24f65d747cf67e932ce7b668e03d8d296b4737a2	photo	gb82-photos	lrf	on	1768	76.230560	410.69
/home/lilith/work/codec-corpus/gb82/haze-lossless.png	medium	256	256	160eb5004cfa03cdf72c726f24f65d747cf67e932ce7b668e03d8d296b4737a2	photo	gb82-photos	fast_deblock	on	1746	76.452515	378.62
/home/lilith/work/codec-corpus/CID22/CID22-512/training/33162.png	small	64	64	153928a81c3811f0bd08ad1dbed0c6c950c1ca702134b6629b95a4ec488143ab	photo	CID22-512px	baseline	default	1763	75.819405	107280.23
/home/lilith/work/codec-corpus/CID22/CID22-512/training/33162.png	small	64	64	153928a81c3811f0bd08ad1dbed0c6c950c1ca702134b6629b95a4ec488143ab	photo	CID22-512px	qm	off	1962	76.530296	95.45
/home/lilith/work/codec-corpus/CID22/CID22-512/training/33162.png	small	64	64	153928a81c3811f0bd08ad1dbed0c6c950c1ca702134b6629b95a4ec488143ab	photo	CID22-512px	vaq	on_strength_1.0	1763	75.819405	99.10
/home/lilith/work/codec-corpus/CID22/CID22-512/training/33162.png	small	64	64	153928a81c3811f0bd08ad1dbed0c6c950c1ca702134b6629b95a4ec488143ab	photo	CID22-512px	vaq_strength	0.5	1770	75.892540	90.42
/home/lilith/work/codec-corpus/CID22/CID22-512/training/33162.png	small	64	64	153928a81c3811f0bd08ad1dbed0c6c950c1ca702134b6629b95a4ec488143ab	photo	CID22-512px	vaq_strength	2.0	1776	75.926743	68.79
/home/lilith/work/codec-corpus/CID22/CID22-512/training/33162.png	small	64	64	153928a81c3811f0bd08ad1dbed0c6c950c1ca702134b6629b95a4ec488143ab	photo	CID22-512px	vaq_strength	3.0	1732	75.731857	104.15
/home/lilith/work/codec-corpus/CID22/CID22-512/training/33162.png	small	64	64	153928a81c3811f0bd08ad1dbed0c6c950c1ca702134b6629b95a4ec488143ab	photo	CID22-512px	tune_still	off	1763	75.971115	97.66
/home/lilith/work/codec-corpus/CID22/CID22-512/training/33162.png	small	64	64	153928a81c3811f0bd08ad1dbed0c6c950c1ca702134b6629b95a4ec488143ab	photo	CID22-512px	seg_boost	1.5	1775	76.646194	114.39
/home/lilith/work/codec-corpus/CID22/CID22-512/training/33162.png	small	64	64	153928a81c3811f0bd08ad1dbed0c6c950c1ca702134b6629b95a4ec488143ab	photo	CID22-512px	seg_boost	2.0	1776	75.926743	71.36
/home/lilith/work/codec-corpus/CID22/CID22-512/training/33162.png	small	64	64	153928a81c3811f0bd08ad1dbed0c6c950c1ca702134b6629b95a4ec488143ab	photo	CID22-512px	trellis	on	1756	75.706047	124.80
/home/lilith/work/codec-corpus/CID22/CID22-512/training/33162.png	small	64	64	153928a81c3811f0bd08ad1dbed0c6c950c1ca702134b6629b95a4ec488143ab	photo	CID22-512px	cdef	off	1763	75.819405	99.05
/home/lilith/work/codec-corpus/CID22/CID22-512/training/33162.png	small	64	64	153928a81c3811f0bd08ad1dbed0c6c950c1ca702134b6629b95a4ec488143ab	photo	CID22-512px	rdo_tx_decision	off	1778	75.120956	43.90
/home/lilith/work/codec-corpus/CID22/CID22-512/training/33162.png	small	64	64	153928a81c3811f0bd08ad1dbed0c6c950c1ca702134b6629b95a4ec488143ab	photo	CID22-512px	sgr_full	off	1763	75.819405	57.37
/home/lilith/work/codec-corpus/CID22/CID22-512/training/33162.png	small	64	64	153928a81c3811f0bd08ad1dbed0c6c950c1ca702134b6629b95a4ec488143ab	photo	CID22-512px	lru_on_skip	on	1763	75.819405	78.30
/home/lilith/work/codec-corpus/CID22/CID22-512/training/33162.png	small	64	64	153928a81c3811f0bd08ad1dbed0c6c950c1ca702134b6629b95a4ec488143ab	photo	CID22-512px	segmentation_complex	on	1744	74.747177	170.65
/home/lilith/work/codec-corpus/CID22/CID22-512/training/33162.png	small	64	64	153928a81c3811f0bd08ad1dbed0c6c950c1ca702134b6629b95a4ec488143ab	photo	CID22-512px	encode_bottomup	on	1731	52.879078	127.44
/home/lilith/work/codec-corpus/CID22/CID22-512/training/33162.png	small	64	64	153928a81c3811f0bd08ad1dbed0c6c950c1ca702134b6629b95a4ec488143ab	photo	CID22-512px	partition_range	fine_4_16	1763	75.819405	106.81
/home/lilith/work/codec-corpus/CID22/CID22-512/training/33162.png	small	64	64	153928a81c3811f0bd08ad1dbed0c6c950c1ca702134b6629b95a4ec488143ab	photo	CID22-512px	partition_range	coarse_16_64	1788	74.774765	79.08
/home/lilith/work/codec-corpus/CID22/CID22-512/training/33162.png	small	64	64	153928a81c3811f0bd08ad1dbed0c6c950c1ca702134b6629b95a4ec488143ab	photo	CID22-512px	complex_prediction_modes	on	1759	21.264603	245.77
/home/lilith/work/codec-corpus/CID22/CID22-512/training/33162.png	small	64	64	153928a81c3811f0bd08ad1dbed0c6c950c1ca702134b6629b95a4ec488143ab	photo	CID22-512px	lrf	off	1763	75.819405	104.98
/home/lilith/work/codec-corpus/CID22/CID22-512/training/33162.png	small	64	64	153928a81c3811f0bd08ad1dbed0c6c950c1ca702134b6629b95a4ec488143ab	photo	CID22-512px	lrf	on	1770	75.863922	79.18
/home/lilith/work/codec-corpus/CID22/CID22-512/training/33162.png	small	64	64	153928a81c3811f0bd08ad1dbed0c6c950c1ca702134b6629b95a4ec488143ab	photo	CID22-512px	fast_deblock	on	1763	75.899567	96.93
/home/lilith/work/codec-corpus/gb82-sc/codec_wiki.png	medium	1024	666	19c10346e6fed9f7af6b1f956bc38cad9edaa99ecd3844cc9fa1389741caf840	screenshot	gb82-screens	partition_range	coarse_16_64	17442	85.321495	5963.88
/home/lilith/work/codec-corpus/CID22/CID22-512/training/33162.png	medium	256	256	153928a81c3811f0bd08ad1dbed0c6c950c1ca702134b6629b95a4ec488143ab	photo	CID22-512px	baseline	default	15162	75.483292	1286.43
/home/lilith/work/codec-corpus/CID22/CID22-512/training/33162.png	medium	256	256	153928a81c3811f0bd08ad1dbed0c6c950c1ca702134b6629b95a4ec488143ab	photo	CID22-512px	qm	off	16178	75.927238	1136.29
/home/lilith/work/codec-corpus/clic2025-1024/2c1f84548ef99faec2b4f9bf12227c83.png	large	1024	1024	1761db9c5778e37ed12454c3314d1d970285ed454ee293772112c5eec1c6a875	photo	clic2025-1024px-resized	seg_boost	2.0	41810	75.915939	7058.25
/home/lilith/work/codec-corpus/CID22/CID22-512/training/33162.png	medium	256	256	153928a81c3811f0bd08ad1dbed0c6c950c1ca702134b6629b95a4ec488143ab	photo	CID22-512px	vaq	on_strength_1.0	15162	75.483292	1010.51
/home/lilith/work/codec-corpus/CID22/CID22-512/training/33162.png	medium	256	256	153928a81c3811f0bd08ad1dbed0c6c950c1ca702134b6629b95a4ec488143ab	photo	CID22-512px	vaq_strength	0.5	15559	76.037537	987.42
/home/lilith/work/codec-corpus/CID22/CID22-512/training/33162.png	medium	256	256	153928a81c3811f0bd08ad1dbed0c6c950c1ca702134b6629b95a4ec488143ab	photo	CID22-512px	vaq_strength	2.0	14820	75.218765	1223.33
/home/lilith/work/codec-corpus/CID22/CID22-512/training/33162.png	medium	256	256	153928a81c3811f0bd08ad1dbed0c6c950c1ca702134b6629b95a4ec488143ab	photo	CID22-512px	vaq_strength	3.0	14587	74.276459	1363.44
/home/lilith/work/codec-corpus/CID22/CID22-512/training/33162.png	medium	256	256	153928a81c3811f0bd08ad1dbed0c6c950c1ca702134b6629b95a4ec488143ab	photo	CID22-512px	tune_still	off	15162	75.492088	875.29
/home/lilith/work/codec-corpus/CID22/CID22-512/training/33162.png	medium	256	256	153928a81c3811f0bd08ad1dbed0c6c950c1ca702134b6629b95a4ec488143ab	photo	CID22-512px	seg_boost	1.5	15007	75.332733	1520.56
/home/lilith/work/codec-corpus/CID22/CID22-512/training/33162.png	medium	256	256	153928a81c3811f0bd08ad1dbed0c6c950c1ca702134b6629b95a4ec488143ab	photo	CID22-512px	seg_boost	2.0	14820	75.218765	1163.15
/home/lilith/work/codec-corpus/CID22/CID22-512/training/33162.png	medium	256	256	153928a81c3811f0bd08ad1dbed0c6c950c1ca702134b6629b95a4ec488143ab	photo	CID22-512px	trellis	on	15255	75.376770	1718.70
/home/lilith/work/codec-corpus/clic2025-1024/2c1f84548ef99faec2b4f9bf12227c83.png	large	1024	1024	1761db9c5778e37ed12454c3314d1d970285ed454ee293772112c5eec1c6a875	photo	clic2025-1024px-resized	trellis	on	42589	76.636169	10726.02
/home/lilith/work/codec-corpus/CID22/CID22-512/training/33162.png	medium	256	256	153928a81c3811f0bd08ad1dbed0c6c950c1ca702134b6629b95a4ec488143ab	photo	CID22-512px	cdef	off	15162	75.483292	1066.19
/home/lilith/work/codec-corpus/gb82-sc/codec_wiki.png	medium	1024	666	19c10346e6fed9f7af6b1f956bc38cad9edaa99ecd3844cc9fa1389741caf840	screenshot	gb82-screens	complex_prediction_modes	on	16386	58.302155	13967.69
/home/lilith/work/codec-corpus/CID22/CID22-512/training/33162.png	medium	256	256	153928a81c3811f0bd08ad1dbed0c6c950c1ca702134b6629b95a4ec488143ab	photo	CID22-512px	rdo_tx_decision	off	15572	75.208130	291.53
/home/lilith/work/codec-corpus/CID22/CID22-512/training/33162.png	medium	256	256	153928a81c3811f0bd08ad1dbed0c6c950c1ca702134b6629b95a4ec488143ab	photo	CID22-512px	sgr_full	off	15162	75.483292	1241.44
/home/lilith/work/codec-corpus/CID22/CID22-512/training/33162.png	medium	256	256	153928a81c3811f0bd08ad1dbed0c6c950c1ca702134b6629b95a4ec488143ab	photo	CID22-512px	lru_on_skip	on	15162	75.483292	1016.63
/home/lilith/work/codec-corpus/CID22/CID22-512/training/33162.png	medium	256	256	153928a81c3811f0bd08ad1dbed0c6c950c1ca702134b6629b95a4ec488143ab	photo	CID22-512px	segmentation_complex	on	14795	75.008301	1225.21
/home/lilith/work/codec-corpus/gb82-sc/codec_wiki.png	medium	1024	666	19c10346e6fed9f7af6b1f956bc38cad9edaa99ecd3844cc9fa1389741caf840	screenshot	gb82-screens	lrf	off	16674	85.888329	4025.45
/home/lilith/work/codec-corpus/CID22/CID22-512/training/33162.png	medium	256	256	153928a81c3811f0bd08ad1dbed0c6c950c1ca702134b6629b95a4ec488143ab	photo	CID22-512px	encode_bottomup	on	14938	67.260834	1754.29
/home/lilith/work/codec-corpus/CID22/CID22-512/training/33162.png	medium	256	256	153928a81c3811f0bd08ad1dbed0c6c950c1ca702134b6629b95a4ec488143ab	photo	CID22-512px	partition_range	fine_4_16	15162	75.483292	1000.45
/home/lilith/work/codec-corpus/clic2025-1024/2c1f84548ef99faec2b4f9bf12227c83.png	large	1024	1024	1761db9c5778e37ed12454c3314d1d970285ed454ee293772112c5eec1c6a875	photo	clic2025-1024px-resized	cdef	off	42771	76.624214	7187.11
/home/lilith/work/codec-corpus/CID22/CID22-512/training/33162.png	medium	256	256	153928a81c3811f0bd08ad1dbed0c6c950c1ca702134b6629b95a4ec488143ab	photo	CID22-512px	partition_range	coarse_16_64	16191	74.700630	889.64
/home/lilith/work/codec-corpus/gb82-sc/codec_wiki.png	medium	1024	666	19c10346e6fed9f7af6b1f956bc38cad9edaa99ecd3844cc9fa1389741caf840	screenshot	gb82-screens	lrf	on	16930	86.058784	3940.66
/home/lilith/work/codec-corpus/CID22/CID22-512/training/33162.png	medium	256	256	153928a81c3811f0bd08ad1dbed0c6c950c1ca702134b6629b95a4ec488143ab	photo	CID22-512px	complex_prediction_modes	on	15282	22.283920	2047.48
/home/lilith/work/codec-corpus/clic2025-1024/2c1f84548ef99faec2b4f9bf12227c83.png	large	1024	1024	1761db9c5778e37ed12454c3314d1d970285ed454ee293772112c5eec1c6a875	photo	clic2025-1024px-resized	rdo_tx_decision	off	44323	76.500778	3014.65
/home/lilith/work/codec-corpus/CID22/CID22-512/training/33162.png	medium	256	256	153928a81c3811f0bd08ad1dbed0c6c950c1ca702134b6629b95a4ec488143ab	photo	CID22-512px	lrf	off	15162	75.483292	1353.54
/home/lilith/work/codec-corpus/gb82-sc/codec_wiki.png	medium	1024	666	19c10346e6fed9f7af6b1f956bc38cad9edaa99ecd3844cc9fa1389741caf840	screenshot	gb82-screens	fast_deblock	on	16674	85.903694	4035.13
/home/lilith/work/codec-corpus/CID22/CID22-512/training/33162.png	medium	256	256	153928a81c3811f0bd08ad1dbed0c6c950c1ca702134b6629b95a4ec488143ab	photo	CID22-512px	lrf	on	15244	75.528076	1287.63
/home/lilith/work/codec-corpus/clic2025-1024/5e5ce43575fa67fdc0dd37146d7f479e.png	small	64	64	170a099e5c4b447675a1b541ded370a0645b41174578597836a3ecb407fb2beb	photo	clic2025-1024px-resized	baseline	default	1070	77.021568	136581.67
/home/lilith/work/codec-corpus/CID22/CID22-512/validation/7062219.png	small	64	64	19466f93874c752ccb5508c089e4864bf3e164a2f51698d5cd32b4f7537ed86d	photo	CID22-512px	baseline	default	1527	74.964890	136619.18
/home/lilith/work/codec-corpus/clic2025-1024/5e5ce43575fa67fdc0dd37146d7f479e.png	small	64	64	170a099e5c4b447675a1b541ded370a0645b41174578597836a3ecb407fb2beb	photo	clic2025-1024px-resized	qm	off	1116	77.120209	49.19
/home/lilith/work/codec-corpus/CID22/CID22-512/validation/7062219.png	small	64	64	19466f93874c752ccb5508c089e4864bf3e164a2f51698d5cd32b4f7537ed86d	photo	CID22-512px	qm	off	1674	76.079941	46.08
/home/lilith/work/codec-corpus/clic2025-1024/5e5ce43575fa67fdc0dd37146d7f479e.png	small	64	64	170a099e5c4b447675a1b541ded370a0645b41174578597836a3ecb407fb2beb	photo	clic2025-1024px-resized	vaq	on_strength_1.0	1070	77.021568	78.04
/home/lilith/work/codec-corpus/CID22/CID22-512/validation/7062219.png	small	64	64	19466f93874c752ccb5508c089e4864bf3e164a2f51698d5cd32b4f7537ed86d	photo	CID22-512px	vaq	on_strength_1.0	1527	74.964890	91.93
/home/lilith/work/codec-corpus/clic2025-1024/5e5ce43575fa67fdc0dd37146d7f479e.png	small	64	64	170a099e5c4b447675a1b541ded370a0645b41174578597836a3ecb407fb2beb	photo	clic2025-1024px-resized	vaq_strength	0.5	1096	77.479401	75.09
/home/lilith/work/codec-corpus/CID22/CID22-512/validation/7062219.png	small	64	64	19466f93874c752ccb5508c089e4864bf3e164a2f51698d5cd32b4f7537ed86d	photo	CID22-512px	vaq_strength	0.5	1545	76.581268	89.56
/home/lilith/work/codec-corpus/clic2025-1024/5e5ce43575fa67fdc0dd37146d7f479e.png	small	64	64	170a099e5c4b447675a1b541ded370a0645b41174578597836a3ecb407fb2beb	photo	clic2025-1024px-resized	vaq_strength	2.0	1009	75.614685	84.28
/home/lilith/work/codec-corpus/CID22/CID22-512/validation/7062219.png	small	64	64	19466f93874c752ccb5508c089e4864bf3e164a2f51698d5cd32b4f7537ed86d	photo	CID22-512px	vaq_strength	2.0	1526	74.507408	82.70
/home/lilith/work/codec-corpus/clic2025-1024/5e5ce43575fa67fdc0dd37146d7f479e.png	small	64	64	170a099e5c4b447675a1b541ded370a0645b41174578597836a3ecb407fb2beb	photo	clic2025-1024px-resized	vaq_strength	3.0	994	73.290833	62.04
/home/lilith/work/codec-corpus/CID22/CID22-512/validation/7062219.png	small	64	64	19466f93874c752ccb5508c089e4864bf3e164a2f51698d5cd32b4f7537ed86d	photo	CID22-512px	vaq_strength	3.0	1539	75.020409	99.35
/home/lilith/work/codec-corpus/clic2025-1024/5e5ce43575fa67fdc0dd37146d7f479e.png	small	64	64	170a099e5c4b447675a1b541ded370a0645b41174578597836a3ecb407fb2beb	photo	clic2025-1024px-resized	tune_still	off	1070	76.856651	85.88
/home/lilith/work/codec-corpus/CID22/CID22-512/validation/7062219.png	small	64	64	19466f93874c752ccb5508c089e4864bf3e164a2f51698d5cd32b4f7537ed86d	photo	CID22-512px	tune_still	off	1527	74.678696	75.94
/home/lilith/work/codec-corpus/clic2025-1024/5e5ce43575fa67fdc0dd37146d7f479e.png	small	64	64	170a099e5c4b447675a1b541ded370a0645b41174578597836a3ecb407fb2beb	photo	clic2025-1024px-resized	seg_boost	1.5	1038	76.166016	90.81
/home/lilith/work/codec-corpus/CID22/CID22-512/validation/7062219.png	small	64	64	19466f93874c752ccb5508c089e4864bf3e164a2f51698d5cd32b4f7537ed86d	photo	CID22-512px	seg_boost	1.5	1537	73.908257	90.39
/home/lilith/work/codec-corpus/CID22/CID22-512/training/33162.png	medium	256	256	153928a81c3811f0bd08ad1dbed0c6c950c1ca702134b6629b95a4ec488143ab	photo	CID22-512px	fast_deblock	on	15162	75.428307	885.65
/home/lilith/work/codec-corpus/clic2025-1024/5e5ce43575fa67fdc0dd37146d7f479e.png	small	64	64	170a099e5c4b447675a1b541ded370a0645b41174578597836a3ecb407fb2beb	photo	clic2025-1024px-resized	seg_boost	2.0	1009	75.614685	99.13
/home/lilith/work/codec-corpus/CID22/CID22-512/validation/7062219.png	small	64	64	19466f93874c752ccb5508c089e4864bf3e164a2f51698d5cd32b4f7537ed86d	photo	CID22-512px	seg_boost	2.0	1526	74.507408	80.45
/home/lilith/work/codec-corpus/CID22/CID22-512/validation/7062219.png	small	64	64	19466f93874c752ccb5508c089e4864bf3e164a2f51698d5cd32b4f7537ed86d	photo	CID22-512px	trellis	on	1538	73.568489	82.23
/home/lilith/work/codec-corpus/clic2025-1024/5e5ce43575fa67fdc0dd37146d7f479e.png	small	64	64	170a099e5c4b447675a1b541ded370a0645b41174578597836a3ecb407fb2beb	photo	clic2025-1024px-resized	trellis	on	1065	77.655380	106.95
/home/lilith/work/codec-corpus/CID22/CID22-512/validation/7062219.png	small	64	64	19466f93874c752ccb5508c089e4864bf3e164a2f51698d5cd32b4f7537ed86d	photo	CID22-512px	cdef	off	1527	74.964890	94.99
/home/lilith/work/codec-corpus/clic2025-1024/5e5ce43575fa67fdc0dd37146d7f479e.png	small	64	64	170a099e5c4b447675a1b541ded370a0645b41174578597836a3ecb407fb2beb	photo	clic2025-1024px-resized	cdef	off	1070	77.021568	74.97
/home/lilith/work/codec-corpus/clic2025-1024/5e5ce43575fa67fdc0dd37146d7f479e.png	small	64	64	170a099e5c4b447675a1b541ded370a0645b41174578597836a3ecb407fb2beb	photo	clic2025-1024px-resized	rdo_tx_decision	off	1095	76.557388	36.69
/home/lilith/work/codec-corpus/CID22/CID22-512/validation/7062219.png	small	64	64	19466f93874c752ccb5508c089e4864bf3e164a2f51698d5cd32b4f7537ed86d	photo	CID22-512px	rdo_tx_decision	off	1574	73.618690	44.16
/home/lilith/work/codec-corpus/CID22/CID22-512/validation/7062219.png	small	64	64	19466f93874c752ccb5508c089e4864bf3e164a2f51698d5cd32b4f7537ed86d	photo	CID22-512px	sgr_full	off	1527	74.964890	96.09
/home/lilith/work/codec-corpus/clic2025-1024/5e5ce43575fa67fdc0dd37146d7f479e.png	small	64	64	170a099e5c4b447675a1b541ded370a0645b41174578597836a3ecb407fb2beb	photo	clic2025-1024px-resized	sgr_full	off	1070	77.021568	94.93
/home/lilith/work/codec-corpus/CID22/CID22-512/validation/7062219.png	small	64	64	19466f93874c752ccb5508c089e4864bf3e164a2f51698d5cd32b4f7537ed86d	photo	CID22-512px	lru_on_skip	on	1527	74.964890	46.89
/home/lilith/work/codec-corpus/clic2025-1024/5e5ce43575fa67fdc0dd37146d7f479e.png	small	64	64	170a099e5c4b447675a1b541ded370a0645b41174578597836a3ecb407fb2beb	photo	clic2025-1024px-resized	lru_on_skip	on	1070	77.021568	95.77
/home/lilith/work/codec-corpus/CID22/CID22-512/validation/7062219.png	small	64	64	19466f93874c752ccb5508c089e4864bf3e164a2f51698d5cd32b4f7537ed86d	photo	CID22-512px	segmentation_complex	on	1513	76.135056	133.34
/home/lilith/work/codec-corpus/clic2025-1024/5e5ce43575fa67fdc0dd37146d7f479e.png	small	64	64	170a099e5c4b447675a1b541ded370a0645b41174578597836a3ecb407fb2beb	photo	clic2025-1024px-resized	segmentation_complex	on	1056	76.254906	106.14
/home/lilith/work/codec-corpus/CID22/CID22-512/validation/7062219.png	small	64	64	19466f93874c752ccb5508c089e4864bf3e164a2f51698d5cd32b4f7537ed86d	photo	CID22-512px	encode_bottomup	on	1488	64.496262	92.75
/home/lilith/work/codec-corpus/clic2025-1024/5e5ce43575fa67fdc0dd37146d7f479e.png	small	64	64	170a099e5c4b447675a1b541ded370a0645b41174578597836a3ecb407fb2beb	photo	clic2025-1024px-resized	encode_bottomup	on	1048	72.383987	135.83
/home/lilith/work/codec-corpus/CID22/CID22-512/validation/7062219.png	small	64	64	19466f93874c752ccb5508c089e4864bf3e164a2f51698d5cd32b4f7537ed86d	photo	CID22-512px	partition_range	fine_4_16	1527	74.964890	98.57
/home/lilith/work/codec-corpus/clic2025-1024/5e5ce43575fa67fdc0dd37146d7f479e.png	small	64	64	170a099e5c4b447675a1b541ded370a0645b41174578597836a3ecb407fb2beb	photo	clic2025-1024px-resized	partition_range	fine_4_16	1070	77.021568	81.82
/home/lilith/work/codec-corpus/CID22/CID22-512/validation/7062219.png	small	64	64	19466f93874c752ccb5508c089e4864bf3e164a2f51698d5cd32b4f7537ed86d	photo	CID22-512px	partition_range	coarse_16_64	1569	75.206261	67.86
/home/lilith/work/codec-corpus/clic2025-1024/5e5ce43575fa67fdc0dd37146d7f479e.png	small	64	64	170a099e5c4b447675a1b541ded370a0645b41174578597836a3ecb407fb2beb	photo	clic2025-1024px-resized	partition_range	coarse_16_64	1079	76.614876	91.11
/home/lilith/work/codec-corpus/CID22/CID22-512/validation/7062219.png	small	64	64	19466f93874c752ccb5508c089e4864bf3e164a2f51698d5cd32b4f7537ed86d	photo	CID22-512px	complex_prediction_modes	on	1516	42.416309	152.85
/home/lilith/work/codec-corpus/clic2025-1024/5e5ce43575fa67fdc0dd37146d7f479e.png	small	64	64	170a099e5c4b447675a1b541ded370a0645b41174578597836a3ecb407fb2beb	photo	clic2025-1024px-resized	complex_prediction_modes	on	1063	52.693218	134.85
/home/lilith/work/codec-corpus/CID22/CID22-512/validation/7062219.png	small	64	64	19466f93874c752ccb5508c089e4864bf3e164a2f51698d5cd32b4f7537ed86d	photo	CID22-512px	lrf	off	1527	74.964890	70.98
/home/lilith/work/codec-corpus/clic2025-1024/5e5ce43575fa67fdc0dd37146d7f479e.png	small	64	64	170a099e5c4b447675a1b541ded370a0645b41174578597836a3ecb407fb2beb	photo	clic2025-1024px-resized	lrf	off	1070	77.021568	44.26
/home/lilith/work/codec-corpus/CID22/CID22-512/validation/7062219.png	small	64	64	19466f93874c752ccb5508c089e4864bf3e164a2f51698d5cd32b4f7537ed86d	photo	CID22-512px	lrf	on	1534	74.546021	127.81
/home/lilith/work/codec-corpus/clic2025-1024/5e5ce43575fa67fdc0dd37146d7f479e.png	small	64	64	170a099e5c4b447675a1b541ded370a0645b41174578597836a3ecb407fb2beb	photo	clic2025-1024px-resized	lrf	on	1077	77.073776	72.82
/home/lilith/work/codec-corpus/clic2025-1024/5e5ce43575fa67fdc0dd37146d7f479e.png	small	64	64	170a099e5c4b447675a1b541ded370a0645b41174578597836a3ecb407fb2beb	photo	clic2025-1024px-resized	fast_deblock	on	1070	76.887260	76.71
/home/lilith/work/codec-corpus/CID22/CID22-512/validation/7062219.png	small	64	64	19466f93874c752ccb5508c089e4864bf3e164a2f51698d5cd32b4f7537ed86d	photo	CID22-512px	fast_deblock	on	1527	75.018074	98.37
/home/lilith/work/codec-corpus/clic2025-1024/5e5ce43575fa67fdc0dd37146d7f479e.png	medium	256	256	170a099e5c4b447675a1b541ded370a0645b41174578597836a3ecb407fb2beb	photo	clic2025-1024px-resized	baseline	default	7185	77.474480	537.95
/home/lilith/work/codec-corpus/CID22/CID22-512/validation/7062219.png	medium	256	256	19466f93874c752ccb5508c089e4864bf3e164a2f51698d5cd32b4f7537ed86d	photo	CID22-512px	baseline	default	11704	75.390198	1066.20
/home/lilith/work/codec-corpus/clic2025-1024/5e5ce43575fa67fdc0dd37146d7f479e.png	medium	256	256	170a099e5c4b447675a1b541ded370a0645b41174578597836a3ecb407fb2beb	photo	clic2025-1024px-resized	qm	off	7598	77.359810	596.87
/home/lilith/work/codec-corpus/clic2025-1024/5e5ce43575fa67fdc0dd37146d7f479e.png	medium	256	256	170a099e5c4b447675a1b541ded370a0645b41174578597836a3ecb407fb2beb	photo	clic2025-1024px-resized	vaq	on_strength_1.0	7185	77.474480	636.71
/home/lilith/work/codec-corpus/CID22/CID22-512/validation/7062219.png	medium	256	256	19466f93874c752ccb5508c089e4864bf3e164a2f51698d5cd32b4f7537ed86d	photo	CID22-512px	qm	off	12317	75.192902	714.74
/home/lilith/work/codec-corpus/clic2025-1024/5e5ce43575fa67fdc0dd37146d7f479e.png	medium	256	256	170a099e5c4b447675a1b541ded370a0645b41174578597836a3ecb407fb2beb	photo	clic2025-1024px-resized	vaq_strength	0.5	7625	77.606483	916.04
/home/lilith/work/codec-corpus/CID22/CID22-512/validation/7062219.png	medium	256	256	19466f93874c752ccb5508c089e4864bf3e164a2f51698d5cd32b4f7537ed86d	photo	CID22-512px	vaq	on_strength_1.0	11704	75.390198	962.80
/home/lilith/work/codec-corpus/clic2025-1024/2c1f84548ef99faec2b4f9bf12227c83.png	large	1024	1024	1761db9c5778e37ed12454c3314d1d970285ed454ee293772112c5eec1c6a875	photo	clic2025-1024px-resized	sgr_full	off	42771	76.624214	7778.49
/home/lilith/work/codec-corpus/clic2025-1024/5e5ce43575fa67fdc0dd37146d7f479e.png	medium	256	256	170a099e5c4b447675a1b541ded370a0645b41174578597836a3ecb407fb2beb	photo	clic2025-1024px-resized	vaq_strength	2.0	6654	75.824844	761.37
/home/lilith/work/codec-corpus/CID22/CID22-512/validation/7062219.png	medium	256	256	19466f93874c752ccb5508c089e4864bf3e164a2f51698d5cd32b4f7537ed86d	photo	CID22-512px	vaq_strength	0.5	11780	74.983276	799.63
/home/lilith/work/codec-corpus/clic2025-1024/5e5ce43575fa67fdc0dd37146d7f479e.png	medium	256	256	170a099e5c4b447675a1b541ded370a0645b41174578597836a3ecb407fb2beb	photo	clic2025-1024px-resized	vaq_strength	3.0	6430	73.808167	747.37
/home/lilith/work/codec-corpus/CID22/CID22-512/validation/7062219.png	medium	256	256	19466f93874c752ccb5508c089e4864bf3e164a2f51698d5cd32b4f7537ed86d	photo	CID22-512px	vaq_strength	2.0	11602	75.726570	933.86
/home/lilith/work/codec-corpus/clic2025-1024/5e5ce43575fa67fdc0dd37146d7f479e.png	medium	256	256	170a099e5c4b447675a1b541ded370a0645b41174578597836a3ecb407fb2beb	photo	clic2025-1024px-resized	tune_still	off	7185	77.533730	755.89
/home/lilith/work/codec-corpus/CID22/CID22-512/validation/7062219.png	medium	256	256	19466f93874c752ccb5508c089e4864bf3e164a2f51698d5cd32b4f7537ed86d	photo	CID22-512px	vaq_strength	3.0	11516	74.722023	1006.42
/home/lilith/work/codec-corpus/clic2025-1024/5e5ce43575fa67fdc0dd37146d7f479e.png	medium	256	256	170a099e5c4b447675a1b541ded370a0645b41174578597836a3ecb407fb2beb	photo	clic2025-1024px-resized	seg_boost	1.5	6868	76.292435	974.92
/home/lilith/work/codec-corpus/CID22/CID22-512/validation/7062219.png	medium	256	256	19466f93874c752ccb5508c089e4864bf3e164a2f51698d5cd32b4f7537ed86d	photo	CID22-512px	tune_still	off	11704	75.289825	911.73
/home/lilith/work/codec-corpus/clic2025-1024/5e5ce43575fa67fdc0dd37146d7f479e.png	medium	256	256	170a099e5c4b447675a1b541ded370a0645b41174578597836a3ecb407fb2beb	photo	clic2025-1024px-resized	seg_boost	2.0	6654	75.824844	642.30
/home/lilith/work/codec-corpus/CID22/CID22-512/validation/7062219.png	medium	256	256	19466f93874c752ccb5508c089e4864bf3e164a2f51698d5cd32b4f7537ed86d	photo	CID22-512px	seg_boost	1.5	11596	75.415291	999.47
/home/lilith/work/codec-corpus/clic2025-1024/5e5ce43575fa67fdc0dd37146d7f479e.png	medium	256	256	170a099e5c4b447675a1b541ded370a0645b41174578597836a3ecb407fb2beb	photo	clic2025-1024px-resized	trellis	on	7180	77.163918	1051.99
/home/lilith/work/codec-corpus/CID22/CID22-512/validation/7062219.png	medium	256	256	19466f93874c752ccb5508c089e4864bf3e164a2f51698d5cd32b4f7537ed86d	photo	CID22-512px	seg_boost	2.0	11602	75.726570	892.71
/home/lilith/work/codec-corpus/clic2025-1024/5e5ce43575fa67fdc0dd37146d7f479e.png	medium	256	256	170a099e5c4b447675a1b541ded370a0645b41174578597836a3ecb407fb2beb	photo	clic2025-1024px-resized	cdef	off	7185	77.474480	764.03
/home/lilith/work/codec-corpus/clic2025-1024/5e5ce43575fa67fdc0dd37146d7f479e.png	medium	256	256	170a099e5c4b447675a1b541ded370a0645b41174578597836a3ecb407fb2beb	photo	clic2025-1024px-resized	rdo_tx_decision	off	7409	77.123451	325.97
/home/lilith/work/codec-corpus/clic2025-1024/5e5ce43575fa67fdc0dd37146d7f479e.png	medium	256	256	170a099e5c4b447675a1b541ded370a0645b41174578597836a3ecb407fb2beb	photo	clic2025-1024px-resized	sgr_full	off	7185	77.474480	699.98
/home/lilith/work/codec-corpus/clic2025-1024/2c1f84548ef99faec2b4f9bf12227c83.png	large	1024	1024	1761db9c5778e37ed12454c3314d1d970285ed454ee293772112c5eec1c6a875	photo	clic2025-1024px-resized	lru_on_skip	on	42771	76.624214	6841.99
/home/lilith/work/codec-corpus/CID22/CID22-512/validation/7062219.png	medium	256	256	19466f93874c752ccb5508c089e4864bf3e164a2f51698d5cd32b4f7537ed86d	photo	CID22-512px	trellis	on	11715	75.268257	1693.61
/home/lilith/work/codec-corpus/clic2025-1024/5e5ce43575fa67fdc0dd37146d7f479e.png	medium	256	256	170a099e5c4b447675a1b541ded370a0645b41174578597836a3ecb407fb2beb	photo	clic2025-1024px-resized	lru_on_skip	on	7185	77.474480	778.98
/home/lilith/work/codec-corpus/CID22/CID22-512/validation/7062219.png	medium	256	256	19466f93874c752ccb5508c089e4864bf3e164a2f51698d5cd32b4f7537ed86d	photo	CID22-512px	cdef	off	11704	75.390198	1158.01
/home/lilith/work/codec-corpus/clic2025-1024/5e5ce43575fa67fdc0dd37146d7f479e.png	medium	256	256	170a099e5c4b447675a1b541ded370a0645b41174578597836a3ecb407fb2beb	photo	clic2025-1024px-resized	segmentation_complex	on	7073	76.267349	1075.73
/home/lilith/work/codec-corpus/CID22/CID22-512/validation/7062219.png	medium	256	256	19466f93874c752ccb5508c089e4864bf3e164a2f51698d5cd32b4f7537ed86d	photo	CID22-512px	rdo_tx_decision	off	12199	75.561562	523.99
/home/lilith/work/codec-corpus/clic2025-1024/5e5ce43575fa67fdc0dd37146d7f479e.png	medium	256	256	170a099e5c4b447675a1b541ded370a0645b41174578597836a3ecb407fb2beb	photo	clic2025-1024px-resized	encode_bottomup	on	7082	69.759918	928.09
/home/lilith/work/codec-corpus/CID22/CID22-512/validation/7062219.png	medium	256	256	19466f93874c752ccb5508c089e4864bf3e164a2f51698d5cd32b4f7537ed86d	photo	CID22-512px	sgr_full	off	11704	75.390198	1130.28
/home/lilith/work/codec-corpus/clic2025-1024/5e5ce43575fa67fdc0dd37146d7f479e.png	medium	256	256	170a099e5c4b447675a1b541ded370a0645b41174578597836a3ecb407fb2beb	photo	clic2025-1024px-resized	partition_range	fine_4_16	7185	77.474480	612.03
/home/lilith/work/codec-corpus/CID22/CID22-512/validation/7062219.png	medium	256	256	19466f93874c752ccb5508c089e4864bf3e164a2f51698d5cd32b4f7537ed86d	photo	CID22-512px	lru_on_skip	on	11704	75.390198	828.56
/home/lilith/work/codec-corpus/clic2025-1024/5e5ce43575fa67fdc0dd37146d7f479e.png	medium	256	256	170a099e5c4b447675a1b541ded370a0645b41174578597836a3ecb407fb2beb	photo	clic2025-1024px-resized	partition_range	coarse_16_64	7586	76.400711	747.09
/home/lilith/work/codec-corpus/CID22/CID22-512/validation/7062219.png	medium	256	256	19466f93874c752ccb5508c089e4864bf3e164a2f51698d5cd32b4f7537ed86d	photo	CID22-512px	segmentation_complex	on	11287	74.468323	1171.62
/home/lilith/work/codec-corpus/clic2025-1024/5e5ce43575fa67fdc0dd37146d7f479e.png	medium	256	256	170a099e5c4b447675a1b541ded370a0645b41174578597836a3ecb407fb2beb	photo	clic2025-1024px-resized	complex_prediction_modes	on	7154	55.455250	1724.58
/home/lilith/work/codec-corpus/clic2025-1024/5e5ce43575fa67fdc0dd37146d7f479e.png	medium	256	256	170a099e5c4b447675a1b541ded370a0645b41174578597836a3ecb407fb2beb	photo	clic2025-1024px-resized	lrf	off	7185	77.474480	699.10
/home/lilith/work/codec-corpus/CID22/CID22-512/validation/7062219.png	medium	256	256	19466f93874c752ccb5508c089e4864bf3e164a2f51698d5cd32b4f7537ed86d	photo	CID22-512px	encode_bottomup	on	11372	61.576336	1526.78
/home/lilith/work/codec-corpus/clic2025-1024/5e5ce43575fa67fdc0dd37146d7f479e.png	medium	256	256	170a099e5c4b447675a1b541ded370a0645b41174578597836a3ecb407fb2beb	photo	clic2025-1024px-resized	lrf	on	7245	77.836411	649.70
/home/lilith/work/codec-corpus/CID22/CID22-512/validation/7062219.png	medium	256	256	19466f93874c752ccb5508c089e4864bf3e164a2f51698d5cd32b4f7537ed86d	photo	CID22-512px	partition_range	fine_4_16	11704	75.390198	1008.03
/home/lilith/work/codec-corpus/clic2025-1024/5e5ce43575fa67fdc0dd37146d7f479e.png	medium	256	256	170a099e5c4b447675a1b541ded370a0645b41174578597836a3ecb407fb2beb	photo	clic2025-1024px-resized	fast_deblock	on	7185	77.437820	687.69
/home/lilith/work/codec-corpus/CID22/CID22-512/validation/7062219.png	medium	256	256	19466f93874c752ccb5508c089e4864bf3e164a2f51698d5cd32b4f7537ed86d	photo	CID22-512px	partition_range	coarse_16_64	12575	75.342262	1095.00
/home/lilith/work/codec-corpus/CID22/CID22-512/validation/7062219.png	medium	256	256	19466f93874c752ccb5508c089e4864bf3e164a2f51698d5cd32b4f7537ed86d	photo	CID22-512px	complex_prediction_modes	on	11685	3.885620	1862.76
/home/lilith/work/codec-corpus/CID22/CID22-512/validation/7062219.png	medium	256	256	19466f93874c752ccb5508c089e4864bf3e164a2f51698d5cd32b4f7537ed86d	photo	CID22-512px	lrf	off	11704	75.390198	931.63
/home/lilith/work/codec-corpus/CID22/CID22-512/validation/7062219.png	medium	256	256	19466f93874c752ccb5508c089e4864bf3e164a2f51698d5cd32b4f7537ed86d	photo	CID22-512px	lrf	on	11778	75.517746	770.87
/home/lilith/work/codec-corpus/CID22/CID22-512/validation/7062219.png	medium	256	256	19466f93874c752ccb5508c089e4864bf3e164a2f51698d5cd32b4f7537ed86d	photo	CID22-512px	fast_deblock	on	11704	75.345222	1130.84
/home/lilith/work/codec-corpus/CID22/CID22-512/training/4666751.png	small	64	64	17f8c63bfa056e9ebbb732f82d90d2167e0b9baecb7afb60ac275a5d182aee55	photo	CID22-512px	baseline	default	883	76.379639	163273.61
/home/lilith/work/codec-corpus/CID22/CID22-512/training/4666751.png	small	64	64	17f8c63bfa056e9ebbb732f82d90d2167e0b9baecb7afb60ac275a5d182aee55	photo	CID22-512px	qm	off	932	77.529465	83.23
/home/lilith/work/codec-corpus/CID22/CID22-512/training/4666751.png	small	64	64	17f8c63bfa056e9ebbb732f82d90d2167e0b9baecb7afb60ac275a5d182aee55	photo	CID22-512px	vaq	on_strength_1.0	883	76.379639	62.87
/home/lilith/work/codec-corpus/CID22/CID22-512/training/4666751.png	small	64	64	17f8c63bfa056e9ebbb732f82d90d2167e0b9baecb7afb60ac275a5d182aee55	photo	CID22-512px	vaq_strength	0.5	903	75.690460	89.85
/home/lilith/work/codec-corpus/CID22/CID22-512/training/4666751.png	small	64	64	17f8c63bfa056e9ebbb732f82d90d2167e0b9baecb7afb60ac275a5d182aee55	photo	CID22-512px	vaq_strength	2.0	879	76.287643	92.33
/home/lilith/work/codec-corpus/CID22/CID22-512/training/4666751.png	small	64	64	17f8c63bfa056e9ebbb732f82d90d2167e0b9baecb7afb60ac275a5d182aee55	photo	CID22-512px	vaq_strength	3.0	885	76.067986	81.94
/home/lilith/work/codec-corpus/CID22/CID22-512/training/4666751.png	small	64	64	17f8c63bfa056e9ebbb732f82d90d2167e0b9baecb7afb60ac275a5d182aee55	photo	CID22-512px	tune_still	off	883	76.304352	88.63
/home/lilith/work/codec-corpus/CID22/CID22-512/training/4666751.png	small	64	64	17f8c63bfa056e9ebbb732f82d90d2167e0b9baecb7afb60ac275a5d182aee55	photo	CID22-512px	seg_boost	1.5	872	76.102722	78.93
/home/lilith/work/codec-corpus/CID22/CID22-512/training/4666751.png	small	64	64	17f8c63bfa056e9ebbb732f82d90d2167e0b9baecb7afb60ac275a5d182aee55	photo	CID22-512px	seg_boost	2.0	879	76.287643	90.38
/home/lilith/work/codec-corpus/CID22/CID22-512/training/4666751.png	small	64	64	17f8c63bfa056e9ebbb732f82d90d2167e0b9baecb7afb60ac275a5d182aee55	photo	CID22-512px	trellis	on	883	77.083702	133.93
/home/lilith/work/codec-corpus/CID22/CID22-512/training/4666751.png	small	64	64	17f8c63bfa056e9ebbb732f82d90d2167e0b9baecb7afb60ac275a5d182aee55	photo	CID22-512px	cdef	off	883	76.379639	82.93
/home/lilith/work/codec-corpus/CID22/CID22-512/training/4666751.png	small	64	64	17f8c63bfa056e9ebbb732f82d90d2167e0b9baecb7afb60ac275a5d182aee55	photo	CID22-512px	rdo_tx_decision	off	912	75.372520	30.94
/home/lilith/work/codec-corpus/CID22/CID22-512/training/4666751.png	small	64	64	17f8c63bfa056e9ebbb732f82d90d2167e0b9baecb7afb60ac275a5d182aee55	photo	CID22-512px	sgr_full	off	883	76.379639	90.35
/home/lilith/work/codec-corpus/clic2025-1024/2c1f84548ef99faec2b4f9bf12227c83.png	large	1024	1024	1761db9c5778e37ed12454c3314d1d970285ed454ee293772112c5eec1c6a875	photo	clic2025-1024px-resized	segmentation_complex	on	40722	76.019463	15119.09
/home/lilith/work/codec-corpus/CID22/CID22-512/training/4666751.png	small	64	64	17f8c63bfa056e9ebbb732f82d90d2167e0b9baecb7afb60ac275a5d182aee55	photo	CID22-512px	lru_on_skip	on	883	76.379639	127.06
/home/lilith/work/codec-corpus/CID22/CID22-512/training/4666751.png	small	64	64	17f8c63bfa056e9ebbb732f82d90d2167e0b9baecb7afb60ac275a5d182aee55	photo	CID22-512px	segmentation_complex	on	839	75.547981	83.30
/home/lilith/work/codec-corpus/CID22/CID22-512/training/4666751.png	small	64	64	17f8c63bfa056e9ebbb732f82d90d2167e0b9baecb7afb60ac275a5d182aee55	photo	CID22-512px	encode_bottomup	on	873	73.892662	129.41
/home/lilith/work/codec-corpus/CID22/CID22-512/training/4666751.png	small	64	64	17f8c63bfa056e9ebbb732f82d90d2167e0b9baecb7afb60ac275a5d182aee55	photo	CID22-512px	partition_range	fine_4_16	883	76.379639	98.28
/home/lilith/work/codec-corpus/clic2025-1024/5e5ce43575fa67fdc0dd37146d7f479e.png	large	1024	1024	170a099e5c4b447675a1b541ded370a0645b41174578597836a3ecb407fb2beb	photo	clic2025-1024px-resized	baseline	default	75980	66.864456	7663.08
/home/lilith/work/codec-corpus/CID22/CID22-512/training/4666751.png	small	64	64	17f8c63bfa056e9ebbb732f82d90d2167e0b9baecb7afb60ac275a5d182aee55	photo	CID22-512px	partition_range	coarse_16_64	926	75.963379	75.96
/home/lilith/work/codec-corpus/CID22/CID22-512/training/4666751.png	small	64	64	17f8c63bfa056e9ebbb732f82d90d2167e0b9baecb7afb60ac275a5d182aee55	photo	CID22-512px	complex_prediction_modes	on	874	69.832848	118.36
/home/lilith/work/codec-corpus/CID22/CID22-512/training/4666751.png	small	64	64	17f8c63bfa056e9ebbb732f82d90d2167e0b9baecb7afb60ac275a5d182aee55	photo	CID22-512px	lrf	off	883	76.379639	87.13
/home/lilith/work/codec-corpus/CID22/CID22-512/training/4666751.png	small	64	64	17f8c63bfa056e9ebbb732f82d90d2167e0b9baecb7afb60ac275a5d182aee55	photo	CID22-512px	lrf	on	891	76.502068	50.67
/home/lilith/work/codec-corpus/CID22/CID22-512/training/4666751.png	small	64	64	17f8c63bfa056e9ebbb732f82d90d2167e0b9baecb7afb60ac275a5d182aee55	photo	CID22-512px	fast_deblock	on	883	76.097466	91.65
/home/lilith/work/codec-corpus/CID22/CID22-512/training/4666751.png	medium	256	256	17f8c63bfa056e9ebbb732f82d90d2167e0b9baecb7afb60ac275a5d182aee55	photo	CID22-512px	baseline	default	5894	74.785645	936.64
/home/lilith/work/codec-corpus/CID22/CID22-512/training/4666751.png	medium	256	256	17f8c63bfa056e9ebbb732f82d90d2167e0b9baecb7afb60ac275a5d182aee55	photo	CID22-512px	qm	off	6109	74.964172	531.72
/home/lilith/work/codec-corpus/CID22/CID22-512/training/4666751.png	medium	256	256	17f8c63bfa056e9ebbb732f82d90d2167e0b9baecb7afb60ac275a5d182aee55	photo	CID22-512px	vaq	on_strength_1.0	5894	74.785645	694.99
/home/lilith/work/codec-corpus/CID22/CID22-512/training/4666751.png	medium	256	256	17f8c63bfa056e9ebbb732f82d90d2167e0b9baecb7afb60ac275a5d182aee55	photo	CID22-512px	vaq_strength	0.5	6102	75.211143	682.66
/home/lilith/work/codec-corpus/CID22/CID22-512/training/4666751.png	medium	256	256	17f8c63bfa056e9ebbb732f82d90d2167e0b9baecb7afb60ac275a5d182aee55	photo	CID22-512px	vaq_strength	2.0	5572	73.976608	896.11
/home/lilith/work/codec-corpus/CID22/CID22-512/training/4666751.png	medium	256	256	17f8c63bfa056e9ebbb732f82d90d2167e0b9baecb7afb60ac275a5d182aee55	photo	CID22-512px	vaq_strength	3.0	5549	72.470100	576.48
/home/lilith/work/codec-corpus/CID22/CID22-512/training/4666751.png	medium	256	256	17f8c63bfa056e9ebbb732f82d90d2167e0b9baecb7afb60ac275a5d182aee55	photo	CID22-512px	tune_still	off	5894	74.922829	627.42
/home/lilith/work/codec-corpus/CID22/CID22-512/training/4666751.png	medium	256	256	17f8c63bfa056e9ebbb732f82d90d2167e0b9baecb7afb60ac275a5d182aee55	photo	CID22-512px	seg_boost	1.5	5697	74.031776	791.74
/home/lilith/work/codec-corpus/CID22/CID22-512/training/4666751.png	medium	256	256	17f8c63bfa056e9ebbb732f82d90d2167e0b9baecb7afb60ac275a5d182aee55	photo	CID22-512px	seg_boost	2.0	5572	73.976608	900.92
/home/lilith/work/codec-corpus/clic2025-1024/5e5ce43575fa67fdc0dd37146d7f479e.png	large	1024	1024	170a099e5c4b447675a1b541ded370a0645b41174578597836a3ecb407fb2beb	photo	clic2025-1024px-resized	qm	off	81733	66.948425	7884.17
/home/lilith/work/codec-corpus/CID22/CID22-512/training/4666751.png	medium	256	256	17f8c63bfa056e9ebbb732f82d90d2167e0b9baecb7afb60ac275a5d182aee55	photo	CID22-512px	trellis	on	5887	74.898170	1219.62
/home/lilith/work/codec-corpus/CID22/CID22-512/training/4666751.png	medium	256	256	17f8c63bfa056e9ebbb732f82d90d2167e0b9baecb7afb60ac275a5d182aee55	photo	CID22-512px	cdef	off	5894	74.785645	785.62
/home/lilith/work/codec-corpus/CID22/CID22-512/training/4666751.png	medium	256	256	17f8c63bfa056e9ebbb732f82d90d2167e0b9baecb7afb60ac275a5d182aee55	photo	CID22-512px	rdo_tx_decision	off	6054	75.168037	261.03
/home/lilith/work/codec-corpus/CID22/CID22-512/training/4666751.png	medium	256	256	17f8c63bfa056e9ebbb732f82d90d2167e0b9baecb7afb60ac275a5d182aee55	photo	CID22-512px	sgr_full	off	5894	74.785645	704.77
/home/lilith/work/codec-corpus/CID22/CID22-512/training/4666751.png	medium	256	256	17f8c63bfa056e9ebbb732f82d90d2167e0b9baecb7afb60ac275a5d182aee55	photo	CID22-512px	lru_on_skip	on	5894	74.785645	731.35
/home/lilith/work/codec-corpus/clic2025-1024/2c1f84548ef99faec2b4f9bf12227c83.png	large	1024	1024	1761db9c5778e37ed12454c3314d1d970285ed454ee293772112c5eec1c6a875	photo	clic2025-1024px-resized	encode_bottomup	on	43084	72.654343	12138.54
/home/lilith/work/codec-corpus/CID22/CID22-512/training/4666751.png	medium	256	256	17f8c63bfa056e9ebbb732f82d90d2167e0b9baecb7afb60ac275a5d182aee55	photo	CID22-512px	segmentation_complex	on	5621	74.141396	908.61
/home/lilith/work/codec-corpus/CID22/CID22-512/training/4666751.png	medium	256	256	17f8c63bfa056e9ebbb732f82d90d2167e0b9baecb7afb60ac275a5d182aee55	photo	CID22-512px	encode_bottomup	on	5831	71.149582	1081.66
/home/lilith/work/codec-corpus/CID22/CID22-512/training/4666751.png	medium	256	256	17f8c63bfa056e9ebbb732f82d90d2167e0b9baecb7afb60ac275a5d182aee55	photo	CID22-512px	partition_range	fine_4_16	5894	74.785645	860.77
/home/lilith/work/codec-corpus/CID22/CID22-512/training/4666751.png	medium	256	256	17f8c63bfa056e9ebbb732f82d90d2167e0b9baecb7afb60ac275a5d182aee55	photo	CID22-512px	partition_range	coarse_16_64	6048	74.618965	1026.49
/home/lilith/work/codec-corpus/clic2025-1024/5e5ce43575fa67fdc0dd37146d7f479e.png	large	1024	1024	170a099e5c4b447675a1b541ded370a0645b41174578597836a3ecb407fb2beb	photo	clic2025-1024px-resized	vaq	on_strength_1.0	75980	66.864456	8139.55
/home/lilith/work/codec-corpus/CID22/CID22-512/training/4666751.png	medium	256	256	17f8c63bfa056e9ebbb732f82d90d2167e0b9baecb7afb60ac275a5d182aee55	photo	CID22-512px	complex_prediction_modes	on	5867	59.978752	1574.38
/home/lilith/work/codec-corpus/CID22/CID22-512/training/4666751.png	medium	256	256	17f8c63bfa056e9ebbb732f82d90d2167e0b9baecb7afb60ac275a5d182aee55	photo	CID22-512px	lrf	off	5894	74.785645	386.70
/home/lilith/work/codec-corpus/CID22/CID22-512/training/4666751.png	medium	256	256	17f8c63bfa056e9ebbb732f82d90d2167e0b9baecb7afb60ac275a5d182aee55	photo	CID22-512px	lrf	on	5947	75.002991	395.31
/home/lilith/work/codec-corpus/CID22/CID22-512/training/4666751.png	medium	256	256	17f8c63bfa056e9ebbb732f82d90d2167e0b9baecb7afb60ac275a5d182aee55	photo	CID22-512px	fast_deblock	on	5894	74.664505	385.43
/home/lilith/work/codec-corpus/CID22/CID22-512/training/adriankierman-report-page.png	small	64	64	0910db09552278e888de6e772cf5584837c52f0fc763df08783e7b516fc28a49	photo	CID22-512px	baseline	default	802	74.507118	183489.52
/home/lilith/work/codec-corpus/CID22/CID22-512/training/adriankierman-report-page.png	small	64	64	0910db09552278e888de6e772cf5584837c52f0fc763df08783e7b516fc28a49	photo	CID22-512px	qm	off	841	73.706718	50.81
/home/lilith/work/codec-corpus/CID22/CID22-512/training/adriankierman-report-page.png	small	64	64	0910db09552278e888de6e772cf5584837c52f0fc763df08783e7b516fc28a49	photo	CID22-512px	vaq	on_strength_1.0	802	74.507118	38.31
/home/lilith/work/codec-corpus/CID22/CID22-512/training/adriankierman-report-page.png	small	64	64	0910db09552278e888de6e772cf5584837c52f0fc763df08783e7b516fc28a49	photo	CID22-512px	vaq_strength	0.5	785	76.175056	33.78
/home/lilith/work/codec-corpus/CID22/CID22-512/training/adriankierman-report-page.png	small	64	64	0910db09552278e888de6e772cf5584837c52f0fc763df08783e7b516fc28a49	photo	CID22-512px	vaq_strength	2.0	825	74.545822	37.69
/home/lilith/work/codec-corpus/CID22/CID22-512/training/adriankierman-report-page.png	small	64	64	0910db09552278e888de6e772cf5584837c52f0fc763df08783e7b516fc28a49	photo	CID22-512px	vaq_strength	3.0	838	72.158089	39.99
/home/lilith/work/codec-corpus/clic2025-1024/2c1f84548ef99faec2b4f9bf12227c83.png	large	1024	1024	1761db9c5778e37ed12454c3314d1d970285ed454ee293772112c5eec1c6a875	photo	clic2025-1024px-resized	partition_range	fine_4_16	42771	76.624214	6579.85
/home/lilith/work/codec-corpus/CID22/CID22-512/training/adriankierman-report-page.png	small	64	64	0910db09552278e888de6e772cf5584837c52f0fc763df08783e7b516fc28a49	photo	CID22-512px	tune_still	off	802	74.390366	38.13
/home/lilith/work/codec-corpus/CID22/CID22-512/training/adriankierman-report-page.png	small	64	64	0910db09552278e888de6e772cf5584837c52f0fc763df08783e7b516fc28a49	photo	CID22-512px	seg_boost	1.5	815	75.814537	31.65
/home/lilith/work/codec-corpus/CID22/CID22-512/training/adriankierman-report-page.png	small	64	64	0910db09552278e888de6e772cf5584837c52f0fc763df08783e7b516fc28a49	photo	CID22-512px	seg_boost	2.0	825	74.545822	34.99
/home/lilith/work/codec-corpus/CID22/CID22-512/training/adriankierman-report-page.png	small	64	64	0910db09552278e888de6e772cf5584837c52f0fc763df08783e7b516fc28a49	photo	CID22-512px	trellis	on	809	74.630615	56.90
/home/lilith/work/codec-corpus/CID22/CID22-512/training/adriankierman-report-page.png	small	64	64	0910db09552278e888de6e772cf5584837c52f0fc763df08783e7b516fc28a49	photo	CID22-512px	cdef	off	802	74.507118	37.39
/home/lilith/work/codec-corpus/CID22/CID22-512/training/adriankierman-report-page.png	small	64	64	0910db09552278e888de6e772cf5584837c52f0fc763df08783e7b516fc28a49	photo	CID22-512px	rdo_tx_decision	off	822	75.607414	12.00
/home/lilith/work/codec-corpus/CID22/CID22-512/training/adriankierman-report-page.png	small	64	64	0910db09552278e888de6e772cf5584837c52f0fc763df08783e7b516fc28a49	photo	CID22-512px	sgr_full	off	802	74.507118	52.20
/home/lilith/work/codec-corpus/CID22/CID22-512/training/adriankierman-report-page.png	small	64	64	0910db09552278e888de6e772cf5584837c52f0fc763df08783e7b516fc28a49	photo	CID22-512px	lru_on_skip	on	802	74.507118	38.50
/home/lilith/work/codec-corpus/CID22/CID22-512/training/adriankierman-report-page.png	small	64	64	0910db09552278e888de6e772cf5584837c52f0fc763df08783e7b516fc28a49	photo	CID22-512px	segmentation_complex	on	781	75.364861	54.06
/home/lilith/work/codec-corpus/CID22/CID22-512/training/adriankierman-report-page.png	small	64	64	0910db09552278e888de6e772cf5584837c52f0fc763df08783e7b516fc28a49	photo	CID22-512px	encode_bottomup	on	783	63.944988	45.93
/home/lilith/work/codec-corpus/CID22/CID22-512/training/adriankierman-report-page.png	small	64	64	0910db09552278e888de6e772cf5584837c52f0fc763df08783e7b516fc28a49	photo	CID22-512px	partition_range	fine_4_16	802	74.507118	38.10
/home/lilith/work/codec-corpus/CID22/CID22-512/training/adriankierman-report-page.png	small	64	64	0910db09552278e888de6e772cf5584837c52f0fc763df08783e7b516fc28a49	photo	CID22-512px	partition_range	coarse_16_64	831	72.353508	53.25
/home/lilith/work/codec-corpus/CID22/CID22-512/training/adriankierman-report-page.png	small	64	64	0910db09552278e888de6e772cf5584837c52f0fc763df08783e7b516fc28a49	photo	CID22-512px	complex_prediction_modes	on	805	51.574223	72.88
/home/lilith/work/codec-corpus/CID22/CID22-512/training/adriankierman-report-page.png	small	64	64	0910db09552278e888de6e772cf5584837c52f0fc763df08783e7b516fc28a49	photo	CID22-512px	lrf	off	802	74.507118	37.64
/home/lilith/work/codec-corpus/CID22/CID22-512/training/adriankierman-report-page.png	small	64	64	0910db09552278e888de6e772cf5584837c52f0fc763df08783e7b516fc28a49	photo	CID22-512px	lrf	on	809	74.472198	42.43
/home/lilith/work/codec-corpus/CID22/CID22-512/training/adriankierman-report-page.png	small	64	64	0910db09552278e888de6e772cf5584837c52f0fc763df08783e7b516fc28a49	photo	CID22-512px	fast_deblock	on	802	74.275887	45.18
/home/lilith/work/codec-corpus/CID22/CID22-512/training/adriankierman-report-page.png	medium	256	256	0910db09552278e888de6e772cf5584837c52f0fc763df08783e7b516fc28a49	photo	CID22-512px	baseline	default	7948	80.447952	322.41
/home/lilith/work/codec-corpus/CID22/CID22-512/training/adriankierman-report-page.png	medium	256	256	0910db09552278e888de6e772cf5584837c52f0fc763df08783e7b516fc28a49	photo	CID22-512px	qm	off	8102	80.708366	277.70
/home/lilith/work/codec-corpus/CID22/CID22-512/training/adriankierman-report-page.png	medium	256	256	0910db09552278e888de6e772cf5584837c52f0fc763df08783e7b516fc28a49	photo	CID22-512px	vaq	on_strength_1.0	7948	80.447952	389.12
/home/lilith/work/codec-corpus/CID22/CID22-512/training/adriankierman-report-page.png	medium	256	256	0910db09552278e888de6e772cf5584837c52f0fc763df08783e7b516fc28a49	photo	CID22-512px	vaq_strength	0.5	8279	81.668907	307.30
/home/lilith/work/codec-corpus/CID22/CID22-512/training/adriankierman-report-page.png	medium	256	256	0910db09552278e888de6e772cf5584837c52f0fc763df08783e7b516fc28a49	photo	CID22-512px	vaq_strength	2.0	7396	78.433655	277.26
/home/lilith/work/codec-corpus/CID22/CID22-512/training/adriankierman-report-page.png	medium	256	256	0910db09552278e888de6e772cf5584837c52f0fc763df08783e7b516fc28a49	photo	CID22-512px	vaq_strength	3.0	6973	77.520966	359.75
/home/lilith/work/codec-corpus/clic2025-1024/5e5ce43575fa67fdc0dd37146d7f479e.png	large	1024	1024	170a099e5c4b447675a1b541ded370a0645b41174578597836a3ecb407fb2beb	photo	clic2025-1024px-resized	vaq_strength	0.5	79315	66.977028	4699.32
/home/lilith/work/codec-corpus/CID22/CID22-512/training/adriankierman-report-page.png	medium	256	256	0910db09552278e888de6e772cf5584837c52f0fc763df08783e7b516fc28a49	photo	CID22-512px	tune_still	off	7948	80.440483	305.52
/home/lilith/work/codec-corpus/CID22/CID22-512/training/adriankierman-report-page.png	medium	256	256	0910db09552278e888de6e772cf5584837c52f0fc763df08783e7b516fc28a49	photo	CID22-512px	seg_boost	1.5	7651	78.342842	311.80
/home/lilith/work/codec-corpus/CID22/CID22-512/training/adriankierman-report-page.png	medium	256	256	0910db09552278e888de6e772cf5584837c52f0fc763df08783e7b516fc28a49	photo	CID22-512px	seg_boost	2.0	7396	78.433655	300.07
/home/lilith/work/codec-corpus/clic2025-1024/2c1f84548ef99faec2b4f9bf12227c83.png	large	1024	1024	1761db9c5778e37ed12454c3314d1d970285ed454ee293772112c5eec1c6a875	photo	clic2025-1024px-resized	partition_range	coarse_16_64	42359	76.561951	3934.91
/home/lilith/work/codec-corpus/CID22/CID22-512/training/adriankierman-report-page.png	medium	256	256	0910db09552278e888de6e772cf5584837c52f0fc763df08783e7b516fc28a49	photo	CID22-512px	trellis	on	7923	80.916359	517.48
/home/lilith/work/codec-corpus/CID22/CID22-512/training/adriankierman-report-page.png	medium	256	256	0910db09552278e888de6e772cf5584837c52f0fc763df08783e7b516fc28a49	photo	CID22-512px	cdef	off	7948	80.447952	370.12
/home/lilith/work/codec-corpus/CID22/CID22-512/training/adriankierman-report-page.png	medium	256	256	0910db09552278e888de6e772cf5584837c52f0fc763df08783e7b516fc28a49	photo	CID22-512px	rdo_tx_decision	off	8808	80.202866	117.83
/home/lilith/work/codec-corpus/CID22/CID22-512/training/adriankierman-report-page.png	medium	256	256	0910db09552278e888de6e772cf5584837c52f0fc763df08783e7b516fc28a49	photo	CID22-512px	sgr_full	off	7948	80.447952	311.29
/home/lilith/work/codec-corpus/CID22/CID22-512/training/adriankierman-report-page.png	medium	256	256	0910db09552278e888de6e772cf5584837c52f0fc763df08783e7b516fc28a49	photo	CID22-512px	lru_on_skip	on	7948	80.447952	333.30
/home/lilith/work/codec-corpus/CID22/CID22-512/training/adriankierman-report-page.png	medium	256	256	0910db09552278e888de6e772cf5584837c52f0fc763df08783e7b516fc28a49	photo	CID22-512px	segmentation_complex	on	7866	80.408882	478.90
/home/lilith/work/codec-corpus/CID22/CID22-512/training/adriankierman-report-page.png	medium	256	256	0910db09552278e888de6e772cf5584837c52f0fc763df08783e7b516fc28a49	photo	CID22-512px	encode_bottomup	on	7974	41.388321	470.02
/home/lilith/work/codec-corpus/CID22/CID22-512/training/adriankierman-report-page.png	medium	256	256	0910db09552278e888de6e772cf5584837c52f0fc763df08783e7b516fc28a49	photo	CID22-512px	partition_range	fine_4_16	7948	80.447952	301.37
/home/lilith/work/codec-corpus/CID22/CID22-512/training/adriankierman-report-page.png	medium	256	256	0910db09552278e888de6e772cf5584837c52f0fc763df08783e7b516fc28a49	photo	CID22-512px	partition_range	coarse_16_64	8527	80.178146	427.31
/home/lilith/work/codec-corpus/clic2025-1024/5e5ce43575fa67fdc0dd37146d7f479e.png	large	1024	1024	170a099e5c4b447675a1b541ded370a0645b41174578597836a3ecb407fb2beb	photo	clic2025-1024px-resized	vaq_strength	2.0	74059	66.176018	4539.25
/home/lilith/work/codec-corpus/CID22/CID22-512/training/adriankierman-report-page.png	medium	256	256	0910db09552278e888de6e772cf5584837c52f0fc763df08783e7b516fc28a49	photo	CID22-512px	complex_prediction_modes	on	7849	56.971680	877.83
/home/lilith/work/codec-corpus/CID22/CID22-512/training/adriankierman-report-page.png	medium	256	256	0910db09552278e888de6e772cf5584837c52f0fc763df08783e7b516fc28a49	photo	CID22-512px	lrf	off	7948	80.447952	334.46
/home/lilith/work/codec-corpus/CID22/CID22-512/training/adriankierman-report-page.png	medium	256	256	0910db09552278e888de6e772cf5584837c52f0fc763df08783e7b516fc28a49	photo	CID22-512px	lrf	on	8018	80.781219	311.92
/home/lilith/work/codec-corpus/CID22/CID22-512/training/adriankierman-report-page.png	medium	256	256	0910db09552278e888de6e772cf5584837c52f0fc763df08783e7b516fc28a49	photo	CID22-512px	fast_deblock	on	7948	80.454727	309.64
/home/lilith/work/codec-corpus/clic2025/final-test/608cb09e6ffc66d4bc838d4088bf4c0ab889d7e83d4f5d78805cbc4497e432a1.png	tiny	51	64	06b5950cef7618d226a14cbf7de9e4f4230896439479386c7eea38021c3c885c	photo	clic2025-native	baseline	default	1368	65.794319	192830.29
/home/lilith/work/codec-corpus/clic2025/final-test/608cb09e6ffc66d4bc838d4088bf4c0ab889d7e83d4f5d78805cbc4497e432a1.png	tiny	51	64	06b5950cef7618d226a14cbf7de9e4f4230896439479386c7eea38021c3c885c	photo	clic2025-native	qm	off	1469	73.486938	50.66
/home/lilith/work/codec-corpus/clic2025/final-test/608cb09e6ffc66d4bc838d4088bf4c0ab889d7e83d4f5d78805cbc4497e432a1.png	tiny	51	64	06b5950cef7618d226a14cbf7de9e4f4230896439479386c7eea38021c3c885c	photo	clic2025-native	vaq	on_strength_1.0	1368	65.794319	55.26
/home/lilith/work/codec-corpus/clic2025/final-test/608cb09e6ffc66d4bc838d4088bf4c0ab889d7e83d4f5d78805cbc4497e432a1.png	tiny	51	64	06b5950cef7618d226a14cbf7de9e4f4230896439479386c7eea38021c3c885c	photo	clic2025-native	vaq_strength	0.5	1380	69.808014	54.35
/home/lilith/work/codec-corpus/clic2025/final-test/608cb09e6ffc66d4bc838d4088bf4c0ab889d7e83d4f5d78805cbc4497e432a1.png	tiny	51	64	06b5950cef7618d226a14cbf7de9e4f4230896439479386c7eea38021c3c885c	photo	clic2025-native	vaq_strength	2.0	1333	65.473885	55.36
/home/lilith/work/codec-corpus/clic2025/final-test/608cb09e6ffc66d4bc838d4088bf4c0ab889d7e83d4f5d78805cbc4497e432a1.png	tiny	51	64	06b5950cef7618d226a14cbf7de9e4f4230896439479386c7eea38021c3c885c	photo	clic2025-native	vaq_strength	3.0	1307	68.841743	60.34
/home/lilith/work/codec-corpus/clic2025/final-test/608cb09e6ffc66d4bc838d4088bf4c0ab889d7e83d4f5d78805cbc4497e432a1.png	tiny	51	64	06b5950cef7618d226a14cbf7de9e4f4230896439479386c7eea38021c3c885c	photo	clic2025-native	tune_still	off	1368	65.723473	49.40
/home/lilith/work/codec-corpus/clic2025/final-test/608cb09e6ffc66d4bc838d4088bf4c0ab889d7e83d4f5d78805cbc4497e432a1.png	tiny	51	64	06b5950cef7618d226a14cbf7de9e4f4230896439479386c7eea38021c3c885c	photo	clic2025-native	seg_boost	1.5	1352	67.957420	60.49
/home/lilith/work/codec-corpus/clic2025/final-test/608cb09e6ffc66d4bc838d4088bf4c0ab889d7e83d4f5d78805cbc4497e432a1.png	tiny	51	64	06b5950cef7618d226a14cbf7de9e4f4230896439479386c7eea38021c3c885c	photo	clic2025-native	seg_boost	2.0	1333	65.473885	76.94
/home/lilith/work/codec-corpus/clic2025/final-test/608cb09e6ffc66d4bc838d4088bf4c0ab889d7e83d4f5d78805cbc4497e432a1.png	tiny	51	64	06b5950cef7618d226a14cbf7de9e4f4230896439479386c7eea38021c3c885c	photo	clic2025-native	trellis	on	1372	66.848640	83.62
/home/lilith/work/codec-corpus/clic2025/final-test/608cb09e6ffc66d4bc838d4088bf4c0ab889d7e83d4f5d78805cbc4497e432a1.png	tiny	51	64	06b5950cef7618d226a14cbf7de9e4f4230896439479386c7eea38021c3c885c	photo	clic2025-native	cdef	off	1368	65.794319	49.29
/home/lilith/work/codec-corpus/clic2025/final-test/608cb09e6ffc66d4bc838d4088bf4c0ab889d7e83d4f5d78805cbc4497e432a1.png	tiny	51	64	06b5950cef7618d226a14cbf7de9e4f4230896439479386c7eea38021c3c885c	photo	clic2025-native	rdo_tx_decision	off	1379	64.364388	32.05
/home/lilith/work/codec-corpus/clic2025/final-test/608cb09e6ffc66d4bc838d4088bf4c0ab889d7e83d4f5d78805cbc4497e432a1.png	tiny	51	64	06b5950cef7618d226a14cbf7de9e4f4230896439479386c7eea38021c3c885c	photo	clic2025-native	sgr_full	off	1368	65.794319	50.15
/home/lilith/work/codec-corpus/clic2025/final-test/608cb09e6ffc66d4bc838d4088bf4c0ab889d7e83d4f5d78805cbc4497e432a1.png	tiny	51	64	06b5950cef7618d226a14cbf7de9e4f4230896439479386c7eea38021c3c885c	photo	clic2025-native	lru_on_skip	on	1368	65.794319	48.57
/home/lilith/work/codec-corpus/clic2025/final-test/608cb09e6ffc66d4bc838d4088bf4c0ab889d7e83d4f5d78805cbc4497e432a1.png	tiny	51	64	06b5950cef7618d226a14cbf7de9e4f4230896439479386c7eea38021c3c885c	photo	clic2025-native	segmentation_complex	on	1353	68.584579	72.05
/home/lilith/work/codec-corpus/clic2025/final-test/608cb09e6ffc66d4bc838d4088bf4c0ab889d7e83d4f5d78805cbc4497e432a1.png	tiny	51	64	06b5950cef7618d226a14cbf7de9e4f4230896439479386c7eea38021c3c885c	photo	clic2025-native	encode_bottomup	on	1368	65.794319	50.49
/home/lilith/work/codec-corpus/clic2025/final-test/608cb09e6ffc66d4bc838d4088bf4c0ab889d7e83d4f5d78805cbc4497e432a1.png	tiny	51	64	06b5950cef7618d226a14cbf7de9e4f4230896439479386c7eea38021c3c885c	photo	clic2025-native	partition_range	fine_4_16	1368	65.794319	49.73
/home/lilith/work/codec-corpus/clic2025/final-test/608cb09e6ffc66d4bc838d4088bf4c0ab889d7e83d4f5d78805cbc4497e432a1.png	tiny	51	64	06b5950cef7618d226a14cbf7de9e4f4230896439479386c7eea38021c3c885c	photo	clic2025-native	partition_range	coarse_16_64	1401	71.239349	36.52
/home/lilith/work/codec-corpus/clic2025/final-test/608cb09e6ffc66d4bc838d4088bf4c0ab889d7e83d4f5d78805cbc4497e432a1.png	tiny	51	64	06b5950cef7618d226a14cbf7de9e4f4230896439479386c7eea38021c3c885c	photo	clic2025-native	complex_prediction_modes	on	1354	69.606506	156.81
/home/lilith/work/codec-corpus/clic2025/final-test/608cb09e6ffc66d4bc838d4088bf4c0ab889d7e83d4f5d78805cbc4497e432a1.png	tiny	51	64	06b5950cef7618d226a14cbf7de9e4f4230896439479386c7eea38021c3c885c	photo	clic2025-native	lrf	off	1368	65.794319	50.99
/home/lilith/work/codec-corpus/clic2025/final-test/608cb09e6ffc66d4bc838d4088bf4c0ab889d7e83d4f5d78805cbc4497e432a1.png	tiny	51	64	06b5950cef7618d226a14cbf7de9e4f4230896439479386c7eea38021c3c885c	photo	clic2025-native	lrf	on	1370	65.794319	49.92
/home/lilith/work/codec-corpus/clic2025/final-test/608cb09e6ffc66d4bc838d4088bf4c0ab889d7e83d4f5d78805cbc4497e432a1.png	tiny	51	64	06b5950cef7618d226a14cbf7de9e4f4230896439479386c7eea38021c3c885c	photo	clic2025-native	fast_deblock	on	1368	65.786255	48.89
/home/lilith/work/codec-corpus/clic2025/final-test/608cb09e6ffc66d4bc838d4088bf4c0ab889d7e83d4f5d78805cbc4497e432a1.png	small	204	256	06b5950cef7618d226a14cbf7de9e4f4230896439479386c7eea38021c3c885c	photo	clic2025-native	baseline	default	15203	71.628624	376.77
/home/lilith/work/codec-corpus/clic2025/final-test/608cb09e6ffc66d4bc838d4088bf4c0ab889d7e83d4f5d78805cbc4497e432a1.png	small	204	256	06b5950cef7618d226a14cbf7de9e4f4230896439479386c7eea38021c3c885c	photo	clic2025-native	qm	off	16660	72.140518	440.30
/home/lilith/work/codec-corpus/clic2025/final-test/608cb09e6ffc66d4bc838d4088bf4c0ab889d7e83d4f5d78805cbc4497e432a1.png	small	204	256	06b5950cef7618d226a14cbf7de9e4f4230896439479386c7eea38021c3c885c	photo	clic2025-native	vaq	on_strength_1.0	15203	71.628624	365.91
/home/lilith/work/codec-corpus/clic2025/final-test/608cb09e6ffc66d4bc838d4088bf4c0ab889d7e83d4f5d78805cbc4497e432a1.png	small	204	256	06b5950cef7618d226a14cbf7de9e4f4230896439479386c7eea38021c3c885c	photo	clic2025-native	vaq_strength	0.5	15522	71.002373	353.07
/home/lilith/work/codec-corpus/clic2025-1024/5e5ce43575fa67fdc0dd37146d7f479e.png	large	1024	1024	170a099e5c4b447675a1b541ded370a0645b41174578597836a3ecb407fb2beb	photo	clic2025-1024px-resized	vaq_strength	3.0	77360	65.885963	4616.24
/home/lilith/work/codec-corpus/clic2025/final-test/608cb09e6ffc66d4bc838d4088bf4c0ab889d7e83d4f5d78805cbc4497e432a1.png	small	204	256	06b5950cef7618d226a14cbf7de9e4f4230896439479386c7eea38021c3c885c	photo	clic2025-native	vaq_strength	2.0	14795	71.081406	400.24
/home/lilith/work/codec-corpus/clic2025/final-test/608cb09e6ffc66d4bc838d4088bf4c0ab889d7e83d4f5d78805cbc4497e432a1.png	small	204	256	06b5950cef7618d226a14cbf7de9e4f4230896439479386c7eea38021c3c885c	photo	clic2025-native	vaq_strength	3.0	14623	71.122246	429.27
/home/lilith/work/codec-corpus/clic2025/final-test/608cb09e6ffc66d4bc838d4088bf4c0ab889d7e83d4f5d78805cbc4497e432a1.png	small	204	256	06b5950cef7618d226a14cbf7de9e4f4230896439479386c7eea38021c3c885c	photo	clic2025-native	tune_still	off	15203	71.665337	366.98
/home/lilith/work/codec-corpus/clic2025-1024/2c1f84548ef99faec2b4f9bf12227c83.png	large	1024	1024	1761db9c5778e37ed12454c3314d1d970285ed454ee293772112c5eec1c6a875	photo	clic2025-1024px-resized	complex_prediction_modes	on	42364	60.871468	9593.93
/home/lilith/work/codec-corpus/clic2025/final-test/608cb09e6ffc66d4bc838d4088bf4c0ab889d7e83d4f5d78805cbc4497e432a1.png	small	204	256	06b5950cef7618d226a14cbf7de9e4f4230896439479386c7eea38021c3c885c	photo	clic2025-native	seg_boost	1.5	15094	71.636696	405.93
/home/lilith/work/codec-corpus/clic2025/final-test/608cb09e6ffc66d4bc838d4088bf4c0ab889d7e83d4f5d78805cbc4497e432a1.png	small	204	256	06b5950cef7618d226a14cbf7de9e4f4230896439479386c7eea38021c3c885c	photo	clic2025-native	seg_boost	2.0	14795	71.081406	418.29
/home/lilith/work/codec-corpus/clic2025/final-test/608cb09e6ffc66d4bc838d4088bf4c0ab889d7e83d4f5d78805cbc4497e432a1.png	small	204	256	06b5950cef7618d226a14cbf7de9e4f4230896439479386c7eea38021c3c885c	photo	clic2025-native	trellis	on	15222	71.679085	666.60
/home/lilith/work/codec-corpus/clic2025/final-test/608cb09e6ffc66d4bc838d4088bf4c0ab889d7e83d4f5d78805cbc4497e432a1.png	small	204	256	06b5950cef7618d226a14cbf7de9e4f4230896439479386c7eea38021c3c885c	photo	clic2025-native	cdef	off	15203	71.628624	376.04
/home/lilith/work/codec-corpus/clic2025/final-test/608cb09e6ffc66d4bc838d4088bf4c0ab889d7e83d4f5d78805cbc4497e432a1.png	small	204	256	06b5950cef7618d226a14cbf7de9e4f4230896439479386c7eea38021c3c885c	photo	clic2025-native	rdo_tx_decision	off	15382	71.150261	161.17
/home/lilith/work/codec-corpus/clic2025/final-test/608cb09e6ffc66d4bc838d4088bf4c0ab889d7e83d4f5d78805cbc4497e432a1.png	small	204	256	06b5950cef7618d226a14cbf7de9e4f4230896439479386c7eea38021c3c885c	photo	clic2025-native	sgr_full	off	15203	71.628624	373.25
/home/lilith/work/codec-corpus/clic2025/final-test/608cb09e6ffc66d4bc838d4088bf4c0ab889d7e83d4f5d78805cbc4497e432a1.png	small	204	256	06b5950cef7618d226a14cbf7de9e4f4230896439479386c7eea38021c3c885c	photo	clic2025-native	lru_on_skip	on	15203	71.628624	381.71
/home/lilith/work/codec-corpus/clic2025/final-test/608cb09e6ffc66d4bc838d4088bf4c0ab889d7e83d4f5d78805cbc4497e432a1.png	small	204	256	06b5950cef7618d226a14cbf7de9e4f4230896439479386c7eea38021c3c885c	photo	clic2025-native	segmentation_complex	on	14758	70.416512	529.74
/home/lilith/work/codec-corpus/clic2025-1024/5e5ce43575fa67fdc0dd37146d7f479e.png	large	1024	1024	170a099e5c4b447675a1b541ded370a0645b41174578597836a3ecb407fb2beb	photo	clic2025-1024px-resized	tune_still	off	75980	66.760658	4578.47
/home/lilith/work/codec-corpus/clic2025/final-test/608cb09e6ffc66d4bc838d4088bf4c0ab889d7e83d4f5d78805cbc4497e432a1.png	small	204	256	06b5950cef7618d226a14cbf7de9e4f4230896439479386c7eea38021c3c885c	photo	clic2025-native	encode_bottomup	on	15090	63.108879	596.64
/home/lilith/work/codec-corpus/clic2025/final-test/608cb09e6ffc66d4bc838d4088bf4c0ab889d7e83d4f5d78805cbc4497e432a1.png	small	204	256	06b5950cef7618d226a14cbf7de9e4f4230896439479386c7eea38021c3c885c	photo	clic2025-native	partition_range	fine_4_16	15203	71.628624	385.10
/home/lilith/work/codec-corpus/clic2025-1024/2c1f84548ef99faec2b4f9bf12227c83.png	large	1024	1024	1761db9c5778e37ed12454c3314d1d970285ed454ee293772112c5eec1c6a875	photo	clic2025-1024px-resized	lrf	off	42771	76.624214	4006.17
/home/lilith/work/codec-corpus/clic2025/final-test/608cb09e6ffc66d4bc838d4088bf4c0ab889d7e83d4f5d78805cbc4497e432a1.png	small	204	256	06b5950cef7618d226a14cbf7de9e4f4230896439479386c7eea38021c3c885c	photo	clic2025-native	partition_range	coarse_16_64	15586	70.876076	321.50
/home/lilith/work/codec-corpus/clic2025/final-test/608cb09e6ffc66d4bc838d4088bf4c0ab889d7e83d4f5d78805cbc4497e432a1.png	small	204	256	06b5950cef7618d226a14cbf7de9e4f4230896439479386c7eea38021c3c885c	photo	clic2025-native	complex_prediction_modes	on	15130	14.027842	1017.19
/home/lilith/work/codec-corpus/clic2025/final-test/608cb09e6ffc66d4bc838d4088bf4c0ab889d7e83d4f5d78805cbc4497e432a1.png	small	204	256	06b5950cef7618d226a14cbf7de9e4f4230896439479386c7eea38021c3c885c	photo	clic2025-native	lrf	off	15203	71.628624	364.63
/home/lilith/work/codec-corpus/clic2025/final-test/608cb09e6ffc66d4bc838d4088bf4c0ab889d7e83d4f5d78805cbc4497e432a1.png	small	204	256	06b5950cef7618d226a14cbf7de9e4f4230896439479386c7eea38021c3c885c	photo	clic2025-native	lrf	on	15266	71.857094	395.52
/home/lilith/work/codec-corpus/clic2025/final-test/608cb09e6ffc66d4bc838d4088bf4c0ab889d7e83d4f5d78805cbc4497e432a1.png	small	204	256	06b5950cef7618d226a14cbf7de9e4f4230896439479386c7eea38021c3c885c	photo	clic2025-native	fast_deblock	on	15203	71.612785	355.23
/home/lilith/work/codec-corpus/clic2025-1024/5e5ce43575fa67fdc0dd37146d7f479e.png	large	1024	1024	170a099e5c4b447675a1b541ded370a0645b41174578597836a3ecb407fb2beb	photo	clic2025-1024px-resized	seg_boost	1.5	74061	66.369995	4619.72
/home/lilith/work/codec-corpus/clic2025-1024/2c1f84548ef99faec2b4f9bf12227c83.png	large	1024	1024	1761db9c5778e37ed12454c3314d1d970285ed454ee293772112c5eec1c6a875	photo	clic2025-1024px-resized	lrf	on	43163	76.502228	4412.10
/home/lilith/work/codec-corpus/clic2025/final-test/608cb09e6ffc66d4bc838d4088bf4c0ab889d7e83d4f5d78805cbc4497e432a1.png	medium	816	1024	06b5950cef7618d226a14cbf7de9e4f4230896439479386c7eea38021c3c885c	photo	clic2025-native	baseline	default	134984	72.496635	5831.18
/home/lilith/work/codec-corpus/clic2025-1024/5e5ce43575fa67fdc0dd37146d7f479e.png	large	1024	1024	170a099e5c4b447675a1b541ded370a0645b41174578597836a3ecb407fb2beb	photo	clic2025-1024px-resized	seg_boost	2.0	74059	66.176018	4591.83
/home/lilith/work/codec-corpus/clic2025-1024/2c1f84548ef99faec2b4f9bf12227c83.png	large	1024	1024	1761db9c5778e37ed12454c3314d1d970285ed454ee293772112c5eec1c6a875	photo	clic2025-1024px-resized	fast_deblock	on	42771	76.577408	4237.30
/home/lilith/work/codec-corpus/clic2025/final-test/d0208a1e9b4fde642b9752da2907d82d5b530a6e2e6e18ef71d5524a92d1cf9a.png	tiny	43	64	03f7d79eef173285da85326bb02ec3fb16a1962f48ffc27b4bcfcfdbad732068	photo	clic2025-native	baseline	default	980	-39.491253	210366.14
/home/lilith/work/codec-corpus/clic2025/final-test/d0208a1e9b4fde642b9752da2907d82d5b530a6e2e6e18ef71d5524a92d1cf9a.png	tiny	43	64	03f7d79eef173285da85326bb02ec3fb16a1962f48ffc27b4bcfcfdbad732068	photo	clic2025-native	qm	off	1024	-30.510473	42.00
/home/lilith/work/codec-corpus/clic2025/final-test/d0208a1e9b4fde642b9752da2907d82d5b530a6e2e6e18ef71d5524a92d1cf9a.png	tiny	43	64	03f7d79eef173285da85326bb02ec3fb16a1962f48ffc27b4bcfcfdbad732068	photo	clic2025-native	vaq	on_strength_1.0	980	-39.491253	42.37
/home/lilith/work/codec-corpus/clic2025/final-test/d0208a1e9b4fde642b9752da2907d82d5b530a6e2e6e18ef71d5524a92d1cf9a.png	tiny	43	64	03f7d79eef173285da85326bb02ec3fb16a1962f48ffc27b4bcfcfdbad732068	photo	clic2025-native	vaq_strength	0.5	963	-28.805475	44.84
/home/lilith/work/codec-corpus/clic2025/final-test/d0208a1e9b4fde642b9752da2907d82d5b530a6e2e6e18ef71d5524a92d1cf9a.png	tiny	43	64	03f7d79eef173285da85326bb02ec3fb16a1962f48ffc27b4bcfcfdbad732068	photo	clic2025-native	vaq_strength	2.0	978	-34.430107	56.24
/home/lilith/work/codec-corpus/clic2025/final-test/d0208a1e9b4fde642b9752da2907d82d5b530a6e2e6e18ef71d5524a92d1cf9a.png	tiny	43	64	03f7d79eef173285da85326bb02ec3fb16a1962f48ffc27b4bcfcfdbad732068	photo	clic2025-native	vaq_strength	3.0	957	-34.154552	45.53
/home/lilith/work/codec-corpus/clic2025/final-test/d0208a1e9b4fde642b9752da2907d82d5b530a6e2e6e18ef71d5524a92d1cf9a.png	tiny	43	64	03f7d79eef173285da85326bb02ec3fb16a1962f48ffc27b4bcfcfdbad732068	photo	clic2025-native	tune_still	off	980	-34.166168	43.48
/home/lilith/work/codec-corpus/clic2025/final-test/d0208a1e9b4fde642b9752da2907d82d5b530a6e2e6e18ef71d5524a92d1cf9a.png	tiny	43	64	03f7d79eef173285da85326bb02ec3fb16a1962f48ffc27b4bcfcfdbad732068	photo	clic2025-native	seg_boost	1.5	963	-32.687271	41.24
/home/lilith/work/codec-corpus/clic2025/final-test/d0208a1e9b4fde642b9752da2907d82d5b530a6e2e6e18ef71d5524a92d1cf9a.png	tiny	43	64	03f7d79eef173285da85326bb02ec3fb16a1962f48ffc27b4bcfcfdbad732068	photo	clic2025-native	seg_boost	2.0	978	-34.430107	43.93
/home/lilith/work/codec-corpus/clic2025/final-test/d0208a1e9b4fde642b9752da2907d82d5b530a6e2e6e18ef71d5524a92d1cf9a.png	tiny	43	64	03f7d79eef173285da85326bb02ec3fb16a1962f48ffc27b4bcfcfdbad732068	photo	clic2025-native	trellis	on	975	-40.390755	71.51
/home/lilith/work/codec-corpus/clic2025/final-test/d0208a1e9b4fde642b9752da2907d82d5b530a6e2e6e18ef71d5524a92d1cf9a.png	tiny	43	64	03f7d79eef173285da85326bb02ec3fb16a1962f48ffc27b4bcfcfdbad732068	photo	clic2025-native	cdef	off	980	-39.491253	44.86
/home/lilith/work/codec-corpus/clic2025/final-test/d0208a1e9b4fde642b9752da2907d82d5b530a6e2e6e18ef71d5524a92d1cf9a.png	tiny	43	64	03f7d79eef173285da85326bb02ec3fb16a1962f48ffc27b4bcfcfdbad732068	photo	clic2025-native	rdo_tx_decision	off	986	-38.500931	18.10
/home/lilith/work/codec-corpus/clic2025/final-test/d0208a1e9b4fde642b9752da2907d82d5b530a6e2e6e18ef71d5524a92d1cf9a.png	tiny	43	64	03f7d79eef173285da85326bb02ec3fb16a1962f48ffc27b4bcfcfdbad732068	photo	clic2025-native	sgr_full	off	980	-39.491253	43.51
/home/lilith/work/codec-corpus/clic2025/final-test/d0208a1e9b4fde642b9752da2907d82d5b530a6e2e6e18ef71d5524a92d1cf9a.png	tiny	43	64	03f7d79eef173285da85326bb02ec3fb16a1962f48ffc27b4bcfcfdbad732068	photo	clic2025-native	lru_on_skip	on	980	-39.491253	42.09
/home/lilith/work/codec-corpus/clic2025/final-test/d0208a1e9b4fde642b9752da2907d82d5b530a6e2e6e18ef71d5524a92d1cf9a.png	tiny	43	64	03f7d79eef173285da85326bb02ec3fb16a1962f48ffc27b4bcfcfdbad732068	photo	clic2025-native	segmentation_complex	on	953	-37.702595	70.41
/home/lilith/work/codec-corpus/clic2025/final-test/d0208a1e9b4fde642b9752da2907d82d5b530a6e2e6e18ef71d5524a92d1cf9a.png	tiny	43	64	03f7d79eef173285da85326bb02ec3fb16a1962f48ffc27b4bcfcfdbad732068	photo	clic2025-native	encode_bottomup	on	980	-39.491253	43.41
/home/lilith/work/codec-corpus/clic2025/final-test/d0208a1e9b4fde642b9752da2907d82d5b530a6e2e6e18ef71d5524a92d1cf9a.png	tiny	43	64	03f7d79eef173285da85326bb02ec3fb16a1962f48ffc27b4bcfcfdbad732068	photo	clic2025-native	partition_range	fine_4_16	980	-39.491253	53.63
/home/lilith/work/codec-corpus/clic2025/final-test/d0208a1e9b4fde642b9752da2907d82d5b530a6e2e6e18ef71d5524a92d1cf9a.png	tiny	43	64	03f7d79eef173285da85326bb02ec3fb16a1962f48ffc27b4bcfcfdbad732068	photo	clic2025-native	partition_range	coarse_16_64	991	-36.537331	33.39
/home/lilith/work/codec-corpus/clic2025/final-test/d0208a1e9b4fde642b9752da2907d82d5b530a6e2e6e18ef71d5524a92d1cf9a.png	tiny	43	64	03f7d79eef173285da85326bb02ec3fb16a1962f48ffc27b4bcfcfdbad732068	photo	clic2025-native	complex_prediction_modes	on	967	-145.765396	122.72
/home/lilith/work/codec-corpus/clic2025/final-test/d0208a1e9b4fde642b9752da2907d82d5b530a6e2e6e18ef71d5524a92d1cf9a.png	tiny	43	64	03f7d79eef173285da85326bb02ec3fb16a1962f48ffc27b4bcfcfdbad732068	photo	clic2025-native	lrf	off	980	-39.491253	42.62
/home/lilith/work/codec-corpus/clic2025/final-test/d0208a1e9b4fde642b9752da2907d82d5b530a6e2e6e18ef71d5524a92d1cf9a.png	tiny	43	64	03f7d79eef173285da85326bb02ec3fb16a1962f48ffc27b4bcfcfdbad732068	photo	clic2025-native	lrf	on	981	-39.491253	44.16
/home/lilith/work/codec-corpus/clic2025/final-test/d0208a1e9b4fde642b9752da2907d82d5b530a6e2e6e18ef71d5524a92d1cf9a.png	tiny	43	64	03f7d79eef173285da85326bb02ec3fb16a1962f48ffc27b4bcfcfdbad732068	photo	clic2025-native	fast_deblock	on	980	-41.316429	43.06
/home/lilith/work/codec-corpus/clic2025/final-test/d0208a1e9b4fde642b9752da2907d82d5b530a6e2e6e18ef71d5524a92d1cf9a.png	small	170	256	03f7d79eef173285da85326bb02ec3fb16a1962f48ffc27b4bcfcfdbad732068	photo	clic2025-native	baseline	default	9787	72.049973	441.70
/home/lilith/work/codec-corpus/clic2025/final-test/d0208a1e9b4fde642b9752da2907d82d5b530a6e2e6e18ef71d5524a92d1cf9a.png	small	170	256	03f7d79eef173285da85326bb02ec3fb16a1962f48ffc27b4bcfcfdbad732068	photo	clic2025-native	qm	off	10602	72.859459	380.84
/home/lilith/work/codec-corpus/clic2025/final-test/d0208a1e9b4fde642b9752da2907d82d5b530a6e2e6e18ef71d5524a92d1cf9a.png	small	170	256	03f7d79eef173285da85326bb02ec3fb16a1962f48ffc27b4bcfcfdbad732068	photo	clic2025-native	vaq	on_strength_1.0	9787	72.049973	449.09
/home/lilith/work/codec-corpus/clic2025/final-test/d0208a1e9b4fde642b9752da2907d82d5b530a6e2e6e18ef71d5524a92d1cf9a.png	small	170	256	03f7d79eef173285da85326bb02ec3fb16a1962f48ffc27b4bcfcfdbad732068	photo	clic2025-native	vaq_strength	0.5	9843	71.608025	371.65
/home/lilith/work/codec-corpus/clic2025/final-test/d0208a1e9b4fde642b9752da2907d82d5b530a6e2e6e18ef71d5524a92d1cf9a.png	small	170	256	03f7d79eef173285da85326bb02ec3fb16a1962f48ffc27b4bcfcfdbad732068	photo	clic2025-native	vaq_strength	2.0	9669	71.590729	465.07
/home/lilith/work/codec-corpus/clic2025/final-test/d0208a1e9b4fde642b9752da2907d82d5b530a6e2e6e18ef71d5524a92d1cf9a.png	small	170	256	03f7d79eef173285da85326bb02ec3fb16a1962f48ffc27b4bcfcfdbad732068	photo	clic2025-native	vaq_strength	3.0	9716	71.534622	393.70
/home/lilith/work/codec-corpus/clic2025/final-test/d0208a1e9b4fde642b9752da2907d82d5b530a6e2e6e18ef71d5524a92d1cf9a.png	small	170	256	03f7d79eef173285da85326bb02ec3fb16a1962f48ffc27b4bcfcfdbad732068	photo	clic2025-native	tune_still	off	9787	72.081467	372.24
/home/lilith/work/codec-corpus/clic2025/final-test/d0208a1e9b4fde642b9752da2907d82d5b530a6e2e6e18ef71d5524a92d1cf9a.png	small	170	256	03f7d79eef173285da85326bb02ec3fb16a1962f48ffc27b4bcfcfdbad732068	photo	clic2025-native	seg_boost	1.5	9762	72.066292	349.53
/home/lilith/work/codec-corpus/clic2025/final-test/d0208a1e9b4fde642b9752da2907d82d5b530a6e2e6e18ef71d5524a92d1cf9a.png	small	170	256	03f7d79eef173285da85326bb02ec3fb16a1962f48ffc27b4bcfcfdbad732068	photo	clic2025-native	seg_boost	2.0	9669	71.590729	368.89
/home/lilith/work/codec-corpus/clic2025/final-test/608cb09e6ffc66d4bc838d4088bf4c0ab889d7e83d4f5d78805cbc4497e432a1.png	medium	816	1024	06b5950cef7618d226a14cbf7de9e4f4230896439479386c7eea38021c3c885c	photo	clic2025-native	qm	off	141370	72.060051	5848.75
/home/lilith/work/codec-corpus/clic2025/final-test/d0208a1e9b4fde642b9752da2907d82d5b530a6e2e6e18ef71d5524a92d1cf9a.png	small	170	256	03f7d79eef173285da85326bb02ec3fb16a1962f48ffc27b4bcfcfdbad732068	photo	clic2025-native	trellis	on	9746	72.320061	690.65
/home/lilith/work/codec-corpus/clic2025/final-test/d0208a1e9b4fde642b9752da2907d82d5b530a6e2e6e18ef71d5524a92d1cf9a.png	small	170	256	03f7d79eef173285da85326bb02ec3fb16a1962f48ffc27b4bcfcfdbad732068	photo	clic2025-native	cdef	off	9787	72.049973	399.57
/home/lilith/work/codec-corpus/clic2025/final-test/d0208a1e9b4fde642b9752da2907d82d5b530a6e2e6e18ef71d5524a92d1cf9a.png	small	170	256	03f7d79eef173285da85326bb02ec3fb16a1962f48ffc27b4bcfcfdbad732068	photo	clic2025-native	rdo_tx_decision	off	9843	71.478394	143.50
/home/lilith/work/codec-corpus/clic2025/final-test/d0208a1e9b4fde642b9752da2907d82d5b530a6e2e6e18ef71d5524a92d1cf9a.png	small	170	256	03f7d79eef173285da85326bb02ec3fb16a1962f48ffc27b4bcfcfdbad732068	photo	clic2025-native	sgr_full	off	9787	72.049973	400.37
/home/lilith/work/codec-corpus/clic2025-1024/5e5ce43575fa67fdc0dd37146d7f479e.png	large	1024	1024	170a099e5c4b447675a1b541ded370a0645b41174578597836a3ecb407fb2beb	photo	clic2025-1024px-resized	trellis	on	74186	66.178894	6927.05
/home/lilith/work/codec-corpus/clic2025/final-test/d0208a1e9b4fde642b9752da2907d82d5b530a6e2e6e18ef71d5524a92d1cf9a.png	small	170	256	03f7d79eef173285da85326bb02ec3fb16a1962f48ffc27b4bcfcfdbad732068	photo	clic2025-native	lru_on_skip	on	9787	72.049973	373.94
/home/lilith/work/codec-corpus/clic2025/final-test/d0208a1e9b4fde642b9752da2907d82d5b530a6e2e6e18ef71d5524a92d1cf9a.png	small	170	256	03f7d79eef173285da85326bb02ec3fb16a1962f48ffc27b4bcfcfdbad732068	photo	clic2025-native	segmentation_complex	on	9497	71.423340	503.63
/home/lilith/work/codec-corpus/clic2025/final-test/d0208a1e9b4fde642b9752da2907d82d5b530a6e2e6e18ef71d5524a92d1cf9a.png	small	170	256	03f7d79eef173285da85326bb02ec3fb16a1962f48ffc27b4bcfcfdbad732068	photo	clic2025-native	encode_bottomup	on	9798	69.433823	509.78
/home/lilith/work/codec-corpus/clic2025/final-test/d0208a1e9b4fde642b9752da2907d82d5b530a6e2e6e18ef71d5524a92d1cf9a.png	small	170	256	03f7d79eef173285da85326bb02ec3fb16a1962f48ffc27b4bcfcfdbad732068	photo	clic2025-native	partition_range	fine_4_16	9787	72.049973	390.52
/home/lilith/work/codec-corpus/clic2025/final-test/d0208a1e9b4fde642b9752da2907d82d5b530a6e2e6e18ef71d5524a92d1cf9a.png	small	170	256	03f7d79eef173285da85326bb02ec3fb16a1962f48ffc27b4bcfcfdbad732068	photo	clic2025-native	partition_range	coarse_16_64	9679	71.207840	287.71
/home/lilith/work/codec-corpus/clic2025/final-test/d0208a1e9b4fde642b9752da2907d82d5b530a6e2e6e18ef71d5524a92d1cf9a.png	small	170	256	03f7d79eef173285da85326bb02ec3fb16a1962f48ffc27b4bcfcfdbad732068	photo	clic2025-native	complex_prediction_modes	on	9808	-12.442577	982.83
/home/lilith/work/codec-corpus/clic2025/final-test/d0208a1e9b4fde642b9752da2907d82d5b530a6e2e6e18ef71d5524a92d1cf9a.png	small	170	256	03f7d79eef173285da85326bb02ec3fb16a1962f48ffc27b4bcfcfdbad732068	photo	clic2025-native	lrf	off	9787	72.049973	406.51
/home/lilith/work/codec-corpus/clic2025/final-test/d0208a1e9b4fde642b9752da2907d82d5b530a6e2e6e18ef71d5524a92d1cf9a.png	small	170	256	03f7d79eef173285da85326bb02ec3fb16a1962f48ffc27b4bcfcfdbad732068	photo	clic2025-native	lrf	on	9812	72.042450	402.29
/home/lilith/work/codec-corpus/clic2025/final-test/d0208a1e9b4fde642b9752da2907d82d5b530a6e2e6e18ef71d5524a92d1cf9a.png	small	170	256	03f7d79eef173285da85326bb02ec3fb16a1962f48ffc27b4bcfcfdbad732068	photo	clic2025-native	fast_deblock	on	9787	72.010498	361.67
/home/lilith/work/codec-corpus/clic2025-1024/5e5ce43575fa67fdc0dd37146d7f479e.png	large	1024	1024	170a099e5c4b447675a1b541ded370a0645b41174578597836a3ecb407fb2beb	photo	clic2025-1024px-resized	cdef	off	75980	66.864456	4437.53
/home/lilith/work/codec-corpus/clic2025/final-test/608cb09e6ffc66d4bc838d4088bf4c0ab889d7e83d4f5d78805cbc4497e432a1.png	medium	816	1024	06b5950cef7618d226a14cbf7de9e4f4230896439479386c7eea38021c3c885c	photo	clic2025-native	vaq	on_strength_1.0	134984	72.496635	6006.70
/home/lilith/work/codec-corpus/clic2025-1024/5e5ce43575fa67fdc0dd37146d7f479e.png	large	1024	1024	170a099e5c4b447675a1b541ded370a0645b41174578597836a3ecb407fb2beb	photo	clic2025-1024px-resized	rdo_tx_decision	off	78769	66.598686	1589.95
/home/lilith/work/codec-corpus/clic2025/final-test/d0208a1e9b4fde642b9752da2907d82d5b530a6e2e6e18ef71d5524a92d1cf9a.png	medium	680	1024	03f7d79eef173285da85326bb02ec3fb16a1962f48ffc27b4bcfcfdbad732068	photo	clic2025-native	baseline	default	147654	71.436127	4565.17
/home/lilith/work/codec-corpus/clic2025-1024/5e5ce43575fa67fdc0dd37146d7f479e.png	large	1024	1024	170a099e5c4b447675a1b541ded370a0645b41174578597836a3ecb407fb2beb	photo	clic2025-1024px-resized	sgr_full	off	75980	66.864456	4382.06
/home/lilith/work/codec-corpus/clic2025/final-test/608cb09e6ffc66d4bc838d4088bf4c0ab889d7e83d4f5d78805cbc4497e432a1.png	medium	816	1024	06b5950cef7618d226a14cbf7de9e4f4230896439479386c7eea38021c3c885c	photo	clic2025-native	vaq_strength	0.5	138005	72.338089	5967.80
/home/lilith/work/codec-corpus/clic2025/final-test/d0208a1e9b4fde642b9752da2907d82d5b530a6e2e6e18ef71d5524a92d1cf9a.png	medium	680	1024	03f7d79eef173285da85326bb02ec3fb16a1962f48ffc27b4bcfcfdbad732068	photo	clic2025-native	qm	off	159641	72.237770	4281.22
/home/lilith/work/codec-corpus/clic2025-1024/5e5ce43575fa67fdc0dd37146d7f479e.png	large	1024	1024	170a099e5c4b447675a1b541ded370a0645b41174578597836a3ecb407fb2beb	photo	clic2025-1024px-resized	lru_on_skip	on	75980	66.864456	4559.67
/home/lilith/work/codec-corpus/clic2025/final-test/608cb09e6ffc66d4bc838d4088bf4c0ab889d7e83d4f5d78805cbc4497e432a1.png	medium	816	1024	06b5950cef7618d226a14cbf7de9e4f4230896439479386c7eea38021c3c885c	photo	clic2025-native	vaq_strength	2.0	129185	71.577286	6114.63
/home/lilith/work/codec-corpus/clic2025/final-test/d0208a1e9b4fde642b9752da2907d82d5b530a6e2e6e18ef71d5524a92d1cf9a.png	medium	680	1024	03f7d79eef173285da85326bb02ec3fb16a1962f48ffc27b4bcfcfdbad732068	photo	clic2025-native	vaq	on_strength_1.0	147654	71.436127	4563.56
/home/lilith/work/codec-corpus/clic2025/final-test/d0208a1e9b4fde642b9752da2907d82d5b530a6e2e6e18ef71d5524a92d1cf9a.png	medium	680	1024	03f7d79eef173285da85326bb02ec3fb16a1962f48ffc27b4bcfcfdbad732068	photo	clic2025-native	vaq_strength	0.5	148838	71.646103	4418.53
/home/lilith/work/codec-corpus/clic2025-1024/5e5ce43575fa67fdc0dd37146d7f479e.png	large	1024	1024	170a099e5c4b447675a1b541ded370a0645b41174578597836a3ecb407fb2beb	photo	clic2025-1024px-resized	segmentation_complex	on	69963	65.365585	7197.96
/home/lilith/work/codec-corpus/clic2025/final-test/608cb09e6ffc66d4bc838d4088bf4c0ab889d7e83d4f5d78805cbc4497e432a1.png	medium	816	1024	06b5950cef7618d226a14cbf7de9e4f4230896439479386c7eea38021c3c885c	photo	clic2025-native	vaq_strength	3.0	127568	70.831093	6120.50
/home/lilith/work/codec-corpus/clic2025/final-test/d0208a1e9b4fde642b9752da2907d82d5b530a6e2e6e18ef71d5524a92d1cf9a.png	medium	680	1024	03f7d79eef173285da85326bb02ec3fb16a1962f48ffc27b4bcfcfdbad732068	photo	clic2025-native	vaq_strength	2.0	144222	71.310532	4692.64
/home/lilith/work/codec-corpus/clic2025/final-test/608cb09e6ffc66d4bc838d4088bf4c0ab889d7e83d4f5d78805cbc4497e432a1.png	medium	816	1024	06b5950cef7618d226a14cbf7de9e4f4230896439479386c7eea38021c3c885c	photo	clic2025-native	tune_still	off	134984	72.321007	5752.47
/home/lilith/work/codec-corpus/clic2025-1024/5e5ce43575fa67fdc0dd37146d7f479e.png	large	1024	1024	170a099e5c4b447675a1b541ded370a0645b41174578597836a3ecb407fb2beb	photo	clic2025-1024px-resized	encode_bottomup	on	75552	32.212112	7667.88
/home/lilith/work/codec-corpus/clic2025/final-test/d0208a1e9b4fde642b9752da2907d82d5b530a6e2e6e18ef71d5524a92d1cf9a.png	medium	680	1024	03f7d79eef173285da85326bb02ec3fb16a1962f48ffc27b4bcfcfdbad732068	photo	clic2025-native	vaq_strength	3.0	141710	70.325790	4770.08
/home/lilith/work/codec-corpus/clic2025-1024/5e5ce43575fa67fdc0dd37146d7f479e.png	large	1024	1024	170a099e5c4b447675a1b541ded370a0645b41174578597836a3ecb407fb2beb	photo	clic2025-1024px-resized	partition_range	fine_4_16	75980	66.864456	4537.06
/home/lilith/work/codec-corpus/clic2025/final-test/608cb09e6ffc66d4bc838d4088bf4c0ab889d7e83d4f5d78805cbc4497e432a1.png	medium	816	1024	06b5950cef7618d226a14cbf7de9e4f4230896439479386c7eea38021c3c885c	photo	clic2025-native	seg_boost	1.5	131582	71.620087	5884.87
/home/lilith/work/codec-corpus/clic2025/final-test/d0208a1e9b4fde642b9752da2907d82d5b530a6e2e6e18ef71d5524a92d1cf9a.png	medium	680	1024	03f7d79eef173285da85326bb02ec3fb16a1962f48ffc27b4bcfcfdbad732068	photo	clic2025-native	tune_still	off	147654	71.413200	4391.73
/home/lilith/work/codec-corpus/clic2025-1024/5e5ce43575fa67fdc0dd37146d7f479e.png	large	1024	1024	170a099e5c4b447675a1b541ded370a0645b41174578597836a3ecb407fb2beb	photo	clic2025-1024px-resized	partition_range	coarse_16_64	74868	66.055923	4503.60
/home/lilith/work/codec-corpus/clic2025/final-test/d0208a1e9b4fde642b9752da2907d82d5b530a6e2e6e18ef71d5524a92d1cf9a.png	medium	680	1024	03f7d79eef173285da85326bb02ec3fb16a1962f48ffc27b4bcfcfdbad732068	photo	clic2025-native	seg_boost	1.5	145692	71.040710	4533.42
/home/lilith/work/codec-corpus/clic2025/final-test/608cb09e6ffc66d4bc838d4088bf4c0ab889d7e83d4f5d78805cbc4497e432a1.png	medium	816	1024	06b5950cef7618d226a14cbf7de9e4f4230896439479386c7eea38021c3c885c	photo	clic2025-native	seg_boost	2.0	129185	71.577286	6349.65
/home/lilith/work/codec-corpus/clic2025/final-test/d0208a1e9b4fde642b9752da2907d82d5b530a6e2e6e18ef71d5524a92d1cf9a.png	medium	680	1024	03f7d79eef173285da85326bb02ec3fb16a1962f48ffc27b4bcfcfdbad732068	photo	clic2025-native	seg_boost	2.0	144222	71.310532	4732.03
/home/lilith/work/codec-corpus/clic2025/final-test/608cb09e6ffc66d4bc838d4088bf4c0ab889d7e83d4f5d78805cbc4497e432a1.png	medium	816	1024	06b5950cef7618d226a14cbf7de9e4f4230896439479386c7eea38021c3c885c	photo	clic2025-native	trellis	on	134647	71.487656	9289.32
/home/lilith/work/codec-corpus/clic2025-1024/5e5ce43575fa67fdc0dd37146d7f479e.png	large	1024	1024	170a099e5c4b447675a1b541ded370a0645b41174578597836a3ecb407fb2beb	photo	clic2025-1024px-resized	complex_prediction_modes	on	75874	33.023331	11800.91
/home/lilith/work/codec-corpus/clic2025/final-test/d0208a1e9b4fde642b9752da2907d82d5b530a6e2e6e18ef71d5524a92d1cf9a.png	medium	680	1024	03f7d79eef173285da85326bb02ec3fb16a1962f48ffc27b4bcfcfdbad732068	photo	clic2025-native	trellis	on	147463	71.528404	7701.78
/home/lilith/work/codec-corpus/clic2025-1024/5e5ce43575fa67fdc0dd37146d7f479e.png	large	1024	1024	170a099e5c4b447675a1b541ded370a0645b41174578597836a3ecb407fb2beb	photo	clic2025-1024px-resized	lrf	off	75980	66.864456	4488.70
/home/lilith/work/codec-corpus/clic2025/final-test/608cb09e6ffc66d4bc838d4088bf4c0ab889d7e83d4f5d78805cbc4497e432a1.png	medium	816	1024	06b5950cef7618d226a14cbf7de9e4f4230896439479386c7eea38021c3c885c	photo	clic2025-native	cdef	off	134984	72.496635	5994.10
/home/lilith/work/codec-corpus/clic2025/final-test/d0208a1e9b4fde642b9752da2907d82d5b530a6e2e6e18ef71d5524a92d1cf9a.png	medium	680	1024	03f7d79eef173285da85326bb02ec3fb16a1962f48ffc27b4bcfcfdbad732068	photo	clic2025-native	cdef	off	147654	71.436127	4597.93
/home/lilith/work/codec-corpus/clic2025/final-test/608cb09e6ffc66d4bc838d4088bf4c0ab889d7e83d4f5d78805cbc4497e432a1.png	medium	816	1024	06b5950cef7618d226a14cbf7de9e4f4230896439479386c7eea38021c3c885c	photo	clic2025-native	rdo_tx_decision	off	137738	65.612427	2513.55
/home/lilith/work/codec-corpus/clic2025/final-test/d0208a1e9b4fde642b9752da2907d82d5b530a6e2e6e18ef71d5524a92d1cf9a.png	medium	680	1024	03f7d79eef173285da85326bb02ec3fb16a1962f48ffc27b4bcfcfdbad732068	photo	clic2025-native	rdo_tx_decision	off	148834	71.031418	1637.78
/home/lilith/work/codec-corpus/clic2025-1024/5e5ce43575fa67fdc0dd37146d7f479e.png	large	1024	1024	170a099e5c4b447675a1b541ded370a0645b41174578597836a3ecb407fb2beb	photo	clic2025-1024px-resized	lrf	on	76552	67.091408	4881.56
/home/lilith/work/codec-corpus/clic2025/final-test/d0208a1e9b4fde642b9752da2907d82d5b530a6e2e6e18ef71d5524a92d1cf9a.png	medium	680	1024	03f7d79eef173285da85326bb02ec3fb16a1962f48ffc27b4bcfcfdbad732068	photo	clic2025-native	sgr_full	off	147654	71.436127	4398.19
/home/lilith/work/codec-corpus/clic2025-1024/5e5ce43575fa67fdc0dd37146d7f479e.png	large	1024	1024	170a099e5c4b447675a1b541ded370a0645b41174578597836a3ecb407fb2beb	photo	clic2025-1024px-resized	fast_deblock	on	75980	66.766586	4290.27
/home/lilith/work/codec-corpus/clic2025-1024/ebfd571f1c6824316047a29cb5f376eec15f56dd51821119c1842be068a8b950.png	small	64	64	148a172697c4ed4495678c36824c01685c4c5aead61a4a4fd5744980e5b60f53	photo	clic2025-1024px-resized	baseline	default	541	78.943947	282522.71
/home/lilith/work/codec-corpus/clic2025-1024/22ea12c903e41583b7c469cb86040157.png	small	64	64	05726ce1eee2384d106db2a875fedf6c0a76ee44ace06aa95bed51979cbdd244	photo	clic2025-1024px-resized	baseline	default	903	76.689705	282508.27
/home/lilith/work/codec-corpus/clic2025-1024/ebfd571f1c6824316047a29cb5f376eec15f56dd51821119c1842be068a8b950.png	small	64	64	148a172697c4ed4495678c36824c01685c4c5aead61a4a4fd5744980e5b60f53	photo	clic2025-1024px-resized	qm	off	565	80.499687	23.38
/home/lilith/work/codec-corpus/clic2025-1024/22ea12c903e41583b7c469cb86040157.png	small	64	64	05726ce1eee2384d106db2a875fedf6c0a76ee44ace06aa95bed51979cbdd244	photo	clic2025-1024px-resized	qm	off	932	75.651382	31.20
/home/lilith/work/codec-corpus/clic2025-1024/ebfd571f1c6824316047a29cb5f376eec15f56dd51821119c1842be068a8b950.png	small	64	64	148a172697c4ed4495678c36824c01685c4c5aead61a4a4fd5744980e5b60f53	photo	clic2025-1024px-resized	vaq	on_strength_1.0	541	78.943947	18.47
/home/lilith/work/codec-corpus/clic2025-1024/ebfd571f1c6824316047a29cb5f376eec15f56dd51821119c1842be068a8b950.png	small	64	64	148a172697c4ed4495678c36824c01685c4c5aead61a4a4fd5744980e5b60f53	photo	clic2025-1024px-resized	vaq_strength	0.5	568	81.619179	17.34
/home/lilith/work/codec-corpus/clic2025-1024/22ea12c903e41583b7c469cb86040157.png	small	64	64	05726ce1eee2384d106db2a875fedf6c0a76ee44ace06aa95bed51979cbdd244	photo	clic2025-1024px-resized	vaq	on_strength_1.0	903	76.689705	26.03
/home/lilith/work/codec-corpus/clic2025-1024/ebfd571f1c6824316047a29cb5f376eec15f56dd51821119c1842be068a8b950.png	small	64	64	148a172697c4ed4495678c36824c01685c4c5aead61a4a4fd5744980e5b60f53	photo	clic2025-1024px-resized	vaq_strength	2.0	540	77.148819	19.44
/home/lilith/work/codec-corpus/clic2025-1024/22ea12c903e41583b7c469cb86040157.png	small	64	64	05726ce1eee2384d106db2a875fedf6c0a76ee44ace06aa95bed51979cbdd244	photo	clic2025-1024px-resized	vaq_strength	0.5	933	77.014259	30.84
/home/lilith/work/codec-corpus/clic2025-1024/ebfd571f1c6824316047a29cb5f376eec15f56dd51821119c1842be068a8b950.png	small	64	64	148a172697c4ed4495678c36824c01685c4c5aead61a4a4fd5744980e5b60f53	photo	clic2025-1024px-resized	vaq_strength	3.0	531	75.495285	22.10
/home/lilith/work/codec-corpus/clic2025-1024/22ea12c903e41583b7c469cb86040157.png	small	64	64	05726ce1eee2384d106db2a875fedf6c0a76ee44ace06aa95bed51979cbdd244	photo	clic2025-1024px-resized	vaq_strength	2.0	914	74.844833	31.86
/home/lilith/work/codec-corpus/clic2025-1024/ebfd571f1c6824316047a29cb5f376eec15f56dd51821119c1842be068a8b950.png	small	64	64	148a172697c4ed4495678c36824c01685c4c5aead61a4a4fd5744980e5b60f53	photo	clic2025-1024px-resized	tune_still	off	541	79.085411	18.42
/home/lilith/work/codec-corpus/clic2025-1024/ebfd571f1c6824316047a29cb5f376eec15f56dd51821119c1842be068a8b950.png	small	64	64	148a172697c4ed4495678c36824c01685c4c5aead61a4a4fd5744980e5b60f53	photo	clic2025-1024px-resized	seg_boost	1.5	542	78.411995	19.67
/home/lilith/work/codec-corpus/clic2025-1024/22ea12c903e41583b7c469cb86040157.png	small	64	64	05726ce1eee2384d106db2a875fedf6c0a76ee44ace06aa95bed51979cbdd244	photo	clic2025-1024px-resized	vaq_strength	3.0	891	71.968948	27.49
/home/lilith/work/codec-corpus/clic2025/final-test/608cb09e6ffc66d4bc838d4088bf4c0ab889d7e83d4f5d78805cbc4497e432a1.png	medium	816	1024	06b5950cef7618d226a14cbf7de9e4f4230896439479386c7eea38021c3c885c	photo	clic2025-native	sgr_full	off	134984	72.496635	5738.39
/home/lilith/work/codec-corpus/clic2025-1024/ebfd571f1c6824316047a29cb5f376eec15f56dd51821119c1842be068a8b950.png	small	64	64	148a172697c4ed4495678c36824c01685c4c5aead61a4a4fd5744980e5b60f53	photo	clic2025-1024px-resized	seg_boost	2.0	540	77.148819	26.42
/home/lilith/work/codec-corpus/clic2025-1024/22ea12c903e41583b7c469cb86040157.png	small	64	64	05726ce1eee2384d106db2a875fedf6c0a76ee44ace06aa95bed51979cbdd244	photo	clic2025-1024px-resized	tune_still	off	903	77.092331	33.16
/home/lilith/work/codec-corpus/clic2025-1024/ebfd571f1c6824316047a29cb5f376eec15f56dd51821119c1842be068a8b950.png	small	64	64	148a172697c4ed4495678c36824c01685c4c5aead61a4a4fd5744980e5b60f53	photo	clic2025-1024px-resized	trellis	on	541	78.943947	31.13
/home/lilith/work/codec-corpus/clic2025-1024/22ea12c903e41583b7c469cb86040157.png	small	64	64	05726ce1eee2384d106db2a875fedf6c0a76ee44ace06aa95bed51979cbdd244	photo	clic2025-1024px-resized	seg_boost	1.5	921	75.535149	27.45
/home/lilith/work/codec-corpus/clic2025-1024/ebfd571f1c6824316047a29cb5f376eec15f56dd51821119c1842be068a8b950.png	small	64	64	148a172697c4ed4495678c36824c01685c4c5aead61a4a4fd5744980e5b60f53	photo	clic2025-1024px-resized	cdef	off	541	78.943947	18.88
/home/lilith/work/codec-corpus/clic2025-1024/ebfd571f1c6824316047a29cb5f376eec15f56dd51821119c1842be068a8b950.png	small	64	64	148a172697c4ed4495678c36824c01685c4c5aead61a4a4fd5744980e5b60f53	photo	clic2025-1024px-resized	rdo_tx_decision	off	568	78.186569	7.22
/home/lilith/work/codec-corpus/clic2025-1024/22ea12c903e41583b7c469cb86040157.png	small	64	64	05726ce1eee2384d106db2a875fedf6c0a76ee44ace06aa95bed51979cbdd244	photo	clic2025-1024px-resized	seg_boost	2.0	914	74.844833	31.65
/home/lilith/work/codec-corpus/clic2025-1024/ebfd571f1c6824316047a29cb5f376eec15f56dd51821119c1842be068a8b950.png	small	64	64	148a172697c4ed4495678c36824c01685c4c5aead61a4a4fd5744980e5b60f53	photo	clic2025-1024px-resized	sgr_full	off	541	78.943947	18.59
/home/lilith/work/codec-corpus/clic2025-1024/ebfd571f1c6824316047a29cb5f376eec15f56dd51821119c1842be068a8b950.png	small	64	64	148a172697c4ed4495678c36824c01685c4c5aead61a4a4fd5744980e5b60f53	photo	clic2025-1024px-resized	lru_on_skip	on	541	78.943947	18.71
/home/lilith/work/codec-corpus/clic2025-1024/22ea12c903e41583b7c469cb86040157.png	small	64	64	05726ce1eee2384d106db2a875fedf6c0a76ee44ace06aa95bed51979cbdd244	photo	clic2025-1024px-resized	trellis	on	911	76.347771	40.68
/home/lilith/work/codec-corpus/clic2025-1024/ebfd571f1c6824316047a29cb5f376eec15f56dd51821119c1842be068a8b950.png	small	64	64	148a172697c4ed4495678c36824c01685c4c5aead61a4a4fd5744980e5b60f53	photo	clic2025-1024px-resized	segmentation_complex	on	544	78.684700	30.49
/home/lilith/work/codec-corpus/clic2025-1024/22ea12c903e41583b7c469cb86040157.png	small	64	64	05726ce1eee2384d106db2a875fedf6c0a76ee44ace06aa95bed51979cbdd244	photo	clic2025-1024px-resized	cdef	off	903	76.689705	25.78
/home/lilith/work/codec-corpus/clic2025-1024/22ea12c903e41583b7c469cb86040157.png	small	64	64	05726ce1eee2384d106db2a875fedf6c0a76ee44ace06aa95bed51979cbdd244	photo	clic2025-1024px-resized	rdo_tx_decision	off	956	75.385582	10.13
/home/lilith/work/codec-corpus/clic2025-1024/ebfd571f1c6824316047a29cb5f376eec15f56dd51821119c1842be068a8b950.png	small	64	64	148a172697c4ed4495678c36824c01685c4c5aead61a4a4fd5744980e5b60f53	photo	clic2025-1024px-resized	encode_bottomup	on	538	78.021904	26.91
/home/lilith/work/codec-corpus/clic2025-1024/22ea12c903e41583b7c469cb86040157.png	small	64	64	05726ce1eee2384d106db2a875fedf6c0a76ee44ace06aa95bed51979cbdd244	photo	clic2025-1024px-resized	sgr_full	off	903	76.689705	31.11
/home/lilith/work/codec-corpus/clic2025-1024/ebfd571f1c6824316047a29cb5f376eec15f56dd51821119c1842be068a8b950.png	small	64	64	148a172697c4ed4495678c36824c01685c4c5aead61a4a4fd5744980e5b60f53	photo	clic2025-1024px-resized	partition_range	fine_4_16	541	78.943947	20.43
/home/lilith/work/codec-corpus/clic2025-1024/ebfd571f1c6824316047a29cb5f376eec15f56dd51821119c1842be068a8b950.png	small	64	64	148a172697c4ed4495678c36824c01685c4c5aead61a4a4fd5744980e5b60f53	photo	clic2025-1024px-resized	partition_range	coarse_16_64	552	79.328323	21.29
/home/lilith/work/codec-corpus/clic2025-1024/22ea12c903e41583b7c469cb86040157.png	small	64	64	05726ce1eee2384d106db2a875fedf6c0a76ee44ace06aa95bed51979cbdd244	photo	clic2025-1024px-resized	lru_on_skip	on	903	76.689705	39.22
/home/lilith/work/codec-corpus/clic2025-1024/ebfd571f1c6824316047a29cb5f376eec15f56dd51821119c1842be068a8b950.png	small	64	64	148a172697c4ed4495678c36824c01685c4c5aead61a4a4fd5744980e5b60f53	photo	clic2025-1024px-resized	complex_prediction_modes	on	546	77.518188	46.17
/home/lilith/work/codec-corpus/clic2025-1024/22ea12c903e41583b7c469cb86040157.png	small	64	64	05726ce1eee2384d106db2a875fedf6c0a76ee44ace06aa95bed51979cbdd244	photo	clic2025-1024px-resized	segmentation_complex	on	912	77.791962	48.57
/home/lilith/work/codec-corpus/clic2025-1024/ebfd571f1c6824316047a29cb5f376eec15f56dd51821119c1842be068a8b950.png	small	64	64	148a172697c4ed4495678c36824c01685c4c5aead61a4a4fd5744980e5b60f53	photo	clic2025-1024px-resized	lrf	off	541	78.943947	18.53
/home/lilith/work/codec-corpus/clic2025-1024/ebfd571f1c6824316047a29cb5f376eec15f56dd51821119c1842be068a8b950.png	small	64	64	148a172697c4ed4495678c36824c01685c4c5aead61a4a4fd5744980e5b60f53	photo	clic2025-1024px-resized	lrf	on	546	79.166946	19.52
/home/lilith/work/codec-corpus/clic2025-1024/22ea12c903e41583b7c469cb86040157.png	small	64	64	05726ce1eee2384d106db2a875fedf6c0a76ee44ace06aa95bed51979cbdd244	photo	clic2025-1024px-resized	encode_bottomup	on	879	66.038063	46.45
/home/lilith/work/codec-corpus/clic2025-1024/ebfd571f1c6824316047a29cb5f376eec15f56dd51821119c1842be068a8b950.png	small	64	64	148a172697c4ed4495678c36824c01685c4c5aead61a4a4fd5744980e5b60f53	photo	clic2025-1024px-resized	fast_deblock	on	541	78.901314	20.01
/home/lilith/work/codec-corpus/clic2025-1024/22ea12c903e41583b7c469cb86040157.png	small	64	64	05726ce1eee2384d106db2a875fedf6c0a76ee44ace06aa95bed51979cbdd244	photo	clic2025-1024px-resized	partition_range	fine_4_16	903	76.689705	31.30
/home/lilith/work/codec-corpus/clic2025-1024/22ea12c903e41583b7c469cb86040157.png	small	64	64	05726ce1eee2384d106db2a875fedf6c0a76ee44ace06aa95bed51979cbdd244	photo	clic2025-1024px-resized	partition_range	coarse_16_64	998	76.841042	42.31
/home/lilith/work/codec-corpus/clic2025-1024/22ea12c903e41583b7c469cb86040157.png	small	64	64	05726ce1eee2384d106db2a875fedf6c0a76ee44ace06aa95bed51979cbdd244	photo	clic2025-1024px-resized	complex_prediction_modes	on	912	76.605232	60.98
/home/lilith/work/codec-corpus/clic2025-1024/22ea12c903e41583b7c469cb86040157.png	small	64	64	05726ce1eee2384d106db2a875fedf6c0a76ee44ace06aa95bed51979cbdd244	photo	clic2025-1024px-resized	lrf	off	903	76.689705	25.63
/home/lilith/work/codec-corpus/clic2025-1024/22ea12c903e41583b7c469cb86040157.png	small	64	64	05726ce1eee2384d106db2a875fedf6c0a76ee44ace06aa95bed51979cbdd244	photo	clic2025-1024px-resized	lrf	on	912	76.931580	27.00
/home/lilith/work/codec-corpus/clic2025-1024/22ea12c903e41583b7c469cb86040157.png	small	64	64	05726ce1eee2384d106db2a875fedf6c0a76ee44ace06aa95bed51979cbdd244	photo	clic2025-1024px-resized	fast_deblock	on	903	76.720329	25.72
/home/lilith/work/codec-corpus/clic2025-1024/ebfd571f1c6824316047a29cb5f376eec15f56dd51821119c1842be068a8b950.png	medium	256	256	148a172697c4ed4495678c36824c01685c4c5aead61a4a4fd5744980e5b60f53	photo	clic2025-1024px-resized	baseline	default	4427	79.854385	344.56
/home/lilith/work/codec-corpus/clic2025-1024/22ea12c903e41583b7c469cb86040157.png	medium	256	256	05726ce1eee2384d106db2a875fedf6c0a76ee44ace06aa95bed51979cbdd244	photo	clic2025-1024px-resized	baseline	default	4538	77.744652	381.51
/home/lilith/work/codec-corpus/clic2025-1024/ebfd571f1c6824316047a29cb5f376eec15f56dd51821119c1842be068a8b950.png	medium	256	256	148a172697c4ed4495678c36824c01685c4c5aead61a4a4fd5744980e5b60f53	photo	clic2025-1024px-resized	qm	off	4681	80.459854	350.07
/home/lilith/work/codec-corpus/clic2025-1024/22ea12c903e41583b7c469cb86040157.png	medium	256	256	05726ce1eee2384d106db2a875fedf6c0a76ee44ace06aa95bed51979cbdd244	photo	clic2025-1024px-resized	qm	off	4729	77.945656	363.40
/home/lilith/work/codec-corpus/clic2025-1024/ebfd571f1c6824316047a29cb5f376eec15f56dd51821119c1842be068a8b950.png	medium	256	256	148a172697c4ed4495678c36824c01685c4c5aead61a4a4fd5744980e5b60f53	photo	clic2025-1024px-resized	vaq	on_strength_1.0	4427	79.854385	414.85
/home/lilith/work/codec-corpus/clic2025-1024/22ea12c903e41583b7c469cb86040157.png	medium	256	256	05726ce1eee2384d106db2a875fedf6c0a76ee44ace06aa95bed51979cbdd244	photo	clic2025-1024px-resized	vaq	on_strength_1.0	4538	77.744652	393.60
/home/lilith/work/codec-corpus/clic2025-1024/ebfd571f1c6824316047a29cb5f376eec15f56dd51821119c1842be068a8b950.png	medium	256	256	148a172697c4ed4495678c36824c01685c4c5aead61a4a4fd5744980e5b60f53	photo	clic2025-1024px-resized	vaq_strength	0.5	4740	81.179070	353.34
/home/lilith/work/codec-corpus/clic2025-1024/22ea12c903e41583b7c469cb86040157.png	medium	256	256	05726ce1eee2384d106db2a875fedf6c0a76ee44ace06aa95bed51979cbdd244	photo	clic2025-1024px-resized	vaq_strength	0.5	4803	78.786018	366.22
/home/lilith/work/codec-corpus/clic2025-1024/ebfd571f1c6824316047a29cb5f376eec15f56dd51821119c1842be068a8b950.png	medium	256	256	148a172697c4ed4495678c36824c01685c4c5aead61a4a4fd5744980e5b60f53	photo	clic2025-1024px-resized	vaq_strength	2.0	3867	77.719452	342.92
/home/lilith/work/codec-corpus/clic2025-1024/ebfd571f1c6824316047a29cb5f376eec15f56dd51821119c1842be068a8b950.png	medium	256	256	148a172697c4ed4495678c36824c01685c4c5aead61a4a4fd5744980e5b60f53	photo	clic2025-1024px-resized	vaq_strength	3.0	3403	75.329742	332.72
/home/lilith/work/codec-corpus/clic2025-1024/22ea12c903e41583b7c469cb86040157.png	medium	256	256	05726ce1eee2384d106db2a875fedf6c0a76ee44ace06aa95bed51979cbdd244	photo	clic2025-1024px-resized	vaq_strength	2.0	4350	76.649239	421.01
/home/lilith/work/codec-corpus/clic2025-1024/ebfd571f1c6824316047a29cb5f376eec15f56dd51821119c1842be068a8b950.png	medium	256	256	148a172697c4ed4495678c36824c01685c4c5aead61a4a4fd5744980e5b60f53	photo	clic2025-1024px-resized	tune_still	off	4427	79.824509	375.17
/home/lilith/work/codec-corpus/clic2025-1024/22ea12c903e41583b7c469cb86040157.png	medium	256	256	05726ce1eee2384d106db2a875fedf6c0a76ee44ace06aa95bed51979cbdd244	photo	clic2025-1024px-resized	vaq_strength	3.0	4387	75.334587	369.79
/home/lilith/work/codec-corpus/clic2025-1024/ebfd571f1c6824316047a29cb5f376eec15f56dd51821119c1842be068a8b950.png	medium	256	256	148a172697c4ed4495678c36824c01685c4c5aead61a4a4fd5744980e5b60f53	photo	clic2025-1024px-resized	seg_boost	1.5	4165	79.340172	379.13
/home/lilith/work/codec-corpus/clic2025-1024/22ea12c903e41583b7c469cb86040157.png	medium	256	256	05726ce1eee2384d106db2a875fedf6c0a76ee44ace06aa95bed51979cbdd244	photo	clic2025-1024px-resized	tune_still	off	4538	77.709534	397.61
/home/lilith/work/codec-corpus/clic2025/final-test/d0208a1e9b4fde642b9752da2907d82d5b530a6e2e6e18ef71d5524a92d1cf9a.png	medium	680	1024	03f7d79eef173285da85326bb02ec3fb16a1962f48ffc27b4bcfcfdbad732068	photo	clic2025-native	lru_on_skip	on	147654	71.436127	4576.41
/home/lilith/work/codec-corpus/clic2025-1024/ebfd571f1c6824316047a29cb5f376eec15f56dd51821119c1842be068a8b950.png	medium	256	256	148a172697c4ed4495678c36824c01685c4c5aead61a4a4fd5744980e5b60f53	photo	clic2025-1024px-resized	seg_boost	2.0	3867	77.719452	327.38
/home/lilith/work/codec-corpus/clic2025-1024/22ea12c903e41583b7c469cb86040157.png	medium	256	256	05726ce1eee2384d106db2a875fedf6c0a76ee44ace06aa95bed51979cbdd244	photo	clic2025-1024px-resized	seg_boost	1.5	4470	77.697212	367.42
/home/lilith/work/codec-corpus/clic2025-1024/22ea12c903e41583b7c469cb86040157.png	medium	256	256	05726ce1eee2384d106db2a875fedf6c0a76ee44ace06aa95bed51979cbdd244	photo	clic2025-1024px-resized	seg_boost	2.0	4350	76.649239	399.85
/home/lilith/work/codec-corpus/clic2025-1024/ebfd571f1c6824316047a29cb5f376eec15f56dd51821119c1842be068a8b950.png	medium	256	256	148a172697c4ed4495678c36824c01685c4c5aead61a4a4fd5744980e5b60f53	photo	clic2025-1024px-resized	trellis	on	4424	79.939980	514.84
/home/lilith/work/codec-corpus/clic2025-1024/ebfd571f1c6824316047a29cb5f376eec15f56dd51821119c1842be068a8b950.png	medium	256	256	148a172697c4ed4495678c36824c01685c4c5aead61a4a4fd5744980e5b60f53	photo	clic2025-1024px-resized	cdef	off	4427	79.854385	359.15
/home/lilith/work/codec-corpus/clic2025-1024/ebfd571f1c6824316047a29cb5f376eec15f56dd51821119c1842be068a8b950.png	medium	256	256	148a172697c4ed4495678c36824c01685c4c5aead61a4a4fd5744980e5b60f53	photo	clic2025-1024px-resized	rdo_tx_decision	off	4437	78.846382	106.95
/home/lilith/work/codec-corpus/clic2025-1024/22ea12c903e41583b7c469cb86040157.png	medium	256	256	05726ce1eee2384d106db2a875fedf6c0a76ee44ace06aa95bed51979cbdd244	photo	clic2025-1024px-resized	trellis	on	4559	78.007339	566.76
/home/lilith/work/codec-corpus/clic2025-1024/ebfd571f1c6824316047a29cb5f376eec15f56dd51821119c1842be068a8b950.png	medium	256	256	148a172697c4ed4495678c36824c01685c4c5aead61a4a4fd5744980e5b60f53	photo	clic2025-1024px-resized	sgr_full	off	4427	79.854385	381.31
/home/lilith/work/codec-corpus/clic2025-1024/22ea12c903e41583b7c469cb86040157.png	medium	256	256	05726ce1eee2384d106db2a875fedf6c0a76ee44ace06aa95bed51979cbdd244	photo	clic2025-1024px-resized	cdef	off	4538	77.744652	399.78
/home/lilith/work/codec-corpus/clic2025-1024/22ea12c903e41583b7c469cb86040157.png	medium	256	256	05726ce1eee2384d106db2a875fedf6c0a76ee44ace06aa95bed51979cbdd244	photo	clic2025-1024px-resized	rdo_tx_decision	off	4666	77.963966	139.71
/home/lilith/work/codec-corpus/clic2025-1024/ebfd571f1c6824316047a29cb5f376eec15f56dd51821119c1842be068a8b950.png	medium	256	256	148a172697c4ed4495678c36824c01685c4c5aead61a4a4fd5744980e5b60f53	photo	clic2025-1024px-resized	lru_on_skip	on	4427	79.854385	348.91
/home/lilith/work/codec-corpus/clic2025-1024/22ea12c903e41583b7c469cb86040157.png	medium	256	256	05726ce1eee2384d106db2a875fedf6c0a76ee44ace06aa95bed51979cbdd244	photo	clic2025-1024px-resized	sgr_full	off	4538	77.744652	395.01
/home/lilith/work/codec-corpus/clic2025/final-test/608cb09e6ffc66d4bc838d4088bf4c0ab889d7e83d4f5d78805cbc4497e432a1.png	medium	816	1024	06b5950cef7618d226a14cbf7de9e4f4230896439479386c7eea38021c3c885c	photo	clic2025-native	lru_on_skip	on	134984	72.496635	5793.26
/home/lilith/work/codec-corpus/clic2025-1024/ebfd571f1c6824316047a29cb5f376eec15f56dd51821119c1842be068a8b950.png	medium	256	256	148a172697c4ed4495678c36824c01685c4c5aead61a4a4fd5744980e5b60f53	photo	clic2025-1024px-resized	segmentation_complex	on	4304	79.719788	496.54
/home/lilith/work/codec-corpus/clic2025-1024/22ea12c903e41583b7c469cb86040157.png	medium	256	256	05726ce1eee2384d106db2a875fedf6c0a76ee44ace06aa95bed51979cbdd244	photo	clic2025-1024px-resized	lru_on_skip	on	4538	77.744652	378.58
/home/lilith/work/codec-corpus/clic2025-1024/ebfd571f1c6824316047a29cb5f376eec15f56dd51821119c1842be068a8b950.png	medium	256	256	148a172697c4ed4495678c36824c01685c4c5aead61a4a4fd5744980e5b60f53	photo	clic2025-1024px-resized	encode_bottomup	on	4427	75.565216	485.14
/home/lilith/work/codec-corpus/clic2025-1024/22ea12c903e41583b7c469cb86040157.png	medium	256	256	05726ce1eee2384d106db2a875fedf6c0a76ee44ace06aa95bed51979cbdd244	photo	clic2025-1024px-resized	segmentation_complex	on	4402	77.446724	579.94
/home/lilith/work/codec-corpus/clic2025-1024/ebfd571f1c6824316047a29cb5f376eec15f56dd51821119c1842be068a8b950.png	medium	256	256	148a172697c4ed4495678c36824c01685c4c5aead61a4a4fd5744980e5b60f53	photo	clic2025-1024px-resized	partition_range	fine_4_16	4427	79.854385	352.68
/home/lilith/work/codec-corpus/clic2025-1024/ebfd571f1c6824316047a29cb5f376eec15f56dd51821119c1842be068a8b950.png	medium	256	256	148a172697c4ed4495678c36824c01685c4c5aead61a4a4fd5744980e5b60f53	photo	clic2025-1024px-resized	partition_range	coarse_16_64	4382	78.337074	392.72
/home/lilith/work/codec-corpus/clic2025-1024/22ea12c903e41583b7c469cb86040157.png	medium	256	256	05726ce1eee2384d106db2a875fedf6c0a76ee44ace06aa95bed51979cbdd244	photo	clic2025-1024px-resized	encode_bottomup	on	4531	61.690327	524.77
/home/lilith/work/codec-corpus/clic2025-1024/22ea12c903e41583b7c469cb86040157.png	medium	256	256	05726ce1eee2384d106db2a875fedf6c0a76ee44ace06aa95bed51979cbdd244	photo	clic2025-1024px-resized	partition_range	fine_4_16	4538	77.744652	432.64
/home/lilith/work/codec-corpus/clic2025-1024/ebfd571f1c6824316047a29cb5f376eec15f56dd51821119c1842be068a8b950.png	medium	256	256	148a172697c4ed4495678c36824c01685c4c5aead61a4a4fd5744980e5b60f53	photo	clic2025-1024px-resized	complex_prediction_modes	on	4433	-19.278265	767.57
/home/lilith/work/codec-corpus/clic2025-1024/22ea12c903e41583b7c469cb86040157.png	medium	256	256	05726ce1eee2384d106db2a875fedf6c0a76ee44ace06aa95bed51979cbdd244	photo	clic2025-1024px-resized	partition_range	coarse_16_64	5111	78.027496	510.51
/home/lilith/work/codec-corpus/clic2025-1024/ebfd571f1c6824316047a29cb5f376eec15f56dd51821119c1842be068a8b950.png	medium	256	256	148a172697c4ed4495678c36824c01685c4c5aead61a4a4fd5744980e5b60f53	photo	clic2025-1024px-resized	lrf	off	4427	79.854385	357.35
/home/lilith/work/codec-corpus/clic2025-1024/ebfd571f1c6824316047a29cb5f376eec15f56dd51821119c1842be068a8b950.png	medium	256	256	148a172697c4ed4495678c36824c01685c4c5aead61a4a4fd5744980e5b60f53	photo	clic2025-1024px-resized	lrf	on	4455	79.936569	358.14
/home/lilith/work/codec-corpus/clic2025-1024/22ea12c903e41583b7c469cb86040157.png	medium	256	256	05726ce1eee2384d106db2a875fedf6c0a76ee44ace06aa95bed51979cbdd244	photo	clic2025-1024px-resized	complex_prediction_modes	on	4507	-56.064651	860.13
/home/lilith/work/codec-corpus/clic2025-1024/ebfd571f1c6824316047a29cb5f376eec15f56dd51821119c1842be068a8b950.png	medium	256	256	148a172697c4ed4495678c36824c01685c4c5aead61a4a4fd5744980e5b60f53	photo	clic2025-1024px-resized	fast_deblock	on	4427	79.835495	354.75
/home/lilith/work/codec-corpus/clic2025/final-test/d0208a1e9b4fde642b9752da2907d82d5b530a6e2e6e18ef71d5524a92d1cf9a.png	medium	680	1024	03f7d79eef173285da85326bb02ec3fb16a1962f48ffc27b4bcfcfdbad732068	photo	clic2025-native	segmentation_complex	on	143724	70.631737	5717.14
/home/lilith/work/codec-corpus/clic2025-1024/22ea12c903e41583b7c469cb86040157.png	medium	256	256	05726ce1eee2384d106db2a875fedf6c0a76ee44ace06aa95bed51979cbdd244	photo	clic2025-1024px-resized	lrf	off	4538	77.744652	409.71
/home/lilith/work/codec-corpus/clic2025-1024/22ea12c903e41583b7c469cb86040157.png	medium	256	256	05726ce1eee2384d106db2a875fedf6c0a76ee44ace06aa95bed51979cbdd244	photo	clic2025-1024px-resized	lrf	on	4606	77.874611	427.62
/home/lilith/work/codec-corpus/clic2025-1024/22ea12c903e41583b7c469cb86040157.png	medium	256	256	05726ce1eee2384d106db2a875fedf6c0a76ee44ace06aa95bed51979cbdd244	photo	clic2025-1024px-resized	fast_deblock	on	4538	77.623680	397.12
/home/lilith/work/codec-corpus/clic2025-1024/ebfd571f1c6824316047a29cb5f376eec15f56dd51821119c1842be068a8b950.png	large	1024	1024	148a172697c4ed4495678c36824c01685c4c5aead61a4a4fd5744980e5b60f53	photo	clic2025-1024px-resized	baseline	default	67993	84.830986	4924.18
/home/lilith/work/codec-corpus/clic2025/final-test/608cb09e6ffc66d4bc838d4088bf4c0ab889d7e83d4f5d78805cbc4497e432a1.png	medium	816	1024	06b5950cef7618d226a14cbf7de9e4f4230896439479386c7eea38021c3c885c	photo	clic2025-native	segmentation_complex	on	131022	71.652374	8762.72
/home/lilith/work/codec-corpus/clic2025-1024/22ea12c903e41583b7c469cb86040157.png	large	1024	1024	05726ce1eee2384d106db2a875fedf6c0a76ee44ace06aa95bed51979cbdd244	photo	clic2025-1024px-resized	baseline	default	34223	78.660027	5309.88
/home/lilith/work/codec-corpus/clic2025/final-test/d0208a1e9b4fde642b9752da2907d82d5b530a6e2e6e18ef71d5524a92d1cf9a.png	medium	680	1024	03f7d79eef173285da85326bb02ec3fb16a1962f48ffc27b4bcfcfdbad732068	photo	clic2025-native	encode_bottomup	on	148132	61.590302	7374.57
/home/lilith/work/codec-corpus/clic2025-1024/ebfd571f1c6824316047a29cb5f376eec15f56dd51821119c1842be068a8b950.png	large	1024	1024	148a172697c4ed4495678c36824c01685c4c5aead61a4a4fd5744980e5b60f53	photo	clic2025-1024px-resized	qm	off	69185	85.037247	4608.83
/home/lilith/work/codec-corpus/clic2025-1024/22ea12c903e41583b7c469cb86040157.png	large	1024	1024	05726ce1eee2384d106db2a875fedf6c0a76ee44ace06aa95bed51979cbdd244	photo	clic2025-1024px-resized	qm	off	35129	78.487411	4584.59
/home/lilith/work/codec-corpus/clic2025/final-test/d0208a1e9b4fde642b9752da2907d82d5b530a6e2e6e18ef71d5524a92d1cf9a.png	medium	680	1024	03f7d79eef173285da85326bb02ec3fb16a1962f48ffc27b4bcfcfdbad732068	photo	clic2025-native	partition_range	fine_4_16	147654	71.436127	4497.60
/home/lilith/work/codec-corpus/clic2025/final-test/608cb09e6ffc66d4bc838d4088bf4c0ab889d7e83d4f5d78805cbc4497e432a1.png	medium	816	1024	06b5950cef7618d226a14cbf7de9e4f4230896439479386c7eea38021c3c885c	photo	clic2025-native	encode_bottomup	on	132447	50.644722	8667.79
/home/lilith/work/codec-corpus/clic2025-1024/ebfd571f1c6824316047a29cb5f376eec15f56dd51821119c1842be068a8b950.png	large	1024	1024	148a172697c4ed4495678c36824c01685c4c5aead61a4a4fd5744980e5b60f53	photo	clic2025-1024px-resized	vaq	on_strength_1.0	67993	84.830986	4775.13
/home/lilith/work/codec-corpus/clic2025/final-test/d0208a1e9b4fde642b9752da2907d82d5b530a6e2e6e18ef71d5524a92d1cf9a.png	medium	680	1024	03f7d79eef173285da85326bb02ec3fb16a1962f48ffc27b4bcfcfdbad732068	photo	clic2025-native	partition_range	coarse_16_64	146273	71.148232	4128.07
/home/lilith/work/codec-corpus/clic2025-1024/22ea12c903e41583b7c469cb86040157.png	large	1024	1024	05726ce1eee2384d106db2a875fedf6c0a76ee44ace06aa95bed51979cbdd244	photo	clic2025-1024px-resized	vaq	on_strength_1.0	34223	78.660027	5349.03
/home/lilith/work/codec-corpus/clic2025-1024/ebfd571f1c6824316047a29cb5f376eec15f56dd51821119c1842be068a8b950.png	large	1024	1024	148a172697c4ed4495678c36824c01685c4c5aead61a4a4fd5744980e5b60f53	photo	clic2025-1024px-resized	vaq_strength	0.5	71593	85.554436	4802.56
/home/lilith/work/codec-corpus/clic2025/final-test/608cb09e6ffc66d4bc838d4088bf4c0ab889d7e83d4f5d78805cbc4497e432a1.png	medium	816	1024	06b5950cef7618d226a14cbf7de9e4f4230896439479386c7eea38021c3c885c	photo	clic2025-native	partition_range	fine_4_16	134984	72.496635	6247.42
/home/lilith/work/codec-corpus/clic2025-1024/22ea12c903e41583b7c469cb86040157.png	large	1024	1024	05726ce1eee2384d106db2a875fedf6c0a76ee44ace06aa95bed51979cbdd244	photo	clic2025-1024px-resized	vaq_strength	0.5	35224	78.890205	5009.07
/home/lilith/work/codec-corpus/clic2025-1024/ebfd571f1c6824316047a29cb5f376eec15f56dd51821119c1842be068a8b950.png	large	1024	1024	148a172697c4ed4495678c36824c01685c4c5aead61a4a4fd5744980e5b60f53	photo	clic2025-1024px-resized	vaq_strength	2.0	62593	82.778023	4736.41
/home/lilith/work/codec-corpus/clic2025/final-test/608cb09e6ffc66d4bc838d4088bf4c0ab889d7e83d4f5d78805cbc4497e432a1.png	medium	816	1024	06b5950cef7618d226a14cbf7de9e4f4230896439479386c7eea38021c3c885c	photo	clic2025-native	partition_range	coarse_16_64	144611	71.918274	5643.01
/home/lilith/work/codec-corpus/clic2025-1024/22ea12c903e41583b7c469cb86040157.png	large	1024	1024	05726ce1eee2384d106db2a875fedf6c0a76ee44ace06aa95bed51979cbdd244	photo	clic2025-1024px-resized	vaq_strength	2.0	32433	77.186638	4966.59
/home/lilith/work/codec-corpus/clic2025/final-test/d0208a1e9b4fde642b9752da2907d82d5b530a6e2e6e18ef71d5524a92d1cf9a.png	medium	680	1024	03f7d79eef173285da85326bb02ec3fb16a1962f48ffc27b4bcfcfdbad732068	photo	clic2025-native	complex_prediction_modes	on	147537	10.859815	11461.47
/home/lilith/work/codec-corpus/clic2025-1024/ebfd571f1c6824316047a29cb5f376eec15f56dd51821119c1842be068a8b950.png	large	1024	1024	148a172697c4ed4495678c36824c01685c4c5aead61a4a4fd5744980e5b60f53	photo	clic2025-1024px-resized	vaq_strength	3.0	59115	80.335915	4470.47
/home/lilith/work/codec-corpus/clic2025-1024/22ea12c903e41583b7c469cb86040157.png	large	1024	1024	05726ce1eee2384d106db2a875fedf6c0a76ee44ace06aa95bed51979cbdd244	photo	clic2025-1024px-resized	vaq_strength	3.0	32356	76.026352	4856.31
/home/lilith/work/codec-corpus/clic2025/final-test/d0208a1e9b4fde642b9752da2907d82d5b530a6e2e6e18ef71d5524a92d1cf9a.png	medium	680	1024	03f7d79eef173285da85326bb02ec3fb16a1962f48ffc27b4bcfcfdbad732068	photo	clic2025-native	lrf	off	147654	71.436127	4549.85
/home/lilith/work/codec-corpus/clic2025-1024/ebfd571f1c6824316047a29cb5f376eec15f56dd51821119c1842be068a8b950.png	large	1024	1024	148a172697c4ed4495678c36824c01685c4c5aead61a4a4fd5744980e5b60f53	photo	clic2025-1024px-resized	tune_still	off	67993	84.870537	5075.41
/home/lilith/work/codec-corpus/clic2025/final-test/d0208a1e9b4fde642b9752da2907d82d5b530a6e2e6e18ef71d5524a92d1cf9a.png	medium	680	1024	03f7d79eef173285da85326bb02ec3fb16a1962f48ffc27b4bcfcfdbad732068	photo	clic2025-native	lrf	on	148217	71.532364	4617.99
/home/lilith/work/codec-corpus/clic2025-1024/22ea12c903e41583b7c469cb86040157.png	large	1024	1024	05726ce1eee2384d106db2a875fedf6c0a76ee44ace06aa95bed51979cbdd244	photo	clic2025-1024px-resized	tune_still	off	34223	78.569778	5343.67
/home/lilith/work/codec-corpus/clic2025-1024/ebfd571f1c6824316047a29cb5f376eec15f56dd51821119c1842be068a8b950.png	large	1024	1024	148a172697c4ed4495678c36824c01685c4c5aead61a4a4fd5744980e5b60f53	photo	clic2025-1024px-resized	seg_boost	1.5	64670	84.174309	5113.03
/home/lilith/work/codec-corpus/clic2025/final-test/608cb09e6ffc66d4bc838d4088bf4c0ab889d7e83d4f5d78805cbc4497e432a1.png	medium	816	1024	06b5950cef7618d226a14cbf7de9e4f4230896439479386c7eea38021c3c885c	photo	clic2025-native	complex_prediction_modes	on	133622	58.644909	14128.73
/home/lilith/work/codec-corpus/clic2025/final-test/d0208a1e9b4fde642b9752da2907d82d5b530a6e2e6e18ef71d5524a92d1cf9a.png	medium	680	1024	03f7d79eef173285da85326bb02ec3fb16a1962f48ffc27b4bcfcfdbad732068	photo	clic2025-native	fast_deblock	on	147654	71.381317	4464.72
/home/lilith/work/codec-corpus/clic2025-1024/22ea12c903e41583b7c469cb86040157.png	large	1024	1024	05726ce1eee2384d106db2a875fedf6c0a76ee44ace06aa95bed51979cbdd244	photo	clic2025-1024px-resized	seg_boost	1.5	33043	77.869202	5478.42
/home/lilith/work/codec-corpus/clic2025-1024/ebfd571f1c6824316047a29cb5f376eec15f56dd51821119c1842be068a8b950.png	large	1024	1024	148a172697c4ed4495678c36824c01685c4c5aead61a4a4fd5744980e5b60f53	photo	clic2025-1024px-resized	seg_boost	2.0	62593	82.778023	4658.45
/home/lilith/work/codec-corpus/clic2025/final-test/608cb09e6ffc66d4bc838d4088bf4c0ab889d7e83d4f5d78805cbc4497e432a1.png	medium	816	1024	06b5950cef7618d226a14cbf7de9e4f4230896439479386c7eea38021c3c885c	photo	clic2025-native	lrf	off	134984	72.496635	5856.03
/home/lilith/work/codec-corpus/clic2025-1024/22ea12c903e41583b7c469cb86040157.png	large	1024	1024	05726ce1eee2384d106db2a875fedf6c0a76ee44ace06aa95bed51979cbdd244	photo	clic2025-1024px-resized	seg_boost	2.0	32433	77.186638	4630.18
/home/lilith/work/codec-corpus/clic2025-1024/ebfd571f1c6824316047a29cb5f376eec15f56dd51821119c1842be068a8b950.png	large	1024	1024	148a172697c4ed4495678c36824c01685c4c5aead61a4a4fd5744980e5b60f53	photo	clic2025-1024px-resized	trellis	on	67841	84.818565	7619.89
/home/lilith/work/codec-corpus/clic2025/final-test/608cb09e6ffc66d4bc838d4088bf4c0ab889d7e83d4f5d78805cbc4497e432a1.png	medium	816	1024	06b5950cef7618d226a14cbf7de9e4f4230896439479386c7eea38021c3c885c	photo	clic2025-native	lrf	on	135960	72.706093	5849.53
/home/lilith/work/codec-corpus/clic2025-1024/22ea12c903e41583b7c469cb86040157.png	large	1024	1024	05726ce1eee2384d106db2a875fedf6c0a76ee44ace06aa95bed51979cbdd244	photo	clic2025-1024px-resized	trellis	on	34187	78.852905	6135.75
/home/lilith/work/codec-corpus/clic2025-1024/ebfd571f1c6824316047a29cb5f376eec15f56dd51821119c1842be068a8b950.png	large	1024	1024	148a172697c4ed4495678c36824c01685c4c5aead61a4a4fd5744980e5b60f53	photo	clic2025-1024px-resized	cdef	off	67993	84.830986	4942.59
/home/lilith/work/codec-corpus/clic2025-1024/ebfd571f1c6824316047a29cb5f376eec15f56dd51821119c1842be068a8b950.png	large	1024	1024	148a172697c4ed4495678c36824c01685c4c5aead61a4a4fd5744980e5b60f53	photo	clic2025-1024px-resized	rdo_tx_decision	off	70818	83.230820	1417.90
/home/lilith/work/codec-corpus/clic2025/final-test/608cb09e6ffc66d4bc838d4088bf4c0ab889d7e83d4f5d78805cbc4497e432a1.png	medium	816	1024	06b5950cef7618d226a14cbf7de9e4f4230896439479386c7eea38021c3c885c	photo	clic2025-native	fast_deblock	on	134984	72.443039	5880.55
/home/lilith/work/codec-corpus/kadid10k/I33.png	tiny	64	48	068251eba26a13e66e8d2ba1720a40ac452afc828e4422f35921c16053eb4d5f	mixed	kadid10k-distortion-set	baseline	default	716	-24.618076	350557.71
/home/lilith/work/codec-corpus/kadid10k/I33.png	tiny	64	48	068251eba26a13e66e8d2ba1720a40ac452afc828e4422f35921c16053eb4d5f	mixed	kadid10k-distortion-set	qm	off	744	-17.435253	43.14
/home/lilith/work/codec-corpus/kadid10k/I33.png	tiny	64	48	068251eba26a13e66e8d2ba1720a40ac452afc828e4422f35921c16053eb4d5f	mixed	kadid10k-distortion-set	vaq	on_strength_1.0	716	-24.618076	42.24
/home/lilith/work/codec-corpus/kadid10k/I33.png	tiny	64	48	068251eba26a13e66e8d2ba1720a40ac452afc828e4422f35921c16053eb4d5f	mixed	kadid10k-distortion-set	vaq_strength	0.5	744	-14.929010	46.80
/home/lilith/work/codec-corpus/kadid10k/I33.png	tiny	64	48	068251eba26a13e66e8d2ba1720a40ac452afc828e4422f35921c16053eb4d5f	mixed	kadid10k-distortion-set	vaq_strength	2.0	692	-32.115498	59.66
/home/lilith/work/codec-corpus/kadid10k/I33.png	tiny	64	48	068251eba26a13e66e8d2ba1720a40ac452afc828e4422f35921c16053eb4d5f	mixed	kadid10k-distortion-set	vaq_strength	3.0	686	-47.077896	45.00
/home/lilith/work/codec-corpus/kadid10k/I33.png	tiny	64	48	068251eba26a13e66e8d2ba1720a40ac452afc828e4422f35921c16053eb4d5f	mixed	kadid10k-distortion-set	tune_still	off	716	-24.525391	44.96
/home/lilith/work/codec-corpus/clic2025-1024/22ea12c903e41583b7c469cb86040157.png	large	1024	1024	05726ce1eee2384d106db2a875fedf6c0a76ee44ace06aa95bed51979cbdd244	photo	clic2025-1024px-resized	cdef	off	34223	78.660027	5154.36
/home/lilith/work/codec-corpus/kadid10k/I33.png	tiny	64	48	068251eba26a13e66e8d2ba1720a40ac452afc828e4422f35921c16053eb4d5f	mixed	kadid10k-distortion-set	seg_boost	1.5	700	-26.607855	48.23
/home/lilith/work/codec-corpus/kadid10k/I33.png	tiny	64	48	068251eba26a13e66e8d2ba1720a40ac452afc828e4422f35921c16053eb4d5f	mixed	kadid10k-distortion-set	seg_boost	2.0	692	-32.115498	46.71
/home/lilith/work/codec-corpus/kadid10k/I33.png	tiny	64	48	068251eba26a13e66e8d2ba1720a40ac452afc828e4422f35921c16053eb4d5f	mixed	kadid10k-distortion-set	trellis	on	716	-24.618076	64.79
/home/lilith/work/codec-corpus/kadid10k/I33.png	tiny	64	48	068251eba26a13e66e8d2ba1720a40ac452afc828e4422f35921c16053eb4d5f	mixed	kadid10k-distortion-set	cdef	off	716	-24.618076	41.94
/home/lilith/work/codec-corpus/kadid10k/I33.png	tiny	64	48	068251eba26a13e66e8d2ba1720a40ac452afc828e4422f35921c16053eb4d5f	mixed	kadid10k-distortion-set	rdo_tx_decision	off	728	-32.769157	17.07
/home/lilith/work/codec-corpus/kadid10k/I33.png	tiny	64	48	068251eba26a13e66e8d2ba1720a40ac452afc828e4422f35921c16053eb4d5f	mixed	kadid10k-distortion-set	sgr_full	off	716	-24.618076	41.33
/home/lilith/work/codec-corpus/kadid10k/I33.png	tiny	64	48	068251eba26a13e66e8d2ba1720a40ac452afc828e4422f35921c16053eb4d5f	mixed	kadid10k-distortion-set	lru_on_skip	on	716	-24.618076	41.33
/home/lilith/work/codec-corpus/kadid10k/I33.png	tiny	64	48	068251eba26a13e66e8d2ba1720a40ac452afc828e4422f35921c16053eb4d5f	mixed	kadid10k-distortion-set	segmentation_complex	on	707	-40.377289	66.31
/home/lilith/work/codec-corpus/kadid10k/I33.png	tiny	64	48	068251eba26a13e66e8d2ba1720a40ac452afc828e4422f35921c16053eb4d5f	mixed	kadid10k-distortion-set	encode_bottomup	on	716	-24.618076	40.93
/home/lilith/work/codec-corpus/kadid10k/I33.png	tiny	64	48	068251eba26a13e66e8d2ba1720a40ac452afc828e4422f35921c16053eb4d5f	mixed	kadid10k-distortion-set	partition_range	fine_4_16	716	-24.618076	40.59
/home/lilith/work/codec-corpus/kadid10k/I33.png	tiny	64	48	068251eba26a13e66e8d2ba1720a40ac452afc828e4422f35921c16053eb4d5f	mixed	kadid10k-distortion-set	partition_range	coarse_16_64	758	-33.658192	28.13
/home/lilith/work/codec-corpus/kadid10k/I33.png	tiny	64	48	068251eba26a13e66e8d2ba1720a40ac452afc828e4422f35921c16053eb4d5f	mixed	kadid10k-distortion-set	complex_prediction_modes	on	721	-86.933327	106.05
/home/lilith/work/codec-corpus/kadid10k/I33.png	tiny	64	48	068251eba26a13e66e8d2ba1720a40ac452afc828e4422f35921c16053eb4d5f	mixed	kadid10k-distortion-set	lrf	off	716	-24.618076	41.40
/home/lilith/work/codec-corpus/kadid10k/I33.png	tiny	64	48	068251eba26a13e66e8d2ba1720a40ac452afc828e4422f35921c16053eb4d5f	mixed	kadid10k-distortion-set	lrf	on	722	-24.114641	44.96
/home/lilith/work/codec-corpus/kadid10k/I33.png	tiny	64	48	068251eba26a13e66e8d2ba1720a40ac452afc828e4422f35921c16053eb4d5f	mixed	kadid10k-distortion-set	fast_deblock	on	716	-28.067015	40.85
/home/lilith/work/codec-corpus/kadid10k/I33.png	small	256	192	068251eba26a13e66e8d2ba1720a40ac452afc828e4422f35921c16053eb4d5f	mixed	kadid10k-distortion-set	baseline	default	5558	77.553497	259.91
/home/lilith/work/codec-corpus/kadid10k/I33.png	small	256	192	068251eba26a13e66e8d2ba1720a40ac452afc828e4422f35921c16053eb4d5f	mixed	kadid10k-distortion-set	qm	off	5853	77.719543	258.76
/home/lilith/work/codec-corpus/kadid10k/I33.png	small	256	192	068251eba26a13e66e8d2ba1720a40ac452afc828e4422f35921c16053eb4d5f	mixed	kadid10k-distortion-set	vaq	on_strength_1.0	5558	77.553497	277.30
/home/lilith/work/codec-corpus/kadid10k/I33.png	small	256	192	068251eba26a13e66e8d2ba1720a40ac452afc828e4422f35921c16053eb4d5f	mixed	kadid10k-distortion-set	vaq_strength	0.5	5948	78.314026	271.03
/home/lilith/work/codec-corpus/clic2025-1024/22ea12c903e41583b7c469cb86040157.png	large	1024	1024	05726ce1eee2384d106db2a875fedf6c0a76ee44ace06aa95bed51979cbdd244	photo	clic2025-1024px-resized	rdo_tx_decision	off	35101	78.415733	1806.23
/home/lilith/work/codec-corpus/kadid10k/I33.png	small	256	192	068251eba26a13e66e8d2ba1720a40ac452afc828e4422f35921c16053eb4d5f	mixed	kadid10k-distortion-set	vaq_strength	2.0	5095	75.434410	276.14
/home/lilith/work/codec-corpus/kadid10k/I33.png	small	256	192	068251eba26a13e66e8d2ba1720a40ac452afc828e4422f35921c16053eb4d5f	mixed	kadid10k-distortion-set	vaq_strength	3.0	4738	72.853508	258.79
/home/lilith/work/codec-corpus/kadid10k/I33.png	small	256	192	068251eba26a13e66e8d2ba1720a40ac452afc828e4422f35921c16053eb4d5f	mixed	kadid10k-distortion-set	tune_still	off	5558	77.577362	256.86
/home/lilith/work/codec-corpus/kadid10k/I33.png	small	256	192	068251eba26a13e66e8d2ba1720a40ac452afc828e4422f35921c16053eb4d5f	mixed	kadid10k-distortion-set	seg_boost	1.5	5184	76.517441	256.67
/home/lilith/work/codec-corpus/kadid10k/I33.png	small	256	192	068251eba26a13e66e8d2ba1720a40ac452afc828e4422f35921c16053eb4d5f	mixed	kadid10k-distortion-set	seg_boost	2.0	5095	75.434410	283.20
/home/lilith/work/codec-corpus/kadid10k/I33.png	small	256	192	068251eba26a13e66e8d2ba1720a40ac452afc828e4422f35921c16053eb4d5f	mixed	kadid10k-distortion-set	trellis	on	5552	77.481133	374.49
/home/lilith/work/codec-corpus/kadid10k/I33.png	small	256	192	068251eba26a13e66e8d2ba1720a40ac452afc828e4422f35921c16053eb4d5f	mixed	kadid10k-distortion-set	cdef	off	5558	77.553497	274.62
/home/lilith/work/codec-corpus/clic2025-1024/ebfd571f1c6824316047a29cb5f376eec15f56dd51821119c1842be068a8b950.png	large	1024	1024	148a172697c4ed4495678c36824c01685c4c5aead61a4a4fd5744980e5b60f53	photo	clic2025-1024px-resized	sgr_full	off	67993	84.830986	4766.28
/home/lilith/work/codec-corpus/kadid10k/I33.png	small	256	192	068251eba26a13e66e8d2ba1720a40ac452afc828e4422f35921c16053eb4d5f	mixed	kadid10k-distortion-set	rdo_tx_decision	off	5626	76.925194	94.36
/home/lilith/work/codec-corpus/kadid10k/I33.png	small	256	192	068251eba26a13e66e8d2ba1720a40ac452afc828e4422f35921c16053eb4d5f	mixed	kadid10k-distortion-set	sgr_full	off	5558	77.553497	306.19
/home/lilith/work/codec-corpus/kadid10k/I33.png	small	256	192	068251eba26a13e66e8d2ba1720a40ac452afc828e4422f35921c16053eb4d5f	mixed	kadid10k-distortion-set	lru_on_skip	on	5558	77.553497	257.76
/home/lilith/work/codec-corpus/kadid10k/I33.png	small	256	192	068251eba26a13e66e8d2ba1720a40ac452afc828e4422f35921c16053eb4d5f	mixed	kadid10k-distortion-set	segmentation_complex	on	5517	77.505486	418.01
/home/lilith/work/codec-corpus/kadid10k/I33.png	small	256	192	068251eba26a13e66e8d2ba1720a40ac452afc828e4422f35921c16053eb4d5f	mixed	kadid10k-distortion-set	encode_bottomup	on	5599	73.508728	347.14
/home/lilith/work/codec-corpus/kadid10k/I33.png	small	256	192	068251eba26a13e66e8d2ba1720a40ac452afc828e4422f35921c16053eb4d5f	mixed	kadid10k-distortion-set	partition_range	fine_4_16	5558	77.553497	272.59
/home/lilith/work/codec-corpus/kadid10k/I33.png	small	256	192	068251eba26a13e66e8d2ba1720a40ac452afc828e4422f35921c16053eb4d5f	mixed	kadid10k-distortion-set	partition_range	coarse_16_64	5766	77.125786	272.35
/home/lilith/work/codec-corpus/kadid10k/I33.png	small	256	192	068251eba26a13e66e8d2ba1720a40ac452afc828e4422f35921c16053eb4d5f	mixed	kadid10k-distortion-set	complex_prediction_modes	on	5578	39.745953	626.41
/home/lilith/work/codec-corpus/kadid10k/I33.png	small	256	192	068251eba26a13e66e8d2ba1720a40ac452afc828e4422f35921c16053eb4d5f	mixed	kadid10k-distortion-set	lrf	off	5558	77.553497	269.66
/home/lilith/work/codec-corpus/clic2025-1024/22ea12c903e41583b7c469cb86040157.png	large	1024	1024	05726ce1eee2384d106db2a875fedf6c0a76ee44ace06aa95bed51979cbdd244	photo	clic2025-1024px-resized	sgr_full	off	34223	78.660027	5094.02
/home/lilith/work/codec-corpus/kadid10k/I33.png	small	256	192	068251eba26a13e66e8d2ba1720a40ac452afc828e4422f35921c16053eb4d5f	mixed	kadid10k-distortion-set	lrf	on	5602	77.842354	286.50
/home/lilith/work/codec-corpus/kadid10k/I33.png	small	256	192	068251eba26a13e66e8d2ba1720a40ac452afc828e4422f35921c16053eb4d5f	mixed	kadid10k-distortion-set	fast_deblock	on	5558	77.551285	255.44
/home/lilith/work/codec-corpus/clic2025-1024/d1a9be98d1936065967adac50a6fb750.png	small	64	64	06597cde948ec9f543e9a452bc16ffcff69e01c0e943a6fd12f03051a12d179b	photo	clic2025-1024px-resized	baseline	default	844	78.402702	358402.79
/home/lilith/work/codec-corpus/clic2025-1024/d1a9be98d1936065967adac50a6fb750.png	small	64	64	06597cde948ec9f543e9a452bc16ffcff69e01c0e943a6fd12f03051a12d179b	photo	clic2025-1024px-resized	qm	off	849	78.512138	27.81
/home/lilith/work/codec-corpus/clic2025-1024/d1a9be98d1936065967adac50a6fb750.png	small	64	64	06597cde948ec9f543e9a452bc16ffcff69e01c0e943a6fd12f03051a12d179b	photo	clic2025-1024px-resized	vaq	on_strength_1.0	844	78.402702	44.36
/home/lilith/work/codec-corpus/clic2025-1024/d1a9be98d1936065967adac50a6fb750.png	small	64	64	06597cde948ec9f543e9a452bc16ffcff69e01c0e943a6fd12f03051a12d179b	photo	clic2025-1024px-resized	vaq_strength	0.5	862	80.100647	30.48
/home/lilith/work/codec-corpus/clic2025-1024/d1a9be98d1936065967adac50a6fb750.png	small	64	64	06597cde948ec9f543e9a452bc16ffcff69e01c0e943a6fd12f03051a12d179b	photo	clic2025-1024px-resized	vaq_strength	2.0	799	78.297249	28.98
/home/lilith/work/codec-corpus/clic2025-1024/d1a9be98d1936065967adac50a6fb750.png	small	64	64	06597cde948ec9f543e9a452bc16ffcff69e01c0e943a6fd12f03051a12d179b	photo	clic2025-1024px-resized	vaq_strength	3.0	762	75.471207	30.35
/home/lilith/work/codec-corpus/clic2025-1024/d1a9be98d1936065967adac50a6fb750.png	small	64	64	06597cde948ec9f543e9a452bc16ffcff69e01c0e943a6fd12f03051a12d179b	photo	clic2025-1024px-resized	tune_still	off	844	78.634224	30.35
/home/lilith/work/codec-corpus/clic2025-1024/d1a9be98d1936065967adac50a6fb750.png	small	64	64	06597cde948ec9f543e9a452bc16ffcff69e01c0e943a6fd12f03051a12d179b	photo	clic2025-1024px-resized	seg_boost	1.5	811	79.221199	29.94
/home/lilith/work/codec-corpus/clic2025-1024/d1a9be98d1936065967adac50a6fb750.png	small	64	64	06597cde948ec9f543e9a452bc16ffcff69e01c0e943a6fd12f03051a12d179b	photo	clic2025-1024px-resized	seg_boost	2.0	799	78.297249	29.52
/home/lilith/work/codec-corpus/clic2025-1024/d1a9be98d1936065967adac50a6fb750.png	small	64	64	06597cde948ec9f543e9a452bc16ffcff69e01c0e943a6fd12f03051a12d179b	photo	clic2025-1024px-resized	trellis	on	835	79.522797	48.17
/home/lilith/work/codec-corpus/clic2025-1024/d1a9be98d1936065967adac50a6fb750.png	small	64	64	06597cde948ec9f543e9a452bc16ffcff69e01c0e943a6fd12f03051a12d179b	photo	clic2025-1024px-resized	cdef	off	844	78.402702	30.30
/home/lilith/work/codec-corpus/clic2025-1024/d1a9be98d1936065967adac50a6fb750.png	small	64	64	06597cde948ec9f543e9a452bc16ffcff69e01c0e943a6fd12f03051a12d179b	photo	clic2025-1024px-resized	rdo_tx_decision	off	860	79.550827	9.03
/home/lilith/work/codec-corpus/clic2025-1024/d1a9be98d1936065967adac50a6fb750.png	small	64	64	06597cde948ec9f543e9a452bc16ffcff69e01c0e943a6fd12f03051a12d179b	photo	clic2025-1024px-resized	sgr_full	off	844	78.402702	30.84
/home/lilith/work/codec-corpus/clic2025-1024/d1a9be98d1936065967adac50a6fb750.png	small	64	64	06597cde948ec9f543e9a452bc16ffcff69e01c0e943a6fd12f03051a12d179b	photo	clic2025-1024px-resized	lru_on_skip	on	844	78.402702	30.16
/home/lilith/work/codec-corpus/clic2025-1024/d1a9be98d1936065967adac50a6fb750.png	small	64	64	06597cde948ec9f543e9a452bc16ffcff69e01c0e943a6fd12f03051a12d179b	photo	clic2025-1024px-resized	segmentation_complex	on	839	78.994682	39.59
/home/lilith/work/codec-corpus/clic2025-1024/d1a9be98d1936065967adac50a6fb750.png	small	64	64	06597cde948ec9f543e9a452bc16ffcff69e01c0e943a6fd12f03051a12d179b	photo	clic2025-1024px-resized	encode_bottomup	on	827	77.166214	53.93
/home/lilith/work/codec-corpus/clic2025-1024/d1a9be98d1936065967adac50a6fb750.png	small	64	64	06597cde948ec9f543e9a452bc16ffcff69e01c0e943a6fd12f03051a12d179b	photo	clic2025-1024px-resized	partition_range	fine_4_16	844	78.402702	30.65
/home/lilith/work/codec-corpus/clic2025-1024/d1a9be98d1936065967adac50a6fb750.png	small	64	64	06597cde948ec9f543e9a452bc16ffcff69e01c0e943a6fd12f03051a12d179b	photo	clic2025-1024px-resized	partition_range	coarse_16_64	887	78.950401	28.50
/home/lilith/work/codec-corpus/clic2025-1024/d1a9be98d1936065967adac50a6fb750.png	small	64	64	06597cde948ec9f543e9a452bc16ffcff69e01c0e943a6fd12f03051a12d179b	photo	clic2025-1024px-resized	complex_prediction_modes	on	851	53.860970	64.59
/home/lilith/work/codec-corpus/clic2025-1024/d1a9be98d1936065967adac50a6fb750.png	small	64	64	06597cde948ec9f543e9a452bc16ffcff69e01c0e943a6fd12f03051a12d179b	photo	clic2025-1024px-resized	lrf	off	844	78.402702	30.82
/home/lilith/work/codec-corpus/clic2025-1024/d1a9be98d1936065967adac50a6fb750.png	small	64	64	06597cde948ec9f543e9a452bc16ffcff69e01c0e943a6fd12f03051a12d179b	photo	clic2025-1024px-resized	lrf	on	850	78.618950	33.55
/home/lilith/work/codec-corpus/clic2025-1024/d1a9be98d1936065967adac50a6fb750.png	small	64	64	06597cde948ec9f543e9a452bc16ffcff69e01c0e943a6fd12f03051a12d179b	photo	clic2025-1024px-resized	fast_deblock	on	844	78.323891	30.55
/home/lilith/work/codec-corpus/clic2025-1024/d1a9be98d1936065967adac50a6fb750.png	medium	256	256	06597cde948ec9f543e9a452bc16ffcff69e01c0e943a6fd12f03051a12d179b	photo	clic2025-1024px-resized	baseline	default	6982	78.631012	277.20
/home/lilith/work/codec-corpus/clic2025-1024/ebfd571f1c6824316047a29cb5f376eec15f56dd51821119c1842be068a8b950.png	large	1024	1024	148a172697c4ed4495678c36824c01685c4c5aead61a4a4fd5744980e5b60f53	photo	clic2025-1024px-resized	lru_on_skip	on	67993	84.830986	4772.81
/home/lilith/work/codec-corpus/clic2025-1024/d1a9be98d1936065967adac50a6fb750.png	medium	256	256	06597cde948ec9f543e9a452bc16ffcff69e01c0e943a6fd12f03051a12d179b	photo	clic2025-1024px-resized	qm	off	7431	79.025566	255.37
/home/lilith/work/codec-corpus/clic2025-1024/d1a9be98d1936065967adac50a6fb750.png	medium	256	256	06597cde948ec9f543e9a452bc16ffcff69e01c0e943a6fd12f03051a12d179b	photo	clic2025-1024px-resized	vaq	on_strength_1.0	6982	78.631012	261.44
/home/lilith/work/codec-corpus/clic2025-1024/d1a9be98d1936065967adac50a6fb750.png	medium	256	256	06597cde948ec9f543e9a452bc16ffcff69e01c0e943a6fd12f03051a12d179b	photo	clic2025-1024px-resized	vaq_strength	0.5	7367	79.328705	275.65
/home/lilith/work/codec-corpus/clic2025-1024/d1a9be98d1936065967adac50a6fb750.png	medium	256	256	06597cde948ec9f543e9a452bc16ffcff69e01c0e943a6fd12f03051a12d179b	photo	clic2025-1024px-resized	vaq_strength	2.0	6258	76.910645	313.79
/home/lilith/work/codec-corpus/clic2025-1024/d1a9be98d1936065967adac50a6fb750.png	medium	256	256	06597cde948ec9f543e9a452bc16ffcff69e01c0e943a6fd12f03051a12d179b	photo	clic2025-1024px-resized	vaq_strength	3.0	5674	74.114372	263.14
/home/lilith/work/codec-corpus/clic2025-1024/d1a9be98d1936065967adac50a6fb750.png	medium	256	256	06597cde948ec9f543e9a452bc16ffcff69e01c0e943a6fd12f03051a12d179b	photo	clic2025-1024px-resized	tune_still	off	6982	78.697433	259.85
/home/lilith/work/codec-corpus/clic2025-1024/d1a9be98d1936065967adac50a6fb750.png	medium	256	256	06597cde948ec9f543e9a452bc16ffcff69e01c0e943a6fd12f03051a12d179b	photo	clic2025-1024px-resized	seg_boost	1.5	6688	78.152008	278.84
/home/lilith/work/codec-corpus/clic2025-1024/d1a9be98d1936065967adac50a6fb750.png	medium	256	256	06597cde948ec9f543e9a452bc16ffcff69e01c0e943a6fd12f03051a12d179b	photo	clic2025-1024px-resized	seg_boost	2.0	6258	76.910645	299.80
/home/lilith/work/codec-corpus/clic2025-1024/d1a9be98d1936065967adac50a6fb750.png	medium	256	256	06597cde948ec9f543e9a452bc16ffcff69e01c0e943a6fd12f03051a12d179b	photo	clic2025-1024px-resized	trellis	on	6974	79.070808	442.69
/home/lilith/work/codec-corpus/clic2025-1024/d1a9be98d1936065967adac50a6fb750.png	medium	256	256	06597cde948ec9f543e9a452bc16ffcff69e01c0e943a6fd12f03051a12d179b	photo	clic2025-1024px-resized	cdef	off	6982	78.631012	270.85
/home/lilith/work/codec-corpus/clic2025-1024/d1a9be98d1936065967adac50a6fb750.png	medium	256	256	06597cde948ec9f543e9a452bc16ffcff69e01c0e943a6fd12f03051a12d179b	photo	clic2025-1024px-resized	rdo_tx_decision	off	7039	78.809921	94.47
/home/lilith/work/codec-corpus/clic2025-1024/d1a9be98d1936065967adac50a6fb750.png	medium	256	256	06597cde948ec9f543e9a452bc16ffcff69e01c0e943a6fd12f03051a12d179b	photo	clic2025-1024px-resized	sgr_full	off	6982	78.631012	265.37
/home/lilith/work/codec-corpus/clic2025-1024/22ea12c903e41583b7c469cb86040157.png	large	1024	1024	05726ce1eee2384d106db2a875fedf6c0a76ee44ace06aa95bed51979cbdd244	photo	clic2025-1024px-resized	lru_on_skip	on	34223	78.660027	5123.55
/home/lilith/work/codec-corpus/clic2025-1024/d1a9be98d1936065967adac50a6fb750.png	medium	256	256	06597cde948ec9f543e9a452bc16ffcff69e01c0e943a6fd12f03051a12d179b	photo	clic2025-1024px-resized	lru_on_skip	on	6982	78.631012	263.07
/home/lilith/work/codec-corpus/clic2025-1024/d1a9be98d1936065967adac50a6fb750.png	medium	256	256	06597cde948ec9f543e9a452bc16ffcff69e01c0e943a6fd12f03051a12d179b	photo	clic2025-1024px-resized	segmentation_complex	on	6869	78.735306	477.71
/home/lilith/work/codec-corpus/clic2025-1024/d1a9be98d1936065967adac50a6fb750.png	medium	256	256	06597cde948ec9f543e9a452bc16ffcff69e01c0e943a6fd12f03051a12d179b	photo	clic2025-1024px-resized	encode_bottomup	on	7027	72.877319	405.44
/home/lilith/work/codec-corpus/clic2025-1024/d1a9be98d1936065967adac50a6fb750.png	medium	256	256	06597cde948ec9f543e9a452bc16ffcff69e01c0e943a6fd12f03051a12d179b	photo	clic2025-1024px-resized	partition_range	fine_4_16	6982	78.631012	256.71
/home/lilith/work/codec-corpus/clic2025-1024/d1a9be98d1936065967adac50a6fb750.png	medium	256	256	06597cde948ec9f543e9a452bc16ffcff69e01c0e943a6fd12f03051a12d179b	photo	clic2025-1024px-resized	partition_range	coarse_16_64	6903	78.459099	289.34
/home/lilith/work/codec-corpus/clic2025-1024/d1a9be98d1936065967adac50a6fb750.png	medium	256	256	06597cde948ec9f543e9a452bc16ffcff69e01c0e943a6fd12f03051a12d179b	photo	clic2025-1024px-resized	complex_prediction_modes	on	7015	28.046885	674.79
/home/lilith/work/codec-corpus/clic2025-1024/d1a9be98d1936065967adac50a6fb750.png	medium	256	256	06597cde948ec9f543e9a452bc16ffcff69e01c0e943a6fd12f03051a12d179b	photo	clic2025-1024px-resized	lrf	off	6982	78.631012	258.22
/home/lilith/work/codec-corpus/clic2025-1024/d1a9be98d1936065967adac50a6fb750.png	medium	256	256	06597cde948ec9f543e9a452bc16ffcff69e01c0e943a6fd12f03051a12d179b	photo	clic2025-1024px-resized	lrf	on	7021	78.722710	318.37
/home/lilith/work/codec-corpus/clic2025-1024/d1a9be98d1936065967adac50a6fb750.png	medium	256	256	06597cde948ec9f543e9a452bc16ffcff69e01c0e943a6fd12f03051a12d179b	photo	clic2025-1024px-resized	fast_deblock	on	6982	78.508514	270.66
/home/lilith/work/codec-corpus/clic2025-1024/ebfd571f1c6824316047a29cb5f376eec15f56dd51821119c1842be068a8b950.png	large	1024	1024	148a172697c4ed4495678c36824c01685c4c5aead61a4a4fd5744980e5b60f53	photo	clic2025-1024px-resized	segmentation_complex	on	67246	84.848465	7112.26
/home/lilith/work/codec-corpus/clic2025-1024/d1a9be98d1936065967adac50a6fb750.png	large	1024	1024	06597cde948ec9f543e9a452bc16ffcff69e01c0e943a6fd12f03051a12d179b	photo	clic2025-1024px-resized	baseline	default	51094	79.933823	3077.11
/home/lilith/work/codec-corpus/clic2025-1024/d1a9be98d1936065967adac50a6fb750.png	large	1024	1024	06597cde948ec9f543e9a452bc16ffcff69e01c0e943a6fd12f03051a12d179b	photo	clic2025-1024px-resized	qm	off	52251	80.033684	2958.51
/home/lilith/work/codec-corpus/clic2025-1024/22ea12c903e41583b7c469cb86040157.png	large	1024	1024	05726ce1eee2384d106db2a875fedf6c0a76ee44ace06aa95bed51979cbdd244	photo	clic2025-1024px-resized	segmentation_complex	on	32923	78.287926	9332.18
/home/lilith/work/codec-corpus/clic2025-1024/ebfd571f1c6824316047a29cb5f376eec15f56dd51821119c1842be068a8b950.png	large	1024	1024	148a172697c4ed4495678c36824c01685c4c5aead61a4a4fd5744980e5b60f53	photo	clic2025-1024px-resized	encode_bottomup	on	66688	61.305782	5864.73
/home/lilith/work/codec-corpus/clic2025-1024/d1a9be98d1936065967adac50a6fb750.png	large	1024	1024	06597cde948ec9f543e9a452bc16ffcff69e01c0e943a6fd12f03051a12d179b	photo	clic2025-1024px-resized	vaq	on_strength_1.0	51094	79.933823	3022.65
/home/lilith/work/codec-corpus/clic2025-1024/ebfd571f1c6824316047a29cb5f376eec15f56dd51821119c1842be068a8b950.png	large	1024	1024	148a172697c4ed4495678c36824c01685c4c5aead61a4a4fd5744980e5b60f53	photo	clic2025-1024px-resized	partition_range	fine_4_16	67993	84.830986	4774.22
/home/lilith/work/codec-corpus/clic2025-1024/d1a9be98d1936065967adac50a6fb750.png	large	1024	1024	06597cde948ec9f543e9a452bc16ffcff69e01c0e943a6fd12f03051a12d179b	photo	clic2025-1024px-resized	vaq_strength	0.5	54644	80.754570	3070.96
/home/lilith/work/codec-corpus/clic2025-1024/22ea12c903e41583b7c469cb86040157.png	large	1024	1024	05726ce1eee2384d106db2a875fedf6c0a76ee44ace06aa95bed51979cbdd244	photo	clic2025-1024px-resized	encode_bottomup	on	34009	49.999584	6123.35
/home/lilith/work/codec-corpus/clic2025-1024/d1a9be98d1936065967adac50a6fb750.png	large	1024	1024	06597cde948ec9f543e9a452bc16ffcff69e01c0e943a6fd12f03051a12d179b	photo	clic2025-1024px-resized	vaq_strength	2.0	45046	78.300728	3017.95
/home/lilith/work/codec-corpus/clic2025-1024/ebfd571f1c6824316047a29cb5f376eec15f56dd51821119c1842be068a8b950.png	large	1024	1024	148a172697c4ed4495678c36824c01685c4c5aead61a4a4fd5744980e5b60f53	photo	clic2025-1024px-resized	partition_range	coarse_16_64	73658	83.644768	4890.11
/home/lilith/work/codec-corpus/clic2025-1024/22ea12c903e41583b7c469cb86040157.png	large	1024	1024	05726ce1eee2384d106db2a875fedf6c0a76ee44ace06aa95bed51979cbdd244	photo	clic2025-1024px-resized	partition_range	fine_4_16	34223	78.660027	5228.63
/home/lilith/work/codec-corpus/clic2025-1024/d1a9be98d1936065967adac50a6fb750.png	large	1024	1024	06597cde948ec9f543e9a452bc16ffcff69e01c0e943a6fd12f03051a12d179b	photo	clic2025-1024px-resized	vaq_strength	3.0	41088	75.998932	3177.88
/home/lilith/work/codec-corpus/clic2025-1024/d1a9be98d1936065967adac50a6fb750.png	large	1024	1024	06597cde948ec9f543e9a452bc16ffcff69e01c0e943a6fd12f03051a12d179b	photo	clic2025-1024px-resized	tune_still	off	51094	79.879120	4783.14
/home/lilith/work/codec-corpus/clic2025-1024/22ea12c903e41583b7c469cb86040157.png	large	1024	1024	05726ce1eee2384d106db2a875fedf6c0a76ee44ace06aa95bed51979cbdd244	photo	clic2025-1024px-resized	partition_range	coarse_16_64	36651	78.609680	8936.67
/home/lilith/work/codec-corpus/clic2025-1024/d1a9be98d1936065967adac50a6fb750.png	large	1024	1024	06597cde948ec9f543e9a452bc16ffcff69e01c0e943a6fd12f03051a12d179b	photo	clic2025-1024px-resized	seg_boost	1.5	47793	79.181854	5388.85
/home/lilith/work/codec-corpus/clic2025-1024/ebfd571f1c6824316047a29cb5f376eec15f56dd51821119c1842be068a8b950.png	large	1024	1024	148a172697c4ed4495678c36824c01685c4c5aead61a4a4fd5744980e5b60f53	photo	clic2025-1024px-resized	complex_prediction_modes	on	67760	-11.956336	16548.33
/home/lilith/work/codec-corpus/clic2025-1024/d1a9be98d1936065967adac50a6fb750.png	large	1024	1024	06597cde948ec9f543e9a452bc16ffcff69e01c0e943a6fd12f03051a12d179b	photo	clic2025-1024px-resized	seg_boost	2.0	45046	78.300728	5489.55
/home/lilith/work/codec-corpus/clic2025-1024/ebfd571f1c6824316047a29cb5f376eec15f56dd51821119c1842be068a8b950.png	large	1024	1024	148a172697c4ed4495678c36824c01685c4c5aead61a4a4fd5744980e5b60f53	photo	clic2025-1024px-resized	lrf	off	67993	84.830986	8208.05
/home/lilith/work/codec-corpus/clic2025-1024/d1a9be98d1936065967adac50a6fb750.png	large	1024	1024	06597cde948ec9f543e9a452bc16ffcff69e01c0e943a6fd12f03051a12d179b	photo	clic2025-1024px-resized	trellis	on	51004	79.989357	7680.73
/home/lilith/work/codec-corpus/clic2025-1024/22ea12c903e41583b7c469cb86040157.png	large	1024	1024	05726ce1eee2384d106db2a875fedf6c0a76ee44ace06aa95bed51979cbdd244	photo	clic2025-1024px-resized	complex_prediction_modes	on	33968	7.177887	18868.22
/home/lilith/work/codec-corpus/clic2025-1024/d1a9be98d1936065967adac50a6fb750.png	large	1024	1024	06597cde948ec9f543e9a452bc16ffcff69e01c0e943a6fd12f03051a12d179b	photo	clic2025-1024px-resized	cdef	off	51094	79.933823	5351.89
/home/lilith/work/codec-corpus/clic2025-1024/ebfd571f1c6824316047a29cb5f376eec15f56dd51821119c1842be068a8b950.png	large	1024	1024	148a172697c4ed4495678c36824c01685c4c5aead61a4a4fd5744980e5b60f53	photo	clic2025-1024px-resized	lrf	on	68326	84.994759	8923.10
/home/lilith/work/codec-corpus/clic2025-1024/d1a9be98d1936065967adac50a6fb750.png	large	1024	1024	06597cde948ec9f543e9a452bc16ffcff69e01c0e943a6fd12f03051a12d179b	photo	clic2025-1024px-resized	rdo_tx_decision	off	52184	79.881264	1814.25
/home/lilith/work/codec-corpus/clic2025-1024/22ea12c903e41583b7c469cb86040157.png	large	1024	1024	05726ce1eee2384d106db2a875fedf6c0a76ee44ace06aa95bed51979cbdd244	photo	clic2025-1024px-resized	lrf	off	34223	78.660027	9521.43
/home/lilith/work/codec-corpus/clic2025-1024/d1a9be98d1936065967adac50a6fb750.png	large	1024	1024	06597cde948ec9f543e9a452bc16ffcff69e01c0e943a6fd12f03051a12d179b	photo	clic2025-1024px-resized	sgr_full	off	51094	79.933823	5174.92
/home/lilith/work/codec-corpus/clic2025-1024/ebfd571f1c6824316047a29cb5f376eec15f56dd51821119c1842be068a8b950.png	large	1024	1024	148a172697c4ed4495678c36824c01685c4c5aead61a4a4fd5744980e5b60f53	photo	clic2025-1024px-resized	fast_deblock	on	67993	84.804520	9058.04
/home/lilith/work/codec-corpus/CID22/CID22-512/validation/2079234.png	small	64	64	13fb77f61e513cc13c98f18cb7343598503a4b8f70eaea1bada47c68dd2339b6	photo	CID22-512px	baseline	default	939	76.215698	426518.27
/home/lilith/work/codec-corpus/CID22/CID22-512/validation/2079234.png	small	64	64	13fb77f61e513cc13c98f18cb7343598503a4b8f70eaea1bada47c68dd2339b6	photo	CID22-512px	qm	off	960	75.841095	63.28
/home/lilith/work/codec-corpus/CID22/CID22-512/validation/2079234.png	small	64	64	13fb77f61e513cc13c98f18cb7343598503a4b8f70eaea1bada47c68dd2339b6	photo	CID22-512px	vaq	on_strength_1.0	939	76.215698	76.27
/home/lilith/work/codec-corpus/CID22/CID22-512/validation/2079234.png	small	64	64	13fb77f61e513cc13c98f18cb7343598503a4b8f70eaea1bada47c68dd2339b6	photo	CID22-512px	vaq_strength	0.5	945	75.748528	100.50
/home/lilith/work/codec-corpus/CID22/CID22-512/validation/2079234.png	small	64	64	13fb77f61e513cc13c98f18cb7343598503a4b8f70eaea1bada47c68dd2339b6	photo	CID22-512px	vaq_strength	2.0	908	74.798569	90.77
/home/lilith/work/codec-corpus/CID22/CID22-512/validation/2079234.png	small	64	64	13fb77f61e513cc13c98f18cb7343598503a4b8f70eaea1bada47c68dd2339b6	photo	CID22-512px	vaq_strength	3.0	900	72.615913	85.57
/home/lilith/work/codec-corpus/CID22/CID22-512/validation/2079234.png	small	64	64	13fb77f61e513cc13c98f18cb7343598503a4b8f70eaea1bada47c68dd2339b6	photo	CID22-512px	tune_still	off	939	76.256676	78.57
/home/lilith/work/codec-corpus/CID22/CID22-512/validation/2079234.png	small	64	64	13fb77f61e513cc13c98f18cb7343598503a4b8f70eaea1bada47c68dd2339b6	photo	CID22-512px	seg_boost	1.5	905	75.966797	99.56
/home/lilith/work/codec-corpus/CID22/CID22-512/validation/2079234.png	small	64	64	13fb77f61e513cc13c98f18cb7343598503a4b8f70eaea1bada47c68dd2339b6	photo	CID22-512px	seg_boost	2.0	908	74.798569	91.30
/home/lilith/work/codec-corpus/CID22/CID22-512/validation/2079234.png	small	64	64	13fb77f61e513cc13c98f18cb7343598503a4b8f70eaea1bada47c68dd2339b6	photo	CID22-512px	trellis	on	952	76.547256	111.54
/home/lilith/work/codec-corpus/CID22/CID22-512/validation/2079234.png	small	64	64	13fb77f61e513cc13c98f18cb7343598503a4b8f70eaea1bada47c68dd2339b6	photo	CID22-512px	cdef	off	939	76.215698	123.44
/home/lilith/work/codec-corpus/CID22/CID22-512/validation/2079234.png	small	64	64	13fb77f61e513cc13c98f18cb7343598503a4b8f70eaea1bada47c68dd2339b6	photo	CID22-512px	rdo_tx_decision	off	936	76.083908	20.34
/home/lilith/work/codec-corpus/CID22/CID22-512/validation/2079234.png	small	64	64	13fb77f61e513cc13c98f18cb7343598503a4b8f70eaea1bada47c68dd2339b6	photo	CID22-512px	sgr_full	off	939	76.215698	71.41
/home/lilith/work/codec-corpus/clic2025-1024/d1a9be98d1936065967adac50a6fb750.png	large	1024	1024	06597cde948ec9f543e9a452bc16ffcff69e01c0e943a6fd12f03051a12d179b	photo	clic2025-1024px-resized	lru_on_skip	on	51094	79.933823	5193.69
/home/lilith/work/codec-corpus/CID22/CID22-512/validation/2079234.png	small	64	64	13fb77f61e513cc13c98f18cb7343598503a4b8f70eaea1bada47c68dd2339b6	photo	CID22-512px	lru_on_skip	on	939	76.215698	151.20
/home/lilith/work/codec-corpus/CID22/CID22-512/validation/2079234.png	small	64	64	13fb77f61e513cc13c98f18cb7343598503a4b8f70eaea1bada47c68dd2339b6	photo	CID22-512px	segmentation_complex	on	922	75.750732	115.14
/home/lilith/work/codec-corpus/CID22/CID22-512/validation/2079234.png	small	64	64	13fb77f61e513cc13c98f18cb7343598503a4b8f70eaea1bada47c68dd2339b6	photo	CID22-512px	encode_bottomup	on	924	67.758064	83.30
/home/lilith/work/codec-corpus/CID22/CID22-512/validation/2079234.png	small	64	64	13fb77f61e513cc13c98f18cb7343598503a4b8f70eaea1bada47c68dd2339b6	photo	CID22-512px	partition_range	fine_4_16	939	76.215698	117.33
/home/lilith/work/codec-corpus/CID22/CID22-512/validation/2079234.png	small	64	64	13fb77f61e513cc13c98f18cb7343598503a4b8f70eaea1bada47c68dd2339b6	photo	CID22-512px	partition_range	coarse_16_64	982	75.449768	104.43
/home/lilith/work/codec-corpus/CID22/CID22-512/validation/2079234.png	small	64	64	13fb77f61e513cc13c98f18cb7343598503a4b8f70eaea1bada47c68dd2339b6	photo	CID22-512px	complex_prediction_modes	on	935	43.362991	121.41
/home/lilith/work/codec-corpus/CID22/CID22-512/validation/2079234.png	small	64	64	13fb77f61e513cc13c98f18cb7343598503a4b8f70eaea1bada47c68dd2339b6	photo	CID22-512px	lrf	off	939	76.215698	74.00
/home/lilith/work/codec-corpus/CID22/CID22-512/validation/2079234.png	small	64	64	13fb77f61e513cc13c98f18cb7343598503a4b8f70eaea1bada47c68dd2339b6	photo	CID22-512px	lrf	on	948	76.744125	64.57
/home/lilith/work/codec-corpus/CID22/CID22-512/validation/2079234.png	small	64	64	13fb77f61e513cc13c98f18cb7343598503a4b8f70eaea1bada47c68dd2339b6	photo	CID22-512px	fast_deblock	on	939	76.007820	67.87
/home/lilith/work/codec-corpus/CID22/CID22-512/validation/2079234.png	medium	256	256	13fb77f61e513cc13c98f18cb7343598503a4b8f70eaea1bada47c68dd2339b6	photo	CID22-512px	baseline	default	6621	77.010880	663.50
/home/lilith/work/codec-corpus/CID22/CID22-512/validation/2079234.png	medium	256	256	13fb77f61e513cc13c98f18cb7343598503a4b8f70eaea1bada47c68dd2339b6	photo	CID22-512px	qm	off	6863	77.488838	700.69
/home/lilith/work/codec-corpus/CID22/CID22-512/validation/2079234.png	medium	256	256	13fb77f61e513cc13c98f18cb7343598503a4b8f70eaea1bada47c68dd2339b6	photo	CID22-512px	vaq	on_strength_1.0	6621	77.010880	855.18
/home/lilith/work/codec-corpus/CID22/CID22-512/validation/2079234.png	medium	256	256	13fb77f61e513cc13c98f18cb7343598503a4b8f70eaea1bada47c68dd2339b6	photo	CID22-512px	vaq_strength	0.5	6787	77.907715	930.55
/home/lilith/work/codec-corpus/clic2025-1024/22ea12c903e41583b7c469cb86040157.png	large	1024	1024	05726ce1eee2384d106db2a875fedf6c0a76ee44ace06aa95bed51979cbdd244	photo	clic2025-1024px-resized	lrf	on	34804	78.726471	10467.50
/home/lilith/work/codec-corpus/CID22/CID22-512/validation/2079234.png	medium	256	256	13fb77f61e513cc13c98f18cb7343598503a4b8f70eaea1bada47c68dd2339b6	photo	CID22-512px	vaq_strength	2.0	6101	75.495102	690.08
/home/lilith/work/codec-corpus/CID22/CID22-512/validation/2079234.png	medium	256	256	13fb77f61e513cc13c98f18cb7343598503a4b8f70eaea1bada47c68dd2339b6	photo	CID22-512px	vaq_strength	3.0	5856	74.165413	904.09
/home/lilith/work/codec-corpus/CID22/CID22-512/validation/2079234.png	medium	256	256	13fb77f61e513cc13c98f18cb7343598503a4b8f70eaea1bada47c68dd2339b6	photo	CID22-512px	tune_still	off	6621	77.111908	649.13
/home/lilith/work/codec-corpus/CID22/CID22-512/validation/2079234.png	medium	256	256	13fb77f61e513cc13c98f18cb7343598503a4b8f70eaea1bada47c68dd2339b6	photo	CID22-512px	seg_boost	1.5	6362	76.644173	781.31
/home/lilith/work/codec-corpus/CID22/CID22-512/validation/2079234.png	medium	256	256	13fb77f61e513cc13c98f18cb7343598503a4b8f70eaea1bada47c68dd2339b6	photo	CID22-512px	seg_boost	2.0	6101	75.495102	695.41
/home/lilith/work/codec-corpus/clic2025-1024/d1a9be98d1936065967adac50a6fb750.png	large	1024	1024	06597cde948ec9f543e9a452bc16ffcff69e01c0e943a6fd12f03051a12d179b	photo	clic2025-1024px-resized	segmentation_complex	on	50017	79.917488	8830.17
/home/lilith/work/codec-corpus/CID22/CID22-512/validation/2079234.png	medium	256	256	13fb77f61e513cc13c98f18cb7343598503a4b8f70eaea1bada47c68dd2339b6	photo	CID22-512px	trellis	on	6607	77.196732	1227.26
/home/lilith/work/codec-corpus/CID22/CID22-512/validation/2079234.png	medium	256	256	13fb77f61e513cc13c98f18cb7343598503a4b8f70eaea1bada47c68dd2339b6	photo	CID22-512px	cdef	off	6621	77.010880	806.11
/home/lilith/work/codec-corpus/CID22/CID22-512/validation/2079234.png	medium	256	256	13fb77f61e513cc13c98f18cb7343598503a4b8f70eaea1bada47c68dd2339b6	photo	CID22-512px	rdo_tx_decision	off	6792	77.296799	248.68
/home/lilith/work/codec-corpus/CID22/CID22-512/validation/2079234.png	medium	256	256	13fb77f61e513cc13c98f18cb7343598503a4b8f70eaea1bada47c68dd2339b6	photo	CID22-512px	sgr_full	off	6621	77.010880	696.59
/home/lilith/work/codec-corpus/CID22/CID22-512/validation/2079234.png	medium	256	256	13fb77f61e513cc13c98f18cb7343598503a4b8f70eaea1bada47c68dd2339b6	photo	CID22-512px	lru_on_skip	on	6621	77.010880	846.12
/home/lilith/work/codec-corpus/CID22/CID22-512/validation/2079234.png	medium	256	256	13fb77f61e513cc13c98f18cb7343598503a4b8f70eaea1bada47c68dd2339b6	photo	CID22-512px	segmentation_complex	on	6413	76.670456	1038.67
/home/lilith/work/codec-corpus/clic2025-1024/22ea12c903e41583b7c469cb86040157.png	large	1024	1024	05726ce1eee2384d106db2a875fedf6c0a76ee44ace06aa95bed51979cbdd244	photo	clic2025-1024px-resized	fast_deblock	on	34223	78.594536	8998.93
/home/lilith/work/codec-corpus/kadid10k/I38.png	tiny	64	48	051667c3aeca8a764580149aabf433e088a6b11f2e604fee19f75a52d9d249cf	mixed	kadid10k-distortion-set	baseline	default	592	-3.587699	442572.09
/home/lilith/work/codec-corpus/kadid10k/I38.png	tiny	64	48	051667c3aeca8a764580149aabf433e088a6b11f2e604fee19f75a52d9d249cf	mixed	kadid10k-distortion-set	qm	off	596	-2.458374	83.81
/home/lilith/work/codec-corpus/kadid10k/I38.png	tiny	64	48	051667c3aeca8a764580149aabf433e088a6b11f2e604fee19f75a52d9d249cf	mixed	kadid10k-distortion-set	vaq	on_strength_1.0	592	-3.587699	116.60
/home/lilith/work/codec-corpus/kadid10k/I38.png	tiny	64	48	051667c3aeca8a764580149aabf433e088a6b11f2e604fee19f75a52d9d249cf	mixed	kadid10k-distortion-set	vaq_strength	0.5	595	-2.121137	95.46
/home/lilith/work/codec-corpus/kadid10k/I38.png	tiny	64	48	051667c3aeca8a764580149aabf433e088a6b11f2e604fee19f75a52d9d249cf	mixed	kadid10k-distortion-set	vaq_strength	2.0	568	-14.362857	118.50
/home/lilith/work/codec-corpus/CID22/CID22-512/validation/2079234.png	medium	256	256	13fb77f61e513cc13c98f18cb7343598503a4b8f70eaea1bada47c68dd2339b6	photo	CID22-512px	encode_bottomup	on	6512	72.757736	1239.75
/home/lilith/work/codec-corpus/kadid10k/I38.png	tiny	64	48	051667c3aeca8a764580149aabf433e088a6b11f2e604fee19f75a52d9d249cf	mixed	kadid10k-distortion-set	vaq_strength	3.0	578	-12.518608	97.83
/home/lilith/work/codec-corpus/kadid10k/I38.png	tiny	64	48	051667c3aeca8a764580149aabf433e088a6b11f2e604fee19f75a52d9d249cf	mixed	kadid10k-distortion-set	tune_still	off	592	1.971113	113.21
/home/lilith/work/codec-corpus/kadid10k/I38.png	tiny	64	48	051667c3aeca8a764580149aabf433e088a6b11f2e604fee19f75a52d9d249cf	mixed	kadid10k-distortion-set	seg_boost	1.5	577	-8.342959	87.06
/home/lilith/work/codec-corpus/kadid10k/I38.png	tiny	64	48	051667c3aeca8a764580149aabf433e088a6b11f2e604fee19f75a52d9d249cf	mixed	kadid10k-distortion-set	seg_boost	2.0	568	-14.362857	71.43
/home/lilith/work/codec-corpus/kadid10k/I38.png	tiny	64	48	051667c3aeca8a764580149aabf433e088a6b11f2e604fee19f75a52d9d249cf	mixed	kadid10k-distortion-set	trellis	on	592	-3.587699	141.80
/home/lilith/work/codec-corpus/kadid10k/I38.png	tiny	64	48	051667c3aeca8a764580149aabf433e088a6b11f2e604fee19f75a52d9d249cf	mixed	kadid10k-distortion-set	cdef	off	592	-3.587699	69.17
/home/lilith/work/codec-corpus/kadid10k/I38.png	tiny	64	48	051667c3aeca8a764580149aabf433e088a6b11f2e604fee19f75a52d9d249cf	mixed	kadid10k-distortion-set	rdo_tx_decision	off	611	-7.667624	26.81
/home/lilith/work/codec-corpus/CID22/CID22-512/validation/2079234.png	medium	256	256	13fb77f61e513cc13c98f18cb7343598503a4b8f70eaea1bada47c68dd2339b6	photo	CID22-512px	partition_range	fine_4_16	6621	77.010880	762.09
/home/lilith/work/codec-corpus/kadid10k/I38.png	tiny	64	48	051667c3aeca8a764580149aabf433e088a6b11f2e604fee19f75a52d9d249cf	mixed	kadid10k-distortion-set	sgr_full	off	592	-3.587699	91.46
/home/lilith/work/codec-corpus/kadid10k/I38.png	tiny	64	48	051667c3aeca8a764580149aabf433e088a6b11f2e604fee19f75a52d9d249cf	mixed	kadid10k-distortion-set	lru_on_skip	on	592	-3.587699	64.97
/home/lilith/work/codec-corpus/kadid10k/I38.png	tiny	64	48	051667c3aeca8a764580149aabf433e088a6b11f2e604fee19f75a52d9d249cf	mixed	kadid10k-distortion-set	segmentation_complex	on	573	-12.021126	190.98
/home/lilith/work/codec-corpus/kadid10k/I38.png	tiny	64	48	051667c3aeca8a764580149aabf433e088a6b11f2e604fee19f75a52d9d249cf	mixed	kadid10k-distortion-set	encode_bottomup	on	592	-3.587699	69.02
/home/lilith/work/codec-corpus/kadid10k/I38.png	tiny	64	48	051667c3aeca8a764580149aabf433e088a6b11f2e604fee19f75a52d9d249cf	mixed	kadid10k-distortion-set	partition_range	fine_4_16	592	-3.587699	96.76
/home/lilith/work/codec-corpus/kadid10k/I38.png	tiny	64	48	051667c3aeca8a764580149aabf433e088a6b11f2e604fee19f75a52d9d249cf	mixed	kadid10k-distortion-set	partition_range	coarse_16_64	610	-27.103449	73.67
/home/lilith/work/codec-corpus/CID22/CID22-512/validation/2079234.png	medium	256	256	13fb77f61e513cc13c98f18cb7343598503a4b8f70eaea1bada47c68dd2339b6	photo	CID22-512px	partition_range	coarse_16_64	7004	77.221977	888.84
/home/lilith/work/codec-corpus/kadid10k/I38.png	tiny	64	48	051667c3aeca8a764580149aabf433e088a6b11f2e604fee19f75a52d9d249cf	mixed	kadid10k-distortion-set	complex_prediction_modes	on	583	-34.723400	240.55
/home/lilith/work/codec-corpus/kadid10k/I38.png	tiny	64	48	051667c3aeca8a764580149aabf433e088a6b11f2e604fee19f75a52d9d249cf	mixed	kadid10k-distortion-set	lrf	off	592	-3.587699	61.96
/home/lilith/work/codec-corpus/kadid10k/I38.png	tiny	64	48	051667c3aeca8a764580149aabf433e088a6b11f2e604fee19f75a52d9d249cf	mixed	kadid10k-distortion-set	lrf	on	597	-2.551627	80.52
/home/lilith/work/codec-corpus/kadid10k/I38.png	tiny	64	48	051667c3aeca8a764580149aabf433e088a6b11f2e604fee19f75a52d9d249cf	mixed	kadid10k-distortion-set	fast_deblock	on	592	-3.934122	108.08
/home/lilith/work/codec-corpus/kadid10k/I38.png	small	256	192	051667c3aeca8a764580149aabf433e088a6b11f2e604fee19f75a52d9d249cf	mixed	kadid10k-distortion-set	baseline	default	2381	80.031219	425.47
/home/lilith/work/codec-corpus/clic2025-1024/d1a9be98d1936065967adac50a6fb750.png	large	1024	1024	06597cde948ec9f543e9a452bc16ffcff69e01c0e943a6fd12f03051a12d179b	photo	clic2025-1024px-resized	encode_bottomup	on	51624	76.532249	8217.65
/home/lilith/work/codec-corpus/kadid10k/I38.png	small	256	192	051667c3aeca8a764580149aabf433e088a6b11f2e604fee19f75a52d9d249cf	mixed	kadid10k-distortion-set	qm	off	2445	80.399414	428.28
/home/lilith/work/codec-corpus/CID22/CID22-512/validation/2079234.png	medium	256	256	13fb77f61e513cc13c98f18cb7343598503a4b8f70eaea1bada47c68dd2339b6	photo	CID22-512px	complex_prediction_modes	on	6557	48.878288	1778.88
/home/lilith/work/codec-corpus/kadid10k/I38.png	small	256	192	051667c3aeca8a764580149aabf433e088a6b11f2e604fee19f75a52d9d249cf	mixed	kadid10k-distortion-set	vaq	on_strength_1.0	2381	80.031219	348.32
/home/lilith/work/codec-corpus/kadid10k/I38.png	small	256	192	051667c3aeca8a764580149aabf433e088a6b11f2e604fee19f75a52d9d249cf	mixed	kadid10k-distortion-set	vaq_strength	0.5	2518	80.802101	506.79
/home/lilith/work/codec-corpus/CID22/CID22-512/validation/2079234.png	medium	256	256	13fb77f61e513cc13c98f18cb7343598503a4b8f70eaea1bada47c68dd2339b6	photo	CID22-512px	lrf	off	6621	77.010880	947.36
/home/lilith/work/codec-corpus/kadid10k/I38.png	small	256	192	051667c3aeca8a764580149aabf433e088a6b11f2e604fee19f75a52d9d249cf	mixed	kadid10k-distortion-set	vaq_strength	2.0	2270	78.632744	370.44
/home/lilith/work/codec-corpus/kadid10k/I38.png	small	256	192	051667c3aeca8a764580149aabf433e088a6b11f2e604fee19f75a52d9d249cf	mixed	kadid10k-distortion-set	vaq_strength	3.0	2179	77.796295	330.72
/home/lilith/work/codec-corpus/kadid10k/I38.png	small	256	192	051667c3aeca8a764580149aabf433e088a6b11f2e604fee19f75a52d9d249cf	mixed	kadid10k-distortion-set	tune_still	off	2381	80.111732	351.99
/home/lilith/work/codec-corpus/CID22/CID22-512/validation/2079234.png	medium	256	256	13fb77f61e513cc13c98f18cb7343598503a4b8f70eaea1bada47c68dd2339b6	photo	CID22-512px	lrf	on	6669	77.136040	666.58
/home/lilith/work/codec-corpus/kadid10k/I38.png	small	256	192	051667c3aeca8a764580149aabf433e088a6b11f2e604fee19f75a52d9d249cf	mixed	kadid10k-distortion-set	seg_boost	1.5	2293	79.585983	335.39
/home/lilith/work/codec-corpus/kadid10k/I38.png	small	256	192	051667c3aeca8a764580149aabf433e088a6b11f2e604fee19f75a52d9d249cf	mixed	kadid10k-distortion-set	seg_boost	2.0	2270	78.632744	416.06
/home/lilith/work/codec-corpus/CID22/CID22-512/validation/2079234.png	medium	256	256	13fb77f61e513cc13c98f18cb7343598503a4b8f70eaea1bada47c68dd2339b6	photo	CID22-512px	fast_deblock	on	6621	76.947952	876.10
/home/lilith/work/codec-corpus/gb82/path-lossless.png	small	64	64	12cc3e74ca3a4ff2e2fff105dfaa575c361f1028d91fd3a8ea7260631461c768	photo	gb82-photos	baseline	default	760	74.790344	449741.21
/home/lilith/work/codec-corpus/gb82/path-lossless.png	small	64	64	12cc3e74ca3a4ff2e2fff105dfaa575c361f1028d91fd3a8ea7260631461c768	photo	gb82-photos	qm	off	779	73.154190	82.22
/home/lilith/work/codec-corpus/gb82/path-lossless.png	small	64	64	12cc3e74ca3a4ff2e2fff105dfaa575c361f1028d91fd3a8ea7260631461c768	photo	gb82-photos	vaq	on_strength_1.0	760	74.790344	79.64
/home/lilith/work/codec-corpus/gb82/path-lossless.png	small	64	64	12cc3e74ca3a4ff2e2fff105dfaa575c361f1028d91fd3a8ea7260631461c768	photo	gb82-photos	vaq_strength	0.5	770	74.743065	41.22
/home/lilith/work/codec-corpus/kadid10k/I38.png	small	256	192	051667c3aeca8a764580149aabf433e088a6b11f2e604fee19f75a52d9d249cf	mixed	kadid10k-distortion-set	trellis	on	2372	79.699615	543.77
/home/lilith/work/codec-corpus/gb82/path-lossless.png	small	64	64	12cc3e74ca3a4ff2e2fff105dfaa575c361f1028d91fd3a8ea7260631461c768	photo	gb82-photos	vaq_strength	2.0	759	73.448280	49.85
/home/lilith/work/codec-corpus/gb82/path-lossless.png	small	64	64	12cc3e74ca3a4ff2e2fff105dfaa575c361f1028d91fd3a8ea7260631461c768	photo	gb82-photos	vaq_strength	3.0	760	74.473915	69.61
/home/lilith/work/codec-corpus/gb82/path-lossless.png	small	64	64	12cc3e74ca3a4ff2e2fff105dfaa575c361f1028d91fd3a8ea7260631461c768	photo	gb82-photos	tune_still	off	760	74.560127	88.39
/home/lilith/work/codec-corpus/kadid10k/I38.png	small	256	192	051667c3aeca8a764580149aabf433e088a6b11f2e604fee19f75a52d9d249cf	mixed	kadid10k-distortion-set	cdef	off	2381	80.031219	321.23
/home/lilith/work/codec-corpus/gb82/path-lossless.png	small	64	64	12cc3e74ca3a4ff2e2fff105dfaa575c361f1028d91fd3a8ea7260631461c768	photo	gb82-photos	seg_boost	1.5	763	74.335617	94.12
/home/lilith/work/codec-corpus/kadid10k/I38.png	small	256	192	051667c3aeca8a764580149aabf433e088a6b11f2e604fee19f75a52d9d249cf	mixed	kadid10k-distortion-set	rdo_tx_decision	off	2463	79.460945	103.67
/home/lilith/work/codec-corpus/gb82/path-lossless.png	small	64	64	12cc3e74ca3a4ff2e2fff105dfaa575c361f1028d91fd3a8ea7260631461c768	photo	gb82-photos	seg_boost	2.0	759	73.448280	75.28
/home/lilith/work/codec-corpus/gb82/path-lossless.png	small	64	64	12cc3e74ca3a4ff2e2fff105dfaa575c361f1028d91fd3a8ea7260631461c768	photo	gb82-photos	trellis	on	754	74.107384	132.83
/home/lilith/work/codec-corpus/gb82/path-lossless.png	small	64	64	12cc3e74ca3a4ff2e2fff105dfaa575c361f1028d91fd3a8ea7260631461c768	photo	gb82-photos	cdef	off	760	74.790344	85.47
/home/lilith/work/codec-corpus/kadid10k/I38.png	small	256	192	051667c3aeca8a764580149aabf433e088a6b11f2e604fee19f75a52d9d249cf	mixed	kadid10k-distortion-set	sgr_full	off	2381	80.031219	317.13
/home/lilith/work/codec-corpus/gb82/path-lossless.png	small	64	64	12cc3e74ca3a4ff2e2fff105dfaa575c361f1028d91fd3a8ea7260631461c768	photo	gb82-photos	rdo_tx_decision	off	780	74.388931	37.89
/home/lilith/work/codec-corpus/gb82/path-lossless.png	small	64	64	12cc3e74ca3a4ff2e2fff105dfaa575c361f1028d91fd3a8ea7260631461c768	photo	gb82-photos	sgr_full	off	760	74.790344	93.54
/home/lilith/work/codec-corpus/gb82/path-lossless.png	small	64	64	12cc3e74ca3a4ff2e2fff105dfaa575c361f1028d91fd3a8ea7260631461c768	photo	gb82-photos	lru_on_skip	on	760	74.790344	84.63
/home/lilith/work/codec-corpus/gb82/path-lossless.png	small	64	64	12cc3e74ca3a4ff2e2fff105dfaa575c361f1028d91fd3a8ea7260631461c768	photo	gb82-photos	segmentation_complex	on	712	72.010086	136.30
/home/lilith/work/codec-corpus/gb82/path-lossless.png	small	64	64	12cc3e74ca3a4ff2e2fff105dfaa575c361f1028d91fd3a8ea7260631461c768	photo	gb82-photos	encode_bottomup	on	759	68.568085	64.46
/home/lilith/work/codec-corpus/kadid10k/I38.png	small	256	192	051667c3aeca8a764580149aabf433e088a6b11f2e604fee19f75a52d9d249cf	mixed	kadid10k-distortion-set	lru_on_skip	on	2381	80.031219	505.57
/home/lilith/work/codec-corpus/gb82/path-lossless.png	small	64	64	12cc3e74ca3a4ff2e2fff105dfaa575c361f1028d91fd3a8ea7260631461c768	photo	gb82-photos	partition_range	fine_4_16	760	74.790344	85.27
/home/lilith/work/codec-corpus/gb82/path-lossless.png	small	64	64	12cc3e74ca3a4ff2e2fff105dfaa575c361f1028d91fd3a8ea7260631461c768	photo	gb82-photos	partition_range	coarse_16_64	780	73.983757	55.71
/home/lilith/work/codec-corpus/gb82/path-lossless.png	small	64	64	12cc3e74ca3a4ff2e2fff105dfaa575c361f1028d91fd3a8ea7260631461c768	photo	gb82-photos	complex_prediction_modes	on	762	-18.455570	92.99
/home/lilith/work/codec-corpus/gb82/path-lossless.png	small	64	64	12cc3e74ca3a4ff2e2fff105dfaa575c361f1028d91fd3a8ea7260631461c768	photo	gb82-photos	lrf	off	760	74.790344	62.74
/home/lilith/work/codec-corpus/clic2025-1024/d1a9be98d1936065967adac50a6fb750.png	large	1024	1024	06597cde948ec9f543e9a452bc16ffcff69e01c0e943a6fd12f03051a12d179b	photo	clic2025-1024px-resized	partition_range	fine_4_16	51094	79.933823	5869.55
/home/lilith/work/codec-corpus/gb82/path-lossless.png	small	64	64	12cc3e74ca3a4ff2e2fff105dfaa575c361f1028d91fd3a8ea7260631461c768	photo	gb82-photos	lrf	on	764	74.738098	168.69
/home/lilith/work/codec-corpus/gb82/path-lossless.png	small	64	64	12cc3e74ca3a4ff2e2fff105dfaa575c361f1028d91fd3a8ea7260631461c768	photo	gb82-photos	fast_deblock	on	760	74.696495	83.18
/home/lilith/work/codec-corpus/kadid10k/I38.png	small	256	192	051667c3aeca8a764580149aabf433e088a6b11f2e604fee19f75a52d9d249cf	mixed	kadid10k-distortion-set	segmentation_complex	on	2311	80.378540	770.38
/home/lilith/work/codec-corpus/gb82/path-lossless.png	medium	256	256	12cc3e74ca3a4ff2e2fff105dfaa575c361f1028d91fd3a8ea7260631461c768	photo	gb82-photos	baseline	default	7156	72.617867	472.10
/home/lilith/work/codec-corpus/kadid10k/I38.png	small	256	192	051667c3aeca8a764580149aabf433e088a6b11f2e604fee19f75a52d9d249cf	mixed	kadid10k-distortion-set	encode_bottomup	on	2337	72.796570	566.18
/home/lilith/work/codec-corpus/gb82/path-lossless.png	medium	256	256	12cc3e74ca3a4ff2e2fff105dfaa575c361f1028d91fd3a8ea7260631461c768	photo	gb82-photos	qm	off	7674	72.948196	536.05
/home/lilith/work/codec-corpus/kadid10k/I38.png	small	256	192	051667c3aeca8a764580149aabf433e088a6b11f2e604fee19f75a52d9d249cf	mixed	kadid10k-distortion-set	partition_range	fine_4_16	2381	80.031219	551.84
/home/lilith/work/codec-corpus/gb82/path-lossless.png	medium	256	256	12cc3e74ca3a4ff2e2fff105dfaa575c361f1028d91fd3a8ea7260631461c768	photo	gb82-photos	vaq	on_strength_1.0	7156	72.617867	505.71
/home/lilith/work/codec-corpus/kadid10k/I38.png	small	256	192	051667c3aeca8a764580149aabf433e088a6b11f2e604fee19f75a52d9d249cf	mixed	kadid10k-distortion-set	partition_range	coarse_16_64	2491	79.184029	517.07
/home/lilith/work/codec-corpus/gb82/path-lossless.png	medium	256	256	12cc3e74ca3a4ff2e2fff105dfaa575c361f1028d91fd3a8ea7260631461c768	photo	gb82-photos	vaq_strength	0.5	7365	73.018288	529.71
/home/lilith/work/codec-corpus/kadid10k/I38.png	small	256	192	051667c3aeca8a764580149aabf433e088a6b11f2e604fee19f75a52d9d249cf	mixed	kadid10k-distortion-set	complex_prediction_modes	on	2411	73.739746	801.90
/home/lilith/work/codec-corpus/gb82/path-lossless.png	medium	256	256	12cc3e74ca3a4ff2e2fff105dfaa575c361f1028d91fd3a8ea7260631461c768	photo	gb82-photos	vaq_strength	2.0	7002	72.432327	540.34
/home/lilith/work/codec-corpus/kadid10k/I38.png	small	256	192	051667c3aeca8a764580149aabf433e088a6b11f2e604fee19f75a52d9d249cf	mixed	kadid10k-distortion-set	lrf	off	2381	80.031219	412.69
/home/lilith/work/codec-corpus/gb82/path-lossless.png	medium	256	256	12cc3e74ca3a4ff2e2fff105dfaa575c361f1028d91fd3a8ea7260631461c768	photo	gb82-photos	vaq_strength	3.0	6989	70.979645	467.19
/home/lilith/work/codec-corpus/kadid10k/I38.png	small	256	192	051667c3aeca8a764580149aabf433e088a6b11f2e604fee19f75a52d9d249cf	mixed	kadid10k-distortion-set	lrf	on	2413	80.316772	559.10
/home/lilith/work/codec-corpus/gb82/path-lossless.png	medium	256	256	12cc3e74ca3a4ff2e2fff105dfaa575c361f1028d91fd3a8ea7260631461c768	photo	gb82-photos	tune_still	off	7156	72.437576	674.06
/home/lilith/work/codec-corpus/kadid10k/I38.png	small	256	192	051667c3aeca8a764580149aabf433e088a6b11f2e604fee19f75a52d9d249cf	mixed	kadid10k-distortion-set	fast_deblock	on	2381	80.033463	524.19
/home/lilith/work/codec-corpus/kadid10k/I12.png	tiny	64	48	03b460c03ca480522dc69ada15162d6748f40e4ed7b06d0c0068eebedebec5f5	mixed	kadid10k-distortion-set	baseline	default	1236	-51.193085	456865.96
/home/lilith/work/codec-corpus/clic2025-1024/0c49a5cce349020bbba2f97ae41e90ba.png	small	64	64	0d13217e6a93999fd3f3b28796df8b3dd12522984644376de00915fa78d39b8c	photo	clic2025-1024px-resized	baseline	default	1274	74.633774	456826.00
/home/lilith/work/codec-corpus/kadid10k/I12.png	tiny	64	48	03b460c03ca480522dc69ada15162d6748f40e4ed7b06d0c0068eebedebec5f5	mixed	kadid10k-distortion-set	qm	off	1353	-29.899565	115.62
/home/lilith/work/codec-corpus/clic2025-1024/0c49a5cce349020bbba2f97ae41e90ba.png	small	64	64	0d13217e6a93999fd3f3b28796df8b3dd12522984644376de00915fa78d39b8c	photo	clic2025-1024px-resized	qm	off	1316	75.307358	86.31
/home/lilith/work/codec-corpus/kadid10k/I12.png	tiny	64	48	03b460c03ca480522dc69ada15162d6748f40e4ed7b06d0c0068eebedebec5f5	mixed	kadid10k-distortion-set	vaq	on_strength_1.0	1236	-51.193085	105.27
/home/lilith/work/codec-corpus/clic2025-1024/0c49a5cce349020bbba2f97ae41e90ba.png	small	64	64	0d13217e6a93999fd3f3b28796df8b3dd12522984644376de00915fa78d39b8c	photo	clic2025-1024px-resized	vaq	on_strength_1.0	1274	74.633774	104.42
/home/lilith/work/codec-corpus/kadid10k/I12.png	tiny	64	48	03b460c03ca480522dc69ada15162d6748f40e4ed7b06d0c0068eebedebec5f5	mixed	kadid10k-distortion-set	vaq_strength	0.5	1247	-43.226624	93.64
/home/lilith/work/codec-corpus/clic2025-1024/0c49a5cce349020bbba2f97ae41e90ba.png	small	64	64	0d13217e6a93999fd3f3b28796df8b3dd12522984644376de00915fa78d39b8c	photo	clic2025-1024px-resized	vaq_strength	0.5	1311	74.983253	121.40
/home/lilith/work/codec-corpus/gb82/path-lossless.png	medium	256	256	12cc3e74ca3a4ff2e2fff105dfaa575c361f1028d91fd3a8ea7260631461c768	photo	gb82-photos	seg_boost	1.5	6986	72.281403	706.59
/home/lilith/work/codec-corpus/kadid10k/I12.png	tiny	64	48	03b460c03ca480522dc69ada15162d6748f40e4ed7b06d0c0068eebedebec5f5	mixed	kadid10k-distortion-set	vaq_strength	2.0	1236	-37.072861	154.67
/home/lilith/work/codec-corpus/clic2025-1024/0c49a5cce349020bbba2f97ae41e90ba.png	small	64	64	0d13217e6a93999fd3f3b28796df8b3dd12522984644376de00915fa78d39b8c	photo	clic2025-1024px-resized	vaq_strength	2.0	1270	77.288063	119.01
/home/lilith/work/codec-corpus/kadid10k/I12.png	tiny	64	48	03b460c03ca480522dc69ada15162d6748f40e4ed7b06d0c0068eebedebec5f5	mixed	kadid10k-distortion-set	vaq_strength	3.0	1240	-54.420261	82.40
/home/lilith/work/codec-corpus/clic2025-1024/0c49a5cce349020bbba2f97ae41e90ba.png	small	64	64	0d13217e6a93999fd3f3b28796df8b3dd12522984644376de00915fa78d39b8c	photo	clic2025-1024px-resized	vaq_strength	3.0	1267	74.206322	70.34
/home/lilith/work/codec-corpus/kadid10k/I12.png	tiny	64	48	03b460c03ca480522dc69ada15162d6748f40e4ed7b06d0c0068eebedebec5f5	mixed	kadid10k-distortion-set	tune_still	off	1236	-51.781963	151.80
/home/lilith/work/codec-corpus/clic2025-1024/0c49a5cce349020bbba2f97ae41e90ba.png	small	64	64	0d13217e6a93999fd3f3b28796df8b3dd12522984644376de00915fa78d39b8c	photo	clic2025-1024px-resized	tune_still	off	1274	74.707596	133.65
/home/lilith/work/codec-corpus/kadid10k/I12.png	tiny	64	48	03b460c03ca480522dc69ada15162d6748f40e4ed7b06d0c0068eebedebec5f5	mixed	kadid10k-distortion-set	seg_boost	1.5	1235	-37.414452	114.21
/home/lilith/work/codec-corpus/clic2025-1024/d1a9be98d1936065967adac50a6fb750.png	large	1024	1024	06597cde948ec9f543e9a452bc16ffcff69e01c0e943a6fd12f03051a12d179b	photo	clic2025-1024px-resized	partition_range	coarse_16_64	48791	80.143478	5438.38
/home/lilith/work/codec-corpus/clic2025-1024/0c49a5cce349020bbba2f97ae41e90ba.png	small	64	64	0d13217e6a93999fd3f3b28796df8b3dd12522984644376de00915fa78d39b8c	photo	clic2025-1024px-resized	seg_boost	1.5	1251	75.179230	135.09
/home/lilith/work/codec-corpus/gb82/path-lossless.png	medium	256	256	12cc3e74ca3a4ff2e2fff105dfaa575c361f1028d91fd3a8ea7260631461c768	photo	gb82-photos	seg_boost	2.0	7002	72.432327	671.87
/home/lilith/work/codec-corpus/kadid10k/I12.png	tiny	64	48	03b460c03ca480522dc69ada15162d6748f40e4ed7b06d0c0068eebedebec5f5	mixed	kadid10k-distortion-set	seg_boost	2.0	1236	-37.072861	160.68
/home/lilith/work/codec-corpus/clic2025-1024/0c49a5cce349020bbba2f97ae41e90ba.png	small	64	64	0d13217e6a93999fd3f3b28796df8b3dd12522984644376de00915fa78d39b8c	photo	clic2025-1024px-resized	seg_boost	2.0	1270	77.288063	115.46
/home/lilith/work/codec-corpus/kadid10k/I12.png	tiny	64	48	03b460c03ca480522dc69ada15162d6748f40e4ed7b06d0c0068eebedebec5f5	mixed	kadid10k-distortion-set	trellis	on	1236	-51.193085	199.68
/home/lilith/work/codec-corpus/clic2025-1024/0c49a5cce349020bbba2f97ae41e90ba.png	small	64	64	0d13217e6a93999fd3f3b28796df8b3dd12522984644376de00915fa78d39b8c	photo	clic2025-1024px-resized	trellis	on	1269	73.858925	112.91
/home/lilith/work/codec-corpus/kadid10k/I12.png	tiny	64	48	03b460c03ca480522dc69ada15162d6748f40e4ed7b06d0c0068eebedebec5f5	mixed	kadid10k-distortion-set	cdef	off	1236	-51.193085	134.08
/home/lilith/work/codec-corpus/clic2025-1024/0c49a5cce349020bbba2f97ae41e90ba.png	small	64	64	0d13217e6a93999fd3f3b28796df8b3dd12522984644376de00915fa78d39b8c	photo	clic2025-1024px-resized	cdef	off	1274	74.633774	116.35
/home/lilith/work/codec-corpus/clic2025-1024/0c49a5cce349020bbba2f97ae41e90ba.png	small	64	64	0d13217e6a93999fd3f3b28796df8b3dd12522984644376de00915fa78d39b8c	photo	clic2025-1024px-resized	rdo_tx_decision	off	1287	76.445847	43.79
/home/lilith/work/codec-corpus/kadid10k/I12.png	tiny	64	48	03b460c03ca480522dc69ada15162d6748f40e4ed7b06d0c0068eebedebec5f5	mixed	kadid10k-distortion-set	rdo_tx_decision	off	1249	-42.558846	74.02
/home/lilith/work/codec-corpus/kadid10k/I12.png	tiny	64	48	03b460c03ca480522dc69ada15162d6748f40e4ed7b06d0c0068eebedebec5f5	mixed	kadid10k-distortion-set	sgr_full	off	1236	-51.193085	83.68
/home/lilith/work/codec-corpus/clic2025-1024/0c49a5cce349020bbba2f97ae41e90ba.png	small	64	64	0d13217e6a93999fd3f3b28796df8b3dd12522984644376de00915fa78d39b8c	photo	clic2025-1024px-resized	sgr_full	off	1274	74.633774	135.31
/home/lilith/work/codec-corpus/kadid10k/I12.png	tiny	64	48	03b460c03ca480522dc69ada15162d6748f40e4ed7b06d0c0068eebedebec5f5	mixed	kadid10k-distortion-set	lru_on_skip	on	1236	-51.193085	95.20
/home/lilith/work/codec-corpus/clic2025-1024/0c49a5cce349020bbba2f97ae41e90ba.png	small	64	64	0d13217e6a93999fd3f3b28796df8b3dd12522984644376de00915fa78d39b8c	photo	clic2025-1024px-resized	lru_on_skip	on	1274	74.633774	96.38
/home/lilith/work/codec-corpus/gb82/path-lossless.png	medium	256	256	12cc3e74ca3a4ff2e2fff105dfaa575c361f1028d91fd3a8ea7260631461c768	photo	gb82-photos	trellis	on	7156	72.545113	871.18
/home/lilith/work/codec-corpus/kadid10k/I12.png	tiny	64	48	03b460c03ca480522dc69ada15162d6748f40e4ed7b06d0c0068eebedebec5f5	mixed	kadid10k-distortion-set	segmentation_complex	on	1224	-38.473427	103.57
/home/lilith/work/codec-corpus/clic2025-1024/0c49a5cce349020bbba2f97ae41e90ba.png	small	64	64	0d13217e6a93999fd3f3b28796df8b3dd12522984644376de00915fa78d39b8c	photo	clic2025-1024px-resized	segmentation_complex	on	1226	75.153633	88.78
/home/lilith/work/codec-corpus/kadid10k/I12.png	tiny	64	48	03b460c03ca480522dc69ada15162d6748f40e4ed7b06d0c0068eebedebec5f5	mixed	kadid10k-distortion-set	encode_bottomup	on	1236	-51.193085	105.39
/home/lilith/work/codec-corpus/clic2025-1024/0c49a5cce349020bbba2f97ae41e90ba.png	small	64	64	0d13217e6a93999fd3f3b28796df8b3dd12522984644376de00915fa78d39b8c	photo	clic2025-1024px-resized	encode_bottomup	on	1230	47.081078	122.20
/home/lilith/work/codec-corpus/kadid10k/I12.png	tiny	64	48	03b460c03ca480522dc69ada15162d6748f40e4ed7b06d0c0068eebedebec5f5	mixed	kadid10k-distortion-set	partition_range	fine_4_16	1236	-51.193085	70.44
/home/lilith/work/codec-corpus/kadid10k/I12.png	tiny	64	48	03b460c03ca480522dc69ada15162d6748f40e4ed7b06d0c0068eebedebec5f5	mixed	kadid10k-distortion-set	partition_range	coarse_16_64	1232	-36.068398	79.71
/home/lilith/work/codec-corpus/clic2025-1024/0c49a5cce349020bbba2f97ae41e90ba.png	small	64	64	0d13217e6a93999fd3f3b28796df8b3dd12522984644376de00915fa78d39b8c	photo	clic2025-1024px-resized	partition_range	fine_4_16	1274	74.633774	103.70
/home/lilith/work/codec-corpus/gb82/path-lossless.png	medium	256	256	12cc3e74ca3a4ff2e2fff105dfaa575c361f1028d91fd3a8ea7260631461c768	photo	gb82-photos	cdef	off	7156	72.617867	480.45
/home/lilith/work/codec-corpus/clic2025-1024/0c49a5cce349020bbba2f97ae41e90ba.png	small	64	64	0d13217e6a93999fd3f3b28796df8b3dd12522984644376de00915fa78d39b8c	photo	clic2025-1024px-resized	partition_range	coarse_16_64	1436	74.856186	92.07
/home/lilith/work/codec-corpus/kadid10k/I12.png	tiny	64	48	03b460c03ca480522dc69ada15162d6748f40e4ed7b06d0c0068eebedebec5f5	mixed	kadid10k-distortion-set	complex_prediction_modes	on	1240	-67.056969	268.84
/home/lilith/work/codec-corpus/clic2025-1024/0c49a5cce349020bbba2f97ae41e90ba.png	small	64	64	0d13217e6a93999fd3f3b28796df8b3dd12522984644376de00915fa78d39b8c	photo	clic2025-1024px-resized	complex_prediction_modes	on	1255	-12.152342	144.30
/home/lilith/work/codec-corpus/gb82/path-lossless.png	medium	256	256	12cc3e74ca3a4ff2e2fff105dfaa575c361f1028d91fd3a8ea7260631461c768	photo	gb82-photos	rdo_tx_decision	off	7262	72.471321	231.02
/home/lilith/work/codec-corpus/clic2025-1024/0c49a5cce349020bbba2f97ae41e90ba.png	small	64	64	0d13217e6a93999fd3f3b28796df8b3dd12522984644376de00915fa78d39b8c	photo	clic2025-1024px-resized	lrf	off	1274	74.633774	80.17
/home/lilith/work/codec-corpus/kadid10k/I12.png	tiny	64	48	03b460c03ca480522dc69ada15162d6748f40e4ed7b06d0c0068eebedebec5f5	mixed	kadid10k-distortion-set	lrf	off	1236	-51.193085	124.17
/home/lilith/work/codec-corpus/kadid10k/I12.png	tiny	64	48	03b460c03ca480522dc69ada15162d6748f40e4ed7b06d0c0068eebedebec5f5	mixed	kadid10k-distortion-set	lrf	on	1238	-51.193085	108.54
/home/lilith/work/codec-corpus/clic2025-1024/0c49a5cce349020bbba2f97ae41e90ba.png	small	64	64	0d13217e6a93999fd3f3b28796df8b3dd12522984644376de00915fa78d39b8c	photo	clic2025-1024px-resized	lrf	on	1281	74.641312	122.65
/home/lilith/work/codec-corpus/kadid10k/I12.png	tiny	64	48	03b460c03ca480522dc69ada15162d6748f40e4ed7b06d0c0068eebedebec5f5	mixed	kadid10k-distortion-set	fast_deblock	on	1236	-51.841965	64.25
/home/lilith/work/codec-corpus/clic2025-1024/0c49a5cce349020bbba2f97ae41e90ba.png	small	64	64	0d13217e6a93999fd3f3b28796df8b3dd12522984644376de00915fa78d39b8c	photo	clic2025-1024px-resized	fast_deblock	on	1274	74.587578	67.25
/home/lilith/work/codec-corpus/gb82/path-lossless.png	medium	256	256	12cc3e74ca3a4ff2e2fff105dfaa575c361f1028d91fd3a8ea7260631461c768	photo	gb82-photos	sgr_full	off	7156	72.617867	648.18
/home/lilith/work/codec-corpus/kadid10k/I12.png	small	256	192	03b460c03ca480522dc69ada15162d6748f40e4ed7b06d0c0068eebedebec5f5	mixed	kadid10k-distortion-set	baseline	default	13660	73.722504	635.22
/home/lilith/work/codec-corpus/gb82/path-lossless.png	medium	256	256	12cc3e74ca3a4ff2e2fff105dfaa575c361f1028d91fd3a8ea7260631461c768	photo	gb82-photos	lru_on_skip	on	7156	72.617867	512.56
/home/lilith/work/codec-corpus/clic2025-1024/0c49a5cce349020bbba2f97ae41e90ba.png	medium	256	256	0d13217e6a93999fd3f3b28796df8b3dd12522984644376de00915fa78d39b8c	photo	clic2025-1024px-resized	baseline	default	8688	74.298126	874.78
/home/lilith/work/codec-corpus/kadid10k/I12.png	small	256	192	03b460c03ca480522dc69ada15162d6748f40e4ed7b06d0c0068eebedebec5f5	mixed	kadid10k-distortion-set	qm	off	14710	74.721573	619.19
/home/lilith/work/codec-corpus/kadid10k/I12.png	small	256	192	03b460c03ca480522dc69ada15162d6748f40e4ed7b06d0c0068eebedebec5f5	mixed	kadid10k-distortion-set	vaq	on_strength_1.0	13660	73.722504	523.72
/home/lilith/work/codec-corpus/gb82/path-lossless.png	medium	256	256	12cc3e74ca3a4ff2e2fff105dfaa575c361f1028d91fd3a8ea7260631461c768	photo	gb82-photos	segmentation_complex	on	6909	71.932137	1088.03
/home/lilith/work/codec-corpus/clic2025-1024/0c49a5cce349020bbba2f97ae41e90ba.png	medium	256	256	0d13217e6a93999fd3f3b28796df8b3dd12522984644376de00915fa78d39b8c	photo	clic2025-1024px-resized	qm	off	9263	74.705032	948.06
/home/lilith/work/codec-corpus/kadid10k/I12.png	small	256	192	03b460c03ca480522dc69ada15162d6748f40e4ed7b06d0c0068eebedebec5f5	mixed	kadid10k-distortion-set	vaq_strength	0.5	13699	73.803741	547.36
/home/lilith/work/codec-corpus/gb82/path-lossless.png	medium	256	256	12cc3e74ca3a4ff2e2fff105dfaa575c361f1028d91fd3a8ea7260631461c768	photo	gb82-photos	encode_bottomup	on	7212	70.203316	850.04
/home/lilith/work/codec-corpus/clic2025-1024/0c49a5cce349020bbba2f97ae41e90ba.png	medium	256	256	0d13217e6a93999fd3f3b28796df8b3dd12522984644376de00915fa78d39b8c	photo	clic2025-1024px-resized	vaq	on_strength_1.0	8688	74.298126	832.68
/home/lilith/work/codec-corpus/kadid10k/I12.png	small	256	192	03b460c03ca480522dc69ada15162d6748f40e4ed7b06d0c0068eebedebec5f5	mixed	kadid10k-distortion-set	vaq_strength	2.0	13661	73.860382	518.13
/home/lilith/work/codec-corpus/gb82/path-lossless.png	medium	256	256	12cc3e74ca3a4ff2e2fff105dfaa575c361f1028d91fd3a8ea7260631461c768	photo	gb82-photos	partition_range	fine_4_16	7156	72.617867	523.82
/home/lilith/work/codec-corpus/kadid10k/I12.png	small	256	192	03b460c03ca480522dc69ada15162d6748f40e4ed7b06d0c0068eebedebec5f5	mixed	kadid10k-distortion-set	vaq_strength	3.0	13631	74.066261	558.12
/home/lilith/work/codec-corpus/clic2025-1024/0c49a5cce349020bbba2f97ae41e90ba.png	medium	256	256	0d13217e6a93999fd3f3b28796df8b3dd12522984644376de00915fa78d39b8c	photo	clic2025-1024px-resized	vaq_strength	0.5	8874	74.496155	963.75
/home/lilith/work/codec-corpus/gb82/path-lossless.png	medium	256	256	12cc3e74ca3a4ff2e2fff105dfaa575c361f1028d91fd3a8ea7260631461c768	photo	gb82-photos	partition_range	coarse_16_64	7105	72.462242	578.02
/home/lilith/work/codec-corpus/kadid10k/I12.png	small	256	192	03b460c03ca480522dc69ada15162d6748f40e4ed7b06d0c0068eebedebec5f5	mixed	kadid10k-distortion-set	tune_still	off	13660	73.780983	566.56
/home/lilith/work/codec-corpus/clic2025-1024/0c49a5cce349020bbba2f97ae41e90ba.png	medium	256	256	0d13217e6a93999fd3f3b28796df8b3dd12522984644376de00915fa78d39b8c	photo	clic2025-1024px-resized	vaq_strength	2.0	8214	73.511292	876.48
/home/lilith/work/codec-corpus/kadid10k/I12.png	small	256	192	03b460c03ca480522dc69ada15162d6748f40e4ed7b06d0c0068eebedebec5f5	mixed	kadid10k-distortion-set	seg_boost	1.5	13626	73.794685	603.61
/home/lilith/work/codec-corpus/gb82/path-lossless.png	medium	256	256	12cc3e74ca3a4ff2e2fff105dfaa575c361f1028d91fd3a8ea7260631461c768	photo	gb82-photos	complex_prediction_modes	on	7163	57.108177	1283.14
/home/lilith/work/codec-corpus/kadid10k/I12.png	small	256	192	03b460c03ca480522dc69ada15162d6748f40e4ed7b06d0c0068eebedebec5f5	mixed	kadid10k-distortion-set	seg_boost	2.0	13661	73.860382	621.85
/home/lilith/work/codec-corpus/clic2025-1024/0c49a5cce349020bbba2f97ae41e90ba.png	medium	256	256	0d13217e6a93999fd3f3b28796df8b3dd12522984644376de00915fa78d39b8c	photo	clic2025-1024px-resized	vaq_strength	3.0	8197	73.214760	886.75
/home/lilith/work/codec-corpus/gb82/path-lossless.png	medium	256	256	12cc3e74ca3a4ff2e2fff105dfaa575c361f1028d91fd3a8ea7260631461c768	photo	gb82-photos	lrf	off	7156	72.617867	562.91
/home/lilith/work/codec-corpus/gb82/path-lossless.png	medium	256	256	12cc3e74ca3a4ff2e2fff105dfaa575c361f1028d91fd3a8ea7260631461c768	photo	gb82-photos	lrf	on	7183	72.618919	663.35
/home/lilith/work/codec-corpus/clic2025-1024/0c49a5cce349020bbba2f97ae41e90ba.png	medium	256	256	0d13217e6a93999fd3f3b28796df8b3dd12522984644376de00915fa78d39b8c	photo	clic2025-1024px-resized	tune_still	off	8688	74.265305	981.82
/home/lilith/work/codec-corpus/kadid10k/I12.png	small	256	192	03b460c03ca480522dc69ada15162d6748f40e4ed7b06d0c0068eebedebec5f5	mixed	kadid10k-distortion-set	trellis	on	13677	73.893188	1160.49
/home/lilith/work/codec-corpus/kadid10k/I12.png	small	256	192	03b460c03ca480522dc69ada15162d6748f40e4ed7b06d0c0068eebedebec5f5	mixed	kadid10k-distortion-set	cdef	off	13660	73.722504	638.09
/home/lilith/work/codec-corpus/gb82/path-lossless.png	medium	256	256	12cc3e74ca3a4ff2e2fff105dfaa575c361f1028d91fd3a8ea7260631461c768	photo	gb82-photos	fast_deblock	on	7156	72.557533	754.22
/home/lilith/work/codec-corpus/clic2025-1024/0c49a5cce349020bbba2f97ae41e90ba.png	medium	256	256	0d13217e6a93999fd3f3b28796df8b3dd12522984644376de00915fa78d39b8c	photo	clic2025-1024px-resized	seg_boost	1.5	8499	74.281578	810.79
/home/lilith/work/codec-corpus/CID22/CID22-512/training/7062227.png	small	64	64	129fdfc9e99161836c65a6cd59afa8708d79b3920d7dc5362bed71a63cbcba3b	photo	CID22-512px	baseline	default	1080	73.908501	468053.80
/home/lilith/work/codec-corpus/kadid10k/I12.png	small	256	192	03b460c03ca480522dc69ada15162d6748f40e4ed7b06d0c0068eebedebec5f5	mixed	kadid10k-distortion-set	rdo_tx_decision	off	13921	73.424469	177.42
/home/lilith/work/codec-corpus/CID22/CID22-512/training/7062227.png	small	64	64	129fdfc9e99161836c65a6cd59afa8708d79b3920d7dc5362bed71a63cbcba3b	photo	CID22-512px	qm	off	1120	74.649033	91.93
/home/lilith/work/codec-corpus/CID22/CID22-512/training/7062227.png	small	64	64	129fdfc9e99161836c65a6cd59afa8708d79b3920d7dc5362bed71a63cbcba3b	photo	CID22-512px	vaq	on_strength_1.0	1080	73.908501	87.50
/home/lilith/work/codec-corpus/CID22/CID22-512/training/7062227.png	small	64	64	129fdfc9e99161836c65a6cd59afa8708d79b3920d7dc5362bed71a63cbcba3b	photo	CID22-512px	vaq_strength	0.5	1104	73.943970	106.94
/home/lilith/work/codec-corpus/kadid10k/I12.png	small	256	192	03b460c03ca480522dc69ada15162d6748f40e4ed7b06d0c0068eebedebec5f5	mixed	kadid10k-distortion-set	sgr_full	off	13660	73.722504	509.48
/home/lilith/work/codec-corpus/CID22/CID22-512/training/7062227.png	small	64	64	129fdfc9e99161836c65a6cd59afa8708d79b3920d7dc5362bed71a63cbcba3b	photo	CID22-512px	vaq_strength	2.0	1050	73.170540	97.56
/home/lilith/work/codec-corpus/CID22/CID22-512/training/7062227.png	small	64	64	129fdfc9e99161836c65a6cd59afa8708d79b3920d7dc5362bed71a63cbcba3b	photo	CID22-512px	vaq_strength	3.0	1035	71.343987	71.75
/home/lilith/work/codec-corpus/CID22/CID22-512/training/7062227.png	small	64	64	129fdfc9e99161836c65a6cd59afa8708d79b3920d7dc5362bed71a63cbcba3b	photo	CID22-512px	tune_still	off	1080	73.825775	95.70
/home/lilith/work/codec-corpus/CID22/CID22-512/training/7062227.png	small	64	64	129fdfc9e99161836c65a6cd59afa8708d79b3920d7dc5362bed71a63cbcba3b	photo	CID22-512px	seg_boost	1.5	1082	74.220932	80.21
/home/lilith/work/codec-corpus/clic2025-1024/0c49a5cce349020bbba2f97ae41e90ba.png	medium	256	256	0d13217e6a93999fd3f3b28796df8b3dd12522984644376de00915fa78d39b8c	photo	clic2025-1024px-resized	seg_boost	2.0	8214	73.511292	1044.70
/home/lilith/work/codec-corpus/CID22/CID22-512/training/7062227.png	small	64	64	129fdfc9e99161836c65a6cd59afa8708d79b3920d7dc5362bed71a63cbcba3b	photo	CID22-512px	seg_boost	2.0	1050	73.170540	90.65
/home/lilith/work/codec-corpus/CID22/CID22-512/training/7062227.png	small	64	64	129fdfc9e99161836c65a6cd59afa8708d79b3920d7dc5362bed71a63cbcba3b	photo	CID22-512px	trellis	on	1084	74.782944	108.42
/home/lilith/work/codec-corpus/CID22/CID22-512/training/7062227.png	small	64	64	129fdfc9e99161836c65a6cd59afa8708d79b3920d7dc5362bed71a63cbcba3b	photo	CID22-512px	cdef	off	1080	73.908501	65.24
/home/lilith/work/codec-corpus/kadid10k/I12.png	small	256	192	03b460c03ca480522dc69ada15162d6748f40e4ed7b06d0c0068eebedebec5f5	mixed	kadid10k-distortion-set	lru_on_skip	on	13660	73.722504	785.61
/home/lilith/work/codec-corpus/CID22/CID22-512/training/7062227.png	small	64	64	129fdfc9e99161836c65a6cd59afa8708d79b3920d7dc5362bed71a63cbcba3b	photo	CID22-512px	rdo_tx_decision	off	1105	73.850410	51.76
/home/lilith/work/codec-corpus/CID22/CID22-512/training/7062227.png	small	64	64	129fdfc9e99161836c65a6cd59afa8708d79b3920d7dc5362bed71a63cbcba3b	photo	CID22-512px	sgr_full	off	1080	73.908501	87.29
/home/lilith/work/codec-corpus/CID22/CID22-512/training/7062227.png	small	64	64	129fdfc9e99161836c65a6cd59afa8708d79b3920d7dc5362bed71a63cbcba3b	photo	CID22-512px	lru_on_skip	on	1080	73.908501	90.83
/home/lilith/work/codec-corpus/CID22/CID22-512/training/7062227.png	small	64	64	129fdfc9e99161836c65a6cd59afa8708d79b3920d7dc5362bed71a63cbcba3b	photo	CID22-512px	segmentation_complex	on	1052	73.064606	142.50
/home/lilith/work/codec-corpus/CID22/CID22-512/training/7062227.png	small	64	64	129fdfc9e99161836c65a6cd59afa8708d79b3920d7dc5362bed71a63cbcba3b	photo	CID22-512px	encode_bottomup	on	1044	72.873161	94.25
/home/lilith/work/codec-corpus/kadid10k/I12.png	small	256	192	03b460c03ca480522dc69ada15162d6748f40e4ed7b06d0c0068eebedebec5f5	mixed	kadid10k-distortion-set	segmentation_complex	on	13452	73.506012	668.45
/home/lilith/work/codec-corpus/CID22/CID22-512/training/7062227.png	small	64	64	129fdfc9e99161836c65a6cd59afa8708d79b3920d7dc5362bed71a63cbcba3b	photo	CID22-512px	partition_range	fine_4_16	1080	73.908501	103.54
/home/lilith/work/codec-corpus/CID22/CID22-512/training/7062227.png	small	64	64	129fdfc9e99161836c65a6cd59afa8708d79b3920d7dc5362bed71a63cbcba3b	photo	CID22-512px	partition_range	coarse_16_64	1128	74.587112	65.46
/home/lilith/work/codec-corpus/clic2025-1024/0c49a5cce349020bbba2f97ae41e90ba.png	medium	256	256	0d13217e6a93999fd3f3b28796df8b3dd12522984644376de00915fa78d39b8c	photo	clic2025-1024px-resized	trellis	on	8573	74.278145	1369.68
/home/lilith/work/codec-corpus/CID22/CID22-512/training/7062227.png	small	64	64	129fdfc9e99161836c65a6cd59afa8708d79b3920d7dc5362bed71a63cbcba3b	photo	CID22-512px	complex_prediction_modes	on	1080	52.010647	136.23
/home/lilith/work/codec-corpus/CID22/CID22-512/training/7062227.png	small	64	64	129fdfc9e99161836c65a6cd59afa8708d79b3920d7dc5362bed71a63cbcba3b	photo	CID22-512px	lrf	off	1080	73.908501	51.08
/home/lilith/work/codec-corpus/CID22/CID22-512/training/7062227.png	small	64	64	129fdfc9e99161836c65a6cd59afa8708d79b3920d7dc5362bed71a63cbcba3b	photo	CID22-512px	lrf	on	1087	73.752869	94.06
/home/lilith/work/codec-corpus/CID22/CID22-512/training/7062227.png	small	64	64	129fdfc9e99161836c65a6cd59afa8708d79b3920d7dc5362bed71a63cbcba3b	photo	CID22-512px	fast_deblock	on	1080	73.856201	85.29
/home/lilith/work/codec-corpus/kadid10k/I12.png	small	256	192	03b460c03ca480522dc69ada15162d6748f40e4ed7b06d0c0068eebedebec5f5	mixed	kadid10k-distortion-set	encode_bottomup	on	13594	54.245869	1099.04
/home/lilith/work/codec-corpus/clic2025-1024/0c49a5cce349020bbba2f97ae41e90ba.png	medium	256	256	0d13217e6a93999fd3f3b28796df8b3dd12522984644376de00915fa78d39b8c	photo	clic2025-1024px-resized	cdef	off	8688	74.298126	1186.67
/home/lilith/work/codec-corpus/CID22/CID22-512/training/7062227.png	medium	256	256	129fdfc9e99161836c65a6cd59afa8708d79b3920d7dc5362bed71a63cbcba3b	photo	CID22-512px	baseline	default	7547	75.094246	917.92
/home/lilith/work/codec-corpus/kadid10k/I12.png	small	256	192	03b460c03ca480522dc69ada15162d6748f40e4ed7b06d0c0068eebedebec5f5	mixed	kadid10k-distortion-set	partition_range	fine_4_16	13660	73.722504	571.19
/home/lilith/work/codec-corpus/clic2025-1024/0c49a5cce349020bbba2f97ae41e90ba.png	medium	256	256	0d13217e6a93999fd3f3b28796df8b3dd12522984644376de00915fa78d39b8c	photo	clic2025-1024px-resized	rdo_tx_decision	off	8974	74.860855	402.54
/home/lilith/work/codec-corpus/kadid10k/I12.png	small	256	192	03b460c03ca480522dc69ada15162d6748f40e4ed7b06d0c0068eebedebec5f5	mixed	kadid10k-distortion-set	partition_range	coarse_16_64	13841	73.462746	520.46
/home/lilith/work/codec-corpus/CID22/CID22-512/training/7062227.png	medium	256	256	129fdfc9e99161836c65a6cd59afa8708d79b3920d7dc5362bed71a63cbcba3b	photo	CID22-512px	qm	off	7800	75.177979	761.85
/home/lilith/work/codec-corpus/clic2025-1024/0c49a5cce349020bbba2f97ae41e90ba.png	medium	256	256	0d13217e6a93999fd3f3b28796df8b3dd12522984644376de00915fa78d39b8c	photo	clic2025-1024px-resized	sgr_full	off	8688	74.298126	911.33
/home/lilith/work/codec-corpus/clic2025-1024/d1a9be98d1936065967adac50a6fb750.png	large	1024	1024	06597cde948ec9f543e9a452bc16ffcff69e01c0e943a6fd12f03051a12d179b	photo	clic2025-1024px-resized	complex_prediction_modes	on	50799	29.856480	15197.69
/home/lilith/work/codec-corpus/CID22/CID22-512/training/7062227.png	medium	256	256	129fdfc9e99161836c65a6cd59afa8708d79b3920d7dc5362bed71a63cbcba3b	photo	CID22-512px	vaq	on_strength_1.0	7547	75.094246	697.29
/home/lilith/work/codec-corpus/clic2025-1024/0c49a5cce349020bbba2f97ae41e90ba.png	medium	256	256	0d13217e6a93999fd3f3b28796df8b3dd12522984644376de00915fa78d39b8c	photo	clic2025-1024px-resized	lru_on_skip	on	8688	74.298126	910.24
/home/lilith/work/codec-corpus/kadid10k/I12.png	small	256	192	03b460c03ca480522dc69ada15162d6748f40e4ed7b06d0c0068eebedebec5f5	mixed	kadid10k-distortion-set	complex_prediction_modes	on	13661	13.502181	1722.59
/home/lilith/work/codec-corpus/CID22/CID22-512/training/7062227.png	medium	256	256	129fdfc9e99161836c65a6cd59afa8708d79b3920d7dc5362bed71a63cbcba3b	photo	CID22-512px	vaq_strength	0.5	7870	76.125404	955.26
/home/lilith/work/codec-corpus/kadid10k/I12.png	small	256	192	03b460c03ca480522dc69ada15162d6748f40e4ed7b06d0c0068eebedebec5f5	mixed	kadid10k-distortion-set	lrf	off	13660	73.722504	576.98
/home/lilith/work/codec-corpus/clic2025-1024/0c49a5cce349020bbba2f97ae41e90ba.png	medium	256	256	0d13217e6a93999fd3f3b28796df8b3dd12522984644376de00915fa78d39b8c	photo	clic2025-1024px-resized	segmentation_complex	on	8369	73.483597	991.09
/home/lilith/work/codec-corpus/CID22/CID22-512/training/7062227.png	medium	256	256	129fdfc9e99161836c65a6cd59afa8708d79b3920d7dc5362bed71a63cbcba3b	photo	CID22-512px	vaq_strength	2.0	7165	74.440651	910.04
/home/lilith/work/codec-corpus/kadid10k/I12.png	small	256	192	03b460c03ca480522dc69ada15162d6748f40e4ed7b06d0c0068eebedebec5f5	mixed	kadid10k-distortion-set	lrf	on	13689	73.708694	660.86
/home/lilith/work/codec-corpus/CID22/CID22-512/training/7062227.png	medium	256	256	129fdfc9e99161836c65a6cd59afa8708d79b3920d7dc5362bed71a63cbcba3b	photo	CID22-512px	vaq_strength	3.0	6978	72.961021	678.89
/home/lilith/work/codec-corpus/kadid10k/I12.png	small	256	192	03b460c03ca480522dc69ada15162d6748f40e4ed7b06d0c0068eebedebec5f5	mixed	kadid10k-distortion-set	fast_deblock	on	13660	73.654991	808.79
/home/lilith/work/codec-corpus/clic2025-1024/0c49a5cce349020bbba2f97ae41e90ba.png	medium	256	256	0d13217e6a93999fd3f3b28796df8b3dd12522984644376de00915fa78d39b8c	photo	clic2025-1024px-resized	encode_bottomup	on	8536	57.947010	1293.26
/home/lilith/work/codec-corpus/clic2025/final-test/86127fbdb368eb28c3039cf61aff1c4cfdc4ade24070c8f2389968d5ead681e1.png	tiny	64	31	0361106edaa80377dd9892831f6aa0c75dd35a9ee7f5d3ebaaa3fc0dc8f5b56d	photo	clic2025-native	baseline	default	755	31.808176	476949.40
/home/lilith/work/codec-corpus/clic2025/final-test/86127fbdb368eb28c3039cf61aff1c4cfdc4ade24070c8f2389968d5ead681e1.png	tiny	64	31	0361106edaa80377dd9892831f6aa0c75dd35a9ee7f5d3ebaaa3fc0dc8f5b56d	photo	clic2025-native	qm	off	811	41.298515	62.64
/home/lilith/work/codec-corpus/clic2025/final-test/86127fbdb368eb28c3039cf61aff1c4cfdc4ade24070c8f2389968d5ead681e1.png	tiny	64	31	0361106edaa80377dd9892831f6aa0c75dd35a9ee7f5d3ebaaa3fc0dc8f5b56d	photo	clic2025-native	vaq	on_strength_1.0	755	31.808176	57.36
/home/lilith/work/codec-corpus/clic2025/final-test/86127fbdb368eb28c3039cf61aff1c4cfdc4ade24070c8f2389968d5ead681e1.png	tiny	64	31	0361106edaa80377dd9892831f6aa0c75dd35a9ee7f5d3ebaaa3fc0dc8f5b56d	photo	clic2025-native	vaq_strength	0.5	771	35.400230	46.94
/home/lilith/work/codec-corpus/clic2025/final-test/86127fbdb368eb28c3039cf61aff1c4cfdc4ade24070c8f2389968d5ead681e1.png	tiny	64	31	0361106edaa80377dd9892831f6aa0c75dd35a9ee7f5d3ebaaa3fc0dc8f5b56d	photo	clic2025-native	vaq_strength	2.0	757	33.591442	67.81
/home/lilith/work/codec-corpus/CID22/CID22-512/training/7062227.png	medium	256	256	129fdfc9e99161836c65a6cd59afa8708d79b3920d7dc5362bed71a63cbcba3b	photo	CID22-512px	tune_still	off	7547	75.069183	807.06
/home/lilith/work/codec-corpus/clic2025/final-test/86127fbdb368eb28c3039cf61aff1c4cfdc4ade24070c8f2389968d5ead681e1.png	tiny	64	31	0361106edaa80377dd9892831f6aa0c75dd35a9ee7f5d3ebaaa3fc0dc8f5b56d	photo	clic2025-native	vaq_strength	3.0	762	36.838894	80.14
/home/lilith/work/codec-corpus/clic2025/final-test/86127fbdb368eb28c3039cf61aff1c4cfdc4ade24070c8f2389968d5ead681e1.png	tiny	64	31	0361106edaa80377dd9892831f6aa0c75dd35a9ee7f5d3ebaaa3fc0dc8f5b56d	photo	clic2025-native	tune_still	off	755	32.139011	70.12
/home/lilith/work/codec-corpus/clic2025/final-test/86127fbdb368eb28c3039cf61aff1c4cfdc4ade24070c8f2389968d5ead681e1.png	tiny	64	31	0361106edaa80377dd9892831f6aa0c75dd35a9ee7f5d3ebaaa3fc0dc8f5b56d	photo	clic2025-native	seg_boost	1.5	760	36.119999	50.09
/home/lilith/work/codec-corpus/clic2025/final-test/86127fbdb368eb28c3039cf61aff1c4cfdc4ade24070c8f2389968d5ead681e1.png	tiny	64	31	0361106edaa80377dd9892831f6aa0c75dd35a9ee7f5d3ebaaa3fc0dc8f5b56d	photo	clic2025-native	seg_boost	2.0	757	33.591442	95.43
/home/lilith/work/codec-corpus/clic2025-1024/0c49a5cce349020bbba2f97ae41e90ba.png	medium	256	256	0d13217e6a93999fd3f3b28796df8b3dd12522984644376de00915fa78d39b8c	photo	clic2025-1024px-resized	partition_range	fine_4_16	8688	74.298126	1008.27
/home/lilith/work/codec-corpus/clic2025/final-test/86127fbdb368eb28c3039cf61aff1c4cfdc4ade24070c8f2389968d5ead681e1.png	tiny	64	31	0361106edaa80377dd9892831f6aa0c75dd35a9ee7f5d3ebaaa3fc0dc8f5b56d	photo	clic2025-native	trellis	on	755	31.808176	100.49
/home/lilith/work/codec-corpus/clic2025/final-test/86127fbdb368eb28c3039cf61aff1c4cfdc4ade24070c8f2389968d5ead681e1.png	tiny	64	31	0361106edaa80377dd9892831f6aa0c75dd35a9ee7f5d3ebaaa3fc0dc8f5b56d	photo	clic2025-native	cdef	off	755	31.808176	48.12
/home/lilith/work/codec-corpus/clic2025/final-test/86127fbdb368eb28c3039cf61aff1c4cfdc4ade24070c8f2389968d5ead681e1.png	tiny	64	31	0361106edaa80377dd9892831f6aa0c75dd35a9ee7f5d3ebaaa3fc0dc8f5b56d	photo	clic2025-native	rdo_tx_decision	off	772	30.080368	23.72
/home/lilith/work/codec-corpus/CID22/CID22-512/training/7062227.png	medium	256	256	129fdfc9e99161836c65a6cd59afa8708d79b3920d7dc5362bed71a63cbcba3b	photo	CID22-512px	seg_boost	1.5	7337	74.472977	710.46
/home/lilith/work/codec-corpus/clic2025/final-test/86127fbdb368eb28c3039cf61aff1c4cfdc4ade24070c8f2389968d5ead681e1.png	tiny	64	31	0361106edaa80377dd9892831f6aa0c75dd35a9ee7f5d3ebaaa3fc0dc8f5b56d	photo	clic2025-native	sgr_full	off	755	31.808176	55.79
/home/lilith/work/codec-corpus/clic2025/final-test/86127fbdb368eb28c3039cf61aff1c4cfdc4ade24070c8f2389968d5ead681e1.png	tiny	64	31	0361106edaa80377dd9892831f6aa0c75dd35a9ee7f5d3ebaaa3fc0dc8f5b56d	photo	clic2025-native	lru_on_skip	on	755	31.808176	70.38
/home/lilith/work/codec-corpus/clic2025/final-test/86127fbdb368eb28c3039cf61aff1c4cfdc4ade24070c8f2389968d5ead681e1.png	tiny	64	31	0361106edaa80377dd9892831f6aa0c75dd35a9ee7f5d3ebaaa3fc0dc8f5b56d	photo	clic2025-native	segmentation_complex	on	750	34.860283	96.11
/home/lilith/work/codec-corpus/clic2025/final-test/86127fbdb368eb28c3039cf61aff1c4cfdc4ade24070c8f2389968d5ead681e1.png	tiny	64	31	0361106edaa80377dd9892831f6aa0c75dd35a9ee7f5d3ebaaa3fc0dc8f5b56d	photo	clic2025-native	encode_bottomup	on	755	31.808176	69.55
/home/lilith/work/codec-corpus/clic2025/final-test/86127fbdb368eb28c3039cf61aff1c4cfdc4ade24070c8f2389968d5ead681e1.png	tiny	64	31	0361106edaa80377dd9892831f6aa0c75dd35a9ee7f5d3ebaaa3fc0dc8f5b56d	photo	clic2025-native	partition_range	fine_4_16	755	31.808176	73.47
/home/lilith/work/codec-corpus/clic2025/final-test/86127fbdb368eb28c3039cf61aff1c4cfdc4ade24070c8f2389968d5ead681e1.png	tiny	64	31	0361106edaa80377dd9892831f6aa0c75dd35a9ee7f5d3ebaaa3fc0dc8f5b56d	photo	clic2025-native	partition_range	coarse_16_64	749	29.972757	27.49
/home/lilith/work/codec-corpus/CID22/CID22-512/training/7062227.png	medium	256	256	129fdfc9e99161836c65a6cd59afa8708d79b3920d7dc5362bed71a63cbcba3b	photo	CID22-512px	seg_boost	2.0	7165	74.440651	736.58
/home/lilith/work/codec-corpus/clic2025/final-test/86127fbdb368eb28c3039cf61aff1c4cfdc4ade24070c8f2389968d5ead681e1.png	tiny	64	31	0361106edaa80377dd9892831f6aa0c75dd35a9ee7f5d3ebaaa3fc0dc8f5b56d	photo	clic2025-native	complex_prediction_modes	on	760	15.423710	159.53
/home/lilith/work/codec-corpus/clic2025/final-test/86127fbdb368eb28c3039cf61aff1c4cfdc4ade24070c8f2389968d5ead681e1.png	tiny	64	31	0361106edaa80377dd9892831f6aa0c75dd35a9ee7f5d3ebaaa3fc0dc8f5b56d	photo	clic2025-native	lrf	off	755	31.808176	75.04
/home/lilith/work/codec-corpus/clic2025-1024/0c49a5cce349020bbba2f97ae41e90ba.png	medium	256	256	0d13217e6a93999fd3f3b28796df8b3dd12522984644376de00915fa78d39b8c	photo	clic2025-1024px-resized	partition_range	coarse_16_64	9763	74.040047	1088.80
/home/lilith/work/codec-corpus/clic2025/final-test/86127fbdb368eb28c3039cf61aff1c4cfdc4ade24070c8f2389968d5ead681e1.png	tiny	64	31	0361106edaa80377dd9892831f6aa0c75dd35a9ee7f5d3ebaaa3fc0dc8f5b56d	photo	clic2025-native	lrf	on	755	31.808176	79.27
/home/lilith/work/codec-corpus/clic2025-1024/d1a9be98d1936065967adac50a6fb750.png	large	1024	1024	06597cde948ec9f543e9a452bc16ffcff69e01c0e943a6fd12f03051a12d179b	photo	clic2025-1024px-resized	lrf	off	51094	79.933823	5448.15
/home/lilith/work/codec-corpus/clic2025/final-test/86127fbdb368eb28c3039cf61aff1c4cfdc4ade24070c8f2389968d5ead681e1.png	tiny	64	31	0361106edaa80377dd9892831f6aa0c75dd35a9ee7f5d3ebaaa3fc0dc8f5b56d	photo	clic2025-native	fast_deblock	on	755	31.808176	144.01
/home/lilith/work/codec-corpus/clic2025/final-test/86127fbdb368eb28c3039cf61aff1c4cfdc4ade24070c8f2389968d5ead681e1.png	small	256	122	0361106edaa80377dd9892831f6aa0c75dd35a9ee7f5d3ebaaa3fc0dc8f5b56d	photo	clic2025-native	baseline	default	7678	72.160965	286.91
/home/lilith/work/codec-corpus/CID22/CID22-512/training/7062227.png	medium	256	256	129fdfc9e99161836c65a6cd59afa8708d79b3920d7dc5362bed71a63cbcba3b	photo	CID22-512px	trellis	on	7518	75.705757	1036.02
/home/lilith/work/codec-corpus/clic2025/final-test/86127fbdb368eb28c3039cf61aff1c4cfdc4ade24070c8f2389968d5ead681e1.png	small	256	122	0361106edaa80377dd9892831f6aa0c75dd35a9ee7f5d3ebaaa3fc0dc8f5b56d	photo	clic2025-native	qm	off	8239	72.147789	469.56
/home/lilith/work/codec-corpus/clic2025/final-test/86127fbdb368eb28c3039cf61aff1c4cfdc4ade24070c8f2389968d5ead681e1.png	small	256	122	0361106edaa80377dd9892831f6aa0c75dd35a9ee7f5d3ebaaa3fc0dc8f5b56d	photo	clic2025-native	vaq	on_strength_1.0	7678	72.160965	297.76
/home/lilith/work/codec-corpus/CID22/CID22-512/training/7062227.png	medium	256	256	129fdfc9e99161836c65a6cd59afa8708d79b3920d7dc5362bed71a63cbcba3b	photo	CID22-512px	cdef	off	7547	75.094246	955.50
/home/lilith/work/codec-corpus/clic2025/final-test/86127fbdb368eb28c3039cf61aff1c4cfdc4ade24070c8f2389968d5ead681e1.png	small	256	122	0361106edaa80377dd9892831f6aa0c75dd35a9ee7f5d3ebaaa3fc0dc8f5b56d	photo	clic2025-native	vaq_strength	0.5	7674	72.342216	288.00
/home/lilith/work/codec-corpus/clic2025-1024/0c49a5cce349020bbba2f97ae41e90ba.png	medium	256	256	0d13217e6a93999fd3f3b28796df8b3dd12522984644376de00915fa78d39b8c	photo	clic2025-1024px-resized	complex_prediction_modes	on	8655	-96.314392	2075.74
/home/lilith/work/codec-corpus/clic2025/final-test/86127fbdb368eb28c3039cf61aff1c4cfdc4ade24070c8f2389968d5ead681e1.png	small	256	122	0361106edaa80377dd9892831f6aa0c75dd35a9ee7f5d3ebaaa3fc0dc8f5b56d	photo	clic2025-native	vaq_strength	2.0	7619	71.599442	343.34
/home/lilith/work/codec-corpus/CID22/CID22-512/training/7062227.png	medium	256	256	129fdfc9e99161836c65a6cd59afa8708d79b3920d7dc5362bed71a63cbcba3b	photo	CID22-512px	rdo_tx_decision	off	7809	75.332405	429.34
/home/lilith/work/codec-corpus/clic2025/final-test/86127fbdb368eb28c3039cf61aff1c4cfdc4ade24070c8f2389968d5ead681e1.png	small	256	122	0361106edaa80377dd9892831f6aa0c75dd35a9ee7f5d3ebaaa3fc0dc8f5b56d	photo	clic2025-native	vaq_strength	3.0	7628	71.663277	331.35
/home/lilith/work/codec-corpus/clic2025/final-test/86127fbdb368eb28c3039cf61aff1c4cfdc4ade24070c8f2389968d5ead681e1.png	small	256	122	0361106edaa80377dd9892831f6aa0c75dd35a9ee7f5d3ebaaa3fc0dc8f5b56d	photo	clic2025-native	tune_still	off	7678	72.317451	272.37
/home/lilith/work/codec-corpus/clic2025-1024/0c49a5cce349020bbba2f97ae41e90ba.png	medium	256	256	0d13217e6a93999fd3f3b28796df8b3dd12522984644376de00915fa78d39b8c	photo	clic2025-1024px-resized	lrf	off	8688	74.298126	1058.80
/home/lilith/work/codec-corpus/CID22/CID22-512/training/7062227.png	medium	256	256	129fdfc9e99161836c65a6cd59afa8708d79b3920d7dc5362bed71a63cbcba3b	photo	CID22-512px	sgr_full	off	7547	75.094246	822.54
/home/lilith/work/codec-corpus/clic2025/final-test/86127fbdb368eb28c3039cf61aff1c4cfdc4ade24070c8f2389968d5ead681e1.png	small	256	122	0361106edaa80377dd9892831f6aa0c75dd35a9ee7f5d3ebaaa3fc0dc8f5b56d	photo	clic2025-native	seg_boost	1.5	7614	72.340393	583.22
/home/lilith/work/codec-corpus/clic2025/final-test/86127fbdb368eb28c3039cf61aff1c4cfdc4ade24070c8f2389968d5ead681e1.png	small	256	122	0361106edaa80377dd9892831f6aa0c75dd35a9ee7f5d3ebaaa3fc0dc8f5b56d	photo	clic2025-native	seg_boost	2.0	7619	71.599442	313.99
/home/lilith/work/codec-corpus/CID22/CID22-512/training/7062227.png	medium	256	256	129fdfc9e99161836c65a6cd59afa8708d79b3920d7dc5362bed71a63cbcba3b	photo	CID22-512px	lru_on_skip	on	7547	75.094246	767.07
/home/lilith/work/codec-corpus/clic2025-1024/0c49a5cce349020bbba2f97ae41e90ba.png	medium	256	256	0d13217e6a93999fd3f3b28796df8b3dd12522984644376de00915fa78d39b8c	photo	clic2025-1024px-resized	lrf	on	8773	74.474518	1053.78
/home/lilith/work/codec-corpus/clic2025/final-test/86127fbdb368eb28c3039cf61aff1c4cfdc4ade24070c8f2389968d5ead681e1.png	small	256	122	0361106edaa80377dd9892831f6aa0c75dd35a9ee7f5d3ebaaa3fc0dc8f5b56d	photo	clic2025-native	trellis	on	7667	72.216415	517.84
/home/lilith/work/codec-corpus/clic2025/final-test/86127fbdb368eb28c3039cf61aff1c4cfdc4ade24070c8f2389968d5ead681e1.png	small	256	122	0361106edaa80377dd9892831f6aa0c75dd35a9ee7f5d3ebaaa3fc0dc8f5b56d	photo	clic2025-native	cdef	off	7678	72.160965	374.48
/home/lilith/work/codec-corpus/clic2025/final-test/86127fbdb368eb28c3039cf61aff1c4cfdc4ade24070c8f2389968d5ead681e1.png	small	256	122	0361106edaa80377dd9892831f6aa0c75dd35a9ee7f5d3ebaaa3fc0dc8f5b56d	photo	clic2025-native	rdo_tx_decision	off	7808	72.126648	90.78
/home/lilith/work/codec-corpus/clic2025-1024/0c49a5cce349020bbba2f97ae41e90ba.png	medium	256	256	0d13217e6a93999fd3f3b28796df8b3dd12522984644376de00915fa78d39b8c	photo	clic2025-1024px-resized	fast_deblock	on	8688	74.222557	807.14
/home/lilith/work/codec-corpus/CID22/CID22-512/training/7062227.png	medium	256	256	129fdfc9e99161836c65a6cd59afa8708d79b3920d7dc5362bed71a63cbcba3b	photo	CID22-512px	segmentation_complex	on	7333	74.546570	1288.65
/home/lilith/work/codec-corpus/clic2025/final-test/86127fbdb368eb28c3039cf61aff1c4cfdc4ade24070c8f2389968d5ead681e1.png	small	256	122	0361106edaa80377dd9892831f6aa0c75dd35a9ee7f5d3ebaaa3fc0dc8f5b56d	photo	clic2025-native	sgr_full	off	7678	72.160965	352.18
/home/lilith/work/codec-corpus/clic2025/final-test/86127fbdb368eb28c3039cf61aff1c4cfdc4ade24070c8f2389968d5ead681e1.png	small	256	122	0361106edaa80377dd9892831f6aa0c75dd35a9ee7f5d3ebaaa3fc0dc8f5b56d	photo	clic2025-native	lru_on_skip	on	7678	72.160965	291.69
/home/lilith/work/codec-corpus/CID22/CID22-512/training/7062227.png	medium	256	256	129fdfc9e99161836c65a6cd59afa8708d79b3920d7dc5362bed71a63cbcba3b	photo	CID22-512px	encode_bottomup	on	7433	67.080513	938.25
/home/lilith/work/codec-corpus/clic2025/final-test/86127fbdb368eb28c3039cf61aff1c4cfdc4ade24070c8f2389968d5ead681e1.png	small	256	122	0361106edaa80377dd9892831f6aa0c75dd35a9ee7f5d3ebaaa3fc0dc8f5b56d	photo	clic2025-native	segmentation_complex	on	7482	71.666565	687.05
/home/lilith/work/codec-corpus/clic2025-1024/d1a9be98d1936065967adac50a6fb750.png	large	1024	1024	06597cde948ec9f543e9a452bc16ffcff69e01c0e943a6fd12f03051a12d179b	photo	clic2025-1024px-resized	lrf	on	51428	79.948723	6088.84
/home/lilith/work/codec-corpus/clic2025/final-test/86127fbdb368eb28c3039cf61aff1c4cfdc4ade24070c8f2389968d5ead681e1.png	small	256	122	0361106edaa80377dd9892831f6aa0c75dd35a9ee7f5d3ebaaa3fc0dc8f5b56d	photo	clic2025-native	encode_bottomup	on	7615	65.789345	628.68
/home/lilith/work/codec-corpus/CID22/CID22-512/training/7062227.png	medium	256	256	129fdfc9e99161836c65a6cd59afa8708d79b3920d7dc5362bed71a63cbcba3b	photo	CID22-512px	partition_range	fine_4_16	7547	75.094246	754.06
/home/lilith/work/codec-corpus/clic2025/final-test/86127fbdb368eb28c3039cf61aff1c4cfdc4ade24070c8f2389968d5ead681e1.png	small	256	122	0361106edaa80377dd9892831f6aa0c75dd35a9ee7f5d3ebaaa3fc0dc8f5b56d	photo	clic2025-native	partition_range	fine_4_16	7678	72.160965	396.27
/home/lilith/work/codec-corpus/clic2025/final-test/86127fbdb368eb28c3039cf61aff1c4cfdc4ade24070c8f2389968d5ead681e1.png	small	256	122	0361106edaa80377dd9892831f6aa0c75dd35a9ee7f5d3ebaaa3fc0dc8f5b56d	photo	clic2025-native	partition_range	coarse_16_64	7674	71.928116	364.75
/home/lilith/work/codec-corpus/CID22/CID22-512/training/7062227.png	medium	256	256	129fdfc9e99161836c65a6cd59afa8708d79b3920d7dc5362bed71a63cbcba3b	photo	CID22-512px	partition_range	coarse_16_64	7824	74.724724	1023.67
/home/lilith/work/codec-corpus/clic2025/final-test/86127fbdb368eb28c3039cf61aff1c4cfdc4ade24070c8f2389968d5ead681e1.png	small	256	122	0361106edaa80377dd9892831f6aa0c75dd35a9ee7f5d3ebaaa3fc0dc8f5b56d	photo	clic2025-native	complex_prediction_modes	on	7640	10.954290	1079.84
/home/lilith/work/codec-corpus/clic2025/final-test/86127fbdb368eb28c3039cf61aff1c4cfdc4ade24070c8f2389968d5ead681e1.png	small	256	122	0361106edaa80377dd9892831f6aa0c75dd35a9ee7f5d3ebaaa3fc0dc8f5b56d	photo	clic2025-native	lrf	off	7678	72.160965	402.95
/home/lilith/work/codec-corpus/CID22/CID22-512/training/7062227.png	medium	256	256	129fdfc9e99161836c65a6cd59afa8708d79b3920d7dc5362bed71a63cbcba3b	photo	CID22-512px	complex_prediction_modes	on	7446	54.520794	1622.71
/home/lilith/work/codec-corpus/clic2025/final-test/86127fbdb368eb28c3039cf61aff1c4cfdc4ade24070c8f2389968d5ead681e1.png	small	256	122	0361106edaa80377dd9892831f6aa0c75dd35a9ee7f5d3ebaaa3fc0dc8f5b56d	photo	clic2025-native	lrf	on	7690	72.210587	385.83
/home/lilith/work/codec-corpus/clic2025/final-test/86127fbdb368eb28c3039cf61aff1c4cfdc4ade24070c8f2389968d5ead681e1.png	small	256	122	0361106edaa80377dd9892831f6aa0c75dd35a9ee7f5d3ebaaa3fc0dc8f5b56d	photo	clic2025-native	fast_deblock	on	7678	72.091171	389.45
/home/lilith/work/codec-corpus/CID22/CID22-512/training/7062227.png	medium	256	256	129fdfc9e99161836c65a6cd59afa8708d79b3920d7dc5362bed71a63cbcba3b	photo	CID22-512px	lrf	off	7547	75.094246	948.82
/home/lilith/work/codec-corpus/CID22/CID22-512/training/7062227.png	medium	256	256	129fdfc9e99161836c65a6cd59afa8708d79b3920d7dc5362bed71a63cbcba3b	photo	CID22-512px	lrf	on	7616	75.378456	812.48
/home/lilith/work/codec-corpus/CID22/CID22-512/training/7062227.png	medium	256	256	129fdfc9e99161836c65a6cd59afa8708d79b3920d7dc5362bed71a63cbcba3b	photo	CID22-512px	fast_deblock	on	7547	75.120689	654.95
/home/lilith/work/codec-corpus/CID22/CID22-512/training/pexels-photo-1544724.png	small	64	64	1133a2ec4aebc96fb881186d5443128bd31bcb105569e87218883a9fd4ef7aad	photo	CID22-512px	baseline	default	1921	74.321136	492015.87
/home/lilith/work/codec-corpus/clic2025-1024/d1a9be98d1936065967adac50a6fb750.png	large	1024	1024	06597cde948ec9f543e9a452bc16ffcff69e01c0e943a6fd12f03051a12d179b	photo	clic2025-1024px-resized	fast_deblock	on	51094	79.798683	5869.24
/home/lilith/work/codec-corpus/CID22/CID22-512/training/1454804.png	small	64	64	064ca9083dbfd1b77147e03e38484ce5328bb65427be1d2412c7ba9e8d5ad32c	photo	CID22-512px	baseline	default	690	77.203362	492258.50
/home/lilith/work/codec-corpus/CID22/CID22-512/training/pexels-photo-1544724.png	small	64	64	1133a2ec4aebc96fb881186d5443128bd31bcb105569e87218883a9fd4ef7aad	photo	CID22-512px	qm	off	2109	74.020012	108.40
/home/lilith/work/codec-corpus/CID22/CID22-512/training/1454804.png	small	64	64	064ca9083dbfd1b77147e03e38484ce5328bb65427be1d2412c7ba9e8d5ad32c	photo	CID22-512px	qm	off	706	77.906273	75.05
/home/lilith/work/codec-corpus/CID22/CID22-512/training/1454804.png	small	64	64	064ca9083dbfd1b77147e03e38484ce5328bb65427be1d2412c7ba9e8d5ad32c	photo	CID22-512px	vaq	on_strength_1.0	690	77.203362	45.53
/home/lilith/work/codec-corpus/CID22/CID22-512/training/pexels-photo-1544724.png	small	64	64	1133a2ec4aebc96fb881186d5443128bd31bcb105569e87218883a9fd4ef7aad	photo	CID22-512px	vaq	on_strength_1.0	1921	74.321136	121.20
/home/lilith/work/codec-corpus/CID22/CID22-512/training/1454804.png	small	64	64	064ca9083dbfd1b77147e03e38484ce5328bb65427be1d2412c7ba9e8d5ad32c	photo	CID22-512px	vaq_strength	0.5	689	78.357468	65.72
/home/lilith/work/codec-corpus/CID22/CID22-512/training/pexels-photo-1544724.png	small	64	64	1133a2ec4aebc96fb881186d5443128bd31bcb105569e87218883a9fd4ef7aad	photo	CID22-512px	vaq_strength	0.5	1932	73.583969	120.54
/home/lilith/work/codec-corpus/CID22/CID22-512/training/1454804.png	small	64	64	064ca9083dbfd1b77147e03e38484ce5328bb65427be1d2412c7ba9e8d5ad32c	photo	CID22-512px	vaq_strength	2.0	691	75.483025	63.45
/home/lilith/work/codec-corpus/CID22/CID22-512/training/pexels-photo-1544724.png	small	64	64	1133a2ec4aebc96fb881186d5443128bd31bcb105569e87218883a9fd4ef7aad	photo	CID22-512px	vaq_strength	2.0	1927	73.244423	67.08
/home/lilith/work/codec-corpus/CID22/CID22-512/training/1454804.png	small	64	64	064ca9083dbfd1b77147e03e38484ce5328bb65427be1d2412c7ba9e8d5ad32c	photo	CID22-512px	vaq_strength	3.0	679	76.475464	37.29
/home/lilith/work/codec-corpus/CID22/CID22-512/training/pexels-photo-1544724.png	small	64	64	1133a2ec4aebc96fb881186d5443128bd31bcb105569e87218883a9fd4ef7aad	photo	CID22-512px	vaq_strength	3.0	1922	74.523300	113.70
/home/lilith/work/codec-corpus/CID22/CID22-512/training/1454804.png	small	64	64	064ca9083dbfd1b77147e03e38484ce5328bb65427be1d2412c7ba9e8d5ad32c	photo	CID22-512px	tune_still	off	690	77.229759	91.68
/home/lilith/work/codec-corpus/CID22/CID22-512/training/1454804.png	small	64	64	064ca9083dbfd1b77147e03e38484ce5328bb65427be1d2412c7ba9e8d5ad32c	photo	CID22-512px	seg_boost	1.5	686	76.397202	67.65
/home/lilith/work/codec-corpus/CID22/CID22-512/training/pexels-photo-1544724.png	small	64	64	1133a2ec4aebc96fb881186d5443128bd31bcb105569e87218883a9fd4ef7aad	photo	CID22-512px	tune_still	off	1921	73.860229	119.10
/home/lilith/work/codec-corpus/CID22/CID22-512/training/1454804.png	small	64	64	064ca9083dbfd1b77147e03e38484ce5328bb65427be1d2412c7ba9e8d5ad32c	photo	CID22-512px	seg_boost	2.0	691	75.483025	70.40
/home/lilith/work/codec-corpus/CID22/CID22-512/training/pexels-photo-1544724.png	small	64	64	1133a2ec4aebc96fb881186d5443128bd31bcb105569e87218883a9fd4ef7aad	photo	CID22-512px	seg_boost	1.5	1908	74.574478	127.51
/home/lilith/work/codec-corpus/CID22/CID22-512/training/pexels-photo-1544724.png	small	64	64	1133a2ec4aebc96fb881186d5443128bd31bcb105569e87218883a9fd4ef7aad	photo	CID22-512px	seg_boost	2.0	1927	73.244423	59.94
/home/lilith/work/codec-corpus/CID22/CID22-512/training/1454804.png	small	64	64	064ca9083dbfd1b77147e03e38484ce5328bb65427be1d2412c7ba9e8d5ad32c	photo	CID22-512px	trellis	on	684	77.141960	135.57
/home/lilith/work/codec-corpus/CID22/CID22-512/training/pexels-photo-1544724.png	small	64	64	1133a2ec4aebc96fb881186d5443128bd31bcb105569e87218883a9fd4ef7aad	photo	CID22-512px	trellis	on	1928	73.778236	101.01
/home/lilith/work/codec-corpus/CID22/CID22-512/training/1454804.png	small	64	64	064ca9083dbfd1b77147e03e38484ce5328bb65427be1d2412c7ba9e8d5ad32c	photo	CID22-512px	cdef	off	690	77.203362	81.46
/home/lilith/work/codec-corpus/CID22/CID22-512/training/1454804.png	small	64	64	064ca9083dbfd1b77147e03e38484ce5328bb65427be1d2412c7ba9e8d5ad32c	photo	CID22-512px	rdo_tx_decision	off	710	77.329170	16.57
/home/lilith/work/codec-corpus/CID22/CID22-512/training/pexels-photo-1544724.png	small	64	64	1133a2ec4aebc96fb881186d5443128bd31bcb105569e87218883a9fd4ef7aad	photo	CID22-512px	cdef	off	1921	74.321136	83.15
/home/lilith/work/codec-corpus/CID22/CID22-512/training/1454804.png	small	64	64	064ca9083dbfd1b77147e03e38484ce5328bb65427be1d2412c7ba9e8d5ad32c	photo	CID22-512px	sgr_full	off	690	77.203362	85.88
/home/lilith/work/codec-corpus/CID22/CID22-512/training/pexels-photo-1544724.png	small	64	64	1133a2ec4aebc96fb881186d5443128bd31bcb105569e87218883a9fd4ef7aad	photo	CID22-512px	rdo_tx_decision	off	1970	73.567940	46.46
/home/lilith/work/codec-corpus/CID22/CID22-512/training/1454804.png	small	64	64	064ca9083dbfd1b77147e03e38484ce5328bb65427be1d2412c7ba9e8d5ad32c	photo	CID22-512px	lru_on_skip	on	690	77.203362	96.55
/home/lilith/work/codec-corpus/CID22/CID22-512/training/pexels-photo-1544724.png	small	64	64	1133a2ec4aebc96fb881186d5443128bd31bcb105569e87218883a9fd4ef7aad	photo	CID22-512px	sgr_full	off	1921	74.321136	87.00
/home/lilith/work/codec-corpus/CID22/CID22-512/training/1454804.png	small	64	64	064ca9083dbfd1b77147e03e38484ce5328bb65427be1d2412c7ba9e8d5ad32c	photo	CID22-512px	segmentation_complex	on	672	76.719376	100.07
/home/lilith/work/codec-corpus/CID22/CID22-512/training/pexels-photo-1544724.png	small	64	64	1133a2ec4aebc96fb881186d5443128bd31bcb105569e87218883a9fd4ef7aad	photo	CID22-512px	lru_on_skip	on	1921	74.321136	68.07
/home/lilith/work/codec-corpus/CID22/CID22-512/training/1454804.png	small	64	64	064ca9083dbfd1b77147e03e38484ce5328bb65427be1d2412c7ba9e8d5ad32c	photo	CID22-512px	encode_bottomup	on	689	77.000702	66.30
/home/lilith/work/codec-corpus/CID22/CID22-512/training/1454804.png	small	64	64	064ca9083dbfd1b77147e03e38484ce5328bb65427be1d2412c7ba9e8d5ad32c	photo	CID22-512px	partition_range	fine_4_16	690	77.203362	66.42
/home/lilith/work/codec-corpus/CID22/CID22-512/training/pexels-photo-1544724.png	small	64	64	1133a2ec4aebc96fb881186d5443128bd31bcb105569e87218883a9fd4ef7aad	photo	CID22-512px	segmentation_complex	on	1904	73.225761	143.24
/home/lilith/work/codec-corpus/CID22/CID22-512/training/1454804.png	small	64	64	064ca9083dbfd1b77147e03e38484ce5328bb65427be1d2412c7ba9e8d5ad32c	photo	CID22-512px	partition_range	coarse_16_64	692	78.245880	103.23
/home/lilith/work/codec-corpus/CID22/CID22-512/training/pexels-photo-1544724.png	small	64	64	1133a2ec4aebc96fb881186d5443128bd31bcb105569e87218883a9fd4ef7aad	photo	CID22-512px	encode_bottomup	on	1893	63.306122	166.87
/home/lilith/work/codec-corpus/CID22/CID22-512/training/1454804.png	small	64	64	064ca9083dbfd1b77147e03e38484ce5328bb65427be1d2412c7ba9e8d5ad32c	photo	CID22-512px	complex_prediction_modes	on	691	-33.014591	145.67
/home/lilith/work/codec-corpus/CID22/CID22-512/training/pexels-photo-1544724.png	small	64	64	1133a2ec4aebc96fb881186d5443128bd31bcb105569e87218883a9fd4ef7aad	photo	CID22-512px	partition_range	fine_4_16	1921	74.321136	90.92
/home/lilith/work/codec-corpus/CID22/CID22-512/training/1454804.png	small	64	64	064ca9083dbfd1b77147e03e38484ce5328bb65427be1d2412c7ba9e8d5ad32c	photo	CID22-512px	lrf	off	690	77.203362	84.51
/home/lilith/work/codec-corpus/CID22/CID22-512/training/pexels-photo-1544724.png	small	64	64	1133a2ec4aebc96fb881186d5443128bd31bcb105569e87218883a9fd4ef7aad	photo	CID22-512px	partition_range	coarse_16_64	1967	73.419716	106.97
/home/lilith/work/codec-corpus/CID22/CID22-512/training/1454804.png	small	64	64	064ca9083dbfd1b77147e03e38484ce5328bb65427be1d2412c7ba9e8d5ad32c	photo	CID22-512px	lrf	on	694	77.593193	94.76
/home/lilith/work/codec-corpus/CID22/CID22-512/training/1454804.png	small	64	64	064ca9083dbfd1b77147e03e38484ce5328bb65427be1d2412c7ba9e8d5ad32c	photo	CID22-512px	fast_deblock	on	690	77.001556	45.99
/home/lilith/work/codec-corpus/CID22/CID22-512/training/pexels-photo-1544724.png	small	64	64	1133a2ec4aebc96fb881186d5443128bd31bcb105569e87218883a9fd4ef7aad	photo	CID22-512px	complex_prediction_modes	on	1919	30.316946	189.15
/home/lilith/work/codec-corpus/CID22/CID22-512/training/pexels-photo-1544724.png	small	64	64	1133a2ec4aebc96fb881186d5443128bd31bcb105569e87218883a9fd4ef7aad	photo	CID22-512px	lrf	off	1921	74.321136	82.11
/home/lilith/work/codec-corpus/clic2025-1024/0c49a5cce349020bbba2f97ae41e90ba.png	large	1024	1024	0d13217e6a93999fd3f3b28796df8b3dd12522984644376de00915fa78d39b8c	photo	clic2025-1024px-resized	baseline	default	61793	75.430573	10298.18
/home/lilith/work/codec-corpus/CID22/CID22-512/training/pexels-photo-1544724.png	small	64	64	1133a2ec4aebc96fb881186d5443128bd31bcb105569e87218883a9fd4ef7aad	photo	CID22-512px	lrf	on	1929	74.310440	88.78
/home/lilith/work/codec-corpus/CID22/CID22-512/training/pexels-photo-1544724.png	small	64	64	1133a2ec4aebc96fb881186d5443128bd31bcb105569e87218883a9fd4ef7aad	photo	CID22-512px	fast_deblock	on	1921	74.332382	74.58
/home/lilith/work/codec-corpus/CID22/CID22-512/training/1454804.png	medium	256	256	064ca9083dbfd1b77147e03e38484ce5328bb65427be1d2412c7ba9e8d5ad32c	photo	CID22-512px	baseline	default	3197	79.380699	743.21
/home/lilith/work/codec-corpus/CID22/CID22-512/training/1454804.png	medium	256	256	064ca9083dbfd1b77147e03e38484ce5328bb65427be1d2412c7ba9e8d5ad32c	photo	CID22-512px	qm	off	3242	79.855659	606.36
/home/lilith/work/codec-corpus/CID22/CID22-512/training/pexels-photo-1544724.png	medium	256	256	1133a2ec4aebc96fb881186d5443128bd31bcb105569e87218883a9fd4ef7aad	photo	CID22-512px	baseline	default	13283	75.496704	1101.10
/home/lilith/work/codec-corpus/CID22/CID22-512/training/1454804.png	medium	256	256	064ca9083dbfd1b77147e03e38484ce5328bb65427be1d2412c7ba9e8d5ad32c	photo	CID22-512px	vaq	on_strength_1.0	3197	79.380699	636.88
/home/lilith/work/codec-corpus/clic2025/final-test/86127fbdb368eb28c3039cf61aff1c4cfdc4ade24070c8f2389968d5ead681e1.png	medium	1024	488	0361106edaa80377dd9892831f6aa0c75dd35a9ee7f5d3ebaaa3fc0dc8f5b56d	photo	clic2025-native	baseline	default	86116	71.886879	6914.60
/home/lilith/work/codec-corpus/CID22/CID22-512/training/pexels-photo-1544724.png	medium	256	256	1133a2ec4aebc96fb881186d5443128bd31bcb105569e87218883a9fd4ef7aad	photo	CID22-512px	qm	off	13961	75.829803	949.50
/home/lilith/work/codec-corpus/CID22/CID22-512/training/1454804.png	medium	256	256	064ca9083dbfd1b77147e03e38484ce5328bb65427be1d2412c7ba9e8d5ad32c	photo	CID22-512px	vaq_strength	0.5	3233	79.496147	554.40
/home/lilith/work/codec-corpus/CID22/CID22-512/training/1454804.png	medium	256	256	064ca9083dbfd1b77147e03e38484ce5328bb65427be1d2412c7ba9e8d5ad32c	photo	CID22-512px	vaq_strength	2.0	3097	79.047607	594.97
/home/lilith/work/codec-corpus/CID22/CID22-512/training/pexels-photo-1544724.png	medium	256	256	1133a2ec4aebc96fb881186d5443128bd31bcb105569e87218883a9fd4ef7aad	photo	CID22-512px	vaq	on_strength_1.0	13283	75.496704	947.83
/home/lilith/work/codec-corpus/CID22/CID22-512/training/1454804.png	medium	256	256	064ca9083dbfd1b77147e03e38484ce5328bb65427be1d2412c7ba9e8d5ad32c	photo	CID22-512px	vaq_strength	3.0	3127	78.753609	524.18
/home/lilith/work/codec-corpus/CID22/CID22-512/training/pexels-photo-1544724.png	medium	256	256	1133a2ec4aebc96fb881186d5443128bd31bcb105569e87218883a9fd4ef7aad	photo	CID22-512px	vaq_strength	0.5	13582	75.834686	934.71
/home/lilith/work/codec-corpus/CID22/CID22-512/training/1454804.png	medium	256	256	064ca9083dbfd1b77147e03e38484ce5328bb65427be1d2412c7ba9e8d5ad32c	photo	CID22-512px	tune_still	off	3197	79.310936	546.20
/home/lilith/work/codec-corpus/CID22/CID22-512/training/1454804.png	medium	256	256	064ca9083dbfd1b77147e03e38484ce5328bb65427be1d2412c7ba9e8d5ad32c	photo	CID22-512px	seg_boost	1.5	3120	79.260490	690.08
/home/lilith/work/codec-corpus/CID22/CID22-512/training/1454804.png	medium	256	256	064ca9083dbfd1b77147e03e38484ce5328bb65427be1d2412c7ba9e8d5ad32c	photo	CID22-512px	seg_boost	2.0	3097	79.047607	558.25
/home/lilith/work/codec-corpus/CID22/CID22-512/training/pexels-photo-1544724.png	medium	256	256	1133a2ec4aebc96fb881186d5443128bd31bcb105569e87218883a9fd4ef7aad	photo	CID22-512px	vaq_strength	2.0	12911	74.872574	1480.27
/home/lilith/work/codec-corpus/CID22/CID22-512/training/1454804.png	medium	256	256	064ca9083dbfd1b77147e03e38484ce5328bb65427be1d2412c7ba9e8d5ad32c	photo	CID22-512px	trellis	on	3170	79.605286	882.15
/home/lilith/work/codec-corpus/CID22/CID22-512/training/pexels-photo-1544724.png	medium	256	256	1133a2ec4aebc96fb881186d5443128bd31bcb105569e87218883a9fd4ef7aad	photo	CID22-512px	vaq_strength	3.0	12739	73.915192	1082.64
/home/lilith/work/codec-corpus/CID22/CID22-512/training/1454804.png	medium	256	256	064ca9083dbfd1b77147e03e38484ce5328bb65427be1d2412c7ba9e8d5ad32c	photo	CID22-512px	cdef	off	3197	79.380699	773.49
/home/lilith/work/codec-corpus/CID22/CID22-512/training/1454804.png	medium	256	256	064ca9083dbfd1b77147e03e38484ce5328bb65427be1d2412c7ba9e8d5ad32c	photo	CID22-512px	rdo_tx_decision	off	3378	78.899544	187.24
/home/lilith/work/codec-corpus/clic2025/final-test/86127fbdb368eb28c3039cf61aff1c4cfdc4ade24070c8f2389968d5ead681e1.png	medium	1024	488	0361106edaa80377dd9892831f6aa0c75dd35a9ee7f5d3ebaaa3fc0dc8f5b56d	photo	clic2025-native	qm	off	91015	73.346504	5808.19
/home/lilith/work/codec-corpus/CID22/CID22-512/training/pexels-photo-1544724.png	medium	256	256	1133a2ec4aebc96fb881186d5443128bd31bcb105569e87218883a9fd4ef7aad	photo	CID22-512px	tune_still	off	13283	75.374237	927.78
/home/lilith/work/codec-corpus/CID22/CID22-512/training/1454804.png	medium	256	256	064ca9083dbfd1b77147e03e38484ce5328bb65427be1d2412c7ba9e8d5ad32c	photo	CID22-512px	sgr_full	off	3197	79.380699	479.26
/home/lilith/work/codec-corpus/CID22/CID22-512/training/1454804.png	medium	256	256	064ca9083dbfd1b77147e03e38484ce5328bb65427be1d2412c7ba9e8d5ad32c	photo	CID22-512px	lru_on_skip	on	3197	79.380699	694.79
/home/lilith/work/codec-corpus/CID22/CID22-512/training/pexels-photo-1544724.png	medium	256	256	1133a2ec4aebc96fb881186d5443128bd31bcb105569e87218883a9fd4ef7aad	photo	CID22-512px	seg_boost	1.5	13078	75.502754	982.25
/home/lilith/work/codec-corpus/CID22/CID22-512/training/1454804.png	medium	256	256	064ca9083dbfd1b77147e03e38484ce5328bb65427be1d2412c7ba9e8d5ad32c	photo	CID22-512px	segmentation_complex	on	3036	79.137955	918.79
/home/lilith/work/codec-corpus/CID22/CID22-512/training/pexels-photo-1544724.png	medium	256	256	1133a2ec4aebc96fb881186d5443128bd31bcb105569e87218883a9fd4ef7aad	photo	CID22-512px	seg_boost	2.0	12911	74.872574	1056.91
/home/lilith/work/codec-corpus/clic2025-1024/0c49a5cce349020bbba2f97ae41e90ba.png	large	1024	1024	0d13217e6a93999fd3f3b28796df8b3dd12522984644376de00915fa78d39b8c	photo	clic2025-1024px-resized	qm	off	63605	75.514771	10421.27
/home/lilith/work/codec-corpus/CID22/CID22-512/training/1454804.png	medium	256	256	064ca9083dbfd1b77147e03e38484ce5328bb65427be1d2412c7ba9e8d5ad32c	photo	CID22-512px	encode_bottomup	on	3155	76.507126	799.15
/home/lilith/work/codec-corpus/CID22/CID22-512/training/1454804.png	medium	256	256	064ca9083dbfd1b77147e03e38484ce5328bb65427be1d2412c7ba9e8d5ad32c	photo	CID22-512px	partition_range	fine_4_16	3197	79.380699	685.94
/home/lilith/work/codec-corpus/CID22/CID22-512/training/pexels-photo-1544724.png	medium	256	256	1133a2ec4aebc96fb881186d5443128bd31bcb105569e87218883a9fd4ef7aad	photo	CID22-512px	trellis	on	13238	75.626633	1515.45
/home/lilith/work/codec-corpus/CID22/CID22-512/training/1454804.png	medium	256	256	064ca9083dbfd1b77147e03e38484ce5328bb65427be1d2412c7ba9e8d5ad32c	photo	CID22-512px	partition_range	coarse_16_64	3274	79.296326	744.97
/home/lilith/work/codec-corpus/CID22/CID22-512/training/pexels-photo-1544724.png	medium	256	256	1133a2ec4aebc96fb881186d5443128bd31bcb105569e87218883a9fd4ef7aad	photo	CID22-512px	cdef	off	13283	75.496704	1109.25
/home/lilith/work/codec-corpus/CID22/CID22-512/training/pexels-photo-1544724.png	medium	256	256	1133a2ec4aebc96fb881186d5443128bd31bcb105569e87218883a9fd4ef7aad	photo	CID22-512px	rdo_tx_decision	off	13606	75.678276	397.16
/home/lilith/work/codec-corpus/CID22/CID22-512/training/1454804.png	medium	256	256	064ca9083dbfd1b77147e03e38484ce5328bb65427be1d2412c7ba9e8d5ad32c	photo	CID22-512px	complex_prediction_modes	on	3155	-23.602304	1164.45
/home/lilith/work/codec-corpus/CID22/CID22-512/training/1454804.png	medium	256	256	064ca9083dbfd1b77147e03e38484ce5328bb65427be1d2412c7ba9e8d5ad32c	photo	CID22-512px	lrf	off	3197	79.380699	540.85
/home/lilith/work/codec-corpus/CID22/CID22-512/training/pexels-photo-1544724.png	medium	256	256	1133a2ec4aebc96fb881186d5443128bd31bcb105569e87218883a9fd4ef7aad	photo	CID22-512px	sgr_full	off	13283	75.496704	1048.90
/home/lilith/work/codec-corpus/clic2025/final-test/86127fbdb368eb28c3039cf61aff1c4cfdc4ade24070c8f2389968d5ead681e1.png	medium	1024	488	0361106edaa80377dd9892831f6aa0c75dd35a9ee7f5d3ebaaa3fc0dc8f5b56d	photo	clic2025-native	vaq	on_strength_1.0	86116	71.886879	6706.49
/home/lilith/work/codec-corpus/CID22/CID22-512/training/1454804.png	medium	256	256	064ca9083dbfd1b77147e03e38484ce5328bb65427be1d2412c7ba9e8d5ad32c	photo	CID22-512px	lrf	on	3235	79.350029	563.85
/home/lilith/work/codec-corpus/CID22/CID22-512/training/pexels-photo-1544724.png	medium	256	256	1133a2ec4aebc96fb881186d5443128bd31bcb105569e87218883a9fd4ef7aad	photo	CID22-512px	lru_on_skip	on	13283	75.496704	858.60
/home/lilith/work/codec-corpus/CID22/CID22-512/training/1454804.png	medium	256	256	064ca9083dbfd1b77147e03e38484ce5328bb65427be1d2412c7ba9e8d5ad32c	photo	CID22-512px	fast_deblock	on	3197	79.294670	475.93
/home/lilith/work/codec-corpus/CID22/CID22-512/training/1661950.png	small	64	64	0641a95c9d3641b791a2262a97895da215a523b5a0b8cb4f5634da5e573dbcd5	photo	CID22-512px	baseline	default	1181	74.582230	510897.65
/home/lilith/work/codec-corpus/CID22/CID22-512/training/1661950.png	small	64	64	0641a95c9d3641b791a2262a97895da215a523b5a0b8cb4f5634da5e573dbcd5	photo	CID22-512px	qm	off	1258	76.548431	38.96
/home/lilith/work/codec-corpus/CID22/CID22-512/training/1661950.png	small	64	64	0641a95c9d3641b791a2262a97895da215a523b5a0b8cb4f5634da5e573dbcd5	photo	CID22-512px	vaq	on_strength_1.0	1181	74.582230	82.35
/home/lilith/work/codec-corpus/CID22/CID22-512/training/1661950.png	small	64	64	0641a95c9d3641b791a2262a97895da215a523b5a0b8cb4f5634da5e573dbcd5	photo	CID22-512px	vaq_strength	0.5	1210	74.948448	91.84
/home/lilith/work/codec-corpus/CID22/CID22-512/training/1661950.png	small	64	64	0641a95c9d3641b791a2262a97895da215a523b5a0b8cb4f5634da5e573dbcd5	photo	CID22-512px	vaq_strength	2.0	1168	74.692322	86.50
/home/lilith/work/codec-corpus/CID22/CID22-512/training/1661950.png	small	64	64	0641a95c9d3641b791a2262a97895da215a523b5a0b8cb4f5634da5e573dbcd5	photo	CID22-512px	vaq_strength	3.0	1163	73.003914	49.91
/home/lilith/work/codec-corpus/CID22/CID22-512/training/1661950.png	small	64	64	0641a95c9d3641b791a2262a97895da215a523b5a0b8cb4f5634da5e573dbcd5	photo	CID22-512px	tune_still	off	1181	74.958908	75.35
/home/lilith/work/codec-corpus/CID22/CID22-512/training/1661950.png	small	64	64	0641a95c9d3641b791a2262a97895da215a523b5a0b8cb4f5634da5e573dbcd5	photo	CID22-512px	seg_boost	1.5	1170	75.637215	75.12
/home/lilith/work/codec-corpus/CID22/CID22-512/training/1661950.png	small	64	64	0641a95c9d3641b791a2262a97895da215a523b5a0b8cb4f5634da5e573dbcd5	photo	CID22-512px	seg_boost	2.0	1168	74.692322	86.54
/home/lilith/work/codec-corpus/CID22/CID22-512/training/1661950.png	small	64	64	0641a95c9d3641b791a2262a97895da215a523b5a0b8cb4f5634da5e573dbcd5	photo	CID22-512px	trellis	on	1182	74.740021	108.55
/home/lilith/work/codec-corpus/CID22/CID22-512/training/1661950.png	small	64	64	0641a95c9d3641b791a2262a97895da215a523b5a0b8cb4f5634da5e573dbcd5	photo	CID22-512px	cdef	off	1181	74.582230	45.82
/home/lilith/work/codec-corpus/CID22/CID22-512/training/pexels-photo-1544724.png	medium	256	256	1133a2ec4aebc96fb881186d5443128bd31bcb105569e87218883a9fd4ef7aad	photo	CID22-512px	segmentation_complex	on	12824	74.976448	1337.67
/home/lilith/work/codec-corpus/CID22/CID22-512/training/1661950.png	small	64	64	0641a95c9d3641b791a2262a97895da215a523b5a0b8cb4f5634da5e573dbcd5	photo	CID22-512px	rdo_tx_decision	off	1224	75.610748	40.08
/home/lilith/work/codec-corpus/CID22/CID22-512/training/1661950.png	small	64	64	0641a95c9d3641b791a2262a97895da215a523b5a0b8cb4f5634da5e573dbcd5	photo	CID22-512px	sgr_full	off	1181	74.582230	82.02
/home/lilith/work/codec-corpus/CID22/CID22-512/training/1661950.png	small	64	64	0641a95c9d3641b791a2262a97895da215a523b5a0b8cb4f5634da5e573dbcd5	photo	CID22-512px	lru_on_skip	on	1181	74.582230	94.27
/home/lilith/work/codec-corpus/CID22/CID22-512/training/1661950.png	small	64	64	0641a95c9d3641b791a2262a97895da215a523b5a0b8cb4f5634da5e573dbcd5	photo	CID22-512px	segmentation_complex	on	1166	74.517090	98.01
/home/lilith/work/codec-corpus/CID22/CID22-512/training/1661950.png	small	64	64	0641a95c9d3641b791a2262a97895da215a523b5a0b8cb4f5634da5e573dbcd5	photo	CID22-512px	encode_bottomup	on	1195	76.613739	70.09
/home/lilith/work/codec-corpus/CID22/CID22-512/training/1661950.png	small	64	64	0641a95c9d3641b791a2262a97895da215a523b5a0b8cb4f5634da5e573dbcd5	photo	CID22-512px	partition_range	fine_4_16	1181	74.582230	48.52
/home/lilith/work/codec-corpus/CID22/CID22-512/training/1661950.png	small	64	64	0641a95c9d3641b791a2262a97895da215a523b5a0b8cb4f5634da5e573dbcd5	photo	CID22-512px	partition_range	coarse_16_64	1222	75.203903	75.95
/home/lilith/work/codec-corpus/CID22/CID22-512/training/1661950.png	small	64	64	0641a95c9d3641b791a2262a97895da215a523b5a0b8cb4f5634da5e573dbcd5	photo	CID22-512px	complex_prediction_modes	on	1197	-24.572849	104.84
/home/lilith/work/codec-corpus/CID22/CID22-512/training/1661950.png	small	64	64	0641a95c9d3641b791a2262a97895da215a523b5a0b8cb4f5634da5e573dbcd5	photo	CID22-512px	lrf	off	1181	74.582230	64.85
/home/lilith/work/codec-corpus/CID22/CID22-512/training/1661950.png	small	64	64	0641a95c9d3641b791a2262a97895da215a523b5a0b8cb4f5634da5e573dbcd5	photo	CID22-512px	lrf	on	1184	74.747475	97.38
/home/lilith/work/codec-corpus/CID22/CID22-512/training/1661950.png	small	64	64	0641a95c9d3641b791a2262a97895da215a523b5a0b8cb4f5634da5e573dbcd5	photo	CID22-512px	fast_deblock	on	1181	74.458290	62.55
/home/lilith/work/codec-corpus/CID22/CID22-512/training/pexels-photo-1544724.png	medium	256	256	1133a2ec4aebc96fb881186d5443128bd31bcb105569e87218883a9fd4ef7aad	photo	CID22-512px	encode_bottomup	on	12921	62.554195	1483.99
/home/lilith/work/codec-corpus/CID22/CID22-512/training/1661950.png	medium	256	256	0641a95c9d3641b791a2262a97895da215a523b5a0b8cb4f5634da5e573dbcd5	photo	CID22-512px	baseline	default	10317	75.386238	855.66
/home/lilith/work/codec-corpus/CID22/CID22-512/training/pexels-photo-1544724.png	medium	256	256	1133a2ec4aebc96fb881186d5443128bd31bcb105569e87218883a9fd4ef7aad	photo	CID22-512px	partition_range	fine_4_16	13283	75.496704	1016.56
/home/lilith/work/codec-corpus/CID22/CID22-512/training/1661950.png	medium	256	256	0641a95c9d3641b791a2262a97895da215a523b5a0b8cb4f5634da5e573dbcd5	photo	CID22-512px	qm	off	10842	75.289162	546.83
/home/lilith/work/codec-corpus/CID22/CID22-512/training/1661950.png	medium	256	256	0641a95c9d3641b791a2262a97895da215a523b5a0b8cb4f5634da5e573dbcd5	photo	CID22-512px	vaq	on_strength_1.0	10317	75.386238	592.81
/home/lilith/work/codec-corpus/CID22/CID22-512/training/pexels-photo-1544724.png	medium	256	256	1133a2ec4aebc96fb881186d5443128bd31bcb105569e87218883a9fd4ef7aad	photo	CID22-512px	partition_range	coarse_16_64	14703	75.019966	1148.51
/home/lilith/work/codec-corpus/CID22/CID22-512/training/1661950.png	medium	256	256	0641a95c9d3641b791a2262a97895da215a523b5a0b8cb4f5634da5e573dbcd5	photo	CID22-512px	vaq_strength	0.5	10704	75.701752	588.57
/home/lilith/work/codec-corpus/clic2025-1024/0c49a5cce349020bbba2f97ae41e90ba.png	large	1024	1024	0d13217e6a93999fd3f3b28796df8b3dd12522984644376de00915fa78d39b8c	photo	clic2025-1024px-resized	vaq	on_strength_1.0	61793	75.430573	10066.40
/home/lilith/work/codec-corpus/CID22/CID22-512/training/1661950.png	medium	256	256	0641a95c9d3641b791a2262a97895da215a523b5a0b8cb4f5634da5e573dbcd5	photo	CID22-512px	vaq_strength	2.0	9566	74.061928	592.72
/home/lilith/work/codec-corpus/clic2025/final-test/86127fbdb368eb28c3039cf61aff1c4cfdc4ade24070c8f2389968d5ead681e1.png	medium	1024	488	0361106edaa80377dd9892831f6aa0c75dd35a9ee7f5d3ebaaa3fc0dc8f5b56d	photo	clic2025-native	vaq_strength	0.5	86550	72.587975	7102.35
/home/lilith/work/codec-corpus/CID22/CID22-512/training/1661950.png	medium	256	256	0641a95c9d3641b791a2262a97895da215a523b5a0b8cb4f5634da5e573dbcd5	photo	CID22-512px	vaq_strength	3.0	9217	72.881477	567.89
/home/lilith/work/codec-corpus/CID22/CID22-512/training/pexels-photo-1544724.png	medium	256	256	1133a2ec4aebc96fb881186d5443128bd31bcb105569e87218883a9fd4ef7aad	photo	CID22-512px	complex_prediction_modes	on	13131	42.468193	2054.66
/home/lilith/work/codec-corpus/CID22/CID22-512/training/1661950.png	medium	256	256	0641a95c9d3641b791a2262a97895da215a523b5a0b8cb4f5634da5e573dbcd5	photo	CID22-512px	tune_still	off	10317	75.286621	603.62
/home/lilith/work/codec-corpus/CID22/CID22-512/training/1661950.png	medium	256	256	0641a95c9d3641b791a2262a97895da215a523b5a0b8cb4f5634da5e573dbcd5	photo	CID22-512px	seg_boost	1.5	9973	74.918686	591.81
/home/lilith/work/codec-corpus/CID22/CID22-512/training/pexels-photo-1544724.png	medium	256	256	1133a2ec4aebc96fb881186d5443128bd31bcb105569e87218883a9fd4ef7aad	photo	CID22-512px	lrf	off	13283	75.496704	1150.18
/home/lilith/work/codec-corpus/CID22/CID22-512/training/1661950.png	medium	256	256	0641a95c9d3641b791a2262a97895da215a523b5a0b8cb4f5634da5e573dbcd5	photo	CID22-512px	seg_boost	2.0	9566	74.061928	702.17
/home/lilith/work/codec-corpus/CID22/CID22-512/training/pexels-photo-1544724.png	medium	256	256	1133a2ec4aebc96fb881186d5443128bd31bcb105569e87218883a9fd4ef7aad	photo	CID22-512px	lrf	on	13370	75.609932	867.16
/home/lilith/work/codec-corpus/CID22/CID22-512/training/1661950.png	medium	256	256	0641a95c9d3641b791a2262a97895da215a523b5a0b8cb4f5634da5e573dbcd5	photo	CID22-512px	trellis	on	10285	75.045975	1208.73
/home/lilith/work/codec-corpus/CID22/CID22-512/training/pexels-photo-1544724.png	medium	256	256	1133a2ec4aebc96fb881186d5443128bd31bcb105569e87218883a9fd4ef7aad	photo	CID22-512px	fast_deblock	on	13283	75.419807	1176.65
/home/lilith/work/codec-corpus/clic2025-1024/50d13125b665e0c4c1673264807bfc3cc7a217819329696843fea4c69aff8b91.png	small	64	64	1004ba77cab86bdbf351198617026039cbdbb826c25c32d4bc8bf0e7c7e8bb36	photo	clic2025-1024px-resized	baseline	default	700	81.220367	521410.14
/home/lilith/work/codec-corpus/CID22/CID22-512/training/1661950.png	medium	256	256	0641a95c9d3641b791a2262a97895da215a523b5a0b8cb4f5634da5e573dbcd5	photo	CID22-512px	cdef	off	10317	75.386238	731.41
/home/lilith/work/codec-corpus/clic2025-1024/50d13125b665e0c4c1673264807bfc3cc7a217819329696843fea4c69aff8b91.png	small	64	64	1004ba77cab86bdbf351198617026039cbdbb826c25c32d4bc8bf0e7c7e8bb36	photo	clic2025-1024px-resized	qm	off	705	78.782547	73.77
/home/lilith/work/codec-corpus/clic2025-1024/50d13125b665e0c4c1673264807bfc3cc7a217819329696843fea4c69aff8b91.png	small	64	64	1004ba77cab86bdbf351198617026039cbdbb826c25c32d4bc8bf0e7c7e8bb36	photo	clic2025-1024px-resized	vaq	on_strength_1.0	700	81.220367	70.74
/home/lilith/work/codec-corpus/CID22/CID22-512/training/1661950.png	medium	256	256	0641a95c9d3641b791a2262a97895da215a523b5a0b8cb4f5634da5e573dbcd5	photo	CID22-512px	rdo_tx_decision	off	10476	74.880127	224.09
/home/lilith/work/codec-corpus/clic2025-1024/50d13125b665e0c4c1673264807bfc3cc7a217819329696843fea4c69aff8b91.png	small	64	64	1004ba77cab86bdbf351198617026039cbdbb826c25c32d4bc8bf0e7c7e8bb36	photo	clic2025-1024px-resized	vaq_strength	0.5	713	79.454933	90.94
/home/lilith/work/codec-corpus/clic2025-1024/50d13125b665e0c4c1673264807bfc3cc7a217819329696843fea4c69aff8b91.png	small	64	64	1004ba77cab86bdbf351198617026039cbdbb826c25c32d4bc8bf0e7c7e8bb36	photo	clic2025-1024px-resized	vaq_strength	2.0	717	79.997154	58.16
/home/lilith/work/codec-corpus/clic2025-1024/50d13125b665e0c4c1673264807bfc3cc7a217819329696843fea4c69aff8b91.png	small	64	64	1004ba77cab86bdbf351198617026039cbdbb826c25c32d4bc8bf0e7c7e8bb36	photo	clic2025-1024px-resized	vaq_strength	3.0	699	78.778030	54.74
/home/lilith/work/codec-corpus/clic2025-1024/50d13125b665e0c4c1673264807bfc3cc7a217819329696843fea4c69aff8b91.png	small	64	64	1004ba77cab86bdbf351198617026039cbdbb826c25c32d4bc8bf0e7c7e8bb36	photo	clic2025-1024px-resized	tune_still	off	700	80.891937	94.90
/home/lilith/work/codec-corpus/clic2025-1024/50d13125b665e0c4c1673264807bfc3cc7a217819329696843fea4c69aff8b91.png	small	64	64	1004ba77cab86bdbf351198617026039cbdbb826c25c32d4bc8bf0e7c7e8bb36	photo	clic2025-1024px-resized	seg_boost	1.5	697	80.824677	106.54
/home/lilith/work/codec-corpus/clic2025-1024/50d13125b665e0c4c1673264807bfc3cc7a217819329696843fea4c69aff8b91.png	small	64	64	1004ba77cab86bdbf351198617026039cbdbb826c25c32d4bc8bf0e7c7e8bb36	photo	clic2025-1024px-resized	seg_boost	2.0	717	79.997154	87.84
/home/lilith/work/codec-corpus/CID22/CID22-512/training/1661950.png	medium	256	256	0641a95c9d3641b791a2262a97895da215a523b5a0b8cb4f5634da5e573dbcd5	photo	CID22-512px	sgr_full	off	10317	75.386238	644.57
/home/lilith/work/codec-corpus/clic2025-1024/50d13125b665e0c4c1673264807bfc3cc7a217819329696843fea4c69aff8b91.png	small	64	64	1004ba77cab86bdbf351198617026039cbdbb826c25c32d4bc8bf0e7c7e8bb36	photo	clic2025-1024px-resized	trellis	on	700	81.220367	164.82
/home/lilith/work/codec-corpus/clic2025-1024/50d13125b665e0c4c1673264807bfc3cc7a217819329696843fea4c69aff8b91.png	small	64	64	1004ba77cab86bdbf351198617026039cbdbb826c25c32d4bc8bf0e7c7e8bb36	photo	clic2025-1024px-resized	cdef	off	700	81.220367	53.06
/home/lilith/work/codec-corpus/clic2025-1024/50d13125b665e0c4c1673264807bfc3cc7a217819329696843fea4c69aff8b91.png	small	64	64	1004ba77cab86bdbf351198617026039cbdbb826c25c32d4bc8bf0e7c7e8bb36	photo	clic2025-1024px-resized	rdo_tx_decision	off	731	80.653336	42.60
/home/lilith/work/codec-corpus/clic2025-1024/50d13125b665e0c4c1673264807bfc3cc7a217819329696843fea4c69aff8b91.png	small	64	64	1004ba77cab86bdbf351198617026039cbdbb826c25c32d4bc8bf0e7c7e8bb36	photo	clic2025-1024px-resized	sgr_full	off	700	81.220367	84.34
/home/lilith/work/codec-corpus/CID22/CID22-512/training/1661950.png	medium	256	256	0641a95c9d3641b791a2262a97895da215a523b5a0b8cb4f5634da5e573dbcd5	photo	CID22-512px	lru_on_skip	on	10317	75.386238	624.89
/home/lilith/work/codec-corpus/clic2025-1024/50d13125b665e0c4c1673264807bfc3cc7a217819329696843fea4c69aff8b91.png	small	64	64	1004ba77cab86bdbf351198617026039cbdbb826c25c32d4bc8bf0e7c7e8bb36	photo	clic2025-1024px-resized	lru_on_skip	on	700	81.220367	105.81
/home/lilith/work/codec-corpus/clic2025-1024/50d13125b665e0c4c1673264807bfc3cc7a217819329696843fea4c69aff8b91.png	small	64	64	1004ba77cab86bdbf351198617026039cbdbb826c25c32d4bc8bf0e7c7e8bb36	photo	clic2025-1024px-resized	segmentation_complex	on	681	80.781532	131.11
/home/lilith/work/codec-corpus/clic2025-1024/50d13125b665e0c4c1673264807bfc3cc7a217819329696843fea4c69aff8b91.png	small	64	64	1004ba77cab86bdbf351198617026039cbdbb826c25c32d4bc8bf0e7c7e8bb36	photo	clic2025-1024px-resized	encode_bottomup	on	704	79.050507	124.27
/home/lilith/work/codec-corpus/clic2025-1024/50d13125b665e0c4c1673264807bfc3cc7a217819329696843fea4c69aff8b91.png	small	64	64	1004ba77cab86bdbf351198617026039cbdbb826c25c32d4bc8bf0e7c7e8bb36	photo	clic2025-1024px-resized	partition_range	fine_4_16	700	81.220367	51.24
/home/lilith/work/codec-corpus/clic2025-1024/50d13125b665e0c4c1673264807bfc3cc7a217819329696843fea4c69aff8b91.png	small	64	64	1004ba77cab86bdbf351198617026039cbdbb826c25c32d4bc8bf0e7c7e8bb36	photo	clic2025-1024px-resized	partition_range	coarse_16_64	761	78.582397	50.98
/home/lilith/work/codec-corpus/clic2025-1024/50d13125b665e0c4c1673264807bfc3cc7a217819329696843fea4c69aff8b91.png	small	64	64	1004ba77cab86bdbf351198617026039cbdbb826c25c32d4bc8bf0e7c7e8bb36	photo	clic2025-1024px-resized	complex_prediction_modes	on	700	62.428810	108.90
/home/lilith/work/codec-corpus/CID22/CID22-512/training/1661950.png	medium	256	256	0641a95c9d3641b791a2262a97895da215a523b5a0b8cb4f5634da5e573dbcd5	photo	CID22-512px	segmentation_complex	on	10120	74.577110	861.75
/home/lilith/work/codec-corpus/clic2025-1024/50d13125b665e0c4c1673264807bfc3cc7a217819329696843fea4c69aff8b91.png	small	64	64	1004ba77cab86bdbf351198617026039cbdbb826c25c32d4bc8bf0e7c7e8bb36	photo	clic2025-1024px-resized	lrf	off	700	81.220367	146.89
/home/lilith/work/codec-corpus/clic2025-1024/50d13125b665e0c4c1673264807bfc3cc7a217819329696843fea4c69aff8b91.png	small	64	64	1004ba77cab86bdbf351198617026039cbdbb826c25c32d4bc8bf0e7c7e8bb36	photo	clic2025-1024px-resized	lrf	on	710	81.354691	50.58
/home/lilith/work/codec-corpus/clic2025-1024/50d13125b665e0c4c1673264807bfc3cc7a217819329696843fea4c69aff8b91.png	small	64	64	1004ba77cab86bdbf351198617026039cbdbb826c25c32d4bc8bf0e7c7e8bb36	photo	clic2025-1024px-resized	fast_deblock	on	700	80.876732	56.59
/home/lilith/work/codec-corpus/clic2025/final-test/86127fbdb368eb28c3039cf61aff1c4cfdc4ade24070c8f2389968d5ead681e1.png	medium	1024	488	0361106edaa80377dd9892831f6aa0c75dd35a9ee7f5d3ebaaa3fc0dc8f5b56d	photo	clic2025-native	vaq_strength	2.0	84465	72.114655	6776.53
/home/lilith/work/codec-corpus/clic2025-1024/50d13125b665e0c4c1673264807bfc3cc7a217819329696843fea4c69aff8b91.png	medium	256	256	1004ba77cab86bdbf351198617026039cbdbb826c25c32d4bc8bf0e7c7e8bb36	photo	clic2025-1024px-resized	baseline	default	2487	82.391457	487.83
/home/lilith/work/codec-corpus/CID22/CID22-512/training/1661950.png	medium	256	256	0641a95c9d3641b791a2262a97895da215a523b5a0b8cb4f5634da5e573dbcd5	photo	CID22-512px	encode_bottomup	on	10296	73.894058	1092.66
/home/lilith/work/codec-corpus/clic2025-1024/50d13125b665e0c4c1673264807bfc3cc7a217819329696843fea4c69aff8b91.png	medium	256	256	1004ba77cab86bdbf351198617026039cbdbb826c25c32d4bc8bf0e7c7e8bb36	photo	clic2025-1024px-resized	qm	off	2576	82.187843	486.59
/home/lilith/work/codec-corpus/CID22/CID22-512/training/1661950.png	medium	256	256	0641a95c9d3641b791a2262a97895da215a523b5a0b8cb4f5634da5e573dbcd5	photo	CID22-512px	partition_range	fine_4_16	10317	75.386238	629.01
/home/lilith/work/codec-corpus/clic2025-1024/50d13125b665e0c4c1673264807bfc3cc7a217819329696843fea4c69aff8b91.png	medium	256	256	1004ba77cab86bdbf351198617026039cbdbb826c25c32d4bc8bf0e7c7e8bb36	photo	clic2025-1024px-resized	vaq	on_strength_1.0	2487	82.391457	480.81
/home/lilith/work/codec-corpus/clic2025-1024/50d13125b665e0c4c1673264807bfc3cc7a217819329696843fea4c69aff8b91.png	medium	256	256	1004ba77cab86bdbf351198617026039cbdbb826c25c32d4bc8bf0e7c7e8bb36	photo	clic2025-1024px-resized	vaq_strength	0.5	2609	82.451080	536.74
/home/lilith/work/codec-corpus/CID22/CID22-512/training/1661950.png	medium	256	256	0641a95c9d3641b791a2262a97895da215a523b5a0b8cb4f5634da5e573dbcd5	photo	CID22-512px	partition_range	coarse_16_64	10271	75.230164	708.76
/home/lilith/work/codec-corpus/clic2025-1024/50d13125b665e0c4c1673264807bfc3cc7a217819329696843fea4c69aff8b91.png	medium	256	256	1004ba77cab86bdbf351198617026039cbdbb826c25c32d4bc8bf0e7c7e8bb36	photo	clic2025-1024px-resized	vaq_strength	2.0	2324	81.041100	559.45
/home/lilith/work/codec-corpus/clic2025-1024/0c49a5cce349020bbba2f97ae41e90ba.png	large	1024	1024	0d13217e6a93999fd3f3b28796df8b3dd12522984644376de00915fa78d39b8c	photo	clic2025-1024px-resized	vaq_strength	0.5	64195	75.697746	10965.84
/home/lilith/work/codec-corpus/clic2025-1024/50d13125b665e0c4c1673264807bfc3cc7a217819329696843fea4c69aff8b91.png	medium	256	256	1004ba77cab86bdbf351198617026039cbdbb826c25c32d4bc8bf0e7c7e8bb36	photo	clic2025-1024px-resized	vaq_strength	3.0	2304	80.549118	585.18
/home/lilith/work/codec-corpus/CID22/CID22-512/training/1661950.png	medium	256	256	0641a95c9d3641b791a2262a97895da215a523b5a0b8cb4f5634da5e573dbcd5	photo	CID22-512px	complex_prediction_modes	on	10271	38.633934	1432.28
/home/lilith/work/codec-corpus/clic2025-1024/50d13125b665e0c4c1673264807bfc3cc7a217819329696843fea4c69aff8b91.png	medium	256	256	1004ba77cab86bdbf351198617026039cbdbb826c25c32d4bc8bf0e7c7e8bb36	photo	clic2025-1024px-resized	tune_still	off	2487	82.383377	574.76
/home/lilith/work/codec-corpus/CID22/CID22-512/training/1661950.png	medium	256	256	0641a95c9d3641b791a2262a97895da215a523b5a0b8cb4f5634da5e573dbcd5	photo	CID22-512px	lrf	off	10317	75.386238	652.81
/home/lilith/work/codec-corpus/clic2025-1024/50d13125b665e0c4c1673264807bfc3cc7a217819329696843fea4c69aff8b91.png	medium	256	256	1004ba77cab86bdbf351198617026039cbdbb826c25c32d4bc8bf0e7c7e8bb36	photo	clic2025-1024px-resized	seg_boost	1.5	2387	81.783012	459.05
/home/lilith/work/codec-corpus/CID22/CID22-512/training/1661950.png	medium	256	256	0641a95c9d3641b791a2262a97895da215a523b5a0b8cb4f5634da5e573dbcd5	photo	CID22-512px	lrf	on	10350	75.517174	573.21
/home/lilith/work/codec-corpus/clic2025-1024/50d13125b665e0c4c1673264807bfc3cc7a217819329696843fea4c69aff8b91.png	medium	256	256	1004ba77cab86bdbf351198617026039cbdbb826c25c32d4bc8bf0e7c7e8bb36	photo	clic2025-1024px-resized	seg_boost	2.0	2324	81.041100	439.45
/home/lilith/work/codec-corpus/CID22/CID22-512/training/1661950.png	medium	256	256	0641a95c9d3641b791a2262a97895da215a523b5a0b8cb4f5634da5e573dbcd5	photo	CID22-512px	fast_deblock	on	10317	75.327751	615.33
/home/lilith/work/codec-corpus/clic2025-1024/50d13125b665e0c4c1673264807bfc3cc7a217819329696843fea4c69aff8b91.png	medium	256	256	1004ba77cab86bdbf351198617026039cbdbb826c25c32d4bc8bf0e7c7e8bb36	photo	clic2025-1024px-resized	trellis	on	2507	82.197731	659.13
/home/lilith/work/codec-corpus/clic2025-1024/50d13125b665e0c4c1673264807bfc3cc7a217819329696843fea4c69aff8b91.png	medium	256	256	1004ba77cab86bdbf351198617026039cbdbb826c25c32d4bc8bf0e7c7e8bb36	photo	clic2025-1024px-resized	cdef	off	2487	82.391457	639.13
/home/lilith/work/codec-corpus/clic2025-1024/50d13125b665e0c4c1673264807bfc3cc7a217819329696843fea4c69aff8b91.png	medium	256	256	1004ba77cab86bdbf351198617026039cbdbb826c25c32d4bc8bf0e7c7e8bb36	photo	clic2025-1024px-resized	rdo_tx_decision	off	2624	81.411484	152.63
/home/lilith/work/codec-corpus/clic2025-1024/50d13125b665e0c4c1673264807bfc3cc7a217819329696843fea4c69aff8b91.png	medium	256	256	1004ba77cab86bdbf351198617026039cbdbb826c25c32d4bc8bf0e7c7e8bb36	photo	clic2025-1024px-resized	sgr_full	off	2487	82.391457	561.82
/home/lilith/work/codec-corpus/clic2025/final-test/86127fbdb368eb28c3039cf61aff1c4cfdc4ade24070c8f2389968d5ead681e1.png	medium	1024	488	0361106edaa80377dd9892831f6aa0c75dd35a9ee7f5d3ebaaa3fc0dc8f5b56d	photo	clic2025-native	vaq_strength	3.0	83787	71.089111	7376.56
/home/lilith/work/codec-corpus/clic2025-1024/50d13125b665e0c4c1673264807bfc3cc7a217819329696843fea4c69aff8b91.png	medium	256	256	1004ba77cab86bdbf351198617026039cbdbb826c25c32d4bc8bf0e7c7e8bb36	photo	clic2025-1024px-resized	lru_on_skip	on	2487	82.391457	378.28
/home/lilith/work/codec-corpus/clic2025-1024/50d13125b665e0c4c1673264807bfc3cc7a217819329696843fea4c69aff8b91.png	medium	256	256	1004ba77cab86bdbf351198617026039cbdbb826c25c32d4bc8bf0e7c7e8bb36	photo	clic2025-1024px-resized	segmentation_complex	on	2449	81.804207	858.71
/home/lilith/work/codec-corpus/clic2025-1024/50d13125b665e0c4c1673264807bfc3cc7a217819329696843fea4c69aff8b91.png	medium	256	256	1004ba77cab86bdbf351198617026039cbdbb826c25c32d4bc8bf0e7c7e8bb36	photo	clic2025-1024px-resized	encode_bottomup	on	2472	79.347954	562.58
/home/lilith/work/codec-corpus/clic2025-1024/50d13125b665e0c4c1673264807bfc3cc7a217819329696843fea4c69aff8b91.png	medium	256	256	1004ba77cab86bdbf351198617026039cbdbb826c25c32d4bc8bf0e7c7e8bb36	photo	clic2025-1024px-resized	partition_range	fine_4_16	2487	82.391457	495.44
/home/lilith/work/codec-corpus/clic2025-1024/50d13125b665e0c4c1673264807bfc3cc7a217819329696843fea4c69aff8b91.png	medium	256	256	1004ba77cab86bdbf351198617026039cbdbb826c25c32d4bc8bf0e7c7e8bb36	photo	clic2025-1024px-resized	partition_range	coarse_16_64	2649	81.247078	588.73
/home/lilith/work/codec-corpus/clic2025-1024/50d13125b665e0c4c1673264807bfc3cc7a217819329696843fea4c69aff8b91.png	medium	256	256	1004ba77cab86bdbf351198617026039cbdbb826c25c32d4bc8bf0e7c7e8bb36	photo	clic2025-1024px-resized	complex_prediction_modes	on	2486	-51.207485	908.52
/home/lilith/work/codec-corpus/clic2025-1024/50d13125b665e0c4c1673264807bfc3cc7a217819329696843fea4c69aff8b91.png	medium	256	256	1004ba77cab86bdbf351198617026039cbdbb826c25c32d4bc8bf0e7c7e8bb36	photo	clic2025-1024px-resized	lrf	off	2487	82.391457	456.66
/home/lilith/work/codec-corpus/clic2025-1024/50d13125b665e0c4c1673264807bfc3cc7a217819329696843fea4c69aff8b91.png	medium	256	256	1004ba77cab86bdbf351198617026039cbdbb826c25c32d4bc8bf0e7c7e8bb36	photo	clic2025-1024px-resized	lrf	on	2545	82.819565	511.26
/home/lilith/work/codec-corpus/clic2025-1024/50d13125b665e0c4c1673264807bfc3cc7a217819329696843fea4c69aff8b91.png	medium	256	256	1004ba77cab86bdbf351198617026039cbdbb826c25c32d4bc8bf0e7c7e8bb36	photo	clic2025-1024px-resized	fast_deblock	on	2487	82.324257	399.26
/home/lilith/work/codec-corpus/clic2025-1024/0c49a5cce349020bbba2f97ae41e90ba.png	large	1024	1024	0d13217e6a93999fd3f3b28796df8b3dd12522984644376de00915fa78d39b8c	photo	clic2025-1024px-resized	vaq_strength	2.0	59336	74.027252	10062.57
/home/lilith/work/codec-corpus/clic2025/final-test/86127fbdb368eb28c3039cf61aff1c4cfdc4ade24070c8f2389968d5ead681e1.png	medium	1024	488	0361106edaa80377dd9892831f6aa0c75dd35a9ee7f5d3ebaaa3fc0dc8f5b56d	photo	clic2025-native	tune_still	off	86116	71.855095	6651.26
/home/lilith/work/codec-corpus/clic2025-1024/50d13125b665e0c4c1673264807bfc3cc7a217819329696843fea4c69aff8b91.png	large	1024	1024	1004ba77cab86bdbf351198617026039cbdbb826c25c32d4bc8bf0e7c7e8bb36	photo	clic2025-1024px-resized	baseline	default	27695	82.079514	4414.39
/home/lilith/work/codec-corpus/clic2025/final-test/86127fbdb368eb28c3039cf61aff1c4cfdc4ade24070c8f2389968d5ead681e1.png	medium	1024	488	0361106edaa80377dd9892831f6aa0c75dd35a9ee7f5d3ebaaa3fc0dc8f5b56d	photo	clic2025-native	seg_boost	1.5	85125	71.940475	6413.23
/home/lilith/work/codec-corpus/clic2025-1024/50d13125b665e0c4c1673264807bfc3cc7a217819329696843fea4c69aff8b91.png	large	1024	1024	1004ba77cab86bdbf351198617026039cbdbb826c25c32d4bc8bf0e7c7e8bb36	photo	clic2025-1024px-resized	qm	off	29291	82.523888	4182.52
/home/lilith/work/codec-corpus/clic2025-1024/0c49a5cce349020bbba2f97ae41e90ba.png	large	1024	1024	0d13217e6a93999fd3f3b28796df8b3dd12522984644376de00915fa78d39b8c	photo	clic2025-1024px-resized	vaq_strength	3.0	60515	73.502342	9927.62
/home/lilith/work/codec-corpus/clic2025-1024/50d13125b665e0c4c1673264807bfc3cc7a217819329696843fea4c69aff8b91.png	large	1024	1024	1004ba77cab86bdbf351198617026039cbdbb826c25c32d4bc8bf0e7c7e8bb36	photo	clic2025-1024px-resized	vaq	on_strength_1.0	27695	82.079514	4159.07
/home/lilith/work/codec-corpus/clic2025/final-test/86127fbdb368eb28c3039cf61aff1c4cfdc4ade24070c8f2389968d5ead681e1.png	medium	1024	488	0361106edaa80377dd9892831f6aa0c75dd35a9ee7f5d3ebaaa3fc0dc8f5b56d	photo	clic2025-native	seg_boost	2.0	84465	72.114655	6431.13
/home/lilith/work/codec-corpus/clic2025-1024/50d13125b665e0c4c1673264807bfc3cc7a217819329696843fea4c69aff8b91.png	large	1024	1024	1004ba77cab86bdbf351198617026039cbdbb826c25c32d4bc8bf0e7c7e8bb36	photo	clic2025-1024px-resized	vaq_strength	0.5	29693	82.024864	4211.93
/home/lilith/work/codec-corpus/clic2025-1024/0c49a5cce349020bbba2f97ae41e90ba.png	large	1024	1024	0d13217e6a93999fd3f3b28796df8b3dd12522984644376de00915fa78d39b8c	photo	clic2025-1024px-resized	tune_still	off	61793	75.355026	10451.44
/home/lilith/work/codec-corpus/clic2025-1024/50d13125b665e0c4c1673264807bfc3cc7a217819329696843fea4c69aff8b91.png	large	1024	1024	1004ba77cab86bdbf351198617026039cbdbb826c25c32d4bc8bf0e7c7e8bb36	photo	clic2025-1024px-resized	vaq_strength	2.0	25665	80.817215	4944.08
/home/lilith/work/codec-corpus/clic2025/final-test/86127fbdb368eb28c3039cf61aff1c4cfdc4ade24070c8f2389968d5ead681e1.png	medium	1024	488	0361106edaa80377dd9892831f6aa0c75dd35a9ee7f5d3ebaaa3fc0dc8f5b56d	photo	clic2025-native	trellis	on	85985	71.910606	11726.96
/home/lilith/work/codec-corpus/clic2025-1024/50d13125b665e0c4c1673264807bfc3cc7a217819329696843fea4c69aff8b91.png	large	1024	1024	1004ba77cab86bdbf351198617026039cbdbb826c25c32d4bc8bf0e7c7e8bb36	photo	clic2025-1024px-resized	vaq_strength	3.0	23960	79.421783	4432.83
/home/lilith/work/codec-corpus/clic2025-1024/0c49a5cce349020bbba2f97ae41e90ba.png	large	1024	1024	0d13217e6a93999fd3f3b28796df8b3dd12522984644376de00915fa78d39b8c	photo	clic2025-1024px-resized	seg_boost	1.5	60519	74.998489	10224.52
/home/lilith/work/codec-corpus/clic2025-1024/50d13125b665e0c4c1673264807bfc3cc7a217819329696843fea4c69aff8b91.png	large	1024	1024	1004ba77cab86bdbf351198617026039cbdbb826c25c32d4bc8bf0e7c7e8bb36	photo	clic2025-1024px-resized	tune_still	off	27695	82.306183	4207.36
/home/lilith/work/codec-corpus/clic2025/final-test/86127fbdb368eb28c3039cf61aff1c4cfdc4ade24070c8f2389968d5ead681e1.png	medium	1024	488	0361106edaa80377dd9892831f6aa0c75dd35a9ee7f5d3ebaaa3fc0dc8f5b56d	photo	clic2025-native	cdef	off	86116	71.886879	6497.21
/home/lilith/work/codec-corpus/clic2025/final-test/86127fbdb368eb28c3039cf61aff1c4cfdc4ade24070c8f2389968d5ead681e1.png	medium	1024	488	0361106edaa80377dd9892831f6aa0c75dd35a9ee7f5d3ebaaa3fc0dc8f5b56d	photo	clic2025-native	rdo_tx_decision	off	88541	72.615402	2266.23
/home/lilith/work/codec-corpus/clic2025-1024/50d13125b665e0c4c1673264807bfc3cc7a217819329696843fea4c69aff8b91.png	large	1024	1024	1004ba77cab86bdbf351198617026039cbdbb826c25c32d4bc8bf0e7c7e8bb36	photo	clic2025-1024px-resized	seg_boost	1.5	26450	81.759567	4254.99
/home/lilith/work/codec-corpus/clic2025-1024/50d13125b665e0c4c1673264807bfc3cc7a217819329696843fea4c69aff8b91.png	large	1024	1024	1004ba77cab86bdbf351198617026039cbdbb826c25c32d4bc8bf0e7c7e8bb36	photo	clic2025-1024px-resized	seg_boost	2.0	25665	80.817215	4058.47
/home/lilith/work/codec-corpus/clic2025/final-test/86127fbdb368eb28c3039cf61aff1c4cfdc4ade24070c8f2389968d5ead681e1.png	medium	1024	488	0361106edaa80377dd9892831f6aa0c75dd35a9ee7f5d3ebaaa3fc0dc8f5b56d	photo	clic2025-native	sgr_full	off	86116	71.886879	6316.48
/home/lilith/work/codec-corpus/clic2025-1024/0c49a5cce349020bbba2f97ae41e90ba.png	large	1024	1024	0d13217e6a93999fd3f3b28796df8b3dd12522984644376de00915fa78d39b8c	photo	clic2025-1024px-resized	seg_boost	2.0	59336	74.027252	9799.96
/home/lilith/work/codec-corpus/clic2025-1024/50d13125b665e0c4c1673264807bfc3cc7a217819329696843fea4c69aff8b91.png	large	1024	1024	1004ba77cab86bdbf351198617026039cbdbb826c25c32d4bc8bf0e7c7e8bb36	photo	clic2025-1024px-resized	trellis	on	27618	82.315872	5080.72
/home/lilith/work/codec-corpus/clic2025/final-test/86127fbdb368eb28c3039cf61aff1c4cfdc4ade24070c8f2389968d5ead681e1.png	medium	1024	488	0361106edaa80377dd9892831f6aa0c75dd35a9ee7f5d3ebaaa3fc0dc8f5b56d	photo	clic2025-native	lru_on_skip	on	86116	71.886879	6444.41
/home/lilith/work/codec-corpus/clic2025-1024/50d13125b665e0c4c1673264807bfc3cc7a217819329696843fea4c69aff8b91.png	large	1024	1024	1004ba77cab86bdbf351198617026039cbdbb826c25c32d4bc8bf0e7c7e8bb36	photo	clic2025-1024px-resized	cdef	off	27695	82.079514	4220.62
/home/lilith/work/codec-corpus/clic2025-1024/50d13125b665e0c4c1673264807bfc3cc7a217819329696843fea4c69aff8b91.png	large	1024	1024	1004ba77cab86bdbf351198617026039cbdbb826c25c32d4bc8bf0e7c7e8bb36	photo	clic2025-1024px-resized	rdo_tx_decision	off	27573	81.944321	1417.53
/home/lilith/work/codec-corpus/clic2025-1024/0c49a5cce349020bbba2f97ae41e90ba.png	large	1024	1024	0d13217e6a93999fd3f3b28796df8b3dd12522984644376de00915fa78d39b8c	photo	clic2025-1024px-resized	trellis	on	61597	75.407845	14008.17
/home/lilith/work/codec-corpus/clic2025-1024/50d13125b665e0c4c1673264807bfc3cc7a217819329696843fea4c69aff8b91.png	large	1024	1024	1004ba77cab86bdbf351198617026039cbdbb826c25c32d4bc8bf0e7c7e8bb36	photo	clic2025-1024px-resized	sgr_full	off	27695	82.079514	3918.32
/home/lilith/work/codec-corpus/clic2025/final-test/86127fbdb368eb28c3039cf61aff1c4cfdc4ade24070c8f2389968d5ead681e1.png	medium	1024	488	0361106edaa80377dd9892831f6aa0c75dd35a9ee7f5d3ebaaa3fc0dc8f5b56d	photo	clic2025-native	segmentation_complex	on	82983	71.791634	8503.27
/home/lilith/work/codec-corpus/clic2025-1024/50d13125b665e0c4c1673264807bfc3cc7a217819329696843fea4c69aff8b91.png	large	1024	1024	1004ba77cab86bdbf351198617026039cbdbb826c25c32d4bc8bf0e7c7e8bb36	photo	clic2025-1024px-resized	lru_on_skip	on	27695	82.079514	3999.44
/home/lilith/work/codec-corpus/clic2025/final-test/86127fbdb368eb28c3039cf61aff1c4cfdc4ade24070c8f2389968d5ead681e1.png	medium	1024	488	0361106edaa80377dd9892831f6aa0c75dd35a9ee7f5d3ebaaa3fc0dc8f5b56d	photo	clic2025-native	encode_bottomup	on	85067	17.371662	8895.60
/home/lilith/work/codec-corpus/clic2025-1024/0c49a5cce349020bbba2f97ae41e90ba.png	large	1024	1024	0d13217e6a93999fd3f3b28796df8b3dd12522984644376de00915fa78d39b8c	photo	clic2025-1024px-resized	cdef	off	61793	75.430573	9931.92
/home/lilith/work/codec-corpus/clic2025-1024/50d13125b665e0c4c1673264807bfc3cc7a217819329696843fea4c69aff8b91.png	large	1024	1024	1004ba77cab86bdbf351198617026039cbdbb826c25c32d4bc8bf0e7c7e8bb36	photo	clic2025-1024px-resized	segmentation_complex	on	27019	81.956856	6952.28
/home/lilith/work/codec-corpus/clic2025-1024/0c49a5cce349020bbba2f97ae41e90ba.png	large	1024	1024	0d13217e6a93999fd3f3b28796df8b3dd12522984644376de00915fa78d39b8c	photo	clic2025-1024px-resized	rdo_tx_decision	off	64000	75.448723	3625.73
/home/lilith/work/codec-corpus/clic2025/final-test/86127fbdb368eb28c3039cf61aff1c4cfdc4ade24070c8f2389968d5ead681e1.png	medium	1024	488	0361106edaa80377dd9892831f6aa0c75dd35a9ee7f5d3ebaaa3fc0dc8f5b56d	photo	clic2025-native	partition_range	fine_4_16	86116	71.886879	6535.32
/home/lilith/work/codec-corpus/clic2025-1024/50d13125b665e0c4c1673264807bfc3cc7a217819329696843fea4c69aff8b91.png	large	1024	1024	1004ba77cab86bdbf351198617026039cbdbb826c25c32d4bc8bf0e7c7e8bb36	photo	clic2025-1024px-resized	encode_bottomup	on	28248	73.453125	5435.33
/home/lilith/work/codec-corpus/clic2025-1024/50d13125b665e0c4c1673264807bfc3cc7a217819329696843fea4c69aff8b91.png	large	1024	1024	1004ba77cab86bdbf351198617026039cbdbb826c25c32d4bc8bf0e7c7e8bb36	photo	clic2025-1024px-resized	partition_range	fine_4_16	27695	82.079514	4333.94
/home/lilith/work/codec-corpus/clic2025/final-test/86127fbdb368eb28c3039cf61aff1c4cfdc4ade24070c8f2389968d5ead681e1.png	medium	1024	488	0361106edaa80377dd9892831f6aa0c75dd35a9ee7f5d3ebaaa3fc0dc8f5b56d	photo	clic2025-native	partition_range	coarse_16_64	89842	72.477150	6035.90
/home/lilith/work/codec-corpus/clic2025-1024/0c49a5cce349020bbba2f97ae41e90ba.png	large	1024	1024	0d13217e6a93999fd3f3b28796df8b3dd12522984644376de00915fa78d39b8c	photo	clic2025-1024px-resized	sgr_full	off	61793	75.430573	9880.76
/home/lilith/work/codec-corpus/clic2025-1024/50d13125b665e0c4c1673264807bfc3cc7a217819329696843fea4c69aff8b91.png	large	1024	1024	1004ba77cab86bdbf351198617026039cbdbb826c25c32d4bc8bf0e7c7e8bb36	photo	clic2025-1024px-resized	partition_range	coarse_16_64	27283	81.609474	4406.93
/home/lilith/work/codec-corpus/clic2025-1024/0c49a5cce349020bbba2f97ae41e90ba.png	large	1024	1024	0d13217e6a93999fd3f3b28796df8b3dd12522984644376de00915fa78d39b8c	photo	clic2025-1024px-resized	lru_on_skip	on	61793	75.430573	9679.27
/home/lilith/work/codec-corpus/clic2025/final-test/86127fbdb368eb28c3039cf61aff1c4cfdc4ade24070c8f2389968d5ead681e1.png	medium	1024	488	0361106edaa80377dd9892831f6aa0c75dd35a9ee7f5d3ebaaa3fc0dc8f5b56d	photo	clic2025-native	complex_prediction_modes	on	85842	14.951130	15410.76
/home/lilith/work/codec-corpus/clic2025-1024/50d13125b665e0c4c1673264807bfc3cc7a217819329696843fea4c69aff8b91.png	large	1024	1024	1004ba77cab86bdbf351198617026039cbdbb826c25c32d4bc8bf0e7c7e8bb36	photo	clic2025-1024px-resized	complex_prediction_modes	on	27925	35.081779	11574.04
/home/lilith/work/codec-corpus/clic2025-1024/50d13125b665e0c4c1673264807bfc3cc7a217819329696843fea4c69aff8b91.png	large	1024	1024	1004ba77cab86bdbf351198617026039cbdbb826c25c32d4bc8bf0e7c7e8bb36	photo	clic2025-1024px-resized	lrf	off	27695	82.079514	3979.24
/home/lilith/work/codec-corpus/clic2025/final-test/86127fbdb368eb28c3039cf61aff1c4cfdc4ade24070c8f2389968d5ead681e1.png	medium	1024	488	0361106edaa80377dd9892831f6aa0c75dd35a9ee7f5d3ebaaa3fc0dc8f5b56d	photo	clic2025-native	lrf	off	86116	71.886879	5983.59
/home/lilith/work/codec-corpus/clic2025-1024/50d13125b665e0c4c1673264807bfc3cc7a217819329696843fea4c69aff8b91.png	large	1024	1024	1004ba77cab86bdbf351198617026039cbdbb826c25c32d4bc8bf0e7c7e8bb36	photo	clic2025-1024px-resized	lrf	on	27945	82.182182	4248.72
/home/lilith/work/codec-corpus/clic2025-1024/0c49a5cce349020bbba2f97ae41e90ba.png	large	1024	1024	0d13217e6a93999fd3f3b28796df8b3dd12522984644376de00915fa78d39b8c	photo	clic2025-1024px-resized	segmentation_complex	on	58140	74.189621	14645.11
/home/lilith/work/codec-corpus/clic2025/final-test/86127fbdb368eb28c3039cf61aff1c4cfdc4ade24070c8f2389968d5ead681e1.png	medium	1024	488	0361106edaa80377dd9892831f6aa0c75dd35a9ee7f5d3ebaaa3fc0dc8f5b56d	photo	clic2025-native	lrf	on	86432	72.139763	6227.88
/home/lilith/work/codec-corpus/clic2025-1024/50d13125b665e0c4c1673264807bfc3cc7a217819329696843fea4c69aff8b91.png	large	1024	1024	1004ba77cab86bdbf351198617026039cbdbb826c25c32d4bc8bf0e7c7e8bb36	photo	clic2025-1024px-resized	fast_deblock	on	27695	82.035576	3739.07
/home/lilith/work/codec-corpus/kadid10k/I63.png	tiny	64	48	0f47e28fd10ab01ca129fafefec9ac3efdd749d9be83d0b9d877054ee168ddfe	mixed	kadid10k-distortion-set	baseline	default	981	-41.674671	646438.03
/home/lilith/work/codec-corpus/kadid10k/I63.png	tiny	64	48	0f47e28fd10ab01ca129fafefec9ac3efdd749d9be83d0b9d877054ee168ddfe	mixed	kadid10k-distortion-set	qm	off	1019	-29.102560	80.39
/home/lilith/work/codec-corpus/kadid10k/I63.png	tiny	64	48	0f47e28fd10ab01ca129fafefec9ac3efdd749d9be83d0b9d877054ee168ddfe	mixed	kadid10k-distortion-set	vaq	on_strength_1.0	981	-41.674671	66.69
/home/lilith/work/codec-corpus/kadid10k/I63.png	tiny	64	48	0f47e28fd10ab01ca129fafefec9ac3efdd749d9be83d0b9d877054ee168ddfe	mixed	kadid10k-distortion-set	vaq_strength	0.5	982	-43.945629	89.19
/home/lilith/work/codec-corpus/kadid10k/I63.png	tiny	64	48	0f47e28fd10ab01ca129fafefec9ac3efdd749d9be83d0b9d877054ee168ddfe	mixed	kadid10k-distortion-set	vaq_strength	2.0	973	-37.658447	97.84
/home/lilith/work/codec-corpus/kadid10k/I63.png	tiny	64	48	0f47e28fd10ab01ca129fafefec9ac3efdd749d9be83d0b9d877054ee168ddfe	mixed	kadid10k-distortion-set	vaq_strength	3.0	977	-31.583677	93.22
/home/lilith/work/codec-corpus/kadid10k/I63.png	tiny	64	48	0f47e28fd10ab01ca129fafefec9ac3efdd749d9be83d0b9d877054ee168ddfe	mixed	kadid10k-distortion-set	tune_still	off	981	-37.322922	114.47
/home/lilith/work/codec-corpus/kadid10k/I63.png	tiny	64	48	0f47e28fd10ab01ca129fafefec9ac3efdd749d9be83d0b9d877054ee168ddfe	mixed	kadid10k-distortion-set	seg_boost	1.5	970	-41.924854	89.50
/home/lilith/work/codec-corpus/kadid10k/I63.png	tiny	64	48	0f47e28fd10ab01ca129fafefec9ac3efdd749d9be83d0b9d877054ee168ddfe	mixed	kadid10k-distortion-set	seg_boost	2.0	973	-37.658447	107.07
/home/lilith/work/codec-corpus/kadid10k/I63.png	tiny	64	48	0f47e28fd10ab01ca129fafefec9ac3efdd749d9be83d0b9d877054ee168ddfe	mixed	kadid10k-distortion-set	trellis	on	983	-39.787956	142.14
/home/lilith/work/codec-corpus/kadid10k/I63.png	tiny	64	48	0f47e28fd10ab01ca129fafefec9ac3efdd749d9be83d0b9d877054ee168ddfe	mixed	kadid10k-distortion-set	cdef	off	981	-41.674671	66.20
/home/lilith/work/codec-corpus/kadid10k/I63.png	tiny	64	48	0f47e28fd10ab01ca129fafefec9ac3efdd749d9be83d0b9d877054ee168ddfe	mixed	kadid10k-distortion-set	rdo_tx_decision	off	1007	-40.857170	26.47
/home/lilith/work/codec-corpus/kadid10k/I63.png	tiny	64	48	0f47e28fd10ab01ca129fafefec9ac3efdd749d9be83d0b9d877054ee168ddfe	mixed	kadid10k-distortion-set	sgr_full	off	981	-41.674671	65.09
/home/lilith/work/codec-corpus/kadid10k/I63.png	tiny	64	48	0f47e28fd10ab01ca129fafefec9ac3efdd749d9be83d0b9d877054ee168ddfe	mixed	kadid10k-distortion-set	lru_on_skip	on	981	-41.674671	65.53
/home/lilith/work/codec-corpus/kadid10k/I63.png	tiny	64	48	0f47e28fd10ab01ca129fafefec9ac3efdd749d9be83d0b9d877054ee168ddfe	mixed	kadid10k-distortion-set	segmentation_complex	on	964	-41.129208	96.54
/home/lilith/work/codec-corpus/kadid10k/I63.png	tiny	64	48	0f47e28fd10ab01ca129fafefec9ac3efdd749d9be83d0b9d877054ee168ddfe	mixed	kadid10k-distortion-set	encode_bottomup	on	981	-41.674671	89.34
/home/lilith/work/codec-corpus/kadid10k/I63.png	tiny	64	48	0f47e28fd10ab01ca129fafefec9ac3efdd749d9be83d0b9d877054ee168ddfe	mixed	kadid10k-distortion-set	partition_range	fine_4_16	981	-41.674671	98.10
/home/lilith/work/codec-corpus/kadid10k/I63.png	tiny	64	48	0f47e28fd10ab01ca129fafefec9ac3efdd749d9be83d0b9d877054ee168ddfe	mixed	kadid10k-distortion-set	partition_range	coarse_16_64	1013	-33.658108	56.06
/home/lilith/work/codec-corpus/kadid10k/I63.png	tiny	64	48	0f47e28fd10ab01ca129fafefec9ac3efdd749d9be83d0b9d877054ee168ddfe	mixed	kadid10k-distortion-set	complex_prediction_modes	on	979	-41.935020	249.94
/home/lilith/work/codec-corpus/kadid10k/I63.png	tiny	64	48	0f47e28fd10ab01ca129fafefec9ac3efdd749d9be83d0b9d877054ee168ddfe	mixed	kadid10k-distortion-set	lrf	off	981	-41.674671	79.04
/home/lilith/work/codec-corpus/kadid10k/I63.png	tiny	64	48	0f47e28fd10ab01ca129fafefec9ac3efdd749d9be83d0b9d877054ee168ddfe	mixed	kadid10k-distortion-set	lrf	on	984	-35.967449	78.57
/home/lilith/work/codec-corpus/kadid10k/I63.png	tiny	64	48	0f47e28fd10ab01ca129fafefec9ac3efdd749d9be83d0b9d877054ee168ddfe	mixed	kadid10k-distortion-set	fast_deblock	on	981	-41.681641	95.56
/home/lilith/work/codec-corpus/kadid10k/I63.png	small	256	192	0f47e28fd10ab01ca129fafefec9ac3efdd749d9be83d0b9d877054ee168ddfe	mixed	kadid10k-distortion-set	baseline	default	8750	74.535423	555.51
/home/lilith/work/codec-corpus/kadid10k/I63.png	small	256	192	0f47e28fd10ab01ca129fafefec9ac3efdd749d9be83d0b9d877054ee168ddfe	mixed	kadid10k-distortion-set	qm	off	9318	74.825043	731.60
/home/lilith/work/codec-corpus/kadid10k/I63.png	small	256	192	0f47e28fd10ab01ca129fafefec9ac3efdd749d9be83d0b9d877054ee168ddfe	mixed	kadid10k-distortion-set	vaq	on_strength_1.0	8750	74.535423	602.60
/home/lilith/work/codec-corpus/kadid10k/I63.png	small	256	192	0f47e28fd10ab01ca129fafefec9ac3efdd749d9be83d0b9d877054ee168ddfe	mixed	kadid10k-distortion-set	vaq_strength	0.5	8808	74.377457	639.76
/home/lilith/work/codec-corpus/clic2025/final-test/86127fbdb368eb28c3039cf61aff1c4cfdc4ade24070c8f2389968d5ead681e1.png	medium	1024	488	0361106edaa80377dd9892831f6aa0c75dd35a9ee7f5d3ebaaa3fc0dc8f5b56d	photo	clic2025-native	fast_deblock	on	86116	71.788979	6120.44
/home/lilith/work/codec-corpus/CID22/CID22-512/training/2062426.png	small	64	64	03414239b746eccc4dd13ecf3b8eb2990a05180c5b4ac47fe8f746b590c60d27	photo	CID22-512px	baseline	default	1024	77.737648	652149.28
/home/lilith/work/codec-corpus/CID22/CID22-512/training/2062426.png	small	64	64	03414239b746eccc4dd13ecf3b8eb2990a05180c5b4ac47fe8f746b590c60d27	photo	CID22-512px	qm	off	1063	78.381805	54.04
/home/lilith/work/codec-corpus/CID22/CID22-512/training/2062426.png	small	64	64	03414239b746eccc4dd13ecf3b8eb2990a05180c5b4ac47fe8f746b590c60d27	photo	CID22-512px	vaq	on_strength_1.0	1024	77.737648	60.25
/home/lilith/work/codec-corpus/CID22/CID22-512/training/2062426.png	small	64	64	03414239b746eccc4dd13ecf3b8eb2990a05180c5b4ac47fe8f746b590c60d27	photo	CID22-512px	vaq_strength	0.5	1021	76.848839	98.99
/home/lilith/work/codec-corpus/kadid10k/I63.png	small	256	192	0f47e28fd10ab01ca129fafefec9ac3efdd749d9be83d0b9d877054ee168ddfe	mixed	kadid10k-distortion-set	vaq_strength	2.0	8701	74.303291	646.74
/home/lilith/work/codec-corpus/CID22/CID22-512/training/2062426.png	small	64	64	03414239b746eccc4dd13ecf3b8eb2990a05180c5b4ac47fe8f746b590c60d27	photo	CID22-512px	vaq_strength	2.0	997	76.342667	113.21
/home/lilith/work/codec-corpus/CID22/CID22-512/training/2062426.png	small	64	64	03414239b746eccc4dd13ecf3b8eb2990a05180c5b4ac47fe8f746b590c60d27	photo	CID22-512px	vaq_strength	3.0	1015	75.385712	96.34
/home/lilith/work/codec-corpus/CID22/CID22-512/training/2062426.png	small	64	64	03414239b746eccc4dd13ecf3b8eb2990a05180c5b4ac47fe8f746b590c60d27	photo	CID22-512px	tune_still	off	1024	77.865028	51.63
/home/lilith/work/codec-corpus/CID22/CID22-512/training/2062426.png	small	64	64	03414239b746eccc4dd13ecf3b8eb2990a05180c5b4ac47fe8f746b590c60d27	photo	CID22-512px	seg_boost	1.5	1010	76.365974	56.28
/home/lilith/work/codec-corpus/CID22/CID22-512/training/2062426.png	small	64	64	03414239b746eccc4dd13ecf3b8eb2990a05180c5b4ac47fe8f746b590c60d27	photo	CID22-512px	seg_boost	2.0	997	76.342667	50.17
/home/lilith/work/codec-corpus/CID22/CID22-512/training/2062426.png	small	64	64	03414239b746eccc4dd13ecf3b8eb2990a05180c5b4ac47fe8f746b590c60d27	photo	CID22-512px	trellis	on	1012	76.966629	84.36
/home/lilith/work/codec-corpus/CID22/CID22-512/training/2062426.png	small	64	64	03414239b746eccc4dd13ecf3b8eb2990a05180c5b4ac47fe8f746b590c60d27	photo	CID22-512px	cdef	off	1024	77.737648	50.83
/home/lilith/work/codec-corpus/CID22/CID22-512/training/2062426.png	small	64	64	03414239b746eccc4dd13ecf3b8eb2990a05180c5b4ac47fe8f746b590c60d27	photo	CID22-512px	rdo_tx_decision	off	1049	75.804459	18.48
/home/lilith/work/codec-corpus/kadid10k/I63.png	small	256	192	0f47e28fd10ab01ca129fafefec9ac3efdd749d9be83d0b9d877054ee168ddfe	mixed	kadid10k-distortion-set	vaq_strength	3.0	8796	73.877426	644.23
/home/lilith/work/codec-corpus/CID22/CID22-512/training/2062426.png	small	64	64	03414239b746eccc4dd13ecf3b8eb2990a05180c5b4ac47fe8f746b590c60d27	photo	CID22-512px	sgr_full	off	1024	77.737648	70.17
/home/lilith/work/codec-corpus/CID22/CID22-512/training/2062426.png	small	64	64	03414239b746eccc4dd13ecf3b8eb2990a05180c5b4ac47fe8f746b590c60d27	photo	CID22-512px	lru_on_skip	on	1024	77.737648	55.59
/home/lilith/work/codec-corpus/CID22/CID22-512/training/2062426.png	small	64	64	03414239b746eccc4dd13ecf3b8eb2990a05180c5b4ac47fe8f746b590c60d27	photo	CID22-512px	segmentation_complex	on	993	76.509567	97.81
/home/lilith/work/codec-corpus/CID22/CID22-512/training/2062426.png	small	64	64	03414239b746eccc4dd13ecf3b8eb2990a05180c5b4ac47fe8f746b590c60d27	photo	CID22-512px	encode_bottomup	on	1011	64.442268	89.06
/home/lilith/work/codec-corpus/CID22/CID22-512/training/2062426.png	small	64	64	03414239b746eccc4dd13ecf3b8eb2990a05180c5b4ac47fe8f746b590c60d27	photo	CID22-512px	partition_range	fine_4_16	1024	77.737648	52.50
/home/lilith/work/codec-corpus/CID22/CID22-512/training/2062426.png	small	64	64	03414239b746eccc4dd13ecf3b8eb2990a05180c5b4ac47fe8f746b590c60d27	photo	CID22-512px	partition_range	coarse_16_64	1084	76.120789	56.77
/home/lilith/work/codec-corpus/kadid10k/I63.png	small	256	192	0f47e28fd10ab01ca129fafefec9ac3efdd749d9be83d0b9d877054ee168ddfe	mixed	kadid10k-distortion-set	tune_still	off	8750	74.518867	576.64
/home/lilith/work/codec-corpus/CID22/CID22-512/training/2062426.png	small	64	64	03414239b746eccc4dd13ecf3b8eb2990a05180c5b4ac47fe8f746b590c60d27	photo	CID22-512px	complex_prediction_modes	on	1021	69.095345	119.52
/home/lilith/work/codec-corpus/CID22/CID22-512/training/2062426.png	small	64	64	03414239b746eccc4dd13ecf3b8eb2990a05180c5b4ac47fe8f746b590c60d27	photo	CID22-512px	lrf	off	1024	77.737648	50.33
/home/lilith/work/codec-corpus/CID22/CID22-512/training/2062426.png	small	64	64	03414239b746eccc4dd13ecf3b8eb2990a05180c5b4ac47fe8f746b590c60d27	photo	CID22-512px	lrf	on	1030	77.844223	55.21
/home/lilith/work/codec-corpus/CID22/CID22-512/training/2062426.png	small	64	64	03414239b746eccc4dd13ecf3b8eb2990a05180c5b4ac47fe8f746b590c60d27	photo	CID22-512px	fast_deblock	on	1024	77.681473	67.91
/home/lilith/work/codec-corpus/kadid10k/I63.png	small	256	192	0f47e28fd10ab01ca129fafefec9ac3efdd749d9be83d0b9d877054ee168ddfe	mixed	kadid10k-distortion-set	seg_boost	1.5	8695	74.161118	634.56
/home/lilith/work/codec-corpus/CID22/CID22-512/training/2062426.png	medium	256	256	03414239b746eccc4dd13ecf3b8eb2990a05180c5b4ac47fe8f746b590c60d27	photo	CID22-512px	baseline	default	8000	75.228294	908.37
/home/lilith/work/codec-corpus/kadid10k/I63.png	small	256	192	0f47e28fd10ab01ca129fafefec9ac3efdd749d9be83d0b9d877054ee168ddfe	mixed	kadid10k-distortion-set	seg_boost	2.0	8701	74.303291	678.15
/home/lilith/work/codec-corpus/CID22/CID22-512/training/2062426.png	medium	256	256	03414239b746eccc4dd13ecf3b8eb2990a05180c5b4ac47fe8f746b590c60d27	photo	CID22-512px	qm	off	8469	75.036270	815.78
/home/lilith/work/codec-corpus/kadid10k/I63.png	small	256	192	0f47e28fd10ab01ca129fafefec9ac3efdd749d9be83d0b9d877054ee168ddfe	mixed	kadid10k-distortion-set	trellis	on	8788	74.498360	1007.92
/home/lilith/work/codec-corpus/kadid10k/I63.png	small	256	192	0f47e28fd10ab01ca129fafefec9ac3efdd749d9be83d0b9d877054ee168ddfe	mixed	kadid10k-distortion-set	cdef	off	8750	74.535423	594.58
/home/lilith/work/codec-corpus/CID22/CID22-512/training/2062426.png	medium	256	256	03414239b746eccc4dd13ecf3b8eb2990a05180c5b4ac47fe8f746b590c60d27	photo	CID22-512px	vaq	on_strength_1.0	8000	75.228294	893.70
/home/lilith/work/codec-corpus/kadid10k/I63.png	small	256	192	0f47e28fd10ab01ca129fafefec9ac3efdd749d9be83d0b9d877054ee168ddfe	mixed	kadid10k-distortion-set	rdo_tx_decision	off	8975	74.127296	201.16
/home/lilith/work/codec-corpus/clic2025-1024/0c49a5cce349020bbba2f97ae41e90ba.png	large	1024	1024	0d13217e6a93999fd3f3b28796df8b3dd12522984644376de00915fa78d39b8c	photo	clic2025-1024px-resized	encode_bottomup	on	61016	54.043842	13289.51
/home/lilith/work/codec-corpus/kadid10k/I63.png	small	256	192	0f47e28fd10ab01ca129fafefec9ac3efdd749d9be83d0b9d877054ee168ddfe	mixed	kadid10k-distortion-set	sgr_full	off	8750	74.535423	560.66
/home/lilith/work/codec-corpus/CID22/CID22-512/training/2062426.png	medium	256	256	03414239b746eccc4dd13ecf3b8eb2990a05180c5b4ac47fe8f746b590c60d27	photo	CID22-512px	vaq_strength	0.5	8151	74.948647	946.19
/home/lilith/work/codec-corpus/kadid10k/I63.png	small	256	192	0f47e28fd10ab01ca129fafefec9ac3efdd749d9be83d0b9d877054ee168ddfe	mixed	kadid10k-distortion-set	lru_on_skip	on	8750	74.535423	676.84
/home/lilith/work/codec-corpus/CID22/CID22-512/training/2062426.png	medium	256	256	03414239b746eccc4dd13ecf3b8eb2990a05180c5b4ac47fe8f746b590c60d27	photo	CID22-512px	vaq_strength	2.0	7960	74.243752	852.17
/home/lilith/work/codec-corpus/kadid10k/I63.png	small	256	192	0f47e28fd10ab01ca129fafefec9ac3efdd749d9be83d0b9d877054ee168ddfe	mixed	kadid10k-distortion-set	segmentation_complex	on	8488	73.482697	737.76
/home/lilith/work/codec-corpus/CID22/CID22-512/training/2062426.png	medium	256	256	03414239b746eccc4dd13ecf3b8eb2990a05180c5b4ac47fe8f746b590c60d27	photo	CID22-512px	vaq_strength	3.0	7869	73.294952	857.02
/home/lilith/work/codec-corpus/kadid10k/I63.png	small	256	192	0f47e28fd10ab01ca129fafefec9ac3efdd749d9be83d0b9d877054ee168ddfe	mixed	kadid10k-distortion-set	encode_bottomup	on	8669	61.143391	927.81
/home/lilith/work/codec-corpus/CID22/CID22-512/training/2062426.png	medium	256	256	03414239b746eccc4dd13ecf3b8eb2990a05180c5b4ac47fe8f746b590c60d27	photo	CID22-512px	tune_still	off	8000	75.166130	879.49
/home/lilith/work/codec-corpus/kadid10k/I63.png	small	256	192	0f47e28fd10ab01ca129fafefec9ac3efdd749d9be83d0b9d877054ee168ddfe	mixed	kadid10k-distortion-set	partition_range	fine_4_16	8750	74.535423	668.21
/home/lilith/work/codec-corpus/kadid10k/I63.png	small	256	192	0f47e28fd10ab01ca129fafefec9ac3efdd749d9be83d0b9d877054ee168ddfe	mixed	kadid10k-distortion-set	partition_range	coarse_16_64	9037	74.231430	599.97
/home/lilith/work/codec-corpus/CID22/CID22-512/training/2062426.png	medium	256	256	03414239b746eccc4dd13ecf3b8eb2990a05180c5b4ac47fe8f746b590c60d27	photo	CID22-512px	seg_boost	1.5	8010	75.066978	878.27
/home/lilith/work/codec-corpus/CID22/CID22-512/training/2062426.png	medium	256	256	03414239b746eccc4dd13ecf3b8eb2990a05180c5b4ac47fe8f746b590c60d27	photo	CID22-512px	seg_boost	2.0	7960	74.243752	834.27
/home/lilith/work/codec-corpus/kadid10k/I63.png	small	256	192	0f47e28fd10ab01ca129fafefec9ac3efdd749d9be83d0b9d877054ee168ddfe	mixed	kadid10k-distortion-set	complex_prediction_modes	on	8717	5.104499	1329.97
/home/lilith/work/codec-corpus/kadid10k/I63.png	small	256	192	0f47e28fd10ab01ca129fafefec9ac3efdd749d9be83d0b9d877054ee168ddfe	mixed	kadid10k-distortion-set	lrf	off	8750	74.535423	660.69
/home/lilith/work/codec-corpus/CID22/CID22-512/training/2062426.png	medium	256	256	03414239b746eccc4dd13ecf3b8eb2990a05180c5b4ac47fe8f746b590c60d27	photo	CID22-512px	trellis	on	8037	74.600227	1414.38
/home/lilith/work/codec-corpus/kadid10k/I63.png	small	256	192	0f47e28fd10ab01ca129fafefec9ac3efdd749d9be83d0b9d877054ee168ddfe	mixed	kadid10k-distortion-set	lrf	on	8787	74.510239	593.46
/home/lilith/work/codec-corpus/kadid10k/I63.png	small	256	192	0f47e28fd10ab01ca129fafefec9ac3efdd749d9be83d0b9d877054ee168ddfe	mixed	kadid10k-distortion-set	fast_deblock	on	8750	74.473991	578.87
/home/lilith/work/codec-corpus/CID22/CID22-512/training/2062426.png	medium	256	256	03414239b746eccc4dd13ecf3b8eb2990a05180c5b4ac47fe8f746b590c60d27	photo	CID22-512px	cdef	off	8000	75.228294	864.20
/home/lilith/work/codec-corpus/CID22/CID22-512/training/pexels-photo-1130297.png	small	64	64	0f35e280adbb008743b24d13eb0400b229aa1639c6cf66599078db017a08c7ae	photo	CID22-512px	baseline	default	1273	74.977379	665111.63
/home/lilith/work/codec-corpus/CID22/CID22-512/training/pexels-photo-1130297.png	small	64	64	0f35e280adbb008743b24d13eb0400b229aa1639c6cf66599078db017a08c7ae	photo	CID22-512px	qm	off	1338	74.485489	49.70
/home/lilith/work/codec-corpus/CID22/CID22-512/training/pexels-photo-1130297.png	small	64	64	0f35e280adbb008743b24d13eb0400b229aa1639c6cf66599078db017a08c7ae	photo	CID22-512px	vaq	on_strength_1.0	1273	74.977379	81.36
/home/lilith/work/codec-corpus/CID22/CID22-512/training/2062426.png	medium	256	256	03414239b746eccc4dd13ecf3b8eb2990a05180c5b4ac47fe8f746b590c60d27	photo	CID22-512px	rdo_tx_decision	off	8545	74.407127	339.61
/home/lilith/work/codec-corpus/CID22/CID22-512/training/pexels-photo-1130297.png	small	64	64	0f35e280adbb008743b24d13eb0400b229aa1639c6cf66599078db017a08c7ae	photo	CID22-512px	vaq_strength	0.5	1273	74.883003	50.21
/home/lilith/work/codec-corpus/CID22/CID22-512/training/pexels-photo-1130297.png	small	64	64	0f35e280adbb008743b24d13eb0400b229aa1639c6cf66599078db017a08c7ae	photo	CID22-512px	vaq_strength	2.0	1280	75.574036	63.53
/home/lilith/work/codec-corpus/CID22/CID22-512/training/pexels-photo-1130297.png	small	64	64	0f35e280adbb008743b24d13eb0400b229aa1639c6cf66599078db017a08c7ae	photo	CID22-512px	vaq_strength	3.0	1269	74.217323	87.71
/home/lilith/work/codec-corpus/CID22/CID22-512/training/pexels-photo-1130297.png	small	64	64	0f35e280adbb008743b24d13eb0400b229aa1639c6cf66599078db017a08c7ae	photo	CID22-512px	tune_still	off	1273	74.806343	46.24
/home/lilith/work/codec-corpus/CID22/CID22-512/training/pexels-photo-1130297.png	small	64	64	0f35e280adbb008743b24d13eb0400b229aa1639c6cf66599078db017a08c7ae	photo	CID22-512px	seg_boost	1.5	1289	75.804543	47.27
/home/lilith/work/codec-corpus/CID22/CID22-512/training/pexels-photo-1130297.png	small	64	64	0f35e280adbb008743b24d13eb0400b229aa1639c6cf66599078db017a08c7ae	photo	CID22-512px	seg_boost	2.0	1280	75.574036	49.18
/home/lilith/work/codec-corpus/CID22/CID22-512/training/pexels-photo-1130297.png	small	64	64	0f35e280adbb008743b24d13eb0400b229aa1639c6cf66599078db017a08c7ae	photo	CID22-512px	trellis	on	1276	74.906395	83.76
/home/lilith/work/codec-corpus/CID22/CID22-512/training/pexels-photo-1130297.png	small	64	64	0f35e280adbb008743b24d13eb0400b229aa1639c6cf66599078db017a08c7ae	photo	CID22-512px	cdef	off	1273	74.977379	44.33
/home/lilith/work/codec-corpus/CID22/CID22-512/training/pexels-photo-1130297.png	small	64	64	0f35e280adbb008743b24d13eb0400b229aa1639c6cf66599078db017a08c7ae	photo	CID22-512px	rdo_tx_decision	off	1306	74.476547	40.26
/home/lilith/work/codec-corpus/CID22/CID22-512/training/pexels-photo-1130297.png	small	64	64	0f35e280adbb008743b24d13eb0400b229aa1639c6cf66599078db017a08c7ae	photo	CID22-512px	sgr_full	off	1273	74.977379	78.04
/home/lilith/work/codec-corpus/CID22/CID22-512/training/pexels-photo-1130297.png	small	64	64	0f35e280adbb008743b24d13eb0400b229aa1639c6cf66599078db017a08c7ae	photo	CID22-512px	lru_on_skip	on	1273	74.977379	49.11
/home/lilith/work/codec-corpus/CID22/CID22-512/training/2062426.png	medium	256	256	03414239b746eccc4dd13ecf3b8eb2990a05180c5b4ac47fe8f746b590c60d27	photo	CID22-512px	sgr_full	off	8000	75.228294	967.25
/home/lilith/work/codec-corpus/CID22/CID22-512/training/pexels-photo-1130297.png	small	64	64	0f35e280adbb008743b24d13eb0400b229aa1639c6cf66599078db017a08c7ae	photo	CID22-512px	segmentation_complex	on	1265	74.296371	93.32
/home/lilith/work/codec-corpus/CID22/CID22-512/training/pexels-photo-1130297.png	small	64	64	0f35e280adbb008743b24d13eb0400b229aa1639c6cf66599078db017a08c7ae	photo	CID22-512px	encode_bottomup	on	1264	64.750824	111.85
/home/lilith/work/codec-corpus/CID22/CID22-512/training/pexels-photo-1130297.png	small	64	64	0f35e280adbb008743b24d13eb0400b229aa1639c6cf66599078db017a08c7ae	photo	CID22-512px	partition_range	fine_4_16	1273	74.977379	45.48
/home/lilith/work/codec-corpus/CID22/CID22-512/training/pexels-photo-1130297.png	small	64	64	0f35e280adbb008743b24d13eb0400b229aa1639c6cf66599078db017a08c7ae	photo	CID22-512px	partition_range	coarse_16_64	1293	73.795349	49.90
/home/lilith/work/codec-corpus/CID22/CID22-512/training/pexels-photo-1130297.png	small	64	64	0f35e280adbb008743b24d13eb0400b229aa1639c6cf66599078db017a08c7ae	photo	CID22-512px	complex_prediction_modes	on	1275	33.242004	136.64
/home/lilith/work/codec-corpus/CID22/CID22-512/training/pexels-photo-1130297.png	small	64	64	0f35e280adbb008743b24d13eb0400b229aa1639c6cf66599078db017a08c7ae	photo	CID22-512px	lrf	off	1273	74.977379	80.60
/home/lilith/work/codec-corpus/clic2025-1024/0c49a5cce349020bbba2f97ae41e90ba.png	large	1024	1024	0d13217e6a93999fd3f3b28796df8b3dd12522984644376de00915fa78d39b8c	photo	clic2025-1024px-resized	partition_range	fine_4_16	61793	75.430573	9642.66
/home/lilith/work/codec-corpus/CID22/CID22-512/training/pexels-photo-1130297.png	small	64	64	0f35e280adbb008743b24d13eb0400b229aa1639c6cf66599078db017a08c7ae	photo	CID22-512px	lrf	on	1278	75.069077	81.09
/home/lilith/work/codec-corpus/CID22/CID22-512/training/pexels-photo-1130297.png	small	64	64	0f35e280adbb008743b24d13eb0400b229aa1639c6cf66599078db017a08c7ae	photo	CID22-512px	fast_deblock	on	1273	74.673096	89.64
/home/lilith/work/codec-corpus/CID22/CID22-512/training/2062426.png	medium	256	256	03414239b746eccc4dd13ecf3b8eb2990a05180c5b4ac47fe8f746b590c60d27	photo	CID22-512px	lru_on_skip	on	8000	75.228294	1042.70
/home/lilith/work/codec-corpus/CID22/CID22-512/training/pexels-photo-1130297.png	medium	256	256	0f35e280adbb008743b24d13eb0400b229aa1639c6cf66599078db017a08c7ae	photo	CID22-512px	baseline	default	11417	75.394234	797.04
/home/lilith/work/codec-corpus/CID22/CID22-512/training/2062426.png	medium	256	256	03414239b746eccc4dd13ecf3b8eb2990a05180c5b4ac47fe8f746b590c60d27	photo	CID22-512px	segmentation_complex	on	7692	73.808517	1447.58
/home/lilith/work/codec-corpus/CID22/CID22-512/training/pexels-photo-1130297.png	medium	256	256	0f35e280adbb008743b24d13eb0400b229aa1639c6cf66599078db017a08c7ae	photo	CID22-512px	qm	off	12051	75.078758	740.22
/home/lilith/work/codec-corpus/CID22/CID22-512/training/pexels-photo-1130297.png	medium	256	256	0f35e280adbb008743b24d13eb0400b229aa1639c6cf66599078db017a08c7ae	photo	CID22-512px	vaq	on_strength_1.0	11417	75.394234	781.42
/home/lilith/work/codec-corpus/CID22/CID22-512/training/2062426.png	medium	256	256	03414239b746eccc4dd13ecf3b8eb2990a05180c5b4ac47fe8f746b590c60d27	photo	CID22-512px	encode_bottomup	on	7996	56.991844	1161.19
/home/lilith/work/codec-corpus/CID22/CID22-512/training/pexels-photo-1130297.png	medium	256	256	0f35e280adbb008743b24d13eb0400b229aa1639c6cf66599078db017a08c7ae	photo	CID22-512px	vaq_strength	0.5	11585	75.432098	858.01
/home/lilith/work/codec-corpus/CID22/CID22-512/training/2062426.png	medium	256	256	03414239b746eccc4dd13ecf3b8eb2990a05180c5b4ac47fe8f746b590c60d27	photo	CID22-512px	partition_range	fine_4_16	8000	75.228294	983.12
/home/lilith/work/codec-corpus/CID22/CID22-512/training/pexels-photo-1130297.png	medium	256	256	0f35e280adbb008743b24d13eb0400b229aa1639c6cf66599078db017a08c7ae	photo	CID22-512px	vaq_strength	2.0	11005	74.331528	799.58
/home/lilith/work/codec-corpus/CID22/CID22-512/training/2062426.png	medium	256	256	03414239b746eccc4dd13ecf3b8eb2990a05180c5b4ac47fe8f746b590c60d27	photo	CID22-512px	partition_range	coarse_16_64	8344	74.481041	1001.53
/home/lilith/work/codec-corpus/CID22/CID22-512/training/pexels-photo-1130297.png	medium	256	256	0f35e280adbb008743b24d13eb0400b229aa1639c6cf66599078db017a08c7ae	photo	CID22-512px	vaq_strength	3.0	10735	73.770668	790.92
/home/lilith/work/codec-corpus/CID22/CID22-512/training/pexels-photo-1130297.png	medium	256	256	0f35e280adbb008743b24d13eb0400b229aa1639c6cf66599078db017a08c7ae	photo	CID22-512px	tune_still	off	11417	75.428894	719.84
/home/lilith/work/codec-corpus/CID22/CID22-512/training/2062426.png	medium	256	256	03414239b746eccc4dd13ecf3b8eb2990a05180c5b4ac47fe8f746b590c60d27	photo	CID22-512px	complex_prediction_modes	on	8106	7.993808	1732.75
/home/lilith/work/codec-corpus/CID22/CID22-512/training/pexels-photo-1130297.png	medium	256	256	0f35e280adbb008743b24d13eb0400b229aa1639c6cf66599078db017a08c7ae	photo	CID22-512px	seg_boost	1.5	11216	74.908585	837.50
/home/lilith/work/codec-corpus/CID22/CID22-512/training/pexels-photo-1130297.png	medium	256	256	0f35e280adbb008743b24d13eb0400b229aa1639c6cf66599078db017a08c7ae	photo	CID22-512px	seg_boost	2.0	11005	74.331528	805.04
/home/lilith/work/codec-corpus/CID22/CID22-512/training/2062426.png	medium	256	256	03414239b746eccc4dd13ecf3b8eb2990a05180c5b4ac47fe8f746b590c60d27	photo	CID22-512px	lrf	off	8000	75.228294	942.52
/home/lilith/work/codec-corpus/CID22/CID22-512/training/2062426.png	medium	256	256	03414239b746eccc4dd13ecf3b8eb2990a05180c5b4ac47fe8f746b590c60d27	photo	CID22-512px	lrf	on	8041	75.627052	930.33
/home/lilith/work/codec-corpus/CID22/CID22-512/training/pexels-photo-1130297.png	medium	256	256	0f35e280adbb008743b24d13eb0400b229aa1639c6cf66599078db017a08c7ae	photo	CID22-512px	trellis	on	11448	75.421402	1419.64
/home/lilith/work/codec-corpus/CID22/CID22-512/training/2062426.png	medium	256	256	03414239b746eccc4dd13ecf3b8eb2990a05180c5b4ac47fe8f746b590c60d27	photo	CID22-512px	fast_deblock	on	8000	75.100716	896.58
/home/lilith/work/codec-corpus/CID22/CID22-512/validation/3316926.png	small	64	64	0042f4a201d0a38cce529ec612650b781becbd9c7f6fcc4dc28209352adcf5c5	photo	CID22-512px	baseline	default	1095	76.568367	677358.09
/home/lilith/work/codec-corpus/CID22/CID22-512/validation/3316926.png	small	64	64	0042f4a201d0a38cce529ec612650b781becbd9c7f6fcc4dc28209352adcf5c5	photo	CID22-512px	qm	off	1150	77.546242	50.35
/home/lilith/work/codec-corpus/CID22/CID22-512/validation/3316926.png	small	64	64	0042f4a201d0a38cce529ec612650b781becbd9c7f6fcc4dc28209352adcf5c5	photo	CID22-512px	vaq	on_strength_1.0	1095	76.568367	56.87
/home/lilith/work/codec-corpus/CID22/CID22-512/training/pexels-photo-1130297.png	medium	256	256	0f35e280adbb008743b24d13eb0400b229aa1639c6cf66599078db017a08c7ae	photo	CID22-512px	cdef	off	11417	75.394234	829.57
/home/lilith/work/codec-corpus/CID22/CID22-512/validation/3316926.png	small	64	64	0042f4a201d0a38cce529ec612650b781becbd9c7f6fcc4dc28209352adcf5c5	photo	CID22-512px	vaq_strength	0.5	1112	77.127579	71.18
/home/lilith/work/codec-corpus/CID22/CID22-512/validation/3316926.png	small	64	64	0042f4a201d0a38cce529ec612650b781becbd9c7f6fcc4dc28209352adcf5c5	photo	CID22-512px	vaq_strength	2.0	1089	76.906487	85.11
/home/lilith/work/codec-corpus/CID22/CID22-512/validation/3316926.png	small	64	64	0042f4a201d0a38cce529ec612650b781becbd9c7f6fcc4dc28209352adcf5c5	photo	CID22-512px	vaq_strength	3.0	1091	77.202919	52.66
/home/lilith/work/codec-corpus/CID22/CID22-512/training/pexels-photo-1130297.png	medium	256	256	0f35e280adbb008743b24d13eb0400b229aa1639c6cf66599078db017a08c7ae	photo	CID22-512px	rdo_tx_decision	off	11774	75.058746	263.66
/home/lilith/work/codec-corpus/CID22/CID22-512/validation/3316926.png	small	64	64	0042f4a201d0a38cce529ec612650b781becbd9c7f6fcc4dc28209352adcf5c5	photo	CID22-512px	tune_still	off	1095	76.527672	66.54
/home/lilith/work/codec-corpus/CID22/CID22-512/validation/3316926.png	small	64	64	0042f4a201d0a38cce529ec612650b781becbd9c7f6fcc4dc28209352adcf5c5	photo	CID22-512px	seg_boost	1.5	1088	77.167198	52.00
/home/lilith/work/codec-corpus/CID22/CID22-512/validation/3316926.png	small	64	64	0042f4a201d0a38cce529ec612650b781becbd9c7f6fcc4dc28209352adcf5c5	photo	CID22-512px	seg_boost	2.0	1089	76.906487	49.34
/home/lilith/work/codec-corpus/CID22/CID22-512/validation/3316926.png	small	64	64	0042f4a201d0a38cce529ec612650b781becbd9c7f6fcc4dc28209352adcf5c5	photo	CID22-512px	trellis	on	1095	76.807281	115.64
/home/lilith/work/codec-corpus/CID22/CID22-512/validation/3316926.png	small	64	64	0042f4a201d0a38cce529ec612650b781becbd9c7f6fcc4dc28209352adcf5c5	photo	CID22-512px	cdef	off	1095	76.568367	58.82
/home/lilith/work/codec-corpus/CID22/CID22-512/validation/3316926.png	small	64	64	0042f4a201d0a38cce529ec612650b781becbd9c7f6fcc4dc28209352adcf5c5	photo	CID22-512px	rdo_tx_decision	off	1124	76.456177	20.37
/home/lilith/work/codec-corpus/CID22/CID22-512/validation/3316926.png	small	64	64	0042f4a201d0a38cce529ec612650b781becbd9c7f6fcc4dc28209352adcf5c5	photo	CID22-512px	sgr_full	off	1095	76.568367	59.01
/home/lilith/work/codec-corpus/CID22/CID22-512/validation/3316926.png	small	64	64	0042f4a201d0a38cce529ec612650b781becbd9c7f6fcc4dc28209352adcf5c5	photo	CID22-512px	lru_on_skip	on	1095	76.568367	55.75
/home/lilith/work/codec-corpus/CID22/CID22-512/validation/3316926.png	small	64	64	0042f4a201d0a38cce529ec612650b781becbd9c7f6fcc4dc28209352adcf5c5	photo	CID22-512px	segmentation_complex	on	1089	77.279152	64.47
/home/lilith/work/codec-corpus/CID22/CID22-512/training/pexels-photo-1130297.png	medium	256	256	0f35e280adbb008743b24d13eb0400b229aa1639c6cf66599078db017a08c7ae	photo	CID22-512px	sgr_full	off	11417	75.394234	745.89
/home/lilith/work/codec-corpus/CID22/CID22-512/validation/3316926.png	small	64	64	0042f4a201d0a38cce529ec612650b781becbd9c7f6fcc4dc28209352adcf5c5	photo	CID22-512px	encode_bottomup	on	1090	77.527016	80.32
/home/lilith/work/codec-corpus/CID22/CID22-512/validation/3316926.png	small	64	64	0042f4a201d0a38cce529ec612650b781becbd9c7f6fcc4dc28209352adcf5c5	photo	CID22-512px	partition_range	fine_4_16	1095	76.568367	97.14
/home/lilith/work/codec-corpus/CID22/CID22-512/validation/3316926.png	small	64	64	0042f4a201d0a38cce529ec612650b781becbd9c7f6fcc4dc28209352adcf5c5	photo	CID22-512px	partition_range	coarse_16_64	1128	77.177597	52.57
/home/lilith/work/codec-corpus/CID22/CID22-512/validation/3316926.png	small	64	64	0042f4a201d0a38cce529ec612650b781becbd9c7f6fcc4dc28209352adcf5c5	photo	CID22-512px	complex_prediction_modes	on	1107	-1.840979	121.22
/home/lilith/work/codec-corpus/CID22/CID22-512/validation/3316926.png	small	64	64	0042f4a201d0a38cce529ec612650b781becbd9c7f6fcc4dc28209352adcf5c5	photo	CID22-512px	lrf	off	1095	76.568367	81.27
/home/lilith/work/codec-corpus/CID22/CID22-512/validation/3316926.png	small	64	64	0042f4a201d0a38cce529ec612650b781becbd9c7f6fcc4dc28209352adcf5c5	photo	CID22-512px	lrf	on	1100	76.257622	74.50
/home/lilith/work/codec-corpus/clic2025-1024/0c49a5cce349020bbba2f97ae41e90ba.png	large	1024	1024	0d13217e6a93999fd3f3b28796df8b3dd12522984644376de00915fa78d39b8c	photo	clic2025-1024px-resized	partition_range	coarse_16_64	68214	75.227905	11854.00
/home/lilith/work/codec-corpus/CID22/CID22-512/validation/3316926.png	small	64	64	0042f4a201d0a38cce529ec612650b781becbd9c7f6fcc4dc28209352adcf5c5	photo	CID22-512px	fast_deblock	on	1095	76.614685	97.99
/home/lilith/work/codec-corpus/CID22/CID22-512/training/pexels-photo-1130297.png	medium	256	256	0f35e280adbb008743b24d13eb0400b229aa1639c6cf66599078db017a08c7ae	photo	CID22-512px	lru_on_skip	on	11417	75.394234	791.60
/home/lilith/work/codec-corpus/CID22/CID22-512/validation/3316926.png	medium	256	256	0042f4a201d0a38cce529ec612650b781becbd9c7f6fcc4dc28209352adcf5c5	photo	CID22-512px	baseline	default	6575	78.139816	659.02
/home/lilith/work/codec-corpus/CID22/CID22-512/training/pexels-photo-1130297.png	medium	256	256	0f35e280adbb008743b24d13eb0400b229aa1639c6cf66599078db017a08c7ae	photo	CID22-512px	segmentation_complex	on	11127	74.902229	1122.77
/home/lilith/work/codec-corpus/CID22/CID22-512/validation/3316926.png	medium	256	256	0042f4a201d0a38cce529ec612650b781becbd9c7f6fcc4dc28209352adcf5c5	photo	CID22-512px	qm	off	6810	78.577888	618.97
/home/lilith/work/codec-corpus/CID22/CID22-512/validation/3316926.png	medium	256	256	0042f4a201d0a38cce529ec612650b781becbd9c7f6fcc4dc28209352adcf5c5	photo	CID22-512px	vaq	on_strength_1.0	6575	78.139816	660.75
/home/lilith/work/codec-corpus/CID22/CID22-512/training/pexels-photo-1130297.png	medium	256	256	0f35e280adbb008743b24d13eb0400b229aa1639c6cf66599078db017a08c7ae	photo	CID22-512px	encode_bottomup	on	11165	67.372253	1224.29
/home/lilith/work/codec-corpus/CID22/CID22-512/validation/3316926.png	medium	256	256	0042f4a201d0a38cce529ec612650b781becbd9c7f6fcc4dc28209352adcf5c5	photo	CID22-512px	vaq_strength	0.5	6696	78.832237	748.90
/home/lilith/work/codec-corpus/CID22/CID22-512/training/pexels-photo-1130297.png	medium	256	256	0f35e280adbb008743b24d13eb0400b229aa1639c6cf66599078db017a08c7ae	photo	CID22-512px	partition_range	fine_4_16	11417	75.394234	763.99
/home/lilith/work/codec-corpus/CID22/CID22-512/validation/3316926.png	medium	256	256	0042f4a201d0a38cce529ec612650b781becbd9c7f6fcc4dc28209352adcf5c5	photo	CID22-512px	vaq_strength	2.0	6222	77.822510	701.24
/home/lilith/work/codec-corpus/CID22/CID22-512/training/pexels-photo-1130297.png	medium	256	256	0f35e280adbb008743b24d13eb0400b229aa1639c6cf66599078db017a08c7ae	photo	CID22-512px	partition_range	coarse_16_64	11881	75.080696	848.15
/home/lilith/work/codec-corpus/CID22/CID22-512/validation/3316926.png	medium	256	256	0042f4a201d0a38cce529ec612650b781becbd9c7f6fcc4dc28209352adcf5c5	photo	CID22-512px	vaq_strength	3.0	6165	76.362900	740.69
/home/lilith/work/codec-corpus/CID22/CID22-512/validation/3316926.png	medium	256	256	0042f4a201d0a38cce529ec612650b781becbd9c7f6fcc4dc28209352adcf5c5	photo	CID22-512px	tune_still	off	6575	78.186073	687.61
/home/lilith/work/codec-corpus/CID22/CID22-512/validation/3316926.png	medium	256	256	0042f4a201d0a38cce529ec612650b781becbd9c7f6fcc4dc28209352adcf5c5	photo	CID22-512px	seg_boost	1.5	6394	78.188309	665.10
/home/lilith/work/codec-corpus/CID22/CID22-512/training/pexels-photo-1130297.png	medium	256	256	0f35e280adbb008743b24d13eb0400b229aa1639c6cf66599078db017a08c7ae	photo	CID22-512px	complex_prediction_modes	on	11351	34.159901	1871.75
/home/lilith/work/codec-corpus/CID22/CID22-512/validation/3316926.png	medium	256	256	0042f4a201d0a38cce529ec612650b781becbd9c7f6fcc4dc28209352adcf5c5	photo	CID22-512px	seg_boost	2.0	6222	77.822510	671.85
/home/lilith/work/codec-corpus/CID22/CID22-512/training/pexels-photo-1130297.png	medium	256	256	0f35e280adbb008743b24d13eb0400b229aa1639c6cf66599078db017a08c7ae	photo	CID22-512px	lrf	off	11417	75.394234	749.01
/home/lilith/work/codec-corpus/CID22/CID22-512/training/pexels-photo-1130297.png	medium	256	256	0f35e280adbb008743b24d13eb0400b229aa1639c6cf66599078db017a08c7ae	photo	CID22-512px	lrf	on	11470	75.575905	751.48
/home/lilith/work/codec-corpus/CID22/CID22-512/validation/3316926.png	medium	256	256	0042f4a201d0a38cce529ec612650b781becbd9c7f6fcc4dc28209352adcf5c5	photo	CID22-512px	trellis	on	6554	78.654137	1094.54
/home/lilith/work/codec-corpus/CID22/CID22-512/training/pexels-photo-1130297.png	medium	256	256	0f35e280adbb008743b24d13eb0400b229aa1639c6cf66599078db017a08c7ae	photo	CID22-512px	fast_deblock	on	11417	75.364563	712.64
/home/lilith/work/codec-corpus/CID22/CID22-512/training/1545529.png	small	64	64	0f247f2be3de720839248db3928bf5ff007092f2c1c6dc1c9d42d22972783bc1	photo	CID22-512px	baseline	default	943	79.207382	688058.54
/home/lilith/work/codec-corpus/CID22/CID22-512/validation/3316926.png	medium	256	256	0042f4a201d0a38cce529ec612650b781becbd9c7f6fcc4dc28209352adcf5c5	photo	CID22-512px	cdef	off	6575	78.139816	682.47
/home/lilith/work/codec-corpus/CID22/CID22-512/training/1545529.png	small	64	64	0f247f2be3de720839248db3928bf5ff007092f2c1c6dc1c9d42d22972783bc1	photo	CID22-512px	qm	off	961	78.338242	44.37
/home/lilith/work/codec-corpus/CID22/CID22-512/training/1545529.png	small	64	64	0f247f2be3de720839248db3928bf5ff007092f2c1c6dc1c9d42d22972783bc1	photo	CID22-512px	vaq	on_strength_1.0	943	79.207382	65.65
/home/lilith/work/codec-corpus/CID22/CID22-512/training/1545529.png	small	64	64	0f247f2be3de720839248db3928bf5ff007092f2c1c6dc1c9d42d22972783bc1	photo	CID22-512px	vaq_strength	0.5	961	79.879089	48.58
/home/lilith/work/codec-corpus/CID22/CID22-512/training/1545529.png	small	64	64	0f247f2be3de720839248db3928bf5ff007092f2c1c6dc1c9d42d22972783bc1	photo	CID22-512px	vaq_strength	2.0	884	77.555809	56.35
/home/lilith/work/codec-corpus/CID22/CID22-512/validation/3316926.png	medium	256	256	0042f4a201d0a38cce529ec612650b781becbd9c7f6fcc4dc28209352adcf5c5	photo	CID22-512px	rdo_tx_decision	off	6870	78.267258	282.00
/home/lilith/work/codec-corpus/CID22/CID22-512/training/1545529.png	small	64	64	0f247f2be3de720839248db3928bf5ff007092f2c1c6dc1c9d42d22972783bc1	photo	CID22-512px	vaq_strength	3.0	881	76.652657	40.43
/home/lilith/work/codec-corpus/CID22/CID22-512/training/1545529.png	small	64	64	0f247f2be3de720839248db3928bf5ff007092f2c1c6dc1c9d42d22972783bc1	photo	CID22-512px	tune_still	off	943	79.195267	49.73
/home/lilith/work/codec-corpus/CID22/CID22-512/training/1545529.png	small	64	64	0f247f2be3de720839248db3928bf5ff007092f2c1c6dc1c9d42d22972783bc1	photo	CID22-512px	seg_boost	1.5	916	79.278343	55.03
/home/lilith/work/codec-corpus/CID22/CID22-512/training/1545529.png	small	64	64	0f247f2be3de720839248db3928bf5ff007092f2c1c6dc1c9d42d22972783bc1	photo	CID22-512px	seg_boost	2.0	884	77.555809	83.72
/home/lilith/work/codec-corpus/CID22/CID22-512/training/1545529.png	small	64	64	0f247f2be3de720839248db3928bf5ff007092f2c1c6dc1c9d42d22972783bc1	photo	CID22-512px	trellis	on	942	79.434471	100.17
/home/lilith/work/codec-corpus/CID22/CID22-512/training/1545529.png	small	64	64	0f247f2be3de720839248db3928bf5ff007092f2c1c6dc1c9d42d22972783bc1	photo	CID22-512px	cdef	off	943	79.207382	41.73
/home/lilith/work/codec-corpus/CID22/CID22-512/training/1545529.png	small	64	64	0f247f2be3de720839248db3928bf5ff007092f2c1c6dc1c9d42d22972783bc1	photo	CID22-512px	rdo_tx_decision	off	968	78.999084	26.56
/home/lilith/work/codec-corpus/CID22/CID22-512/training/1545529.png	small	64	64	0f247f2be3de720839248db3928bf5ff007092f2c1c6dc1c9d42d22972783bc1	photo	CID22-512px	sgr_full	off	943	79.207382	62.32
/home/lilith/work/codec-corpus/CID22/CID22-512/training/1545529.png	small	64	64	0f247f2be3de720839248db3928bf5ff007092f2c1c6dc1c9d42d22972783bc1	photo	CID22-512px	lru_on_skip	on	943	79.207382	69.34
/home/lilith/work/codec-corpus/CID22/CID22-512/validation/3316926.png	medium	256	256	0042f4a201d0a38cce529ec612650b781becbd9c7f6fcc4dc28209352adcf5c5	photo	CID22-512px	sgr_full	off	6575	78.139816	745.93
/home/lilith/work/codec-corpus/CID22/CID22-512/training/1545529.png	small	64	64	0f247f2be3de720839248db3928bf5ff007092f2c1c6dc1c9d42d22972783bc1	photo	CID22-512px	segmentation_complex	on	912	78.275146	76.55
/home/lilith/work/codec-corpus/CID22/CID22-512/training/1545529.png	small	64	64	0f247f2be3de720839248db3928bf5ff007092f2c1c6dc1c9d42d22972783bc1	photo	CID22-512px	encode_bottomup	on	908	74.435661	62.33
/home/lilith/work/codec-corpus/CID22/CID22-512/training/1545529.png	small	64	64	0f247f2be3de720839248db3928bf5ff007092f2c1c6dc1c9d42d22972783bc1	photo	CID22-512px	partition_range	fine_4_16	943	79.207382	64.70
/home/lilith/work/codec-corpus/CID22/CID22-512/training/1545529.png	small	64	64	0f247f2be3de720839248db3928bf5ff007092f2c1c6dc1c9d42d22972783bc1	photo	CID22-512px	partition_range	coarse_16_64	991	78.088531	61.31
/home/lilith/work/codec-corpus/CID22/CID22-512/training/1545529.png	small	64	64	0f247f2be3de720839248db3928bf5ff007092f2c1c6dc1c9d42d22972783bc1	photo	CID22-512px	complex_prediction_modes	on	931	61.329666	112.76
/home/lilith/work/codec-corpus/CID22/CID22-512/training/1545529.png	small	64	64	0f247f2be3de720839248db3928bf5ff007092f2c1c6dc1c9d42d22972783bc1	photo	CID22-512px	lrf	off	943	79.207382	41.84
/home/lilith/work/codec-corpus/CID22/CID22-512/training/1545529.png	small	64	64	0f247f2be3de720839248db3928bf5ff007092f2c1c6dc1c9d42d22972783bc1	photo	CID22-512px	lrf	on	947	79.400558	49.09
/home/lilith/work/codec-corpus/CID22/CID22-512/training/1545529.png	small	64	64	0f247f2be3de720839248db3928bf5ff007092f2c1c6dc1c9d42d22972783bc1	photo	CID22-512px	fast_deblock	on	943	79.197197	64.36
/home/lilith/work/codec-corpus/CID22/CID22-512/validation/3316926.png	medium	256	256	0042f4a201d0a38cce529ec612650b781becbd9c7f6fcc4dc28209352adcf5c5	photo	CID22-512px	lru_on_skip	on	6575	78.139816	771.76
/home/lilith/work/codec-corpus/CID22/CID22-512/training/1545529.png	medium	256	256	0f247f2be3de720839248db3928bf5ff007092f2c1c6dc1c9d42d22972783bc1	photo	CID22-512px	baseline	default	4685	79.306984	547.70
/home/lilith/work/codec-corpus/CID22/CID22-512/training/1545529.png	medium	256	256	0f247f2be3de720839248db3928bf5ff007092f2c1c6dc1c9d42d22972783bc1	photo	CID22-512px	qm	off	4774	79.426949	525.63
/home/lilith/work/codec-corpus/CID22/CID22-512/validation/3316926.png	medium	256	256	0042f4a201d0a38cce529ec612650b781becbd9c7f6fcc4dc28209352adcf5c5	photo	CID22-512px	segmentation_complex	on	6372	77.747345	1160.37
/home/lilith/work/codec-corpus/CID22/CID22-512/training/1545529.png	medium	256	256	0f247f2be3de720839248db3928bf5ff007092f2c1c6dc1c9d42d22972783bc1	photo	CID22-512px	vaq	on_strength_1.0	4685	79.306984	534.24
/home/lilith/work/codec-corpus/CID22/CID22-512/validation/3316926.png	medium	256	256	0042f4a201d0a38cce529ec612650b781becbd9c7f6fcc4dc28209352adcf5c5	photo	CID22-512px	encode_bottomup	on	6409	67.943886	991.92
/home/lilith/work/codec-corpus/CID22/CID22-512/training/1545529.png	medium	256	256	0f247f2be3de720839248db3928bf5ff007092f2c1c6dc1c9d42d22972783bc1	photo	CID22-512px	vaq_strength	0.5	4861	80.086121	525.24
/home/lilith/work/codec-corpus/CID22/CID22-512/training/1545529.png	medium	256	256	0f247f2be3de720839248db3928bf5ff007092f2c1c6dc1c9d42d22972783bc1	photo	CID22-512px	vaq_strength	2.0	4387	78.442162	497.90
/home/lilith/work/codec-corpus/CID22/CID22-512/validation/3316926.png	medium	256	256	0042f4a201d0a38cce529ec612650b781becbd9c7f6fcc4dc28209352adcf5c5	photo	CID22-512px	partition_range	fine_4_16	6575	78.139816	682.70
/home/lilith/work/codec-corpus/CID22/CID22-512/training/1545529.png	medium	256	256	0f247f2be3de720839248db3928bf5ff007092f2c1c6dc1c9d42d22972783bc1	photo	CID22-512px	vaq_strength	3.0	4582	78.013084	481.83
/home/lilith/work/codec-corpus/CID22/CID22-512/validation/3316926.png	medium	256	256	0042f4a201d0a38cce529ec612650b781becbd9c7f6fcc4dc28209352adcf5c5	photo	CID22-512px	partition_range	coarse_16_64	6993	78.058044	790.59
/home/lilith/work/codec-corpus/CID22/CID22-512/training/1545529.png	medium	256	256	0f247f2be3de720839248db3928bf5ff007092f2c1c6dc1c9d42d22972783bc1	photo	CID22-512px	tune_still	off	4685	79.248344	532.48
/home/lilith/work/codec-corpus/CID22/CID22-512/training/1545529.png	medium	256	256	0f247f2be3de720839248db3928bf5ff007092f2c1c6dc1c9d42d22972783bc1	photo	CID22-512px	seg_boost	1.5	4464	78.594048	521.42
/home/lilith/work/codec-corpus/CID22/CID22-512/training/1545529.png	medium	256	256	0f247f2be3de720839248db3928bf5ff007092f2c1c6dc1c9d42d22972783bc1	photo	CID22-512px	seg_boost	2.0	4387	78.442162	539.15
/home/lilith/work/codec-corpus/CID22/CID22-512/validation/3316926.png	medium	256	256	0042f4a201d0a38cce529ec612650b781becbd9c7f6fcc4dc28209352adcf5c5	photo	CID22-512px	complex_prediction_modes	on	6524	21.920132	1508.82
/home/lilith/work/codec-corpus/CID22/CID22-512/training/1545529.png	medium	256	256	0f247f2be3de720839248db3928bf5ff007092f2c1c6dc1c9d42d22972783bc1	photo	CID22-512px	trellis	on	4635	79.137581	830.39
/home/lilith/work/codec-corpus/CID22/CID22-512/validation/3316926.png	medium	256	256	0042f4a201d0a38cce529ec612650b781becbd9c7f6fcc4dc28209352adcf5c5	photo	CID22-512px	lrf	off	6575	78.139816	691.31
/home/lilith/work/codec-corpus/CID22/CID22-512/training/1545529.png	medium	256	256	0f247f2be3de720839248db3928bf5ff007092f2c1c6dc1c9d42d22972783bc1	photo	CID22-512px	cdef	off	4685	79.306984	536.22
/home/lilith/work/codec-corpus/CID22/CID22-512/training/1545529.png	medium	256	256	0f247f2be3de720839248db3928bf5ff007092f2c1c6dc1c9d42d22972783bc1	photo	CID22-512px	rdo_tx_decision	off	4877	79.162445	212.11
/home/lilith/work/codec-corpus/CID22/CID22-512/validation/3316926.png	medium	256	256	0042f4a201d0a38cce529ec612650b781becbd9c7f6fcc4dc28209352adcf5c5	photo	CID22-512px	lrf	on	6636	78.431900	864.64
/home/lilith/work/codec-corpus/CID22/CID22-512/training/1545529.png	medium	256	256	0f247f2be3de720839248db3928bf5ff007092f2c1c6dc1c9d42d22972783bc1	photo	CID22-512px	sgr_full	off	4685	79.306984	536.84
/home/lilith/work/codec-corpus/CID22/CID22-512/validation/3316926.png	medium	256	256	0042f4a201d0a38cce529ec612650b781becbd9c7f6fcc4dc28209352adcf5c5	photo	CID22-512px	fast_deblock	on	6575	78.131294	767.62
/home/lilith/work/codec-corpus/clic2025-1024/100f17892cf7bb12beb12479641fcc4c.png	small	64	64	00f5340b9d27a7cc87c7a6c98c7344eeef4cfb596919113aa00a0bad60e5e9f0	photo	clic2025-1024px-resized	baseline	default	560	76.293312	24.52
/home/lilith/work/codec-corpus/CID22/CID22-512/training/1545529.png	medium	256	256	0f247f2be3de720839248db3928bf5ff007092f2c1c6dc1c9d42d22972783bc1	photo	CID22-512px	lru_on_skip	on	4685	79.306984	521.85
/home/lilith/work/codec-corpus/clic2025-1024/100f17892cf7bb12beb12479641fcc4c.png	small	64	64	00f5340b9d27a7cc87c7a6c98c7344eeef4cfb596919113aa00a0bad60e5e9f0	photo	clic2025-1024px-resized	qm	off	568	77.143593	34.79
/home/lilith/work/codec-corpus/clic2025-1024/100f17892cf7bb12beb12479641fcc4c.png	small	64	64	00f5340b9d27a7cc87c7a6c98c7344eeef4cfb596919113aa00a0bad60e5e9f0	photo	clic2025-1024px-resized	vaq	on_strength_1.0	560	76.293312	59.40
/home/lilith/work/codec-corpus/clic2025-1024/100f17892cf7bb12beb12479641fcc4c.png	small	64	64	00f5340b9d27a7cc87c7a6c98c7344eeef4cfb596919113aa00a0bad60e5e9f0	photo	clic2025-1024px-resized	vaq_strength	0.5	569	77.145012	27.75
/home/lilith/work/codec-corpus/clic2025-1024/100f17892cf7bb12beb12479641fcc4c.png	small	64	64	00f5340b9d27a7cc87c7a6c98c7344eeef4cfb596919113aa00a0bad60e5e9f0	photo	clic2025-1024px-resized	vaq_strength	2.0	552	75.905853	39.87
/home/lilith/work/codec-corpus/clic2025-1024/100f17892cf7bb12beb12479641fcc4c.png	small	64	64	00f5340b9d27a7cc87c7a6c98c7344eeef4cfb596919113aa00a0bad60e5e9f0	photo	clic2025-1024px-resized	vaq_strength	3.0	549	73.975388	38.88
/home/lilith/work/codec-corpus/clic2025-1024/100f17892cf7bb12beb12479641fcc4c.png	small	64	64	00f5340b9d27a7cc87c7a6c98c7344eeef4cfb596919113aa00a0bad60e5e9f0	photo	clic2025-1024px-resized	tune_still	off	560	76.357628	34.55
/home/lilith/work/codec-corpus/clic2025-1024/100f17892cf7bb12beb12479641fcc4c.png	small	64	64	00f5340b9d27a7cc87c7a6c98c7344eeef4cfb596919113aa00a0bad60e5e9f0	photo	clic2025-1024px-resized	seg_boost	1.5	548	75.548515	30.56
/home/lilith/work/codec-corpus/clic2025-1024/100f17892cf7bb12beb12479641fcc4c.png	small	64	64	00f5340b9d27a7cc87c7a6c98c7344eeef4cfb596919113aa00a0bad60e5e9f0	photo	clic2025-1024px-resized	seg_boost	2.0	552	75.905853	46.65
/home/lilith/work/codec-corpus/clic2025-1024/100f17892cf7bb12beb12479641fcc4c.png	small	64	64	00f5340b9d27a7cc87c7a6c98c7344eeef4cfb596919113aa00a0bad60e5e9f0	photo	clic2025-1024px-resized	trellis	on	560	76.293312	48.10
/home/lilith/work/codec-corpus/clic2025-1024/100f17892cf7bb12beb12479641fcc4c.png	small	64	64	00f5340b9d27a7cc87c7a6c98c7344eeef4cfb596919113aa00a0bad60e5e9f0	photo	clic2025-1024px-resized	cdef	off	560	76.293312	29.69
/home/lilith/work/codec-corpus/clic2025-1024/100f17892cf7bb12beb12479641fcc4c.png	small	64	64	00f5340b9d27a7cc87c7a6c98c7344eeef4cfb596919113aa00a0bad60e5e9f0	photo	clic2025-1024px-resized	rdo_tx_decision	off	560	75.258682	15.25
/home/lilith/work/codec-corpus/clic2025-1024/100f17892cf7bb12beb12479641fcc4c.png	small	64	64	00f5340b9d27a7cc87c7a6c98c7344eeef4cfb596919113aa00a0bad60e5e9f0	photo	clic2025-1024px-resized	sgr_full	off	560	76.293312	38.30
/home/lilith/work/codec-corpus/CID22/CID22-512/training/1545529.png	medium	256	256	0f247f2be3de720839248db3928bf5ff007092f2c1c6dc1c9d42d22972783bc1	photo	CID22-512px	segmentation_complex	on	4561	79.140434	875.30
/home/lilith/work/codec-corpus/clic2025-1024/100f17892cf7bb12beb12479641fcc4c.png	small	64	64	00f5340b9d27a7cc87c7a6c98c7344eeef4cfb596919113aa00a0bad60e5e9f0	photo	clic2025-1024px-resized	lru_on_skip	on	560	76.293312	33.09
/home/lilith/work/codec-corpus/clic2025-1024/100f17892cf7bb12beb12479641fcc4c.png	small	64	64	00f5340b9d27a7cc87c7a6c98c7344eeef4cfb596919113aa00a0bad60e5e9f0	photo	clic2025-1024px-resized	segmentation_complex	on	545	76.220184	41.80
/home/lilith/work/codec-corpus/clic2025-1024/100f17892cf7bb12beb12479641fcc4c.png	small	64	64	00f5340b9d27a7cc87c7a6c98c7344eeef4cfb596919113aa00a0bad60e5e9f0	photo	clic2025-1024px-resized	encode_bottomup	on	565	76.620659	44.98
/home/lilith/work/codec-corpus/clic2025-1024/100f17892cf7bb12beb12479641fcc4c.png	small	64	64	00f5340b9d27a7cc87c7a6c98c7344eeef4cfb596919113aa00a0bad60e5e9f0	photo	clic2025-1024px-resized	partition_range	fine_4_16	560	76.293312	29.56
/home/lilith/work/codec-corpus/clic2025-1024/100f17892cf7bb12beb12479641fcc4c.png	small	64	64	00f5340b9d27a7cc87c7a6c98c7344eeef4cfb596919113aa00a0bad60e5e9f0	photo	clic2025-1024px-resized	partition_range	coarse_16_64	560	74.795967	54.19
/home/lilith/work/codec-corpus/clic2025-1024/100f17892cf7bb12beb12479641fcc4c.png	small	64	64	00f5340b9d27a7cc87c7a6c98c7344eeef4cfb596919113aa00a0bad60e5e9f0	photo	clic2025-1024px-resized	complex_prediction_modes	on	564	51.560654	58.80
/home/lilith/work/codec-corpus/clic2025-1024/100f17892cf7bb12beb12479641fcc4c.png	small	64	64	00f5340b9d27a7cc87c7a6c98c7344eeef4cfb596919113aa00a0bad60e5e9f0	photo	clic2025-1024px-resized	lrf	off	560	76.293312	37.74
/home/lilith/work/codec-corpus/clic2025-1024/100f17892cf7bb12beb12479641fcc4c.png	small	64	64	00f5340b9d27a7cc87c7a6c98c7344eeef4cfb596919113aa00a0bad60e5e9f0	photo	clic2025-1024px-resized	lrf	on	563	75.776794	56.75
/home/lilith/work/codec-corpus/clic2025-1024/100f17892cf7bb12beb12479641fcc4c.png	small	64	64	00f5340b9d27a7cc87c7a6c98c7344eeef4cfb596919113aa00a0bad60e5e9f0	photo	clic2025-1024px-resized	fast_deblock	on	560	76.290016	28.78
/home/lilith/work/codec-corpus/CID22/CID22-512/training/1545529.png	medium	256	256	0f247f2be3de720839248db3928bf5ff007092f2c1c6dc1c9d42d22972783bc1	photo	CID22-512px	encode_bottomup	on	4544	76.583839	780.02
/home/lilith/work/codec-corpus/clic2025-1024/0c49a5cce349020bbba2f97ae41e90ba.png	large	1024	1024	0d13217e6a93999fd3f3b28796df8b3dd12522984644376de00915fa78d39b8c	photo	clic2025-1024px-resized	complex_prediction_modes	on	61877	4.798934	20591.20
/home/lilith/work/codec-corpus/clic2025-1024/100f17892cf7bb12beb12479641fcc4c.png	medium	256	256	00f5340b9d27a7cc87c7a6c98c7344eeef4cfb596919113aa00a0bad60e5e9f0	photo	clic2025-1024px-resized	baseline	default	2912	75.533760	383.37
/home/lilith/work/codec-corpus/CID22/CID22-512/training/1545529.png	medium	256	256	0f247f2be3de720839248db3928bf5ff007092f2c1c6dc1c9d42d22972783bc1	photo	CID22-512px	partition_range	fine_4_16	4685	79.306984	601.26
/home/lilith/work/codec-corpus/clic2025-1024/100f17892cf7bb12beb12479641fcc4c.png	medium	256	256	00f5340b9d27a7cc87c7a6c98c7344eeef4cfb596919113aa00a0bad60e5e9f0	photo	clic2025-1024px-resized	qm	off	3060	75.677513	387.29
/home/lilith/work/codec-corpus/clic2025-1024/100f17892cf7bb12beb12479641fcc4c.png	medium	256	256	00f5340b9d27a7cc87c7a6c98c7344eeef4cfb596919113aa00a0bad60e5e9f0	photo	clic2025-1024px-resized	vaq	on_strength_1.0	2912	75.533760	351.76
/home/lilith/work/codec-corpus/CID22/CID22-512/training/1545529.png	medium	256	256	0f247f2be3de720839248db3928bf5ff007092f2c1c6dc1c9d42d22972783bc1	photo	CID22-512px	partition_range	coarse_16_64	4979	79.524879	541.83
/home/lilith/work/codec-corpus/clic2025-1024/100f17892cf7bb12beb12479641fcc4c.png	medium	256	256	00f5340b9d27a7cc87c7a6c98c7344eeef4cfb596919113aa00a0bad60e5e9f0	photo	clic2025-1024px-resized	vaq_strength	0.5	2968	75.516380	343.43
/home/lilith/work/codec-corpus/clic2025-1024/100f17892cf7bb12beb12479641fcc4c.png	medium	256	256	00f5340b9d27a7cc87c7a6c98c7344eeef4cfb596919113aa00a0bad60e5e9f0	photo	clic2025-1024px-resized	vaq_strength	2.0	2879	74.829483	469.46
/home/lilith/work/codec-corpus/CID22/CID22-512/training/1545529.png	medium	256	256	0f247f2be3de720839248db3928bf5ff007092f2c1c6dc1c9d42d22972783bc1	photo	CID22-512px	complex_prediction_modes	on	4692	-52.262436	1236.10
/home/lilith/work/codec-corpus/clic2025-1024/100f17892cf7bb12beb12479641fcc4c.png	medium	256	256	00f5340b9d27a7cc87c7a6c98c7344eeef4cfb596919113aa00a0bad60e5e9f0	photo	clic2025-1024px-resized	vaq_strength	3.0	2838	74.241646	383.86
/home/lilith/work/codec-corpus/clic2025-1024/100f17892cf7bb12beb12479641fcc4c.png	medium	256	256	00f5340b9d27a7cc87c7a6c98c7344eeef4cfb596919113aa00a0bad60e5e9f0	photo	clic2025-1024px-resized	tune_still	off	2912	75.371918	355.27
/home/lilith/work/codec-corpus/CID22/CID22-512/training/1545529.png	medium	256	256	0f247f2be3de720839248db3928bf5ff007092f2c1c6dc1c9d42d22972783bc1	photo	CID22-512px	lrf	off	4685	79.306984	517.51
/home/lilith/work/codec-corpus/clic2025-1024/100f17892cf7bb12beb12479641fcc4c.png	medium	256	256	00f5340b9d27a7cc87c7a6c98c7344eeef4cfb596919113aa00a0bad60e5e9f0	photo	clic2025-1024px-resized	seg_boost	1.5	2894	74.966812	361.93
/home/lilith/work/codec-corpus/CID22/CID22-512/training/1545529.png	medium	256	256	0f247f2be3de720839248db3928bf5ff007092f2c1c6dc1c9d42d22972783bc1	photo	CID22-512px	lrf	on	4732	79.386909	566.68
/home/lilith/work/codec-corpus/clic2025-1024/100f17892cf7bb12beb12479641fcc4c.png	medium	256	256	00f5340b9d27a7cc87c7a6c98c7344eeef4cfb596919113aa00a0bad60e5e9f0	photo	clic2025-1024px-resized	seg_boost	2.0	2879	74.829483	388.00
/home/lilith/work/codec-corpus/CID22/CID22-512/training/1545529.png	medium	256	256	0f247f2be3de720839248db3928bf5ff007092f2c1c6dc1c9d42d22972783bc1	photo	CID22-512px	fast_deblock	on	4685	79.175446	501.18
/home/lilith/work/codec-corpus/gb82/rain-lossless.png	small	64	64	0efb4acbd4e177966da578024a952fe2ace2fb6cf2ca9f21a2c6d8dd6166fa2f	photo	gb82-photos	baseline	default	534	77.093369	704326.21
/home/lilith/work/codec-corpus/clic2025-1024/100f17892cf7bb12beb12479641fcc4c.png	medium	256	256	00f5340b9d27a7cc87c7a6c98c7344eeef4cfb596919113aa00a0bad60e5e9f0	photo	clic2025-1024px-resized	trellis	on	2886	75.279457	545.04
/home/lilith/work/codec-corpus/gb82/rain-lossless.png	small	64	64	0efb4acbd4e177966da578024a952fe2ace2fb6cf2ca9f21a2c6d8dd6166fa2f	photo	gb82-photos	qm	off	537	76.405899	25.60
/home/lilith/work/codec-corpus/gb82/rain-lossless.png	small	64	64	0efb4acbd4e177966da578024a952fe2ace2fb6cf2ca9f21a2c6d8dd6166fa2f	photo	gb82-photos	vaq	on_strength_1.0	534	77.093369	39.60
/home/lilith/work/codec-corpus/gb82/rain-lossless.png	small	64	64	0efb4acbd4e177966da578024a952fe2ace2fb6cf2ca9f21a2c6d8dd6166fa2f	photo	gb82-photos	vaq_strength	0.5	544	78.450462	29.00
/home/lilith/work/codec-corpus/gb82/rain-lossless.png	small	64	64	0efb4acbd4e177966da578024a952fe2ace2fb6cf2ca9f21a2c6d8dd6166fa2f	photo	gb82-photos	vaq_strength	2.0	517	75.771141	56.08
/home/lilith/work/codec-corpus/gb82/rain-lossless.png	small	64	64	0efb4acbd4e177966da578024a952fe2ace2fb6cf2ca9f21a2c6d8dd6166fa2f	photo	gb82-photos	vaq_strength	3.0	514	75.417542	32.42
/home/lilith/work/codec-corpus/gb82/rain-lossless.png	small	64	64	0efb4acbd4e177966da578024a952fe2ace2fb6cf2ca9f21a2c6d8dd6166fa2f	photo	gb82-photos	tune_still	off	534	77.406227	42.48
/home/lilith/work/codec-corpus/clic2025-1024/100f17892cf7bb12beb12479641fcc4c.png	medium	256	256	00f5340b9d27a7cc87c7a6c98c7344eeef4cfb596919113aa00a0bad60e5e9f0	photo	clic2025-1024px-resized	cdef	off	2912	75.533760	365.46
/home/lilith/work/codec-corpus/gb82/rain-lossless.png	small	64	64	0efb4acbd4e177966da578024a952fe2ace2fb6cf2ca9f21a2c6d8dd6166fa2f	photo	gb82-photos	seg_boost	1.5	524	75.830170	27.46
/home/lilith/work/codec-corpus/gb82/rain-lossless.png	small	64	64	0efb4acbd4e177966da578024a952fe2ace2fb6cf2ca9f21a2c6d8dd6166fa2f	photo	gb82-photos	seg_boost	2.0	517	75.771141	38.48
/home/lilith/work/codec-corpus/clic2025-1024/100f17892cf7bb12beb12479641fcc4c.png	medium	256	256	00f5340b9d27a7cc87c7a6c98c7344eeef4cfb596919113aa00a0bad60e5e9f0	photo	clic2025-1024px-resized	rdo_tx_decision	off	2992	74.881096	126.33
/home/lilith/work/codec-corpus/gb82/rain-lossless.png	small	64	64	0efb4acbd4e177966da578024a952fe2ace2fb6cf2ca9f21a2c6d8dd6166fa2f	photo	gb82-photos	trellis	on	535	77.603111	45.31
/home/lilith/work/codec-corpus/gb82/rain-lossless.png	small	64	64	0efb4acbd4e177966da578024a952fe2ace2fb6cf2ca9f21a2c6d8dd6166fa2f	photo	gb82-photos	cdef	off	534	77.093369	34.03
/home/lilith/work/codec-corpus/gb82/rain-lossless.png	small	64	64	0efb4acbd4e177966da578024a952fe2ace2fb6cf2ca9f21a2c6d8dd6166fa2f	photo	gb82-photos	rdo_tx_decision	off	543	76.124664	13.85
/home/lilith/work/codec-corpus/gb82/rain-lossless.png	small	64	64	0efb4acbd4e177966da578024a952fe2ace2fb6cf2ca9f21a2c6d8dd6166fa2f	photo	gb82-photos	sgr_full	off	534	77.093369	41.97
/home/lilith/work/codec-corpus/gb82/rain-lossless.png	small	64	64	0efb4acbd4e177966da578024a952fe2ace2fb6cf2ca9f21a2c6d8dd6166fa2f	photo	gb82-photos	lru_on_skip	on	534	77.093369	36.09
/home/lilith/work/codec-corpus/clic2025-1024/100f17892cf7bb12beb12479641fcc4c.png	medium	256	256	00f5340b9d27a7cc87c7a6c98c7344eeef4cfb596919113aa00a0bad60e5e9f0	photo	clic2025-1024px-resized	sgr_full	off	2912	75.533760	377.03
/home/lilith/work/codec-corpus/gb82/rain-lossless.png	small	64	64	0efb4acbd4e177966da578024a952fe2ace2fb6cf2ca9f21a2c6d8dd6166fa2f	photo	gb82-photos	segmentation_complex	on	527	76.859535	50.06
/home/lilith/work/codec-corpus/gb82/rain-lossless.png	small	64	64	0efb4acbd4e177966da578024a952fe2ace2fb6cf2ca9f21a2c6d8dd6166fa2f	photo	gb82-photos	encode_bottomup	on	535	76.139900	62.96
/home/lilith/work/codec-corpus/gb82/rain-lossless.png	small	64	64	0efb4acbd4e177966da578024a952fe2ace2fb6cf2ca9f21a2c6d8dd6166fa2f	photo	gb82-photos	partition_range	fine_4_16	534	77.093369	28.80
/home/lilith/work/codec-corpus/gb82/rain-lossless.png	small	64	64	0efb4acbd4e177966da578024a952fe2ace2fb6cf2ca9f21a2c6d8dd6166fa2f	photo	gb82-photos	partition_range	coarse_16_64	534	77.093369	47.05
/home/lilith/work/codec-corpus/gb82/rain-lossless.png	small	64	64	0efb4acbd4e177966da578024a952fe2ace2fb6cf2ca9f21a2c6d8dd6166fa2f	photo	gb82-photos	complex_prediction_modes	on	535	74.689514	61.84
/home/lilith/work/codec-corpus/gb82/rain-lossless.png	small	64	64	0efb4acbd4e177966da578024a952fe2ace2fb6cf2ca9f21a2c6d8dd6166fa2f	photo	gb82-photos	lrf	off	534	77.093369	39.09
/home/lilith/work/codec-corpus/clic2025-1024/100f17892cf7bb12beb12479641fcc4c.png	medium	256	256	00f5340b9d27a7cc87c7a6c98c7344eeef4cfb596919113aa00a0bad60e5e9f0	photo	clic2025-1024px-resized	lru_on_skip	on	2912	75.533760	420.06
/home/lilith/work/codec-corpus/gb82/rain-lossless.png	small	64	64	0efb4acbd4e177966da578024a952fe2ace2fb6cf2ca9f21a2c6d8dd6166fa2f	photo	gb82-photos	lrf	on	538	77.109833	60.16
/home/lilith/work/codec-corpus/gb82/rain-lossless.png	small	64	64	0efb4acbd4e177966da578024a952fe2ace2fb6cf2ca9f21a2c6d8dd6166fa2f	photo	gb82-photos	fast_deblock	on	534	77.009811	23.86
/home/lilith/work/codec-corpus/gb82/rain-lossless.png	medium	256	256	0efb4acbd4e177966da578024a952fe2ace2fb6cf2ca9f21a2c6d8dd6166fa2f	photo	gb82-photos	baseline	default	3613	75.926521	369.91
/home/lilith/work/codec-corpus/clic2025-1024/100f17892cf7bb12beb12479641fcc4c.png	medium	256	256	00f5340b9d27a7cc87c7a6c98c7344eeef4cfb596919113aa00a0bad60e5e9f0	photo	clic2025-1024px-resized	segmentation_complex	on	2756	74.574844	805.85
/home/lilith/work/codec-corpus/gb82/rain-lossless.png	medium	256	256	0efb4acbd4e177966da578024a952fe2ace2fb6cf2ca9f21a2c6d8dd6166fa2f	photo	gb82-photos	qm	off	3743	76.829842	330.71
/home/lilith/work/codec-corpus/gb82/rain-lossless.png	medium	256	256	0efb4acbd4e177966da578024a952fe2ace2fb6cf2ca9f21a2c6d8dd6166fa2f	photo	gb82-photos	vaq	on_strength_1.0	3613	75.926521	380.97
/home/lilith/work/codec-corpus/clic2025-1024/100f17892cf7bb12beb12479641fcc4c.png	medium	256	256	00f5340b9d27a7cc87c7a6c98c7344eeef4cfb596919113aa00a0bad60e5e9f0	photo	clic2025-1024px-resized	encode_bottomup	on	2957	73.645699	569.17
/home/lilith/work/codec-corpus/gb82/rain-lossless.png	medium	256	256	0efb4acbd4e177966da578024a952fe2ace2fb6cf2ca9f21a2c6d8dd6166fa2f	photo	gb82-photos	vaq_strength	0.5	3710	77.135040	355.58
/home/lilith/work/codec-corpus/clic2025-1024/100f17892cf7bb12beb12479641fcc4c.png	medium	256	256	00f5340b9d27a7cc87c7a6c98c7344eeef4cfb596919113aa00a0bad60e5e9f0	photo	clic2025-1024px-resized	partition_range	fine_4_16	2912	75.533760	340.92
/home/lilith/work/codec-corpus/gb82/rain-lossless.png	medium	256	256	0efb4acbd4e177966da578024a952fe2ace2fb6cf2ca9f21a2c6d8dd6166fa2f	photo	gb82-photos	vaq_strength	2.0	3462	76.004944	326.70
/home/lilith/work/codec-corpus/clic2025-1024/100f17892cf7bb12beb12479641fcc4c.png	medium	256	256	00f5340b9d27a7cc87c7a6c98c7344eeef4cfb596919113aa00a0bad60e5e9f0	photo	clic2025-1024px-resized	partition_range	coarse_16_64	2878	74.870964	368.65
/home/lilith/work/codec-corpus/gb82/rain-lossless.png	medium	256	256	0efb4acbd4e177966da578024a952fe2ace2fb6cf2ca9f21a2c6d8dd6166fa2f	photo	gb82-photos	vaq_strength	3.0	3319	74.214455	357.55
/home/lilith/work/codec-corpus/gb82/rain-lossless.png	medium	256	256	0efb4acbd4e177966da578024a952fe2ace2fb6cf2ca9f21a2c6d8dd6166fa2f	photo	gb82-photos	tune_still	off	3613	75.937737	325.91
/home/lilith/work/codec-corpus/clic2025-1024/100f17892cf7bb12beb12479641fcc4c.png	medium	256	256	00f5340b9d27a7cc87c7a6c98c7344eeef4cfb596919113aa00a0bad60e5e9f0	photo	clic2025-1024px-resized	complex_prediction_modes	on	2939	15.853213	946.77
/home/lilith/work/codec-corpus/gb82/rain-lossless.png	medium	256	256	0efb4acbd4e177966da578024a952fe2ace2fb6cf2ca9f21a2c6d8dd6166fa2f	photo	gb82-photos	seg_boost	1.5	3558	76.406158	373.71
/home/lilith/work/codec-corpus/clic2025-1024/100f17892cf7bb12beb12479641fcc4c.png	medium	256	256	00f5340b9d27a7cc87c7a6c98c7344eeef4cfb596919113aa00a0bad60e5e9f0	photo	clic2025-1024px-resized	lrf	off	2912	75.533760	421.77
/home/lilith/work/codec-corpus/gb82/rain-lossless.png	medium	256	256	0efb4acbd4e177966da578024a952fe2ace2fb6cf2ca9f21a2c6d8dd6166fa2f	photo	gb82-photos	seg_boost	2.0	3462	76.004944	315.61
/home/lilith/work/codec-corpus/clic2025-1024/100f17892cf7bb12beb12479641fcc4c.png	medium	256	256	00f5340b9d27a7cc87c7a6c98c7344eeef4cfb596919113aa00a0bad60e5e9f0	photo	clic2025-1024px-resized	lrf	on	2931	75.186371	463.41
/home/lilith/work/codec-corpus/gb82/rain-lossless.png	medium	256	256	0efb4acbd4e177966da578024a952fe2ace2fb6cf2ca9f21a2c6d8dd6166fa2f	photo	gb82-photos	trellis	on	3653	76.415161	499.74
/home/lilith/work/codec-corpus/clic2025-1024/0c49a5cce349020bbba2f97ae41e90ba.png	large	1024	1024	0d13217e6a93999fd3f3b28796df8b3dd12522984644376de00915fa78d39b8c	photo	clic2025-1024px-resized	lrf	off	61793	75.430573	10028.95
/home/lilith/work/codec-corpus/clic2025-1024/100f17892cf7bb12beb12479641fcc4c.png	medium	256	256	00f5340b9d27a7cc87c7a6c98c7344eeef4cfb596919113aa00a0bad60e5e9f0	photo	clic2025-1024px-resized	fast_deblock	on	2912	75.484779	432.99
/home/lilith/work/codec-corpus/gb82/rain-lossless.png	medium	256	256	0efb4acbd4e177966da578024a952fe2ace2fb6cf2ca9f21a2c6d8dd6166fa2f	photo	gb82-photos	cdef	off	3613	75.926521	342.89
/home/lilith/work/codec-corpus/gb82/rain-lossless.png	medium	256	256	0efb4acbd4e177966da578024a952fe2ace2fb6cf2ca9f21a2c6d8dd6166fa2f	photo	gb82-photos	rdo_tx_decision	off	3718	75.926453	103.02
/home/lilith/work/codec-corpus/gb82/rain-lossless.png	medium	256	256	0efb4acbd4e177966da578024a952fe2ace2fb6cf2ca9f21a2c6d8dd6166fa2f	photo	gb82-photos	sgr_full	off	3613	75.926521	308.12
/home/lilith/work/codec-corpus/gb82/rain-lossless.png	medium	256	256	0efb4acbd4e177966da578024a952fe2ace2fb6cf2ca9f21a2c6d8dd6166fa2f	photo	gb82-photos	lru_on_skip	on	3613	75.926521	326.76
/home/lilith/work/codec-corpus/gb82/rain-lossless.png	medium	256	256	0efb4acbd4e177966da578024a952fe2ace2fb6cf2ca9f21a2c6d8dd6166fa2f	photo	gb82-photos	segmentation_complex	on	3553	76.169601	542.92
/home/lilith/work/codec-corpus/gb82/rain-lossless.png	medium	256	256	0efb4acbd4e177966da578024a952fe2ace2fb6cf2ca9f21a2c6d8dd6166fa2f	photo	gb82-photos	encode_bottomup	on	3640	72.657127	739.98
/home/lilith/work/codec-corpus/gb82/rain-lossless.png	medium	256	256	0efb4acbd4e177966da578024a952fe2ace2fb6cf2ca9f21a2c6d8dd6166fa2f	photo	gb82-photos	partition_range	fine_4_16	3613	75.926521	357.19
/home/lilith/work/codec-corpus/gb82/rain-lossless.png	medium	256	256	0efb4acbd4e177966da578024a952fe2ace2fb6cf2ca9f21a2c6d8dd6166fa2f	photo	gb82-photos	partition_range	coarse_16_64	3494	75.667336	451.42
/home/lilith/work/codec-corpus/gb82/rain-lossless.png	medium	256	256	0efb4acbd4e177966da578024a952fe2ace2fb6cf2ca9f21a2c6d8dd6166fa2f	photo	gb82-photos	complex_prediction_modes	on	3624	40.306854	938.09
/home/lilith/work/codec-corpus/gb82/rain-lossless.png	medium	256	256	0efb4acbd4e177966da578024a952fe2ace2fb6cf2ca9f21a2c6d8dd6166fa2f	photo	gb82-photos	lrf	off	3613	75.926521	435.77
/home/lilith/work/codec-corpus/clic2025-1024/100f17892cf7bb12beb12479641fcc4c.png	large	1024	1024	00f5340b9d27a7cc87c7a6c98c7344eeef4cfb596919113aa00a0bad60e5e9f0	photo	clic2025-1024px-resized	baseline	default	53065	72.573082	4779.53
/home/lilith/work/codec-corpus/gb82/rain-lossless.png	medium	256	256	0efb4acbd4e177966da578024a952fe2ace2fb6cf2ca9f21a2c6d8dd6166fa2f	photo	gb82-photos	lrf	on	3625	75.959587	450.36
/home/lilith/work/codec-corpus/gb82/rain-lossless.png	medium	256	256	0efb4acbd4e177966da578024a952fe2ace2fb6cf2ca9f21a2c6d8dd6166fa2f	photo	gb82-photos	fast_deblock	on	3613	75.896225	335.25
/home/lilith/work/codec-corpus/clic2025/training/8bb119b8ca17492392e1e3ea4b811b32.png	tiny	43	64	0da74d8b94ff3c89f3578296ea87305ce1623d890f0c5cb8e54b907428675f15	photo	clic2025-native	baseline	default	735	-16.885881	716389.12
/home/lilith/work/codec-corpus/clic2025/training/8bb119b8ca17492392e1e3ea4b811b32.png	tiny	43	64	0da74d8b94ff3c89f3578296ea87305ce1623d890f0c5cb8e54b907428675f15	photo	clic2025-native	qm	off	735	-0.264655	79.51
/home/lilith/work/codec-corpus/clic2025/training/8bb119b8ca17492392e1e3ea4b811b32.png	tiny	43	64	0da74d8b94ff3c89f3578296ea87305ce1623d890f0c5cb8e54b907428675f15	photo	clic2025-native	vaq	on_strength_1.0	735	-16.885881	95.97
/home/lilith/work/codec-corpus/clic2025/training/8bb119b8ca17492392e1e3ea4b811b32.png	tiny	43	64	0da74d8b94ff3c89f3578296ea87305ce1623d890f0c5cb8e54b907428675f15	photo	clic2025-native	vaq_strength	0.5	726	-0.649089	150.10
/home/lilith/work/codec-corpus/clic2025/training/8bb119b8ca17492392e1e3ea4b811b32.png	tiny	43	64	0da74d8b94ff3c89f3578296ea87305ce1623d890f0c5cb8e54b907428675f15	photo	clic2025-native	vaq_strength	2.0	716	2.230567	118.42
/home/lilith/work/codec-corpus/clic2025/training/8bb119b8ca17492392e1e3ea4b811b32.png	tiny	43	64	0da74d8b94ff3c89f3578296ea87305ce1623d890f0c5cb8e54b907428675f15	photo	clic2025-native	vaq_strength	3.0	711	-2.581583	84.59
/home/lilith/work/codec-corpus/clic2025/training/8bb119b8ca17492392e1e3ea4b811b32.png	tiny	43	64	0da74d8b94ff3c89f3578296ea87305ce1623d890f0c5cb8e54b907428675f15	photo	clic2025-native	tune_still	off	735	-14.651270	72.29
/home/lilith/work/codec-corpus/clic2025/training/8bb119b8ca17492392e1e3ea4b811b32.png	tiny	43	64	0da74d8b94ff3c89f3578296ea87305ce1623d890f0c5cb8e54b907428675f15	photo	clic2025-native	seg_boost	1.5	718	4.959785	82.46
/home/lilith/work/codec-corpus/clic2025/training/8bb119b8ca17492392e1e3ea4b811b32.png	tiny	43	64	0da74d8b94ff3c89f3578296ea87305ce1623d890f0c5cb8e54b907428675f15	photo	clic2025-native	seg_boost	2.0	716	2.230567	111.25
/home/lilith/work/codec-corpus/clic2025/training/8bb119b8ca17492392e1e3ea4b811b32.png	tiny	43	64	0da74d8b94ff3c89f3578296ea87305ce1623d890f0c5cb8e54b907428675f15	photo	clic2025-native	trellis	on	735	-16.885881	107.80
/home/lilith/work/codec-corpus/clic2025/training/8bb119b8ca17492392e1e3ea4b811b32.png	tiny	43	64	0da74d8b94ff3c89f3578296ea87305ce1623d890f0c5cb8e54b907428675f15	photo	clic2025-native	cdef	off	735	-16.885881	62.53
/home/lilith/work/codec-corpus/clic2025/training/8bb119b8ca17492392e1e3ea4b811b32.png	tiny	43	64	0da74d8b94ff3c89f3578296ea87305ce1623d890f0c5cb8e54b907428675f15	photo	clic2025-native	rdo_tx_decision	off	738	4.506503	27.33
/home/lilith/work/codec-corpus/clic2025/training/8bb119b8ca17492392e1e3ea4b811b32.png	tiny	43	64	0da74d8b94ff3c89f3578296ea87305ce1623d890f0c5cb8e54b907428675f15	photo	clic2025-native	sgr_full	off	735	-16.885881	66.91
/home/lilith/work/codec-corpus/clic2025/training/8bb119b8ca17492392e1e3ea4b811b32.png	tiny	43	64	0da74d8b94ff3c89f3578296ea87305ce1623d890f0c5cb8e54b907428675f15	photo	clic2025-native	lru_on_skip	on	735	-16.885881	89.44
/home/lilith/work/codec-corpus/clic2025/training/8bb119b8ca17492392e1e3ea4b811b32.png	tiny	43	64	0da74d8b94ff3c89f3578296ea87305ce1623d890f0c5cb8e54b907428675f15	photo	clic2025-native	segmentation_complex	on	717	0.220180	84.21
/home/lilith/work/codec-corpus/clic2025/training/8bb119b8ca17492392e1e3ea4b811b32.png	tiny	43	64	0da74d8b94ff3c89f3578296ea87305ce1623d890f0c5cb8e54b907428675f15	photo	clic2025-native	encode_bottomup	on	735	-16.885881	76.86
/home/lilith/work/codec-corpus/clic2025/training/8bb119b8ca17492392e1e3ea4b811b32.png	tiny	43	64	0da74d8b94ff3c89f3578296ea87305ce1623d890f0c5cb8e54b907428675f15	photo	clic2025-native	partition_range	fine_4_16	735	-16.885881	80.90
/home/lilith/work/codec-corpus/clic2025/training/8bb119b8ca17492392e1e3ea4b811b32.png	tiny	43	64	0da74d8b94ff3c89f3578296ea87305ce1623d890f0c5cb8e54b907428675f15	photo	clic2025-native	partition_range	coarse_16_64	749	1.670846	48.07
/home/lilith/work/codec-corpus/clic2025/training/8bb119b8ca17492392e1e3ea4b811b32.png	tiny	43	64	0da74d8b94ff3c89f3578296ea87305ce1623d890f0c5cb8e54b907428675f15	photo	clic2025-native	complex_prediction_modes	on	723	-21.665510	171.54
/home/lilith/work/codec-corpus/clic2025/training/8bb119b8ca17492392e1e3ea4b811b32.png	tiny	43	64	0da74d8b94ff3c89f3578296ea87305ce1623d890f0c5cb8e54b907428675f15	photo	clic2025-native	lrf	off	735	-16.885881	73.85
/home/lilith/work/codec-corpus/clic2025/training/8bb119b8ca17492392e1e3ea4b811b32.png	tiny	43	64	0da74d8b94ff3c89f3578296ea87305ce1623d890f0c5cb8e54b907428675f15	photo	clic2025-native	lrf	on	737	-16.885881	71.71
/home/lilith/work/codec-corpus/clic2025/training/8bb119b8ca17492392e1e3ea4b811b32.png	tiny	43	64	0da74d8b94ff3c89f3578296ea87305ce1623d890f0c5cb8e54b907428675f15	photo	clic2025-native	fast_deblock	on	735	-16.852570	103.33
/home/lilith/work/codec-corpus/clic2025/training/8bb119b8ca17492392e1e3ea4b811b32.png	small	171	256	0da74d8b94ff3c89f3578296ea87305ce1623d890f0c5cb8e54b907428675f15	photo	clic2025-native	baseline	default	3831	76.795792	504.02
/home/lilith/work/codec-corpus/clic2025/training/8bb119b8ca17492392e1e3ea4b811b32.png	small	171	256	0da74d8b94ff3c89f3578296ea87305ce1623d890f0c5cb8e54b907428675f15	photo	clic2025-native	qm	off	4008	77.099945	505.42
/home/lilith/work/codec-corpus/clic2025/training/8bb119b8ca17492392e1e3ea4b811b32.png	small	171	256	0da74d8b94ff3c89f3578296ea87305ce1623d890f0c5cb8e54b907428675f15	photo	clic2025-native	vaq	on_strength_1.0	3831	76.795792	482.25
/home/lilith/work/codec-corpus/clic2025-1024/100f17892cf7bb12beb12479641fcc4c.png	large	1024	1024	00f5340b9d27a7cc87c7a6c98c7344eeef4cfb596919113aa00a0bad60e5e9f0	photo	clic2025-1024px-resized	qm	off	56790	72.944931	4904.66
/home/lilith/work/codec-corpus/clic2025-1024/0c49a5cce349020bbba2f97ae41e90ba.png	large	1024	1024	0d13217e6a93999fd3f3b28796df8b3dd12522984644376de00915fa78d39b8c	photo	clic2025-1024px-resized	lrf	on	62708	75.561905	10155.41
/home/lilith/work/codec-corpus/clic2025/training/8bb119b8ca17492392e1e3ea4b811b32.png	small	171	256	0da74d8b94ff3c89f3578296ea87305ce1623d890f0c5cb8e54b907428675f15	photo	clic2025-native	vaq_strength	0.5	3888	77.481308	591.17
/home/lilith/work/codec-corpus/clic2025/training/8bb119b8ca17492392e1e3ea4b811b32.png	small	171	256	0da74d8b94ff3c89f3578296ea87305ce1623d890f0c5cb8e54b907428675f15	photo	clic2025-native	vaq_strength	2.0	3755	76.335419	453.17
/home/lilith/work/codec-corpus/clic2025/training/8bb119b8ca17492392e1e3ea4b811b32.png	small	171	256	0da74d8b94ff3c89f3578296ea87305ce1623d890f0c5cb8e54b907428675f15	photo	clic2025-native	vaq_strength	3.0	3857	75.740364	473.31
/home/lilith/work/codec-corpus/clic2025/training/8bb119b8ca17492392e1e3ea4b811b32.png	small	171	256	0da74d8b94ff3c89f3578296ea87305ce1623d890f0c5cb8e54b907428675f15	photo	clic2025-native	tune_still	off	3831	76.694138	446.19
/home/lilith/work/codec-corpus/clic2025/training/8bb119b8ca17492392e1e3ea4b811b32.png	small	171	256	0da74d8b94ff3c89f3578296ea87305ce1623d890f0c5cb8e54b907428675f15	photo	clic2025-native	seg_boost	1.5	3797	76.386787	454.47
/home/lilith/work/codec-corpus/clic2025/training/8bb119b8ca17492392e1e3ea4b811b32.png	small	171	256	0da74d8b94ff3c89f3578296ea87305ce1623d890f0c5cb8e54b907428675f15	photo	clic2025-native	seg_boost	2.0	3755	76.335419	449.56
/home/lilith/work/codec-corpus/clic2025/training/8bb119b8ca17492392e1e3ea4b811b32.png	small	171	256	0da74d8b94ff3c89f3578296ea87305ce1623d890f0c5cb8e54b907428675f15	photo	clic2025-native	trellis	on	3844	75.038551	642.36
/home/lilith/work/codec-corpus/clic2025/training/8bb119b8ca17492392e1e3ea4b811b32.png	small	171	256	0da74d8b94ff3c89f3578296ea87305ce1623d890f0c5cb8e54b907428675f15	photo	clic2025-native	cdef	off	3831	76.795792	461.36
/home/lilith/work/codec-corpus/clic2025/training/8bb119b8ca17492392e1e3ea4b811b32.png	small	171	256	0da74d8b94ff3c89f3578296ea87305ce1623d890f0c5cb8e54b907428675f15	photo	clic2025-native	rdo_tx_decision	off	3994	76.314369	233.40
/home/lilith/work/codec-corpus/clic2025/training/8bb119b8ca17492392e1e3ea4b811b32.png	small	171	256	0da74d8b94ff3c89f3578296ea87305ce1623d890f0c5cb8e54b907428675f15	photo	clic2025-native	sgr_full	off	3831	76.795792	542.65
/home/lilith/work/codec-corpus/clic2025-1024/100f17892cf7bb12beb12479641fcc4c.png	large	1024	1024	00f5340b9d27a7cc87c7a6c98c7344eeef4cfb596919113aa00a0bad60e5e9f0	photo	clic2025-1024px-resized	vaq	on_strength_1.0	53065	72.573082	4889.21
/home/lilith/work/codec-corpus/clic2025/training/8bb119b8ca17492392e1e3ea4b811b32.png	small	171	256	0da74d8b94ff3c89f3578296ea87305ce1623d890f0c5cb8e54b907428675f15	photo	clic2025-native	lru_on_skip	on	3831	76.795792	467.56
/home/lilith/work/codec-corpus/clic2025/training/8bb119b8ca17492392e1e3ea4b811b32.png	small	171	256	0da74d8b94ff3c89f3578296ea87305ce1623d890f0c5cb8e54b907428675f15	photo	clic2025-native	segmentation_complex	on	3667	76.265434	845.57
/home/lilith/work/codec-corpus/clic2025/training/8bb119b8ca17492392e1e3ea4b811b32.png	small	171	256	0da74d8b94ff3c89f3578296ea87305ce1623d890f0c5cb8e54b907428675f15	photo	clic2025-native	encode_bottomup	on	3825	73.228561	755.32
/home/lilith/work/codec-corpus/clic2025/training/8bb119b8ca17492392e1e3ea4b811b32.png	small	171	256	0da74d8b94ff3c89f3578296ea87305ce1623d890f0c5cb8e54b907428675f15	photo	clic2025-native	partition_range	fine_4_16	3831	76.795792	513.71
/home/lilith/work/codec-corpus/clic2025/training/8bb119b8ca17492392e1e3ea4b811b32.png	small	171	256	0da74d8b94ff3c89f3578296ea87305ce1623d890f0c5cb8e54b907428675f15	photo	clic2025-native	partition_range	coarse_16_64	3842	77.003250	421.25
/home/lilith/work/codec-corpus/clic2025/training/8bb119b8ca17492392e1e3ea4b811b32.png	small	171	256	0da74d8b94ff3c89f3578296ea87305ce1623d890f0c5cb8e54b907428675f15	photo	clic2025-native	complex_prediction_modes	on	3799	45.061073	1110.27
/home/lilith/work/codec-corpus/clic2025/training/8bb119b8ca17492392e1e3ea4b811b32.png	small	171	256	0da74d8b94ff3c89f3578296ea87305ce1623d890f0c5cb8e54b907428675f15	photo	clic2025-native	lrf	off	3831	76.795792	491.96
/home/lilith/work/codec-corpus/clic2025-1024/0c49a5cce349020bbba2f97ae41e90ba.png	large	1024	1024	0d13217e6a93999fd3f3b28796df8b3dd12522984644376de00915fa78d39b8c	photo	clic2025-1024px-resized	fast_deblock	on	61793	75.286079	9755.53
/home/lilith/work/codec-corpus/clic2025-1024/100f17892cf7bb12beb12479641fcc4c.png	large	1024	1024	00f5340b9d27a7cc87c7a6c98c7344eeef4cfb596919113aa00a0bad60e5e9f0	photo	clic2025-1024px-resized	vaq_strength	0.5	54983	73.012093	4752.81
/home/lilith/work/codec-corpus/CID22/CID22-512/training/2232979.png	small	64	64	0bada1eb6a9f523e5e3a4d5c4742f6c21607c27996b314f47d837fdef7a8ee18	photo	CID22-512px	baseline	default	579	76.971191	731348.36
/home/lilith/work/codec-corpus/CID22/CID22-512/training/2232979.png	small	64	64	0bada1eb6a9f523e5e3a4d5c4742f6c21607c27996b314f47d837fdef7a8ee18	photo	CID22-512px	qm	off	577	77.121925	29.90
/home/lilith/work/codec-corpus/CID22/CID22-512/training/2232979.png	small	64	64	0bada1eb6a9f523e5e3a4d5c4742f6c21607c27996b314f47d837fdef7a8ee18	photo	CID22-512px	vaq	on_strength_1.0	579	76.971191	46.58
/home/lilith/work/codec-corpus/CID22/CID22-512/training/2232979.png	small	64	64	0bada1eb6a9f523e5e3a4d5c4742f6c21607c27996b314f47d837fdef7a8ee18	photo	CID22-512px	vaq_strength	0.5	577	77.159149	59.87
/home/lilith/work/codec-corpus/clic2025/training/8bb119b8ca17492392e1e3ea4b811b32.png	small	171	256	0da74d8b94ff3c89f3578296ea87305ce1623d890f0c5cb8e54b907428675f15	photo	clic2025-native	lrf	on	3852	76.808327	532.48
/home/lilith/work/codec-corpus/CID22/CID22-512/training/2232979.png	small	64	64	0bada1eb6a9f523e5e3a4d5c4742f6c21607c27996b314f47d837fdef7a8ee18	photo	CID22-512px	vaq_strength	2.0	584	76.538193	31.00
/home/lilith/work/codec-corpus/CID22/CID22-512/training/2232979.png	small	64	64	0bada1eb6a9f523e5e3a4d5c4742f6c21607c27996b314f47d837fdef7a8ee18	photo	CID22-512px	vaq_strength	3.0	613	78.581596	45.85
/home/lilith/work/codec-corpus/CID22/CID22-512/training/2232979.png	small	64	64	0bada1eb6a9f523e5e3a4d5c4742f6c21607c27996b314f47d837fdef7a8ee18	photo	CID22-512px	tune_still	off	579	77.146355	33.86
/home/lilith/work/codec-corpus/CID22/CID22-512/training/2232979.png	small	64	64	0bada1eb6a9f523e5e3a4d5c4742f6c21607c27996b314f47d837fdef7a8ee18	photo	CID22-512px	seg_boost	1.5	593	77.312325	29.78
/home/lilith/work/codec-corpus/CID22/CID22-512/training/2232979.png	small	64	64	0bada1eb6a9f523e5e3a4d5c4742f6c21607c27996b314f47d837fdef7a8ee18	photo	CID22-512px	seg_boost	2.0	584	76.538193	41.21
/home/lilith/work/codec-corpus/CID22/CID22-512/training/2232979.png	small	64	64	0bada1eb6a9f523e5e3a4d5c4742f6c21607c27996b314f47d837fdef7a8ee18	photo	CID22-512px	trellis	on	577	76.635025	39.90
/home/lilith/work/codec-corpus/CID22/CID22-512/training/2232979.png	small	64	64	0bada1eb6a9f523e5e3a4d5c4742f6c21607c27996b314f47d837fdef7a8ee18	photo	CID22-512px	cdef	off	579	76.971191	28.61
/home/lilith/work/codec-corpus/clic2025/training/8bb119b8ca17492392e1e3ea4b811b32.png	small	171	256	0da74d8b94ff3c89f3578296ea87305ce1623d890f0c5cb8e54b907428675f15	photo	clic2025-native	fast_deblock	on	3831	76.785324	488.77
/home/lilith/work/codec-corpus/CID22/CID22-512/training/2232979.png	small	64	64	0bada1eb6a9f523e5e3a4d5c4742f6c21607c27996b314f47d837fdef7a8ee18	photo	CID22-512px	rdo_tx_decision	off	599	76.909866	13.62
/home/lilith/work/codec-corpus/CID22/CID22-512/training/2232979.png	small	64	64	0bada1eb6a9f523e5e3a4d5c4742f6c21607c27996b314f47d837fdef7a8ee18	photo	CID22-512px	sgr_full	off	579	76.971191	30.37
/home/lilith/work/codec-corpus/CID22/CID22-512/training/2232979.png	small	64	64	0bada1eb6a9f523e5e3a4d5c4742f6c21607c27996b314f47d837fdef7a8ee18	photo	CID22-512px	lru_on_skip	on	579	76.971191	36.31
/home/lilith/work/codec-corpus/CID22/CID22-512/training/2232979.png	small	64	64	0bada1eb6a9f523e5e3a4d5c4742f6c21607c27996b314f47d837fdef7a8ee18	photo	CID22-512px	segmentation_complex	on	557	76.059120	47.67
/home/lilith/work/codec-corpus/CID22/CID22-512/training/2232979.png	small	64	64	0bada1eb6a9f523e5e3a4d5c4742f6c21607c27996b314f47d837fdef7a8ee18	photo	CID22-512px	encode_bottomup	on	579	76.971191	54.30
/home/lilith/work/codec-corpus/CID22/CID22-512/training/2232979.png	small	64	64	0bada1eb6a9f523e5e3a4d5c4742f6c21607c27996b314f47d837fdef7a8ee18	photo	CID22-512px	partition_range	fine_4_16	579	76.971191	31.20
/home/lilith/work/codec-corpus/CID22/CID22-512/training/2232979.png	small	64	64	0bada1eb6a9f523e5e3a4d5c4742f6c21607c27996b314f47d837fdef7a8ee18	photo	CID22-512px	partition_range	coarse_16_64	579	76.971191	33.54
/home/lilith/work/codec-corpus/CID22/CID22-512/training/2232979.png	small	64	64	0bada1eb6a9f523e5e3a4d5c4742f6c21607c27996b314f47d837fdef7a8ee18	photo	CID22-512px	complex_prediction_modes	on	576	77.579208	66.03
/home/lilith/work/codec-corpus/CID22/CID22-512/training/2232979.png	small	64	64	0bada1eb6a9f523e5e3a4d5c4742f6c21607c27996b314f47d837fdef7a8ee18	photo	CID22-512px	lrf	off	579	76.971191	40.62
/home/lilith/work/codec-corpus/CID22/CID22-512/training/2232979.png	small	64	64	0bada1eb6a9f523e5e3a4d5c4742f6c21607c27996b314f47d837fdef7a8ee18	photo	CID22-512px	lrf	on	582	76.775230	28.38
/home/lilith/work/codec-corpus/CID22/CID22-512/training/2232979.png	small	64	64	0bada1eb6a9f523e5e3a4d5c4742f6c21607c27996b314f47d837fdef7a8ee18	photo	CID22-512px	fast_deblock	on	579	76.873711	29.96
/home/lilith/work/codec-corpus/CID22/CID22-512/training/2232979.png	medium	256	256	0bada1eb6a9f523e5e3a4d5c4742f6c21607c27996b314f47d837fdef7a8ee18	photo	CID22-512px	baseline	default	3282	72.254898	410.52
/home/lilith/work/codec-corpus/CID22/CID22-512/training/2232979.png	medium	256	256	0bada1eb6a9f523e5e3a4d5c4742f6c21607c27996b314f47d837fdef7a8ee18	photo	CID22-512px	qm	off	3319	71.778000	503.36
/home/lilith/work/codec-corpus/CID22/CID22-512/training/2232979.png	medium	256	256	0bada1eb6a9f523e5e3a4d5c4742f6c21607c27996b314f47d837fdef7a8ee18	photo	CID22-512px	vaq	on_strength_1.0	3282	72.254898	421.29
/home/lilith/work/codec-corpus/CID22/CID22-512/training/2232979.png	medium	256	256	0bada1eb6a9f523e5e3a4d5c4742f6c21607c27996b314f47d837fdef7a8ee18	photo	CID22-512px	vaq_strength	0.5	3351	72.264420	506.95
/home/lilith/work/codec-corpus/CID22/CID22-512/training/2232979.png	medium	256	256	0bada1eb6a9f523e5e3a4d5c4742f6c21607c27996b314f47d837fdef7a8ee18	photo	CID22-512px	vaq_strength	2.0	3312	72.008385	467.57
/home/lilith/work/codec-corpus/CID22/CID22-512/training/2232979.png	medium	256	256	0bada1eb6a9f523e5e3a4d5c4742f6c21607c27996b314f47d837fdef7a8ee18	photo	CID22-512px	vaq_strength	3.0	3330	71.892281	527.91
/home/lilith/work/codec-corpus/clic2025-1024/100f17892cf7bb12beb12479641fcc4c.png	large	1024	1024	00f5340b9d27a7cc87c7a6c98c7344eeef4cfb596919113aa00a0bad60e5e9f0	photo	clic2025-1024px-resized	vaq_strength	2.0	50478	71.648262	5124.22
/home/lilith/work/codec-corpus/CID22/CID22-512/training/2232979.png	medium	256	256	0bada1eb6a9f523e5e3a4d5c4742f6c21607c27996b314f47d837fdef7a8ee18	photo	CID22-512px	tune_still	off	3282	72.299728	484.97
/home/lilith/work/codec-corpus/CID22/CID22-512/training/2232979.png	medium	256	256	0bada1eb6a9f523e5e3a4d5c4742f6c21607c27996b314f47d837fdef7a8ee18	photo	CID22-512px	seg_boost	1.5	3298	71.970963	480.09
/home/lilith/work/codec-corpus/clic2025/training/8bb119b8ca17492392e1e3ea4b811b32.png	medium	683	1024	0da74d8b94ff3c89f3578296ea87305ce1623d890f0c5cb8e54b907428675f15	photo	clic2025-native	baseline	default	46328	73.509590	4923.04
/home/lilith/work/codec-corpus/CID22/CID22-512/training/2232979.png	medium	256	256	0bada1eb6a9f523e5e3a4d5c4742f6c21607c27996b314f47d837fdef7a8ee18	photo	CID22-512px	seg_boost	2.0	3312	72.008385	464.27
/home/lilith/work/codec-corpus/CID22/CID22-512/training/2232979.png	medium	256	256	0bada1eb6a9f523e5e3a4d5c4742f6c21607c27996b314f47d837fdef7a8ee18	photo	CID22-512px	trellis	on	3282	71.938713	481.70
/home/lilith/work/codec-corpus/CID22/CID22-512/training/2232979.png	medium	256	256	0bada1eb6a9f523e5e3a4d5c4742f6c21607c27996b314f47d837fdef7a8ee18	photo	CID22-512px	cdef	off	3282	72.254898	455.42
/home/lilith/work/codec-corpus/CID22/CID22-512/training/2232979.png	medium	256	256	0bada1eb6a9f523e5e3a4d5c4742f6c21607c27996b314f47d837fdef7a8ee18	photo	CID22-512px	rdo_tx_decision	off	3232	70.824577	172.72
/home/lilith/work/codec-corpus/CID22/CID22-512/training/2232979.png	medium	256	256	0bada1eb6a9f523e5e3a4d5c4742f6c21607c27996b314f47d837fdef7a8ee18	photo	CID22-512px	sgr_full	off	3282	72.254898	455.62
/home/lilith/work/codec-corpus/CID22/CID22-512/training/2232979.png	medium	256	256	0bada1eb6a9f523e5e3a4d5c4742f6c21607c27996b314f47d837fdef7a8ee18	photo	CID22-512px	lru_on_skip	on	3282	72.254898	449.65
/home/lilith/work/codec-corpus/CID22/CID22-512/training/2232979.png	medium	256	256	0bada1eb6a9f523e5e3a4d5c4742f6c21607c27996b314f47d837fdef7a8ee18	photo	CID22-512px	segmentation_complex	on	3127	70.980759	879.41
/home/lilith/work/codec-corpus/CID22/CID22-512/training/2232979.png	medium	256	256	0bada1eb6a9f523e5e3a4d5c4742f6c21607c27996b314f47d837fdef7a8ee18	photo	CID22-512px	encode_bottomup	on	3397	72.734177	694.80
/home/lilith/work/codec-corpus/clic2025-1024/100f17892cf7bb12beb12479641fcc4c.png	large	1024	1024	00f5340b9d27a7cc87c7a6c98c7344eeef4cfb596919113aa00a0bad60e5e9f0	photo	clic2025-1024px-resized	vaq_strength	3.0	48733	70.224525	5111.59
/home/lilith/work/codec-corpus/clic2025/training/8bb119b8ca17492392e1e3ea4b811b32.png	medium	683	1024	0da74d8b94ff3c89f3578296ea87305ce1623d890f0c5cb8e54b907428675f15	photo	clic2025-native	qm	off	48015	73.430794	4576.40
/home/lilith/work/codec-corpus/CID22/CID22-512/training/2232979.png	medium	256	256	0bada1eb6a9f523e5e3a4d5c4742f6c21607c27996b314f47d837fdef7a8ee18	photo	CID22-512px	partition_range	fine_4_16	3282	72.254898	446.16
/home/lilith/work/codec-corpus/CID22/CID22-512/training/2232979.png	medium	256	256	0bada1eb6a9f523e5e3a4d5c4742f6c21607c27996b314f47d837fdef7a8ee18	photo	CID22-512px	partition_range	coarse_16_64	3092	70.370995	467.37
/home/lilith/work/codec-corpus/CID22/CID22-512/training/2232979.png	medium	256	256	0bada1eb6a9f523e5e3a4d5c4742f6c21607c27996b314f47d837fdef7a8ee18	photo	CID22-512px	complex_prediction_modes	on	3337	57.070080	1082.89
/home/lilith/work/codec-corpus/CID22/CID22-512/training/2232979.png	medium	256	256	0bada1eb6a9f523e5e3a4d5c4742f6c21607c27996b314f47d837fdef7a8ee18	photo	CID22-512px	lrf	off	3282	72.254898	440.57
/home/lilith/work/codec-corpus/CID22/CID22-512/training/2232979.png	medium	256	256	0bada1eb6a9f523e5e3a4d5c4742f6c21607c27996b314f47d837fdef7a8ee18	photo	CID22-512px	lrf	on	3326	72.141388	491.91
/home/lilith/work/codec-corpus/CID22/CID22-512/training/2232979.png	medium	256	256	0bada1eb6a9f523e5e3a4d5c4742f6c21607c27996b314f47d837fdef7a8ee18	photo	CID22-512px	fast_deblock	on	3282	72.146286	465.57
/home/lilith/work/codec-corpus/kadid10k/I40.png	tiny	64	48	0b96c7a9e9caadd1db7e8ff99aaefa7d927496eaf0c53e792eb669c0b8062729	mixed	kadid10k-distortion-set	baseline	default	1154	-34.662022	745744.52
/home/lilith/work/codec-corpus/kadid10k/I40.png	tiny	64	48	0b96c7a9e9caadd1db7e8ff99aaefa7d927496eaf0c53e792eb669c0b8062729	mixed	kadid10k-distortion-set	qm	off	1239	-25.462360	68.35
/home/lilith/work/codec-corpus/kadid10k/I40.png	tiny	64	48	0b96c7a9e9caadd1db7e8ff99aaefa7d927496eaf0c53e792eb669c0b8062729	mixed	kadid10k-distortion-set	vaq	on_strength_1.0	1154	-34.662022	71.24
/home/lilith/work/codec-corpus/kadid10k/I40.png	tiny	64	48	0b96c7a9e9caadd1db7e8ff99aaefa7d927496eaf0c53e792eb669c0b8062729	mixed	kadid10k-distortion-set	vaq_strength	0.5	1148	-32.898186	123.79
/home/lilith/work/codec-corpus/kadid10k/I40.png	tiny	64	48	0b96c7a9e9caadd1db7e8ff99aaefa7d927496eaf0c53e792eb669c0b8062729	mixed	kadid10k-distortion-set	vaq_strength	2.0	1149	-36.453796	104.63
/home/lilith/work/codec-corpus/kadid10k/I40.png	tiny	64	48	0b96c7a9e9caadd1db7e8ff99aaefa7d927496eaf0c53e792eb669c0b8062729	mixed	kadid10k-distortion-set	vaq_strength	3.0	1159	-39.936611	104.83
/home/lilith/work/codec-corpus/kadid10k/I40.png	tiny	64	48	0b96c7a9e9caadd1db7e8ff99aaefa7d927496eaf0c53e792eb669c0b8062729	mixed	kadid10k-distortion-set	tune_still	off	1154	-31.682468	73.55
/home/lilith/work/codec-corpus/kadid10k/I40.png	tiny	64	48	0b96c7a9e9caadd1db7e8ff99aaefa7d927496eaf0c53e792eb669c0b8062729	mixed	kadid10k-distortion-set	seg_boost	1.5	1152	-39.301430	74.50
/home/lilith/work/codec-corpus/kadid10k/I40.png	tiny	64	48	0b96c7a9e9caadd1db7e8ff99aaefa7d927496eaf0c53e792eb669c0b8062729	mixed	kadid10k-distortion-set	seg_boost	2.0	1149	-36.453796	81.19
/home/lilith/work/codec-corpus/kadid10k/I40.png	tiny	64	48	0b96c7a9e9caadd1db7e8ff99aaefa7d927496eaf0c53e792eb669c0b8062729	mixed	kadid10k-distortion-set	trellis	on	1154	-35.478268	124.66
/home/lilith/work/codec-corpus/kadid10k/I40.png	tiny	64	48	0b96c7a9e9caadd1db7e8ff99aaefa7d927496eaf0c53e792eb669c0b8062729	mixed	kadid10k-distortion-set	cdef	off	1154	-34.662022	85.18
/home/lilith/work/codec-corpus/kadid10k/I40.png	tiny	64	48	0b96c7a9e9caadd1db7e8ff99aaefa7d927496eaf0c53e792eb669c0b8062729	mixed	kadid10k-distortion-set	rdo_tx_decision	off	1144	-38.046982	35.93
/home/lilith/work/codec-corpus/kadid10k/I40.png	tiny	64	48	0b96c7a9e9caadd1db7e8ff99aaefa7d927496eaf0c53e792eb669c0b8062729	mixed	kadid10k-distortion-set	sgr_full	off	1154	-34.662022	62.98
/home/lilith/work/codec-corpus/kadid10k/I40.png	tiny	64	48	0b96c7a9e9caadd1db7e8ff99aaefa7d927496eaf0c53e792eb669c0b8062729	mixed	kadid10k-distortion-set	lru_on_skip	on	1154	-34.662022	121.28
/home/lilith/work/codec-corpus/clic2025/training/8bb119b8ca17492392e1e3ea4b811b32.png	medium	683	1024	0da74d8b94ff3c89f3578296ea87305ce1623d890f0c5cb8e54b907428675f15	photo	clic2025-native	vaq	on_strength_1.0	46328	73.509590	4811.28
/home/lilith/work/codec-corpus/clic2025-1024/100f17892cf7bb12beb12479641fcc4c.png	large	1024	1024	00f5340b9d27a7cc87c7a6c98c7344eeef4cfb596919113aa00a0bad60e5e9f0	photo	clic2025-1024px-resized	tune_still	off	53065	72.527695	4868.12
/home/lilith/work/codec-corpus/kadid10k/I40.png	tiny	64	48	0b96c7a9e9caadd1db7e8ff99aaefa7d927496eaf0c53e792eb669c0b8062729	mixed	kadid10k-distortion-set	segmentation_complex	on	1125	-39.060009	113.46
/home/lilith/work/codec-corpus/kadid10k/I40.png	tiny	64	48	0b96c7a9e9caadd1db7e8ff99aaefa7d927496eaf0c53e792eb669c0b8062729	mixed	kadid10k-distortion-set	encode_bottomup	on	1154	-34.662022	73.25
/home/lilith/work/codec-corpus/kadid10k/I40.png	tiny	64	48	0b96c7a9e9caadd1db7e8ff99aaefa7d927496eaf0c53e792eb669c0b8062729	mixed	kadid10k-distortion-set	partition_range	fine_4_16	1154	-34.662022	72.18
/home/lilith/work/codec-corpus/kadid10k/I40.png	tiny	64	48	0b96c7a9e9caadd1db7e8ff99aaefa7d927496eaf0c53e792eb669c0b8062729	mixed	kadid10k-distortion-set	partition_range	coarse_16_64	1135	-36.060574	51.36
/home/lilith/work/codec-corpus/kadid10k/I40.png	tiny	64	48	0b96c7a9e9caadd1db7e8ff99aaefa7d927496eaf0c53e792eb669c0b8062729	mixed	kadid10k-distortion-set	complex_prediction_modes	on	1157	-64.996124	221.52
/home/lilith/work/codec-corpus/kadid10k/I40.png	tiny	64	48	0b96c7a9e9caadd1db7e8ff99aaefa7d927496eaf0c53e792eb669c0b8062729	mixed	kadid10k-distortion-set	lrf	off	1154	-34.662022	66.50
/home/lilith/work/codec-corpus/kadid10k/I40.png	tiny	64	48	0b96c7a9e9caadd1db7e8ff99aaefa7d927496eaf0c53e792eb669c0b8062729	mixed	kadid10k-distortion-set	lrf	on	1156	-34.662022	87.36
/home/lilith/work/codec-corpus/kadid10k/I40.png	tiny	64	48	0b96c7a9e9caadd1db7e8ff99aaefa7d927496eaf0c53e792eb669c0b8062729	mixed	kadid10k-distortion-set	fast_deblock	on	1154	-34.665207	63.20
/home/lilith/work/codec-corpus/kadid10k/I40.png	small	256	192	0b96c7a9e9caadd1db7e8ff99aaefa7d927496eaf0c53e792eb669c0b8062729	mixed	kadid10k-distortion-set	baseline	default	13446	72.946686	570.39
/home/lilith/work/codec-corpus/kadid10k/I40.png	small	256	192	0b96c7a9e9caadd1db7e8ff99aaefa7d927496eaf0c53e792eb669c0b8062729	mixed	kadid10k-distortion-set	qm	off	14493	73.603012	472.26
/home/lilith/work/codec-corpus/kadid10k/I40.png	small	256	192	0b96c7a9e9caadd1db7e8ff99aaefa7d927496eaf0c53e792eb669c0b8062729	mixed	kadid10k-distortion-set	vaq	on_strength_1.0	13446	72.946686	492.35
/home/lilith/work/codec-corpus/kadid10k/I40.png	small	256	192	0b96c7a9e9caadd1db7e8ff99aaefa7d927496eaf0c53e792eb669c0b8062729	mixed	kadid10k-distortion-set	vaq_strength	0.5	13471	72.811111	540.27
/home/lilith/work/codec-corpus/kadid10k/I40.png	small	256	192	0b96c7a9e9caadd1db7e8ff99aaefa7d927496eaf0c53e792eb669c0b8062729	mixed	kadid10k-distortion-set	vaq_strength	2.0	13391	72.965019	506.03
/home/lilith/work/codec-corpus/kadid10k/I40.png	small	256	192	0b96c7a9e9caadd1db7e8ff99aaefa7d927496eaf0c53e792eb669c0b8062729	mixed	kadid10k-distortion-set	vaq_strength	3.0	13382	72.456764	522.22
/home/lilith/work/codec-corpus/clic2025/training/8bb119b8ca17492392e1e3ea4b811b32.png	medium	683	1024	0da74d8b94ff3c89f3578296ea87305ce1623d890f0c5cb8e54b907428675f15	photo	clic2025-native	vaq_strength	0.5	47313	73.659515	4680.64
/home/lilith/work/codec-corpus/kadid10k/I40.png	small	256	192	0b96c7a9e9caadd1db7e8ff99aaefa7d927496eaf0c53e792eb669c0b8062729	mixed	kadid10k-distortion-set	tune_still	off	13446	72.923386	524.89
/home/lilith/work/codec-corpus/kadid10k/I40.png	small	256	192	0b96c7a9e9caadd1db7e8ff99aaefa7d927496eaf0c53e792eb669c0b8062729	mixed	kadid10k-distortion-set	seg_boost	1.5	13411	72.843246	550.23
/home/lilith/work/codec-corpus/clic2025-1024/100f17892cf7bb12beb12479641fcc4c.png	large	1024	1024	00f5340b9d27a7cc87c7a6c98c7344eeef4cfb596919113aa00a0bad60e5e9f0	photo	clic2025-1024px-resized	seg_boost	1.5	51820	72.201904	5174.54
/home/lilith/work/codec-corpus/kadid10k/I40.png	small	256	192	0b96c7a9e9caadd1db7e8ff99aaefa7d927496eaf0c53e792eb669c0b8062729	mixed	kadid10k-distortion-set	seg_boost	2.0	13391	72.965019	489.93
/home/lilith/work/codec-corpus/kadid10k/I40.png	small	256	192	0b96c7a9e9caadd1db7e8ff99aaefa7d927496eaf0c53e792eb669c0b8062729	mixed	kadid10k-distortion-set	trellis	on	13417	72.754601	1091.85
/home/lilith/work/codec-corpus/kadid10k/I40.png	small	256	192	0b96c7a9e9caadd1db7e8ff99aaefa7d927496eaf0c53e792eb669c0b8062729	mixed	kadid10k-distortion-set	cdef	off	13446	72.946686	541.54
/home/lilith/work/codec-corpus/kadid10k/I40.png	small	256	192	0b96c7a9e9caadd1db7e8ff99aaefa7d927496eaf0c53e792eb669c0b8062729	mixed	kadid10k-distortion-set	rdo_tx_decision	off	13605	72.653618	166.16
/home/lilith/work/codec-corpus/kadid10k/I40.png	small	256	192	0b96c7a9e9caadd1db7e8ff99aaefa7d927496eaf0c53e792eb669c0b8062729	mixed	kadid10k-distortion-set	sgr_full	off	13446	72.946686	552.16
/home/lilith/work/codec-corpus/kadid10k/I40.png	small	256	192	0b96c7a9e9caadd1db7e8ff99aaefa7d927496eaf0c53e792eb669c0b8062729	mixed	kadid10k-distortion-set	lru_on_skip	on	13446	72.946686	530.01
/home/lilith/work/codec-corpus/clic2025/training/8bb119b8ca17492392e1e3ea4b811b32.png	medium	683	1024	0da74d8b94ff3c89f3578296ea87305ce1623d890f0c5cb8e54b907428675f15	photo	clic2025-native	vaq_strength	2.0	45239	72.799896	4798.78
/home/lilith/work/codec-corpus/kadid10k/I40.png	small	256	192	0b96c7a9e9caadd1db7e8ff99aaefa7d927496eaf0c53e792eb669c0b8062729	mixed	kadid10k-distortion-set	segmentation_complex	on	13196	72.567894	726.33
/home/lilith/work/codec-corpus/clic2025-1024/100f17892cf7bb12beb12479641fcc4c.png	large	1024	1024	00f5340b9d27a7cc87c7a6c98c7344eeef4cfb596919113aa00a0bad60e5e9f0	photo	clic2025-1024px-resized	seg_boost	2.0	50478	71.648262	5123.16
/home/lilith/work/codec-corpus/kadid10k/I40.png	small	256	192	0b96c7a9e9caadd1db7e8ff99aaefa7d927496eaf0c53e792eb669c0b8062729	mixed	kadid10k-distortion-set	encode_bottomup	on	13330	62.064541	1039.00
/home/lilith/work/codec-corpus/kadid10k/I40.png	small	256	192	0b96c7a9e9caadd1db7e8ff99aaefa7d927496eaf0c53e792eb669c0b8062729	mixed	kadid10k-distortion-set	partition_range	fine_4_16	13446	72.946686	608.23
/home/lilith/work/codec-corpus/kadid10k/I40.png	small	256	192	0b96c7a9e9caadd1db7e8ff99aaefa7d927496eaf0c53e792eb669c0b8062729	mixed	kadid10k-distortion-set	partition_range	coarse_16_64	13477	72.430908	457.68
/home/lilith/work/codec-corpus/kadid10k/I40.png	small	256	192	0b96c7a9e9caadd1db7e8ff99aaefa7d927496eaf0c53e792eb669c0b8062729	mixed	kadid10k-distortion-set	complex_prediction_modes	on	13430	9.235250	1173.23
/home/lilith/work/codec-corpus/kadid10k/I40.png	small	256	192	0b96c7a9e9caadd1db7e8ff99aaefa7d927496eaf0c53e792eb669c0b8062729	mixed	kadid10k-distortion-set	lrf	off	13446	72.946686	629.56
/home/lilith/work/codec-corpus/kadid10k/I40.png	small	256	192	0b96c7a9e9caadd1db7e8ff99aaefa7d927496eaf0c53e792eb669c0b8062729	mixed	kadid10k-distortion-set	lrf	on	13487	73.054321	542.89
/home/lilith/work/codec-corpus/clic2025/training/8bb119b8ca17492392e1e3ea4b811b32.png	medium	683	1024	0da74d8b94ff3c89f3578296ea87305ce1623d890f0c5cb8e54b907428675f15	photo	clic2025-native	vaq_strength	3.0	45220	71.173508	5044.64
/home/lilith/work/codec-corpus/kadid10k/I40.png	small	256	192	0b96c7a9e9caadd1db7e8ff99aaefa7d927496eaf0c53e792eb669c0b8062729	mixed	kadid10k-distortion-set	fast_deblock	on	13446	72.857307	600.17
/home/lilith/work/codec-corpus/CID22/CID22-512/training/1292115.png	small	64	64	09b0f0f333e9993b4b8348f45b8a37be77d4f2b0db1b6b9d2d724c221190f813	photo	CID22-512px	baseline	default	592	78.101212	762903.58
/home/lilith/work/codec-corpus/CID22/CID22-512/training/1292115.png	small	64	64	09b0f0f333e9993b4b8348f45b8a37be77d4f2b0db1b6b9d2d724c221190f813	photo	CID22-512px	qm	off	606	77.220802	30.65
/home/lilith/work/codec-corpus/CID22/CID22-512/training/1292115.png	small	64	64	09b0f0f333e9993b4b8348f45b8a37be77d4f2b0db1b6b9d2d724c221190f813	photo	CID22-512px	vaq	on_strength_1.0	592	78.101212	51.86
/home/lilith/work/codec-corpus/CID22/CID22-512/training/1292115.png	small	64	64	09b0f0f333e9993b4b8348f45b8a37be77d4f2b0db1b6b9d2d724c221190f813	photo	CID22-512px	vaq_strength	0.5	591	77.386063	29.64
/home/lilith/work/codec-corpus/CID22/CID22-512/training/1292115.png	small	64	64	09b0f0f333e9993b4b8348f45b8a37be77d4f2b0db1b6b9d2d724c221190f813	photo	CID22-512px	vaq_strength	2.0	576	76.611595	22.32
/home/lilith/work/codec-corpus/CID22/CID22-512/training/1292115.png	small	64	64	09b0f0f333e9993b4b8348f45b8a37be77d4f2b0db1b6b9d2d724c221190f813	photo	CID22-512px	vaq_strength	3.0	575	76.099518	26.72
/home/lilith/work/codec-corpus/CID22/CID22-512/training/1292115.png	small	64	64	09b0f0f333e9993b4b8348f45b8a37be77d4f2b0db1b6b9d2d724c221190f813	photo	CID22-512px	tune_still	off	592	77.868889	33.64
/home/lilith/work/codec-corpus/CID22/CID22-512/training/1292115.png	small	64	64	09b0f0f333e9993b4b8348f45b8a37be77d4f2b0db1b6b9d2d724c221190f813	photo	CID22-512px	seg_boost	1.5	585	78.467949	20.41
/home/lilith/work/codec-corpus/CID22/CID22-512/training/1292115.png	small	64	64	09b0f0f333e9993b4b8348f45b8a37be77d4f2b0db1b6b9d2d724c221190f813	photo	CID22-512px	seg_boost	2.0	576	76.611595	26.10
/home/lilith/work/codec-corpus/CID22/CID22-512/training/1292115.png	small	64	64	09b0f0f333e9993b4b8348f45b8a37be77d4f2b0db1b6b9d2d724c221190f813	photo	CID22-512px	trellis	on	588	78.136185	43.87
/home/lilith/work/codec-corpus/CID22/CID22-512/training/1292115.png	small	64	64	09b0f0f333e9993b4b8348f45b8a37be77d4f2b0db1b6b9d2d724c221190f813	photo	CID22-512px	cdef	off	592	78.101212	62.69
/home/lilith/work/codec-corpus/CID22/CID22-512/training/1292115.png	small	64	64	09b0f0f333e9993b4b8348f45b8a37be77d4f2b0db1b6b9d2d724c221190f813	photo	CID22-512px	rdo_tx_decision	off	605	78.053650	26.83
/home/lilith/work/codec-corpus/CID22/CID22-512/training/1292115.png	small	64	64	09b0f0f333e9993b4b8348f45b8a37be77d4f2b0db1b6b9d2d724c221190f813	photo	CID22-512px	sgr_full	off	592	78.101212	58.00
/home/lilith/work/codec-corpus/CID22/CID22-512/training/1292115.png	small	64	64	09b0f0f333e9993b4b8348f45b8a37be77d4f2b0db1b6b9d2d724c221190f813	photo	CID22-512px	lru_on_skip	on	592	78.101212	60.35
/home/lilith/work/codec-corpus/CID22/CID22-512/training/1292115.png	small	64	64	09b0f0f333e9993b4b8348f45b8a37be77d4f2b0db1b6b9d2d724c221190f813	photo	CID22-512px	segmentation_complex	on	571	78.028786	41.59
/home/lilith/work/codec-corpus/CID22/CID22-512/training/1292115.png	small	64	64	09b0f0f333e9993b4b8348f45b8a37be77d4f2b0db1b6b9d2d724c221190f813	photo	CID22-512px	encode_bottomup	on	592	78.101212	88.68
/home/lilith/work/codec-corpus/CID22/CID22-512/training/1292115.png	small	64	64	09b0f0f333e9993b4b8348f45b8a37be77d4f2b0db1b6b9d2d724c221190f813	photo	CID22-512px	partition_range	fine_4_16	592	78.101212	37.41
/home/lilith/work/codec-corpus/CID22/CID22-512/training/1292115.png	small	64	64	09b0f0f333e9993b4b8348f45b8a37be77d4f2b0db1b6b9d2d724c221190f813	photo	CID22-512px	partition_range	coarse_16_64	588	78.723297	69.06
/home/lilith/work/codec-corpus/CID22/CID22-512/training/1292115.png	small	64	64	09b0f0f333e9993b4b8348f45b8a37be77d4f2b0db1b6b9d2d724c221190f813	photo	CID22-512px	complex_prediction_modes	on	593	-6.187151	61.95
/home/lilith/work/codec-corpus/CID22/CID22-512/training/1292115.png	small	64	64	09b0f0f333e9993b4b8348f45b8a37be77d4f2b0db1b6b9d2d724c221190f813	photo	CID22-512px	lrf	off	592	78.101212	41.66
/home/lilith/work/codec-corpus/CID22/CID22-512/training/1292115.png	small	64	64	09b0f0f333e9993b4b8348f45b8a37be77d4f2b0db1b6b9d2d724c221190f813	photo	CID22-512px	lrf	on	596	78.065147	52.32
/home/lilith/work/codec-corpus/CID22/CID22-512/training/1292115.png	small	64	64	09b0f0f333e9993b4b8348f45b8a37be77d4f2b0db1b6b9d2d724c221190f813	photo	CID22-512px	fast_deblock	on	592	78.205856	33.90
/home/lilith/work/codec-corpus/clic2025-1024/100f17892cf7bb12beb12479641fcc4c.png	large	1024	1024	00f5340b9d27a7cc87c7a6c98c7344eeef4cfb596919113aa00a0bad60e5e9f0	photo	clic2025-1024px-resized	trellis	on	52796	72.634644	6285.86
/home/lilith/work/codec-corpus/CID22/CID22-512/training/1292115.png	medium	256	256	09b0f0f333e9993b4b8348f45b8a37be77d4f2b0db1b6b9d2d724c221190f813	photo	CID22-512px	baseline	default	3464	74.921448	326.86
/home/lilith/work/codec-corpus/CID22/CID22-512/training/1292115.png	medium	256	256	09b0f0f333e9993b4b8348f45b8a37be77d4f2b0db1b6b9d2d724c221190f813	photo	CID22-512px	qm	off	3654	75.325478	308.75
/home/lilith/work/codec-corpus/CID22/CID22-512/training/1292115.png	medium	256	256	09b0f0f333e9993b4b8348f45b8a37be77d4f2b0db1b6b9d2d724c221190f813	photo	CID22-512px	vaq	on_strength_1.0	3464	74.921448	316.47
/home/lilith/work/codec-corpus/CID22/CID22-512/training/1292115.png	medium	256	256	09b0f0f333e9993b4b8348f45b8a37be77d4f2b0db1b6b9d2d724c221190f813	photo	CID22-512px	vaq_strength	0.5	3552	74.882462	330.10
/home/lilith/work/codec-corpus/CID22/CID22-512/training/1292115.png	medium	256	256	09b0f0f333e9993b4b8348f45b8a37be77d4f2b0db1b6b9d2d724c221190f813	photo	CID22-512px	vaq_strength	2.0	3449	75.067200	326.28
/home/lilith/work/codec-corpus/CID22/CID22-512/training/1292115.png	medium	256	256	09b0f0f333e9993b4b8348f45b8a37be77d4f2b0db1b6b9d2d724c221190f813	photo	CID22-512px	vaq_strength	3.0	3452	74.470291	365.13
/home/lilith/work/codec-corpus/CID22/CID22-512/training/1292115.png	medium	256	256	09b0f0f333e9993b4b8348f45b8a37be77d4f2b0db1b6b9d2d724c221190f813	photo	CID22-512px	tune_still	off	3464	74.785179	507.52
/home/lilith/work/codec-corpus/clic2025/training/8bb119b8ca17492392e1e3ea4b811b32.png	medium	683	1024	0da74d8b94ff3c89f3578296ea87305ce1623d890f0c5cb8e54b907428675f15	photo	clic2025-native	tune_still	off	46328	73.416183	4869.83
/home/lilith/work/codec-corpus/CID22/CID22-512/training/1292115.png	medium	256	256	09b0f0f333e9993b4b8348f45b8a37be77d4f2b0db1b6b9d2d724c221190f813	photo	CID22-512px	seg_boost	1.5	3451	74.966621	326.84
/home/lilith/work/codec-corpus/CID22/CID22-512/training/1292115.png	medium	256	256	09b0f0f333e9993b4b8348f45b8a37be77d4f2b0db1b6b9d2d724c221190f813	photo	CID22-512px	seg_boost	2.0	3449	75.067200	313.07
/home/lilith/work/codec-corpus/CID22/CID22-512/training/1292115.png	medium	256	256	09b0f0f333e9993b4b8348f45b8a37be77d4f2b0db1b6b9d2d724c221190f813	photo	CID22-512px	trellis	on	3462	74.783524	517.66
/home/lilith/work/codec-corpus/CID22/CID22-512/training/1292115.png	medium	256	256	09b0f0f333e9993b4b8348f45b8a37be77d4f2b0db1b6b9d2d724c221190f813	photo	CID22-512px	cdef	off	3464	74.921448	324.39
/home/lilith/work/codec-corpus/CID22/CID22-512/training/1292115.png	medium	256	256	09b0f0f333e9993b4b8348f45b8a37be77d4f2b0db1b6b9d2d724c221190f813	photo	CID22-512px	rdo_tx_decision	off	3553	74.371483	163.48
/home/lilith/work/codec-corpus/CID22/CID22-512/training/1292115.png	medium	256	256	09b0f0f333e9993b4b8348f45b8a37be77d4f2b0db1b6b9d2d724c221190f813	photo	CID22-512px	sgr_full	off	3464	74.921448	374.13
/home/lilith/work/codec-corpus/clic2025-1024/100f17892cf7bb12beb12479641fcc4c.png	large	1024	1024	00f5340b9d27a7cc87c7a6c98c7344eeef4cfb596919113aa00a0bad60e5e9f0	photo	clic2025-1024px-resized	cdef	off	53065	72.573082	4786.88
/home/lilith/work/codec-corpus/CID22/CID22-512/training/1292115.png	medium	256	256	09b0f0f333e9993b4b8348f45b8a37be77d4f2b0db1b6b9d2d724c221190f813	photo	CID22-512px	lru_on_skip	on	3464	74.921448	370.20
/home/lilith/work/codec-corpus/CID22/CID22-512/training/1292115.png	medium	256	256	09b0f0f333e9993b4b8348f45b8a37be77d4f2b0db1b6b9d2d724c221190f813	photo	CID22-512px	segmentation_complex	on	3295	74.214455	622.51
/home/lilith/work/codec-corpus/CID22/CID22-512/training/1292115.png	medium	256	256	09b0f0f333e9993b4b8348f45b8a37be77d4f2b0db1b6b9d2d724c221190f813	photo	CID22-512px	encode_bottomup	on	3515	74.976753	540.32
/home/lilith/work/codec-corpus/CID22/CID22-512/training/1292115.png	medium	256	256	09b0f0f333e9993b4b8348f45b8a37be77d4f2b0db1b6b9d2d724c221190f813	photo	CID22-512px	partition_range	fine_4_16	3464	74.921448	341.05
/home/lilith/work/codec-corpus/clic2025-1024/100f17892cf7bb12beb12479641fcc4c.png	large	1024	1024	00f5340b9d27a7cc87c7a6c98c7344eeef4cfb596919113aa00a0bad60e5e9f0	photo	clic2025-1024px-resized	rdo_tx_decision	off	52937	72.173172	1824.59
/home/lilith/work/codec-corpus/CID22/CID22-512/training/1292115.png	medium	256	256	09b0f0f333e9993b4b8348f45b8a37be77d4f2b0db1b6b9d2d724c221190f813	photo	CID22-512px	partition_range	coarse_16_64	3383	74.606598	406.95
/home/lilith/work/codec-corpus/clic2025/training/8bb119b8ca17492392e1e3ea4b811b32.png	medium	683	1024	0da74d8b94ff3c89f3578296ea87305ce1623d890f0c5cb8e54b907428675f15	photo	clic2025-native	seg_boost	1.5	45751	73.243950	4870.79
/home/lilith/work/codec-corpus/CID22/CID22-512/training/1292115.png	medium	256	256	09b0f0f333e9993b4b8348f45b8a37be77d4f2b0db1b6b9d2d724c221190f813	photo	CID22-512px	complex_prediction_modes	on	3475	42.266991	948.43
/home/lilith/work/codec-corpus/CID22/CID22-512/training/1292115.png	medium	256	256	09b0f0f333e9993b4b8348f45b8a37be77d4f2b0db1b6b9d2d724c221190f813	photo	CID22-512px	lrf	off	3464	74.921448	329.31
/home/lilith/work/codec-corpus/CID22/CID22-512/training/1292115.png	medium	256	256	09b0f0f333e9993b4b8348f45b8a37be77d4f2b0db1b6b9d2d724c221190f813	photo	CID22-512px	lrf	on	3488	74.592857	363.30
/home/lilith/work/codec-corpus/CID22/CID22-512/training/1292115.png	medium	256	256	09b0f0f333e9993b4b8348f45b8a37be77d4f2b0db1b6b9d2d724c221190f813	photo	CID22-512px	fast_deblock	on	3464	74.885956	306.29
/home/lilith/work/codec-corpus/clic2025/final-test/07b9f93f170a0381836bdf301280a5b80b2c4be6e66f793a3c335dc200fb4e5b.png	tiny	64	43	093af998fc083fcf4165ce77d58e4072face3ecff1ffc052dbac4a69c7ab61fb	photo	clic2025-native	baseline	default	929	-31.684111	774755.14
/home/lilith/work/codec-corpus/clic2025/final-test/07b9f93f170a0381836bdf301280a5b80b2c4be6e66f793a3c335dc200fb4e5b.png	tiny	64	43	093af998fc083fcf4165ce77d58e4072face3ecff1ffc052dbac4a69c7ab61fb	photo	clic2025-native	qm	off	972	-23.673944	94.88
/home/lilith/work/codec-corpus/clic2025/final-test/07b9f93f170a0381836bdf301280a5b80b2c4be6e66f793a3c335dc200fb4e5b.png	tiny	64	43	093af998fc083fcf4165ce77d58e4072face3ecff1ffc052dbac4a69c7ab61fb	photo	clic2025-native	vaq	on_strength_1.0	929	-31.684111	162.18
/home/lilith/work/codec-corpus/clic2025/final-test/07b9f93f170a0381836bdf301280a5b80b2c4be6e66f793a3c335dc200fb4e5b.png	tiny	64	43	093af998fc083fcf4165ce77d58e4072face3ecff1ffc052dbac4a69c7ab61fb	photo	clic2025-native	vaq_strength	0.5	949	-24.559298	122.53
/home/lilith/work/codec-corpus/clic2025/final-test/07b9f93f170a0381836bdf301280a5b80b2c4be6e66f793a3c335dc200fb4e5b.png	tiny	64	43	093af998fc083fcf4165ce77d58e4072face3ecff1ffc052dbac4a69c7ab61fb	photo	clic2025-native	vaq_strength	2.0	892	-38.894257	72.42
/home/lilith/work/codec-corpus/clic2025/final-test/07b9f93f170a0381836bdf301280a5b80b2c4be6e66f793a3c335dc200fb4e5b.png	tiny	64	43	093af998fc083fcf4165ce77d58e4072face3ecff1ffc052dbac4a69c7ab61fb	photo	clic2025-native	vaq_strength	3.0	892	-37.681328	79.45
/home/lilith/work/codec-corpus/clic2025/final-test/07b9f93f170a0381836bdf301280a5b80b2c4be6e66f793a3c335dc200fb4e5b.png	tiny	64	43	093af998fc083fcf4165ce77d58e4072face3ecff1ffc052dbac4a69c7ab61fb	photo	clic2025-native	tune_still	off	929	-18.917416	79.77
/home/lilith/work/codec-corpus/clic2025/final-test/07b9f93f170a0381836bdf301280a5b80b2c4be6e66f793a3c335dc200fb4e5b.png	tiny	64	43	093af998fc083fcf4165ce77d58e4072face3ecff1ffc052dbac4a69c7ab61fb	photo	clic2025-native	seg_boost	1.5	914	-24.526913	92.95
/home/lilith/work/codec-corpus/clic2025/final-test/07b9f93f170a0381836bdf301280a5b80b2c4be6e66f793a3c335dc200fb4e5b.png	tiny	64	43	093af998fc083fcf4165ce77d58e4072face3ecff1ffc052dbac4a69c7ab61fb	photo	clic2025-native	seg_boost	2.0	892	-38.894257	74.12
/home/lilith/work/codec-corpus/clic2025/final-test/07b9f93f170a0381836bdf301280a5b80b2c4be6e66f793a3c335dc200fb4e5b.png	tiny	64	43	093af998fc083fcf4165ce77d58e4072face3ecff1ffc052dbac4a69c7ab61fb	photo	clic2025-native	trellis	on	945	-29.175632	135.85
/home/lilith/work/codec-corpus/clic2025/final-test/07b9f93f170a0381836bdf301280a5b80b2c4be6e66f793a3c335dc200fb4e5b.png	tiny	64	43	093af998fc083fcf4165ce77d58e4072face3ecff1ffc052dbac4a69c7ab61fb	photo	clic2025-native	cdef	off	929	-31.684111	101.25
/home/lilith/work/codec-corpus/clic2025/final-test/07b9f93f170a0381836bdf301280a5b80b2c4be6e66f793a3c335dc200fb4e5b.png	tiny	64	43	093af998fc083fcf4165ce77d58e4072face3ecff1ffc052dbac4a69c7ab61fb	photo	clic2025-native	rdo_tx_decision	off	940	-44.447033	45.74
/home/lilith/work/codec-corpus/clic2025/final-test/07b9f93f170a0381836bdf301280a5b80b2c4be6e66f793a3c335dc200fb4e5b.png	tiny	64	43	093af998fc083fcf4165ce77d58e4072face3ecff1ffc052dbac4a69c7ab61fb	photo	clic2025-native	sgr_full	off	929	-31.684111	82.90
/home/lilith/work/codec-corpus/clic2025/final-test/07b9f93f170a0381836bdf301280a5b80b2c4be6e66f793a3c335dc200fb4e5b.png	tiny	64	43	093af998fc083fcf4165ce77d58e4072face3ecff1ffc052dbac4a69c7ab61fb	photo	clic2025-native	lru_on_skip	on	929	-31.684111	86.76
/home/lilith/work/codec-corpus/clic2025/final-test/07b9f93f170a0381836bdf301280a5b80b2c4be6e66f793a3c335dc200fb4e5b.png	tiny	64	43	093af998fc083fcf4165ce77d58e4072face3ecff1ffc052dbac4a69c7ab61fb	photo	clic2025-native	segmentation_complex	on	909	-27.140333	118.80
/home/lilith/work/codec-corpus/clic2025/final-test/07b9f93f170a0381836bdf301280a5b80b2c4be6e66f793a3c335dc200fb4e5b.png	tiny	64	43	093af998fc083fcf4165ce77d58e4072face3ecff1ffc052dbac4a69c7ab61fb	photo	clic2025-native	encode_bottomup	on	929	-31.684111	82.62
/home/lilith/work/codec-corpus/clic2025/final-test/07b9f93f170a0381836bdf301280a5b80b2c4be6e66f793a3c335dc200fb4e5b.png	tiny	64	43	093af998fc083fcf4165ce77d58e4072face3ecff1ffc052dbac4a69c7ab61fb	photo	clic2025-native	partition_range	fine_4_16	929	-31.684111	82.22
/home/lilith/work/codec-corpus/clic2025/final-test/07b9f93f170a0381836bdf301280a5b80b2c4be6e66f793a3c335dc200fb4e5b.png	tiny	64	43	093af998fc083fcf4165ce77d58e4072face3ecff1ffc052dbac4a69c7ab61fb	photo	clic2025-native	partition_range	coarse_16_64	962	-46.776260	52.10
/home/lilith/work/codec-corpus/clic2025-1024/100f17892cf7bb12beb12479641fcc4c.png	large	1024	1024	00f5340b9d27a7cc87c7a6c98c7344eeef4cfb596919113aa00a0bad60e5e9f0	photo	clic2025-1024px-resized	sgr_full	off	53065	72.573082	4793.96
/home/lilith/work/codec-corpus/clic2025/final-test/07b9f93f170a0381836bdf301280a5b80b2c4be6e66f793a3c335dc200fb4e5b.png	tiny	64	43	093af998fc083fcf4165ce77d58e4072face3ecff1ffc052dbac4a69c7ab61fb	photo	clic2025-native	complex_prediction_modes	on	923	-34.578873	289.08
/home/lilith/work/codec-corpus/clic2025/final-test/07b9f93f170a0381836bdf301280a5b80b2c4be6e66f793a3c335dc200fb4e5b.png	tiny	64	43	093af998fc083fcf4165ce77d58e4072face3ecff1ffc052dbac4a69c7ab61fb	photo	clic2025-native	lrf	off	929	-31.684111	106.91
/home/lilith/work/codec-corpus/clic2025/final-test/07b9f93f170a0381836bdf301280a5b80b2c4be6e66f793a3c335dc200fb4e5b.png	tiny	64	43	093af998fc083fcf4165ce77d58e4072face3ecff1ffc052dbac4a69c7ab61fb	photo	clic2025-native	lrf	on	930	-31.684111	112.37
/home/lilith/work/codec-corpus/clic2025/final-test/07b9f93f170a0381836bdf301280a5b80b2c4be6e66f793a3c335dc200fb4e5b.png	tiny	64	43	093af998fc083fcf4165ce77d58e4072face3ecff1ffc052dbac4a69c7ab61fb	photo	clic2025-native	fast_deblock	on	929	-31.528433	103.81
/home/lilith/work/codec-corpus/clic2025/training/8bb119b8ca17492392e1e3ea4b811b32.png	medium	683	1024	0da74d8b94ff3c89f3578296ea87305ce1623d890f0c5cb8e54b907428675f15	photo	clic2025-native	seg_boost	2.0	45239	72.799896	4959.23
/home/lilith/work/codec-corpus/clic2025/final-test/07b9f93f170a0381836bdf301280a5b80b2c4be6e66f793a3c335dc200fb4e5b.png	small	256	170	093af998fc083fcf4165ce77d58e4072face3ecff1ffc052dbac4a69c7ab61fb	photo	clic2025-native	baseline	default	6745	75.773949	619.06
/home/lilith/work/codec-corpus/clic2025/final-test/07b9f93f170a0381836bdf301280a5b80b2c4be6e66f793a3c335dc200fb4e5b.png	small	256	170	093af998fc083fcf4165ce77d58e4072face3ecff1ffc052dbac4a69c7ab61fb	photo	clic2025-native	qm	off	7182	76.884903	662.16
/home/lilith/work/codec-corpus/clic2025/final-test/07b9f93f170a0381836bdf301280a5b80b2c4be6e66f793a3c335dc200fb4e5b.png	small	256	170	093af998fc083fcf4165ce77d58e4072face3ecff1ffc052dbac4a69c7ab61fb	photo	clic2025-native	vaq	on_strength_1.0	6745	75.773949	615.39
/home/lilith/work/codec-corpus/clic2025/final-test/07b9f93f170a0381836bdf301280a5b80b2c4be6e66f793a3c335dc200fb4e5b.png	small	256	170	093af998fc083fcf4165ce77d58e4072face3ecff1ffc052dbac4a69c7ab61fb	photo	clic2025-native	vaq_strength	0.5	7097	76.235893	676.92
/home/lilith/work/codec-corpus/clic2025/final-test/07b9f93f170a0381836bdf301280a5b80b2c4be6e66f793a3c335dc200fb4e5b.png	small	256	170	093af998fc083fcf4165ce77d58e4072face3ecff1ffc052dbac4a69c7ab61fb	photo	clic2025-native	vaq_strength	2.0	6304	72.375465	597.30
/home/lilith/work/codec-corpus/clic2025/final-test/07b9f93f170a0381836bdf301280a5b80b2c4be6e66f793a3c335dc200fb4e5b.png	small	256	170	093af998fc083fcf4165ce77d58e4072face3ecff1ffc052dbac4a69c7ab61fb	photo	clic2025-native	vaq_strength	3.0	6144	69.983910	601.35
/home/lilith/work/codec-corpus/clic2025-1024/100f17892cf7bb12beb12479641fcc4c.png	large	1024	1024	00f5340b9d27a7cc87c7a6c98c7344eeef4cfb596919113aa00a0bad60e5e9f0	photo	clic2025-1024px-resized	lru_on_skip	on	53065	72.573082	4888.86
/home/lilith/work/codec-corpus/clic2025/final-test/07b9f93f170a0381836bdf301280a5b80b2c4be6e66f793a3c335dc200fb4e5b.png	small	256	170	093af998fc083fcf4165ce77d58e4072face3ecff1ffc052dbac4a69c7ab61fb	photo	clic2025-native	tune_still	off	6745	75.696823	582.50
/home/lilith/work/codec-corpus/clic2025/final-test/07b9f93f170a0381836bdf301280a5b80b2c4be6e66f793a3c335dc200fb4e5b.png	small	256	170	093af998fc083fcf4165ce77d58e4072face3ecff1ffc052dbac4a69c7ab61fb	photo	clic2025-native	seg_boost	1.5	6556	74.731888	627.02
/home/lilith/work/codec-corpus/clic2025/final-test/07b9f93f170a0381836bdf301280a5b80b2c4be6e66f793a3c335dc200fb4e5b.png	small	256	170	093af998fc083fcf4165ce77d58e4072face3ecff1ffc052dbac4a69c7ab61fb	photo	clic2025-native	seg_boost	2.0	6304	72.375465	602.69
/home/lilith/work/codec-corpus/clic2025/final-test/07b9f93f170a0381836bdf301280a5b80b2c4be6e66f793a3c335dc200fb4e5b.png	small	256	170	093af998fc083fcf4165ce77d58e4072face3ecff1ffc052dbac4a69c7ab61fb	photo	clic2025-native	trellis	on	6778	75.352867	1027.00
/home/lilith/work/codec-corpus/clic2025/training/8bb119b8ca17492392e1e3ea4b811b32.png	medium	683	1024	0da74d8b94ff3c89f3578296ea87305ce1623d890f0c5cb8e54b907428675f15	photo	clic2025-native	trellis	on	45965	73.277756	7102.44
/home/lilith/work/codec-corpus/clic2025/final-test/07b9f93f170a0381836bdf301280a5b80b2c4be6e66f793a3c335dc200fb4e5b.png	small	256	170	093af998fc083fcf4165ce77d58e4072face3ecff1ffc052dbac4a69c7ab61fb	photo	clic2025-native	cdef	off	6745	75.773949	601.14
/home/lilith/work/codec-corpus/clic2025/final-test/07b9f93f170a0381836bdf301280a5b80b2c4be6e66f793a3c335dc200fb4e5b.png	small	256	170	093af998fc083fcf4165ce77d58e4072face3ecff1ffc052dbac4a69c7ab61fb	photo	clic2025-native	rdo_tx_decision	off	6921	74.704910	240.69
/home/lilith/work/codec-corpus/clic2025/final-test/07b9f93f170a0381836bdf301280a5b80b2c4be6e66f793a3c335dc200fb4e5b.png	small	256	170	093af998fc083fcf4165ce77d58e4072face3ecff1ffc052dbac4a69c7ab61fb	photo	clic2025-native	sgr_full	off	6745	75.773949	759.64
/home/lilith/work/codec-corpus/clic2025/final-test/07b9f93f170a0381836bdf301280a5b80b2c4be6e66f793a3c335dc200fb4e5b.png	small	256	170	093af998fc083fcf4165ce77d58e4072face3ecff1ffc052dbac4a69c7ab61fb	photo	clic2025-native	lru_on_skip	on	6745	75.773949	573.25
/home/lilith/work/codec-corpus/clic2025/final-test/07b9f93f170a0381836bdf301280a5b80b2c4be6e66f793a3c335dc200fb4e5b.png	small	256	170	093af998fc083fcf4165ce77d58e4072face3ecff1ffc052dbac4a69c7ab61fb	photo	clic2025-native	segmentation_complex	on	6502	73.591278	955.28
/home/lilith/work/codec-corpus/clic2025/final-test/07b9f93f170a0381836bdf301280a5b80b2c4be6e66f793a3c335dc200fb4e5b.png	small	256	170	093af998fc083fcf4165ce77d58e4072face3ecff1ffc052dbac4a69c7ab61fb	photo	clic2025-native	encode_bottomup	on	6725	71.419434	811.70
/home/lilith/work/codec-corpus/clic2025/final-test/07b9f93f170a0381836bdf301280a5b80b2c4be6e66f793a3c335dc200fb4e5b.png	small	256	170	093af998fc083fcf4165ce77d58e4072face3ecff1ffc052dbac4a69c7ab61fb	photo	clic2025-native	partition_range	fine_4_16	6745	75.773949	674.10
/home/lilith/work/codec-corpus/clic2025/training/8bb119b8ca17492392e1e3ea4b811b32.png	medium	683	1024	0da74d8b94ff3c89f3578296ea87305ce1623d890f0c5cb8e54b907428675f15	photo	clic2025-native	cdef	off	46328	73.509590	4706.23
/home/lilith/work/codec-corpus/clic2025/final-test/07b9f93f170a0381836bdf301280a5b80b2c4be6e66f793a3c335dc200fb4e5b.png	small	256	170	093af998fc083fcf4165ce77d58e4072face3ecff1ffc052dbac4a69c7ab61fb	photo	clic2025-native	partition_range	coarse_16_64	7059	76.401726	482.48
/home/lilith/work/codec-corpus/clic2025-1024/100f17892cf7bb12beb12479641fcc4c.png	large	1024	1024	00f5340b9d27a7cc87c7a6c98c7344eeef4cfb596919113aa00a0bad60e5e9f0	photo	clic2025-1024px-resized	segmentation_complex	on	51491	71.890144	8626.08
/home/lilith/work/codec-corpus/clic2025/final-test/07b9f93f170a0381836bdf301280a5b80b2c4be6e66f793a3c335dc200fb4e5b.png	small	256	170	093af998fc083fcf4165ce77d58e4072face3ecff1ffc052dbac4a69c7ab61fb	photo	clic2025-native	complex_prediction_modes	on	6756	29.710539	1511.98
/home/lilith/work/codec-corpus/clic2025/training/8bb119b8ca17492392e1e3ea4b811b32.png	medium	683	1024	0da74d8b94ff3c89f3578296ea87305ce1623d890f0c5cb8e54b907428675f15	photo	clic2025-native	rdo_tx_decision	off	47183	73.073311	1798.50
/home/lilith/work/codec-corpus/clic2025/final-test/07b9f93f170a0381836bdf301280a5b80b2c4be6e66f793a3c335dc200fb4e5b.png	small	256	170	093af998fc083fcf4165ce77d58e4072face3ecff1ffc052dbac4a69c7ab61fb	photo	clic2025-native	lrf	off	6745	75.773949	736.05
/home/lilith/work/codec-corpus/clic2025/final-test/07b9f93f170a0381836bdf301280a5b80b2c4be6e66f793a3c335dc200fb4e5b.png	small	256	170	093af998fc083fcf4165ce77d58e4072face3ecff1ffc052dbac4a69c7ab61fb	photo	clic2025-native	lrf	on	6781	75.901733	626.90
/home/lilith/work/codec-corpus/clic2025/final-test/07b9f93f170a0381836bdf301280a5b80b2c4be6e66f793a3c335dc200fb4e5b.png	small	256	170	093af998fc083fcf4165ce77d58e4072face3ecff1ffc052dbac4a69c7ab61fb	photo	clic2025-native	fast_deblock	on	6745	75.738892	637.76
/home/lilith/work/codec-corpus/clic2025/training/8bb119b8ca17492392e1e3ea4b811b32.png	medium	683	1024	0da74d8b94ff3c89f3578296ea87305ce1623d890f0c5cb8e54b907428675f15	photo	clic2025-native	sgr_full	off	46328	73.509590	4915.90
/home/lilith/work/codec-corpus/clic2025-1024/100f17892cf7bb12beb12479641fcc4c.png	large	1024	1024	00f5340b9d27a7cc87c7a6c98c7344eeef4cfb596919113aa00a0bad60e5e9f0	photo	clic2025-1024px-resized	encode_bottomup	on	54118	68.803207	8072.85
/home/lilith/work/codec-corpus/clic2025/final-test/07b9f93f170a0381836bdf301280a5b80b2c4be6e66f793a3c335dc200fb4e5b.png	medium	1024	680	093af998fc083fcf4165ce77d58e4072face3ecff1ffc052dbac4a69c7ab61fb	photo	clic2025-native	baseline	default	75940	74.627357	5877.47
/home/lilith/work/codec-corpus/clic2025/training/8bb119b8ca17492392e1e3ea4b811b32.png	medium	683	1024	0da74d8b94ff3c89f3578296ea87305ce1623d890f0c5cb8e54b907428675f15	photo	clic2025-native	lru_on_skip	on	46328	73.509590	4745.01
/home/lilith/work/codec-corpus/clic2025-1024/100f17892cf7bb12beb12479641fcc4c.png	large	1024	1024	00f5340b9d27a7cc87c7a6c98c7344eeef4cfb596919113aa00a0bad60e5e9f0	photo	clic2025-1024px-resized	partition_range	fine_4_16	53065	72.573082	5167.08
/home/lilith/work/codec-corpus/clic2025/final-test/07b9f93f170a0381836bdf301280a5b80b2c4be6e66f793a3c335dc200fb4e5b.png	medium	1024	680	093af998fc083fcf4165ce77d58e4072face3ecff1ffc052dbac4a69c7ab61fb	photo	clic2025-native	qm	off	80946	75.123062	5917.04
/home/lilith/work/codec-corpus/clic2025/training/8bb119b8ca17492392e1e3ea4b811b32.png	medium	683	1024	0da74d8b94ff3c89f3578296ea87305ce1623d890f0c5cb8e54b907428675f15	photo	clic2025-native	segmentation_complex	on	43592	72.360847	7726.04
/home/lilith/work/codec-corpus/clic2025-1024/100f17892cf7bb12beb12479641fcc4c.png	large	1024	1024	00f5340b9d27a7cc87c7a6c98c7344eeef4cfb596919113aa00a0bad60e5e9f0	photo	clic2025-1024px-resized	partition_range	coarse_16_64	52041	72.135193	5438.29
/home/lilith/work/codec-corpus/clic2025/final-test/07b9f93f170a0381836bdf301280a5b80b2c4be6e66f793a3c335dc200fb4e5b.png	medium	1024	680	093af998fc083fcf4165ce77d58e4072face3ecff1ffc052dbac4a69c7ab61fb	photo	clic2025-native	vaq	on_strength_1.0	75940	74.627357	6433.43
/home/lilith/work/codec-corpus/clic2025/training/8bb119b8ca17492392e1e3ea4b811b32.png	medium	683	1024	0da74d8b94ff3c89f3578296ea87305ce1623d890f0c5cb8e54b907428675f15	photo	clic2025-native	encode_bottomup	on	46125	71.005493	8249.46
/home/lilith/work/codec-corpus/clic2025/final-test/07b9f93f170a0381836bdf301280a5b80b2c4be6e66f793a3c335dc200fb4e5b.png	medium	1024	680	093af998fc083fcf4165ce77d58e4072face3ecff1ffc052dbac4a69c7ab61fb	photo	clic2025-native	vaq_strength	0.5	79592	75.194756	6267.57
/home/lilith/work/codec-corpus/clic2025/training/8bb119b8ca17492392e1e3ea4b811b32.png	medium	683	1024	0da74d8b94ff3c89f3578296ea87305ce1623d890f0c5cb8e54b907428675f15	photo	clic2025-native	partition_range	fine_4_16	46328	73.509590	5401.41
/home/lilith/work/codec-corpus/clic2025-1024/100f17892cf7bb12beb12479641fcc4c.png	large	1024	1024	00f5340b9d27a7cc87c7a6c98c7344eeef4cfb596919113aa00a0bad60e5e9f0	photo	clic2025-1024px-resized	complex_prediction_modes	on	53290	35.730835	15042.61
/home/lilith/work/codec-corpus/clic2025/final-test/07b9f93f170a0381836bdf301280a5b80b2c4be6e66f793a3c335dc200fb4e5b.png	medium	1024	680	093af998fc083fcf4165ce77d58e4072face3ecff1ffc052dbac4a69c7ab61fb	photo	clic2025-native	vaq_strength	2.0	70017	73.051788	6247.24
/home/lilith/work/codec-corpus/clic2025/training/8bb119b8ca17492392e1e3ea4b811b32.png	medium	683	1024	0da74d8b94ff3c89f3578296ea87305ce1623d890f0c5cb8e54b907428675f15	photo	clic2025-native	partition_range	coarse_16_64	45530	72.823135	4896.32
/home/lilith/work/codec-corpus/clic2025-1024/100f17892cf7bb12beb12479641fcc4c.png	large	1024	1024	00f5340b9d27a7cc87c7a6c98c7344eeef4cfb596919113aa00a0bad60e5e9f0	photo	clic2025-1024px-resized	lrf	off	53065	72.573082	4784.07
/home/lilith/work/codec-corpus/clic2025/final-test/07b9f93f170a0381836bdf301280a5b80b2c4be6e66f793a3c335dc200fb4e5b.png	medium	1024	680	093af998fc083fcf4165ce77d58e4072face3ecff1ffc052dbac4a69c7ab61fb	photo	clic2025-native	vaq_strength	3.0	66675	71.547813	6244.93
/home/lilith/work/codec-corpus/clic2025-1024/100f17892cf7bb12beb12479641fcc4c.png	large	1024	1024	00f5340b9d27a7cc87c7a6c98c7344eeef4cfb596919113aa00a0bad60e5e9f0	photo	clic2025-1024px-resized	lrf	on	53226	72.471855	5716.29
/home/lilith/work/codec-corpus/clic2025/final-test/07b9f93f170a0381836bdf301280a5b80b2c4be6e66f793a3c335dc200fb4e5b.png	medium	1024	680	093af998fc083fcf4165ce77d58e4072face3ecff1ffc052dbac4a69c7ab61fb	photo	clic2025-native	tune_still	off	75940	74.691277	6355.58
/home/lilith/work/codec-corpus/clic2025/training/8bb119b8ca17492392e1e3ea4b811b32.png	medium	683	1024	0da74d8b94ff3c89f3578296ea87305ce1623d890f0c5cb8e54b907428675f15	photo	clic2025-native	complex_prediction_modes	on	46148	43.324860	12674.12
/home/lilith/work/codec-corpus/clic2025-1024/100f17892cf7bb12beb12479641fcc4c.png	large	1024	1024	00f5340b9d27a7cc87c7a6c98c7344eeef4cfb596919113aa00a0bad60e5e9f0	photo	clic2025-1024px-resized	fast_deblock	on	53065	72.534508	5091.22
/home/lilith/work/codec-corpus/CID22/CID22-512/training/pexels-photo-951408.png	small	64	64	015162b1f6bbd3425d8c1b2978c2cd1bcb9f4b8efb68b79b3826e48504148c6c	photo	CID22-512px	baseline	default	1212	77.219078	56.30
/home/lilith/work/codec-corpus/CID22/CID22-512/training/pexels-photo-951408.png	small	64	64	015162b1f6bbd3425d8c1b2978c2cd1bcb9f4b8efb68b79b3826e48504148c6c	photo	CID22-512px	qm	off	1263	77.951302	49.64
/home/lilith/work/codec-corpus/CID22/CID22-512/training/pexels-photo-951408.png	small	64	64	015162b1f6bbd3425d8c1b2978c2cd1bcb9f4b8efb68b79b3826e48504148c6c	photo	CID22-512px	vaq	on_strength_1.0	1212	77.219078	84.89
/home/lilith/work/codec-corpus/CID22/CID22-512/training/pexels-photo-951408.png	small	64	64	015162b1f6bbd3425d8c1b2978c2cd1bcb9f4b8efb68b79b3826e48504148c6c	photo	CID22-512px	vaq_strength	0.5	1225	77.550110	82.78
/home/lilith/work/codec-corpus/CID22/CID22-512/training/pexels-photo-951408.png	small	64	64	015162b1f6bbd3425d8c1b2978c2cd1bcb9f4b8efb68b79b3826e48504148c6c	photo	CID22-512px	vaq_strength	2.0	1207	76.735603	52.46
/home/lilith/work/codec-corpus/CID22/CID22-512/training/pexels-photo-951408.png	small	64	64	015162b1f6bbd3425d8c1b2978c2cd1bcb9f4b8efb68b79b3826e48504148c6c	photo	CID22-512px	vaq_strength	3.0	1168	75.211288	52.21
/home/lilith/work/codec-corpus/CID22/CID22-512/training/pexels-photo-951408.png	small	64	64	015162b1f6bbd3425d8c1b2978c2cd1bcb9f4b8efb68b79b3826e48504148c6c	photo	CID22-512px	tune_still	off	1212	77.098625	43.29
/home/lilith/work/codec-corpus/CID22/CID22-512/training/pexels-photo-951408.png	small	64	64	015162b1f6bbd3425d8c1b2978c2cd1bcb9f4b8efb68b79b3826e48504148c6c	photo	CID22-512px	seg_boost	1.5	1202	76.271126	61.66
/home/lilith/work/codec-corpus/CID22/CID22-512/training/pexels-photo-951408.png	small	64	64	015162b1f6bbd3425d8c1b2978c2cd1bcb9f4b8efb68b79b3826e48504148c6c	photo	CID22-512px	seg_boost	2.0	1207	76.735603	50.26
/home/lilith/work/codec-corpus/CID22/CID22-512/training/pexels-photo-951408.png	small	64	64	015162b1f6bbd3425d8c1b2978c2cd1bcb9f4b8efb68b79b3826e48504148c6c	photo	CID22-512px	trellis	on	1219	77.020927	74.41
/home/lilith/work/codec-corpus/CID22/CID22-512/training/pexels-photo-951408.png	small	64	64	015162b1f6bbd3425d8c1b2978c2cd1bcb9f4b8efb68b79b3826e48504148c6c	photo	CID22-512px	cdef	off	1212	77.219078	42.98
/home/lilith/work/codec-corpus/CID22/CID22-512/training/pexels-photo-951408.png	small	64	64	015162b1f6bbd3425d8c1b2978c2cd1bcb9f4b8efb68b79b3826e48504148c6c	photo	CID22-512px	rdo_tx_decision	off	1227	77.160851	19.13
/home/lilith/work/codec-corpus/CID22/CID22-512/training/pexels-photo-951408.png	small	64	64	015162b1f6bbd3425d8c1b2978c2cd1bcb9f4b8efb68b79b3826e48504148c6c	photo	CID22-512px	sgr_full	off	1212	77.219078	56.89
/home/lilith/work/codec-corpus/CID22/CID22-512/training/pexels-photo-951408.png	small	64	64	015162b1f6bbd3425d8c1b2978c2cd1bcb9f4b8efb68b79b3826e48504148c6c	photo	CID22-512px	lru_on_skip	on	1212	77.219078	48.16
/home/lilith/work/codec-corpus/CID22/CID22-512/training/pexels-photo-951408.png	small	64	64	015162b1f6bbd3425d8c1b2978c2cd1bcb9f4b8efb68b79b3826e48504148c6c	photo	CID22-512px	segmentation_complex	on	1203	76.852707	55.10
/home/lilith/work/codec-corpus/CID22/CID22-512/training/pexels-photo-951408.png	small	64	64	015162b1f6bbd3425d8c1b2978c2cd1bcb9f4b8efb68b79b3826e48504148c6c	photo	CID22-512px	encode_bottomup	on	1205	75.975853	124.09
/home/lilith/work/codec-corpus/CID22/CID22-512/training/pexels-photo-951408.png	small	64	64	015162b1f6bbd3425d8c1b2978c2cd1bcb9f4b8efb68b79b3826e48504148c6c	photo	CID22-512px	partition_range	fine_4_16	1212	77.219078	97.34
/home/lilith/work/codec-corpus/CID22/CID22-512/training/pexels-photo-951408.png	small	64	64	015162b1f6bbd3425d8c1b2978c2cd1bcb9f4b8efb68b79b3826e48504148c6c	photo	CID22-512px	partition_range	coarse_16_64	1242	77.243866	46.64
/home/lilith/work/codec-corpus/CID22/CID22-512/training/pexels-photo-951408.png	small	64	64	015162b1f6bbd3425d8c1b2978c2cd1bcb9f4b8efb68b79b3826e48504148c6c	photo	CID22-512px	complex_prediction_modes	on	1228	7.428238	113.61
/home/lilith/work/codec-corpus/CID22/CID22-512/training/pexels-photo-951408.png	small	64	64	015162b1f6bbd3425d8c1b2978c2cd1bcb9f4b8efb68b79b3826e48504148c6c	photo	CID22-512px	lrf	off	1212	77.219078	90.95
/home/lilith/work/codec-corpus/CID22/CID22-512/training/pexels-photo-951408.png	small	64	64	015162b1f6bbd3425d8c1b2978c2cd1bcb9f4b8efb68b79b3826e48504148c6c	photo	CID22-512px	lrf	on	1216	77.262619	73.71
/home/lilith/work/codec-corpus/CID22/CID22-512/training/pexels-photo-951408.png	small	64	64	015162b1f6bbd3425d8c1b2978c2cd1bcb9f4b8efb68b79b3826e48504148c6c	photo	CID22-512px	fast_deblock	on	1212	77.206612	62.20
/home/lilith/work/codec-corpus/CID22/CID22-512/training/pexels-photo-951408.png	medium	256	256	015162b1f6bbd3425d8c1b2978c2cd1bcb9f4b8efb68b79b3826e48504148c6c	photo	CID22-512px	baseline	default	7842	77.572044	702.90
/home/lilith/work/codec-corpus/clic2025/final-test/07b9f93f170a0381836bdf301280a5b80b2c4be6e66f793a3c335dc200fb4e5b.png	medium	1024	680	093af998fc083fcf4165ce77d58e4072face3ecff1ffc052dbac4a69c7ab61fb	photo	clic2025-native	seg_boost	1.5	72770	73.891418	6189.45
/home/lilith/work/codec-corpus/CID22/CID22-512/training/pexels-photo-951408.png	medium	256	256	015162b1f6bbd3425d8c1b2978c2cd1bcb9f4b8efb68b79b3826e48504148c6c	photo	CID22-512px	qm	off	8115	77.894585	703.97
/home/lilith/work/codec-corpus/CID22/CID22-512/training/pexels-photo-951408.png	medium	256	256	015162b1f6bbd3425d8c1b2978c2cd1bcb9f4b8efb68b79b3826e48504148c6c	photo	CID22-512px	vaq	on_strength_1.0	7842	77.572044	737.89
/home/lilith/work/codec-corpus/clic2025/training/8bb119b8ca17492392e1e3ea4b811b32.png	medium	683	1024	0da74d8b94ff3c89f3578296ea87305ce1623d890f0c5cb8e54b907428675f15	photo	clic2025-native	lrf	off	46328	73.509590	5236.44
/home/lilith/work/codec-corpus/CID22/CID22-512/training/pexels-photo-951408.png	medium	256	256	015162b1f6bbd3425d8c1b2978c2cd1bcb9f4b8efb68b79b3826e48504148c6c	photo	CID22-512px	vaq_strength	0.5	8040	77.984955	998.60
/home/lilith/work/codec-corpus/CID22/CID22-512/training/pexels-photo-951408.png	medium	256	256	015162b1f6bbd3425d8c1b2978c2cd1bcb9f4b8efb68b79b3826e48504148c6c	photo	CID22-512px	vaq_strength	2.0	7550	76.533714	757.90
/home/lilith/work/codec-corpus/CID22/CID22-512/training/pexels-photo-951408.png	medium	256	256	015162b1f6bbd3425d8c1b2978c2cd1bcb9f4b8efb68b79b3826e48504148c6c	photo	CID22-512px	vaq_strength	3.0	7367	75.115158	658.90
/home/lilith/work/codec-corpus/CID22/CID22-512/training/pexels-photo-951408.png	medium	256	256	015162b1f6bbd3425d8c1b2978c2cd1bcb9f4b8efb68b79b3826e48504148c6c	photo	CID22-512px	tune_still	off	7842	77.602455	727.04
/home/lilith/work/codec-corpus/CID22/CID22-512/training/pexels-photo-951408.png	medium	256	256	015162b1f6bbd3425d8c1b2978c2cd1bcb9f4b8efb68b79b3826e48504148c6c	photo	CID22-512px	seg_boost	1.5	7697	77.350533	724.29
/home/lilith/work/codec-corpus/clic2025/final-test/07b9f93f170a0381836bdf301280a5b80b2c4be6e66f793a3c335dc200fb4e5b.png	medium	1024	680	093af998fc083fcf4165ce77d58e4072face3ecff1ffc052dbac4a69c7ab61fb	photo	clic2025-native	seg_boost	2.0	70017	73.051788	5976.07
/home/lilith/work/codec-corpus/CID22/CID22-512/training/pexels-photo-951408.png	medium	256	256	015162b1f6bbd3425d8c1b2978c2cd1bcb9f4b8efb68b79b3826e48504148c6c	photo	CID22-512px	seg_boost	2.0	7550	76.533714	779.15
/home/lilith/work/codec-corpus/CID22/CID22-512/training/pexels-photo-951408.png	medium	256	256	015162b1f6bbd3425d8c1b2978c2cd1bcb9f4b8efb68b79b3826e48504148c6c	photo	CID22-512px	trellis	on	7836	77.231224	1207.73
/home/lilith/work/codec-corpus/clic2025/training/8bb119b8ca17492392e1e3ea4b811b32.png	medium	683	1024	0da74d8b94ff3c89f3578296ea87305ce1623d890f0c5cb8e54b907428675f15	photo	clic2025-native	lrf	on	46490	73.514542	5555.15
/home/lilith/work/codec-corpus/CID22/CID22-512/training/pexels-photo-951408.png	medium	256	256	015162b1f6bbd3425d8c1b2978c2cd1bcb9f4b8efb68b79b3826e48504148c6c	photo	CID22-512px	cdef	off	7842	77.572044	838.01
/home/lilith/work/codec-corpus/CID22/CID22-512/training/pexels-photo-951408.png	medium	256	256	015162b1f6bbd3425d8c1b2978c2cd1bcb9f4b8efb68b79b3826e48504148c6c	photo	CID22-512px	rdo_tx_decision	off	8209	77.720802	261.17
/home/lilith/work/codec-corpus/CID22/CID22-512/training/pexels-photo-951408.png	medium	256	256	015162b1f6bbd3425d8c1b2978c2cd1bcb9f4b8efb68b79b3826e48504148c6c	photo	CID22-512px	sgr_full	off	7842	77.572044	734.01
/home/lilith/work/codec-corpus/CID22/CID22-512/training/pexels-photo-951408.png	medium	256	256	015162b1f6bbd3425d8c1b2978c2cd1bcb9f4b8efb68b79b3826e48504148c6c	photo	CID22-512px	lru_on_skip	on	7842	77.572044	694.67
/home/lilith/work/codec-corpus/CID22/CID22-512/training/pexels-photo-951408.png	medium	256	256	015162b1f6bbd3425d8c1b2978c2cd1bcb9f4b8efb68b79b3826e48504148c6c	photo	CID22-512px	segmentation_complex	on	7563	76.953003	946.26
/home/lilith/work/codec-corpus/CID22/CID22-512/training/pexels-photo-951408.png	medium	256	256	015162b1f6bbd3425d8c1b2978c2cd1bcb9f4b8efb68b79b3826e48504148c6c	photo	CID22-512px	encode_bottomup	on	7738	67.414085	1122.67
/home/lilith/work/codec-corpus/clic2025/training/8bb119b8ca17492392e1e3ea4b811b32.png	medium	683	1024	0da74d8b94ff3c89f3578296ea87305ce1623d890f0c5cb8e54b907428675f15	photo	clic2025-native	fast_deblock	on	46328	73.437927	4810.89
/home/lilith/work/codec-corpus/clic2025-1024/7e499613c3e376ea93afb3649719abeb.png	small	64	64	0d1322274a51490648354bf55222ab7dfea3e78fba82209ea98b67704f3264ba	photo	clic2025-1024px-resized	baseline	default	1093	76.357445	859399.24
/home/lilith/work/codec-corpus/clic2025-1024/7e499613c3e376ea93afb3649719abeb.png	small	64	64	0d1322274a51490648354bf55222ab7dfea3e78fba82209ea98b67704f3264ba	photo	clic2025-1024px-resized	qm	off	1131	76.375893	31.28
/home/lilith/work/codec-corpus/clic2025-1024/7e499613c3e376ea93afb3649719abeb.png	small	64	64	0d1322274a51490648354bf55222ab7dfea3e78fba82209ea98b67704f3264ba	photo	clic2025-1024px-resized	vaq	on_strength_1.0	1093	76.357445	37.80
/home/lilith/work/codec-corpus/clic2025-1024/7e499613c3e376ea93afb3649719abeb.png	small	64	64	0d1322274a51490648354bf55222ab7dfea3e78fba82209ea98b67704f3264ba	photo	clic2025-1024px-resized	vaq_strength	0.5	1109	77.255394	40.66
/home/lilith/work/codec-corpus/CID22/CID22-512/training/pexels-photo-951408.png	medium	256	256	015162b1f6bbd3425d8c1b2978c2cd1bcb9f4b8efb68b79b3826e48504148c6c	photo	CID22-512px	partition_range	fine_4_16	7842	77.572044	732.87
/home/lilith/work/codec-corpus/clic2025-1024/7e499613c3e376ea93afb3649719abeb.png	small	64	64	0d1322274a51490648354bf55222ab7dfea3e78fba82209ea98b67704f3264ba	photo	clic2025-1024px-resized	vaq_strength	2.0	1081	75.695076	46.36
/home/lilith/work/codec-corpus/clic2025-1024/7e499613c3e376ea93afb3649719abeb.png	small	64	64	0d1322274a51490648354bf55222ab7dfea3e78fba82209ea98b67704f3264ba	photo	clic2025-1024px-resized	vaq_strength	3.0	1076	74.114563	51.27
/home/lilith/work/codec-corpus/clic2025-1024/7e499613c3e376ea93afb3649719abeb.png	small	64	64	0d1322274a51490648354bf55222ab7dfea3e78fba82209ea98b67704f3264ba	photo	clic2025-1024px-resized	tune_still	off	1093	76.389328	86.18
/home/lilith/work/codec-corpus/clic2025-1024/7e499613c3e376ea93afb3649719abeb.png	small	64	64	0d1322274a51490648354bf55222ab7dfea3e78fba82209ea98b67704f3264ba	photo	clic2025-1024px-resized	seg_boost	1.5	1093	76.294037	81.08
/home/lilith/work/codec-corpus/clic2025-1024/7e499613c3e376ea93afb3649719abeb.png	small	64	64	0d1322274a51490648354bf55222ab7dfea3e78fba82209ea98b67704f3264ba	photo	clic2025-1024px-resized	seg_boost	2.0	1081	75.695076	87.42
/home/lilith/work/codec-corpus/clic2025-1024/7e499613c3e376ea93afb3649719abeb.png	small	64	64	0d1322274a51490648354bf55222ab7dfea3e78fba82209ea98b67704f3264ba	photo	clic2025-1024px-resized	trellis	on	1089	76.175606	71.38
/home/lilith/work/codec-corpus/clic2025-1024/7e499613c3e376ea93afb3649719abeb.png	small	64	64	0d1322274a51490648354bf55222ab7dfea3e78fba82209ea98b67704f3264ba	photo	clic2025-1024px-resized	cdef	off	1093	76.357445	38.85
/home/lilith/work/codec-corpus/clic2025-1024/7e499613c3e376ea93afb3649719abeb.png	small	64	64	0d1322274a51490648354bf55222ab7dfea3e78fba82209ea98b67704f3264ba	photo	clic2025-1024px-resized	rdo_tx_decision	off	1127	75.411362	20.81
/home/lilith/work/codec-corpus/clic2025-1024/7e499613c3e376ea93afb3649719abeb.png	small	64	64	0d1322274a51490648354bf55222ab7dfea3e78fba82209ea98b67704f3264ba	photo	clic2025-1024px-resized	sgr_full	off	1093	76.357445	50.23
/home/lilith/work/codec-corpus/clic2025-1024/7e499613c3e376ea93afb3649719abeb.png	small	64	64	0d1322274a51490648354bf55222ab7dfea3e78fba82209ea98b67704f3264ba	photo	clic2025-1024px-resized	lru_on_skip	on	1093	76.357445	49.41
/home/lilith/work/codec-corpus/CID22/CID22-512/training/pexels-photo-951408.png	medium	256	256	015162b1f6bbd3425d8c1b2978c2cd1bcb9f4b8efb68b79b3826e48504148c6c	photo	CID22-512px	partition_range	coarse_16_64	8261	77.149994	885.96
/home/lilith/work/codec-corpus/clic2025-1024/7e499613c3e376ea93afb3649719abeb.png	small	64	64	0d1322274a51490648354bf55222ab7dfea3e78fba82209ea98b67704f3264ba	photo	clic2025-1024px-resized	segmentation_complex	on	1070	76.206757	64.82
/home/lilith/work/codec-corpus/clic2025-1024/7e499613c3e376ea93afb3649719abeb.png	small	64	64	0d1322274a51490648354bf55222ab7dfea3e78fba82209ea98b67704f3264ba	photo	clic2025-1024px-resized	encode_bottomup	on	1092	75.377449	79.31
/home/lilith/work/codec-corpus/clic2025-1024/7e499613c3e376ea93afb3649719abeb.png	small	64	64	0d1322274a51490648354bf55222ab7dfea3e78fba82209ea98b67704f3264ba	photo	clic2025-1024px-resized	partition_range	fine_4_16	1093	76.357445	69.03
/home/lilith/work/codec-corpus/clic2025-1024/7e499613c3e376ea93afb3649719abeb.png	small	64	64	0d1322274a51490648354bf55222ab7dfea3e78fba82209ea98b67704f3264ba	photo	clic2025-1024px-resized	partition_range	coarse_16_64	1112	76.139641	49.16
/home/lilith/work/codec-corpus/clic2025-1024/7e499613c3e376ea93afb3649719abeb.png	small	64	64	0d1322274a51490648354bf55222ab7dfea3e78fba82209ea98b67704f3264ba	photo	clic2025-1024px-resized	complex_prediction_modes	on	1094	69.594437	105.89
/home/lilith/work/codec-corpus/clic2025-1024/7e499613c3e376ea93afb3649719abeb.png	small	64	64	0d1322274a51490648354bf55222ab7dfea3e78fba82209ea98b67704f3264ba	photo	clic2025-1024px-resized	lrf	off	1093	76.357445	75.44
/home/lilith/work/codec-corpus/clic2025-1024/7e499613c3e376ea93afb3649719abeb.png	small	64	64	0d1322274a51490648354bf55222ab7dfea3e78fba82209ea98b67704f3264ba	photo	clic2025-1024px-resized	lrf	on	1099	76.478752	49.57
/home/lilith/work/codec-corpus/clic2025-1024/7e499613c3e376ea93afb3649719abeb.png	small	64	64	0d1322274a51490648354bf55222ab7dfea3e78fba82209ea98b67704f3264ba	photo	clic2025-1024px-resized	fast_deblock	on	1093	76.270180	47.05
/home/lilith/work/codec-corpus/CID22/CID22-512/training/pexels-photo-951408.png	medium	256	256	015162b1f6bbd3425d8c1b2978c2cd1bcb9f4b8efb68b79b3826e48504148c6c	photo	CID22-512px	complex_prediction_modes	on	7860	18.762197	1561.21
/home/lilith/work/codec-corpus/clic2025-1024/7e499613c3e376ea93afb3649719abeb.png	medium	256	256	0d1322274a51490648354bf55222ab7dfea3e78fba82209ea98b67704f3264ba	photo	clic2025-1024px-resized	baseline	default	7815	77.321541	621.51
/home/lilith/work/codec-corpus/clic2025/final-test/07b9f93f170a0381836bdf301280a5b80b2c4be6e66f793a3c335dc200fb4e5b.png	medium	1024	680	093af998fc083fcf4165ce77d58e4072face3ecff1ffc052dbac4a69c7ab61fb	photo	clic2025-native	trellis	on	75991	74.700256	9986.93
/home/lilith/work/codec-corpus/CID22/CID22-512/training/pexels-photo-951408.png	medium	256	256	015162b1f6bbd3425d8c1b2978c2cd1bcb9f4b8efb68b79b3826e48504148c6c	photo	CID22-512px	lrf	off	7842	77.572044	743.16
/home/lilith/work/codec-corpus/clic2025-1024/7e499613c3e376ea93afb3649719abeb.png	medium	256	256	0d1322274a51490648354bf55222ab7dfea3e78fba82209ea98b67704f3264ba	photo	clic2025-1024px-resized	qm	off	8171	77.285500	669.53
/home/lilith/work/codec-corpus/clic2025-1024/7e499613c3e376ea93afb3649719abeb.png	medium	256	256	0d1322274a51490648354bf55222ab7dfea3e78fba82209ea98b67704f3264ba	photo	clic2025-1024px-resized	vaq	on_strength_1.0	7815	77.321541	589.70
/home/lilith/work/codec-corpus/CID22/CID22-512/training/pexels-photo-951408.png	medium	256	256	015162b1f6bbd3425d8c1b2978c2cd1bcb9f4b8efb68b79b3826e48504148c6c	photo	CID22-512px	lrf	on	7902	77.595436	775.68
/home/lilith/work/codec-corpus/clic2025-1024/7e499613c3e376ea93afb3649719abeb.png	medium	256	256	0d1322274a51490648354bf55222ab7dfea3e78fba82209ea98b67704f3264ba	photo	clic2025-1024px-resized	vaq_strength	0.5	8078	77.549927	628.08
/home/lilith/work/codec-corpus/CID22/CID22-512/training/pexels-photo-951408.png	medium	256	256	015162b1f6bbd3425d8c1b2978c2cd1bcb9f4b8efb68b79b3826e48504148c6c	photo	CID22-512px	fast_deblock	on	7842	77.471809	866.02
/home/lilith/work/codec-corpus/clic2025-1024/c80999cd5533e448167cd9b3ccfa2a37.png	small	64	64	02f3e6786f4d8db7fda05dd92d1d0381eb6ff74883815751f7ddc89a93464e5d	photo	clic2025-1024px-resized	baseline	default	1845	75.554802	84.36
/home/lilith/work/codec-corpus/clic2025-1024/7e499613c3e376ea93afb3649719abeb.png	medium	256	256	0d1322274a51490648354bf55222ab7dfea3e78fba82209ea98b67704f3264ba	photo	clic2025-1024px-resized	vaq_strength	2.0	7478	76.278313	631.29
/home/lilith/work/codec-corpus/clic2025-1024/c80999cd5533e448167cd9b3ccfa2a37.png	small	64	64	02f3e6786f4d8db7fda05dd92d1d0381eb6ff74883815751f7ddc89a93464e5d	photo	clic2025-1024px-resized	qm	off	2038	75.785278	72.06
/home/lilith/work/codec-corpus/clic2025-1024/c80999cd5533e448167cd9b3ccfa2a37.png	small	64	64	02f3e6786f4d8db7fda05dd92d1d0381eb6ff74883815751f7ddc89a93464e5d	photo	clic2025-1024px-resized	vaq	on_strength_1.0	1845	75.554802	60.33
/home/lilith/work/codec-corpus/clic2025-1024/c80999cd5533e448167cd9b3ccfa2a37.png	small	64	64	02f3e6786f4d8db7fda05dd92d1d0381eb6ff74883815751f7ddc89a93464e5d	photo	clic2025-1024px-resized	vaq_strength	0.5	1873	75.748138	85.83
/home/lilith/work/codec-corpus/clic2025-1024/c80999cd5533e448167cd9b3ccfa2a37.png	small	64	64	02f3e6786f4d8db7fda05dd92d1d0381eb6ff74883815751f7ddc89a93464e5d	photo	clic2025-1024px-resized	vaq_strength	2.0	1847	75.770325	88.67
/home/lilith/work/codec-corpus/clic2025-1024/c80999cd5533e448167cd9b3ccfa2a37.png	small	64	64	02f3e6786f4d8db7fda05dd92d1d0381eb6ff74883815751f7ddc89a93464e5d	photo	clic2025-1024px-resized	vaq_strength	3.0	1818	74.838127	112.43
/home/lilith/work/codec-corpus/clic2025-1024/c80999cd5533e448167cd9b3ccfa2a37.png	small	64	64	02f3e6786f4d8db7fda05dd92d1d0381eb6ff74883815751f7ddc89a93464e5d	photo	clic2025-1024px-resized	tune_still	off	1845	75.419327	53.24
/home/lilith/work/codec-corpus/clic2025-1024/c80999cd5533e448167cd9b3ccfa2a37.png	small	64	64	02f3e6786f4d8db7fda05dd92d1d0381eb6ff74883815751f7ddc89a93464e5d	photo	clic2025-1024px-resized	seg_boost	1.5	1825	75.230850	45.42
/home/lilith/work/codec-corpus/clic2025-1024/c80999cd5533e448167cd9b3ccfa2a37.png	small	64	64	02f3e6786f4d8db7fda05dd92d1d0381eb6ff74883815751f7ddc89a93464e5d	photo	clic2025-1024px-resized	seg_boost	2.0	1847	75.770325	64.60
/home/lilith/work/codec-corpus/clic2025-1024/7e499613c3e376ea93afb3649719abeb.png	medium	256	256	0d1322274a51490648354bf55222ab7dfea3e78fba82209ea98b67704f3264ba	photo	clic2025-1024px-resized	vaq_strength	3.0	7203	74.668709	861.77
/home/lilith/work/codec-corpus/clic2025-1024/c80999cd5533e448167cd9b3ccfa2a37.png	small	64	64	02f3e6786f4d8db7fda05dd92d1d0381eb6ff74883815751f7ddc89a93464e5d	photo	clic2025-1024px-resized	trellis	on	1839	74.868271	81.05
/home/lilith/work/codec-corpus/clic2025-1024/c80999cd5533e448167cd9b3ccfa2a37.png	small	64	64	02f3e6786f4d8db7fda05dd92d1d0381eb6ff74883815751f7ddc89a93464e5d	photo	clic2025-1024px-resized	cdef	off	1845	75.554802	134.99
/home/lilith/work/codec-corpus/clic2025-1024/c80999cd5533e448167cd9b3ccfa2a37.png	small	64	64	02f3e6786f4d8db7fda05dd92d1d0381eb6ff74883815751f7ddc89a93464e5d	photo	clic2025-1024px-resized	rdo_tx_decision	off	1864	74.270073	38.04
/home/lilith/work/codec-corpus/clic2025-1024/c80999cd5533e448167cd9b3ccfa2a37.png	small	64	64	02f3e6786f4d8db7fda05dd92d1d0381eb6ff74883815751f7ddc89a93464e5d	photo	clic2025-1024px-resized	sgr_full	off	1845	75.554802	85.61
/home/lilith/work/codec-corpus/clic2025-1024/c80999cd5533e448167cd9b3ccfa2a37.png	small	64	64	02f3e6786f4d8db7fda05dd92d1d0381eb6ff74883815751f7ddc89a93464e5d	photo	clic2025-1024px-resized	lru_on_skip	on	1845	75.554802	82.81
/home/lilith/work/codec-corpus/clic2025-1024/c80999cd5533e448167cd9b3ccfa2a37.png	small	64	64	02f3e6786f4d8db7fda05dd92d1d0381eb6ff74883815751f7ddc89a93464e5d	photo	clic2025-1024px-resized	segmentation_complex	on	1828	75.027054	76.01
/home/lilith/work/codec-corpus/clic2025-1024/c80999cd5533e448167cd9b3ccfa2a37.png	small	64	64	02f3e6786f4d8db7fda05dd92d1d0381eb6ff74883815751f7ddc89a93464e5d	photo	clic2025-1024px-resized	encode_bottomup	on	1858	71.579277	180.10
/home/lilith/work/codec-corpus/clic2025-1024/7e499613c3e376ea93afb3649719abeb.png	medium	256	256	0d1322274a51490648354bf55222ab7dfea3e78fba82209ea98b67704f3264ba	photo	clic2025-1024px-resized	tune_still	off	7815	77.322487	902.51
/home/lilith/work/codec-corpus/clic2025-1024/c80999cd5533e448167cd9b3ccfa2a37.png	small	64	64	02f3e6786f4d8db7fda05dd92d1d0381eb6ff74883815751f7ddc89a93464e5d	photo	clic2025-1024px-resized	partition_range	fine_4_16	1845	75.554802	39.89
/home/lilith/work/codec-corpus/clic2025-1024/c80999cd5533e448167cd9b3ccfa2a37.png	small	64	64	02f3e6786f4d8db7fda05dd92d1d0381eb6ff74883815751f7ddc89a93464e5d	photo	clic2025-1024px-resized	partition_range	coarse_16_64	1859	74.224289	53.14
/home/lilith/work/codec-corpus/clic2025-1024/c80999cd5533e448167cd9b3ccfa2a37.png	small	64	64	02f3e6786f4d8db7fda05dd92d1d0381eb6ff74883815751f7ddc89a93464e5d	photo	clic2025-1024px-resized	complex_prediction_modes	on	1844	43.073246	114.93
/home/lilith/work/codec-corpus/clic2025-1024/c80999cd5533e448167cd9b3ccfa2a37.png	small	64	64	02f3e6786f4d8db7fda05dd92d1d0381eb6ff74883815751f7ddc89a93464e5d	photo	clic2025-1024px-resized	lrf	off	1845	75.554802	48.37
/home/lilith/work/codec-corpus/clic2025-1024/c80999cd5533e448167cd9b3ccfa2a37.png	small	64	64	02f3e6786f4d8db7fda05dd92d1d0381eb6ff74883815751f7ddc89a93464e5d	photo	clic2025-1024px-resized	lrf	on	1848	75.537155	46.06
/home/lilith/work/codec-corpus/clic2025-1024/c80999cd5533e448167cd9b3ccfa2a37.png	small	64	64	02f3e6786f4d8db7fda05dd92d1d0381eb6ff74883815751f7ddc89a93464e5d	photo	clic2025-1024px-resized	fast_deblock	on	1845	75.605782	39.41
/home/lilith/work/codec-corpus/clic2025-1024/7e499613c3e376ea93afb3649719abeb.png	medium	256	256	0d1322274a51490648354bf55222ab7dfea3e78fba82209ea98b67704f3264ba	photo	clic2025-1024px-resized	seg_boost	1.5	7627	76.748772	699.06
/home/lilith/work/codec-corpus/clic2025-1024/c80999cd5533e448167cd9b3ccfa2a37.png	medium	256	256	02f3e6786f4d8db7fda05dd92d1d0381eb6ff74883815751f7ddc89a93464e5d	photo	clic2025-1024px-resized	baseline	default	17037	74.702538	722.53
/home/lilith/work/codec-corpus/clic2025-1024/7e499613c3e376ea93afb3649719abeb.png	medium	256	256	0d1322274a51490648354bf55222ab7dfea3e78fba82209ea98b67704f3264ba	photo	clic2025-1024px-resized	seg_boost	2.0	7478	76.278313	684.08
/home/lilith/work/codec-corpus/clic2025-1024/c80999cd5533e448167cd9b3ccfa2a37.png	medium	256	256	02f3e6786f4d8db7fda05dd92d1d0381eb6ff74883815751f7ddc89a93464e5d	photo	clic2025-1024px-resized	qm	off	18241	74.807533	793.75
/home/lilith/work/codec-corpus/clic2025/final-test/07b9f93f170a0381836bdf301280a5b80b2c4be6e66f793a3c335dc200fb4e5b.png	medium	1024	680	093af998fc083fcf4165ce77d58e4072face3ecff1ffc052dbac4a69c7ab61fb	photo	clic2025-native	cdef	off	75940	74.627357	6630.32
/home/lilith/work/codec-corpus/clic2025-1024/7e499613c3e376ea93afb3649719abeb.png	medium	256	256	0d1322274a51490648354bf55222ab7dfea3e78fba82209ea98b67704f3264ba	photo	clic2025-1024px-resized	trellis	on	7784	77.010918	1216.15
/home/lilith/work/codec-corpus/clic2025-1024/c80999cd5533e448167cd9b3ccfa2a37.png	medium	256	256	02f3e6786f4d8db7fda05dd92d1d0381eb6ff74883815751f7ddc89a93464e5d	photo	clic2025-1024px-resized	vaq	on_strength_1.0	17037	74.702538	1156.23
/home/lilith/work/codec-corpus/clic2025-1024/7e499613c3e376ea93afb3649719abeb.png	medium	256	256	0d1322274a51490648354bf55222ab7dfea3e78fba82209ea98b67704f3264ba	photo	clic2025-1024px-resized	cdef	off	7815	77.321541	625.24
/home/lilith/work/codec-corpus/clic2025-1024/7e499613c3e376ea93afb3649719abeb.png	medium	256	256	0d1322274a51490648354bf55222ab7dfea3e78fba82209ea98b67704f3264ba	photo	clic2025-1024px-resized	rdo_tx_decision	off	8118	77.291924	310.36
/home/lilith/work/codec-corpus/clic2025-1024/c80999cd5533e448167cd9b3ccfa2a37.png	medium	256	256	02f3e6786f4d8db7fda05dd92d1d0381eb6ff74883815751f7ddc89a93464e5d	photo	clic2025-1024px-resized	vaq_strength	0.5	17331	74.614769	1030.03
/home/lilith/work/codec-corpus/clic2025-1024/7e499613c3e376ea93afb3649719abeb.png	medium	256	256	0d1322274a51490648354bf55222ab7dfea3e78fba82209ea98b67704f3264ba	photo	clic2025-1024px-resized	sgr_full	off	7815	77.321541	740.90
/home/lilith/work/codec-corpus/clic2025-1024/c80999cd5533e448167cd9b3ccfa2a37.png	medium	256	256	02f3e6786f4d8db7fda05dd92d1d0381eb6ff74883815751f7ddc89a93464e5d	photo	clic2025-1024px-resized	vaq_strength	2.0	16896	74.782753	768.77
/home/lilith/work/codec-corpus/clic2025/final-test/07b9f93f170a0381836bdf301280a5b80b2c4be6e66f793a3c335dc200fb4e5b.png	medium	1024	680	093af998fc083fcf4165ce77d58e4072face3ecff1ffc052dbac4a69c7ab61fb	photo	clic2025-native	rdo_tx_decision	off	76581	74.351807	2739.61
/home/lilith/work/codec-corpus/clic2025-1024/7e499613c3e376ea93afb3649719abeb.png	medium	256	256	0d1322274a51490648354bf55222ab7dfea3e78fba82209ea98b67704f3264ba	photo	clic2025-1024px-resized	lru_on_skip	on	7815	77.321541	740.68
/home/lilith/work/codec-corpus/clic2025-1024/c80999cd5533e448167cd9b3ccfa2a37.png	medium	256	256	02f3e6786f4d8db7fda05dd92d1d0381eb6ff74883815751f7ddc89a93464e5d	photo	clic2025-1024px-resized	vaq_strength	3.0	16882	74.384491	931.04
/home/lilith/work/codec-corpus/clic2025-1024/7e499613c3e376ea93afb3649719abeb.png	medium	256	256	0d1322274a51490648354bf55222ab7dfea3e78fba82209ea98b67704f3264ba	photo	clic2025-1024px-resized	segmentation_complex	on	7535	76.420464	969.37
/home/lilith/work/codec-corpus/clic2025-1024/c80999cd5533e448167cd9b3ccfa2a37.png	medium	256	256	02f3e6786f4d8db7fda05dd92d1d0381eb6ff74883815751f7ddc89a93464e5d	photo	clic2025-1024px-resized	tune_still	off	17037	74.795868	822.08
/home/lilith/work/codec-corpus/clic2025-1024/7e499613c3e376ea93afb3649719abeb.png	medium	256	256	0d1322274a51490648354bf55222ab7dfea3e78fba82209ea98b67704f3264ba	photo	clic2025-1024px-resized	encode_bottomup	on	7791	73.105545	1020.88
/home/lilith/work/codec-corpus/clic2025-1024/c80999cd5533e448167cd9b3ccfa2a37.png	medium	256	256	02f3e6786f4d8db7fda05dd92d1d0381eb6ff74883815751f7ddc89a93464e5d	photo	clic2025-1024px-resized	seg_boost	1.5	16932	74.839897	911.73
/home/lilith/work/codec-corpus/clic2025-1024/7e499613c3e376ea93afb3649719abeb.png	medium	256	256	0d1322274a51490648354bf55222ab7dfea3e78fba82209ea98b67704f3264ba	photo	clic2025-1024px-resized	partition_range	fine_4_16	7815	77.321541	766.30
/home/lilith/work/codec-corpus/clic2025-1024/c80999cd5533e448167cd9b3ccfa2a37.png	medium	256	256	02f3e6786f4d8db7fda05dd92d1d0381eb6ff74883815751f7ddc89a93464e5d	photo	clic2025-1024px-resized	seg_boost	2.0	16896	74.782753	778.60
/home/lilith/work/codec-corpus/clic2025-1024/7e499613c3e376ea93afb3649719abeb.png	medium	256	256	0d1322274a51490648354bf55222ab7dfea3e78fba82209ea98b67704f3264ba	photo	clic2025-1024px-resized	partition_range	coarse_16_64	8003	77.050674	696.89
/home/lilith/work/codec-corpus/clic2025-1024/c80999cd5533e448167cd9b3ccfa2a37.png	medium	256	256	02f3e6786f4d8db7fda05dd92d1d0381eb6ff74883815751f7ddc89a93464e5d	photo	clic2025-1024px-resized	trellis	on	17000	74.778236	1467.80
/home/lilith/work/codec-corpus/clic2025-1024/7e499613c3e376ea93afb3649719abeb.png	medium	256	256	0d1322274a51490648354bf55222ab7dfea3e78fba82209ea98b67704f3264ba	photo	clic2025-1024px-resized	complex_prediction_modes	on	7808	56.890598	1520.19
/home/lilith/work/codec-corpus/clic2025-1024/7e499613c3e376ea93afb3649719abeb.png	medium	256	256	0d1322274a51490648354bf55222ab7dfea3e78fba82209ea98b67704f3264ba	photo	clic2025-1024px-resized	lrf	off	7815	77.321541	618.51
/home/lilith/work/codec-corpus/clic2025-1024/c80999cd5533e448167cd9b3ccfa2a37.png	medium	256	256	02f3e6786f4d8db7fda05dd92d1d0381eb6ff74883815751f7ddc89a93464e5d	photo	clic2025-1024px-resized	cdef	off	17037	74.702538	957.28
/home/lilith/work/codec-corpus/clic2025-1024/c80999cd5533e448167cd9b3ccfa2a37.png	medium	256	256	02f3e6786f4d8db7fda05dd92d1d0381eb6ff74883815751f7ddc89a93464e5d	photo	clic2025-1024px-resized	rdo_tx_decision	off	17388	74.525673	428.07
/home/lilith/work/codec-corpus/clic2025-1024/7e499613c3e376ea93afb3649719abeb.png	medium	256	256	0d1322274a51490648354bf55222ab7dfea3e78fba82209ea98b67704f3264ba	photo	clic2025-1024px-resized	lrf	on	7864	77.436623	906.34
/home/lilith/work/codec-corpus/clic2025/final-test/07b9f93f170a0381836bdf301280a5b80b2c4be6e66f793a3c335dc200fb4e5b.png	medium	1024	680	093af998fc083fcf4165ce77d58e4072face3ecff1ffc052dbac4a69c7ab61fb	photo	clic2025-native	sgr_full	off	75940	74.627357	6811.19
/home/lilith/work/codec-corpus/clic2025-1024/c80999cd5533e448167cd9b3ccfa2a37.png	medium	256	256	02f3e6786f4d8db7fda05dd92d1d0381eb6ff74883815751f7ddc89a93464e5d	photo	clic2025-1024px-resized	sgr_full	off	17037	74.702538	954.90
/home/lilith/work/codec-corpus/clic2025-1024/7e499613c3e376ea93afb3649719abeb.png	medium	256	256	0d1322274a51490648354bf55222ab7dfea3e78fba82209ea98b67704f3264ba	photo	clic2025-1024px-resized	fast_deblock	on	7815	77.213196	870.23
/home/lilith/work/codec-corpus/clic2025-1024/c80999cd5533e448167cd9b3ccfa2a37.png	medium	256	256	02f3e6786f4d8db7fda05dd92d1d0381eb6ff74883815751f7ddc89a93464e5d	photo	clic2025-1024px-resized	lru_on_skip	on	17037	74.702538	976.20
/home/lilith/work/codec-corpus/clic2025-1024/c80999cd5533e448167cd9b3ccfa2a37.png	medium	256	256	02f3e6786f4d8db7fda05dd92d1d0381eb6ff74883815751f7ddc89a93464e5d	photo	clic2025-1024px-resized	segmentation_complex	on	16482	73.969917	970.68
/home/lilith/work/codec-corpus/clic2025-1024/c80999cd5533e448167cd9b3ccfa2a37.png	medium	256	256	02f3e6786f4d8db7fda05dd92d1d0381eb6ff74883815751f7ddc89a93464e5d	photo	clic2025-1024px-resized	encode_bottomup	on	16706	65.281181	1202.25
/home/lilith/work/codec-corpus/clic2025-1024/c80999cd5533e448167cd9b3ccfa2a37.png	medium	256	256	02f3e6786f4d8db7fda05dd92d1d0381eb6ff74883815751f7ddc89a93464e5d	photo	clic2025-1024px-resized	partition_range	fine_4_16	17037	74.702538	816.01
/home/lilith/work/codec-corpus/clic2025-1024/c80999cd5533e448167cd9b3ccfa2a37.png	medium	256	256	02f3e6786f4d8db7fda05dd92d1d0381eb6ff74883815751f7ddc89a93464e5d	photo	clic2025-1024px-resized	partition_range	coarse_16_64	17818	73.808762	699.05
/home/lilith/work/codec-corpus/clic2025/final-test/07b9f93f170a0381836bdf301280a5b80b2c4be6e66f793a3c335dc200fb4e5b.png	medium	1024	680	093af998fc083fcf4165ce77d58e4072face3ecff1ffc052dbac4a69c7ab61fb	photo	clic2025-native	lru_on_skip	on	75940	74.627357	6461.75
/home/lilith/work/codec-corpus/clic2025-1024/c80999cd5533e448167cd9b3ccfa2a37.png	medium	256	256	02f3e6786f4d8db7fda05dd92d1d0381eb6ff74883815751f7ddc89a93464e5d	photo	clic2025-1024px-resized	complex_prediction_modes	on	16955	35.417614	1782.53
/home/lilith/work/codec-corpus/clic2025-1024/c80999cd5533e448167cd9b3ccfa2a37.png	medium	256	256	02f3e6786f4d8db7fda05dd92d1d0381eb6ff74883815751f7ddc89a93464e5d	photo	clic2025-1024px-resized	lrf	off	17037	74.702538	823.01
/home/lilith/work/codec-corpus/clic2025-1024/7e499613c3e376ea93afb3649719abeb.png	large	1024	1024	0d1322274a51490648354bf55222ab7dfea3e78fba82209ea98b67704f3264ba	photo	clic2025-1024px-resized	baseline	default	71607	77.697266	7867.01
/home/lilith/work/codec-corpus/clic2025-1024/c80999cd5533e448167cd9b3ccfa2a37.png	medium	256	256	02f3e6786f4d8db7fda05dd92d1d0381eb6ff74883815751f7ddc89a93464e5d	photo	clic2025-1024px-resized	lrf	on	17103	74.869568	787.03
/home/lilith/work/codec-corpus/clic2025-1024/c80999cd5533e448167cd9b3ccfa2a37.png	medium	256	256	02f3e6786f4d8db7fda05dd92d1d0381eb6ff74883815751f7ddc89a93464e5d	photo	clic2025-1024px-resized	fast_deblock	on	17037	74.698006	871.35
/home/lilith/work/codec-corpus/clic2025/final-test/07b9f93f170a0381836bdf301280a5b80b2c4be6e66f793a3c335dc200fb4e5b.png	medium	1024	680	093af998fc083fcf4165ce77d58e4072face3ecff1ffc052dbac4a69c7ab61fb	photo	clic2025-native	segmentation_complex	on	73983	73.636887	10110.83
/home/lilith/work/codec-corpus/clic2025-1024/7e499613c3e376ea93afb3649719abeb.png	large	1024	1024	0d1322274a51490648354bf55222ab7dfea3e78fba82209ea98b67704f3264ba	photo	clic2025-1024px-resized	qm	off	74064	77.804657	7965.95
/home/lilith/work/codec-corpus/clic2025-1024/c80999cd5533e448167cd9b3ccfa2a37.png	large	1024	1024	02f3e6786f4d8db7fda05dd92d1d0381eb6ff74883815751f7ddc89a93464e5d	photo	clic2025-1024px-resized	baseline	default	119393	76.401718	11588.92
/home/lilith/work/codec-corpus/clic2025-1024/7e499613c3e376ea93afb3649719abeb.png	large	1024	1024	0d1322274a51490648354bf55222ab7dfea3e78fba82209ea98b67704f3264ba	photo	clic2025-1024px-resized	vaq	on_strength_1.0	71607	77.697266	8623.04
/home/lilith/work/codec-corpus/clic2025/final-test/07b9f93f170a0381836bdf301280a5b80b2c4be6e66f793a3c335dc200fb4e5b.png	medium	1024	680	093af998fc083fcf4165ce77d58e4072face3ecff1ffc052dbac4a69c7ab61fb	photo	clic2025-native	encode_bottomup	on	76084	66.431023	10141.65
/home/lilith/work/codec-corpus/clic2025-1024/c80999cd5533e448167cd9b3ccfa2a37.png	large	1024	1024	02f3e6786f4d8db7fda05dd92d1d0381eb6ff74883815751f7ddc89a93464e5d	photo	clic2025-1024px-resized	qm	off	121991	76.365768	9822.50
/home/lilith/work/codec-corpus/clic2025/final-test/07b9f93f170a0381836bdf301280a5b80b2c4be6e66f793a3c335dc200fb4e5b.png	medium	1024	680	093af998fc083fcf4165ce77d58e4072face3ecff1ffc052dbac4a69c7ab61fb	photo	clic2025-native	partition_range	fine_4_16	75940	74.627357	6726.91
/home/lilith/work/codec-corpus/clic2025-1024/7e499613c3e376ea93afb3649719abeb.png	large	1024	1024	0d1322274a51490648354bf55222ab7dfea3e78fba82209ea98b67704f3264ba	photo	clic2025-1024px-resized	vaq_strength	0.5	74960	78.076927	8418.13
/home/lilith/work/codec-corpus/clic2025/final-test/07b9f93f170a0381836bdf301280a5b80b2c4be6e66f793a3c335dc200fb4e5b.png	medium	1024	680	093af998fc083fcf4165ce77d58e4072face3ecff1ffc052dbac4a69c7ab61fb	photo	clic2025-native	partition_range	coarse_16_64	76309	74.449928	5906.08
/home/lilith/work/codec-corpus/clic2025-1024/7e499613c3e376ea93afb3649719abeb.png	large	1024	1024	0d1322274a51490648354bf55222ab7dfea3e78fba82209ea98b67704f3264ba	photo	clic2025-1024px-resized	vaq_strength	2.0	66907	76.479492	7662.36
/home/lilith/work/codec-corpus/clic2025-1024/c80999cd5533e448167cd9b3ccfa2a37.png	large	1024	1024	02f3e6786f4d8db7fda05dd92d1d0381eb6ff74883815751f7ddc89a93464e5d	photo	clic2025-1024px-resized	vaq	on_strength_1.0	119393	76.401718	10458.37
/home/lilith/work/codec-corpus/clic2025-1024/7e499613c3e376ea93afb3649719abeb.png	large	1024	1024	0d1322274a51490648354bf55222ab7dfea3e78fba82209ea98b67704f3264ba	photo	clic2025-1024px-resized	vaq_strength	3.0	65233	74.869957	8267.33
/home/lilith/work/codec-corpus/clic2025-1024/c80999cd5533e448167cd9b3ccfa2a37.png	large	1024	1024	02f3e6786f4d8db7fda05dd92d1d0381eb6ff74883815751f7ddc89a93464e5d	photo	clic2025-1024px-resized	vaq_strength	0.5	120878	76.620399	10534.69
/home/lilith/work/codec-corpus/clic2025/final-test/07b9f93f170a0381836bdf301280a5b80b2c4be6e66f793a3c335dc200fb4e5b.png	medium	1024	680	093af998fc083fcf4165ce77d58e4072face3ecff1ffc052dbac4a69c7ab61fb	photo	clic2025-native	complex_prediction_modes	on	75525	36.742527	15071.60
/home/lilith/work/codec-corpus/clic2025-1024/7e499613c3e376ea93afb3649719abeb.png	large	1024	1024	0d1322274a51490648354bf55222ab7dfea3e78fba82209ea98b67704f3264ba	photo	clic2025-1024px-resized	tune_still	off	71607	77.690025	7914.67
/home/lilith/work/codec-corpus/clic2025/final-test/07b9f93f170a0381836bdf301280a5b80b2c4be6e66f793a3c335dc200fb4e5b.png	medium	1024	680	093af998fc083fcf4165ce77d58e4072face3ecff1ffc052dbac4a69c7ab61fb	photo	clic2025-native	lrf	off	75940	74.627357	6272.16
/home/lilith/work/codec-corpus/clic2025-1024/c80999cd5533e448167cd9b3ccfa2a37.png	large	1024	1024	02f3e6786f4d8db7fda05dd92d1d0381eb6ff74883815751f7ddc89a93464e5d	photo	clic2025-1024px-resized	vaq_strength	2.0	117496	75.809128	10259.45
/home/lilith/work/codec-corpus/clic2025-1024/7e499613c3e376ea93afb3649719abeb.png	large	1024	1024	0d1322274a51490648354bf55222ab7dfea3e78fba82209ea98b67704f3264ba	photo	clic2025-1024px-resized	seg_boost	1.5	68910	76.953224	8052.46
/home/lilith/work/codec-corpus/clic2025/final-test/07b9f93f170a0381836bdf301280a5b80b2c4be6e66f793a3c335dc200fb4e5b.png	medium	1024	680	093af998fc083fcf4165ce77d58e4072face3ecff1ffc052dbac4a69c7ab61fb	photo	clic2025-native	lrf	on	76374	74.662613	6726.37
/home/lilith/work/codec-corpus/clic2025-1024/c80999cd5533e448167cd9b3ccfa2a37.png	large	1024	1024	02f3e6786f4d8db7fda05dd92d1d0381eb6ff74883815751f7ddc89a93464e5d	photo	clic2025-1024px-resized	vaq_strength	3.0	118944	74.754555	10434.35
/home/lilith/work/codec-corpus/clic2025/final-test/07b9f93f170a0381836bdf301280a5b80b2c4be6e66f793a3c335dc200fb4e5b.png	medium	1024	680	093af998fc083fcf4165ce77d58e4072face3ecff1ffc052dbac4a69c7ab61fb	photo	clic2025-native	fast_deblock	on	75940	74.576576	6347.37
/home/lilith/work/codec-corpus/CID22/CID22-512/training/2123337.png	small	64	64	09271fa831e37b2933145d9c2d6e1f904399d0c474a180ebfa90527bab5b2fe1	photo	CID22-512px	baseline	default	1071	74.825867	956250.12
/home/lilith/work/codec-corpus/CID22/CID22-512/training/2123337.png	small	64	64	09271fa831e37b2933145d9c2d6e1f904399d0c474a180ebfa90527bab5b2fe1	photo	CID22-512px	qm	off	1112	75.853493	119.82
/home/lilith/work/codec-corpus/CID22/CID22-512/training/2123337.png	small	64	64	09271fa831e37b2933145d9c2d6e1f904399d0c474a180ebfa90527bab5b2fe1	photo	CID22-512px	vaq	on_strength_1.0	1071	74.825867	131.95
/home/lilith/work/codec-corpus/CID22/CID22-512/training/2123337.png	small	64	64	09271fa831e37b2933145d9c2d6e1f904399d0c474a180ebfa90527bab5b2fe1	photo	CID22-512px	vaq_strength	0.5	1101	75.448593	68.52
/home/lilith/work/codec-corpus/CID22/CID22-512/training/2123337.png	small	64	64	09271fa831e37b2933145d9c2d6e1f904399d0c474a180ebfa90527bab5b2fe1	photo	CID22-512px	vaq_strength	2.0	1067	74.699654	64.48
/home/lilith/work/codec-corpus/clic2025-1024/7e499613c3e376ea93afb3649719abeb.png	large	1024	1024	0d1322274a51490648354bf55222ab7dfea3e78fba82209ea98b67704f3264ba	photo	clic2025-1024px-resized	seg_boost	2.0	66907	76.479492	8005.58
/home/lilith/work/codec-corpus/CID22/CID22-512/training/2123337.png	small	64	64	09271fa831e37b2933145d9c2d6e1f904399d0c474a180ebfa90527bab5b2fe1	photo	CID22-512px	vaq_strength	3.0	1050	72.198990	98.39
/home/lilith/work/codec-corpus/CID22/CID22-512/training/2123337.png	small	64	64	09271fa831e37b2933145d9c2d6e1f904399d0c474a180ebfa90527bab5b2fe1	photo	CID22-512px	tune_still	off	1071	75.134483	85.31
/home/lilith/work/codec-corpus/CID22/CID22-512/training/2123337.png	small	64	64	09271fa831e37b2933145d9c2d6e1f904399d0c474a180ebfa90527bab5b2fe1	photo	CID22-512px	seg_boost	1.5	1076	73.279579	55.42
/home/lilith/work/codec-corpus/CID22/CID22-512/training/2123337.png	small	64	64	09271fa831e37b2933145d9c2d6e1f904399d0c474a180ebfa90527bab5b2fe1	photo	CID22-512px	seg_boost	2.0	1067	74.699654	62.25
/home/lilith/work/codec-corpus/CID22/CID22-512/training/2123337.png	small	64	64	09271fa831e37b2933145d9c2d6e1f904399d0c474a180ebfa90527bab5b2fe1	photo	CID22-512px	trellis	on	1070	74.833038	167.66
/home/lilith/work/codec-corpus/CID22/CID22-512/training/2123337.png	small	64	64	09271fa831e37b2933145d9c2d6e1f904399d0c474a180ebfa90527bab5b2fe1	photo	CID22-512px	cdef	off	1071	74.825867	102.39
/home/lilith/work/codec-corpus/CID22/CID22-512/training/2123337.png	small	64	64	09271fa831e37b2933145d9c2d6e1f904399d0c474a180ebfa90527bab5b2fe1	photo	CID22-512px	rdo_tx_decision	off	1110	74.634720	25.63
/home/lilith/work/codec-corpus/CID22/CID22-512/training/2123337.png	small	64	64	09271fa831e37b2933145d9c2d6e1f904399d0c474a180ebfa90527bab5b2fe1	photo	CID22-512px	sgr_full	off	1071	74.825867	56.13
/home/lilith/work/codec-corpus/CID22/CID22-512/training/2123337.png	small	64	64	09271fa831e37b2933145d9c2d6e1f904399d0c474a180ebfa90527bab5b2fe1	photo	CID22-512px	lru_on_skip	on	1071	74.825867	55.24
/home/lilith/work/codec-corpus/CID22/CID22-512/training/2123337.png	small	64	64	09271fa831e37b2933145d9c2d6e1f904399d0c474a180ebfa90527bab5b2fe1	photo	CID22-512px	segmentation_complex	on	1044	73.581345	76.83
/home/lilith/work/codec-corpus/CID22/CID22-512/training/2123337.png	small	64	64	09271fa831e37b2933145d9c2d6e1f904399d0c474a180ebfa90527bab5b2fe1	photo	CID22-512px	encode_bottomup	on	1050	61.070862	106.85
/home/lilith/work/codec-corpus/CID22/CID22-512/training/2123337.png	small	64	64	09271fa831e37b2933145d9c2d6e1f904399d0c474a180ebfa90527bab5b2fe1	photo	CID22-512px	partition_range	fine_4_16	1071	74.825867	54.38
/home/lilith/work/codec-corpus/CID22/CID22-512/training/2123337.png	small	64	64	09271fa831e37b2933145d9c2d6e1f904399d0c474a180ebfa90527bab5b2fe1	photo	CID22-512px	partition_range	coarse_16_64	1097	73.516975	54.37
/home/lilith/work/codec-corpus/CID22/CID22-512/training/2123337.png	small	64	64	09271fa831e37b2933145d9c2d6e1f904399d0c474a180ebfa90527bab5b2fe1	photo	CID22-512px	complex_prediction_modes	on	1080	49.125023	161.72
/home/lilith/work/codec-corpus/CID22/CID22-512/training/2123337.png	small	64	64	09271fa831e37b2933145d9c2d6e1f904399d0c474a180ebfa90527bab5b2fe1	photo	CID22-512px	lrf	off	1071	74.825867	64.96
/home/lilith/work/codec-corpus/CID22/CID22-512/training/2123337.png	small	64	64	09271fa831e37b2933145d9c2d6e1f904399d0c474a180ebfa90527bab5b2fe1	photo	CID22-512px	lrf	on	1078	74.714127	55.69
/home/lilith/work/codec-corpus/CID22/CID22-512/training/2123337.png	small	64	64	09271fa831e37b2933145d9c2d6e1f904399d0c474a180ebfa90527bab5b2fe1	photo	CID22-512px	fast_deblock	on	1071	74.786728	90.29
/home/lilith/work/codec-corpus/CID22/CID22-512/training/2123337.png	medium	256	256	09271fa831e37b2933145d9c2d6e1f904399d0c474a180ebfa90527bab5b2fe1	photo	CID22-512px	baseline	default	8237	72.914940	807.90
/home/lilith/work/codec-corpus/CID22/CID22-512/training/2123337.png	medium	256	256	09271fa831e37b2933145d9c2d6e1f904399d0c474a180ebfa90527bab5b2fe1	photo	CID22-512px	qm	off	8648	73.183685	818.19
/home/lilith/work/codec-corpus/CID22/CID22-512/training/2123337.png	medium	256	256	09271fa831e37b2933145d9c2d6e1f904399d0c474a180ebfa90527bab5b2fe1	photo	CID22-512px	vaq	on_strength_1.0	8237	72.914940	874.96
/home/lilith/work/codec-corpus/CID22/CID22-512/training/2123337.png	medium	256	256	09271fa831e37b2933145d9c2d6e1f904399d0c474a180ebfa90527bab5b2fe1	photo	CID22-512px	vaq_strength	0.5	8437	72.617813	875.67
/home/lilith/work/codec-corpus/CID22/CID22-512/training/2123337.png	medium	256	256	09271fa831e37b2933145d9c2d6e1f904399d0c474a180ebfa90527bab5b2fe1	photo	CID22-512px	vaq_strength	2.0	8165	73.285591	905.13
/home/lilith/work/codec-corpus/CID22/CID22-512/training/2123337.png	medium	256	256	09271fa831e37b2933145d9c2d6e1f904399d0c474a180ebfa90527bab5b2fe1	photo	CID22-512px	vaq_strength	3.0	8191	73.041763	909.52
/home/lilith/work/codec-corpus/CID22/CID22-512/training/2123337.png	medium	256	256	09271fa831e37b2933145d9c2d6e1f904399d0c474a180ebfa90527bab5b2fe1	photo	CID22-512px	tune_still	off	8237	72.932785	868.64
/home/lilith/work/codec-corpus/clic2025-1024/c80999cd5533e448167cd9b3ccfa2a37.png	large	1024	1024	02f3e6786f4d8db7fda05dd92d1d0381eb6ff74883815751f7ddc89a93464e5d	photo	clic2025-1024px-resized	tune_still	off	119393	76.204567	10187.24
/home/lilith/work/codec-corpus/CID22/CID22-512/training/2123337.png	medium	256	256	09271fa831e37b2933145d9c2d6e1f904399d0c474a180ebfa90527bab5b2fe1	photo	CID22-512px	seg_boost	1.5	8138	72.734688	831.62
/home/lilith/work/codec-corpus/CID22/CID22-512/training/2123337.png	medium	256	256	09271fa831e37b2933145d9c2d6e1f904399d0c474a180ebfa90527bab5b2fe1	photo	CID22-512px	seg_boost	2.0	8165	73.285591	841.60
/home/lilith/work/codec-corpus/CID22/CID22-512/training/2123337.png	medium	256	256	09271fa831e37b2933145d9c2d6e1f904399d0c474a180ebfa90527bab5b2fe1	photo	CID22-512px	trellis	on	8246	72.845497	1381.62
/home/lilith/work/codec-corpus/clic2025-1024/7e499613c3e376ea93afb3649719abeb.png	large	1024	1024	0d1322274a51490648354bf55222ab7dfea3e78fba82209ea98b67704f3264ba	photo	clic2025-1024px-resized	trellis	on	71586	77.542114	12460.59
/home/lilith/work/codec-corpus/CID22/CID22-512/training/2123337.png	medium	256	256	09271fa831e37b2933145d9c2d6e1f904399d0c474a180ebfa90527bab5b2fe1	photo	CID22-512px	cdef	off	8237	72.914940	855.45
/home/lilith/work/codec-corpus/CID22/CID22-512/training/2123337.png	medium	256	256	09271fa831e37b2933145d9c2d6e1f904399d0c474a180ebfa90527bab5b2fe1	photo	CID22-512px	rdo_tx_decision	off	8452	73.002144	296.65
/home/lilith/work/codec-corpus/CID22/CID22-512/training/2123337.png	medium	256	256	09271fa831e37b2933145d9c2d6e1f904399d0c474a180ebfa90527bab5b2fe1	photo	CID22-512px	sgr_full	off	8237	72.914940	959.15
/home/lilith/work/codec-corpus/CID22/CID22-512/training/2123337.png	medium	256	256	09271fa831e37b2933145d9c2d6e1f904399d0c474a180ebfa90527bab5b2fe1	photo	CID22-512px	lru_on_skip	on	8237	72.914940	918.38
/home/lilith/work/codec-corpus/CID22/CID22-512/training/2123337.png	medium	256	256	09271fa831e37b2933145d9c2d6e1f904399d0c474a180ebfa90527bab5b2fe1	photo	CID22-512px	segmentation_complex	on	7838	71.275612	1216.68
/home/lilith/work/codec-corpus/CID22/CID22-512/training/2123337.png	medium	256	256	09271fa831e37b2933145d9c2d6e1f904399d0c474a180ebfa90527bab5b2fe1	photo	CID22-512px	encode_bottomup	on	8048	64.352837	1148.86
/home/lilith/work/codec-corpus/CID22/CID22-512/training/2123337.png	medium	256	256	09271fa831e37b2933145d9c2d6e1f904399d0c474a180ebfa90527bab5b2fe1	photo	CID22-512px	partition_range	fine_4_16	8237	72.914940	843.49
/home/lilith/work/codec-corpus/CID22/CID22-512/training/2123337.png	medium	256	256	09271fa831e37b2933145d9c2d6e1f904399d0c474a180ebfa90527bab5b2fe1	photo	CID22-512px	partition_range	coarse_16_64	8711	72.592148	1011.71
/home/lilith/work/codec-corpus/clic2025-1024/c80999cd5533e448167cd9b3ccfa2a37.png	large	1024	1024	02f3e6786f4d8db7fda05dd92d1d0381eb6ff74883815751f7ddc89a93464e5d	photo	clic2025-1024px-resized	seg_boost	1.5	118004	75.887459	10356.69
/home/lilith/work/codec-corpus/clic2025-1024/7e499613c3e376ea93afb3649719abeb.png	large	1024	1024	0d1322274a51490648354bf55222ab7dfea3e78fba82209ea98b67704f3264ba	photo	clic2025-1024px-resized	cdef	off	71607	77.697266	8127.72
/home/lilith/work/codec-corpus/CID22/CID22-512/training/2123337.png	medium	256	256	09271fa831e37b2933145d9c2d6e1f904399d0c474a180ebfa90527bab5b2fe1	photo	CID22-512px	complex_prediction_modes	on	8233	48.766064	2083.34
/home/lilith/work/codec-corpus/CID22/CID22-512/training/2123337.png	medium	256	256	09271fa831e37b2933145d9c2d6e1f904399d0c474a180ebfa90527bab5b2fe1	photo	CID22-512px	lrf	off	8237	72.914940	874.20
/home/lilith/work/codec-corpus/CID22/CID22-512/training/2123337.png	medium	256	256	09271fa831e37b2933145d9c2d6e1f904399d0c474a180ebfa90527bab5b2fe1	photo	CID22-512px	lrf	on	8298	72.890274	1005.80
/home/lilith/work/codec-corpus/clic2025-1024/7e499613c3e376ea93afb3649719abeb.png	large	1024	1024	0d1322274a51490648354bf55222ab7dfea3e78fba82209ea98b67704f3264ba	photo	clic2025-1024px-resized	rdo_tx_decision	off	73445	77.453384	2730.56
/home/lilith/work/codec-corpus/CID22/CID22-512/training/2123337.png	medium	256	256	09271fa831e37b2933145d9c2d6e1f904399d0c474a180ebfa90527bab5b2fe1	photo	CID22-512px	fast_deblock	on	8237	72.892357	912.28
/home/lilith/work/codec-corpus/CID22/CID22-512/validation/792079.png	small	64	64	0926a0b43c5e2a578d80ef9d6d039a14bb173f7b3d559446ad738678473737b3	photo	CID22-512px	baseline	default	918	77.825058	981840.93
/home/lilith/work/codec-corpus/CID22/CID22-512/validation/792079.png	small	64	64	0926a0b43c5e2a578d80ef9d6d039a14bb173f7b3d559446ad738678473737b3	photo	CID22-512px	qm	off	947	79.028587	86.87
/home/lilith/work/codec-corpus/CID22/CID22-512/validation/792079.png	small	64	64	0926a0b43c5e2a578d80ef9d6d039a14bb173f7b3d559446ad738678473737b3	photo	CID22-512px	vaq	on_strength_1.0	918	77.825058	53.52
/home/lilith/work/codec-corpus/CID22/CID22-512/validation/792079.png	small	64	64	0926a0b43c5e2a578d80ef9d6d039a14bb173f7b3d559446ad738678473737b3	photo	CID22-512px	vaq_strength	0.5	939	78.266655	52.04
/home/lilith/work/codec-corpus/CID22/CID22-512/validation/792079.png	small	64	64	0926a0b43c5e2a578d80ef9d6d039a14bb173f7b3d559446ad738678473737b3	photo	CID22-512px	vaq_strength	2.0	884	75.958176	73.68
/home/lilith/work/codec-corpus/CID22/CID22-512/validation/792079.png	small	64	64	0926a0b43c5e2a578d80ef9d6d039a14bb173f7b3d559446ad738678473737b3	photo	CID22-512px	vaq_strength	3.0	910	77.729439	59.52
/home/lilith/work/codec-corpus/CID22/CID22-512/validation/792079.png	small	64	64	0926a0b43c5e2a578d80ef9d6d039a14bb173f7b3d559446ad738678473737b3	photo	CID22-512px	tune_still	off	918	78.016876	70.22
/home/lilith/work/codec-corpus/CID22/CID22-512/validation/792079.png	small	64	64	0926a0b43c5e2a578d80ef9d6d039a14bb173f7b3d559446ad738678473737b3	photo	CID22-512px	seg_boost	1.5	908	77.808189	94.49
/home/lilith/work/codec-corpus/CID22/CID22-512/validation/792079.png	small	64	64	0926a0b43c5e2a578d80ef9d6d039a14bb173f7b3d559446ad738678473737b3	photo	CID22-512px	seg_boost	2.0	884	75.958176	61.87
/home/lilith/work/codec-corpus/CID22/CID22-512/validation/792079.png	small	64	64	0926a0b43c5e2a578d80ef9d6d039a14bb173f7b3d559446ad738678473737b3	photo	CID22-512px	trellis	on	921	79.219154	123.13
/home/lilith/work/codec-corpus/CID22/CID22-512/validation/792079.png	small	64	64	0926a0b43c5e2a578d80ef9d6d039a14bb173f7b3d559446ad738678473737b3	photo	CID22-512px	cdef	off	918	77.825058	62.36
/home/lilith/work/codec-corpus/CID22/CID22-512/validation/792079.png	small	64	64	0926a0b43c5e2a578d80ef9d6d039a14bb173f7b3d559446ad738678473737b3	photo	CID22-512px	rdo_tx_decision	off	936	79.000664	23.04
/home/lilith/work/codec-corpus/CID22/CID22-512/validation/792079.png	small	64	64	0926a0b43c5e2a578d80ef9d6d039a14bb173f7b3d559446ad738678473737b3	photo	CID22-512px	sgr_full	off	918	77.825058	75.91
/home/lilith/work/codec-corpus/CID22/CID22-512/validation/792079.png	small	64	64	0926a0b43c5e2a578d80ef9d6d039a14bb173f7b3d559446ad738678473737b3	photo	CID22-512px	lru_on_skip	on	918	77.825058	88.47
/home/lilith/work/codec-corpus/CID22/CID22-512/validation/792079.png	small	64	64	0926a0b43c5e2a578d80ef9d6d039a14bb173f7b3d559446ad738678473737b3	photo	CID22-512px	segmentation_complex	on	907	77.412971	94.45
/home/lilith/work/codec-corpus/CID22/CID22-512/validation/792079.png	small	64	64	0926a0b43c5e2a578d80ef9d6d039a14bb173f7b3d559446ad738678473737b3	photo	CID22-512px	encode_bottomup	on	904	76.130585	83.21
/home/lilith/work/codec-corpus/CID22/CID22-512/validation/792079.png	small	64	64	0926a0b43c5e2a578d80ef9d6d039a14bb173f7b3d559446ad738678473737b3	photo	CID22-512px	partition_range	fine_4_16	918	77.825058	84.27
/home/lilith/work/codec-corpus/CID22/CID22-512/validation/792079.png	small	64	64	0926a0b43c5e2a578d80ef9d6d039a14bb173f7b3d559446ad738678473737b3	photo	CID22-512px	partition_range	coarse_16_64	956	77.640533	64.81
/home/lilith/work/codec-corpus/CID22/CID22-512/validation/792079.png	small	64	64	0926a0b43c5e2a578d80ef9d6d039a14bb173f7b3d559446ad738678473737b3	photo	CID22-512px	complex_prediction_modes	on	919	65.527374	130.49
/home/lilith/work/codec-corpus/CID22/CID22-512/validation/792079.png	small	64	64	0926a0b43c5e2a578d80ef9d6d039a14bb173f7b3d559446ad738678473737b3	photo	CID22-512px	lrf	off	918	77.825058	114.09
/home/lilith/work/codec-corpus/CID22/CID22-512/validation/792079.png	small	64	64	0926a0b43c5e2a578d80ef9d6d039a14bb173f7b3d559446ad738678473737b3	photo	CID22-512px	lrf	on	925	77.716911	69.03
/home/lilith/work/codec-corpus/CID22/CID22-512/validation/792079.png	small	64	64	0926a0b43c5e2a578d80ef9d6d039a14bb173f7b3d559446ad738678473737b3	photo	CID22-512px	fast_deblock	on	918	78.009705	65.35
/home/lilith/work/codec-corpus/CID22/CID22-512/validation/792079.png	medium	256	256	0926a0b43c5e2a578d80ef9d6d039a14bb173f7b3d559446ad738678473737b3	photo	CID22-512px	baseline	default	4393	79.737434	553.30
/home/lilith/work/codec-corpus/CID22/CID22-512/validation/792079.png	medium	256	256	0926a0b43c5e2a578d80ef9d6d039a14bb173f7b3d559446ad738678473737b3	photo	CID22-512px	qm	off	4472	79.843857	619.77
/home/lilith/work/codec-corpus/CID22/CID22-512/validation/792079.png	medium	256	256	0926a0b43c5e2a578d80ef9d6d039a14bb173f7b3d559446ad738678473737b3	photo	CID22-512px	vaq	on_strength_1.0	4393	79.737434	542.94
/home/lilith/work/codec-corpus/CID22/CID22-512/validation/792079.png	medium	256	256	0926a0b43c5e2a578d80ef9d6d039a14bb173f7b3d559446ad738678473737b3	photo	CID22-512px	vaq_strength	0.5	4607	80.135353	693.74
/home/lilith/work/codec-corpus/CID22/CID22-512/validation/792079.png	medium	256	256	0926a0b43c5e2a578d80ef9d6d039a14bb173f7b3d559446ad738678473737b3	photo	CID22-512px	vaq_strength	2.0	4057	78.565018	670.07
/home/lilith/work/codec-corpus/clic2025-1024/c80999cd5533e448167cd9b3ccfa2a37.png	large	1024	1024	02f3e6786f4d8db7fda05dd92d1d0381eb6ff74883815751f7ddc89a93464e5d	photo	clic2025-1024px-resized	seg_boost	2.0	117496	75.809128	10499.50
/home/lilith/work/codec-corpus/CID22/CID22-512/validation/792079.png	medium	256	256	0926a0b43c5e2a578d80ef9d6d039a14bb173f7b3d559446ad738678473737b3	photo	CID22-512px	vaq_strength	3.0	3873	77.194801	662.86
/home/lilith/work/codec-corpus/CID22/CID22-512/validation/792079.png	medium	256	256	0926a0b43c5e2a578d80ef9d6d039a14bb173f7b3d559446ad738678473737b3	photo	CID22-512px	tune_still	off	4393	79.671188	692.78
/home/lilith/work/codec-corpus/CID22/CID22-512/validation/792079.png	medium	256	256	0926a0b43c5e2a578d80ef9d6d039a14bb173f7b3d559446ad738678473737b3	photo	CID22-512px	seg_boost	1.5	4176	79.136360	562.75
/home/lilith/work/codec-corpus/clic2025-1024/7e499613c3e376ea93afb3649719abeb.png	large	1024	1024	0d1322274a51490648354bf55222ab7dfea3e78fba82209ea98b67704f3264ba	photo	clic2025-1024px-resized	sgr_full	off	71607	77.697266	8615.21
/home/lilith/work/codec-corpus/CID22/CID22-512/validation/792079.png	medium	256	256	0926a0b43c5e2a578d80ef9d6d039a14bb173f7b3d559446ad738678473737b3	photo	CID22-512px	seg_boost	2.0	4057	78.565018	588.55
/home/lilith/work/codec-corpus/CID22/CID22-512/validation/792079.png	medium	256	256	0926a0b43c5e2a578d80ef9d6d039a14bb173f7b3d559446ad738678473737b3	photo	CID22-512px	trellis	on	4312	79.530037	759.50
/home/lilith/work/codec-corpus/CID22/CID22-512/validation/792079.png	medium	256	256	0926a0b43c5e2a578d80ef9d6d039a14bb173f7b3d559446ad738678473737b3	photo	CID22-512px	cdef	off	4393	79.737434	657.96
/home/lilith/work/codec-corpus/CID22/CID22-512/validation/792079.png	medium	256	256	0926a0b43c5e2a578d80ef9d6d039a14bb173f7b3d559446ad738678473737b3	photo	CID22-512px	rdo_tx_decision	off	4465	79.807663	259.07
/home/lilith/work/codec-corpus/CID22/CID22-512/validation/792079.png	medium	256	256	0926a0b43c5e2a578d80ef9d6d039a14bb173f7b3d559446ad738678473737b3	photo	CID22-512px	sgr_full	off	4393	79.737434	677.88
/home/lilith/work/codec-corpus/CID22/CID22-512/validation/792079.png	medium	256	256	0926a0b43c5e2a578d80ef9d6d039a14bb173f7b3d559446ad738678473737b3	photo	CID22-512px	lru_on_skip	on	4393	79.737434	574.71
/home/lilith/work/codec-corpus/CID22/CID22-512/validation/792079.png	medium	256	256	0926a0b43c5e2a578d80ef9d6d039a14bb173f7b3d559446ad738678473737b3	photo	CID22-512px	segmentation_complex	on	4264	79.752228	1123.84
/home/lilith/work/codec-corpus/CID22/CID22-512/validation/792079.png	medium	256	256	0926a0b43c5e2a578d80ef9d6d039a14bb173f7b3d559446ad738678473737b3	photo	CID22-512px	encode_bottomup	on	4327	78.197014	807.88
/home/lilith/work/codec-corpus/CID22/CID22-512/validation/792079.png	medium	256	256	0926a0b43c5e2a578d80ef9d6d039a14bb173f7b3d559446ad738678473737b3	photo	CID22-512px	partition_range	fine_4_16	4393	79.737434	536.65
/home/lilith/work/codec-corpus/CID22/CID22-512/validation/792079.png	medium	256	256	0926a0b43c5e2a578d80ef9d6d039a14bb173f7b3d559446ad738678473737b3	photo	CID22-512px	partition_range	coarse_16_64	4351	80.120804	715.00
/home/lilith/work/codec-corpus/clic2025-1024/7e499613c3e376ea93afb3649719abeb.png	large	1024	1024	0d1322274a51490648354bf55222ab7dfea3e78fba82209ea98b67704f3264ba	photo	clic2025-1024px-resized	lru_on_skip	on	71607	77.697266	8182.61
/home/lilith/work/codec-corpus/CID22/CID22-512/validation/792079.png	medium	256	256	0926a0b43c5e2a578d80ef9d6d039a14bb173f7b3d559446ad738678473737b3	photo	CID22-512px	complex_prediction_modes	on	4300	72.907295	1233.20
/home/lilith/work/codec-corpus/CID22/CID22-512/validation/792079.png	medium	256	256	0926a0b43c5e2a578d80ef9d6d039a14bb173f7b3d559446ad738678473737b3	photo	CID22-512px	lrf	off	4393	79.737434	577.19
/home/lilith/work/codec-corpus/CID22/CID22-512/validation/792079.png	medium	256	256	0926a0b43c5e2a578d80ef9d6d039a14bb173f7b3d559446ad738678473737b3	photo	CID22-512px	lrf	on	4453	80.026588	686.22
/home/lilith/work/codec-corpus/CID22/CID22-512/validation/792079.png	medium	256	256	0926a0b43c5e2a578d80ef9d6d039a14bb173f7b3d559446ad738678473737b3	photo	CID22-512px	fast_deblock	on	4393	79.631439	579.03
/home/lilith/work/codec-corpus/clic2025-1024/c80999cd5533e448167cd9b3ccfa2a37.png	large	1024	1024	02f3e6786f4d8db7fda05dd92d1d0381eb6ff74883815751f7ddc89a93464e5d	photo	clic2025-1024px-resized	trellis	on	119032	76.339394	16763.78
/home/lilith/work/codec-corpus/clic2025-1024/7e499613c3e376ea93afb3649719abeb.png	large	1024	1024	0d1322274a51490648354bf55222ab7dfea3e78fba82209ea98b67704f3264ba	photo	clic2025-1024px-resized	segmentation_complex	on	68688	76.718010	12962.29
/home/lilith/work/codec-corpus/clic2025-1024/c80999cd5533e448167cd9b3ccfa2a37.png	large	1024	1024	02f3e6786f4d8db7fda05dd92d1d0381eb6ff74883815751f7ddc89a93464e5d	photo	clic2025-1024px-resized	cdef	off	119393	76.401718	9987.98
/home/lilith/work/codec-corpus/clic2025-1024/c80999cd5533e448167cd9b3ccfa2a37.png	large	1024	1024	02f3e6786f4d8db7fda05dd92d1d0381eb6ff74883815751f7ddc89a93464e5d	photo	clic2025-1024px-resized	rdo_tx_decision	off	123360	76.150566	4264.21
/home/lilith/work/codec-corpus/clic2025-1024/7e499613c3e376ea93afb3649719abeb.png	large	1024	1024	0d1322274a51490648354bf55222ab7dfea3e78fba82209ea98b67704f3264ba	photo	clic2025-1024px-resized	encode_bottomup	on	71408	70.088768	11289.51
/home/lilith/work/codec-corpus/clic2025-1024/c80999cd5533e448167cd9b3ccfa2a37.png	large	1024	1024	02f3e6786f4d8db7fda05dd92d1d0381eb6ff74883815751f7ddc89a93464e5d	photo	clic2025-1024px-resized	sgr_full	off	119393	76.401718	9863.18
/home/lilith/work/codec-corpus/clic2025-1024/7e499613c3e376ea93afb3649719abeb.png	large	1024	1024	0d1322274a51490648354bf55222ab7dfea3e78fba82209ea98b67704f3264ba	photo	clic2025-1024px-resized	partition_range	fine_4_16	71607	77.697266	8185.20
/home/lilith/work/codec-corpus/clic2025-1024/7e499613c3e376ea93afb3649719abeb.png	large	1024	1024	0d1322274a51490648354bf55222ab7dfea3e78fba82209ea98b67704f3264ba	photo	clic2025-1024px-resized	partition_range	coarse_16_64	73299	77.547478	8353.95
/home/lilith/work/codec-corpus/clic2025-1024/c80999cd5533e448167cd9b3ccfa2a37.png	large	1024	1024	02f3e6786f4d8db7fda05dd92d1d0381eb6ff74883815751f7ddc89a93464e5d	photo	clic2025-1024px-resized	lru_on_skip	on	119393	76.401718	11021.18
/home/lilith/work/codec-corpus/clic2025-1024/c80999cd5533e448167cd9b3ccfa2a37.png	large	1024	1024	02f3e6786f4d8db7fda05dd92d1d0381eb6ff74883815751f7ddc89a93464e5d	photo	clic2025-1024px-resized	segmentation_complex	on	110872	75.061226	15933.82
/home/lilith/work/codec-corpus/clic2025-1024/7e499613c3e376ea93afb3649719abeb.png	large	1024	1024	0d1322274a51490648354bf55222ab7dfea3e78fba82209ea98b67704f3264ba	photo	clic2025-1024px-resized	complex_prediction_modes	on	71384	28.721495	19681.57
/home/lilith/work/codec-corpus/clic2025-1024/7e499613c3e376ea93afb3649719abeb.png	large	1024	1024	0d1322274a51490648354bf55222ab7dfea3e78fba82209ea98b67704f3264ba	photo	clic2025-1024px-resized	lrf	off	71607	77.697266	8189.06
/home/lilith/work/codec-corpus/clic2025-1024/c80999cd5533e448167cd9b3ccfa2a37.png	large	1024	1024	02f3e6786f4d8db7fda05dd92d1d0381eb6ff74883815751f7ddc89a93464e5d	photo	clic2025-1024px-resized	encode_bottomup	on	117939	71.619186	16831.87
/home/lilith/work/codec-corpus/clic2025-1024/7e499613c3e376ea93afb3649719abeb.png	large	1024	1024	0d1322274a51490648354bf55222ab7dfea3e78fba82209ea98b67704f3264ba	photo	clic2025-1024px-resized	lrf	on	72215	77.802490	8807.55
/home/lilith/work/codec-corpus/clic2025-1024/c80999cd5533e448167cd9b3ccfa2a37.png	large	1024	1024	02f3e6786f4d8db7fda05dd92d1d0381eb6ff74883815751f7ddc89a93464e5d	photo	clic2025-1024px-resized	partition_range	fine_4_16	119393	76.401718	10208.43
/home/lilith/work/codec-corpus/clic2025-1024/7e499613c3e376ea93afb3649719abeb.png	large	1024	1024	0d1322274a51490648354bf55222ab7dfea3e78fba82209ea98b67704f3264ba	photo	clic2025-1024px-resized	fast_deblock	on	71607	77.572777	8178.55
/home/lilith/work/codec-corpus/clic2025-1024/c80999cd5533e448167cd9b3ccfa2a37.png	large	1024	1024	02f3e6786f4d8db7fda05dd92d1d0381eb6ff74883815751f7ddc89a93464e5d	photo	clic2025-1024px-resized	partition_range	coarse_16_64	124562	75.802589	9497.83
/home/lilith/work/codec-corpus/clic2025-1024/c80999cd5533e448167cd9b3ccfa2a37.png	large	1024	1024	02f3e6786f4d8db7fda05dd92d1d0381eb6ff74883815751f7ddc89a93464e5d	photo	clic2025-1024px-resized	complex_prediction_modes	on	118952	35.770195	23676.69
/home/lilith/work/codec-corpus/clic2025-1024/c80999cd5533e448167cd9b3ccfa2a37.png	large	1024	1024	02f3e6786f4d8db7fda05dd92d1d0381eb6ff74883815751f7ddc89a93464e5d	photo	clic2025-1024px-resized	lrf	off	119393	76.401718	10378.54
/home/lilith/work/codec-corpus/clic2025-1024/c80999cd5533e448167cd9b3ccfa2a37.png	large	1024	1024	02f3e6786f4d8db7fda05dd92d1d0381eb6ff74883815751f7ddc89a93464e5d	photo	clic2025-1024px-resized	lrf	on	120512	76.472069	11107.53
/home/lilith/work/codec-corpus/clic2025-1024/c80999cd5533e448167cd9b3ccfa2a37.png	large	1024	1024	02f3e6786f4d8db7fda05dd92d1d0381eb6ff74883815751f7ddc89a93464e5d	photo	clic2025-1024px-resized	fast_deblock	on	119393	76.387589	10384.80
/home/lilith/work/codec-corpus/CID22/CID22-512/training/1454613116.png	small	64	64	031c5a00cfe597fb352b16851f1f26376c757ce6964df920f448cd1928745456	photo	CID22-512px	baseline	default	871	82.292130	65.45
/home/lilith/work/codec-corpus/CID22/CID22-512/training/1454613116.png	small	64	64	031c5a00cfe597fb352b16851f1f26376c757ce6964df920f448cd1928745456	photo	CID22-512px	qm	off	895	84.724854	62.13
/home/lilith/work/codec-corpus/CID22/CID22-512/training/1454613116.png	small	64	64	031c5a00cfe597fb352b16851f1f26376c757ce6964df920f448cd1928745456	photo	CID22-512px	vaq	on_strength_1.0	871	82.292130	67.76
/home/lilith/work/codec-corpus/CID22/CID22-512/training/1454613116.png	small	64	64	031c5a00cfe597fb352b16851f1f26376c757ce6964df920f448cd1928745456	photo	CID22-512px	vaq_strength	0.5	891	83.208817	48.81
/home/lilith/work/codec-corpus/CID22/CID22-512/training/1454613116.png	small	64	64	031c5a00cfe597fb352b16851f1f26376c757ce6964df920f448cd1928745456	photo	CID22-512px	vaq_strength	2.0	861	81.443924	53.31
/home/lilith/work/codec-corpus/CID22/CID22-512/training/1454613116.png	small	64	64	031c5a00cfe597fb352b16851f1f26376c757ce6964df920f448cd1928745456	photo	CID22-512px	vaq_strength	3.0	848	81.262016	59.11
/home/lilith/work/codec-corpus/CID22/CID22-512/training/1454613116.png	small	64	64	031c5a00cfe597fb352b16851f1f26376c757ce6964df920f448cd1928745456	photo	CID22-512px	tune_still	off	871	82.462379	65.15
/home/lilith/work/codec-corpus/CID22/CID22-512/training/1454613116.png	small	64	64	031c5a00cfe597fb352b16851f1f26376c757ce6964df920f448cd1928745456	photo	CID22-512px	seg_boost	1.5	862	82.792633	58.64
/home/lilith/work/codec-corpus/CID22/CID22-512/training/1454613116.png	small	64	64	031c5a00cfe597fb352b16851f1f26376c757ce6964df920f448cd1928745456	photo	CID22-512px	seg_boost	2.0	861	81.443924	62.18
/home/lilith/work/codec-corpus/CID22/CID22-512/training/1454613116.png	small	64	64	031c5a00cfe597fb352b16851f1f26376c757ce6964df920f448cd1928745456	photo	CID22-512px	trellis	on	871	82.292130	127.14
/home/lilith/work/codec-corpus/CID22/CID22-512/training/1454613116.png	small	64	64	031c5a00cfe597fb352b16851f1f26376c757ce6964df920f448cd1928745456	photo	CID22-512px	cdef	off	871	82.292130	66.01
/home/lilith/work/codec-corpus/CID22/CID22-512/training/1454613116.png	small	64	64	031c5a00cfe597fb352b16851f1f26376c757ce6964df920f448cd1928745456	photo	CID22-512px	rdo_tx_decision	off	923	82.432152	36.87
/home/lilith/work/codec-corpus/CID22/CID22-512/training/1454613116.png	small	64	64	031c5a00cfe597fb352b16851f1f26376c757ce6964df920f448cd1928745456	photo	CID22-512px	sgr_full	off	871	82.292130	106.51
/home/lilith/work/codec-corpus/CID22/CID22-512/training/1454613116.png	small	64	64	031c5a00cfe597fb352b16851f1f26376c757ce6964df920f448cd1928745456	photo	CID22-512px	lru_on_skip	on	871	82.292130	73.62
/home/lilith/work/codec-corpus/CID22/CID22-512/training/1454613116.png	small	64	64	031c5a00cfe597fb352b16851f1f26376c757ce6964df920f448cd1928745456	photo	CID22-512px	segmentation_complex	on	865	82.625824	92.68
/home/lilith/work/codec-corpus/CID22/CID22-512/training/1454613116.png	small	64	64	031c5a00cfe597fb352b16851f1f26376c757ce6964df920f448cd1928745456	photo	CID22-512px	encode_bottomup	on	867	78.149330	100.71
/home/lilith/work/codec-corpus/CID22/CID22-512/training/1454613116.png	small	64	64	031c5a00cfe597fb352b16851f1f26376c757ce6964df920f448cd1928745456	photo	CID22-512px	partition_range	fine_4_16	871	82.292130	73.17
/home/lilith/work/codec-corpus/CID22/CID22-512/training/1454613116.png	small	64	64	031c5a00cfe597fb352b16851f1f26376c757ce6964df920f448cd1928745456	photo	CID22-512px	partition_range	coarse_16_64	912	82.202576	123.71
/home/lilith/work/codec-corpus/CID22/CID22-512/training/1454613116.png	small	64	64	031c5a00cfe597fb352b16851f1f26376c757ce6964df920f448cd1928745456	photo	CID22-512px	complex_prediction_modes	on	873	63.340824	174.63
/home/lilith/work/codec-corpus/CID22/CID22-512/training/1454613116.png	small	64	64	031c5a00cfe597fb352b16851f1f26376c757ce6964df920f448cd1928745456	photo	CID22-512px	lrf	off	871	82.292130	85.29
/home/lilith/work/codec-corpus/CID22/CID22-512/training/1454613116.png	small	64	64	031c5a00cfe597fb352b16851f1f26376c757ce6964df920f448cd1928745456	photo	CID22-512px	lrf	on	876	82.695885	86.44
/home/lilith/work/codec-corpus/CID22/CID22-512/training/1454613116.png	small	64	64	031c5a00cfe597fb352b16851f1f26376c757ce6964df920f448cd1928745456	photo	CID22-512px	fast_deblock	on	871	82.202934	57.60
/home/lilith/work/codec-corpus/CID22/CID22-512/training/1454613116.png	medium	256	256	031c5a00cfe597fb352b16851f1f26376c757ce6964df920f448cd1928745456	photo	CID22-512px	baseline	default	3685	87.732086	485.14
/home/lilith/work/codec-corpus/CID22/CID22-512/training/1454613116.png	medium	256	256	031c5a00cfe597fb352b16851f1f26376c757ce6964df920f448cd1928745456	photo	CID22-512px	qm	off	3774	88.023643	678.34
/home/lilith/work/codec-corpus/CID22/CID22-512/training/1454613116.png	medium	256	256	031c5a00cfe597fb352b16851f1f26376c757ce6964df920f448cd1928745456	photo	CID22-512px	vaq	on_strength_1.0	3685	87.732086	439.56
/home/lilith/work/codec-corpus/CID22/CID22-512/training/1454613116.png	medium	256	256	031c5a00cfe597fb352b16851f1f26376c757ce6964df920f448cd1928745456	photo	CID22-512px	vaq_strength	0.5	3829	88.405632	516.35
/home/lilith/work/codec-corpus/CID22/CID22-512/training/1454613116.png	medium	256	256	031c5a00cfe597fb352b16851f1f26376c757ce6964df920f448cd1928745456	photo	CID22-512px	vaq_strength	2.0	3496	87.257530	404.30
/home/lilith/work/codec-corpus/CID22/CID22-512/training/1454613116.png	medium	256	256	031c5a00cfe597fb352b16851f1f26376c757ce6964df920f448cd1928745456	photo	CID22-512px	vaq_strength	3.0	3420	85.965195	547.55
/home/lilith/work/codec-corpus/CID22/CID22-512/training/1454613116.png	medium	256	256	031c5a00cfe597fb352b16851f1f26376c757ce6964df920f448cd1928745456	photo	CID22-512px	tune_still	off	3685	87.676178	487.43
/home/lilith/work/codec-corpus/CID22/CID22-512/training/1454613116.png	medium	256	256	031c5a00cfe597fb352b16851f1f26376c757ce6964df920f448cd1928745456	photo	CID22-512px	seg_boost	1.5	3621	87.695862	661.77
/home/lilith/work/codec-corpus/CID22/CID22-512/training/1454613116.png	medium	256	256	031c5a00cfe597fb352b16851f1f26376c757ce6964df920f448cd1928745456	photo	CID22-512px	seg_boost	2.0	3496	87.257530	539.85
/home/lilith/work/codec-corpus/CID22/CID22-512/training/1454613116.png	medium	256	256	031c5a00cfe597fb352b16851f1f26376c757ce6964df920f448cd1928745456	photo	CID22-512px	trellis	on	3685	87.732086	780.44
/home/lilith/work/codec-corpus/CID22/CID22-512/training/1454613116.png	medium	256	256	031c5a00cfe597fb352b16851f1f26376c757ce6964df920f448cd1928745456	photo	CID22-512px	cdef	off	3685	87.732086	610.79
/home/lilith/work/codec-corpus/CID22/CID22-512/training/1454613116.png	medium	256	256	031c5a00cfe597fb352b16851f1f26376c757ce6964df920f448cd1928745456	photo	CID22-512px	rdo_tx_decision	off	4094	86.831322	183.31
/home/lilith/work/codec-corpus/CID22/CID22-512/training/1454613116.png	medium	256	256	031c5a00cfe597fb352b16851f1f26376c757ce6964df920f448cd1928745456	photo	CID22-512px	sgr_full	off	3685	87.732086	489.75
/home/lilith/work/codec-corpus/CID22/CID22-512/training/1454613116.png	medium	256	256	031c5a00cfe597fb352b16851f1f26376c757ce6964df920f448cd1928745456	photo	CID22-512px	lru_on_skip	on	3685	87.732086	514.22
/home/lilith/work/codec-corpus/CID22/CID22-512/training/1454613116.png	medium	256	256	031c5a00cfe597fb352b16851f1f26376c757ce6964df920f448cd1928745456	photo	CID22-512px	segmentation_complex	on	3686	87.962395	740.17
/home/lilith/work/codec-corpus/CID22/CID22-512/training/1454613116.png	medium	256	256	031c5a00cfe597fb352b16851f1f26376c757ce6964df920f448cd1928745456	photo	CID22-512px	encode_bottomup	on	3682	62.244240	544.78
/home/lilith/work/codec-corpus/CID22/CID22-512/training/1454613116.png	medium	256	256	031c5a00cfe597fb352b16851f1f26376c757ce6964df920f448cd1928745456	photo	CID22-512px	partition_range	fine_4_16	3685	87.732086	706.70
/home/lilith/work/codec-corpus/CID22/CID22-512/training/1454613116.png	medium	256	256	031c5a00cfe597fb352b16851f1f26376c757ce6964df920f448cd1928745456	photo	CID22-512px	partition_range	coarse_16_64	4236	86.639816	560.90
/home/lilith/work/codec-corpus/CID22/CID22-512/training/1454613116.png	medium	256	256	031c5a00cfe597fb352b16851f1f26376c757ce6964df920f448cd1928745456	photo	CID22-512px	complex_prediction_modes	on	3707	-23.808332	1392.48
/home/lilith/work/codec-corpus/CID22/CID22-512/training/1454613116.png	medium	256	256	031c5a00cfe597fb352b16851f1f26376c757ce6964df920f448cd1928745456	photo	CID22-512px	lrf	off	3685	87.732086	468.59
/home/lilith/work/codec-corpus/CID22/CID22-512/training/1454613116.png	medium	256	256	031c5a00cfe597fb352b16851f1f26376c757ce6964df920f448cd1928745456	photo	CID22-512px	lrf	on	3703	87.800491	580.77
/home/lilith/work/codec-corpus/CID22/CID22-512/training/1454613116.png	medium	256	256	031c5a00cfe597fb352b16851f1f26376c757ce6964df920f448cd1928745456	photo	CID22-512px	fast_deblock	on	3685	87.735695	427.40
/home/lilith/work/codec-corpus/CID22/CID22-512/training/StockQuoteGraph-20120521.png	small	64	64	031ef607fd685c94b5100f5fc7b1d8e41be45acd401481ec6869d5d0a97e8c32	photo	CID22-512px	baseline	default	679	79.872581	55.48
/home/lilith/work/codec-corpus/CID22/CID22-512/training/StockQuoteGraph-20120521.png	small	64	64	031ef607fd685c94b5100f5fc7b1d8e41be45acd401481ec6869d5d0a97e8c32	photo	CID22-512px	qm	off	677	80.572739	59.20
/home/lilith/work/codec-corpus/CID22/CID22-512/training/StockQuoteGraph-20120521.png	small	64	64	031ef607fd685c94b5100f5fc7b1d8e41be45acd401481ec6869d5d0a97e8c32	photo	CID22-512px	vaq	on_strength_1.0	679	79.872581	48.44
/home/lilith/work/codec-corpus/CID22/CID22-512/training/StockQuoteGraph-20120521.png	small	64	64	031ef607fd685c94b5100f5fc7b1d8e41be45acd401481ec6869d5d0a97e8c32	photo	CID22-512px	vaq_strength	0.5	672	78.736794	43.73
/home/lilith/work/codec-corpus/CID22/CID22-512/training/StockQuoteGraph-20120521.png	small	64	64	031ef607fd685c94b5100f5fc7b1d8e41be45acd401481ec6869d5d0a97e8c32	photo	CID22-512px	vaq_strength	2.0	674	79.564491	44.09
/home/lilith/work/codec-corpus/CID22/CID22-512/training/StockQuoteGraph-20120521.png	small	64	64	031ef607fd685c94b5100f5fc7b1d8e41be45acd401481ec6869d5d0a97e8c32	photo	CID22-512px	vaq_strength	3.0	676	78.265335	78.18
/home/lilith/work/codec-corpus/CID22/CID22-512/training/StockQuoteGraph-20120521.png	small	64	64	031ef607fd685c94b5100f5fc7b1d8e41be45acd401481ec6869d5d0a97e8c32	photo	CID22-512px	tune_still	off	679	79.807625	77.00
/home/lilith/work/codec-corpus/CID22/CID22-512/training/StockQuoteGraph-20120521.png	small	64	64	031ef607fd685c94b5100f5fc7b1d8e41be45acd401481ec6869d5d0a97e8c32	photo	CID22-512px	seg_boost	1.5	677	80.816864	100.49
/home/lilith/work/codec-corpus/CID22/CID22-512/training/StockQuoteGraph-20120521.png	small	64	64	031ef607fd685c94b5100f5fc7b1d8e41be45acd401481ec6869d5d0a97e8c32	photo	CID22-512px	seg_boost	2.0	674	79.564491	108.61
/home/lilith/work/codec-corpus/CID22/CID22-512/training/StockQuoteGraph-20120521.png	small	64	64	031ef607fd685c94b5100f5fc7b1d8e41be45acd401481ec6869d5d0a97e8c32	photo	CID22-512px	trellis	on	676	80.380104	82.75
/home/lilith/work/codec-corpus/CID22/CID22-512/training/StockQuoteGraph-20120521.png	small	64	64	031ef607fd685c94b5100f5fc7b1d8e41be45acd401481ec6869d5d0a97e8c32	photo	CID22-512px	cdef	off	679	79.872581	73.80
/home/lilith/work/codec-corpus/CID22/CID22-512/training/StockQuoteGraph-20120521.png	small	64	64	031ef607fd685c94b5100f5fc7b1d8e41be45acd401481ec6869d5d0a97e8c32	photo	CID22-512px	rdo_tx_decision	off	697	76.906799	25.46
/home/lilith/work/codec-corpus/CID22/CID22-512/training/StockQuoteGraph-20120521.png	small	64	64	031ef607fd685c94b5100f5fc7b1d8e41be45acd401481ec6869d5d0a97e8c32	photo	CID22-512px	sgr_full	off	679	79.872581	42.98
/home/lilith/work/codec-corpus/CID22/CID22-512/training/StockQuoteGraph-20120521.png	small	64	64	031ef607fd685c94b5100f5fc7b1d8e41be45acd401481ec6869d5d0a97e8c32	photo	CID22-512px	lru_on_skip	on	679	79.872581	43.56
/home/lilith/work/codec-corpus/CID22/CID22-512/training/StockQuoteGraph-20120521.png	small	64	64	031ef607fd685c94b5100f5fc7b1d8e41be45acd401481ec6869d5d0a97e8c32	photo	CID22-512px	segmentation_complex	on	648	79.347740	86.57
/home/lilith/work/codec-corpus/CID22/CID22-512/training/StockQuoteGraph-20120521.png	small	64	64	031ef607fd685c94b5100f5fc7b1d8e41be45acd401481ec6869d5d0a97e8c32	photo	CID22-512px	encode_bottomup	on	654	72.820755	110.59
/home/lilith/work/codec-corpus/CID22/CID22-512/training/StockQuoteGraph-20120521.png	small	64	64	031ef607fd685c94b5100f5fc7b1d8e41be45acd401481ec6869d5d0a97e8c32	photo	CID22-512px	partition_range	fine_4_16	679	79.872581	98.11
/home/lilith/work/codec-corpus/CID22/CID22-512/training/StockQuoteGraph-20120521.png	small	64	64	031ef607fd685c94b5100f5fc7b1d8e41be45acd401481ec6869d5d0a97e8c32	photo	CID22-512px	partition_range	coarse_16_64	672	78.963943	180.61
/home/lilith/work/codec-corpus/CID22/CID22-512/training/StockQuoteGraph-20120521.png	small	64	64	031ef607fd685c94b5100f5fc7b1d8e41be45acd401481ec6869d5d0a97e8c32	photo	CID22-512px	complex_prediction_modes	on	676	80.331215	179.18
/home/lilith/work/codec-corpus/CID22/CID22-512/training/StockQuoteGraph-20120521.png	small	64	64	031ef607fd685c94b5100f5fc7b1d8e41be45acd401481ec6869d5d0a97e8c32	photo	CID22-512px	lrf	off	679	79.872581	85.05
/home/lilith/work/codec-corpus/CID22/CID22-512/training/StockQuoteGraph-20120521.png	small	64	64	031ef607fd685c94b5100f5fc7b1d8e41be45acd401481ec6869d5d0a97e8c32	photo	CID22-512px	lrf	on	683	80.074341	86.55
/home/lilith/work/codec-corpus/CID22/CID22-512/training/StockQuoteGraph-20120521.png	small	64	64	031ef607fd685c94b5100f5fc7b1d8e41be45acd401481ec6869d5d0a97e8c32	photo	CID22-512px	fast_deblock	on	679	79.746651	39.40
/home/lilith/work/codec-corpus/CID22/CID22-512/training/StockQuoteGraph-20120521.png	medium	256	256	031ef607fd685c94b5100f5fc7b1d8e41be45acd401481ec6869d5d0a97e8c32	photo	CID22-512px	baseline	default	3536	80.991516	513.80
/home/lilith/work/codec-corpus/CID22/CID22-512/training/StockQuoteGraph-20120521.png	medium	256	256	031ef607fd685c94b5100f5fc7b1d8e41be45acd401481ec6869d5d0a97e8c32	photo	CID22-512px	qm	off	3670	80.997169	646.54
/home/lilith/work/codec-corpus/CID22/CID22-512/training/StockQuoteGraph-20120521.png	medium	256	256	031ef607fd685c94b5100f5fc7b1d8e41be45acd401481ec6869d5d0a97e8c32	photo	CID22-512px	vaq	on_strength_1.0	3536	80.991516	477.31
/home/lilith/work/codec-corpus/CID22/CID22-512/training/StockQuoteGraph-20120521.png	medium	256	256	031ef607fd685c94b5100f5fc7b1d8e41be45acd401481ec6869d5d0a97e8c32	photo	CID22-512px	vaq_strength	0.5	3768	82.210686	507.64
/home/lilith/work/codec-corpus/CID22/CID22-512/training/StockQuoteGraph-20120521.png	medium	256	256	031ef607fd685c94b5100f5fc7b1d8e41be45acd401481ec6869d5d0a97e8c32	photo	CID22-512px	vaq_strength	2.0	3317	79.339149	526.09
/home/lilith/work/codec-corpus/CID22/CID22-512/training/StockQuoteGraph-20120521.png	medium	256	256	031ef607fd685c94b5100f5fc7b1d8e41be45acd401481ec6869d5d0a97e8c32	photo	CID22-512px	vaq_strength	3.0	3209	77.551750	556.53
/home/lilith/work/codec-corpus/CID22/CID22-512/training/StockQuoteGraph-20120521.png	medium	256	256	031ef607fd685c94b5100f5fc7b1d8e41be45acd401481ec6869d5d0a97e8c32	photo	CID22-512px	tune_still	off	3536	81.028877	426.12
/home/lilith/work/codec-corpus/CID22/CID22-512/training/StockQuoteGraph-20120521.png	medium	256	256	031ef607fd685c94b5100f5fc7b1d8e41be45acd401481ec6869d5d0a97e8c32	photo	CID22-512px	seg_boost	1.5	3482	80.401588	586.09
/home/lilith/work/codec-corpus/CID22/CID22-512/training/StockQuoteGraph-20120521.png	medium	256	256	031ef607fd685c94b5100f5fc7b1d8e41be45acd401481ec6869d5d0a97e8c32	photo	CID22-512px	seg_boost	2.0	3317	79.339149	581.22
/home/lilith/work/codec-corpus/CID22/CID22-512/training/StockQuoteGraph-20120521.png	medium	256	256	031ef607fd685c94b5100f5fc7b1d8e41be45acd401481ec6869d5d0a97e8c32	photo	CID22-512px	trellis	on	3548	81.104652	783.76
/home/lilith/work/codec-corpus/CID22/CID22-512/training/StockQuoteGraph-20120521.png	medium	256	256	031ef607fd685c94b5100f5fc7b1d8e41be45acd401481ec6869d5d0a97e8c32	photo	CID22-512px	cdef	off	3536	80.991516	740.48
/home/lilith/work/codec-corpus/CID22/CID22-512/training/StockQuoteGraph-20120521.png	medium	256	256	031ef607fd685c94b5100f5fc7b1d8e41be45acd401481ec6869d5d0a97e8c32	photo	CID22-512px	rdo_tx_decision	off	3792	80.858864	213.34
/home/lilith/work/codec-corpus/CID22/CID22-512/training/StockQuoteGraph-20120521.png	medium	256	256	031ef607fd685c94b5100f5fc7b1d8e41be45acd401481ec6869d5d0a97e8c32	photo	CID22-512px	sgr_full	off	3536	80.991516	462.35
/home/lilith/work/codec-corpus/CID22/CID22-512/training/StockQuoteGraph-20120521.png	medium	256	256	031ef607fd685c94b5100f5fc7b1d8e41be45acd401481ec6869d5d0a97e8c32	photo	CID22-512px	lru_on_skip	on	3536	80.991516	555.38
/home/lilith/work/codec-corpus/CID22/CID22-512/training/StockQuoteGraph-20120521.png	medium	256	256	031ef607fd685c94b5100f5fc7b1d8e41be45acd401481ec6869d5d0a97e8c32	photo	CID22-512px	segmentation_complex	on	3521	81.309860	853.60
/home/lilith/work/codec-corpus/CID22/CID22-512/training/StockQuoteGraph-20120521.png	medium	256	256	031ef607fd685c94b5100f5fc7b1d8e41be45acd401481ec6869d5d0a97e8c32	photo	CID22-512px	encode_bottomup	on	3520	73.966675	744.53
/home/lilith/work/codec-corpus/CID22/CID22-512/training/StockQuoteGraph-20120521.png	medium	256	256	031ef607fd685c94b5100f5fc7b1d8e41be45acd401481ec6869d5d0a97e8c32	photo	CID22-512px	partition_range	fine_4_16	3536	80.991516	645.85
/home/lilith/work/codec-corpus/CID22/CID22-512/training/StockQuoteGraph-20120521.png	medium	256	256	031ef607fd685c94b5100f5fc7b1d8e41be45acd401481ec6869d5d0a97e8c32	photo	CID22-512px	partition_range	coarse_16_64	3895	80.332115	811.44
/home/lilith/work/codec-corpus/CID22/CID22-512/training/StockQuoteGraph-20120521.png	medium	256	256	031ef607fd685c94b5100f5fc7b1d8e41be45acd401481ec6869d5d0a97e8c32	photo	CID22-512px	complex_prediction_modes	on	3539	53.835728	1536.61
/home/lilith/work/codec-corpus/CID22/CID22-512/training/StockQuoteGraph-20120521.png	medium	256	256	031ef607fd685c94b5100f5fc7b1d8e41be45acd401481ec6869d5d0a97e8c32	photo	CID22-512px	lrf	off	3536	80.991516	456.22
/home/lilith/work/codec-corpus/CID22/CID22-512/training/StockQuoteGraph-20120521.png	medium	256	256	031ef607fd685c94b5100f5fc7b1d8e41be45acd401481ec6869d5d0a97e8c32	photo	CID22-512px	lrf	on	3566	81.249878	438.26
/home/lilith/work/codec-corpus/CID22/CID22-512/training/StockQuoteGraph-20120521.png	medium	256	256	031ef607fd685c94b5100f5fc7b1d8e41be45acd401481ec6869d5d0a97e8c32	photo	CID22-512px	fast_deblock	on	3536	80.992233	523.55
