image	w	h	family	encoder	fmt	q	bytes	bpp	ssim2	enc_ms	butteraugli_3n	butteraugli_max
5004_nps_blca-black-canyon-2023_color_p02_7016x4961.sdr.s1024	1024	724	5000	svt-av1-v4.1.0	p0t4	15	145584	1.57096	78.57946604	4802	1.0592322461030754	4.2165846824646
5004_nps_blca-black-canyon-2023_color_p02_7016x4961.sdr.s1024	1024	724	5000	svt-av1-v4.1.0	p0t4	25	105247	1.13569	75.08995379	7674	1.138691543996911	4.187446117401123
5004_nps_blca-black-canyon-2023_color_p02_7016x4961.sdr.s1024	1024	724	5000	svt-av1-v4.1.0	p0t4	35	66699	0.71973	64.75769045	8701	1.4715685547312318	4.702784538269043
5004_nps_blca-black-canyon-2023_color_p02_7016x4961.sdr.s1024	1024	724	5000	svt-av1-v4.1.0	p0t4	45	31334	0.33812	42.75127803	8834	2.306383638011121	6.510575771331787
5004_nps_blca-black-canyon-2023_color_p02_7016x4961.sdr.s1024	1024	724	5000	svt-av1-v4.1.0	p0t4	55	11692	0.12617	6.34139259	8449	3.991135399000971	12.878426551818848
5004_nps_blca-black-canyon-2023_color_p02_7016x4961.sdr.s1024	1024	724	5000	svt-av1-v4.1.0	p0t4	65	3250	0.03507	-44.76717754	3816	7.81379115989823	26.651039123535156
5004_nps_blca-black-canyon-2023_color_p02_7016x4961.sdr.s1024	1024	724	5000	svt-av1-v4.1.0	p1t4	15	146124	1.57679	78.38155671	2731	1.0811240608319992	4.719200611114502
5004_nps_blca-black-canyon-2023_color_p02_7016x4961.sdr.s1024	1024	724	5000	svt-av1-v4.1.0	p1t4	25	105724	1.14084	74.93309915	3681	1.1849426820287654	4.680705547332764
5004_nps_blca-black-canyon-2023_color_p02_7016x4961.sdr.s1024	1024	724	5000	svt-av1-v4.1.0	p1t4	35	66462	0.71717	65.26547961	4354	1.4479664232959932	4.436110019683838
5004_nps_blca-black-canyon-2023_color_p02_7016x4961.sdr.s1024	1024	724	5000	svt-av1-v4.1.0	p1t4	45	31223	0.33692	43.01242147	4218	2.280921922562466	5.964487075805664
5004_nps_blca-black-canyon-2023_color_p02_7016x4961.sdr.s1024	1024	724	5000	svt-av1-v4.1.0	p1t4	55	11586	0.12502	5.70849051	3659	3.986080575582765	13.07120418548584
5004_nps_blca-black-canyon-2023_color_p02_7016x4961.sdr.s1024	1024	724	5000	svt-av1-v4.1.0	p1t4	65	3210	0.03464	-45.64372824	1709	7.952238313644113	25.027511596679688
5004_nps_blca-black-canyon-2023_color_p02_7016x4961.sdr.s1024	1024	724	5000	svt-av1-v4.1.0	p2t4	15	146314	1.57884	78.51408340	1461	1.0593400868648226	4.164605140686035
5004_nps_blca-black-canyon-2023_color_p02_7016x4961.sdr.s1024	1024	724	5000	svt-av1-v4.1.0	p2t4	25	106109	1.14500	74.85940660	2022	1.1407744156101554	4.292242050170898
5004_nps_blca-black-canyon-2023_color_p02_7016x4961.sdr.s1024	1024	724	5000	svt-av1-v4.1.0	p2t4	35	66465	0.71721	65.22001312	2173	1.5737339048200696	6.258037567138672
5004_nps_blca-black-canyon-2023_color_p02_7016x4961.sdr.s1024	1024	724	5000	svt-av1-v4.1.0	p2t4	45	30034	0.32409	40.89850826	2194	2.383579884268969	6.785625457763672
5004_nps_blca-black-canyon-2023_color_p02_7016x4961.sdr.s1024	1024	724	5000	svt-av1-v4.1.0	p2t4	55	11505	0.12415	4.60893142	2831	4.050665751455409	13.677299499511719
5004_nps_blca-black-canyon-2023_color_p02_7016x4961.sdr.s1024	1024	724	5000	svt-av1-v4.1.0	p2t4	65	3239	0.03495	-46.12973756	1355	8.077839085572284	26.51215171813965
5004_nps_blca-black-canyon-2023_color_p02_7016x4961.sdr.s1024	1024	724	5000	svt-av1-v4.1.0	p6t4	15	148803	1.60570	78.40621851	254	1.0790668208878074	4.173431396484375
5004_nps_blca-black-canyon-2023_color_p02_7016x4961.sdr.s1024	1024	724	5000	svt-av1-v4.1.0	p6t4	25	108606	1.17194	74.37196299	231	1.181492952725961	4.509798526763916
5004_nps_blca-black-canyon-2023_color_p02_7016x4961.sdr.s1024	1024	724	5000	svt-av1-v4.1.0	p6t4	35	65831	0.71037	62.90830442	160	1.5287483488255678	5.068236351013184
5004_nps_blca-black-canyon-2023_color_p02_7016x4961.sdr.s1024	1024	724	5000	svt-av1-v4.1.0	p6t4	45	29053	0.31350	37.73551154	126	2.5270058267408406	7.269165992736816
5004_nps_blca-black-canyon-2023_color_p02_7016x4961.sdr.s1024	1024	724	5000	svt-av1-v4.1.0	p6t4	55	10882	0.11742	-2.22166882	114	4.353229170213145	13.794678688049316
5004_nps_blca-black-canyon-2023_color_p02_7016x4961.sdr.s1024	1024	724	5000	svt-av1-v4.1.0	p6t4	65	3405	0.03674	-48.55507725	65	7.929407834666381	26.678922653198242
5004_nps_blca-black-canyon-2023_color_p02_7016x4961.sdr.s1024	1024	724	5000	svt-av1-v4.1.0	p10t4	15	164302	1.77294	77.48057634	59	1.1116122135117779	4.464434623718262
5004_nps_blca-black-canyon-2023_color_p02_7016x4961.sdr.s1024	1024	724	5000	svt-av1-v4.1.0	p10t4	25	119447	1.28892	72.15564520	49	1.292324133938274	4.85233211517334
5004_nps_blca-black-canyon-2023_color_p02_7016x4961.sdr.s1024	1024	724	5000	svt-av1-v4.1.0	p10t4	35	68826	0.74268	60.37145170	42	1.732148559496026	4.97675085067749
5004_nps_blca-black-canyon-2023_color_p02_7016x4961.sdr.s1024	1024	724	5000	svt-av1-v4.1.0	p10t4	45	30836	0.33274	34.99295017	38	2.781252874170564	7.611536026000977
5004_nps_blca-black-canyon-2023_color_p02_7016x4961.sdr.s1024	1024	724	5000	svt-av1-v4.1.0	p10t4	55	11206	0.12092	-6.17229527	39	4.6110932177890644	13.28226375579834
5004_nps_blca-black-canyon-2023_color_p02_7016x4961.sdr.s1024	1024	724	5000	svt-av1-v4.1.0	p10t4	65	4069	0.04391	-47.53155463	25	7.385312506380989	22.92829704284668
5004_nps_blca-black-canyon-2023_color_p02_7016x4961.sdr.s1024	1024	724	5000	svt-av1-v4.1.0	p6t1	15	135898	1.46644	75.97231515	216	1.1419903821226294	4.551164627075195
5004_nps_blca-black-canyon-2023_color_p02_7016x4961.sdr.s1024	1024	724	5000	svt-av1-v4.1.0	p6t1	25	91638	0.98884	67.42534690	189	1.3331828829817527	4.37476110458374
5004_nps_blca-black-canyon-2023_color_p02_7016x4961.sdr.s1024	1024	724	5000	svt-av1-v4.1.0	p6t1	35	51790	0.55885	48.27687845	254	1.9726764842407523	5.051468372344971
5004_nps_blca-black-canyon-2023_color_p02_7016x4961.sdr.s1024	1024	724	5000	svt-av1-v4.1.0	p6t1	45	20980	0.22639	15.22153671	99	3.281249871586139	9.386094093322754
5004_nps_blca-black-canyon-2023_color_p02_7016x4961.sdr.s1024	1024	724	5000	svt-av1-v4.1.0	p6t1	55	6639	0.07164	-29.91048969	71	5.804562377918988	17.030956268310547
5004_nps_blca-black-canyon-2023_color_p02_7016x4961.sdr.s1024	1024	724	5000	svt-av1-v4.1.0	p6t1	65	729	0.00787	-64.32858500	62	11.809697839148129	38.88458251953125
8196_web-screenshots_nps-grand-canyon_dpr1_page1_1920x1080.sdr.s1024	1024	576	8100	svt-av1-v4.1.0	p0t4	15	95110	1.29001	82.77820610	3116	1.2845736067528841	6.388507843017578
8196_web-screenshots_nps-grand-canyon_dpr1_page1_1920x1080.sdr.s1024	1024	576	8100	svt-av1-v4.1.0	p0t4	25	68657	0.93122	79.03252859	4537	1.3143166395651622	6.155544757843018
8196_web-screenshots_nps-grand-canyon_dpr1_page1_1920x1080.sdr.s1024	1024	576	8100	svt-av1-v4.1.0	p0t4	35	43583	0.59113	70.25721433	5401	1.5550874448121572	6.214309215545654
8196_web-screenshots_nps-grand-canyon_dpr1_page1_1920x1080.sdr.s1024	1024	576	8100	svt-av1-v4.1.0	p0t4	45	24334	0.33005	53.26380756	5901	2.344525431309226	8.504631996154785
8196_web-screenshots_nps-grand-canyon_dpr1_page1_1920x1080.sdr.s1024	1024	576	8100	svt-av1-v4.1.0	p0t4	55	11730	0.15910	28.01417489	5817	3.817440362502475	10.525435447692871
8196_web-screenshots_nps-grand-canyon_dpr1_page1_1920x1080.sdr.s1024	1024	576	8100	svt-av1-v4.1.0	p0t4	65	3434	0.04658	-22.31036225	2837	9.660833555249187	39.3369026184082
8196_web-screenshots_nps-grand-canyon_dpr1_page1_1920x1080.sdr.s1024	1024	576	8100	svt-av1-v4.1.0	p1t4	15	95296	1.29253	82.45905408	1873	1.2596162340471724	6.244536876678467
8196_web-screenshots_nps-grand-canyon_dpr1_page1_1920x1080.sdr.s1024	1024	576	8100	svt-av1-v4.1.0	p1t4	25	68958	0.93530	79.03453780	2378	1.2553530458609292	5.679701328277588
8196_web-screenshots_nps-grand-canyon_dpr1_page1_1920x1080.sdr.s1024	1024	576	8100	svt-av1-v4.1.0	p1t4	35	43309	0.58742	70.09829337	2855	1.5021823640955942	5.665915012359619
8196_web-screenshots_nps-grand-canyon_dpr1_page1_1920x1080.sdr.s1024	1024	576	8100	svt-av1-v4.1.0	p1t4	45	24311	0.32974	52.98013631	2678	2.285152308843804	7.03015661239624
8196_web-screenshots_nps-grand-canyon_dpr1_page1_1920x1080.sdr.s1024	1024	576	8100	svt-av1-v4.1.0	p1t4	55	11725	0.15903	26.84809290	2455	3.8624190878711566	10.785176277160645
8196_web-screenshots_nps-grand-canyon_dpr1_page1_1920x1080.sdr.s1024	1024	576	8100	svt-av1-v4.1.0	p1t4	65	3526	0.04782	-23.07931443	1234	9.720485418427637	39.46445083618164
8196_web-screenshots_nps-grand-canyon_dpr1_page1_1920x1080.sdr.s1024	1024	576	8100	svt-av1-v4.1.0	p2t4	15	95894	1.30065	82.20731178	1029	1.2909632845550842	6.447262763977051
8196_web-screenshots_nps-grand-canyon_dpr1_page1_1920x1080.sdr.s1024	1024	576	8100	svt-av1-v4.1.0	p2t4	25	69488	0.94249	79.05085949	2051	1.2657483954817899	5.858092784881592
8196_web-screenshots_nps-grand-canyon_dpr1_page1_1920x1080.sdr.s1024	1024	576	8100	svt-av1-v4.1.0	p2t4	35	43739	0.59325	69.67607615	1655	1.485093605361732	5.470889568328857
8196_web-screenshots_nps-grand-canyon_dpr1_page1_1920x1080.sdr.s1024	1024	576	8100	svt-av1-v4.1.0	p2t4	45	24158	0.32766	52.99528722	1522	2.3776056769660037	7.841010093688965
8196_web-screenshots_nps-grand-canyon_dpr1_page1_1920x1080.sdr.s1024	1024	576	8100	svt-av1-v4.1.0	p2t4	55	11580	0.15706	26.20134326	2241	3.944274307304891	11.515064239501953
8196_web-screenshots_nps-grand-canyon_dpr1_page1_1920x1080.sdr.s1024	1024	576	8100	svt-av1-v4.1.0	p2t4	65	3474	0.04712	-23.84464906	1137	9.824099765542677	40.41877365112305
8196_web-screenshots_nps-grand-canyon_dpr1_page1_1920x1080.sdr.s1024	1024	576	8100	svt-av1-v4.1.0	p6t4	15	97390	1.32094	82.05473438	186	1.2638544586683251	6.176133632659912
8196_web-screenshots_nps-grand-canyon_dpr1_page1_1920x1080.sdr.s1024	1024	576	8100	svt-av1-v4.1.0	p6t4	25	71838	0.97437	78.17269610	169	1.3226661035506548	6.105356216430664
8196_web-screenshots_nps-grand-canyon_dpr1_page1_1920x1080.sdr.s1024	1024	576	8100	svt-av1-v4.1.0	p6t4	35	44729	0.60668	68.78357453	109	1.5096465577824727	5.244297981262207
8196_web-screenshots_nps-grand-canyon_dpr1_page1_1920x1080.sdr.s1024	1024	576	8100	svt-av1-v4.1.0	p6t4	45	24259	0.32903	50.86970667	134	2.4351295120180176	7.05402135848999
8196_web-screenshots_nps-grand-canyon_dpr1_page1_1920x1080.sdr.s1024	1024	576	8100	svt-av1-v4.1.0	p6t4	55	10994	0.14912	20.88792306	70	4.421650101486208	12.876814842224121
8196_web-screenshots_nps-grand-canyon_dpr1_page1_1920x1080.sdr.s1024	1024	576	8100	svt-av1-v4.1.0	p6t4	65	3682	0.04994	-27.33250645	64	8.774639604986145	28.786497116088867
8196_web-screenshots_nps-grand-canyon_dpr1_page1_1920x1080.sdr.s1024	1024	576	8100	svt-av1-v4.1.0	p10t4	15	105613	1.43247	80.57445595	35	1.3927736825976236	6.857118606567383
8196_web-screenshots_nps-grand-canyon_dpr1_page1_1920x1080.sdr.s1024	1024	576	8100	svt-av1-v4.1.0	p10t4	25	82528	1.11936	76.91573560	43	1.5033783829245777	7.047669410705566
8196_web-screenshots_nps-grand-canyon_dpr1_page1_1920x1080.sdr.s1024	1024	576	8100	svt-av1-v4.1.0	p10t4	35	50477	0.68464	66.71249156	34	1.7961598105851315	7.149779319763184
8196_web-screenshots_nps-grand-canyon_dpr1_page1_1920x1080.sdr.s1024	1024	576	8100	svt-av1-v4.1.0	p10t4	45	26459	0.35887	47.66490418	36	2.7032992140707837	7.869446277618408
8196_web-screenshots_nps-grand-canyon_dpr1_page1_1920x1080.sdr.s1024	1024	576	8100	svt-av1-v4.1.0	p10t4	55	11857	0.16082	18.37795897	24	4.564195595790701	13.12898063659668
8196_web-screenshots_nps-grand-canyon_dpr1_page1_1920x1080.sdr.s1024	1024	576	8100	svt-av1-v4.1.0	p10t4	65	5750	0.07799	-21.86560838	25	7.8776562784816635	27.9451904296875
8196_web-screenshots_nps-grand-canyon_dpr1_page1_1920x1080.sdr.s1024	1024	576	8100	svt-av1-v4.1.0	p6t1	15	95627	1.29702	80.66350769	168	1.3029064680949984	6.286335468292236
8196_web-screenshots_nps-grand-canyon_dpr1_page1_1920x1080.sdr.s1024	1024	576	8100	svt-av1-v4.1.0	p6t1	25	66034	0.89564	74.99022504	157	1.3972999422272725	5.974914073944092
8196_web-screenshots_nps-grand-canyon_dpr1_page1_1920x1080.sdr.s1024	1024	576	8100	svt-av1-v4.1.0	p6t1	35	40173	0.54488	61.32622467	149	1.7756224486071854	6.065784931182861
8196_web-screenshots_nps-grand-canyon_dpr1_page1_1920x1080.sdr.s1024	1024	576	8100	svt-av1-v4.1.0	p6t1	45	21741	0.29488	38.03633063	83	2.900093516941039	7.633570671081543
8196_web-screenshots_nps-grand-canyon_dpr1_page1_1920x1080.sdr.s1024	1024	576	8100	svt-av1-v4.1.0	p6t1	55	9634	0.13067	3.78928265	76	5.228463014752626	16.022680282592773
8196_web-screenshots_nps-grand-canyon_dpr1_page1_1920x1080.sdr.s1024	1024	576	8100	svt-av1-v4.1.0	p6t1	65	1380	0.01872	-62.07877172	59	14.085619627924617	42.85041809082031
9228_gen_products-accessories_cateye-sunglasses_p0003_3840x2160.sdr.s1024	1024	576	9226	svt-av1-v4.1.0	p0t4	15	25418	0.34475	84.90240001	1471	0.8615343604357623	2.7780184745788574
9228_gen_products-accessories_cateye-sunglasses_p0003_3840x2160.sdr.s1024	1024	576	9226	svt-av1-v4.1.0	p0t4	25	17595	0.23865	82.64845917	1428	0.9681018527138848	2.882593870162964
9228_gen_products-accessories_cateye-sunglasses_p0003_3840x2160.sdr.s1024	1024	576	9226	svt-av1-v4.1.0	p0t4	35	11546	0.15660	78.37699960	1647	1.3205154603357814	4.002450942993164
9228_gen_products-accessories_cateye-sunglasses_p0003_3840x2160.sdr.s1024	1024	576	9226	svt-av1-v4.1.0	p0t4	45	6616	0.08974	68.55480932	1704	2.145092879187595	7.848719596862793
9228_gen_products-accessories_cateye-sunglasses_p0003_3840x2160.sdr.s1024	1024	576	9226	svt-av1-v4.1.0	p0t4	55	3844	0.05214	52.28351404	1680	3.5436672070040642	12.476051330566406
9228_gen_products-accessories_cateye-sunglasses_p0003_3840x2160.sdr.s1024	1024	576	9226	svt-av1-v4.1.0	p0t4	65	1988	0.02696	25.59376536	1174	6.441285515026547	22.790925979614258
9228_gen_products-accessories_cateye-sunglasses_p0003_3840x2160.sdr.s1024	1024	576	9226	svt-av1-v4.1.0	p1t4	15	25624	0.34755	84.85447467	870	0.8619894813245773	2.70365047454834
9228_gen_products-accessories_cateye-sunglasses_p0003_3840x2160.sdr.s1024	1024	576	9226	svt-av1-v4.1.0	p1t4	25	17835	0.24190	82.93252474	925	1.0013750022377612	3.2421019077301025
9228_gen_products-accessories_cateye-sunglasses_p0003_3840x2160.sdr.s1024	1024	576	9226	svt-av1-v4.1.0	p1t4	35	11599	0.15732	78.19697190	933	1.3849332462278987	4.379403591156006
9228_gen_products-accessories_cateye-sunglasses_p0003_3840x2160.sdr.s1024	1024	576	9226	svt-av1-v4.1.0	p1t4	45	6614	0.08971	68.41122886	1233	2.123502923855312	7.199892520904541
9228_gen_products-accessories_cateye-sunglasses_p0003_3840x2160.sdr.s1024	1024	576	9226	svt-av1-v4.1.0	p1t4	55	3831	0.05196	53.12860270	931	3.5809468634617296	11.733171463012695
9228_gen_products-accessories_cateye-sunglasses_p0003_3840x2160.sdr.s1024	1024	576	9226	svt-av1-v4.1.0	p1t4	65	1961	0.02660	24.06133315	630	6.693264302040471	22.882421493530273
9228_gen_products-accessories_cateye-sunglasses_p0003_3840x2160.sdr.s1024	1024	576	9226	svt-av1-v4.1.0	p2t4	15	26297	0.35668	84.82100909	397	0.8587280412820029	2.7939910888671875
9228_gen_products-accessories_cateye-sunglasses_p0003_3840x2160.sdr.s1024	1024	576	9226	svt-av1-v4.1.0	p2t4	25	18373	0.24920	83.10330193	383	0.9669759945860307	3.1531896591186523
9228_gen_products-accessories_cateye-sunglasses_p0003_3840x2160.sdr.s1024	1024	576	9226	svt-av1-v4.1.0	p2t4	35	11896	0.16135	78.56743707	429	1.303952465171349	3.9696757793426514
9228_gen_products-accessories_cateye-sunglasses_p0003_3840x2160.sdr.s1024	1024	576	9226	svt-av1-v4.1.0	p2t4	45	6741	0.09143	67.32042564	496	2.1525743051106834	6.9971747398376465
9228_gen_products-accessories_cateye-sunglasses_p0003_3840x2160.sdr.s1024	1024	576	9226	svt-av1-v4.1.0	p2t4	55	3899	0.05288	52.71308869	695	3.4941001910372242	11.446891784667969
9228_gen_products-accessories_cateye-sunglasses_p0003_3840x2160.sdr.s1024	1024	576	9226	svt-av1-v4.1.0	p2t4	65	1991	0.02700	24.27922060	510	6.790545561844563	25.506113052368164
9228_gen_products-accessories_cateye-sunglasses_p0003_3840x2160.sdr.s1024	1024	576	9226	svt-av1-v4.1.0	p6t4	15	31289	0.42438	84.57243009	68	0.8564662118674534	2.525657892227173
9228_gen_products-accessories_cateye-sunglasses_p0003_3840x2160.sdr.s1024	1024	576	9226	svt-av1-v4.1.0	p6t4	25	23058	0.31274	82.93692024	59	0.9914627944260351	2.86287522315979
9228_gen_products-accessories_cateye-sunglasses_p0003_3840x2160.sdr.s1024	1024	576	9226	svt-av1-v4.1.0	p6t4	35	15573	0.21122	77.98616800	78	1.3216951098939254	4.444250106811523
9228_gen_products-accessories_cateye-sunglasses_p0003_3840x2160.sdr.s1024	1024	576	9226	svt-av1-v4.1.0	p6t4	45	9116	0.12364	66.62351586	64	2.1024880630476797	6.716463565826416
9228_gen_products-accessories_cateye-sunglasses_p0003_3840x2160.sdr.s1024	1024	576	9226	svt-av1-v4.1.0	p6t4	55	5250	0.07121	49.65503679	41	3.7474043716848535	13.929909706115723
9228_gen_products-accessories_cateye-sunglasses_p0003_3840x2160.sdr.s1024	1024	576	9226	svt-av1-v4.1.0	p6t4	65	2682	0.03638	20.87237607	53	6.665730409166329	20.291715621948242
9228_gen_products-accessories_cateye-sunglasses_p0003_3840x2160.sdr.s1024	1024	576	9226	svt-av1-v4.1.0	p10t4	15	36595	0.49635	83.97740771	26	0.8822908237258421	2.7471210956573486
9228_gen_products-accessories_cateye-sunglasses_p0003_3840x2160.sdr.s1024	1024	576	9226	svt-av1-v4.1.0	p10t4	25	27099	0.36755	81.59512666	30	1.0057392251792836	2.9581665992736816
9228_gen_products-accessories_cateye-sunglasses_p0003_3840x2160.sdr.s1024	1024	576	9226	svt-av1-v4.1.0	p10t4	35	18142	0.24607	76.16107404	21	1.367423358090985	4.30048942565918
9228_gen_products-accessories_cateye-sunglasses_p0003_3840x2160.sdr.s1024	1024	576	9226	svt-av1-v4.1.0	p10t4	45	10489	0.14227	64.48748135	19	2.235688107664173	7.427682399749756
9228_gen_products-accessories_cateye-sunglasses_p0003_3840x2160.sdr.s1024	1024	576	9226	svt-av1-v4.1.0	p10t4	55	5885	0.07982	49.36859125	19	3.54242215419247	13.083184242248535
9228_gen_products-accessories_cateye-sunglasses_p0003_3840x2160.sdr.s1024	1024	576	9226	svt-av1-v4.1.0	p10t4	65	3222	0.04370	25.51248594	16	6.33706169865966	24.075672149658203
9228_gen_products-accessories_cateye-sunglasses_p0003_3840x2160.sdr.s1024	1024	576	9226	svt-av1-v4.1.0	p6t1	15	27423	0.37195	83.59297798	85	0.9461066220529465	2.8737778663635254
9228_gen_products-accessories_cateye-sunglasses_p0003_3840x2160.sdr.s1024	1024	576	9226	svt-av1-v4.1.0	p6t1	25	18770	0.25458	79.69338716	60	1.176338206451909	3.444645881652832
9228_gen_products-accessories_cateye-sunglasses_p0003_3840x2160.sdr.s1024	1024	576	9226	svt-av1-v4.1.0	p6t1	35	11814	0.16024	71.74494781	69	1.789485511832612	6.512763023376465
9228_gen_products-accessories_cateye-sunglasses_p0003_3840x2160.sdr.s1024	1024	576	9226	svt-av1-v4.1.0	p6t1	45	6868	0.09315	57.30958741	49	2.783181548236809	8.905479431152344
9228_gen_products-accessories_cateye-sunglasses_p0003_3840x2160.sdr.s1024	1024	576	9226	svt-av1-v4.1.0	p6t1	55	3676	0.04986	34.39823337	42	5.016056311595739	17.916297912597656
9228_gen_products-accessories_cateye-sunglasses_p0003_3840x2160.sdr.s1024	1024	576	9226	svt-av1-v4.1.0	p6t1	65	940	0.01275	-30.89949026	43	14.032508889608295	46.405364990234375
9958_gen_products-whitelabeled-beverages_beverage-smoothie-bottle_p0716_1024x1536.sdr.s1024	682	1024	9226	svt-av1-v4.1.0	p0t4	15	22969	0.26312	85.97487057	1652	0.8013994053774195	3.02005934715271
9958_gen_products-whitelabeled-beverages_beverage-smoothie-bottle_p0716_1024x1536.sdr.s1024	682	1024	9226	svt-av1-v4.1.0	p0t4	25	14327	0.16412	83.31220416	1998	0.8866769158426298	3.2308104038238525
9958_gen_products-whitelabeled-beverages_beverage-smoothie-bottle_p0716_1024x1536.sdr.s1024	682	1024	9226	svt-av1-v4.1.0	p0t4	35	8292	0.09499	78.61146106	1777	1.0822109842827985	3.323291540145874
9958_gen_products-whitelabeled-beverages_beverage-smoothie-bottle_p0716_1024x1536.sdr.s1024	682	1024	9226	svt-av1-v4.1.0	p0t4	45	3565	0.04084	66.77118392	1502	1.696637562395204	5.9872260093688965
9958_gen_products-whitelabeled-beverages_beverage-smoothie-bottle_p0716_1024x1536.sdr.s1024	682	1024	9226	svt-av1-v4.1.0	p0t4	55	1715	0.01965	50.94694407	1052	2.6316402813805593	9.858028411865234
9958_gen_products-whitelabeled-beverages_beverage-smoothie-bottle_p0716_1024x1536.sdr.s1024	682	1024	9226	svt-av1-v4.1.0	p0t4	65	819	0.00938	28.00070315	585	4.659894854411349	17.179372787475586
9958_gen_products-whitelabeled-beverages_beverage-smoothie-bottle_p0716_1024x1536.sdr.s1024	682	1024	9226	svt-av1-v4.1.0	p1t4	15	23173	0.26545	85.82239544	1013	0.7829957708532573	2.81815242767334
9958_gen_products-whitelabeled-beverages_beverage-smoothie-bottle_p0716_1024x1536.sdr.s1024	682	1024	9226	svt-av1-v4.1.0	p1t4	25	14486	0.16594	83.23720336	1032	0.8927902919110108	3.0853161811828613
9958_gen_products-whitelabeled-beverages_beverage-smoothie-bottle_p0716_1024x1536.sdr.s1024	682	1024	9226	svt-av1-v4.1.0	p1t4	35	8494	0.09730	78.72366751	1145	1.0578822794316087	3.003908157348633
9958_gen_products-whitelabeled-beverages_beverage-smoothie-bottle_p0716_1024x1536.sdr.s1024	682	1024	9226	svt-av1-v4.1.0	p1t4	45	3612	0.04138	67.27261826	813	1.6618541126442137	5.016308307647705
9958_gen_products-whitelabeled-beverages_beverage-smoothie-bottle_p0716_1024x1536.sdr.s1024	682	1024	9226	svt-av1-v4.1.0	p1t4	55	1687	0.01933	50.67421877	696	2.648252169059397	8.58796215057373
9958_gen_products-whitelabeled-beverages_beverage-smoothie-bottle_p0716_1024x1536.sdr.s1024	682	1024	9226	svt-av1-v4.1.0	p1t4	65	820	0.00939	26.39974684	383	4.77394122417829	18.065000534057617
9958_gen_products-whitelabeled-beverages_beverage-smoothie-bottle_p0716_1024x1536.sdr.s1024	682	1024	9226	svt-av1-v4.1.0	p2t4	15	23428	0.26837	85.95612238	418	0.807304828599245	3.109196424484253
9958_gen_products-whitelabeled-beverages_beverage-smoothie-bottle_p0716_1024x1536.sdr.s1024	682	1024	9226	svt-av1-v4.1.0	p2t4	25	14658	0.16791	83.27279477	482	0.8802092546566284	3.021176815032959
9958_gen_products-whitelabeled-beverages_beverage-smoothie-bottle_p0716_1024x1536.sdr.s1024	682	1024	9226	svt-av1-v4.1.0	p2t4	35	8592	0.09842	78.57617612	466	1.0657993787641036	2.9848852157592773
9958_gen_products-whitelabeled-beverages_beverage-smoothie-bottle_p0716_1024x1536.sdr.s1024	682	1024	9226	svt-av1-v4.1.0	p2t4	45	3634	0.04163	66.46939861	354	1.658975593691367	4.569138526916504
9958_gen_products-whitelabeled-beverages_beverage-smoothie-bottle_p0716_1024x1536.sdr.s1024	682	1024	9226	svt-av1-v4.1.0	p2t4	55	1700	0.01947	50.47547879	495	2.633315710370501	8.517489433288574
9958_gen_products-whitelabeled-beverages_beverage-smoothie-bottle_p0716_1024x1536.sdr.s1024	682	1024	9226	svt-av1-v4.1.0	p2t4	65	810	0.00928	26.34259373	297	4.338344005630064	14.443244934082031
9958_gen_products-whitelabeled-beverages_beverage-smoothie-bottle_p0716_1024x1536.sdr.s1024	682	1024	9226	svt-av1-v4.1.0	p6t4	15	24571	0.28147	85.52651017	65	0.8042357107273457	2.9076199531555176
9958_gen_products-whitelabeled-beverages_beverage-smoothie-bottle_p0716_1024x1536.sdr.s1024	682	1024	9226	svt-av1-v4.1.0	p6t4	25	16279	0.18648	82.95080464	76	0.8590344028012251	2.701570510864258
9958_gen_products-whitelabeled-beverages_beverage-smoothie-bottle_p0716_1024x1536.sdr.s1024	682	1024	9226	svt-av1-v4.1.0	p6t4	35	9913	0.11356	78.24533083	57	1.0737384322393633	2.977696418762207
9958_gen_products-whitelabeled-beverages_beverage-smoothie-bottle_p0716_1024x1536.sdr.s1024	682	1024	9226	svt-av1-v4.1.0	p6t4	45	4409	0.05051	66.30451124	47	1.6517313407181657	4.349453449249268
9958_gen_products-whitelabeled-beverages_beverage-smoothie-bottle_p0716_1024x1536.sdr.s1024	682	1024	9226	svt-av1-v4.1.0	p6t4	55	2071	0.02372	48.65047408	67	2.6533519311475	7.728578567504883
9958_gen_products-whitelabeled-beverages_beverage-smoothie-bottle_p0716_1024x1536.sdr.s1024	682	1024	9226	svt-av1-v4.1.0	p6t4	65	1031	0.01181	25.23121539	56	4.711999508093844	18.98037338256836
9958_gen_products-whitelabeled-beverages_beverage-smoothie-bottle_p0716_1024x1536.sdr.s1024	682	1024	9226	svt-av1-v4.1.0	p10t4	15	27821	0.31870	85.23709752	30	0.8114959814523518	2.9053566455841064
9958_gen_products-whitelabeled-beverages_beverage-smoothie-bottle_p0716_1024x1536.sdr.s1024	682	1024	9226	svt-av1-v4.1.0	p10t4	25	18614	0.21323	82.76708412	24	0.9307912618530078	3.2126593589782715
9958_gen_products-whitelabeled-beverages_beverage-smoothie-bottle_p0716_1024x1536.sdr.s1024	682	1024	9226	svt-av1-v4.1.0	p10t4	35	11201	0.12831	77.28122587	24	1.0896300890703225	3.128145456314087
9958_gen_products-whitelabeled-beverages_beverage-smoothie-bottle_p0716_1024x1536.sdr.s1024	682	1024	9226	svt-av1-v4.1.0	p10t4	45	5169	0.05921	65.74702284	25	1.702422518808188	4.8100996017456055
9958_gen_products-whitelabeled-beverages_beverage-smoothie-bottle_p0716_1024x1536.sdr.s1024	682	1024	9226	svt-av1-v4.1.0	p10t4	55	2569	0.02943	48.25927213	20	2.8084051117528435	9.473060607910156
9958_gen_products-whitelabeled-beverages_beverage-smoothie-bottle_p0716_1024x1536.sdr.s1024	682	1024	9226	svt-av1-v4.1.0	p10t4	65	1341	0.01536	24.73158438	24	4.59692242523984	16.566669464111328
9958_gen_products-whitelabeled-beverages_beverage-smoothie-bottle_p0716_1024x1536.sdr.s1024	682	1024	9226	svt-av1-v4.1.0	p6t1	15	16819	0.19267	83.06152188	58	0.9006212929469836	3.0252702236175537
9958_gen_products-whitelabeled-beverages_beverage-smoothie-bottle_p0716_1024x1536.sdr.s1024	682	1024	9226	svt-av1-v4.1.0	p6t1	25	8584	0.09833	76.18213045	52	1.1279930623697432	3.178178071975708
9958_gen_products-whitelabeled-beverages_beverage-smoothie-bottle_p0716_1024x1536.sdr.s1024	682	1024	9226	svt-av1-v4.1.0	p6t1	35	4195	0.04805	64.26214277	59	1.7374004951761421	5.247257232666016
9958_gen_products-whitelabeled-beverages_beverage-smoothie-bottle_p0716_1024x1536.sdr.s1024	682	1024	9226	svt-av1-v4.1.0	p6t1	45	2089	0.02393	46.98267223	52	2.6984967706531067	9.335074424743652
9958_gen_products-whitelabeled-beverages_beverage-smoothie-bottle_p0716_1024x1536.sdr.s1024	682	1024	9226	svt-av1-v4.1.0	p6t1	55	1091	0.01250	27.85590166	47	4.162344741014577	14.822624206542969
9958_gen_products-whitelabeled-beverages_beverage-smoothie-bottle_p0716_1024x1536.sdr.s1024	682	1024	9226	svt-av1-v4.1.0	p6t1	65	368	0.00422	-17.78633501	45	10.640740701229971	36.6566162109375
9118_gen_illustrations_farmers-market-stall_1536x1024.sdr.s1024	1024	682	9094	svt-av1-v4.1.0	p0t4	15	304177	3.48443	78.02487145	5355	1.1533311266393451	3.7393815517425537
9118_gen_illustrations_farmers-market-stall_1536x1024.sdr.s1024	1024	682	9094	svt-av1-v4.1.0	p0t4	25	217108	2.48703	74.25812084	9631	1.2685218049376943	3.649606466293335
9118_gen_illustrations_farmers-market-stall_1536x1024.sdr.s1024	1024	682	9094	svt-av1-v4.1.0	p0t4	35	132605	1.51903	63.20976741	12472	1.7690100948403416	4.884189128875732
9118_gen_illustrations_farmers-market-stall_1536x1024.sdr.s1024	1024	682	9094	svt-av1-v4.1.0	p0t4	45	65868	0.75454	42.09870615	16479	2.772978495816442	6.774731159210205
9118_gen_illustrations_farmers-market-stall_1536x1024.sdr.s1024	1024	682	9094	svt-av1-v4.1.0	p0t4	55	25573	0.29295	8.17260281	16609	4.671088331961262	10.560066223144531
9118_gen_illustrations_farmers-market-stall_1536x1024.sdr.s1024	1024	682	9094	svt-av1-v4.1.0	p0t4	65	5794	0.06637	-51.81078708	3688	9.499605324972494	22.978710174560547
9118_gen_illustrations_farmers-market-stall_1536x1024.sdr.s1024	1024	682	9094	svt-av1-v4.1.0	p1t4	15	304618	3.48948	77.91519763	3773	1.1604560209958532	3.7969295978546143
9118_gen_illustrations_farmers-market-stall_1536x1024.sdr.s1024	1024	682	9094	svt-av1-v4.1.0	p1t4	25	217694	2.49375	74.32300333	5293	1.2742693087240327	3.5545668601989746
9118_gen_illustrations_farmers-market-stall_1536x1024.sdr.s1024	1024	682	9094	svt-av1-v4.1.0	p1t4	35	132879	1.52217	63.19520877	6676	1.752822745468395	4.615350723266602
9118_gen_illustrations_farmers-market-stall_1536x1024.sdr.s1024	1024	682	9094	svt-av1-v4.1.0	p1t4	45	66007	0.75613	42.03536599	9064	2.7818106603148043	6.553667068481445
9118_gen_illustrations_farmers-market-stall_1536x1024.sdr.s1024	1024	682	9094	svt-av1-v4.1.0	p1t4	55	25250	0.28925	7.99061927	6847	4.677818601456233	10.628931045532227
9118_gen_illustrations_farmers-market-stall_1536x1024.sdr.s1024	1024	682	9094	svt-av1-v4.1.0	p1t4	65	5801	0.06645	-51.75743052	1791	9.482973120448092	23.39514923095703
9118_gen_illustrations_farmers-market-stall_1536x1024.sdr.s1024	1024	682	9094	svt-av1-v4.1.0	p2t4	15	304154	3.48417	77.92455156	2229	1.1490226941197077	3.558649778366089
9118_gen_illustrations_farmers-market-stall_1536x1024.sdr.s1024	1024	682	9094	svt-av1-v4.1.0	p2t4	25	217999	2.49724	74.28685195	3237	1.278992807366173	3.695497512817383
9118_gen_illustrations_farmers-market-stall_1536x1024.sdr.s1024	1024	682	9094	svt-av1-v4.1.0	p2t4	35	132489	1.51770	62.84512482	3796	1.769490020452655	5.240344524383545
9118_gen_illustrations_farmers-market-stall_1536x1024.sdr.s1024	1024	682	9094	svt-av1-v4.1.0	p2t4	45	64941	0.74392	40.98003886	3844	2.8825716599482933	7.86614990234375
9118_gen_illustrations_farmers-market-stall_1536x1024.sdr.s1024	1024	682	9094	svt-av1-v4.1.0	p2t4	55	25175	0.28839	7.44074851	5093	4.715968113121425	11.494587898254395
9118_gen_illustrations_farmers-market-stall_1536x1024.sdr.s1024	1024	682	9094	svt-av1-v4.1.0	p2t4	65	5858	0.06711	-52.00628721	2088	9.463132499116542	23.210445404052734
9118_gen_illustrations_farmers-market-stall_1536x1024.sdr.s1024	1024	682	9094	svt-av1-v4.1.0	p6t4	15	295478	3.38478	77.53243324	304	1.1999743827512055	4.102884769439697
9118_gen_illustrations_farmers-market-stall_1536x1024.sdr.s1024	1024	682	9094	svt-av1-v4.1.0	p6t4	25	214799	2.46058	73.48469636	327	1.304835144815157	3.7193105220794678
9118_gen_illustrations_farmers-market-stall_1536x1024.sdr.s1024	1024	682	9094	svt-av1-v4.1.0	p6t4	35	128666	1.47390	60.67969069	255	1.8632823699605812	5.210218906402588
9118_gen_illustrations_farmers-market-stall_1536x1024.sdr.s1024	1024	682	9094	svt-av1-v4.1.0	p6t4	45	61529	0.70483	37.91074323	229	2.998957577878482	7.07226037979126
9118_gen_illustrations_farmers-market-stall_1536x1024.sdr.s1024	1024	682	9094	svt-av1-v4.1.0	p6t4	55	22641	0.25936	0.72720844	98	5.0893874883755315	12.064105987548828
9118_gen_illustrations_farmers-market-stall_1536x1024.sdr.s1024	1024	682	9094	svt-av1-v4.1.0	p6t4	65	5982	0.06853	-52.95782196	82	9.586449221875492	22.627870559692383
9118_gen_illustrations_farmers-market-stall_1536x1024.sdr.s1024	1024	682	9094	svt-av1-v4.1.0	p10t4	15	291069	3.33428	76.49506228	50	1.2152175368365767	3.9137940406799316
9118_gen_illustrations_farmers-market-stall_1536x1024.sdr.s1024	1024	682	9094	svt-av1-v4.1.0	p10t4	25	211201	2.41937	71.32931487	46	1.4048880245113233	3.9672038555145264
9118_gen_illustrations_farmers-market-stall_1536x1024.sdr.s1024	1024	682	9094	svt-av1-v4.1.0	p10t4	35	118190	1.35390	56.90180581	39	2.0141681005412058	4.979911804199219
9118_gen_illustrations_farmers-market-stall_1536x1024.sdr.s1024	1024	682	9094	svt-av1-v4.1.0	p10t4	45	55334	0.63387	33.04383362	47	3.2452985775960776	8.344350814819336
9118_gen_illustrations_farmers-market-stall_1536x1024.sdr.s1024	1024	682	9094	svt-av1-v4.1.0	p10t4	55	21947	0.25141	-2.25844679	45	5.327464923498369	12.383298873901367
9118_gen_illustrations_farmers-market-stall_1536x1024.sdr.s1024	1024	682	9094	svt-av1-v4.1.0	p10t4	65	8276	0.09480	-44.68963384	28	8.614178604154864	21.93265151977539
9118_gen_illustrations_farmers-market-stall_1536x1024.sdr.s1024	1024	682	9094	svt-av1-v4.1.0	p6t1	15	313108	3.58674	77.58503551	291	1.1815680135036561	3.797637462615967
9118_gen_illustrations_farmers-market-stall_1536x1024.sdr.s1024	1024	682	9094	svt-av1-v4.1.0	p6t1	25	215766	2.47166	71.47136573	277	1.3578957972761605	4.064176082611084
9118_gen_illustrations_farmers-market-stall_1536x1024.sdr.s1024	1024	682	9094	svt-av1-v4.1.0	p6t1	35	124678	1.42822	56.31954790	256	1.9859371508729062	5.930583953857422
9118_gen_illustrations_farmers-market-stall_1536x1024.sdr.s1024	1024	682	9094	svt-av1-v4.1.0	p6t1	45	58670	0.67208	28.04211862	166	3.2546137577563687	8.336076736450195
9118_gen_illustrations_farmers-market-stall_1536x1024.sdr.s1024	1024	682	9094	svt-av1-v4.1.0	p6t1	55	20271	0.23221	-11.38566967	147	5.587859858086489	15.13199234008789
9118_gen_illustrations_farmers-market-stall_1536x1024.sdr.s1024	1024	682	9094	svt-av1-v4.1.0	p6t1	65	2319	0.02656	-64.66957538	79	14.206094330247971	35.152767181396484
8268_web-screenshots_weather-forecast-nyc_dpr2_page1_2880x1800.sdr.s1024	1024	640	8100	svt-av1-v4.1.0	p0t4	15	56551	0.69032	77.86659473	1919	2.089015049233328	8.165769577026367
8268_web-screenshots_weather-forecast-nyc_dpr2_page1_2880x1800.sdr.s1024	1024	640	8100	svt-av1-v4.1.0	p0t4	25	44660	0.54517	76.64826763	2541	2.0728598842521078	7.883440017700195
8268_web-screenshots_weather-forecast-nyc_dpr2_page1_2880x1800.sdr.s1024	1024	640	8100	svt-av1-v4.1.0	p0t4	35	32717	0.39938	73.11447767	2755	2.235848707115908	8.683197975158691
8268_web-screenshots_weather-forecast-nyc_dpr2_page1_2880x1800.sdr.s1024	1024	640	8100	svt-av1-v4.1.0	p0t4	45	21467	0.26205	62.85223228	3715	2.5525645543460977	8.349994659423828
8268_web-screenshots_weather-forecast-nyc_dpr2_page1_2880x1800.sdr.s1024	1024	640	8100	svt-av1-v4.1.0	p0t4	55	11544	0.14092	40.33119200	4198	4.000337075967082	14.04248046875
8268_web-screenshots_weather-forecast-nyc_dpr2_page1_2880x1800.sdr.s1024	1024	640	8100	svt-av1-v4.1.0	p0t4	65	3484	0.04253	-15.88128567	2617	9.012103531958415	33.4886589050293
8268_web-screenshots_weather-forecast-nyc_dpr2_page1_2880x1800.sdr.s1024	1024	640	8100	svt-av1-v4.1.0	p1t4	15	56922	0.69485	77.76795531	1013	2.0832884431893195	7.99378776550293
8268_web-screenshots_weather-forecast-nyc_dpr2_page1_2880x1800.sdr.s1024	1024	640	8100	svt-av1-v4.1.0	p1t4	25	44898	0.54807	77.00522003	1416	2.1035062615518396	8.278884887695312
8268_web-screenshots_weather-forecast-nyc_dpr2_page1_2880x1800.sdr.s1024	1024	640	8100	svt-av1-v4.1.0	p1t4	35	32870	0.40125	73.37340266	1652	2.1901573963702172	8.096037864685059
8268_web-screenshots_weather-forecast-nyc_dpr2_page1_2880x1800.sdr.s1024	1024	640	8100	svt-av1-v4.1.0	p1t4	45	21386	0.26106	62.11428528	1973	2.5821966628877093	8.898076057434082
8268_web-screenshots_weather-forecast-nyc_dpr2_page1_2880x1800.sdr.s1024	1024	640	8100	svt-av1-v4.1.0	p1t4	55	11616	0.14180	39.89514839	1995	4.195642697524835	15.250824928283691
8268_web-screenshots_weather-forecast-nyc_dpr2_page1_2880x1800.sdr.s1024	1024	640	8100	svt-av1-v4.1.0	p1t4	65	3543	0.04325	-13.89529551	1280	8.085424422769309	26.48056411743164
8268_web-screenshots_weather-forecast-nyc_dpr2_page1_2880x1800.sdr.s1024	1024	640	8100	svt-av1-v4.1.0	p2t4	15	57200	0.69824	77.87731726	640	2.0948777905897824	8.156981468200684
8268_web-screenshots_weather-forecast-nyc_dpr2_page1_2880x1800.sdr.s1024	1024	640	8100	svt-av1-v4.1.0	p2t4	25	45128	0.55088	77.01117959	727	2.0774140192307082	7.988476753234863
8268_web-screenshots_weather-forecast-nyc_dpr2_page1_2880x1800.sdr.s1024	1024	640	8100	svt-av1-v4.1.0	p2t4	35	32786	0.40022	72.70881410	934	2.152740454951536	7.9748358726501465
8268_web-screenshots_weather-forecast-nyc_dpr2_page1_2880x1800.sdr.s1024	1024	640	8100	svt-av1-v4.1.0	p2t4	45	20966	0.25593	61.05770276	921	2.5606026686044583	8.476295471191406
8268_web-screenshots_weather-forecast-nyc_dpr2_page1_2880x1800.sdr.s1024	1024	640	8100	svt-av1-v4.1.0	p2t4	55	11380	0.13892	37.93495869	1621	4.004034210062398	13.128827095031738
8268_web-screenshots_weather-forecast-nyc_dpr2_page1_2880x1800.sdr.s1024	1024	640	8100	svt-av1-v4.1.0	p2t4	65	3600	0.04395	-14.86634646	943	8.650754227923414	28.578489303588867
8268_web-screenshots_weather-forecast-nyc_dpr2_page1_2880x1800.sdr.s1024	1024	640	8100	svt-av1-v4.1.0	p6t4	15	61613	0.75211	77.80237444	140	2.0255054077516372	7.900041580200195
8268_web-screenshots_weather-forecast-nyc_dpr2_page1_2880x1800.sdr.s1024	1024	640	8100	svt-av1-v4.1.0	p6t4	25	49078	0.59910	76.54157469	92	2.071985716962667	8.089802742004395
8268_web-screenshots_weather-forecast-nyc_dpr2_page1_2880x1800.sdr.s1024	1024	640	8100	svt-av1-v4.1.0	p6t4	35	35208	0.42979	71.15131675	87	2.181449602091043	8.216474533081055
8268_web-screenshots_weather-forecast-nyc_dpr2_page1_2880x1800.sdr.s1024	1024	640	8100	svt-av1-v4.1.0	p6t4	45	21525	0.26276	56.17416359	73	2.732001223842571	9.77539348602295
8268_web-screenshots_weather-forecast-nyc_dpr2_page1_2880x1800.sdr.s1024	1024	640	8100	svt-av1-v4.1.0	p6t4	55	10547	0.12875	26.04434689	75	4.6848417858252285	15.355912208557129
8268_web-screenshots_weather-forecast-nyc_dpr2_page1_2880x1800.sdr.s1024	1024	640	8100	svt-av1-v4.1.0	p6t4	65	3799	0.04637	-17.67014361	55	8.134195443899118	27.98750877380371
8268_web-screenshots_weather-forecast-nyc_dpr2_page1_2880x1800.sdr.s1024	1024	640	8100	svt-av1-v4.1.0	p10t4	15	86272	1.05313	76.80307445	46	2.081629588646746	7.991567134857178
8268_web-screenshots_weather-forecast-nyc_dpr2_page1_2880x1800.sdr.s1024	1024	640	8100	svt-av1-v4.1.0	p10t4	25	67027	0.81820	73.76820739	32	2.18615688609451	8.316062927246094
8268_web-screenshots_weather-forecast-nyc_dpr2_page1_2880x1800.sdr.s1024	1024	640	8100	svt-av1-v4.1.0	p10t4	35	44969	0.54894	64.48379540	32	2.5306316968281997	8.853316307067871
8268_web-screenshots_weather-forecast-nyc_dpr2_page1_2880x1800.sdr.s1024	1024	640	8100	svt-av1-v4.1.0	p10t4	45	25522	0.31155	49.06267020	35	3.4492324654519577	12.802610397338867
8268_web-screenshots_weather-forecast-nyc_dpr2_page1_2880x1800.sdr.s1024	1024	640	8100	svt-av1-v4.1.0	p10t4	55	12290	0.15002	23.28513579	25	4.778620558061357	14.990527153015137
8268_web-screenshots_weather-forecast-nyc_dpr2_page1_2880x1800.sdr.s1024	1024	640	8100	svt-av1-v4.1.0	p10t4	65	5254	0.06414	-12.41325126	20	8.0371130299962	29.607860565185547
8268_web-screenshots_weather-forecast-nyc_dpr2_page1_2880x1800.sdr.s1024	1024	640	8100	svt-av1-v4.1.0	p6t1	15	61549	0.75133	77.55418656	121	2.0557513018256155	7.7729878425598145
8268_web-screenshots_weather-forecast-nyc_dpr2_page1_2880x1800.sdr.s1024	1024	640	8100	svt-av1-v4.1.0	p6t1	25	47138	0.57542	75.54901976	103	2.0305706026678987	7.519009590148926
8268_web-screenshots_weather-forecast-nyc_dpr2_page1_2880x1800.sdr.s1024	1024	640	8100	svt-av1-v4.1.0	p6t1	35	32335	0.39471	65.43956834	86	2.184006754051157	7.9431610107421875
8268_web-screenshots_weather-forecast-nyc_dpr2_page1_2880x1800.sdr.s1024	1024	640	8100	svt-av1-v4.1.0	p6t1	45	20302	0.24783	46.69544926	86	2.753710622996646	8.670604705810547
8268_web-screenshots_weather-forecast-nyc_dpr2_page1_2880x1800.sdr.s1024	1024	640	8100	svt-av1-v4.1.0	p6t1	55	10124	0.12358	15.70377035	63	4.68969825259576	15.526533126831055
8268_web-screenshots_weather-forecast-nyc_dpr2_page1_2880x1800.sdr.s1024	1024	640	8100	svt-av1-v4.1.0	p6t1	65	1222	0.01492	-61.96358071	57	13.731211343903814	48.410423278808594
1236_interiors_ornate-arched-interior_casa-vicens-barcelona_zfold7_iso400-f2p2_20260319-165702_4000x3000.sdr.s1024	768	1024	1200	svt-av1-v4.1.0	p0t4	15	229022	2.32973	81.81728486	5388	0.6285604712914774	1.670147180557251
1236_interiors_ornate-arched-interior_casa-vicens-barcelona_zfold7_iso400-f2p2_20260319-165702_4000x3000.sdr.s1024	768	1024	1200	svt-av1-v4.1.0	p0t4	25	160116	1.62878	75.71509892	9575	0.8805985519801315	2.180084705352783
1236_interiors_ornate-arched-interior_casa-vicens-barcelona_zfold7_iso400-f2p2_20260319-165702_4000x3000.sdr.s1024	768	1024	1200	svt-av1-v4.1.0	p0t4	35	94707	0.96341	61.30960869	11508	1.4207990546165599	3.300980567932129
1236_interiors_ornate-arched-interior_casa-vicens-barcelona_zfold7_iso400-f2p2_20260319-165702_4000x3000.sdr.s1024	768	1024	1200	svt-av1-v4.1.0	p0t4	45	45288	0.46069	32.15705976	12680	2.4560961915384083	6.304869174957275
1236_interiors_ornate-arched-interior_casa-vicens-barcelona_zfold7_iso400-f2p2_20260319-165702_4000x3000.sdr.s1024	768	1024	1200	svt-av1-v4.1.0	p0t4	55	18193	0.18507	-10.11171030	11615	4.140115652854185	11.337564468383789
1236_interiors_ornate-arched-interior_casa-vicens-barcelona_zfold7_iso400-f2p2_20260319-165702_4000x3000.sdr.s1024	768	1024	1200	svt-av1-v4.1.0	p0t4	65	3971	0.04040	-57.74303302	4021	8.644861897959213	24.904979705810547
1236_interiors_ornate-arched-interior_casa-vicens-barcelona_zfold7_iso400-f2p2_20260319-165702_4000x3000.sdr.s1024	768	1024	1200	svt-av1-v4.1.0	p1t4	15	229657	2.33619	81.48865209	2988	0.6350888911195868	1.706525444984436
1236_interiors_ornate-arched-interior_casa-vicens-barcelona_zfold7_iso400-f2p2_20260319-165702_4000x3000.sdr.s1024	768	1024	1200	svt-av1-v4.1.0	p1t4	25	160731	1.63504	75.40475783	4095	0.8856564337882821	2.210275411605835
1236_interiors_ornate-arched-interior_casa-vicens-barcelona_zfold7_iso400-f2p2_20260319-165702_4000x3000.sdr.s1024	768	1024	1200	svt-av1-v4.1.0	p1t4	35	94565	0.96196	60.74289062	5199	1.4361538713151845	3.609936475753784
1236_interiors_ornate-arched-interior_casa-vicens-barcelona_zfold7_iso400-f2p2_20260319-165702_4000x3000.sdr.s1024	768	1024	1200	svt-av1-v4.1.0	p1t4	45	45146	0.45925	31.45870771	5879	2.447422713586928	5.907435417175293
1236_interiors_ornate-arched-interior_casa-vicens-barcelona_zfold7_iso400-f2p2_20260319-165702_4000x3000.sdr.s1024	768	1024	1200	svt-av1-v4.1.0	p1t4	55	17935	0.18244	-10.59102486	4858	4.169725703780193	11.399829864501953
1236_interiors_ornate-arched-interior_casa-vicens-barcelona_zfold7_iso400-f2p2_20260319-165702_4000x3000.sdr.s1024	768	1024	1200	svt-av1-v4.1.0	p1t4	65	3964	0.04032	-57.80424411	1958	8.643107552848944	24.902185440063477
1236_interiors_ornate-arched-interior_casa-vicens-barcelona_zfold7_iso400-f2p2_20260319-165702_4000x3000.sdr.s1024	768	1024	1200	svt-av1-v4.1.0	p2t4	15	228583	2.32527	81.44624765	1919	0.6395368431076027	1.7086766958236694
1236_interiors_ornate-arched-interior_casa-vicens-barcelona_zfold7_iso400-f2p2_20260319-165702_4000x3000.sdr.s1024	768	1024	1200	svt-av1-v4.1.0	p2t4	25	160509	1.63278	75.34661695	3032	0.8942058633236604	2.2507762908935547
1236_interiors_ornate-arched-interior_casa-vicens-barcelona_zfold7_iso400-f2p2_20260319-165702_4000x3000.sdr.s1024	768	1024	1200	svt-av1-v4.1.0	p2t4	35	93097	0.94703	60.11290855	2973	1.4536658119202575	3.315046787261963
1236_interiors_ornate-arched-interior_casa-vicens-barcelona_zfold7_iso400-f2p2_20260319-165702_4000x3000.sdr.s1024	768	1024	1200	svt-av1-v4.1.0	p2t4	45	44728	0.45500	30.72518294	2823	2.4845047815625985	5.861124515533447
1236_interiors_ornate-arched-interior_casa-vicens-barcelona_zfold7_iso400-f2p2_20260319-165702_4000x3000.sdr.s1024	768	1024	1200	svt-av1-v4.1.0	p2t4	55	17917	0.18226	-11.35202728	4158	4.207829255391403	10.713979721069336
1236_interiors_ornate-arched-interior_casa-vicens-barcelona_zfold7_iso400-f2p2_20260319-165702_4000x3000.sdr.s1024	768	1024	1200	svt-av1-v4.1.0	p2t4	65	3988	0.04057	-57.66468361	1645	8.68819437574676	24.541969299316406
1236_interiors_ornate-arched-interior_casa-vicens-barcelona_zfold7_iso400-f2p2_20260319-165702_4000x3000.sdr.s1024	768	1024	1200	svt-av1-v4.1.0	p6t4	15	226440	2.30347	80.56056412	264	0.6703919311076652	1.6925936937332153
1236_interiors_ornate-arched-interior_casa-vicens-barcelona_zfold7_iso400-f2p2_20260319-165702_4000x3000.sdr.s1024	768	1024	1200	svt-av1-v4.1.0	p6t4	25	161971	1.64765	74.10517929	219	0.9377739799391689	2.4276695251464844
1236_interiors_ornate-arched-interior_casa-vicens-barcelona_zfold7_iso400-f2p2_20260319-165702_4000x3000.sdr.s1024	768	1024	1200	svt-av1-v4.1.0	p6t4	35	93972	0.95593	58.63937954	185	1.5260454007142397	3.7621374130249023
1236_interiors_ornate-arched-interior_casa-vicens-barcelona_zfold7_iso400-f2p2_20260319-165702_4000x3000.sdr.s1024	768	1024	1200	svt-av1-v4.1.0	p6t4	45	43904	0.44661	28.37024849	148	2.6328922956156364	7.147969722747803
1236_interiors_ornate-arched-interior_casa-vicens-barcelona_zfold7_iso400-f2p2_20260319-165702_4000x3000.sdr.s1024	768	1024	1200	svt-av1-v4.1.0	p6t4	55	16795	0.17085	-15.26540149	106	4.60923571115065	12.493047714233398
1236_interiors_ornate-arched-interior_casa-vicens-barcelona_zfold7_iso400-f2p2_20260319-165702_4000x3000.sdr.s1024	768	1024	1200	svt-av1-v4.1.0	p6t4	65	4228	0.04301	-57.63342221	75	8.766310433141262	25.85405731201172
1236_interiors_ornate-arched-interior_casa-vicens-barcelona_zfold7_iso400-f2p2_20260319-165702_4000x3000.sdr.s1024	768	1024	1200	svt-av1-v4.1.0	p10t4	15	230922	2.34906	79.51025049	59	0.7385339926465765	1.7928550243377686
1236_interiors_ornate-arched-interior_casa-vicens-barcelona_zfold7_iso400-f2p2_20260319-165702_4000x3000.sdr.s1024	768	1024	1200	svt-av1-v4.1.0	p10t4	25	166596	1.69470	72.68555546	69	1.0452804776172593	2.879703998565674
1236_interiors_ornate-arched-interior_casa-vicens-barcelona_zfold7_iso400-f2p2_20260319-165702_4000x3000.sdr.s1024	768	1024	1200	svt-av1-v4.1.0	p10t4	35	95081	0.96721	57.27639192	42	1.6425698975479086	3.930177688598633
1236_interiors_ornate-arched-interior_casa-vicens-barcelona_zfold7_iso400-f2p2_20260319-165702_4000x3000.sdr.s1024	768	1024	1200	svt-av1-v4.1.0	p10t4	45	43927	0.44685	26.81492458	42	2.8333761018185357	8.066374778747559
1236_interiors_ornate-arched-interior_casa-vicens-barcelona_zfold7_iso400-f2p2_20260319-165702_4000x3000.sdr.s1024	768	1024	1200	svt-av1-v4.1.0	p10t4	55	16492	0.16777	-17.51309531	25	4.875120012073636	13.43111515045166
1236_interiors_ornate-arched-interior_casa-vicens-barcelona_zfold7_iso400-f2p2_20260319-165702_4000x3000.sdr.s1024	768	1024	1200	svt-av1-v4.1.0	p10t4	65	5603	0.05700	-55.30593509	23	7.811582881608348	20.966197967529297
1236_interiors_ornate-arched-interior_casa-vicens-barcelona_zfold7_iso400-f2p2_20260319-165702_4000x3000.sdr.s1024	768	1024	1200	svt-av1-v4.1.0	p6t1	15	222013	2.25843	78.18275036	280	0.7546405667988556	1.6907812356948853
1236_interiors_ornate-arched-interior_casa-vicens-barcelona_zfold7_iso400-f2p2_20260319-165702_4000x3000.sdr.s1024	768	1024	1200	svt-av1-v4.1.0	p6t1	25	146683	1.49214	66.93262353	247	1.1582400313148773	2.6441574096679688
1236_interiors_ornate-arched-interior_casa-vicens-barcelona_zfold7_iso400-f2p2_20260319-165702_4000x3000.sdr.s1024	768	1024	1200	svt-av1-v4.1.0	p6t1	35	81067	0.82466	42.88705907	204	1.8900674013830887	4.317529201507568
1236_interiors_ornate-arched-interior_casa-vicens-barcelona_zfold7_iso400-f2p2_20260319-165702_4000x3000.sdr.s1024	768	1024	1200	svt-av1-v4.1.0	p6t1	45	36444	0.37073	2.85252895	115	3.1831724668636867	8.182440757751465
1236_interiors_ornate-arched-interior_casa-vicens-barcelona_zfold7_iso400-f2p2_20260319-165702_4000x3000.sdr.s1024	768	1024	1200	svt-av1-v4.1.0	p6t1	55	12843	0.13065	-41.51226310	99	5.329642538938654	15.531967163085938
1236_interiors_ornate-arched-interior_casa-vicens-barcelona_zfold7_iso400-f2p2_20260319-165702_4000x3000.sdr.s1024	768	1024	1200	svt-av1-v4.1.0	p6t1	65	1542	0.01569	-65.16861109	71	12.50860343818176	38.33707046508789
7052_plots_line-00222-s2f495179_1024x1024.sdr.s1024	1024	1024	7000	svt-av1-v4.1.0	p0t4	15	6511	0.04967	84.93374809	1471	0.5559895647372823	2.8416659832000732
7052_plots_line-00222-s2f495179_1024x1024.sdr.s1024	1024	1024	7000	svt-av1-v4.1.0	p0t4	25	4209	0.03211	83.14073413	1113	0.6911139790993253	2.9715003967285156
7052_plots_line-00222-s2f495179_1024x1024.sdr.s1024	1024	1024	7000	svt-av1-v4.1.0	p0t4	35	3754	0.02864	81.00778722	981	0.7697413330080162	3.355154275894165
7052_plots_line-00222-s2f495179_1024x1024.sdr.s1024	1024	1024	7000	svt-av1-v4.1.0	p0t4	45	2923	0.02230	75.29475560	1176	1.1551969497355241	5.782991886138916
7052_plots_line-00222-s2f495179_1024x1024.sdr.s1024	1024	1024	7000	svt-av1-v4.1.0	p0t4	55	2174	0.01659	62.15643259	911	1.7169694385171084	8.067499160766602
7052_plots_line-00222-s2f495179_1024x1024.sdr.s1024	1024	1024	7000	svt-av1-v4.1.0	p0t4	65	1200	0.00916	-1.63272827	602	6.334440278638148	26.72101402282715
7052_plots_line-00222-s2f495179_1024x1024.sdr.s1024	1024	1024	7000	svt-av1-v4.1.0	p1t4	15	6545	0.04993	85.01741512	829	0.5783647767209036	2.9948372840881348
7052_plots_line-00222-s2f495179_1024x1024.sdr.s1024	1024	1024	7000	svt-av1-v4.1.0	p1t4	25	4281	0.03266	82.53150453	620	0.7174349243559334	2.982740640640259
7052_plots_line-00222-s2f495179_1024x1024.sdr.s1024	1024	1024	7000	svt-av1-v4.1.0	p1t4	35	3853	0.02940	80.83406955	615	0.7333260029387559	3.2185792922973633
7052_plots_line-00222-s2f495179_1024x1024.sdr.s1024	1024	1024	7000	svt-av1-v4.1.0	p1t4	45	2904	0.02216	69.66319575	525	1.187767932949921	5.747365951538086
7052_plots_line-00222-s2f495179_1024x1024.sdr.s1024	1024	1024	7000	svt-av1-v4.1.0	p1t4	55	2210	0.01686	56.83637625	550	1.730710983816681	8.23239803314209
7052_plots_line-00222-s2f495179_1024x1024.sdr.s1024	1024	1024	7000	svt-av1-v4.1.0	p1t4	65	1187	0.00906	2.19979364	456	5.988127798118303	26.045644760131836
7052_plots_line-00222-s2f495179_1024x1024.sdr.s1024	1024	1024	7000	svt-av1-v4.1.0	p2t4	15	10095	0.07702	84.88033056	267	0.6213343291188805	3.0135860443115234
7052_plots_line-00222-s2f495179_1024x1024.sdr.s1024	1024	1024	7000	svt-av1-v4.1.0	p2t4	25	4841	0.03693	82.93908684	342	0.7246810033410563	3.036329507827759
7052_plots_line-00222-s2f495179_1024x1024.sdr.s1024	1024	1024	7000	svt-av1-v4.1.0	p2t4	35	4434	0.03383	80.62490130	411	0.726161252888526	3.1139304637908936
7052_plots_line-00222-s2f495179_1024x1024.sdr.s1024	1024	1024	7000	svt-av1-v4.1.0	p2t4	45	3113	0.02375	72.18992690	407	1.1915951681029158	5.136675834655762
7052_plots_line-00222-s2f495179_1024x1024.sdr.s1024	1024	1024	7000	svt-av1-v4.1.0	p2t4	55	2272	0.01733	55.42222197	608	2.024124947681456	9.773176193237305
7052_plots_line-00222-s2f495179_1024x1024.sdr.s1024	1024	1024	7000	svt-av1-v4.1.0	p2t4	65	1299	0.00991	-1.65056788	358	5.690830461158175	25.81523323059082
7052_plots_line-00222-s2f495179_1024x1024.sdr.s1024	1024	1024	7000	svt-av1-v4.1.0	p6t4	15	264603	2.01876	84.48374000	161	0.6816892060687509	3.1432223320007324
7052_plots_line-00222-s2f495179_1024x1024.sdr.s1024	1024	1024	7000	svt-av1-v4.1.0	p6t4	25	222573	1.69810	82.42309565	138	0.6938270674912399	3.0069282054901123
7052_plots_line-00222-s2f495179_1024x1024.sdr.s1024	1024	1024	7000	svt-av1-v4.1.0	p6t4	35	150395	1.14742	69.99008524	147	1.0447733309154377	3.7605912685394287
7052_plots_line-00222-s2f495179_1024x1024.sdr.s1024	1024	1024	7000	svt-av1-v4.1.0	p6t4	45	71278	0.54381	47.42315569	127	2.2012206030243835	6.949452877044678
7052_plots_line-00222-s2f495179_1024x1024.sdr.s1024	1024	1024	7000	svt-av1-v4.1.0	p6t4	55	37487	0.28600	33.46315905	139	2.7360442214921754	11.277435302734375
7052_plots_line-00222-s2f495179_1024x1024.sdr.s1024	1024	1024	7000	svt-av1-v4.1.0	p6t4	65	14466	0.11037	-37.14929098	114	7.365428952321767	26.791433334350586
7052_plots_line-00222-s2f495179_1024x1024.sdr.s1024	1024	1024	7000	svt-av1-v4.1.0	p10t4	15	273077	2.08341	83.36533672	53	0.7469819884131051	3.339397430419922
7052_plots_line-00222-s2f495179_1024x1024.sdr.s1024	1024	1024	7000	svt-av1-v4.1.0	p10t4	25	224442	1.71236	79.57530985	47	0.8419985620910136	3.0962467193603516
7052_plots_line-00222-s2f495179_1024x1024.sdr.s1024	1024	1024	7000	svt-av1-v4.1.0	p10t4	35	133248	1.01660	49.17596943	53	1.5855604268560708	5.138702392578125
7052_plots_line-00222-s2f495179_1024x1024.sdr.s1024	1024	1024	7000	svt-av1-v4.1.0	p10t4	45	64733	0.49387	24.34619754	53	2.961018520806137	7.062180519104004
7052_plots_line-00222-s2f495179_1024x1024.sdr.s1024	1024	1024	7000	svt-av1-v4.1.0	p10t4	55	35460	0.27054	3.22924430	47	4.933721515569758	13.840380668640137
7052_plots_line-00222-s2f495179_1024x1024.sdr.s1024	1024	1024	7000	svt-av1-v4.1.0	p10t4	65	21031	0.16045	-54.36916016	35	8.821168148720604	21.82010269165039
7052_plots_line-00222-s2f495179_1024x1024.sdr.s1024	1024	1024	7000	svt-av1-v4.1.0	p6t1	15	291800	2.22626	84.83343121	190	0.659930545374071	3.195657253265381
7052_plots_line-00222-s2f495179_1024x1024.sdr.s1024	1024	1024	7000	svt-av1-v4.1.0	p6t1	25	240506	1.83492	83.81313695	176	0.6804344182484984	2.9194767475128174
7052_plots_line-00222-s2f495179_1024x1024.sdr.s1024	1024	1024	7000	svt-av1-v4.1.0	p6t1	35	177043	1.35073	70.75683516	138	0.9872172543205485	3.2784204483032227
7052_plots_line-00222-s2f495179_1024x1024.sdr.s1024	1024	1024	7000	svt-av1-v4.1.0	p6t1	45	115077	0.87797	57.00382049	116	1.9583920736295282	8.760780334472656
7052_plots_line-00222-s2f495179_1024x1024.sdr.s1024	1024	1024	7000	svt-av1-v4.1.0	p6t1	55	51448	0.39252	25.88116482	141	4.405714157683501	19.632959365844727
7052_plots_line-00222-s2f495179_1024x1024.sdr.s1024	1024	1024	7000	svt-av1-v4.1.0	p6t1	65	12738	0.09718	-33.67794995	112	9.52093447094152	40.137657165527344
7058_plots_line-tiling-00248-s7c5ddcfb_1024x1024.sdr.s1024	1024	1024	7000	svt-av1-v4.1.0	p0t4	15	203477	1.55241	44.25459522	4466	2.24386890479494	8.698362350463867
7058_plots_line-tiling-00248-s7c5ddcfb_1024x1024.sdr.s1024	1024	1024	7000	svt-av1-v4.1.0	p0t4	25	159181	1.21445	43.54022471	5856	2.2039589306919867	8.278764724731445
7058_plots_line-tiling-00248-s7c5ddcfb_1024x1024.sdr.s1024	1024	1024	7000	svt-av1-v4.1.0	p0t4	35	117403	0.89571	40.24947410	7325	2.3454853727710665	9.41413688659668
7058_plots_line-tiling-00248-s7c5ddcfb_1024x1024.sdr.s1024	1024	1024	7000	svt-av1-v4.1.0	p0t4	45	80203	0.61190	28.70626485	9345	2.3850192203907348	8.581243515014648
7058_plots_line-tiling-00248-s7c5ddcfb_1024x1024.sdr.s1024	1024	1024	7000	svt-av1-v4.1.0	p0t4	55	51819	0.39535	1.45415274	12170	3.5220852296345284	10.870418548583984
7058_plots_line-tiling-00248-s7c5ddcfb_1024x1024.sdr.s1024	1024	1024	7000	svt-av1-v4.1.0	p0t4	65	20852	0.15909	-62.86580053	6899	9.29663333515019	27.69209861755371
7058_plots_line-tiling-00248-s7c5ddcfb_1024x1024.sdr.s1024	1024	1024	7000	svt-av1-v4.1.0	p1t4	15	205672	1.56915	44.46653783	2962	2.2695246473552015	8.649907112121582
7058_plots_line-tiling-00248-s7c5ddcfb_1024x1024.sdr.s1024	1024	1024	7000	svt-av1-v4.1.0	p1t4	25	160462	1.22423	43.68191935	3787	2.2207373684109473	8.614680290222168
7058_plots_line-tiling-00248-s7c5ddcfb_1024x1024.sdr.s1024	1024	1024	7000	svt-av1-v4.1.0	p1t4	35	118844	0.90671	39.19644303	4341	2.283892457328514	8.400213241577148
7058_plots_line-tiling-00248-s7c5ddcfb_1024x1024.sdr.s1024	1024	1024	7000	svt-av1-v4.1.0	p1t4	45	81047	0.61834	27.59227982	5183	2.4413834099732235	8.493878364562988
7058_plots_line-tiling-00248-s7c5ddcfb_1024x1024.sdr.s1024	1024	1024	7000	svt-av1-v4.1.0	p1t4	55	52723	0.40224	0.26551654	7176	3.5649483031920792	11.27511978149414
7058_plots_line-tiling-00248-s7c5ddcfb_1024x1024.sdr.s1024	1024	1024	7000	svt-av1-v4.1.0	p1t4	65	21215	0.16186	-63.01153387	3848	9.296928464637807	27.27480697631836
7058_plots_line-tiling-00248-s7c5ddcfb_1024x1024.sdr.s1024	1024	1024	7000	svt-av1-v4.1.0	p2t4	15	209486	1.59825	44.58992863	1719	2.240770028049832	8.514796257019043
7058_plots_line-tiling-00248-s7c5ddcfb_1024x1024.sdr.s1024	1024	1024	7000	svt-av1-v4.1.0	p2t4	25	163759	1.24938	43.86107102	2309	2.1947088874749023	8.166769981384277
7058_plots_line-tiling-00248-s7c5ddcfb_1024x1024.sdr.s1024	1024	1024	7000	svt-av1-v4.1.0	p2t4	35	121815	0.92937	39.73906421	2437	2.2647673115898495	8.583219528198242
7058_plots_line-tiling-00248-s7c5ddcfb_1024x1024.sdr.s1024	1024	1024	7000	svt-av1-v4.1.0	p2t4	45	83556	0.63748	26.17340257	3471	2.419873392706478	8.556638717651367
7058_plots_line-tiling-00248-s7c5ddcfb_1024x1024.sdr.s1024	1024	1024	7000	svt-av1-v4.1.0	p2t4	55	53113	0.40522	-0.97654885	5797	3.6441895037889345	12.37241268157959
7058_plots_line-tiling-00248-s7c5ddcfb_1024x1024.sdr.s1024	1024	1024	7000	svt-av1-v4.1.0	p2t4	65	21720	0.16571	-61.57543191	3651	8.975719167393278	25.027616500854492
7058_plots_line-tiling-00248-s7c5ddcfb_1024x1024.sdr.s1024	1024	1024	7000	svt-av1-v4.1.0	p6t4	15	315891	2.41006	44.60096422	479	2.27398518534393	8.46475887298584
7058_plots_line-tiling-00248-s7c5ddcfb_1024x1024.sdr.s1024	1024	1024	7000	svt-av1-v4.1.0	p6t4	25	246354	1.87953	43.90167071	485	2.164844568565113	8.434671401977539
7058_plots_line-tiling-00248-s7c5ddcfb_1024x1024.sdr.s1024	1024	1024	7000	svt-av1-v4.1.0	p6t4	35	179586	1.37013	38.72543963	287	2.207115281573749	8.604291915893555
7058_plots_line-tiling-00248-s7c5ddcfb_1024x1024.sdr.s1024	1024	1024	7000	svt-av1-v4.1.0	p6t4	45	119634	0.91273	23.75983861	348	2.5278086284307384	8.734489440917969
7058_plots_line-tiling-00248-s7c5ddcfb_1024x1024.sdr.s1024	1024	1024	7000	svt-av1-v4.1.0	p6t4	55	73820	0.56320	-11.70670024	272	4.261938794932142	12.709813117980957
7058_plots_line-tiling-00248-s7c5ddcfb_1024x1024.sdr.s1024	1024	1024	7000	svt-av1-v4.1.0	p6t4	65	22608	0.17249	-63.69698500	109	9.206671260191284	23.992258071899414
7058_plots_line-tiling-00248-s7c5ddcfb_1024x1024.sdr.s1024	1024	1024	7000	svt-av1-v4.1.0	p10t4	15	374625	2.85816	42.45552937	82	2.135424505522225	8.226314544677734
7058_plots_line-tiling-00248-s7c5ddcfb_1024x1024.sdr.s1024	1024	1024	7000	svt-av1-v4.1.0	p10t4	25	298806	2.27971	41.13858759	130	2.127977788609553	8.349796295166016
7058_plots_line-tiling-00248-s7c5ddcfb_1024x1024.sdr.s1024	1024	1024	7000	svt-av1-v4.1.0	p10t4	35	200479	1.52953	29.10764469	72	2.318418118713589	8.954954147338867
7058_plots_line-tiling-00248-s7c5ddcfb_1024x1024.sdr.s1024	1024	1024	7000	svt-av1-v4.1.0	p10t4	45	123354	0.94112	4.74718064	78	2.9736986497764697	9.297652244567871
7058_plots_line-tiling-00248-s7c5ddcfb_1024x1024.sdr.s1024	1024	1024	7000	svt-av1-v4.1.0	p10t4	55	65308	0.49826	-30.28184619	61	4.856008163001028	13.018353462219238
7058_plots_line-tiling-00248-s7c5ddcfb_1024x1024.sdr.s1024	1024	1024	7000	svt-av1-v4.1.0	p10t4	65	23948	0.18271	-62.46407241	70	8.848291477652475	24.463302612304688
7058_plots_line-tiling-00248-s7c5ddcfb_1024x1024.sdr.s1024	1024	1024	7000	svt-av1-v4.1.0	p6t1	15	316942	2.41808	44.65476997	603	2.202912335262341	8.236595153808594
7058_plots_line-tiling-00248-s7c5ddcfb_1024x1024.sdr.s1024	1024	1024	7000	svt-av1-v4.1.0	p6t1	25	242775	1.85223	43.22623047	457	2.223291667691466	8.40117359161377
7058_plots_line-tiling-00248-s7c5ddcfb_1024x1024.sdr.s1024	1024	1024	7000	svt-av1-v4.1.0	p6t1	35	176293	1.34501	37.67855602	377	2.3097371711373804	8.4778470993042
7058_plots_line-tiling-00248-s7c5ddcfb_1024x1024.sdr.s1024	1024	1024	7000	svt-av1-v4.1.0	p6t1	45	118632	0.90509	17.17447305	351	2.6610832445858335	8.699040412902832
7058_plots_line-tiling-00248-s7c5ddcfb_1024x1024.sdr.s1024	1024	1024	7000	svt-av1-v4.1.0	p6t1	55	71623	0.54644	-20.75590582	322	4.605913408091761	17.24423599243164
7058_plots_line-tiling-00248-s7c5ddcfb_1024x1024.sdr.s1024	1024	1024	7000	svt-av1-v4.1.0	p6t1	65	4792	0.03656	-404.83893940	113	17.269534188072885	37.29021453857422
1438_nature_orange-flowers-closeup_kyoto-botanical-garden-kyoto_s23u_iso200-f4p9_20231107-143950_4000x3000.sdr.s1024	768	1024	1400	svt-av1-v4.1.0	p0t4	15	150368	1.52962	79.67263526	6607	1.6727136575217252	5.528664588928223
1438_nature_orange-flowers-closeup_kyoto-botanical-garden-kyoto_s23u_iso200-f4p9_20231107-143950_4000x3000.sdr.s1024	768	1024	1400	svt-av1-v4.1.0	p0t4	25	97107	0.98782	75.96618246	8179	1.7602303033397255	5.566909313201904
1438_nature_orange-flowers-closeup_kyoto-botanical-garden-kyoto_s23u_iso200-f4p9_20231107-143950_4000x3000.sdr.s1024	768	1024	1400	svt-av1-v4.1.0	p0t4	35	55543	0.56501	67.07462745	8190	2.046292458161538	6.455705165863037
1438_nature_orange-flowers-closeup_kyoto-botanical-garden-kyoto_s23u_iso200-f4p9_20231107-143950_4000x3000.sdr.s1024	768	1024	1400	svt-av1-v4.1.0	p0t4	45	27261	0.27731	47.09043220	7895	2.8976557954063007	10.188828468322754
1438_nature_orange-flowers-closeup_kyoto-botanical-garden-kyoto_s23u_iso200-f4p9_20231107-143950_4000x3000.sdr.s1024	768	1024	1400	svt-av1-v4.1.0	p0t4	55	12777	0.12997	14.49616806	8112	4.321468994414165	13.296603202819824
1438_nature_orange-flowers-closeup_kyoto-botanical-garden-kyoto_s23u_iso200-f4p9_20231107-143950_4000x3000.sdr.s1024	768	1024	1400	svt-av1-v4.1.0	p0t4	65	5584	0.05680	-30.75137272	3576	7.959718978021235	24.126392364501953
1438_nature_orange-flowers-closeup_kyoto-botanical-garden-kyoto_s23u_iso200-f4p9_20231107-143950_4000x3000.sdr.s1024	768	1024	1400	svt-av1-v4.1.0	p1t4	15	150210	1.52802	79.76746742	3021	1.6563347802084063	5.309985637664795
1438_nature_orange-flowers-closeup_kyoto-botanical-garden-kyoto_s23u_iso200-f4p9_20231107-143950_4000x3000.sdr.s1024	768	1024	1400	svt-av1-v4.1.0	p1t4	25	97297	0.98976	75.92303087	3940	1.7638454490682347	5.446094036102295
1438_nature_orange-flowers-closeup_kyoto-botanical-garden-kyoto_s23u_iso200-f4p9_20231107-143950_4000x3000.sdr.s1024	768	1024	1400	svt-av1-v4.1.0	p1t4	35	55617	0.56577	66.82320493	4691	2.0871509084303956	6.804116249084473
1438_nature_orange-flowers-closeup_kyoto-botanical-garden-kyoto_s23u_iso200-f4p9_20231107-143950_4000x3000.sdr.s1024	768	1024	1400	svt-av1-v4.1.0	p1t4	45	27511	0.27986	46.68577186	4208	2.882657218817075	8.792706489562988
1438_nature_orange-flowers-closeup_kyoto-botanical-garden-kyoto_s23u_iso200-f4p9_20231107-143950_4000x3000.sdr.s1024	768	1024	1400	svt-av1-v4.1.0	p1t4	55	12820	0.13041	14.21551353	3164	4.397888762620393	14.5380859375
1438_nature_orange-flowers-closeup_kyoto-botanical-garden-kyoto_s23u_iso200-f4p9_20231107-143950_4000x3000.sdr.s1024	768	1024	1400	svt-av1-v4.1.0	p1t4	65	5613	0.05710	-29.73539766	1794	7.93388096945215	25.506397247314453
1438_nature_orange-flowers-closeup_kyoto-botanical-garden-kyoto_s23u_iso200-f4p9_20231107-143950_4000x3000.sdr.s1024	768	1024	1400	svt-av1-v4.1.0	p2t4	15	150732	1.53333	79.88424650	1461	1.6319655046868025	5.277740478515625
1438_nature_orange-flowers-closeup_kyoto-botanical-garden-kyoto_s23u_iso200-f4p9_20231107-143950_4000x3000.sdr.s1024	768	1024	1400	svt-av1-v4.1.0	p2t4	25	98726	1.00429	75.75798364	2098	1.7588263019844348	5.466219425201416
1438_nature_orange-flowers-closeup_kyoto-botanical-garden-kyoto_s23u_iso200-f4p9_20231107-143950_4000x3000.sdr.s1024	768	1024	1400	svt-av1-v4.1.0	p2t4	35	55987	0.56953	66.72422030	2027	2.0625891993879946	6.430076599121094
1438_nature_orange-flowers-closeup_kyoto-botanical-garden-kyoto_s23u_iso200-f4p9_20231107-143950_4000x3000.sdr.s1024	768	1024	1400	svt-av1-v4.1.0	p2t4	45	27577	0.28053	45.59529185	1643	3.0679982678957685	11.343188285827637
1438_nature_orange-flowers-closeup_kyoto-botanical-garden-kyoto_s23u_iso200-f4p9_20231107-143950_4000x3000.sdr.s1024	768	1024	1400	svt-av1-v4.1.0	p2t4	55	12775	0.12995	13.97402025	2413	4.297179230211295	12.52329158782959
1438_nature_orange-flowers-closeup_kyoto-botanical-garden-kyoto_s23u_iso200-f4p9_20231107-143950_4000x3000.sdr.s1024	768	1024	1400	svt-av1-v4.1.0	p2t4	65	5708	0.05806	-29.18091433	1911	8.1406070336137	26.2834415435791
1438_nature_orange-flowers-closeup_kyoto-botanical-garden-kyoto_s23u_iso200-f4p9_20231107-143950_4000x3000.sdr.s1024	768	1024	1400	svt-av1-v4.1.0	p6t4	15	154686	1.57355	79.23921459	246	1.672534246419812	5.519199371337891
1438_nature_orange-flowers-closeup_kyoto-botanical-garden-kyoto_s23u_iso200-f4p9_20231107-143950_4000x3000.sdr.s1024	768	1024	1400	svt-av1-v4.1.0	p6t4	25	104154	1.05951	75.82517634	228	1.7190837377050634	5.442298412322998
1438_nature_orange-flowers-closeup_kyoto-botanical-garden-kyoto_s23u_iso200-f4p9_20231107-143950_4000x3000.sdr.s1024	768	1024	1400	svt-av1-v4.1.0	p6t4	35	59975	0.61010	66.02919782	140	2.0535591264939748	6.597403526306152
1438_nature_orange-flowers-closeup_kyoto-botanical-garden-kyoto_s23u_iso200-f4p9_20231107-143950_4000x3000.sdr.s1024	768	1024	1400	svt-av1-v4.1.0	p6t4	45	30145	0.30665	44.51792027	105	2.8223108513898065	8.641462326049805
1438_nature_orange-flowers-closeup_kyoto-botanical-garden-kyoto_s23u_iso200-f4p9_20231107-143950_4000x3000.sdr.s1024	768	1024	1400	svt-av1-v4.1.0	p6t4	55	14235	0.14481	10.17998178	89	4.882965814443563	17.55169677734375
1438_nature_orange-flowers-closeup_kyoto-botanical-garden-kyoto_s23u_iso200-f4p9_20231107-143950_4000x3000.sdr.s1024	768	1024	1400	svt-av1-v4.1.0	p6t4	65	6262	0.06370	-32.39587545	58	8.115912925935467	23.26422691345215
1438_nature_orange-flowers-closeup_kyoto-botanical-garden-kyoto_s23u_iso200-f4p9_20231107-143950_4000x3000.sdr.s1024	768	1024	1400	svt-av1-v4.1.0	p10t4	15	163545	1.66367	78.65287766	54	1.6401634138026093	5.161060810089111
1438_nature_orange-flowers-closeup_kyoto-botanical-garden-kyoto_s23u_iso200-f4p9_20231107-143950_4000x3000.sdr.s1024	768	1024	1400	svt-av1-v4.1.0	p10t4	25	111001	1.12916	74.45368153	42	1.7885008593188783	5.656549453735352
1438_nature_orange-flowers-closeup_kyoto-botanical-garden-kyoto_s23u_iso200-f4p9_20231107-143950_4000x3000.sdr.s1024	768	1024	1400	svt-av1-v4.1.0	p10t4	35	63701	0.64800	64.57765590	53	2.1126925615301135	6.48652458190918
1438_nature_orange-flowers-closeup_kyoto-botanical-garden-kyoto_s23u_iso200-f4p9_20231107-143950_4000x3000.sdr.s1024	768	1024	1400	svt-av1-v4.1.0	p10t4	45	32002	0.32554	43.41476140	35	3.0645567373979383	9.403399467468262
1438_nature_orange-flowers-closeup_kyoto-botanical-garden-kyoto_s23u_iso200-f4p9_20231107-143950_4000x3000.sdr.s1024	768	1024	1400	svt-av1-v4.1.0	p10t4	55	14724	0.14978	8.28508780	32	5.04357982234247	17.965103149414062
1438_nature_orange-flowers-closeup_kyoto-botanical-garden-kyoto_s23u_iso200-f4p9_20231107-143950_4000x3000.sdr.s1024	768	1024	1400	svt-av1-v4.1.0	p10t4	65	6866	0.06984	-30.73281236	26	7.799090431765556	24.209278106689453
1438_nature_orange-flowers-closeup_kyoto-botanical-garden-kyoto_s23u_iso200-f4p9_20231107-143950_4000x3000.sdr.s1024	768	1024	1400	svt-av1-v4.1.0	p6t1	15	127911	1.30118	77.06836055	190	1.7104294070483685	5.516635417938232
1438_nature_orange-flowers-closeup_kyoto-botanical-garden-kyoto_s23u_iso200-f4p9_20231107-143950_4000x3000.sdr.s1024	768	1024	1400	svt-av1-v4.1.0	p6t1	25	80422	0.81809	70.75616414	163	1.8422503513692927	5.5548248291015625
1438_nature_orange-flowers-closeup_kyoto-botanical-garden-kyoto_s23u_iso200-f4p9_20231107-143950_4000x3000.sdr.s1024	768	1024	1400	svt-av1-v4.1.0	p6t1	35	45834	0.46625	56.51205118	144	2.3310700161278457	6.805699825286865
1438_nature_orange-flowers-closeup_kyoto-botanical-garden-kyoto_s23u_iso200-f4p9_20231107-143950_4000x3000.sdr.s1024	768	1024	1400	svt-av1-v4.1.0	p6t1	45	21932	0.22310	27.69288646	139	3.5523598070846654	9.879329681396484
1438_nature_orange-flowers-closeup_kyoto-botanical-garden-kyoto_s23u_iso200-f4p9_20231107-143950_4000x3000.sdr.s1024	768	1024	1400	svt-av1-v4.1.0	p6t1	55	9165	0.09323	-12.97600164	87	6.1424610247706015	18.725658416748047
1438_nature_orange-flowers-closeup_kyoto-botanical-garden-kyoto_s23u_iso200-f4p9_20231107-143950_4000x3000.sdr.s1024	768	1024	1400	svt-av1-v4.1.0	p6t1	65	1807	0.01838	-64.22911011	60	16.100492113845586	44.40251922607422
8302_web-screenshots_nih-recipes-keep-the-beat_dpr1_page1_375x667.sdr.s1024	374	666	8100	svt-av1-v4.1.0	p0t4	15	21541	0.69185	77.33660339	750	1.4406749763851925	4.658299922943115
8302_web-screenshots_nih-recipes-keep-the-beat_dpr1_page1_375x667.sdr.s1024	374	666	8100	svt-av1-v4.1.0	p0t4	25	18042	0.57947	76.55254362	878	1.459099982988813	4.761228561401367
8302_web-screenshots_nih-recipes-keep-the-beat_dpr1_page1_375x667.sdr.s1024	374	666	8100	svt-av1-v4.1.0	p0t4	35	14883	0.47801	75.48661455	1159	1.5415743765085617	5.051034450531006
8302_web-screenshots_nih-recipes-keep-the-beat_dpr1_page1_375x667.sdr.s1024	374	666	8100	svt-av1-v4.1.0	p0t4	45	11028	0.35419	70.23392925	1525	1.9874234497713879	6.9077558517456055
8302_web-screenshots_nih-recipes-keep-the-beat_dpr1_page1_375x667.sdr.s1024	374	666	8100	svt-av1-v4.1.0	p0t4	55	7169	0.23025	54.16548461	1976	2.9922421923714566	8.526419639587402
8302_web-screenshots_nih-recipes-keep-the-beat_dpr1_page1_375x667.sdr.s1024	374	666	8100	svt-av1-v4.1.0	p0t4	65	2759	0.08861	-7.04071832	1353	8.924435407150094	26.920656204223633
8302_web-screenshots_nih-recipes-keep-the-beat_dpr1_page1_375x667.sdr.s1024	374	666	8100	svt-av1-v4.1.0	p1t4	15	21593	0.69352	77.34257788	374	1.4372309058357093	4.6945576667785645
8302_web-screenshots_nih-recipes-keep-the-beat_dpr1_page1_375x667.sdr.s1024	374	666	8100	svt-av1-v4.1.0	p1t4	25	17977	0.57738	76.45786471	633	1.436442933232124	4.660669803619385
8302_web-screenshots_nih-recipes-keep-the-beat_dpr1_page1_375x667.sdr.s1024	374	666	8100	svt-av1-v4.1.0	p1t4	35	15034	0.48286	74.97330952	740	1.5467192200124966	5.037033557891846
8302_web-screenshots_nih-recipes-keep-the-beat_dpr1_page1_375x667.sdr.s1024	374	666	8100	svt-av1-v4.1.0	p1t4	45	11119	0.35712	69.39994182	802	1.7765196526292641	6.019410610198975
8302_web-screenshots_nih-recipes-keep-the-beat_dpr1_page1_375x667.sdr.s1024	374	666	8100	svt-av1-v4.1.0	p1t4	55	7229	0.23218	54.49723095	882	2.9890698318826376	8.643310546875
8302_web-screenshots_nih-recipes-keep-the-beat_dpr1_page1_375x667.sdr.s1024	374	666	8100	svt-av1-v4.1.0	p1t4	65	2794	0.08974	-6.00239415	780	8.603313469675264	25.937528610229492
8302_web-screenshots_nih-recipes-keep-the-beat_dpr1_page1_375x667.sdr.s1024	374	666	8100	svt-av1-v4.1.0	p2t4	15	21930	0.70434	77.20461155	216	1.4468616138343562	4.716133117675781
8302_web-screenshots_nih-recipes-keep-the-beat_dpr1_page1_375x667.sdr.s1024	374	666	8100	svt-av1-v4.1.0	p2t4	25	18210	0.58486	76.59614439	311	1.4322496626526566	4.66435432434082
8302_web-screenshots_nih-recipes-keep-the-beat_dpr1_page1_375x667.sdr.s1024	374	666	8100	svt-av1-v4.1.0	p2t4	35	15030	0.48273	75.00966308	283	1.5457462969757223	5.023849010467529
8302_web-screenshots_nih-recipes-keep-the-beat_dpr1_page1_375x667.sdr.s1024	374	666	8100	svt-av1-v4.1.0	p2t4	45	11052	0.35496	68.71652796	688	1.9266886140305914	7.2010040283203125
8302_web-screenshots_nih-recipes-keep-the-beat_dpr1_page1_375x667.sdr.s1024	374	666	8100	svt-av1-v4.1.0	p2t4	55	7281	0.23385	54.29221031	680	3.0983320558906726	8.405476570129395
8302_web-screenshots_nih-recipes-keep-the-beat_dpr1_page1_375x667.sdr.s1024	374	666	8100	svt-av1-v4.1.0	p2t4	65	2817	0.09048	-5.92261435	640	8.67319372904163	26.46927833557129
8302_web-screenshots_nih-recipes-keep-the-beat_dpr1_page1_375x667.sdr.s1024	374	666	8100	svt-av1-v4.1.0	p6t4	15	25913	0.83227	77.12801265	46	1.4554197817077423	4.787027835845947
8302_web-screenshots_nih-recipes-keep-the-beat_dpr1_page1_375x667.sdr.s1024	374	666	8100	svt-av1-v4.1.0	p6t4	25	21464	0.68937	75.85133452	54	1.4642443928256155	4.720297813415527
8302_web-screenshots_nih-recipes-keep-the-beat_dpr1_page1_375x667.sdr.s1024	374	666	8100	svt-av1-v4.1.0	p6t4	35	16980	0.54536	74.18689751	75	1.4920712231887174	4.80633020401001
8302_web-screenshots_nih-recipes-keep-the-beat_dpr1_page1_375x667.sdr.s1024	374	666	8100	svt-av1-v4.1.0	p6t4	45	11724	0.37655	65.17812511	57	2.024583802715238	5.980223655700684
8302_web-screenshots_nih-recipes-keep-the-beat_dpr1_page1_375x667.sdr.s1024	374	666	8100	svt-av1-v4.1.0	p6t4	55	7126	0.22887	44.87081252	56	4.01160836034024	12.891256332397461
8302_web-screenshots_nih-recipes-keep-the-beat_dpr1_page1_375x667.sdr.s1024	374	666	8100	svt-av1-v4.1.0	p6t4	65	2924	0.09391	-11.66811543	42	8.857123178300446	26.028093338012695
8302_web-screenshots_nih-recipes-keep-the-beat_dpr1_page1_375x667.sdr.s1024	374	666	8100	svt-av1-v4.1.0	p10t4	15	38799	1.24613	75.76697798	20	1.4962434610862747	4.75015115737915
8302_web-screenshots_nih-recipes-keep-the-beat_dpr1_page1_375x667.sdr.s1024	374	666	8100	svt-av1-v4.1.0	p10t4	25	32470	1.04286	73.36579957	24	1.5643482297239224	5.062856674194336
8302_web-screenshots_nih-recipes-keep-the-beat_dpr1_page1_375x667.sdr.s1024	374	666	8100	svt-av1-v4.1.0	p10t4	35	23279	0.74767	66.58743801	17	1.8755100528114828	6.060850143432617
8302_web-screenshots_nih-recipes-keep-the-beat_dpr1_page1_375x667.sdr.s1024	374	666	8100	svt-av1-v4.1.0	p10t4	45	14642	0.47027	51.26429549	18	3.032851951151016	8.8433837890625
8302_web-screenshots_nih-recipes-keep-the-beat_dpr1_page1_375x667.sdr.s1024	374	666	8100	svt-av1-v4.1.0	p10t4	55	8123	0.26089	31.14585159	18	5.303434324818807	15.413387298583984
8302_web-screenshots_nih-recipes-keep-the-beat_dpr1_page1_375x667.sdr.s1024	374	666	8100	svt-av1-v4.1.0	p10t4	65	4066	0.13059	0.94223494	14	8.026832745805365	23.03073501586914
8302_web-screenshots_nih-recipes-keep-the-beat_dpr1_page1_375x667.sdr.s1024	374	666	8100	svt-av1-v4.1.0	p6t1	15	25156	0.80795	76.75734761	64	1.4606931939340475	4.7504353523254395
8302_web-screenshots_nih-recipes-keep-the-beat_dpr1_page1_375x667.sdr.s1024	374	666	8100	svt-av1-v4.1.0	p6t1	25	20383	0.65465	75.68911411	43	1.4877866248306983	4.852592468261719
8302_web-screenshots_nih-recipes-keep-the-beat_dpr1_page1_375x667.sdr.s1024	374	666	8100	svt-av1-v4.1.0	p6t1	35	15712	0.50463	72.68623096	44	1.743639145748853	5.340665340423584
8302_web-screenshots_nih-recipes-keep-the-beat_dpr1_page1_375x667.sdr.s1024	374	666	8100	svt-av1-v4.1.0	p6t1	45	10988	0.35291	62.44860117	43	2.0950255908850948	5.777511119842529
8302_web-screenshots_nih-recipes-keep-the-beat_dpr1_page1_375x667.sdr.s1024	374	666	8100	svt-av1-v4.1.0	p6t1	55	6796	0.21827	40.49406971	48	4.060174749937302	11.755683898925781
8302_web-screenshots_nih-recipes-keep-the-beat_dpr1_page1_375x667.sdr.s1024	374	666	8100	svt-av1-v4.1.0	p6t1	65	738	0.02370	-53.48590114	33	14.270041247901105	43.00177001953125
6096_scans-patents_martha-jones-us77494-rescan-gray_p002_2479x3230.sdr.s1024	786	1024	6000	svt-av1-v4.1.0	p0t4	15	112437	1.11758	91.68876432	2761	0.28963374626192406	1.1638221740722656
6096_scans-patents_martha-jones-us77494-rescan-gray_p002_2479x3230.sdr.s1024	786	1024	6000	svt-av1-v4.1.0	p0t4	25	92953	0.92391	89.63121225	3659	0.46447132954603326	2.0470285415649414
6096_scans-patents_martha-jones-us77494-rescan-gray_p002_2479x3230.sdr.s1024	786	1024	6000	svt-av1-v4.1.0	p0t4	35	73074	0.72632	85.69152259	3853	0.8061899583312933	3.087374210357666
6096_scans-patents_martha-jones-us77494-rescan-gray_p002_2479x3230.sdr.s1024	786	1024	6000	svt-av1-v4.1.0	p0t4	45	51759	0.51446	75.41277015	7139	1.5619815512041642	5.4657793045043945
6096_scans-patents_martha-jones-us77494-rescan-gray_p002_2479x3230.sdr.s1024	786	1024	6000	svt-av1-v4.1.0	p0t4	55	30719	0.30533	51.07394077	8227	3.212578562664376	9.722084999084473
6096_scans-patents_martha-jones-us77494-rescan-gray_p002_2479x3230.sdr.s1024	786	1024	6000	svt-av1-v4.1.0	p0t4	65	4078	0.04053	-28.16537826	2580	9.024383648700317	26.059497833251953
6096_scans-patents_martha-jones-us77494-rescan-gray_p002_2479x3230.sdr.s1024	786	1024	6000	svt-av1-v4.1.0	p1t4	15	112850	1.12168	91.73876249	1365	0.29122296678208714	1.1747199296951294
6096_scans-patents_martha-jones-us77494-rescan-gray_p002_2479x3230.sdr.s1024	786	1024	6000	svt-av1-v4.1.0	p1t4	25	93400	0.92836	89.32928198	1681	0.4648860231713985	2.0467162132263184
6096_scans-patents_martha-jones-us77494-rescan-gray_p002_2479x3230.sdr.s1024	786	1024	6000	svt-av1-v4.1.0	p1t4	35	73352	0.72909	85.31609605	2047	0.8353959005616808	3.4190921783447266
6096_scans-patents_martha-jones-us77494-rescan-gray_p002_2479x3230.sdr.s1024	786	1024	6000	svt-av1-v4.1.0	p1t4	45	52134	0.51819	73.85506617	3318	1.613744951885101	6.072476387023926
6096_scans-patents_martha-jones-us77494-rescan-gray_p002_2479x3230.sdr.s1024	786	1024	6000	svt-av1-v4.1.0	p1t4	55	31137	0.30949	50.33572738	4743	3.2686154009568487	9.855005264282227
6096_scans-patents_martha-jones-us77494-rescan-gray_p002_2479x3230.sdr.s1024	786	1024	6000	svt-av1-v4.1.0	p1t4	65	4124	0.04099	-28.03044985	1160	9.133845962489714	25.89138412475586
6096_scans-patents_martha-jones-us77494-rescan-gray_p002_2479x3230.sdr.s1024	786	1024	6000	svt-av1-v4.1.0	p2t4	15	113708	1.13021	90.79202985	902	0.4006552783557103	2.0462546348571777
6096_scans-patents_martha-jones-us77494-rescan-gray_p002_2479x3230.sdr.s1024	786	1024	6000	svt-av1-v4.1.0	p2t4	25	93870	0.93303	88.69236441	1286	0.5159528650947328	2.2795448303222656
6096_scans-patents_martha-jones-us77494-rescan-gray_p002_2479x3230.sdr.s1024	786	1024	6000	svt-av1-v4.1.0	p2t4	35	73634	0.73189	85.36504827	1452	0.8329273163723666	3.4221913814544678
6096_scans-patents_martha-jones-us77494-rescan-gray_p002_2479x3230.sdr.s1024	786	1024	6000	svt-av1-v4.1.0	p2t4	45	52616	0.52298	74.50155612	1985	1.6007636772366627	5.218438625335693
6096_scans-patents_martha-jones-us77494-rescan-gray_p002_2479x3230.sdr.s1024	786	1024	6000	svt-av1-v4.1.0	p2t4	55	30944	0.30757	49.09099280	3346	3.321834320977443	9.528571128845215
6096_scans-patents_martha-jones-us77494-rescan-gray_p002_2479x3230.sdr.s1024	786	1024	6000	svt-av1-v4.1.0	p2t4	65	4101	0.04076	-28.41885382	1163	9.151318535380616	26.165790557861328
6096_scans-patents_martha-jones-us77494-rescan-gray_p002_2479x3230.sdr.s1024	786	1024	6000	svt-av1-v4.1.0	p6t4	15	132505	1.31704	89.76760780	171	0.44481552149776116	2.045403480529785
6096_scans-patents_martha-jones-us77494-rescan-gray_p002_2479x3230.sdr.s1024	786	1024	6000	svt-av1-v4.1.0	p6t4	25	105483	1.04846	87.04938269	179	0.5888553506065634	2.2795448303222656
6096_scans-patents_martha-jones-us77494-rescan-gray_p002_2479x3230.sdr.s1024	786	1024	6000	svt-av1-v4.1.0	p6t4	35	80402	0.79916	77.87164620	179	1.2897155775812534	6.035859107971191
6096_scans-patents_martha-jones-us77494-rescan-gray_p002_2479x3230.sdr.s1024	786	1024	6000	svt-av1-v4.1.0	p6t4	45	53758	0.53433	61.09087376	153	2.3331342728260718	7.320520877838135
6096_scans-patents_martha-jones-us77494-rescan-gray_p002_2479x3230.sdr.s1024	786	1024	6000	svt-av1-v4.1.0	p6t4	55	25298	0.25145	30.72357591	116	4.786850798108609	12.79714298248291
6096_scans-patents_martha-jones-us77494-rescan-gray_p002_2479x3230.sdr.s1024	786	1024	6000	svt-av1-v4.1.0	p6t4	65	4097	0.04072	-28.85202825	78	9.086613845764203	24.63340950012207
6096_scans-patents_martha-jones-us77494-rescan-gray_p002_2479x3230.sdr.s1024	786	1024	6000	svt-av1-v4.1.0	p10t4	15	169552	1.68527	89.09617685	48	0.5580846037463929	2.0458133220672607
6096_scans-patents_martha-jones-us77494-rescan-gray_p002_2479x3230.sdr.s1024	786	1024	6000	svt-av1-v4.1.0	p10t4	25	135456	1.34637	85.16869368	48	0.8738134397132059	3.0793404579162598
6096_scans-patents_martha-jones-us77494-rescan-gray_p002_2479x3230.sdr.s1024	786	1024	6000	svt-av1-v4.1.0	p10t4	35	90574	0.90027	72.96701677	43	1.6692918100400806	4.620924472808838
6096_scans-patents_martha-jones-us77494-rescan-gray_p002_2479x3230.sdr.s1024	786	1024	6000	svt-av1-v4.1.0	p10t4	45	51329	0.51019	54.05156312	46	3.104203264335533	8.95669937133789
6096_scans-patents_martha-jones-us77494-rescan-gray_p002_2479x3230.sdr.s1024	786	1024	6000	svt-av1-v4.1.0	p10t4	55	22720	0.22583	26.60447895	36	5.2633034138074155	13.509753227233887
6096_scans-patents_martha-jones-us77494-rescan-gray_p002_2479x3230.sdr.s1024	786	1024	6000	svt-av1-v4.1.0	p10t4	65	7620	0.07574	-12.98503362	36	8.045046134009231	24.87938117980957
6096_scans-patents_martha-jones-us77494-rescan-gray_p002_2479x3230.sdr.s1024	786	1024	6000	svt-av1-v4.1.0	p6t1	15	159621	1.58656	89.81837537	139	0.4837206484407557	2.2795448303222656
6096_scans-patents_martha-jones-us77494-rescan-gray_p002_2479x3230.sdr.s1024	786	1024	6000	svt-av1-v4.1.0	p6t1	25	127374	1.26604	86.44626907	142	0.7283235868016567	3.223325490951538
6096_scans-patents_martha-jones-us77494-rescan-gray_p002_2479x3230.sdr.s1024	786	1024	6000	svt-av1-v4.1.0	p6t1	35	90073	0.89529	78.99760401	153	1.3441672418958113	6.434446334838867
6096_scans-patents_martha-jones-us77494-rescan-gray_p002_2479x3230.sdr.s1024	786	1024	6000	svt-av1-v4.1.0	p6t1	45	56178	0.55839	66.12326491	169	1.9111196116892382	6.6667399406433105
6096_scans-patents_martha-jones-us77494-rescan-gray_p002_2479x3230.sdr.s1024	786	1024	6000	svt-av1-v4.1.0	p6t1	55	30623	0.30438	34.69254396	115	4.276756142731973	16.162586212158203
6096_scans-patents_martha-jones-us77494-rescan-gray_p002_2479x3230.sdr.s1024	786	1024	6000	svt-av1-v4.1.0	p6t1	65	764	0.00759	-57.21278714	84	14.508380499446417	54.585914611816406
5048_nps_romo-2018-longs-peak-keyhole-route_gray_p01_2550x4200.sdr.s1024	622	1024	5000	svt-av1-v4.1.0	p0t4	15	114769	1.44153	88.67246549	3204	0.4634229763740429	1.1720082759857178
5048_nps_romo-2018-longs-peak-keyhole-route_gray_p01_2550x4200.sdr.s1024	622	1024	5000	svt-av1-v4.1.0	p0t4	25	90097	1.13164	84.33487423	4169	0.710332109056417	1.7140147686004639
5048_nps_romo-2018-longs-peak-keyhole-route_gray_p01_2550x4200.sdr.s1024	622	1024	5000	svt-av1-v4.1.0	p0t4	35	63691	0.79998	75.43015826	5818	1.174418806493043	3.569068193435669
5048_nps_romo-2018-longs-peak-keyhole-route_gray_p01_2550x4200.sdr.s1024	622	1024	5000	svt-av1-v4.1.0	p0t4	45	39015	0.49004	59.02690561	7849	2.0291409846533557	4.690472602844238
5048_nps_romo-2018-longs-peak-keyhole-route_gray_p01_2550x4200.sdr.s1024	622	1024	5000	svt-av1-v4.1.0	p0t4	55	18134	0.22777	26.41601921	8027	3.7580571471111264	9.922277450561523
5048_nps_romo-2018-longs-peak-keyhole-route_gray_p01_2550x4200.sdr.s1024	622	1024	5000	svt-av1-v4.1.0	p0t4	65	2887	0.03626	-35.22667988	2823	9.298560198261148	37.234107971191406
5048_nps_romo-2018-longs-peak-keyhole-route_gray_p01_2550x4200.sdr.s1024	622	1024	5000	svt-av1-v4.1.0	p1t4	15	114835	1.44236	88.58331592	1559	0.47189321365578807	1.2079685926437378
5048_nps_romo-2018-longs-peak-keyhole-route_gray_p01_2550x4200.sdr.s1024	622	1024	5000	svt-av1-v4.1.0	p1t4	25	90357	1.13491	84.60848590	2058	0.7134625319810195	2.230233907699585
5048_nps_romo-2018-longs-peak-keyhole-route_gray_p01_2550x4200.sdr.s1024	622	1024	5000	svt-av1-v4.1.0	p1t4	35	63765	0.80091	75.49756011	2876	1.1836366319089697	3.577503204345703
5048_nps_romo-2018-longs-peak-keyhole-route_gray_p01_2550x4200.sdr.s1024	622	1024	5000	svt-av1-v4.1.0	p1t4	45	39102	0.49113	58.76389436	4185	2.152284493294282	7.893570423126221
5048_nps_romo-2018-longs-peak-keyhole-route_gray_p01_2550x4200.sdr.s1024	622	1024	5000	svt-av1-v4.1.0	p1t4	55	18628	0.23397	25.42791720	3567	3.8450686725920544	10.307591438293457
5048_nps_romo-2018-longs-peak-keyhole-route_gray_p01_2550x4200.sdr.s1024	622	1024	5000	svt-av1-v4.1.0	p1t4	65	2858	0.03590	-36.08694001	1340	9.55915126104035	38.18252182006836
5048_nps_romo-2018-longs-peak-keyhole-route_gray_p01_2550x4200.sdr.s1024	622	1024	5000	svt-av1-v4.1.0	p2t4	15	115207	1.44703	88.23436581	981	0.4695056816757986	1.2240009307861328
5048_nps_romo-2018-longs-peak-keyhole-route_gray_p01_2550x4200.sdr.s1024	622	1024	5000	svt-av1-v4.1.0	p2t4	25	90428	1.13580	84.11908518	1429	0.7126174181874307	1.7997965812683105
5048_nps_romo-2018-longs-peak-keyhole-route_gray_p01_2550x4200.sdr.s1024	622	1024	5000	svt-av1-v4.1.0	p2t4	35	63873	0.80226	74.58104575	1894	1.2167438393550236	3.5497448444366455
5048_nps_romo-2018-longs-peak-keyhole-route_gray_p01_2550x4200.sdr.s1024	622	1024	5000	svt-av1-v4.1.0	p2t4	45	39549	0.49675	57.96335938	2077	2.1677705308975246	7.83439302444458
5048_nps_romo-2018-longs-peak-keyhole-route_gray_p01_2550x4200.sdr.s1024	622	1024	5000	svt-av1-v4.1.0	p2t4	55	18405	0.23117	24.85691013	3050	3.8877289636415995	10.750420570373535
5048_nps_romo-2018-longs-peak-keyhole-route_gray_p01_2550x4200.sdr.s1024	622	1024	5000	svt-av1-v4.1.0	p2t4	65	2882	0.03620	-36.31569539	1208	9.719652279487114	38.52146911621094
5048_nps_romo-2018-longs-peak-keyhole-route_gray_p01_2550x4200.sdr.s1024	622	1024	5000	svt-av1-v4.1.0	p6t4	15	121719	1.52883	86.84265509	184	0.5112350937941832	1.309037208557129
5048_nps_romo-2018-longs-peak-keyhole-route_gray_p01_2550x4200.sdr.s1024	622	1024	5000	svt-av1-v4.1.0	p6t4	25	95894	1.20446	82.84094366	190	0.7466839129864442	2.076713800430298
5048_nps_romo-2018-longs-peak-keyhole-route_gray_p01_2550x4200.sdr.s1024	622	1024	5000	svt-av1-v4.1.0	p6t4	35	66646	0.83709	71.66838166	172	1.2977156629221203	3.4983224868774414
5048_nps_romo-2018-longs-peak-keyhole-route_gray_p01_2550x4200.sdr.s1024	622	1024	5000	svt-av1-v4.1.0	p6t4	45	37982	0.47706	49.24848068	131	2.5278044066884493	7.857112884521484
5048_nps_romo-2018-longs-peak-keyhole-route_gray_p01_2550x4200.sdr.s1024	622	1024	5000	svt-av1-v4.1.0	p6t4	55	14524	0.18243	13.68999510	107	4.59094414448148	11.951414108276367
5048_nps_romo-2018-longs-peak-keyhole-route_gray_p01_2550x4200.sdr.s1024	622	1024	5000	svt-av1-v4.1.0	p6t4	65	2944	0.03698	-37.27672912	69	8.839271198492268	32.874298095703125
5048_nps_romo-2018-longs-peak-keyhole-route_gray_p01_2550x4200.sdr.s1024	622	1024	5000	svt-av1-v4.1.0	p10t4	15	145211	1.82389	85.18348946	42	0.6259705495067055	1.959618091583252
5048_nps_romo-2018-longs-peak-keyhole-route_gray_p01_2550x4200.sdr.s1024	622	1024	5000	svt-av1-v4.1.0	p10t4	25	112859	1.41754	80.31437139	41	1.0052865269541844	3.711592197418213
5048_nps_romo-2018-longs-peak-keyhole-route_gray_p01_2550x4200.sdr.s1024	622	1024	5000	svt-av1-v4.1.0	p10t4	35	70692	0.88791	66.15957485	42	1.72290726338945	5.409412384033203
5048_nps_romo-2018-longs-peak-keyhole-route_gray_p01_2550x4200.sdr.s1024	622	1024	5000	svt-av1-v4.1.0	p10t4	45	36329	0.45630	44.96664127	31	2.97223237889911	8.804807662963867
5048_nps_romo-2018-longs-peak-keyhole-route_gray_p01_2550x4200.sdr.s1024	622	1024	5000	svt-av1-v4.1.0	p10t4	55	14268	0.17921	9.20467990	37	4.944318747715701	13.633169174194336
5048_nps_romo-2018-longs-peak-keyhole-route_gray_p01_2550x4200.sdr.s1024	622	1024	5000	svt-av1-v4.1.0	p10t4	65	4460	0.05602	-33.12937490	29	7.6015803382163725	22.148521423339844
5048_nps_romo-2018-longs-peak-keyhole-route_gray_p01_2550x4200.sdr.s1024	622	1024	5000	svt-av1-v4.1.0	p6t1	15	132905	1.66933	86.98701710	176	0.568576835443848	1.5325429439544678
5048_nps_romo-2018-longs-peak-keyhole-route_gray_p01_2550x4200.sdr.s1024	622	1024	5000	svt-av1-v4.1.0	p6t1	25	101120	1.27010	81.33280534	163	0.9451207525887634	3.2949862480163574
5048_nps_romo-2018-longs-peak-keyhole-route_gray_p01_2550x4200.sdr.s1024	622	1024	5000	svt-av1-v4.1.0	p6t1	35	66343	0.83329	68.03985986	159	1.6253927197788034	4.289748191833496
5048_nps_romo-2018-longs-peak-keyhole-route_gray_p01_2550x4200.sdr.s1024	622	1024	5000	svt-av1-v4.1.0	p6t1	45	37674	0.47320	43.92928599	110	2.767096802157299	8.355670928955078
5048_nps_romo-2018-longs-peak-keyhole-route_gray_p01_2550x4200.sdr.s1024	622	1024	5000	svt-av1-v4.1.0	p6t1	55	14518	0.18235	1.08470807	88	5.124777261597619	16.503347396850586
5048_nps_romo-2018-longs-peak-keyhole-route_gray_p01_2550x4200.sdr.s1024	622	1024	5000	svt-av1-v4.1.0	p6t1	65	766	0.00962	-63.79037187	48	18.05154029955781	78.7645263671875
6606_scans-illustrations_haeckel-red-algae_plate0065_5015x7275.sdr.s1024	706	1024	6600	svt-av1-v4.1.0	p0t4	15	243170	2.69089	61.85950548	5508	2.84912955941941	7.535113334655762
6606_scans-illustrations_haeckel-red-algae_plate0065_5015x7275.sdr.s1024	706	1024	6600	svt-av1-v4.1.0	p0t4	25	172089	1.90431	60.70863344	7427	2.873458777349418	7.973440647125244
6606_scans-illustrations_haeckel-red-algae_plate0065_5015x7275.sdr.s1024	706	1024	6600	svt-av1-v4.1.0	p0t4	35	108126	1.19651	56.56983945	8557	3.0575697693567254	8.552549362182617
6606_scans-illustrations_haeckel-red-algae_plate0065_5015x7275.sdr.s1024	706	1024	6600	svt-av1-v4.1.0	p0t4	45	55701	0.61638	47.77413203	12056	3.624516930295695	11.711562156677246
6606_scans-illustrations_haeckel-red-algae_plate0065_5015x7275.sdr.s1024	706	1024	6600	svt-av1-v4.1.0	p0t4	55	24806	0.27450	25.42934204	12045	4.735120080603931	12.399386405944824
6606_scans-illustrations_haeckel-red-algae_plate0065_5015x7275.sdr.s1024	706	1024	6600	svt-av1-v4.1.0	p0t4	65	6393	0.07074	-38.16048390	3543	11.519862057197463	38.31161117553711
6606_scans-illustrations_haeckel-red-algae_plate0065_5015x7275.sdr.s1024	706	1024	6600	svt-av1-v4.1.0	p1t4	15	245203	2.71338	61.72920251	3425	2.860904584883354	7.469524383544922
6606_scans-illustrations_haeckel-red-algae_plate0065_5015x7275.sdr.s1024	706	1024	6600	svt-av1-v4.1.0	p1t4	25	174015	1.92563	60.41579405	4173	2.907236736941687	8.059820175170898
6606_scans-illustrations_haeckel-red-algae_plate0065_5015x7275.sdr.s1024	706	1024	6600	svt-av1-v4.1.0	p1t4	35	109611	1.21294	55.80957389	4486	3.102188348881196	8.419610023498535
6606_scans-illustrations_haeckel-red-algae_plate0065_5015x7275.sdr.s1024	706	1024	6600	svt-av1-v4.1.0	p1t4	45	56135	0.62118	47.00037051	6635	3.5384930451693193	9.855887413024902
6606_scans-illustrations_haeckel-red-algae_plate0065_5015x7275.sdr.s1024	706	1024	6600	svt-av1-v4.1.0	p1t4	55	24567	0.27186	24.73824513	5469	4.826001383058382	13.43043327331543
6606_scans-illustrations_haeckel-red-algae_plate0065_5015x7275.sdr.s1024	706	1024	6600	svt-av1-v4.1.0	p1t4	65	6360	0.07038	-38.48265209	1749	11.541098348201913	38.337928771972656
6606_scans-illustrations_haeckel-red-algae_plate0065_5015x7275.sdr.s1024	706	1024	6600	svt-av1-v4.1.0	p2t4	15	243952	2.69954	61.77351295	2123	2.850124061252991	7.323133945465088
6606_scans-illustrations_haeckel-red-algae_plate0065_5015x7275.sdr.s1024	706	1024	6600	svt-av1-v4.1.0	p2t4	25	174470	1.93066	60.55594664	3059	2.8806096674763304	7.927075386047363
6606_scans-illustrations_haeckel-red-algae_plate0065_5015x7275.sdr.s1024	706	1024	6600	svt-av1-v4.1.0	p2t4	35	109069	1.20694	55.98194392	2810	3.118662630263909	9.006830215454102
6606_scans-illustrations_haeckel-red-algae_plate0065_5015x7275.sdr.s1024	706	1024	6600	svt-av1-v4.1.0	p2t4	45	55358	0.61258	46.87391178	3171	3.6314355351847687	10.369624137878418
6606_scans-illustrations_haeckel-red-algae_plate0065_5015x7275.sdr.s1024	706	1024	6600	svt-av1-v4.1.0	p2t4	55	24361	0.26958	24.43593215	4897	4.771787888886712	12.06053352355957
6606_scans-illustrations_haeckel-red-algae_plate0065_5015x7275.sdr.s1024	706	1024	6600	svt-av1-v4.1.0	p2t4	65	6418	0.07102	-38.05680283	1758	11.336661887263295	38.278465270996094
6606_scans-illustrations_haeckel-red-algae_plate0065_5015x7275.sdr.s1024	706	1024	6600	svt-av1-v4.1.0	p6t4	15	245159	2.71290	61.57835605	369	2.8656578041605325	7.540043830871582
6606_scans-illustrations_haeckel-red-algae_plate0065_5015x7275.sdr.s1024	706	1024	6600	svt-av1-v4.1.0	p6t4	25	176626	1.95452	59.90922324	358	2.879612216048553	7.4343953132629395
6606_scans-illustrations_haeckel-red-algae_plate0065_5015x7275.sdr.s1024	706	1024	6600	svt-av1-v4.1.0	p6t4	35	108170	1.19699	55.33086410	236	3.136111264538714	8.417367935180664
6606_scans-illustrations_haeckel-red-algae_plate0065_5015x7275.sdr.s1024	706	1024	6600	svt-av1-v4.1.0	p6t4	45	52886	0.58523	44.81788173	170	3.640475872353727	9.502108573913574
6606_scans-illustrations_haeckel-red-algae_plate0065_5015x7275.sdr.s1024	706	1024	6600	svt-av1-v4.1.0	p6t4	55	22218	0.24586	19.34966606	122	5.384824520924237	16.877676010131836
6606_scans-illustrations_haeckel-red-algae_plate0065_5015x7275.sdr.s1024	706	1024	6600	svt-av1-v4.1.0	p6t4	65	6678	0.07390	-40.68602709	67	11.584334793380613	38.638145446777344
6606_scans-illustrations_haeckel-red-algae_plate0065_5015x7275.sdr.s1024	706	1024	6600	svt-av1-v4.1.0	p10t4	15	259605	2.87275	61.45390013	68	2.9130165513727646	7.7189836502075195
6606_scans-illustrations_haeckel-red-algae_plate0065_5015x7275.sdr.s1024	706	1024	6600	svt-av1-v4.1.0	p10t4	25	189276	2.09450	58.46147145	77	3.016987174735641	7.7093024253845215
6606_scans-illustrations_haeckel-red-algae_plate0065_5015x7275.sdr.s1024	706	1024	6600	svt-av1-v4.1.0	p10t4	35	110632	1.22424	50.59932634	67	3.501415081068943	8.91865348815918
6606_scans-illustrations_haeckel-red-algae_plate0065_5015x7275.sdr.s1024	706	1024	6600	svt-av1-v4.1.0	p10t4	45	54720	0.60552	33.26710119	43	5.041703313921533	15.796954154968262
6606_scans-illustrations_haeckel-red-algae_plate0065_5015x7275.sdr.s1024	706	1024	6600	svt-av1-v4.1.0	p10t4	55	23743	0.26274	5.16668216	30	7.4345492247564975	19.914127349853516
6606_scans-illustrations_haeckel-red-algae_plate0065_5015x7275.sdr.s1024	706	1024	6600	svt-av1-v4.1.0	p10t4	65	9415	0.10419	-32.14316389	30	11.148821334828204	32.03321075439453
6606_scans-illustrations_haeckel-red-algae_plate0065_5015x7275.sdr.s1024	706	1024	6600	svt-av1-v4.1.0	p6t1	15	259573	2.87240	61.36669682	316	2.859560579025029	7.487287521362305
6606_scans-illustrations_haeckel-red-algae_plate0065_5015x7275.sdr.s1024	706	1024	6600	svt-av1-v4.1.0	p6t1	25	184866	2.04570	59.34462309	292	2.895681520046932	7.802085876464844
6606_scans-illustrations_haeckel-red-algae_plate0065_5015x7275.sdr.s1024	706	1024	6600	svt-av1-v4.1.0	p6t1	35	115206	1.27485	53.20224183	264	3.1225797028647513	9.1559419631958
6606_scans-illustrations_haeckel-red-algae_plate0065_5015x7275.sdr.s1024	706	1024	6600	svt-av1-v4.1.0	p6t1	45	58737	0.64998	40.75111907	188	3.63124581762044	9.345222473144531
6606_scans-illustrations_haeckel-red-algae_plate0065_5015x7275.sdr.s1024	706	1024	6600	svt-av1-v4.1.0	p6t1	55	23317	0.25802	11.44713570	162	5.8056414454163106	16.910934448242188
6606_scans-illustrations_haeckel-red-algae_plate0065_5015x7275.sdr.s1024	706	1024	6600	svt-av1-v4.1.0	p6t1	65	2632	0.02913	-62.68472496	62	14.610267151298238	40.209896087646484
9074_gen_clipart_teapot-classic_1024x1536.sdr.s1024	682	1024	9000	svt-av1-v4.1.0	p0t4	15	19649	0.22508	86.89682900	975	0.6082164669901445	2.1151797771453857
9074_gen_clipart_teapot-classic_1024x1536.sdr.s1024	682	1024	9000	svt-av1-v4.1.0	p0t4	25	14917	0.17088	85.99763657	1128	0.6394369605410432	2.13736891746521
9074_gen_clipart_teapot-classic_1024x1536.sdr.s1024	682	1024	9000	svt-av1-v4.1.0	p0t4	35	10899	0.12485	82.62160407	1028	0.8341153696945884	3.4581968784332275
9074_gen_clipart_teapot-classic_1024x1536.sdr.s1024	682	1024	9000	svt-av1-v4.1.0	p0t4	45	6651	0.07619	74.77869704	1187	1.4762028925899238	5.467444896697998
9074_gen_clipart_teapot-classic_1024x1536.sdr.s1024	682	1024	9000	svt-av1-v4.1.0	p0t4	55	3655	0.04187	58.67395972	1194	2.87024004043208	12.013518333435059
9074_gen_clipart_teapot-classic_1024x1536.sdr.s1024	682	1024	9000	svt-av1-v4.1.0	p0t4	65	1893	0.02168	30.00936866	1170	6.380334723143872	23.457727432250977
9074_gen_clipart_teapot-classic_1024x1536.sdr.s1024	682	1024	9000	svt-av1-v4.1.0	p1t4	15	19750	0.22624	86.97475954	703	0.6146570584524006	2.0831527709960938
9074_gen_clipart_teapot-classic_1024x1536.sdr.s1024	682	1024	9000	svt-av1-v4.1.0	p1t4	25	15048	0.17238	85.92856890	795	0.6453632756544423	2.2019202709198
9074_gen_clipart_teapot-classic_1024x1536.sdr.s1024	682	1024	9000	svt-av1-v4.1.0	p1t4	35	11108	0.12725	82.62133658	768	0.8328394971586471	3.004307270050049
9074_gen_clipart_teapot-classic_1024x1536.sdr.s1024	682	1024	9000	svt-av1-v4.1.0	p1t4	45	6570	0.07526	74.20391127	729	1.5872340126620657	6.708866596221924
9074_gen_clipart_teapot-classic_1024x1536.sdr.s1024	682	1024	9000	svt-av1-v4.1.0	p1t4	55	3674	0.04209	59.37654332	1045	2.7933290947713076	9.801789283752441
9074_gen_clipart_teapot-classic_1024x1536.sdr.s1024	682	1024	9000	svt-av1-v4.1.0	p1t4	65	1917	0.02196	28.39727785	555	6.560995462147592	25.095462799072266
9074_gen_clipart_teapot-classic_1024x1536.sdr.s1024	682	1024	9000	svt-av1-v4.1.0	p2t4	15	20086	0.23009	86.94181471	308	0.6104611555277305	2.181241989135742
9074_gen_clipart_teapot-classic_1024x1536.sdr.s1024	682	1024	9000	svt-av1-v4.1.0	p2t4	25	15327	0.17558	85.87694032	343	0.6374542091242216	2.120481014251709
9074_gen_clipart_teapot-classic_1024x1536.sdr.s1024	682	1024	9000	svt-av1-v4.1.0	p2t4	35	11019	0.12623	82.21707822	320	0.8496598567550206	2.983342409133911
9074_gen_clipart_teapot-classic_1024x1536.sdr.s1024	682	1024	9000	svt-av1-v4.1.0	p2t4	45	6674	0.07645	73.41940425	378	1.6818747254634083	6.964029312133789
9074_gen_clipart_teapot-classic_1024x1536.sdr.s1024	682	1024	9000	svt-av1-v4.1.0	p2t4	55	3818	0.04374	60.39620751	600	2.962194121018418	12.106359481811523
9074_gen_clipart_teapot-classic_1024x1536.sdr.s1024	682	1024	9000	svt-av1-v4.1.0	p2t4	65	1862	0.02133	31.46501805	501	7.512964369346704	33.70833206176758
9074_gen_clipart_teapot-classic_1024x1536.sdr.s1024	682	1024	9000	svt-av1-v4.1.0	p6t4	15	27667	0.31693	86.57989441	86	0.6139950629867574	2.1787824630737305
9074_gen_clipart_teapot-classic_1024x1536.sdr.s1024	682	1024	9000	svt-av1-v4.1.0	p6t4	25	21800	0.24973	85.73608315	83	0.6501955672827767	2.2471530437469482
9074_gen_clipart_teapot-classic_1024x1536.sdr.s1024	682	1024	9000	svt-av1-v4.1.0	p6t4	35	16069	0.18407	80.80602980	73	0.9031370306986576	3.4571034908294678
9074_gen_clipart_teapot-classic_1024x1536.sdr.s1024	682	1024	9000	svt-av1-v4.1.0	p6t4	45	10226	0.11714	70.20919127	54	1.7948368978811668	6.7957892417907715
9074_gen_clipart_teapot-classic_1024x1536.sdr.s1024	682	1024	9000	svt-av1-v4.1.0	p6t4	55	6096	0.06983	53.08686675	45	3.67242579423429	14.452047348022461
9074_gen_clipart_teapot-classic_1024x1536.sdr.s1024	682	1024	9000	svt-av1-v4.1.0	p6t4	65	3180	0.03643	21.72377606	51	7.757434462805011	28.22294044494629
9074_gen_clipart_teapot-classic_1024x1536.sdr.s1024	682	1024	9000	svt-av1-v4.1.0	p10t4	15	33479	0.38351	85.62093830	24	0.647013317579279	2.196981430053711
9074_gen_clipart_teapot-classic_1024x1536.sdr.s1024	682	1024	9000	svt-av1-v4.1.0	p10t4	25	26264	0.30086	83.27897322	29	0.7657847874544922	2.3418993949890137
9074_gen_clipart_teapot-classic_1024x1536.sdr.s1024	682	1024	9000	svt-av1-v4.1.0	p10t4	35	18960	0.21719	78.08093115	26	1.1624989062468238	4.442020893096924
9074_gen_clipart_teapot-classic_1024x1536.sdr.s1024	682	1024	9000	svt-av1-v4.1.0	p10t4	45	11620	0.13311	68.11786937	22	2.0533894316144194	8.613368034362793
9074_gen_clipart_teapot-classic_1024x1536.sdr.s1024	682	1024	9000	svt-av1-v4.1.0	p10t4	55	6650	0.07618	51.83224915	23	3.8122849062277226	17.238508224487305
9074_gen_clipart_teapot-classic_1024x1536.sdr.s1024	682	1024	9000	svt-av1-v4.1.0	p10t4	65	3797	0.04350	29.83394459	23	5.874243675940939	21.540233612060547
9074_gen_clipart_teapot-classic_1024x1536.sdr.s1024	682	1024	9000	svt-av1-v4.1.0	p6t1	15	26106	0.29905	86.62257654	65	0.6474714560897047	2.355905294418335
9074_gen_clipart_teapot-classic_1024x1536.sdr.s1024	682	1024	9000	svt-av1-v4.1.0	p6t1	25	19685	0.22550	84.65165683	81	0.7754527640719098	3.5712082386016846
9074_gen_clipart_teapot-classic_1024x1536.sdr.s1024	682	1024	9000	svt-av1-v4.1.0	p6t1	35	13503	0.15468	77.27437791	75	1.1303886407855688	3.9467546939849854
9074_gen_clipart_teapot-classic_1024x1536.sdr.s1024	682	1024	9000	svt-av1-v4.1.0	p6t1	45	8388	0.09609	59.20731625	53	2.3326527156721304	8.566221237182617
9074_gen_clipart_teapot-classic_1024x1536.sdr.s1024	682	1024	9000	svt-av1-v4.1.0	p6t1	55	4785	0.05481	35.79331005	54	4.046072364159887	13.60555648803711
9074_gen_clipart_teapot-classic_1024x1536.sdr.s1024	682	1024	9000	svt-av1-v4.1.0	p6t1	65	1331	0.01525	-22.95949425	53	13.532540149175984	51.13833236694336
8414_web-screenshots_lkml-lists-index_dpr1_page1_1280x800.sdr.s1024	1024	640	8100	svt-av1-v4.1.0	p0t4	15	102363	1.24955	77.94584124	2487	0.9866430869914652	2.650092363357544
8414_web-screenshots_lkml-lists-index_dpr1_page1_1280x800.sdr.s1024	1024	640	8100	svt-av1-v4.1.0	p0t4	25	80004	0.97661	75.36892302	3336	1.0516126594993092	2.6347098350524902
8414_web-screenshots_lkml-lists-index_dpr1_page1_1280x800.sdr.s1024	1024	640	8100	svt-av1-v4.1.0	p0t4	35	58652	0.71597	68.35369924	3525	1.3243700692700902	3.5403804779052734
8414_web-screenshots_lkml-lists-index_dpr1_page1_1280x800.sdr.s1024	1024	640	8100	svt-av1-v4.1.0	p0t4	45	40328	0.49229	51.38777332	5122	2.096497457279621	5.609298229217529
8414_web-screenshots_lkml-lists-index_dpr1_page1_1280x800.sdr.s1024	1024	640	8100	svt-av1-v4.1.0	p0t4	55	23631	0.28846	21.23365848	7430	3.840031155441275	11.268693923950195
8414_web-screenshots_lkml-lists-index_dpr1_page1_1280x800.sdr.s1024	1024	640	8100	svt-av1-v4.1.0	p0t4	65	2863	0.03495	-48.11624143	2251	9.607700385922387	28.774858474731445
8414_web-screenshots_lkml-lists-index_dpr1_page1_1280x800.sdr.s1024	1024	640	8100	svt-av1-v4.1.0	p1t4	15	102529	1.25157	77.83923094	1499	0.9892945611819192	2.533557653427124
8414_web-screenshots_lkml-lists-index_dpr1_page1_1280x800.sdr.s1024	1024	640	8100	svt-av1-v4.1.0	p1t4	25	80350	0.98083	75.42417880	1982	1.0592191095617263	3.029475450515747
8414_web-screenshots_lkml-lists-index_dpr1_page1_1280x800.sdr.s1024	1024	640	8100	svt-av1-v4.1.0	p1t4	35	58894	0.71892	68.06101119	2034	1.3703972395255841	4.2791900634765625
8414_web-screenshots_lkml-lists-index_dpr1_page1_1280x800.sdr.s1024	1024	640	8100	svt-av1-v4.1.0	p1t4	45	41001	0.50050	50.46099860	2891	2.108489665464139	5.696009635925293
8414_web-screenshots_lkml-lists-index_dpr1_page1_1280x800.sdr.s1024	1024	640	8100	svt-av1-v4.1.0	p1t4	55	24019	0.29320	20.20578069	3926	3.8270309912865126	10.744048118591309
8414_web-screenshots_lkml-lists-index_dpr1_page1_1280x800.sdr.s1024	1024	640	8100	svt-av1-v4.1.0	p1t4	65	2881	0.03517	-48.66942216	1083	9.808342239728644	31.482688903808594
8414_web-screenshots_lkml-lists-index_dpr1_page1_1280x800.sdr.s1024	1024	640	8100	svt-av1-v4.1.0	p2t4	15	103824	1.26738	77.74278953	1034	0.9878949834449541	2.2188894748687744
8414_web-screenshots_lkml-lists-index_dpr1_page1_1280x800.sdr.s1024	1024	640	8100	svt-av1-v4.1.0	p2t4	25	81072	0.98965	75.25335688	1487	1.0647737634756351	3.1053173542022705
8414_web-screenshots_lkml-lists-index_dpr1_page1_1280x800.sdr.s1024	1024	640	8100	svt-av1-v4.1.0	p2t4	35	59623	0.72782	67.21097907	1867	1.3455825050070374	3.5827505588531494
8414_web-screenshots_lkml-lists-index_dpr1_page1_1280x800.sdr.s1024	1024	640	8100	svt-av1-v4.1.0	p2t4	45	41274	0.50383	47.76189224	1731	2.210394522683827	5.9455885887146
8414_web-screenshots_lkml-lists-index_dpr1_page1_1280x800.sdr.s1024	1024	640	8100	svt-av1-v4.1.0	p2t4	55	24083	0.29398	18.02586965	3081	4.163373913193905	14.083592414855957
8414_web-screenshots_lkml-lists-index_dpr1_page1_1280x800.sdr.s1024	1024	640	8100	svt-av1-v4.1.0	p2t4	65	2904	0.03545	-48.04276975	1163	9.260042442904142	23.875608444213867
8414_web-screenshots_lkml-lists-index_dpr1_page1_1280x800.sdr.s1024	1024	640	8100	svt-av1-v4.1.0	p6t4	15	120926	1.47615	77.02797774	179	1.0082355647617554	2.3785886764526367
8414_web-screenshots_lkml-lists-index_dpr1_page1_1280x800.sdr.s1024	1024	640	8100	svt-av1-v4.1.0	p6t4	25	92567	1.12997	73.76764373	198	1.0875580945820869	2.6937925815582275
8414_web-screenshots_lkml-lists-index_dpr1_page1_1280x800.sdr.s1024	1024	640	8100	svt-av1-v4.1.0	p6t4	35	67023	0.81815	61.53371467	186	1.5438234003000273	4.102794647216797
8414_web-screenshots_lkml-lists-index_dpr1_page1_1280x800.sdr.s1024	1024	640	8100	svt-av1-v4.1.0	p6t4	45	42171	0.51478	36.65548345	162	2.961278886321549	7.393282413482666
8414_web-screenshots_lkml-lists-index_dpr1_page1_1280x800.sdr.s1024	1024	640	8100	svt-av1-v4.1.0	p6t4	55	19753	0.24113	2.89454849	99	5.354832819893866	13.522708892822266
8414_web-screenshots_lkml-lists-index_dpr1_page1_1280x800.sdr.s1024	1024	640	8100	svt-av1-v4.1.0	p6t4	65	2937	0.03585	-48.78678442	73	9.600625427289884	29.14515495300293
8414_web-screenshots_lkml-lists-index_dpr1_page1_1280x800.sdr.s1024	1024	640	8100	svt-av1-v4.1.0	p10t4	15	160637	1.96090	75.02767237	54	1.0826138302953583	2.2496349811553955
8414_web-screenshots_lkml-lists-index_dpr1_page1_1280x800.sdr.s1024	1024	640	8100	svt-av1-v4.1.0	p10t4	25	123246	1.50447	70.77641177	42	1.265106831634166	3.192715644836426
8414_web-screenshots_lkml-lists-index_dpr1_page1_1280x800.sdr.s1024	1024	640	8100	svt-av1-v4.1.0	p10t4	35	80602	0.98391	55.99197288	56	1.9775510661727704	4.74445104598999
8414_web-screenshots_lkml-lists-index_dpr1_page1_1280x800.sdr.s1024	1024	640	8100	svt-av1-v4.1.0	p10t4	45	43647	0.53280	34.73651248	38	3.44219998891185	9.2610445022583
8414_web-screenshots_lkml-lists-index_dpr1_page1_1280x800.sdr.s1024	1024	640	8100	svt-av1-v4.1.0	p10t4	55	18665	0.22784	-0.74871737	38	5.903483151462777	14.18628215789795
8414_web-screenshots_lkml-lists-index_dpr1_page1_1280x800.sdr.s1024	1024	640	8100	svt-av1-v4.1.0	p10t4	65	6070	0.07410	-39.07783349	28	8.844899001620034	24.467531204223633
8414_web-screenshots_lkml-lists-index_dpr1_page1_1280x800.sdr.s1024	1024	640	8100	svt-av1-v4.1.0	p6t1	15	132640	1.61914	76.56346986	193	1.002166143666687	2.7249648571014404
8414_web-screenshots_lkml-lists-index_dpr1_page1_1280x800.sdr.s1024	1024	640	8100	svt-av1-v4.1.0	p6t1	25	101537	1.23947	69.28632461	169	1.2168098977490116	3.897085189819336
8414_web-screenshots_lkml-lists-index_dpr1_page1_1280x800.sdr.s1024	1024	640	8100	svt-av1-v4.1.0	p6t1	35	69448	0.84775	55.38172857	184	1.719747174722657	4.726495265960693
8414_web-screenshots_lkml-lists-index_dpr1_page1_1280x800.sdr.s1024	1024	640	8100	svt-av1-v4.1.0	p6t1	45	42748	0.52183	34.20798589	144	2.9185617720670245	9.42927360534668
8414_web-screenshots_lkml-lists-index_dpr1_page1_1280x800.sdr.s1024	1024	640	8100	svt-av1-v4.1.0	p6t1	55	22149	0.27037	-6.17001957	105	5.083925188053218	14.658992767333984
8414_web-screenshots_lkml-lists-index_dpr1_page1_1280x800.sdr.s1024	1024	640	8100	svt-av1-v4.1.0	p6t1	65	557	0.00680	-62.08326935	56	13.092820049629395	40.64897155761719
9678_gen_products-grocery_cereal-box-coral_p0439_1024x1536.sdr.s1024	682	1024	9226	svt-av1-v4.1.0	p0t4	15	73397	0.84078	82.64092654	2604	1.0308182047845487	2.8052866458892822
9678_gen_products-grocery_cereal-box-coral_p0439_1024x1536.sdr.s1024	682	1024	9226	svt-av1-v4.1.0	p0t4	25	45949	0.52636	79.22842034	3834	1.1236495975310705	2.9267425537109375
9678_gen_products-grocery_cereal-box-coral_p0439_1024x1536.sdr.s1024	682	1024	9226	svt-av1-v4.1.0	p0t4	35	25459	0.29164	72.74204831	4178	1.355796644595541	3.26008677482605
9678_gen_products-grocery_cereal-box-coral_p0439_1024x1536.sdr.s1024	682	1024	9226	svt-av1-v4.1.0	p0t4	45	13257	0.15186	60.24475663	4208	2.1054596499565332	5.71867036819458
9678_gen_products-grocery_cereal-box-coral_p0439_1024x1536.sdr.s1024	682	1024	9226	svt-av1-v4.1.0	p0t4	55	6515	0.07463	39.77192672	3590	3.6211091537376294	12.120485305786133
9678_gen_products-grocery_cereal-box-coral_p0439_1024x1536.sdr.s1024	682	1024	9226	svt-av1-v4.1.0	p0t4	65	2551	0.02922	-4.74933546	1740	7.916828492960778	27.282238006591797
9678_gen_products-grocery_cereal-box-coral_p0439_1024x1536.sdr.s1024	682	1024	9226	svt-av1-v4.1.0	p1t4	15	73246	0.83905	82.48734055	1632	1.0362227796751595	2.868553876876831
9678_gen_products-grocery_cereal-box-coral_p0439_1024x1536.sdr.s1024	682	1024	9226	svt-av1-v4.1.0	p1t4	25	46197	0.52920	79.10743285	2044	1.1299954890610986	2.9514386653900146
9678_gen_products-grocery_cereal-box-coral_p0439_1024x1536.sdr.s1024	682	1024	9226	svt-av1-v4.1.0	p1t4	35	25556	0.29275	72.61276273	2083	1.379693027584319	3.4060254096984863
9678_gen_products-grocery_cereal-box-coral_p0439_1024x1536.sdr.s1024	682	1024	9226	svt-av1-v4.1.0	p1t4	45	13242	0.15169	59.92980169	2209	2.095637875073595	5.938513278961182
9678_gen_products-grocery_cereal-box-coral_p0439_1024x1536.sdr.s1024	682	1024	9226	svt-av1-v4.1.0	p1t4	55	6487	0.07431	38.88260650	1595	3.5863940763186832	11.171856880187988
9678_gen_products-grocery_cereal-box-coral_p0439_1024x1536.sdr.s1024	682	1024	9226	svt-av1-v4.1.0	p1t4	65	2574	0.02949	-5.64482744	858	8.574635802201287	33.57039260864258
9678_gen_products-grocery_cereal-box-coral_p0439_1024x1536.sdr.s1024	682	1024	9226	svt-av1-v4.1.0	p2t4	15	72907	0.83517	82.44045902	872	1.036344298366192	2.8402068614959717
9678_gen_products-grocery_cereal-box-coral_p0439_1024x1536.sdr.s1024	682	1024	9226	svt-av1-v4.1.0	p2t4	25	46341	0.53085	79.10826318	1134	1.1200074209555744	2.84956431388855
9678_gen_products-grocery_cereal-box-coral_p0439_1024x1536.sdr.s1024	682	1024	9226	svt-av1-v4.1.0	p2t4	35	25643	0.29375	72.43795366	975	1.3819363148783566	3.53884220123291
9678_gen_products-grocery_cereal-box-coral_p0439_1024x1536.sdr.s1024	682	1024	9226	svt-av1-v4.1.0	p2t4	45	13238	0.15164	59.92523174	974	2.1841308803062423	6.655886173248291
9678_gen_products-grocery_cereal-box-coral_p0439_1024x1536.sdr.s1024	682	1024	9226	svt-av1-v4.1.0	p2t4	55	6501	0.07447	38.76064221	1528	3.591435676487686	11.100903511047363
9678_gen_products-grocery_cereal-box-coral_p0439_1024x1536.sdr.s1024	682	1024	9226	svt-av1-v4.1.0	p2t4	65	2572	0.02946	-6.17237680	892	8.773900565470683	36.29266357421875
9678_gen_products-grocery_cereal-box-coral_p0439_1024x1536.sdr.s1024	682	1024	9226	svt-av1-v4.1.0	p6t4	15	75193	0.86136	82.01183061	134	1.0501375865890064	2.8263111114501953
9678_gen_products-grocery_cereal-box-coral_p0439_1024x1536.sdr.s1024	682	1024	9226	svt-av1-v4.1.0	p6t4	25	49654	0.56880	78.67639122	149	1.1370113266769597	3.0162088871002197
9678_gen_products-grocery_cereal-box-coral_p0439_1024x1536.sdr.s1024	682	1024	9226	svt-av1-v4.1.0	p6t4	35	28261	0.32374	71.86647654	113	1.4036057101788872	3.601173162460327
9678_gen_products-grocery_cereal-box-coral_p0439_1024x1536.sdr.s1024	682	1024	9226	svt-av1-v4.1.0	p6t4	45	14563	0.16682	58.26232919	109	2.218244402816333	6.283638000488281
9678_gen_products-grocery_cereal-box-coral_p0439_1024x1536.sdr.s1024	682	1024	9226	svt-av1-v4.1.0	p6t4	55	7132	0.08170	34.30553930	66	3.9404555121152582	11.558002471923828
9678_gen_products-grocery_cereal-box-coral_p0439_1024x1536.sdr.s1024	682	1024	9226	svt-av1-v4.1.0	p6t4	65	2858	0.03274	-11.28651215	65	8.326558527435338	29.270402908325195
9678_gen_products-grocery_cereal-box-coral_p0439_1024x1536.sdr.s1024	682	1024	9226	svt-av1-v4.1.0	p10t4	15	85661	0.98127	81.26561524	36	1.0638373755569914	2.9030649662017822
9678_gen_products-grocery_cereal-box-coral_p0439_1024x1536.sdr.s1024	682	1024	9226	svt-av1-v4.1.0	p10t4	25	58592	0.67119	77.50677143	29	1.1850355185222734	3.012958526611328
9678_gen_products-grocery_cereal-box-coral_p0439_1024x1536.sdr.s1024	682	1024	9226	svt-av1-v4.1.0	p10t4	35	33349	0.38202	69.87327465	32	1.5461758386553575	4.430482387542725
9678_gen_products-grocery_cereal-box-coral_p0439_1024x1536.sdr.s1024	682	1024	9226	svt-av1-v4.1.0	p10t4	45	17044	0.19524	55.36633876	32	2.4525058464010385	7.291050434112549
9678_gen_products-grocery_cereal-box-coral_p0439_1024x1536.sdr.s1024	682	1024	9226	svt-av1-v4.1.0	p10t4	55	8204	0.09398	31.00633502	29	4.173361226632984	13.917436599731445
9678_gen_products-grocery_cereal-box-coral_p0439_1024x1536.sdr.s1024	682	1024	9226	svt-av1-v4.1.0	p10t4	65	4175	0.04783	-9.05380943	22	6.957609338356768	19.879680633544922
9678_gen_products-grocery_cereal-box-coral_p0439_1024x1536.sdr.s1024	682	1024	9226	svt-av1-v4.1.0	p6t1	15	67487	0.77308	80.14619793	117	1.1123428446732548	2.966301679611206
9678_gen_products-grocery_cereal-box-coral_p0439_1024x1536.sdr.s1024	682	1024	9226	svt-av1-v4.1.0	p6t1	25	41117	0.47101	74.79255786	107	1.276961569334344	3.246474504470825
9678_gen_products-grocery_cereal-box-coral_p0439_1024x1536.sdr.s1024	682	1024	9226	svt-av1-v4.1.0	p6t1	35	23825	0.27292	66.29253533	144	1.6544397963351294	4.480466842651367
9678_gen_products-grocery_cereal-box-coral_p0439_1024x1536.sdr.s1024	682	1024	9226	svt-av1-v4.1.0	p6t1	45	11905	0.13638	49.03750885	92	2.8604312145665136	10.786256790161133
9678_gen_products-grocery_cereal-box-coral_p0439_1024x1536.sdr.s1024	682	1024	9226	svt-av1-v4.1.0	p6t1	55	5521	0.06324	19.48853890	57	4.677144777578911	13.430185317993164
9678_gen_products-grocery_cereal-box-coral_p0439_1024x1536.sdr.s1024	682	1024	9226	svt-av1-v4.1.0	p6t1	65	975	0.01117	-59.99150895	55	13.124661887877386	42.548927307128906
2000_people_by-alexander-aguero-enppvuxbcce-unsplash_4400x6600.sdr.s1024	682	1024	2000	svt-av1-v4.1.0	p0t4	15	70040	0.80233	83.99895763	3886	0.8076273828673225	2.769711494445801
2000_people_by-alexander-aguero-enppvuxbcce-unsplash_4400x6600.sdr.s1024	682	1024	2000	svt-av1-v4.1.0	p0t4	25	46505	0.53273	79.61051520	4670	0.9306263910286324	2.6652932167053223
2000_people_by-alexander-aguero-enppvuxbcce-unsplash_4400x6600.sdr.s1024	682	1024	2000	svt-av1-v4.1.0	p0t4	35	27785	0.31828	71.05409123	4804	1.3051180723841869	3.2266669273376465
2000_people_by-alexander-aguero-enppvuxbcce-unsplash_4400x6600.sdr.s1024	682	1024	2000	svt-av1-v4.1.0	p0t4	45	13213	0.15136	53.48365801	5099	2.143597016142176	5.24945592880249
2000_people_by-alexander-aguero-enppvuxbcce-unsplash_4400x6600.sdr.s1024	682	1024	2000	svt-av1-v4.1.0	p0t4	55	6134	0.07027	27.54989743	4268	3.5746203991774306	9.77379322052002
2000_people_by-alexander-aguero-enppvuxbcce-unsplash_4400x6600.sdr.s1024	682	1024	2000	svt-av1-v4.1.0	p0t4	65	2576	0.02951	-11.23386826	2008	6.887068058616342	23.531885147094727
2000_people_by-alexander-aguero-enppvuxbcce-unsplash_4400x6600.sdr.s1024	682	1024	2000	svt-av1-v4.1.0	p1t4	15	70375	0.80617	83.93120006	2099	0.843219013713233	2.9956889152526855
2000_people_by-alexander-aguero-enppvuxbcce-unsplash_4400x6600.sdr.s1024	682	1024	2000	svt-av1-v4.1.0	p1t4	25	46865	0.53685	79.38922051	2719	0.9426296326583449	2.8805816173553467
2000_people_by-alexander-aguero-enppvuxbcce-unsplash_4400x6600.sdr.s1024	682	1024	2000	svt-av1-v4.1.0	p1t4	35	27975	0.32046	71.16437693	2586	1.3262666884004723	3.7238636016845703
2000_people_by-alexander-aguero-enppvuxbcce-unsplash_4400x6600.sdr.s1024	682	1024	2000	svt-av1-v4.1.0	p1t4	45	13438	0.15394	53.84833107	2489	2.180127346267773	6.365235328674316
2000_people_by-alexander-aguero-enppvuxbcce-unsplash_4400x6600.sdr.s1024	682	1024	2000	svt-av1-v4.1.0	p1t4	55	6120	0.07011	27.21615672	2261	3.6640783824229133	10.83856201171875
2000_people_by-alexander-aguero-enppvuxbcce-unsplash_4400x6600.sdr.s1024	682	1024	2000	svt-av1-v4.1.0	p1t4	65	2612	0.02992	-11.41031689	941	6.557061202897725	20.789926528930664
2000_people_by-alexander-aguero-enppvuxbcce-unsplash_4400x6600.sdr.s1024	682	1024	2000	svt-av1-v4.1.0	p2t4	15	70696	0.80984	83.48816094	1456	0.8123063805669081	2.748887062072754
2000_people_by-alexander-aguero-enppvuxbcce-unsplash_4400x6600.sdr.s1024	682	1024	2000	svt-av1-v4.1.0	p2t4	25	47116	0.53973	79.26388255	1236	0.95952788249293	2.875453472137451
2000_people_by-alexander-aguero-enppvuxbcce-unsplash_4400x6600.sdr.s1024	682	1024	2000	svt-av1-v4.1.0	p2t4	35	28103	0.32193	70.88064585	1268	1.3379542372587672	3.721198558807373
2000_people_by-alexander-aguero-enppvuxbcce-unsplash_4400x6600.sdr.s1024	682	1024	2000	svt-av1-v4.1.0	p2t4	45	13368	0.15313	52.67245224	1152	2.2308523079542883	6.207245349884033
2000_people_by-alexander-aguero-enppvuxbcce-unsplash_4400x6600.sdr.s1024	682	1024	2000	svt-av1-v4.1.0	p2t4	55	6153	0.07048	27.36342867	1643	3.6395696624530025	9.975994110107422
2000_people_by-alexander-aguero-enppvuxbcce-unsplash_4400x6600.sdr.s1024	682	1024	2000	svt-av1-v4.1.0	p2t4	65	2611	0.02991	-12.20061599	885	6.834104211020805	21.071313858032227
2000_people_by-alexander-aguero-enppvuxbcce-unsplash_4400x6600.sdr.s1024	682	1024	2000	svt-av1-v4.1.0	p6t4	15	73335	0.84007	83.09801843	126	0.840478071671436	2.890665292739868
2000_people_by-alexander-aguero-enppvuxbcce-unsplash_4400x6600.sdr.s1024	682	1024	2000	svt-av1-v4.1.0	p6t4	25	49814	0.57063	79.08172121	111	1.0570443456522274	3.7174196243286133
2000_people_by-alexander-aguero-enppvuxbcce-unsplash_4400x6600.sdr.s1024	682	1024	2000	svt-av1-v4.1.0	p6t4	35	30310	0.34721	70.37220828	97	1.3645144637555884	3.6173253059387207
2000_people_by-alexander-aguero-enppvuxbcce-unsplash_4400x6600.sdr.s1024	682	1024	2000	svt-av1-v4.1.0	p6t4	45	14613	0.16740	51.47882808	71	2.2556297911561134	6.241803169250488
2000_people_by-alexander-aguero-enppvuxbcce-unsplash_4400x6600.sdr.s1024	682	1024	2000	svt-av1-v4.1.0	p6t4	55	6773	0.07759	25.56457299	73	3.817519796812561	10.718863487243652
2000_people_by-alexander-aguero-enppvuxbcce-unsplash_4400x6600.sdr.s1024	682	1024	2000	svt-av1-v4.1.0	p6t4	65	2945	0.03374	-14.49523903	58	6.9025726970529995	21.44747543334961
2000_people_by-alexander-aguero-enppvuxbcce-unsplash_4400x6600.sdr.s1024	682	1024	2000	svt-av1-v4.1.0	p10t4	15	78349	0.89751	82.77732084	36	0.8622454729437504	3.0148727893829346
2000_people_by-alexander-aguero-enppvuxbcce-unsplash_4400x6600.sdr.s1024	682	1024	2000	svt-av1-v4.1.0	p10t4	25	54044	0.61909	78.15577922	44	1.0167020250107355	2.735419273376465
2000_people_by-alexander-aguero-enppvuxbcce-unsplash_4400x6600.sdr.s1024	682	1024	2000	svt-av1-v4.1.0	p10t4	35	32977	0.37776	69.36736129	34	1.38822514140729	3.8713083267211914
2000_people_by-alexander-aguero-enppvuxbcce-unsplash_4400x6600.sdr.s1024	682	1024	2000	svt-av1-v4.1.0	p10t4	45	15911	0.18226	51.04745601	25	2.2936477064932705	6.183806419372559
2000_people_by-alexander-aguero-enppvuxbcce-unsplash_4400x6600.sdr.s1024	682	1024	2000	svt-av1-v4.1.0	p10t4	55	7192	0.08239	23.25910253	30	3.8142061125070477	9.974320411682129
2000_people_by-alexander-aguero-enppvuxbcce-unsplash_4400x6600.sdr.s1024	682	1024	2000	svt-av1-v4.1.0	p10t4	65	3225	0.03694	-12.96472747	25	6.256146899947297	17.09897804260254
2000_people_by-alexander-aguero-enppvuxbcce-unsplash_4400x6600.sdr.s1024	682	1024	2000	svt-av1-v4.1.0	p6t1	15	60147	0.68900	80.30891897	107	0.9512064169649995	3.0236880779266357
2000_people_by-alexander-aguero-enppvuxbcce-unsplash_4400x6600.sdr.s1024	682	1024	2000	svt-av1-v4.1.0	p6t1	25	36427	0.41728	71.29606115	121	1.2998889858347287	3.4792566299438477
2000_people_by-alexander-aguero-enppvuxbcce-unsplash_4400x6600.sdr.s1024	682	1024	2000	svt-av1-v4.1.0	p6t1	35	19850	0.22739	56.07198040	76	1.9710389013150653	5.23294734954834
2000_people_by-alexander-aguero-enppvuxbcce-unsplash_4400x6600.sdr.s1024	682	1024	2000	svt-av1-v4.1.0	p6t1	45	9461	0.10838	32.46395404	70	3.2920017701784317	11.163165092468262
2000_people_by-alexander-aguero-enppvuxbcce-unsplash_4400x6600.sdr.s1024	682	1024	2000	svt-av1-v4.1.0	p6t1	55	4169	0.04776	0.02420218	75	5.187995572761445	16.352216720581055
2000_people_by-alexander-aguero-enppvuxbcce-unsplash_4400x6600.sdr.s1024	682	1024	2000	svt-av1-v4.1.0	p6t1	65	871	0.00998	-58.85278089	43	13.184445238910547	43.01776123046875
1614_food_dessert-plate-upside-down_valladolid-mexico_s23u_iso640-f1p7_20230917-213342_4000x3000.sdr.s1024	1024	768	1600	svt-av1-v4.1.0	p0t4	15	95148	0.96790	86.08592470	5186	0.6501452212038833	1.580210566520691
1614_food_dessert-plate-upside-down_valladolid-mexico_s23u_iso640-f1p7_20230917-213342_4000x3000.sdr.s1024	1024	768	1600	svt-av1-v4.1.0	p0t4	25	63374	0.64467	81.98027005	5957	0.8518621314588003	1.9464194774627686
1614_food_dessert-plate-upside-down_valladolid-mexico_s23u_iso640-f1p7_20230917-213342_4000x3000.sdr.s1024	1024	768	1600	svt-av1-v4.1.0	p0t4	35	39485	0.40166	73.17752610	6823	1.2789777678583452	3.2643818855285645
1614_food_dessert-plate-upside-down_valladolid-mexico_s23u_iso640-f1p7_20230917-213342_4000x3000.sdr.s1024	1024	768	1600	svt-av1-v4.1.0	p0t4	45	21903	0.22281	56.42007929	6819	2.2042562315069074	6.521376609802246
1614_food_dessert-plate-upside-down_valladolid-mexico_s23u_iso640-f1p7_20230917-213342_4000x3000.sdr.s1024	1024	768	1600	svt-av1-v4.1.0	p0t4	55	11744	0.11947	30.35086893	6586	3.8642840679935664	11.66908073425293
1614_food_dessert-plate-upside-down_valladolid-mexico_s23u_iso640-f1p7_20230917-213342_4000x3000.sdr.s1024	1024	768	1600	svt-av1-v4.1.0	p0t4	65	5014	0.05101	-19.27222667	3356	9.008457886619198	29.423933029174805
1614_food_dessert-plate-upside-down_valladolid-mexico_s23u_iso640-f1p7_20230917-213342_4000x3000.sdr.s1024	1024	768	1600	svt-av1-v4.1.0	p1t4	15	95863	0.97517	85.91254723	2745	0.6522044419398553	1.5444364547729492
1614_food_dessert-plate-upside-down_valladolid-mexico_s23u_iso640-f1p7_20230917-213342_4000x3000.sdr.s1024	1024	768	1600	svt-av1-v4.1.0	p1t4	25	63948	0.65051	81.83410570	3389	0.8598201372863802	2.0441372394561768
1614_food_dessert-plate-upside-down_valladolid-mexico_s23u_iso640-f1p7_20230917-213342_4000x3000.sdr.s1024	1024	768	1600	svt-av1-v4.1.0	p1t4	35	39875	0.40563	73.03633530	3221	1.305154194673344	3.749520778656006
1614_food_dessert-plate-upside-down_valladolid-mexico_s23u_iso640-f1p7_20230917-213342_4000x3000.sdr.s1024	1024	768	1600	svt-av1-v4.1.0	p1t4	45	22001	0.22381	55.49564873	3340	2.1621752447027656	5.858233451843262
1614_food_dessert-plate-upside-down_valladolid-mexico_s23u_iso640-f1p7_20230917-213342_4000x3000.sdr.s1024	1024	768	1600	svt-av1-v4.1.0	p1t4	55	11839	0.12043	30.17415991	2814	3.9656375825769765	13.319938659667969
1614_food_dessert-plate-upside-down_valladolid-mexico_s23u_iso640-f1p7_20230917-213342_4000x3000.sdr.s1024	1024	768	1600	svt-av1-v4.1.0	p1t4	65	5001	0.05087	-19.91909786	1552	9.043998821477896	30.41767120361328
1614_food_dessert-plate-upside-down_valladolid-mexico_s23u_iso640-f1p7_20230917-213342_4000x3000.sdr.s1024	1024	768	1600	svt-av1-v4.1.0	p2t4	15	96423	0.98087	85.93897350	1291	0.659575101228372	1.52403724193573
1614_food_dessert-plate-upside-down_valladolid-mexico_s23u_iso640-f1p7_20230917-213342_4000x3000.sdr.s1024	1024	768	1600	svt-av1-v4.1.0	p2t4	25	64643	0.65758	81.82784794	1653	0.8629303408958853	2.244812250137329
1614_food_dessert-plate-upside-down_valladolid-mexico_s23u_iso640-f1p7_20230917-213342_4000x3000.sdr.s1024	1024	768	1600	svt-av1-v4.1.0	p2t4	35	40026	0.40717	72.91245004	1657	1.3045979716517293	3.84230375289917
1614_food_dessert-plate-upside-down_valladolid-mexico_s23u_iso640-f1p7_20230917-213342_4000x3000.sdr.s1024	1024	768	1600	svt-av1-v4.1.0	p2t4	45	22028	0.22408	55.28244230	1735	2.1811718755894898	5.905515193939209
1614_food_dessert-plate-upside-down_valladolid-mexico_s23u_iso640-f1p7_20230917-213342_4000x3000.sdr.s1024	1024	768	1600	svt-av1-v4.1.0	p2t4	55	11839	0.12043	30.16664523	2661	3.9267392661005776	12.1471586227417
1614_food_dessert-plate-upside-down_valladolid-mexico_s23u_iso640-f1p7_20230917-213342_4000x3000.sdr.s1024	1024	768	1600	svt-av1-v4.1.0	p2t4	65	5016	0.05103	-19.49996300	1403	8.981580967421467	28.560392379760742
1614_food_dessert-plate-upside-down_valladolid-mexico_s23u_iso640-f1p7_20230917-213342_4000x3000.sdr.s1024	1024	768	1600	svt-av1-v4.1.0	p6t4	15	102017	1.03777	85.52454267	195	0.676207618286329	1.5674220323562622
1614_food_dessert-plate-upside-down_valladolid-mexico_s23u_iso640-f1p7_20230917-213342_4000x3000.sdr.s1024	1024	768	1600	svt-av1-v4.1.0	p6t4	25	70313	0.71526	81.24762964	154	0.8900578070841254	2.2447669506073
1614_food_dessert-plate-upside-down_valladolid-mexico_s23u_iso640-f1p7_20230917-213342_4000x3000.sdr.s1024	1024	768	1600	svt-av1-v4.1.0	p6t4	35	43973	0.44732	72.04775158	127	1.3215107586038262	3.5275516510009766
1614_food_dessert-plate-upside-down_valladolid-mexico_s23u_iso640-f1p7_20230917-213342_4000x3000.sdr.s1024	1024	768	1600	svt-av1-v4.1.0	p6t4	45	24295	0.24714	53.84728813	117	2.3678816140810586	6.657081127166748
1614_food_dessert-plate-upside-down_valladolid-mexico_s23u_iso640-f1p7_20230917-213342_4000x3000.sdr.s1024	1024	768	1600	svt-av1-v4.1.0	p6t4	55	12788	0.13009	25.51947100	82	4.589964521665965	16.136962890625
1614_food_dessert-plate-upside-down_valladolid-mexico_s23u_iso640-f1p7_20230917-213342_4000x3000.sdr.s1024	1024	768	1600	svt-av1-v4.1.0	p6t4	65	5619	0.05716	-21.92602241	68	9.207995057172695	29.524656295776367
1614_food_dessert-plate-upside-down_valladolid-mexico_s23u_iso640-f1p7_20230917-213342_4000x3000.sdr.s1024	1024	768	1600	svt-av1-v4.1.0	p10t4	15	111901	1.13832	84.81389628	58	0.7096460153924059	1.5714311599731445
1614_food_dessert-plate-upside-down_valladolid-mexico_s23u_iso640-f1p7_20230917-213342_4000x3000.sdr.s1024	1024	768	1600	svt-av1-v4.1.0	p10t4	25	78606	0.79962	80.02283600	45	0.9608006754447761	2.2607781887054443
1614_food_dessert-plate-upside-down_valladolid-mexico_s23u_iso640-f1p7_20230917-213342_4000x3000.sdr.s1024	1024	768	1600	svt-av1-v4.1.0	p10t4	35	49254	0.50104	70.73763512	33	1.4495836089699472	4.104091167449951
1614_food_dessert-plate-upside-down_valladolid-mexico_s23u_iso640-f1p7_20230917-213342_4000x3000.sdr.s1024	1024	768	1600	svt-av1-v4.1.0	p10t4	45	26701	0.27162	53.42712438	28	2.5670573749530785	8.427016258239746
1614_food_dessert-plate-upside-down_valladolid-mexico_s23u_iso640-f1p7_20230917-213342_4000x3000.sdr.s1024	1024	768	1600	svt-av1-v4.1.0	p10t4	55	13854	0.14093	24.81799841	31	4.517682914306632	13.636282920837402
1614_food_dessert-plate-upside-down_valladolid-mexico_s23u_iso640-f1p7_20230917-213342_4000x3000.sdr.s1024	1024	768	1600	svt-av1-v4.1.0	p10t4	65	6860	0.06978	-17.22245329	26	7.851177270602139	24.379573822021484
1614_food_dessert-plate-upside-down_valladolid-mexico_s23u_iso640-f1p7_20230917-213342_4000x3000.sdr.s1024	1024	768	1600	svt-av1-v4.1.0	p6t1	15	82951	0.84382	82.40181392	195	0.8215071122643818	2.1262972354888916
1614_food_dessert-plate-upside-down_valladolid-mexico_s23u_iso640-f1p7_20230917-213342_4000x3000.sdr.s1024	1024	768	1600	svt-av1-v4.1.0	p6t1	25	53737	0.54664	74.38250730	167	1.1588753689891584	3.1480112075805664
1614_food_dessert-plate-upside-down_valladolid-mexico_s23u_iso640-f1p7_20230917-213342_4000x3000.sdr.s1024	1024	768	1600	svt-av1-v4.1.0	p6t1	35	32469	0.33029	59.58438592	101	1.779900029641959	5.3970866203308105
1614_food_dessert-plate-upside-down_valladolid-mexico_s23u_iso640-f1p7_20230917-213342_4000x3000.sdr.s1024	1024	768	1600	svt-av1-v4.1.0	p6t1	45	18026	0.18337	36.11163612	89	2.99098896239002	8.29918384552002
1614_food_dessert-plate-upside-down_valladolid-mexico_s23u_iso640-f1p7_20230917-213342_4000x3000.sdr.s1024	1024	768	1600	svt-av1-v4.1.0	p6t1	55	8822	0.08974	-0.05957782	74	5.807073243524094	20.03423309326172
1614_food_dessert-plate-upside-down_valladolid-mexico_s23u_iso640-f1p7_20230917-213342_4000x3000.sdr.s1024	1024	768	1600	svt-av1-v4.1.0	p6t1	65	2019	0.02054	-63.95777117	71	15.514104877218836	47.005409240722656
6018_scans-patents_lynn-conway-us5046022-1bit_p019_2320x3408.sdr.s1024	696	1024	6000	svt-av1-v4.1.0	p0t4	15	186588	2.09442	92.31338474	3940	0.2746270676258192	0.7167443633079529
6018_scans-patents_lynn-conway-us5046022-1bit_p019_2320x3408.sdr.s1024	696	1024	6000	svt-av1-v4.1.0	p0t4	25	153590	1.72403	88.96254484	4951	0.4912903497764769	1.89892578125
6018_scans-patents_lynn-conway-us5046022-1bit_p019_2320x3408.sdr.s1024	696	1024	6000	svt-av1-v4.1.0	p0t4	35	121884	1.36813	84.46071808	5929	0.7694289904625942	2.634032964706421
6018_scans-patents_lynn-conway-us5046022-1bit_p019_2320x3408.sdr.s1024	696	1024	6000	svt-av1-v4.1.0	p0t4	45	88284	0.99098	73.62799018	12535	1.4486613908742338	3.826591968536377
6018_scans-patents_lynn-conway-us5046022-1bit_p019_2320x3408.sdr.s1024	696	1024	6000	svt-av1-v4.1.0	p0t4	55	55274	0.62044	52.18011276	12735	3.1193238074256393	8.974052429199219
6018_scans-patents_lynn-conway-us5046022-1bit_p019_2320x3408.sdr.s1024	696	1024	6000	svt-av1-v4.1.0	p0t4	65	5395	0.06056	-41.75330253	3766	11.463886227956898	33.711708068847656
6018_scans-patents_lynn-conway-us5046022-1bit_p019_2320x3408.sdr.s1024	696	1024	6000	svt-av1-v4.1.0	p1t4	15	187184	2.10111	92.18020885	2025	0.2765579842585273	0.8380677700042725
6018_scans-patents_lynn-conway-us5046022-1bit_p019_2320x3408.sdr.s1024	696	1024	6000	svt-av1-v4.1.0	p1t4	25	154259	1.73154	88.80088036	2763	0.5073238972611039	1.9166877269744873
6018_scans-patents_lynn-conway-us5046022-1bit_p019_2320x3408.sdr.s1024	696	1024	6000	svt-av1-v4.1.0	p1t4	35	122340	1.37325	84.63086440	3146	0.7405621454354124	2.391880512237549
6018_scans-patents_lynn-conway-us5046022-1bit_p019_2320x3408.sdr.s1024	696	1024	6000	svt-av1-v4.1.0	p1t4	45	89874	1.00882	73.17295940	4144	1.466685959912996	4.247775077819824
6018_scans-patents_lynn-conway-us5046022-1bit_p019_2320x3408.sdr.s1024	696	1024	6000	svt-av1-v4.1.0	p1t4	55	56961	0.63938	51.51183809	6464	3.164573260997408	9.045239448547363
6018_scans-patents_lynn-conway-us5046022-1bit_p019_2320x3408.sdr.s1024	696	1024	6000	svt-av1-v4.1.0	p1t4	65	5612	0.06299	-41.03398260	1736	11.325955156419466	30.1141414642334
6018_scans-patents_lynn-conway-us5046022-1bit_p019_2320x3408.sdr.s1024	696	1024	6000	svt-av1-v4.1.0	p2t4	15	189118	2.12282	92.15674883	1423	0.2833774224298325	1.0036569833755493
6018_scans-patents_lynn-conway-us5046022-1bit_p019_2320x3408.sdr.s1024	696	1024	6000	svt-av1-v4.1.0	p2t4	25	155385	1.74417	88.57037130	2220	0.5113122442327285	1.9188848733901978
6018_scans-patents_lynn-conway-us5046022-1bit_p019_2320x3408.sdr.s1024	696	1024	6000	svt-av1-v4.1.0	p2t4	35	123184	1.38272	83.06990772	2636	0.7950206781398075	2.97391414642334
6018_scans-patents_lynn-conway-us5046022-1bit_p019_2320x3408.sdr.s1024	696	1024	6000	svt-av1-v4.1.0	p2t4	45	90317	1.01380	72.44579719	2861	1.518589114529611	5.252018928527832
6018_scans-patents_lynn-conway-us5046022-1bit_p019_2320x3408.sdr.s1024	696	1024	6000	svt-av1-v4.1.0	p2t4	55	56525	0.63449	50.68890183	5080	3.28124002448743	10.916747093200684
6018_scans-patents_lynn-conway-us5046022-1bit_p019_2320x3408.sdr.s1024	696	1024	6000	svt-av1-v4.1.0	p2t4	65	5656	0.06349	-41.28850223	2066	11.473311521343433	33.360355377197266
6018_scans-patents_lynn-conway-us5046022-1bit_p019_2320x3408.sdr.s1024	696	1024	6000	svt-av1-v4.1.0	p6t4	15	229646	2.57774	89.67501682	217	0.4586563875047891	1.754318356513977
6018_scans-patents_lynn-conway-us5046022-1bit_p019_2320x3408.sdr.s1024	696	1024	6000	svt-av1-v4.1.0	p6t4	25	179410	2.01385	86.14149936	187	0.6543191214876787	2.3743817806243896
6018_scans-patents_lynn-conway-us5046022-1bit_p019_2320x3408.sdr.s1024	696	1024	6000	svt-av1-v4.1.0	p6t4	35	136536	1.53260	77.01923300	238	1.2496543074077302	3.9936017990112305
6018_scans-patents_lynn-conway-us5046022-1bit_p019_2320x3408.sdr.s1024	696	1024	6000	svt-av1-v4.1.0	p6t4	45	93864	1.05361	55.93037590	186	2.844193235380239	8.744802474975586
6018_scans-patents_lynn-conway-us5046022-1bit_p019_2320x3408.sdr.s1024	696	1024	6000	svt-av1-v4.1.0	p6t4	55	46931	0.52679	22.15584196	116	5.871051629285039	15.106982231140137
6018_scans-patents_lynn-conway-us5046022-1bit_p019_2320x3408.sdr.s1024	696	1024	6000	svt-av1-v4.1.0	p6t4	65	6366	0.07146	-39.29778259	64	11.179033258206132	30.015596389770508
6018_scans-patents_lynn-conway-us5046022-1bit_p019_2320x3408.sdr.s1024	696	1024	6000	svt-av1-v4.1.0	p10t4	15	258469	2.90128	87.76962281	42	0.6617639409348649	2.0022029876708984
6018_scans-patents_lynn-conway-us5046022-1bit_p019_2320x3408.sdr.s1024	696	1024	6000	svt-av1-v4.1.0	p10t4	25	212849	2.38920	83.91391825	60	0.9658252947466687	3.211107015609741
6018_scans-patents_lynn-conway-us5046022-1bit_p019_2320x3408.sdr.s1024	696	1024	6000	svt-av1-v4.1.0	p10t4	35	144045	1.61688	71.73698802	42	1.9055272875739488	4.730350971221924
6018_scans-patents_lynn-conway-us5046022-1bit_p019_2320x3408.sdr.s1024	696	1024	6000	svt-av1-v4.1.0	p10t4	45	82312	0.92394	51.07241614	40	3.838367070087353	9.264586448669434
6018_scans-patents_lynn-conway-us5046022-1bit_p019_2320x3408.sdr.s1024	696	1024	6000	svt-av1-v4.1.0	p10t4	55	37504	0.42098	19.88522573	44	6.49760725563178	15.50721549987793
6018_scans-patents_lynn-conway-us5046022-1bit_p019_2320x3408.sdr.s1024	696	1024	6000	svt-av1-v4.1.0	p10t4	65	11410	0.12808	-24.96491909	40	9.825650808829637	22.055749893188477
6018_scans-patents_lynn-conway-us5046022-1bit_p019_2320x3408.sdr.s1024	696	1024	6000	svt-av1-v4.1.0	p6t1	15	268881	3.01815	89.89523611	169	0.5114132965055009	2.4161295890808105
6018_scans-patents_lynn-conway-us5046022-1bit_p019_2320x3408.sdr.s1024	696	1024	6000	svt-av1-v4.1.0	p6t1	25	219941	2.46881	83.20752279	174	0.948129550747511	4.298040390014648
6018_scans-patents_lynn-conway-us5046022-1bit_p019_2320x3408.sdr.s1024	696	1024	6000	svt-av1-v4.1.0	p6t1	35	162723	1.82654	78.01412982	167	1.2390571407727868	5.254202842712402
6018_scans-patents_lynn-conway-us5046022-1bit_p019_2320x3408.sdr.s1024	696	1024	6000	svt-av1-v4.1.0	p6t1	45	104260	1.17030	59.43001810	232	2.4889856011293268	9.057001113891602
6018_scans-patents_lynn-conway-us5046022-1bit_p019_2320x3408.sdr.s1024	696	1024	6000	svt-av1-v4.1.0	p6t1	55	56989	0.63969	31.91572759	187	4.497778621305852	14.94088077545166
6018_scans-patents_lynn-conway-us5046022-1bit_p019_2320x3408.sdr.s1024	696	1024	6000	svt-av1-v4.1.0	p6t1	65	1083	0.01216	-62.63380007	100	16.80077742227787	55.7513427734375
7028_plots_line-00119-s142edf29_1024x1024.sdr.s1024	1024	1024	7000	svt-av1-v4.1.0	p0t4	15	33573	0.25614	62.99788570	1988	2.9746503696465147	11.12728500366211
7028_plots_line-00119-s142edf29_1024x1024.sdr.s1024	1024	1024	7000	svt-av1-v4.1.0	p0t4	25	28377	0.21650	62.41508793	2562	3.0287474714566436	11.62584114074707
7028_plots_line-00119-s142edf29_1024x1024.sdr.s1024	1024	1024	7000	svt-av1-v4.1.0	p0t4	35	24010	0.18318	61.48025684	2350	2.9966126581586097	11.201141357421875
7028_plots_line-00119-s142edf29_1024x1024.sdr.s1024	1024	1024	7000	svt-av1-v4.1.0	p0t4	45	17916	0.13669	54.88920114	2677	3.328828992760334	12.449368476867676
7028_plots_line-00119-s142edf29_1024x1024.sdr.s1024	1024	1024	7000	svt-av1-v4.1.0	p0t4	55	11633	0.08875	36.84939309	3259	4.359239656913679	15.86754322052002
7028_plots_line-00119-s142edf29_1024x1024.sdr.s1024	1024	1024	7000	svt-av1-v4.1.0	p0t4	65	4531	0.03457	-2.76974282	3263	7.121141520814923	25.484098434448242
7028_plots_line-00119-s142edf29_1024x1024.sdr.s1024	1024	1024	7000	svt-av1-v4.1.0	p1t4	15	34464	0.26294	62.80430879	1175	2.960251195799828	11.222007751464844
7028_plots_line-00119-s142edf29_1024x1024.sdr.s1024	1024	1024	7000	svt-av1-v4.1.0	p1t4	25	28775	0.21954	62.49013046	1646	3.0252367218015848	11.593128204345703
7028_plots_line-00119-s142edf29_1024x1024.sdr.s1024	1024	1024	7000	svt-av1-v4.1.0	p1t4	35	24557	0.18736	61.69600616	1570	3.061642490104468	11.469331741333008
7028_plots_line-00119-s142edf29_1024x1024.sdr.s1024	1024	1024	7000	svt-av1-v4.1.0	p1t4	45	18220	0.13901	54.53136381	1534	3.2752742919838256	12.388604164123535
7028_plots_line-00119-s142edf29_1024x1024.sdr.s1024	1024	1024	7000	svt-av1-v4.1.0	p1t4	55	11867	0.09054	34.65741411	1716	4.380692310554445	15.82155704498291
7028_plots_line-00119-s142edf29_1024x1024.sdr.s1024	1024	1024	7000	svt-av1-v4.1.0	p1t4	65	4576	0.03491	-5.59166311	1846	7.492547463360185	29.91117286682129
7028_plots_line-00119-s142edf29_1024x1024.sdr.s1024	1024	1024	7000	svt-av1-v4.1.0	p2t4	15	36189	0.27610	62.92514769	482	2.9987314079855785	11.458626747131348
7028_plots_line-00119-s142edf29_1024x1024.sdr.s1024	1024	1024	7000	svt-av1-v4.1.0	p2t4	25	30371	0.23171	62.40556705	734	3.030332267045176	11.576754570007324
7028_plots_line-00119-s142edf29_1024x1024.sdr.s1024	1024	1024	7000	svt-av1-v4.1.0	p2t4	35	25469	0.19431	61.43848211	669	3.117378764407144	12.010973930358887
7028_plots_line-00119-s142edf29_1024x1024.sdr.s1024	1024	1024	7000	svt-av1-v4.1.0	p2t4	45	18836	0.14371	52.89811040	1079	3.3482457514900634	12.859742164611816
7028_plots_line-00119-s142edf29_1024x1024.sdr.s1024	1024	1024	7000	svt-av1-v4.1.0	p2t4	55	12039	0.09185	34.98697136	1137	4.7227289678470195	18.491016387939453
7028_plots_line-00119-s142edf29_1024x1024.sdr.s1024	1024	1024	7000	svt-av1-v4.1.0	p2t4	65	4599	0.03509	-6.74147046	1224	7.654111923913845	26.367374420166016
7028_plots_line-00119-s142edf29_1024x1024.sdr.s1024	1024	1024	7000	svt-av1-v4.1.0	p6t4	15	52262	0.39873	62.86095570	142	3.0145936356972776	11.79299259185791
7028_plots_line-00119-s142edf29_1024x1024.sdr.s1024	1024	1024	7000	svt-av1-v4.1.0	p6t4	25	43775	0.33398	62.38361161	142	2.9968854393586644	11.593964576721191
7028_plots_line-00119-s142edf29_1024x1024.sdr.s1024	1024	1024	7000	svt-av1-v4.1.0	p6t4	35	35616	0.27173	61.42867100	115	3.033512936337864	11.47044849395752
7028_plots_line-00119-s142edf29_1024x1024.sdr.s1024	1024	1024	7000	svt-av1-v4.1.0	p6t4	45	25488	0.19446	50.47874771	101	3.367522017369763	12.027046203613281
7028_plots_line-00119-s142edf29_1024x1024.sdr.s1024	1024	1024	7000	svt-av1-v4.1.0	p6t4	55	15456	0.11792	23.98739504	106	5.298670564141612	20.091825485229492
7028_plots_line-00119-s142edf29_1024x1024.sdr.s1024	1024	1024	7000	svt-av1-v4.1.0	p6t4	65	7991	0.06097	-12.08712860	97	8.188445874778226	26.5836124420166
7028_plots_line-00119-s142edf29_1024x1024.sdr.s1024	1024	1024	7000	svt-av1-v4.1.0	p10t4	15	89300	0.68130	62.26866425	44	3.0706472929843827	11.847562789916992
7028_plots_line-00119-s142edf29_1024x1024.sdr.s1024	1024	1024	7000	svt-av1-v4.1.0	p10t4	25	72788	0.55533	61.20490312	49	3.0787897764087924	11.742423057556152
7028_plots_line-00119-s142edf29_1024x1024.sdr.s1024	1024	1024	7000	svt-av1-v4.1.0	p10t4	35	54582	0.41643	57.53195595	39	3.2950782406923067	12.276355743408203
7028_plots_line-00119-s142edf29_1024x1024.sdr.s1024	1024	1024	7000	svt-av1-v4.1.0	p10t4	45	33519	0.25573	43.68241482	49	3.8572120458984576	13.405765533447266
7028_plots_line-00119-s142edf29_1024x1024.sdr.s1024	1024	1024	7000	svt-av1-v4.1.0	p10t4	55	18118	0.13823	19.90728132	41	5.600504560294233	19.493459701538086
7028_plots_line-00119-s142edf29_1024x1024.sdr.s1024	1024	1024	7000	svt-av1-v4.1.0	p10t4	65	8916	0.06802	-17.37200831	32	8.602683311970276	31.613187789916992
7028_plots_line-00119-s142edf29_1024x1024.sdr.s1024	1024	1024	7000	svt-av1-v4.1.0	p6t1	15	48266	0.36824	62.54974691	148	3.072353040802484	11.958296775817871
7028_plots_line-00119-s142edf29_1024x1024.sdr.s1024	1024	1024	7000	svt-av1-v4.1.0	p6t1	25	38488	0.29364	61.53200730	151	3.089893587464316	12.036402702331543
7028_plots_line-00119-s142edf29_1024x1024.sdr.s1024	1024	1024	7000	svt-av1-v4.1.0	p6t1	35	28866	0.22023	54.31669958	125	3.2612458769520516	12.697240829467773
7028_plots_line-00119-s142edf29_1024x1024.sdr.s1024	1024	1024	7000	svt-av1-v4.1.0	p6t1	45	19185	0.14637	33.88938238	101	4.200363866374533	14.846162796020508
7028_plots_line-00119-s142edf29_1024x1024.sdr.s1024	1024	1024	7000	svt-av1-v4.1.0	p6t1	55	10662	0.08134	-8.38678218	118	6.822252886125841	25.841379165649414
7028_plots_line-00119-s142edf29_1024x1024.sdr.s1024	1024	1024	7000	svt-av1-v4.1.0	p6t1	65	2123	0.01620	-62.72170414	80	16.316092803878494	51.0658073425293
9100_gen_illustrations_bath-candles-evening_1024x1536.sdr.s1024	682	1024	9094	svt-av1-v4.1.0	p0t4	15	199194	2.28182	80.80728495	4954	0.7395476064440767	2.4993059635162354
9100_gen_illustrations_bath-candles-evening_1024x1536.sdr.s1024	682	1024	9094	svt-av1-v4.1.0	p0t4	25	131290	1.50396	75.44942831	10163	0.929023219461912	2.4413836002349854
9100_gen_illustrations_bath-candles-evening_1024x1536.sdr.s1024	682	1024	9094	svt-av1-v4.1.0	p0t4	35	71334	0.81715	63.94285889	11463	1.4399254752261204	2.992117404937744
9100_gen_illustrations_bath-candles-evening_1024x1536.sdr.s1024	682	1024	9094	svt-av1-v4.1.0	p0t4	45	27788	0.31832	39.22846919	10606	2.3542855065278725	5.024832248687744
9100_gen_illustrations_bath-candles-evening_1024x1536.sdr.s1024	682	1024	9094	svt-av1-v4.1.0	p0t4	55	9986	0.11439	2.24770346	9067	3.6849349738675166	8.797718048095703
9100_gen_illustrations_bath-candles-evening_1024x1536.sdr.s1024	682	1024	9094	svt-av1-v4.1.0	p0t4	65	3238	0.03709	-41.88621805	3569	6.108321541237714	17.385713577270508
9100_gen_illustrations_bath-candles-evening_1024x1536.sdr.s1024	682	1024	9094	svt-av1-v4.1.0	p1t4	15	198147	2.26983	80.46384979	2884	0.7432621107440678	2.48844575881958
9100_gen_illustrations_bath-candles-evening_1024x1536.sdr.s1024	682	1024	9094	svt-av1-v4.1.0	p1t4	25	131918	1.51116	75.61907104	4759	0.9371454678879694	2.446122884750366
9100_gen_illustrations_bath-candles-evening_1024x1536.sdr.s1024	682	1024	9094	svt-av1-v4.1.0	p1t4	35	71121	0.81471	63.35815017	4973	1.4530979784145333	3.0309908390045166
9100_gen_illustrations_bath-candles-evening_1024x1536.sdr.s1024	682	1024	9094	svt-av1-v4.1.0	p1t4	45	27699	0.31730	39.32863594	5455	2.350889272496426	5.345787525177002
9100_gen_illustrations_bath-candles-evening_1024x1536.sdr.s1024	682	1024	9094	svt-av1-v4.1.0	p1t4	55	9918	0.11361	1.30840851	3890	3.7146760243834294	9.06084156036377
9100_gen_illustrations_bath-candles-evening_1024x1536.sdr.s1024	682	1024	9094	svt-av1-v4.1.0	p1t4	65	3264	0.03739	-42.32009068	1680	6.107507573766282	17.711772918701172
9100_gen_illustrations_bath-candles-evening_1024x1536.sdr.s1024	682	1024	9094	svt-av1-v4.1.0	p2t4	15	196910	2.25566	80.35586680	1728	0.7574970679402157	2.5367116928100586
9100_gen_illustrations_bath-candles-evening_1024x1536.sdr.s1024	682	1024	9094	svt-av1-v4.1.0	p2t4	25	130334	1.49301	74.82839963	2687	0.9513879864515316	2.415452003479004
9100_gen_illustrations_bath-candles-evening_1024x1536.sdr.s1024	682	1024	9094	svt-av1-v4.1.0	p2t4	35	70040	0.80233	62.85474162	2506	1.476941404113609	3.153414011001587
9100_gen_illustrations_bath-candles-evening_1024x1536.sdr.s1024	682	1024	9094	svt-av1-v4.1.0	p2t4	45	27058	0.30996	37.31232621	2185	2.3985472297526673	5.310321807861328
9100_gen_illustrations_bath-candles-evening_1024x1536.sdr.s1024	682	1024	9094	svt-av1-v4.1.0	p2t4	55	9864	0.11299	1.21496770	3099	3.741282107908962	9.945271492004395
9100_gen_illustrations_bath-candles-evening_1024x1536.sdr.s1024	682	1024	9094	svt-av1-v4.1.0	p2t4	65	3236	0.03707	-42.87431512	1683	6.206802728173135	16.832908630371094
9100_gen_illustrations_bath-candles-evening_1024x1536.sdr.s1024	682	1024	9094	svt-av1-v4.1.0	p6t4	15	189095	2.16614	79.76954610	248	0.7787323460001209	2.533961534500122
9100_gen_illustrations_bath-candles-evening_1024x1536.sdr.s1024	682	1024	9094	svt-av1-v4.1.0	p6t4	25	130092	1.49024	74.29878754	238	0.9796517155207637	2.4539451599121094
9100_gen_illustrations_bath-candles-evening_1024x1536.sdr.s1024	682	1024	9094	svt-av1-v4.1.0	p6t4	35	71126	0.81477	62.46630470	206	1.5133072763067907	3.1899678707122803
9100_gen_illustrations_bath-candles-evening_1024x1536.sdr.s1024	682	1024	9094	svt-av1-v4.1.0	p6t4	45	28198	0.32302	36.46440336	141	2.4528204974330374	5.612720489501953
9100_gen_illustrations_bath-candles-evening_1024x1536.sdr.s1024	682	1024	9094	svt-av1-v4.1.0	p6t4	55	10266	0.11760	-1.15594207	87	3.8599293632169207	8.993280410766602
9100_gen_illustrations_bath-candles-evening_1024x1536.sdr.s1024	682	1024	9094	svt-av1-v4.1.0	p6t4	65	3573	0.04093	-43.72972174	79	6.387812211431206	17.352203369140625
9100_gen_illustrations_bath-candles-evening_1024x1536.sdr.s1024	682	1024	9094	svt-av1-v4.1.0	p10t4	15	195133	2.23530	79.33795057	58	0.7860070901195204	2.401949405670166
9100_gen_illustrations_bath-candles-evening_1024x1536.sdr.s1024	682	1024	9094	svt-av1-v4.1.0	p10t4	25	136315	1.56153	73.41712497	60	1.0197356518377958	2.4599833488464355
9100_gen_illustrations_bath-candles-evening_1024x1536.sdr.s1024	682	1024	9094	svt-av1-v4.1.0	p10t4	35	75217	0.86163	61.43284193	37	1.537835583214453	3.1454215049743652
9100_gen_illustrations_bath-candles-evening_1024x1536.sdr.s1024	682	1024	9094	svt-av1-v4.1.0	p10t4	45	29752	0.34082	35.17895441	38	2.5004700160114703	5.751619815826416
9100_gen_illustrations_bath-candles-evening_1024x1536.sdr.s1024	682	1024	9094	svt-av1-v4.1.0	p10t4	55	10560	0.12097	-4.03299164	43	3.9557347921925037	9.1653470993042
9100_gen_illustrations_bath-candles-evening_1024x1536.sdr.s1024	682	1024	9094	svt-av1-v4.1.0	p10t4	65	3901	0.04469	-44.68420687	25	6.276623148233646	16.89870834350586
9100_gen_illustrations_bath-candles-evening_1024x1536.sdr.s1024	682	1024	9094	svt-av1-v4.1.0	p6t1	15	172707	1.97841	77.24978611	255	0.8288751977770774	2.476588249206543
9100_gen_illustrations_bath-candles-evening_1024x1536.sdr.s1024	682	1024	9094	svt-av1-v4.1.0	p6t1	25	96984	1.11098	66.15656090	249	1.255757393005761	2.586184024810791
9100_gen_illustrations_bath-candles-evening_1024x1536.sdr.s1024	682	1024	9094	svt-av1-v4.1.0	p6t1	35	40912	0.46866	43.19403763	174	2.074602626585993	5.170922756195068
9100_gen_illustrations_bath-candles-evening_1024x1536.sdr.s1024	682	1024	9094	svt-av1-v4.1.0	p6t1	45	14322	0.16406	6.71102363	95	3.3147533171501884	7.680932998657227
9100_gen_illustrations_bath-candles-evening_1024x1536.sdr.s1024	682	1024	9094	svt-av1-v4.1.0	p6t1	55	4910	0.05625	-35.24122886	60	5.200939001691289	14.15271282196045
9100_gen_illustrations_bath-candles-evening_1024x1536.sdr.s1024	682	1024	9094	svt-av1-v4.1.0	p6t1	65	961	0.01101	-64.26584086	56	11.944800844873702	42.89104080200195
7050_plots_line-00166-s010fb6d2_1024x1024.sdr.s1024	1024	1024	7000	svt-av1-v4.1.0	p0t4	15	8051	0.06142	77.32708356	1212	1.461335896320624	6.113765716552734
7050_plots_line-00166-s010fb6d2_1024x1024.sdr.s1024	1024	1024	7000	svt-av1-v4.1.0	p0t4	25	5484	0.04184	76.90689396	1337	1.5037963449611034	6.037313938140869
7050_plots_line-00166-s010fb6d2_1024x1024.sdr.s1024	1024	1024	7000	svt-av1-v4.1.0	p0t4	35	5125	0.03910	75.19100091	1533	1.5545774374425223	6.543960094451904
7050_plots_line-00166-s010fb6d2_1024x1024.sdr.s1024	1024	1024	7000	svt-av1-v4.1.0	p0t4	45	3865	0.02949	69.01936954	1155	1.7659035407878079	7.395169734954834
7050_plots_line-00166-s010fb6d2_1024x1024.sdr.s1024	1024	1024	7000	svt-av1-v4.1.0	p0t4	55	3076	0.02347	51.71825399	1105	2.909036985369186	13.087708473205566
7050_plots_line-00166-s010fb6d2_1024x1024.sdr.s1024	1024	1024	7000	svt-av1-v4.1.0	p0t4	65	1763	0.01345	8.41539280	805	7.760595061043962	36.338253021240234
7050_plots_line-00166-s010fb6d2_1024x1024.sdr.s1024	1024	1024	7000	svt-av1-v4.1.0	p1t4	15	8431	0.06432	77.50444259	998	1.4667901487778376	6.164406776428223
7050_plots_line-00166-s010fb6d2_1024x1024.sdr.s1024	1024	1024	7000	svt-av1-v4.1.0	p1t4	25	6300	0.04807	77.05787192	888	1.5307310335096815	6.177726745605469
7050_plots_line-00166-s010fb6d2_1024x1024.sdr.s1024	1024	1024	7000	svt-av1-v4.1.0	p1t4	35	5444	0.04153	75.19135633	899	1.5391102780741657	6.539662837982178
7050_plots_line-00166-s010fb6d2_1024x1024.sdr.s1024	1024	1024	7000	svt-av1-v4.1.0	p1t4	45	3896	0.02972	68.09806776	678	1.722284122878544	7.335486888885498
7050_plots_line-00166-s010fb6d2_1024x1024.sdr.s1024	1024	1024	7000	svt-av1-v4.1.0	p1t4	55	3106	0.02370	51.36045819	593	3.294173228099352	15.49832820892334
7050_plots_line-00166-s010fb6d2_1024x1024.sdr.s1024	1024	1024	7000	svt-av1-v4.1.0	p1t4	65	1791	0.01366	7.40041830	532	7.820352942944289	34.99457550048828
7050_plots_line-00166-s010fb6d2_1024x1024.sdr.s1024	1024	1024	7000	svt-av1-v4.1.0	p2t4	15	9357	0.07139	77.46208603	487	1.444467737856261	6.141433238983154
7050_plots_line-00166-s010fb6d2_1024x1024.sdr.s1024	1024	1024	7000	svt-av1-v4.1.0	p2t4	25	7543	0.05755	76.36779794	473	1.4530323709869368	6.137568950653076
7050_plots_line-00166-s010fb6d2_1024x1024.sdr.s1024	1024	1024	7000	svt-av1-v4.1.0	p2t4	35	5446	0.04155	74.93784671	420	1.5026877188912386	6.285592079162598
7050_plots_line-00166-s010fb6d2_1024x1024.sdr.s1024	1024	1024	7000	svt-av1-v4.1.0	p2t4	45	3935	0.03002	66.65328537	483	1.9420631986056047	8.993489265441895
7050_plots_line-00166-s010fb6d2_1024x1024.sdr.s1024	1024	1024	7000	svt-av1-v4.1.0	p2t4	55	3269	0.02494	48.15387463	392	3.007591399726494	14.130825996398926
7050_plots_line-00166-s010fb6d2_1024x1024.sdr.s1024	1024	1024	7000	svt-av1-v4.1.0	p2t4	65	1825	0.01392	6.64132586	307	7.710566156994055	36.60818099975586
7050_plots_line-00166-s010fb6d2_1024x1024.sdr.s1024	1024	1024	7000	svt-av1-v4.1.0	p6t4	15	305312	2.32935	76.95640907	239	1.4602782894471085	6.051469802856445
7050_plots_line-00166-s010fb6d2_1024x1024.sdr.s1024	1024	1024	7000	svt-av1-v4.1.0	p6t4	25	241742	1.84435	74.27865205	165	1.4729299937514533	6.073184967041016
7050_plots_line-00166-s010fb6d2_1024x1024.sdr.s1024	1024	1024	7000	svt-av1-v4.1.0	p6t4	35	142129	1.08436	66.26399228	201	1.699163464518503	6.715851783752441
7050_plots_line-00166-s010fb6d2_1024x1024.sdr.s1024	1024	1024	7000	svt-av1-v4.1.0	p6t4	45	64228	0.49002	48.92824296	142	2.3191225852271	9.260146141052246
7050_plots_line-00166-s010fb6d2_1024x1024.sdr.s1024	1024	1024	7000	svt-av1-v4.1.0	p6t4	55	26845	0.20481	31.61639196	103	3.932322604216068	17.604536056518555
7050_plots_line-00166-s010fb6d2_1024x1024.sdr.s1024	1024	1024	7000	svt-av1-v4.1.0	p6t4	65	10621	0.08103	-23.13536311	112	9.690737472563187	44.128456115722656
7050_plots_line-00166-s010fb6d2_1024x1024.sdr.s1024	1024	1024	7000	svt-av1-v4.1.0	p10t4	15	365914	2.79170	75.26971359	87	1.5189363295928697	6.397483825683594
7050_plots_line-00166-s010fb6d2_1024x1024.sdr.s1024	1024	1024	7000	svt-av1-v4.1.0	p10t4	25	280783	2.14220	69.49647679	57	1.5736276896576438	6.316596984863281
7050_plots_line-00166-s010fb6d2_1024x1024.sdr.s1024	1024	1024	7000	svt-av1-v4.1.0	p10t4	35	166296	1.26874	56.58547397	63	1.9220615247847144	6.880483150482178
7050_plots_line-00166-s010fb6d2_1024x1024.sdr.s1024	1024	1024	7000	svt-av1-v4.1.0	p10t4	45	70429	0.53733	38.97751405	50	2.807978486317636	9.978671073913574
7050_plots_line-00166-s010fb6d2_1024x1024.sdr.s1024	1024	1024	7000	svt-av1-v4.1.0	p10t4	55	31847	0.24297	3.15836833	60	4.91996947542134	13.879758834838867
7050_plots_line-00166-s010fb6d2_1024x1024.sdr.s1024	1024	1024	7000	svt-av1-v4.1.0	p10t4	65	26615	0.20306	-56.84629024	56	12.268366679597372	25.656646728515625
7050_plots_line-00166-s010fb6d2_1024x1024.sdr.s1024	1024	1024	7000	svt-av1-v4.1.0	p6t1	15	367835	2.80636	77.62207799	191	1.4465613408524947	6.064096927642822
7050_plots_line-00166-s010fb6d2_1024x1024.sdr.s1024	1024	1024	7000	svt-av1-v4.1.0	p6t1	25	278068	2.12149	76.09265055	147	1.4733845587585084	6.104854106903076
7050_plots_line-00166-s010fb6d2_1024x1024.sdr.s1024	1024	1024	7000	svt-av1-v4.1.0	p6t1	35	179734	1.37126	69.20050250	163	1.6548945493958025	6.561903476715088
7050_plots_line-00166-s010fb6d2_1024x1024.sdr.s1024	1024	1024	7000	svt-av1-v4.1.0	p6t1	45	94864	0.72375	52.99046595	158	2.4605717765418187	11.6718111038208
7050_plots_line-00166-s010fb6d2_1024x1024.sdr.s1024	1024	1024	7000	svt-av1-v4.1.0	p6t1	55	36039	0.27496	32.78994453	140	3.915736437261621	16.6407470703125
7050_plots_line-00166-s010fb6d2_1024x1024.sdr.s1024	1024	1024	7000	svt-av1-v4.1.0	p6t1	65	12230	0.09331	-33.59288597	127	11.123416228037797	44.99861145019531
9868_gen_products-sporting-goods_rain-shell-jacket_feature_p0629_1024x1536.sdr.s1024	682	1024	9226	svt-av1-v4.1.0	p0t4	15	37142	0.42547	81.58764094	2135	0.8289873291386778	2.914365530014038
9868_gen_products-sporting-goods_rain-shell-jacket_feature_p0629_1024x1536.sdr.s1024	682	1024	9226	svt-av1-v4.1.0	p0t4	25	25543	0.29260	79.52574854	2594	0.9091124912900911	2.958543062210083
9868_gen_products-sporting-goods_rain-shell-jacket_feature_p0629_1024x1536.sdr.s1024	682	1024	9226	svt-av1-v4.1.0	p0t4	35	16973	0.19443	74.18466179	2398	1.1644519712874157	3.5168042182922363
9868_gen_products-sporting-goods_rain-shell-jacket_feature_p0629_1024x1536.sdr.s1024	682	1024	9226	svt-av1-v4.1.0	p0t4	45	9855	0.11289	62.77000499	2271	1.8430224748235495	5.337606430053711
9868_gen_products-sporting-goods_rain-shell-jacket_feature_p0629_1024x1536.sdr.s1024	682	1024	9226	svt-av1-v4.1.0	p0t4	55	5414	0.06202	43.76978522	2475	3.1923601437952804	11.214011192321777
9868_gen_products-sporting-goods_rain-shell-jacket_feature_p0629_1024x1536.sdr.s1024	682	1024	9226	svt-av1-v4.1.0	p0t4	65	2391	0.02739	4.82950428	1822	6.626652989441259	21.736461639404297
9868_gen_products-sporting-goods_rain-shell-jacket_feature_p0629_1024x1536.sdr.s1024	682	1024	9226	svt-av1-v4.1.0	p1t4	15	37505	0.42963	81.61079692	1294	0.8330825133223806	2.9800729751586914
9868_gen_products-sporting-goods_rain-shell-jacket_feature_p0629_1024x1536.sdr.s1024	682	1024	9226	svt-av1-v4.1.0	p1t4	25	25694	0.29433	79.17037254	1377	0.90982095206867	2.9561784267425537
9868_gen_products-sporting-goods_rain-shell-jacket_feature_p0629_1024x1536.sdr.s1024	682	1024	9226	svt-av1-v4.1.0	p1t4	35	17080	0.19566	74.17172630	1322	1.240953718551468	4.474520683288574
9868_gen_products-sporting-goods_rain-shell-jacket_feature_p0629_1024x1536.sdr.s1024	682	1024	9226	svt-av1-v4.1.0	p1t4	45	9918	0.11361	62.89205189	1169	1.8795623983297525	5.65325403213501
9868_gen_products-sporting-goods_rain-shell-jacket_feature_p0629_1024x1536.sdr.s1024	682	1024	9226	svt-av1-v4.1.0	p1t4	55	5491	0.06290	43.86047406	1065	3.2401886895415415	11.64196491241455
9868_gen_products-sporting-goods_rain-shell-jacket_feature_p0629_1024x1536.sdr.s1024	682	1024	9226	svt-av1-v4.1.0	p1t4	65	2468	0.02827	2.90569992	762	6.907107214598674	25.43711280822754
9868_gen_products-sporting-goods_rain-shell-jacket_feature_p0629_1024x1536.sdr.s1024	682	1024	9226	svt-av1-v4.1.0	p2t4	15	38038	0.43574	81.26843068	548	0.8435659404695599	3.085447072982788
9868_gen_products-sporting-goods_rain-shell-jacket_feature_p0629_1024x1536.sdr.s1024	682	1024	9226	svt-av1-v4.1.0	p2t4	25	26047	0.29838	79.00351709	632	0.9189529948729066	3.068793773651123
9868_gen_products-sporting-goods_rain-shell-jacket_feature_p0629_1024x1536.sdr.s1024	682	1024	9226	svt-av1-v4.1.0	p2t4	35	17098	0.19586	73.87000348	555	1.225319760909448	4.255660533905029
9868_gen_products-sporting-goods_rain-shell-jacket_feature_p0629_1024x1536.sdr.s1024	682	1024	9226	svt-av1-v4.1.0	p2t4	45	9971	0.11422	61.88155883	662	1.880358129723852	5.8896942138671875
9868_gen_products-sporting-goods_rain-shell-jacket_feature_p0629_1024x1536.sdr.s1024	682	1024	9226	svt-av1-v4.1.0	p2t4	55	5495	0.06295	42.78778781	814	3.189656488248095	10.139042854309082
9868_gen_products-sporting-goods_rain-shell-jacket_feature_p0629_1024x1536.sdr.s1024	682	1024	9226	svt-av1-v4.1.0	p2t4	65	2483	0.02844	5.89594042	678	6.247385298593838	21.506580352783203
9868_gen_products-sporting-goods_rain-shell-jacket_feature_p0629_1024x1536.sdr.s1024	682	1024	9226	svt-av1-v4.1.0	p6t4	15	41607	0.47662	81.17989440	86	0.842988800264664	2.956284284591675
9868_gen_products-sporting-goods_rain-shell-jacket_feature_p0629_1024x1536.sdr.s1024	682	1024	9226	svt-av1-v4.1.0	p6t4	25	29687	0.34007	78.84970727	96	0.9404704539963874	3.1757514476776123
9868_gen_products-sporting-goods_rain-shell-jacket_feature_p0629_1024x1536.sdr.s1024	682	1024	9226	svt-av1-v4.1.0	p6t4	35	20115	0.23042	73.76225964	94	1.1840146946525876	3.601208448410034
9868_gen_products-sporting-goods_rain-shell-jacket_feature_p0629_1024x1536.sdr.s1024	682	1024	9226	svt-av1-v4.1.0	p6t4	45	11925	0.13660	60.64586615	63	2.007773516933588	6.657341957092285
9868_gen_products-sporting-goods_rain-shell-jacket_feature_p0629_1024x1536.sdr.s1024	682	1024	9226	svt-av1-v4.1.0	p6t4	55	6668	0.07638	38.54100604	56	3.741144197885015	12.870582580566406
9868_gen_products-sporting-goods_rain-shell-jacket_feature_p0629_1024x1536.sdr.s1024	682	1024	9226	svt-av1-v4.1.0	p6t4	65	3222	0.03691	1.23865387	58	6.824799293493494	23.845069885253906
9868_gen_products-sporting-goods_rain-shell-jacket_feature_p0629_1024x1536.sdr.s1024	682	1024	9226	svt-av1-v4.1.0	p10t4	15	49107	0.56253	80.51502401	27	0.8496690913679626	2.9533233642578125
9868_gen_products-sporting-goods_rain-shell-jacket_feature_p0629_1024x1536.sdr.s1024	682	1024	9226	svt-av1-v4.1.0	p10t4	25	35626	0.40811	78.20156885	24	0.9505048554406857	2.9919590950012207
9868_gen_products-sporting-goods_rain-shell-jacket_feature_p0629_1024x1536.sdr.s1024	682	1024	9226	svt-av1-v4.1.0	p10t4	35	23778	0.27238	72.09233853	32	1.2786756686195613	3.778827667236328
9868_gen_products-sporting-goods_rain-shell-jacket_feature_p0629_1024x1536.sdr.s1024	682	1024	9226	svt-av1-v4.1.0	p10t4	45	13694	0.15687	58.89330074	24	2.0786387068375176	6.413872718811035
9868_gen_products-sporting-goods_rain-shell-jacket_feature_p0629_1024x1536.sdr.s1024	682	1024	9226	svt-av1-v4.1.0	p10t4	55	7389	0.08464	36.17413926	23	3.8700715706425775	13.646292686462402
9868_gen_products-sporting-goods_rain-shell-jacket_feature_p0629_1024x1536.sdr.s1024	682	1024	9226	svt-av1-v4.1.0	p10t4	65	3779	0.04329	1.48174639	33	6.378214874344497	21.46662712097168
9868_gen_products-sporting-goods_rain-shell-jacket_feature_p0629_1024x1536.sdr.s1024	682	1024	9226	svt-av1-v4.1.0	p6t1	15	33530	0.38410	79.78650273	110	0.8953517588393805	2.9301881790161133
9868_gen_products-sporting-goods_rain-shell-jacket_feature_p0629_1024x1536.sdr.s1024	682	1024	9226	svt-av1-v4.1.0	p6t1	25	23015	0.26364	74.37456906	95	1.105969732139446	3.162627696990967
9868_gen_products-sporting-goods_rain-shell-jacket_feature_p0629_1024x1536.sdr.s1024	682	1024	9226	svt-av1-v4.1.0	p6t1	35	14868	0.17032	64.61900891	82	1.6992007839563206	5.009087562561035
9868_gen_products-sporting-goods_rain-shell-jacket_feature_p0629_1024x1536.sdr.s1024	682	1024	9226	svt-av1-v4.1.0	p6t1	45	8949	0.10251	46.10585756	70	2.707112646599281	7.70845365524292
9868_gen_products-sporting-goods_rain-shell-jacket_feature_p0629_1024x1536.sdr.s1024	682	1024	9226	svt-av1-v4.1.0	p6t1	55	4873	0.05582	17.08597117	84	4.582681581733756	14.130328178405762
9868_gen_products-sporting-goods_rain-shell-jacket_feature_p0629_1024x1536.sdr.s1024	682	1024	9226	svt-av1-v4.1.0	p6t1	65	917	0.01050	-56.57189875	69	12.277882782897622	42.53543472290039
