image	w	h	family	encoder	fmt	q	bytes	bpp	ssim2	enc_ms	butteraugli_3n	butteraugli_max
5004_nps_blca-black-canyon-2023_color_p02_7016x4961.sdr.s1024	1024	724	5000	svt-av1-v4.1.0	p2t4	15	146314	1.57884	78.51408340	600	1.0593400868648226	4.164605140686035
5004_nps_blca-black-canyon-2023_color_p02_7016x4961.sdr.s1024	1024	724	5000	svt-av1-v4.1.0	p2t4	25	106109	1.14500	74.85940660	840	1.1407744156101554	4.292242050170898
5004_nps_blca-black-canyon-2023_color_p02_7016x4961.sdr.s1024	1024	724	5000	svt-av1-v4.1.0	p2t4	35	66465	0.71721	65.22001312	856	1.5737339048200696	6.258037567138672
5004_nps_blca-black-canyon-2023_color_p02_7016x4961.sdr.s1024	1024	724	5000	svt-av1-v4.1.0	p2t4	45	30034	0.32409	40.89850826	809	2.383579884268969	6.785625457763672
5004_nps_blca-black-canyon-2023_color_p02_7016x4961.sdr.s1024	1024	724	5000	svt-av1-v4.1.0	p2t4	55	11505	0.12415	4.60893142	1022	4.050665751455409	13.677299499511719
5004_nps_blca-black-canyon-2023_color_p02_7016x4961.sdr.s1024	1024	724	5000	svt-av1-v4.1.0	p2t4	65	3239	0.03495	-46.12973756	578	8.077839085572284	26.51215171813965
5004_nps_blca-black-canyon-2023_color_p02_7016x4961.sdr.s1024	1024	724	5000	svt-av1-v4.1.0	p6t4	15	148803	1.60570	78.40621851	143	1.0790668208878074	4.173431396484375
5004_nps_blca-black-canyon-2023_color_p02_7016x4961.sdr.s1024	1024	724	5000	svt-av1-v4.1.0	p6t4	25	108606	1.17194	74.37196299	153	1.181492952725961	4.509798526763916
5004_nps_blca-black-canyon-2023_color_p02_7016x4961.sdr.s1024	1024	724	5000	svt-av1-v4.1.0	p6t4	35	65831	0.71037	62.90830442	120	1.5287483488255678	5.068236351013184
5004_nps_blca-black-canyon-2023_color_p02_7016x4961.sdr.s1024	1024	724	5000	svt-av1-v4.1.0	p6t4	45	29053	0.31350	37.73551154	97	2.5270058267408406	7.269165992736816
5004_nps_blca-black-canyon-2023_color_p02_7016x4961.sdr.s1024	1024	724	5000	svt-av1-v4.1.0	p6t4	55	10882	0.11742	-2.22166882	67	4.353229170213145	13.794678688049316
5004_nps_blca-black-canyon-2023_color_p02_7016x4961.sdr.s1024	1024	724	5000	svt-av1-v4.1.0	p6t4	65	3405	0.03674	-48.55507725	56	7.929407834666381	26.678922653198242
5004_nps_blca-black-canyon-2023_color_p02_7016x4961.sdr.s1024	1024	724	5000	svt-av1-v4.1.0	p10t4	15	164302	1.77294	77.48057634	41	1.1116122135117779	4.464434623718262
5004_nps_blca-black-canyon-2023_color_p02_7016x4961.sdr.s1024	1024	724	5000	svt-av1-v4.1.0	p10t4	25	119447	1.28892	72.15564520	57	1.292324133938274	4.85233211517334
5004_nps_blca-black-canyon-2023_color_p02_7016x4961.sdr.s1024	1024	724	5000	svt-av1-v4.1.0	p10t4	35	68826	0.74268	60.37145170	48	1.732148559496026	4.97675085067749
5004_nps_blca-black-canyon-2023_color_p02_7016x4961.sdr.s1024	1024	724	5000	svt-av1-v4.1.0	p10t4	45	30836	0.33274	34.99295017	43	2.781252874170564	7.611536026000977
5004_nps_blca-black-canyon-2023_color_p02_7016x4961.sdr.s1024	1024	724	5000	svt-av1-v4.1.0	p10t4	55	11206	0.12092	-6.17229527	43	4.6110932177890644	13.28226375579834
5004_nps_blca-black-canyon-2023_color_p02_7016x4961.sdr.s1024	1024	724	5000	svt-av1-v4.1.0	p10t4	65	4069	0.04391	-47.53155463	36	7.385312506380989	22.92829704284668
5004_nps_blca-black-canyon-2023_color_p02_7016x4961.sdr.s1024	1024	724	5000	svt-av1-v4.1.0	p6t1	15	135898	1.46644	75.97231515	138	1.1419903821226294	4.551164627075195
5004_nps_blca-black-canyon-2023_color_p02_7016x4961.sdr.s1024	1024	724	5000	svt-av1-v4.1.0	p6t1	25	91638	0.98884	67.42534690	133	1.3331828829817527	4.37476110458374
5004_nps_blca-black-canyon-2023_color_p02_7016x4961.sdr.s1024	1024	724	5000	svt-av1-v4.1.0	p6t1	35	51790	0.55885	48.27687845	127	1.9726764842407523	5.051468372344971
5004_nps_blca-black-canyon-2023_color_p02_7016x4961.sdr.s1024	1024	724	5000	svt-av1-v4.1.0	p6t1	45	20980	0.22639	15.22153671	111	3.281249871586139	9.386094093322754
5004_nps_blca-black-canyon-2023_color_p02_7016x4961.sdr.s1024	1024	724	5000	svt-av1-v4.1.0	p6t1	55	6639	0.07164	-29.91048969	78	5.804562377918988	17.030956268310547
5004_nps_blca-black-canyon-2023_color_p02_7016x4961.sdr.s1024	1024	724	5000	svt-av1-v4.1.0	p6t1	65	729	0.00787	-64.32858500	69	11.809697839148129	38.88458251953125
8196_web-screenshots_nps-grand-canyon_dpr1_page1_1920x1080.sdr.s1024	1024	576	8100	svt-av1-v4.1.0	p2t4	15	95894	1.30065	82.20731178	521	1.2909632845550842	6.447262763977051
8196_web-screenshots_nps-grand-canyon_dpr1_page1_1920x1080.sdr.s1024	1024	576	8100	svt-av1-v4.1.0	p2t4	25	69488	0.94249	79.05085949	596	1.2657483954817899	5.858092784881592
8196_web-screenshots_nps-grand-canyon_dpr1_page1_1920x1080.sdr.s1024	1024	576	8100	svt-av1-v4.1.0	p2t4	35	43739	0.59325	69.67607615	586	1.485093605361732	5.470889568328857
8196_web-screenshots_nps-grand-canyon_dpr1_page1_1920x1080.sdr.s1024	1024	576	8100	svt-av1-v4.1.0	p2t4	45	24158	0.32766	52.99528722	648	2.3776056769660037	7.841010093688965
8196_web-screenshots_nps-grand-canyon_dpr1_page1_1920x1080.sdr.s1024	1024	576	8100	svt-av1-v4.1.0	p2t4	55	11580	0.15706	26.20134326	882	3.944274307304891	11.515064239501953
8196_web-screenshots_nps-grand-canyon_dpr1_page1_1920x1080.sdr.s1024	1024	576	8100	svt-av1-v4.1.0	p2t4	65	3474	0.04712	-23.84464906	554	9.824099765542677	40.41877365112305
8196_web-screenshots_nps-grand-canyon_dpr1_page1_1920x1080.sdr.s1024	1024	576	8100	svt-av1-v4.1.0	p6t4	15	97390	1.32094	82.05473438	100	1.2638544586683251	6.176133632659912
8196_web-screenshots_nps-grand-canyon_dpr1_page1_1920x1080.sdr.s1024	1024	576	8100	svt-av1-v4.1.0	p6t4	25	71838	0.97437	78.17269610	118	1.3226661035506548	6.105356216430664
8196_web-screenshots_nps-grand-canyon_dpr1_page1_1920x1080.sdr.s1024	1024	576	8100	svt-av1-v4.1.0	p6t4	35	44729	0.60668	68.78357453	102	1.5096465577824727	5.244297981262207
8196_web-screenshots_nps-grand-canyon_dpr1_page1_1920x1080.sdr.s1024	1024	576	8100	svt-av1-v4.1.0	p6t4	45	24259	0.32903	50.86970667	91	2.4351295120180176	7.05402135848999
8196_web-screenshots_nps-grand-canyon_dpr1_page1_1920x1080.sdr.s1024	1024	576	8100	svt-av1-v4.1.0	p6t4	55	10994	0.14912	20.88792306	65	4.421650101486208	12.876814842224121
8196_web-screenshots_nps-grand-canyon_dpr1_page1_1920x1080.sdr.s1024	1024	576	8100	svt-av1-v4.1.0	p6t4	65	3682	0.04994	-27.33250645	58	8.774639604986145	28.786497116088867
8196_web-screenshots_nps-grand-canyon_dpr1_page1_1920x1080.sdr.s1024	1024	576	8100	svt-av1-v4.1.0	p10t4	15	105613	1.43247	80.57445595	47	1.3927736825976236	6.857118606567383
8196_web-screenshots_nps-grand-canyon_dpr1_page1_1920x1080.sdr.s1024	1024	576	8100	svt-av1-v4.1.0	p10t4	25	82528	1.11936	76.91573560	43	1.5033783829245777	7.047669410705566
8196_web-screenshots_nps-grand-canyon_dpr1_page1_1920x1080.sdr.s1024	1024	576	8100	svt-av1-v4.1.0	p10t4	35	50477	0.68464	66.71249156	35	1.7961598105851315	7.149779319763184
8196_web-screenshots_nps-grand-canyon_dpr1_page1_1920x1080.sdr.s1024	1024	576	8100	svt-av1-v4.1.0	p10t4	45	26459	0.35887	47.66490418	40	2.7032992140707837	7.869446277618408
8196_web-screenshots_nps-grand-canyon_dpr1_page1_1920x1080.sdr.s1024	1024	576	8100	svt-av1-v4.1.0	p10t4	55	11857	0.16082	18.37795897	33	4.564195595790701	13.12898063659668
8196_web-screenshots_nps-grand-canyon_dpr1_page1_1920x1080.sdr.s1024	1024	576	8100	svt-av1-v4.1.0	p10t4	65	5750	0.07799	-21.86560838	25	7.8776562784816635	27.9451904296875
8196_web-screenshots_nps-grand-canyon_dpr1_page1_1920x1080.sdr.s1024	1024	576	8100	svt-av1-v4.1.0	p6t1	15	95627	1.29702	80.66350769	107	1.3029064680949984	6.286335468292236
8196_web-screenshots_nps-grand-canyon_dpr1_page1_1920x1080.sdr.s1024	1024	576	8100	svt-av1-v4.1.0	p6t1	25	66034	0.89564	74.99022504	104	1.3972999422272725	5.974914073944092
8196_web-screenshots_nps-grand-canyon_dpr1_page1_1920x1080.sdr.s1024	1024	576	8100	svt-av1-v4.1.0	p6t1	35	40173	0.54488	61.32622467	83	1.7756224486071854	6.065784931182861
8196_web-screenshots_nps-grand-canyon_dpr1_page1_1920x1080.sdr.s1024	1024	576	8100	svt-av1-v4.1.0	p6t1	45	21741	0.29488	38.03633063	82	2.900093516941039	7.633570671081543
8196_web-screenshots_nps-grand-canyon_dpr1_page1_1920x1080.sdr.s1024	1024	576	8100	svt-av1-v4.1.0	p6t1	55	9634	0.13067	3.78928265	79	5.228463014752626	16.022680282592773
8196_web-screenshots_nps-grand-canyon_dpr1_page1_1920x1080.sdr.s1024	1024	576	8100	svt-av1-v4.1.0	p6t1	65	1380	0.01872	-62.07877172	66	14.085619627924617	42.85041809082031
9228_gen_products-accessories_cateye-sunglasses_p0003_3840x2160.sdr.s1024	1024	576	9226	svt-av1-v4.1.0	p2t4	15	26297	0.35668	84.82100909	224	0.8587280412820029	2.7939910888671875
9228_gen_products-accessories_cateye-sunglasses_p0003_3840x2160.sdr.s1024	1024	576	9226	svt-av1-v4.1.0	p2t4	25	18373	0.24920	83.10330193	266	0.9669759945860307	3.1531896591186523
9228_gen_products-accessories_cateye-sunglasses_p0003_3840x2160.sdr.s1024	1024	576	9226	svt-av1-v4.1.0	p2t4	35	11896	0.16135	78.56743707	293	1.303952465171349	3.9696757793426514
9228_gen_products-accessories_cateye-sunglasses_p0003_3840x2160.sdr.s1024	1024	576	9226	svt-av1-v4.1.0	p2t4	45	6741	0.09143	67.32042564	290	2.1525743051106834	6.9971747398376465
9228_gen_products-accessories_cateye-sunglasses_p0003_3840x2160.sdr.s1024	1024	576	9226	svt-av1-v4.1.0	p2t4	55	3899	0.05288	52.71308869	453	3.4941001910372242	11.446891784667969
9228_gen_products-accessories_cateye-sunglasses_p0003_3840x2160.sdr.s1024	1024	576	9226	svt-av1-v4.1.0	p2t4	65	1991	0.02700	24.27922060	305	6.790545561844563	25.506113052368164
9228_gen_products-accessories_cateye-sunglasses_p0003_3840x2160.sdr.s1024	1024	576	9226	svt-av1-v4.1.0	p6t4	15	31289	0.42438	84.57243009	81	0.8564662118674534	2.525657892227173
9228_gen_products-accessories_cateye-sunglasses_p0003_3840x2160.sdr.s1024	1024	576	9226	svt-av1-v4.1.0	p6t4	25	23058	0.31274	82.93692024	81	0.9914627944260351	2.86287522315979
9228_gen_products-accessories_cateye-sunglasses_p0003_3840x2160.sdr.s1024	1024	576	9226	svt-av1-v4.1.0	p6t4	35	15573	0.21122	77.98616800	78	1.3216951098939254	4.444250106811523
9228_gen_products-accessories_cateye-sunglasses_p0003_3840x2160.sdr.s1024	1024	576	9226	svt-av1-v4.1.0	p6t4	45	9116	0.12364	66.62351586	81	2.1024880630476797	6.716463565826416
9228_gen_products-accessories_cateye-sunglasses_p0003_3840x2160.sdr.s1024	1024	576	9226	svt-av1-v4.1.0	p6t4	55	5250	0.07121	49.65503679	71	3.7474043716848535	13.929909706115723
9228_gen_products-accessories_cateye-sunglasses_p0003_3840x2160.sdr.s1024	1024	576	9226	svt-av1-v4.1.0	p6t4	65	2682	0.03638	20.87237607	64	6.665730409166329	20.291715621948242
9228_gen_products-accessories_cateye-sunglasses_p0003_3840x2160.sdr.s1024	1024	576	9226	svt-av1-v4.1.0	p10t4	15	36595	0.49635	83.97740771	44	0.8822908237258421	2.7471210956573486
9228_gen_products-accessories_cateye-sunglasses_p0003_3840x2160.sdr.s1024	1024	576	9226	svt-av1-v4.1.0	p10t4	25	27099	0.36755	81.59512666	35	1.0057392251792836	2.9581665992736816
9228_gen_products-accessories_cateye-sunglasses_p0003_3840x2160.sdr.s1024	1024	576	9226	svt-av1-v4.1.0	p10t4	35	18142	0.24607	76.16107404	30	1.367423358090985	4.30048942565918
9228_gen_products-accessories_cateye-sunglasses_p0003_3840x2160.sdr.s1024	1024	576	9226	svt-av1-v4.1.0	p10t4	45	10489	0.14227	64.48748135	29	2.235688107664173	7.427682399749756
9228_gen_products-accessories_cateye-sunglasses_p0003_3840x2160.sdr.s1024	1024	576	9226	svt-av1-v4.1.0	p10t4	55	5885	0.07982	49.36859125	25	3.54242215419247	13.083184242248535
9228_gen_products-accessories_cateye-sunglasses_p0003_3840x2160.sdr.s1024	1024	576	9226	svt-av1-v4.1.0	p10t4	65	3222	0.04370	25.51248594	29	6.33706169865966	24.075672149658203
9228_gen_products-accessories_cateye-sunglasses_p0003_3840x2160.sdr.s1024	1024	576	9226	svt-av1-v4.1.0	p6t1	15	27423	0.37195	83.59297798	83	0.9461066220529465	2.8737778663635254
9228_gen_products-accessories_cateye-sunglasses_p0003_3840x2160.sdr.s1024	1024	576	9226	svt-av1-v4.1.0	p6t1	25	18770	0.25458	79.69338716	52	1.176338206451909	3.444645881652832
9228_gen_products-accessories_cateye-sunglasses_p0003_3840x2160.sdr.s1024	1024	576	9226	svt-av1-v4.1.0	p6t1	35	11814	0.16024	71.74494781	57	1.789485511832612	6.512763023376465
9228_gen_products-accessories_cateye-sunglasses_p0003_3840x2160.sdr.s1024	1024	576	9226	svt-av1-v4.1.0	p6t1	45	6868	0.09315	57.30958741	52	2.783181548236809	8.905479431152344
9228_gen_products-accessories_cateye-sunglasses_p0003_3840x2160.sdr.s1024	1024	576	9226	svt-av1-v4.1.0	p6t1	55	3676	0.04986	34.39823337	51	5.016056311595739	17.916297912597656
9228_gen_products-accessories_cateye-sunglasses_p0003_3840x2160.sdr.s1024	1024	576	9226	svt-av1-v4.1.0	p6t1	65	940	0.01275	-30.89949026	53	14.032508889608295	46.405364990234375
9958_gen_products-whitelabeled-beverages_beverage-smoothie-bottle_p0716_1024x1536.sdr.s1024	682	1024	9226	svt-av1-v4.1.0	p2t4	15	23428	0.26837	85.95612238	265	0.807304828599245	3.109196424484253
9958_gen_products-whitelabeled-beverages_beverage-smoothie-bottle_p0716_1024x1536.sdr.s1024	682	1024	9226	svt-av1-v4.1.0	p2t4	25	14658	0.16791	83.27279477	301	0.8802092546566284	3.021176815032959
9958_gen_products-whitelabeled-beverages_beverage-smoothie-bottle_p0716_1024x1536.sdr.s1024	682	1024	9226	svt-av1-v4.1.0	p2t4	35	8592	0.09842	78.57617612	292	1.0657993787641036	2.9848852157592773
9958_gen_products-whitelabeled-beverages_beverage-smoothie-bottle_p0716_1024x1536.sdr.s1024	682	1024	9226	svt-av1-v4.1.0	p2t4	45	3634	0.04163	66.46939861	230	1.658975593691367	4.569138526916504
9958_gen_products-whitelabeled-beverages_beverage-smoothie-bottle_p0716_1024x1536.sdr.s1024	682	1024	9226	svt-av1-v4.1.0	p2t4	55	1700	0.01947	50.47547879	350	2.633315710370501	8.517489433288574
9958_gen_products-whitelabeled-beverages_beverage-smoothie-bottle_p0716_1024x1536.sdr.s1024	682	1024	9226	svt-av1-v4.1.0	p2t4	65	810	0.00928	26.34259373	223	4.338344005630064	14.443244934082031
9958_gen_products-whitelabeled-beverages_beverage-smoothie-bottle_p0716_1024x1536.sdr.s1024	682	1024	9226	svt-av1-v4.1.0	p6t4	15	24571	0.28147	85.52651017	76	0.8042357107273457	2.9076199531555176
9958_gen_products-whitelabeled-beverages_beverage-smoothie-bottle_p0716_1024x1536.sdr.s1024	682	1024	9226	svt-av1-v4.1.0	p6t4	25	16279	0.18648	82.95080464	63	0.8590344028012251	2.701570510864258
9958_gen_products-whitelabeled-beverages_beverage-smoothie-bottle_p0716_1024x1536.sdr.s1024	682	1024	9226	svt-av1-v4.1.0	p6t4	35	9913	0.11356	78.24533083	79	1.0737384322393633	2.977696418762207
9958_gen_products-whitelabeled-beverages_beverage-smoothie-bottle_p0716_1024x1536.sdr.s1024	682	1024	9226	svt-av1-v4.1.0	p6t4	45	4409	0.05051	66.30451124	57	1.6517313407181657	4.349453449249268
9958_gen_products-whitelabeled-beverages_beverage-smoothie-bottle_p0716_1024x1536.sdr.s1024	682	1024	9226	svt-av1-v4.1.0	p6t4	55	2071	0.02372	48.65047408	65	2.6533519311475	7.728578567504883
9958_gen_products-whitelabeled-beverages_beverage-smoothie-bottle_p0716_1024x1536.sdr.s1024	682	1024	9226	svt-av1-v4.1.0	p6t4	65	1031	0.01181	25.23121539	60	4.711999508093844	18.98037338256836
9958_gen_products-whitelabeled-beverages_beverage-smoothie-bottle_p0716_1024x1536.sdr.s1024	682	1024	9226	svt-av1-v4.1.0	p10t4	15	27821	0.31870	85.23709752	34	0.8114959814523518	2.9053566455841064
9958_gen_products-whitelabeled-beverages_beverage-smoothie-bottle_p0716_1024x1536.sdr.s1024	682	1024	9226	svt-av1-v4.1.0	p10t4	25	18614	0.21323	82.76708412	37	0.9307912618530078	3.2126593589782715
9958_gen_products-whitelabeled-beverages_beverage-smoothie-bottle_p0716_1024x1536.sdr.s1024	682	1024	9226	svt-av1-v4.1.0	p10t4	35	11201	0.12831	77.28122587	34	1.0896300890703225	3.128145456314087
9958_gen_products-whitelabeled-beverages_beverage-smoothie-bottle_p0716_1024x1536.sdr.s1024	682	1024	9226	svt-av1-v4.1.0	p10t4	45	5169	0.05921	65.74702284	34	1.702422518808188	4.8100996017456055
9958_gen_products-whitelabeled-beverages_beverage-smoothie-bottle_p0716_1024x1536.sdr.s1024	682	1024	9226	svt-av1-v4.1.0	p10t4	55	2569	0.02943	48.25927213	36	2.8084051117528435	9.473060607910156
9958_gen_products-whitelabeled-beverages_beverage-smoothie-bottle_p0716_1024x1536.sdr.s1024	682	1024	9226	svt-av1-v4.1.0	p10t4	65	1341	0.01536	24.73158438	27	4.59692242523984	16.566669464111328
9958_gen_products-whitelabeled-beverages_beverage-smoothie-bottle_p0716_1024x1536.sdr.s1024	682	1024	9226	svt-av1-v4.1.0	p6t1	15	16819	0.19267	83.06152188	69	0.9006212929469836	3.0252702236175537
9958_gen_products-whitelabeled-beverages_beverage-smoothie-bottle_p0716_1024x1536.sdr.s1024	682	1024	9226	svt-av1-v4.1.0	p6t1	25	8584	0.09833	76.18213045	54	1.1279930623697432	3.178178071975708
9958_gen_products-whitelabeled-beverages_beverage-smoothie-bottle_p0716_1024x1536.sdr.s1024	682	1024	9226	svt-av1-v4.1.0	p6t1	35	4195	0.04805	64.26214277	45	1.7374004951761421	5.247257232666016
9958_gen_products-whitelabeled-beverages_beverage-smoothie-bottle_p0716_1024x1536.sdr.s1024	682	1024	9226	svt-av1-v4.1.0	p6t1	45	2089	0.02393	46.98267223	50	2.6984967706531067	9.335074424743652
9958_gen_products-whitelabeled-beverages_beverage-smoothie-bottle_p0716_1024x1536.sdr.s1024	682	1024	9226	svt-av1-v4.1.0	p6t1	55	1091	0.01250	27.85590166	54	4.162344741014577	14.822624206542969
9958_gen_products-whitelabeled-beverages_beverage-smoothie-bottle_p0716_1024x1536.sdr.s1024	682	1024	9226	svt-av1-v4.1.0	p6t1	65	368	0.00422	-17.78633501	57	10.640740701229971	36.6566162109375
9118_gen_illustrations_farmers-market-stall_1536x1024.sdr.s1024	1024	682	9094	svt-av1-v4.1.0	p2t4	15	304154	3.48417	77.92455156	669	1.1490226941197077	3.558649778366089
9118_gen_illustrations_farmers-market-stall_1536x1024.sdr.s1024	1024	682	9094	svt-av1-v4.1.0	p2t4	25	217999	2.49724	74.28685195	960	1.278992807366173	3.695497512817383
9118_gen_illustrations_farmers-market-stall_1536x1024.sdr.s1024	1024	682	9094	svt-av1-v4.1.0	p2t4	35	132489	1.51770	62.84512482	1188	1.769490020452655	5.240344524383545
9118_gen_illustrations_farmers-market-stall_1536x1024.sdr.s1024	1024	682	9094	svt-av1-v4.1.0	p2t4	45	64941	0.74392	40.98003886	1093	2.8825716599482933	7.86614990234375
9118_gen_illustrations_farmers-market-stall_1536x1024.sdr.s1024	1024	682	9094	svt-av1-v4.1.0	p2t4	55	25175	0.28839	7.44074851	1641	4.715968113121425	11.494587898254395
9118_gen_illustrations_farmers-market-stall_1536x1024.sdr.s1024	1024	682	9094	svt-av1-v4.1.0	p2t4	65	5858	0.06711	-52.00628721	674	9.463132499116542	23.210445404052734
9118_gen_illustrations_farmers-market-stall_1536x1024.sdr.s1024	1024	682	9094	svt-av1-v4.1.0	p6t4	15	295478	3.38478	77.53243324	188	1.1999743827512055	4.102884769439697
9118_gen_illustrations_farmers-market-stall_1536x1024.sdr.s1024	1024	682	9094	svt-av1-v4.1.0	p6t4	25	214799	2.46058	73.48469636	174	1.304835144815157	3.7193105220794678
9118_gen_illustrations_farmers-market-stall_1536x1024.sdr.s1024	1024	682	9094	svt-av1-v4.1.0	p6t4	35	128666	1.47390	60.67969069	141	1.8632823699605812	5.210218906402588
9118_gen_illustrations_farmers-market-stall_1536x1024.sdr.s1024	1024	682	9094	svt-av1-v4.1.0	p6t4	45	61529	0.70483	37.91074323	118	2.998957577878482	7.07226037979126
9118_gen_illustrations_farmers-market-stall_1536x1024.sdr.s1024	1024	682	9094	svt-av1-v4.1.0	p6t4	55	22641	0.25936	0.72720844	91	5.0893874883755315	12.064105987548828
9118_gen_illustrations_farmers-market-stall_1536x1024.sdr.s1024	1024	682	9094	svt-av1-v4.1.0	p6t4	65	5982	0.06853	-52.95782196	62	9.586449221875492	22.627870559692383
9118_gen_illustrations_farmers-market-stall_1536x1024.sdr.s1024	1024	682	9094	svt-av1-v4.1.0	p10t4	15	291069	3.33428	76.49506228	73	1.2152175368365767	3.9137940406799316
9118_gen_illustrations_farmers-market-stall_1536x1024.sdr.s1024	1024	682	9094	svt-av1-v4.1.0	p10t4	25	211201	2.41937	71.32931487	47	1.4048880245113233	3.9672038555145264
9118_gen_illustrations_farmers-market-stall_1536x1024.sdr.s1024	1024	682	9094	svt-av1-v4.1.0	p10t4	35	118190	1.35390	56.90180581	48	2.0141681005412058	4.979911804199219
9118_gen_illustrations_farmers-market-stall_1536x1024.sdr.s1024	1024	682	9094	svt-av1-v4.1.0	p10t4	45	55334	0.63387	33.04383362	46	3.2452985775960776	8.344350814819336
9118_gen_illustrations_farmers-market-stall_1536x1024.sdr.s1024	1024	682	9094	svt-av1-v4.1.0	p10t4	55	21947	0.25141	-2.25844679	42	5.327464923498369	12.383298873901367
9118_gen_illustrations_farmers-market-stall_1536x1024.sdr.s1024	1024	682	9094	svt-av1-v4.1.0	p10t4	65	8276	0.09480	-44.68963384	33	8.614178604154864	21.93265151977539
9118_gen_illustrations_farmers-market-stall_1536x1024.sdr.s1024	1024	682	9094	svt-av1-v4.1.0	p6t1	15	313108	3.58674	77.58503551	159	1.1815680135036561	3.797637462615967
9118_gen_illustrations_farmers-market-stall_1536x1024.sdr.s1024	1024	682	9094	svt-av1-v4.1.0	p6t1	25	215766	2.47166	71.47136573	125	1.3578957972761605	4.064176082611084
9118_gen_illustrations_farmers-market-stall_1536x1024.sdr.s1024	1024	682	9094	svt-av1-v4.1.0	p6t1	35	124678	1.42822	56.31954790	128	1.9859371508729062	5.930583953857422
9118_gen_illustrations_farmers-market-stall_1536x1024.sdr.s1024	1024	682	9094	svt-av1-v4.1.0	p6t1	45	58670	0.67208	28.04211862	86	3.2546137577563687	8.336076736450195
9118_gen_illustrations_farmers-market-stall_1536x1024.sdr.s1024	1024	682	9094	svt-av1-v4.1.0	p6t1	55	20271	0.23221	-11.38566967	72	5.587859858086489	15.13199234008789
9118_gen_illustrations_farmers-market-stall_1536x1024.sdr.s1024	1024	682	9094	svt-av1-v4.1.0	p6t1	65	2319	0.02656	-64.66957538	54	14.206094330247971	35.152767181396484
8268_web-screenshots_weather-forecast-nyc_dpr2_page1_2880x1800.sdr.s1024	1024	640	8100	svt-av1-v4.1.0	p2t4	15	57200	0.69824	77.87731726	332	2.0948777905897824	8.156981468200684
8268_web-screenshots_weather-forecast-nyc_dpr2_page1_2880x1800.sdr.s1024	1024	640	8100	svt-av1-v4.1.0	p2t4	25	45128	0.55088	77.01117959	373	2.0774140192307082	7.988476753234863
8268_web-screenshots_weather-forecast-nyc_dpr2_page1_2880x1800.sdr.s1024	1024	640	8100	svt-av1-v4.1.0	p2t4	35	32786	0.40022	72.70881410	403	2.152740454951536	7.9748358726501465
8268_web-screenshots_weather-forecast-nyc_dpr2_page1_2880x1800.sdr.s1024	1024	640	8100	svt-av1-v4.1.0	p2t4	45	20966	0.25593	61.05770276	454	2.5606026686044583	8.476295471191406
8268_web-screenshots_weather-forecast-nyc_dpr2_page1_2880x1800.sdr.s1024	1024	640	8100	svt-av1-v4.1.0	p2t4	55	11380	0.13892	37.93495869	651	4.004034210062398	13.128827095031738
8268_web-screenshots_weather-forecast-nyc_dpr2_page1_2880x1800.sdr.s1024	1024	640	8100	svt-av1-v4.1.0	p2t4	65	3600	0.04395	-14.86634646	373	8.650754227923414	28.578489303588867
8268_web-screenshots_weather-forecast-nyc_dpr2_page1_2880x1800.sdr.s1024	1024	640	8100	svt-av1-v4.1.0	p6t4	15	61613	0.75211	77.80237444	92	2.0255054077516372	7.900041580200195
8268_web-screenshots_weather-forecast-nyc_dpr2_page1_2880x1800.sdr.s1024	1024	640	8100	svt-av1-v4.1.0	p6t4	25	49078	0.59910	76.54157469	75	2.071985716962667	8.089802742004395
8268_web-screenshots_weather-forecast-nyc_dpr2_page1_2880x1800.sdr.s1024	1024	640	8100	svt-av1-v4.1.0	p6t4	35	35208	0.42979	71.15131675	67	2.181449602091043	8.216474533081055
8268_web-screenshots_weather-forecast-nyc_dpr2_page1_2880x1800.sdr.s1024	1024	640	8100	svt-av1-v4.1.0	p6t4	45	21525	0.26276	56.17416359	61	2.732001223842571	9.77539348602295
8268_web-screenshots_weather-forecast-nyc_dpr2_page1_2880x1800.sdr.s1024	1024	640	8100	svt-av1-v4.1.0	p6t4	55	10547	0.12875	26.04434689	68	4.6848417858252285	15.355912208557129
8268_web-screenshots_weather-forecast-nyc_dpr2_page1_2880x1800.sdr.s1024	1024	640	8100	svt-av1-v4.1.0	p6t4	65	3799	0.04637	-17.67014361	65	8.134195443899118	27.98750877380371
8268_web-screenshots_weather-forecast-nyc_dpr2_page1_2880x1800.sdr.s1024	1024	640	8100	svt-av1-v4.1.0	p10t4	15	86272	1.05313	76.80307445	41	2.081629588646746	7.991567134857178
8268_web-screenshots_weather-forecast-nyc_dpr2_page1_2880x1800.sdr.s1024	1024	640	8100	svt-av1-v4.1.0	p10t4	25	67027	0.81820	73.76820739	42	2.18615688609451	8.316062927246094
8268_web-screenshots_weather-forecast-nyc_dpr2_page1_2880x1800.sdr.s1024	1024	640	8100	svt-av1-v4.1.0	p10t4	35	44969	0.54894	64.48379540	42	2.5306316968281997	8.853316307067871
8268_web-screenshots_weather-forecast-nyc_dpr2_page1_2880x1800.sdr.s1024	1024	640	8100	svt-av1-v4.1.0	p10t4	45	25522	0.31155	49.06267020	42	3.4492324654519577	12.802610397338867
8268_web-screenshots_weather-forecast-nyc_dpr2_page1_2880x1800.sdr.s1024	1024	640	8100	svt-av1-v4.1.0	p10t4	55	12290	0.15002	23.28513579	28	4.778620558061357	14.990527153015137
8268_web-screenshots_weather-forecast-nyc_dpr2_page1_2880x1800.sdr.s1024	1024	640	8100	svt-av1-v4.1.0	p10t4	65	5254	0.06414	-12.41325126	34	8.0371130299962	29.607860565185547
8268_web-screenshots_weather-forecast-nyc_dpr2_page1_2880x1800.sdr.s1024	1024	640	8100	svt-av1-v4.1.0	p6t1	15	61549	0.75133	77.55418656	99	2.0557513018256155	7.7729878425598145
8268_web-screenshots_weather-forecast-nyc_dpr2_page1_2880x1800.sdr.s1024	1024	640	8100	svt-av1-v4.1.0	p6t1	25	47138	0.57542	75.54901976	96	2.0305706026678987	7.519009590148926
8268_web-screenshots_weather-forecast-nyc_dpr2_page1_2880x1800.sdr.s1024	1024	640	8100	svt-av1-v4.1.0	p6t1	35	32335	0.39471	65.43956834	71	2.184006754051157	7.9431610107421875
8268_web-screenshots_weather-forecast-nyc_dpr2_page1_2880x1800.sdr.s1024	1024	640	8100	svt-av1-v4.1.0	p6t1	45	20302	0.24783	46.69544926	82	2.753710622996646	8.670604705810547
8268_web-screenshots_weather-forecast-nyc_dpr2_page1_2880x1800.sdr.s1024	1024	640	8100	svt-av1-v4.1.0	p6t1	55	10124	0.12358	15.70377035	62	4.68969825259576	15.526533126831055
8268_web-screenshots_weather-forecast-nyc_dpr2_page1_2880x1800.sdr.s1024	1024	640	8100	svt-av1-v4.1.0	p6t1	65	1222	0.01492	-61.96358071	55	13.731211343903814	48.410423278808594
1236_interiors_ornate-arched-interior_casa-vicens-barcelona_zfold7_iso400-f2p2_20260319-165702_4000x3000.sdr.s1024	768	1024	1200	svt-av1-v4.1.0	p2t4	15	228583	2.32527	81.44624765	653	0.6395368431076027	1.7086766958236694
1236_interiors_ornate-arched-interior_casa-vicens-barcelona_zfold7_iso400-f2p2_20260319-165702_4000x3000.sdr.s1024	768	1024	1200	svt-av1-v4.1.0	p2t4	25	160509	1.63278	75.34661695	893	0.8942058633236604	2.2507762908935547
1236_interiors_ornate-arched-interior_casa-vicens-barcelona_zfold7_iso400-f2p2_20260319-165702_4000x3000.sdr.s1024	768	1024	1200	svt-av1-v4.1.0	p2t4	35	93097	0.94703	60.11290855	820	1.4536658119202575	3.315046787261963
1236_interiors_ornate-arched-interior_casa-vicens-barcelona_zfold7_iso400-f2p2_20260319-165702_4000x3000.sdr.s1024	768	1024	1200	svt-av1-v4.1.0	p2t4	45	44728	0.45500	30.72518294	857	2.4845047815625985	5.861124515533447
1236_interiors_ornate-arched-interior_casa-vicens-barcelona_zfold7_iso400-f2p2_20260319-165702_4000x3000.sdr.s1024	768	1024	1200	svt-av1-v4.1.0	p2t4	55	17917	0.18226	-11.35202728	1399	4.207829255391403	10.713979721069336
1236_interiors_ornate-arched-interior_casa-vicens-barcelona_zfold7_iso400-f2p2_20260319-165702_4000x3000.sdr.s1024	768	1024	1200	svt-av1-v4.1.0	p2t4	65	3988	0.04057	-57.66468361	705	8.68819437574676	24.541969299316406
1236_interiors_ornate-arched-interior_casa-vicens-barcelona_zfold7_iso400-f2p2_20260319-165702_4000x3000.sdr.s1024	768	1024	1200	svt-av1-v4.1.0	p6t4	15	226440	2.30347	80.56056412	166	0.6703919311076652	1.6925936937332153
1236_interiors_ornate-arched-interior_casa-vicens-barcelona_zfold7_iso400-f2p2_20260319-165702_4000x3000.sdr.s1024	768	1024	1200	svt-av1-v4.1.0	p6t4	25	161971	1.64765	74.10517929	128	0.9377739799391689	2.4276695251464844
1236_interiors_ornate-arched-interior_casa-vicens-barcelona_zfold7_iso400-f2p2_20260319-165702_4000x3000.sdr.s1024	768	1024	1200	svt-av1-v4.1.0	p6t4	35	93972	0.95593	58.63937954	101	1.5260454007142397	3.7621374130249023
1236_interiors_ornate-arched-interior_casa-vicens-barcelona_zfold7_iso400-f2p2_20260319-165702_4000x3000.sdr.s1024	768	1024	1200	svt-av1-v4.1.0	p6t4	45	43904	0.44661	28.37024849	93	2.6328922956156364	7.147969722747803
1236_interiors_ornate-arched-interior_casa-vicens-barcelona_zfold7_iso400-f2p2_20260319-165702_4000x3000.sdr.s1024	768	1024	1200	svt-av1-v4.1.0	p6t4	55	16795	0.17085	-15.26540149	90	4.60923571115065	12.493047714233398
1236_interiors_ornate-arched-interior_casa-vicens-barcelona_zfold7_iso400-f2p2_20260319-165702_4000x3000.sdr.s1024	768	1024	1200	svt-av1-v4.1.0	p6t4	65	4228	0.04301	-57.63342221	62	8.766310433141262	25.85405731201172
1236_interiors_ornate-arched-interior_casa-vicens-barcelona_zfold7_iso400-f2p2_20260319-165702_4000x3000.sdr.s1024	768	1024	1200	svt-av1-v4.1.0	p10t4	15	230922	2.34906	79.51025049	65	0.7385339926465765	1.7928550243377686
1236_interiors_ornate-arched-interior_casa-vicens-barcelona_zfold7_iso400-f2p2_20260319-165702_4000x3000.sdr.s1024	768	1024	1200	svt-av1-v4.1.0	p10t4	25	166596	1.69470	72.68555546	57	1.0452804776172593	2.879703998565674
1236_interiors_ornate-arched-interior_casa-vicens-barcelona_zfold7_iso400-f2p2_20260319-165702_4000x3000.sdr.s1024	768	1024	1200	svt-av1-v4.1.0	p10t4	35	95081	0.96721	57.27639192	40	1.6425698975479086	3.930177688598633
1236_interiors_ornate-arched-interior_casa-vicens-barcelona_zfold7_iso400-f2p2_20260319-165702_4000x3000.sdr.s1024	768	1024	1200	svt-av1-v4.1.0	p10t4	45	43927	0.44685	26.81492458	38	2.8333761018185357	8.066374778747559
1236_interiors_ornate-arched-interior_casa-vicens-barcelona_zfold7_iso400-f2p2_20260319-165702_4000x3000.sdr.s1024	768	1024	1200	svt-av1-v4.1.0	p10t4	55	16492	0.16777	-17.51309531	39	4.875120012073636	13.43111515045166
1236_interiors_ornate-arched-interior_casa-vicens-barcelona_zfold7_iso400-f2p2_20260319-165702_4000x3000.sdr.s1024	768	1024	1200	svt-av1-v4.1.0	p10t4	65	5603	0.05700	-55.30593509	29	7.811582881608348	20.966197967529297
1236_interiors_ornate-arched-interior_casa-vicens-barcelona_zfold7_iso400-f2p2_20260319-165702_4000x3000.sdr.s1024	768	1024	1200	svt-av1-v4.1.0	p6t1	15	222013	2.25843	78.18275036	105	0.7546405667988556	1.6907812356948853
1236_interiors_ornate-arched-interior_casa-vicens-barcelona_zfold7_iso400-f2p2_20260319-165702_4000x3000.sdr.s1024	768	1024	1200	svt-av1-v4.1.0	p6t1	25	146683	1.49214	66.93262353	108	1.1582400313148773	2.6441574096679688
1236_interiors_ornate-arched-interior_casa-vicens-barcelona_zfold7_iso400-f2p2_20260319-165702_4000x3000.sdr.s1024	768	1024	1200	svt-av1-v4.1.0	p6t1	35	81067	0.82466	42.88705907	131	1.8900674013830887	4.317529201507568
1236_interiors_ornate-arched-interior_casa-vicens-barcelona_zfold7_iso400-f2p2_20260319-165702_4000x3000.sdr.s1024	768	1024	1200	svt-av1-v4.1.0	p6t1	45	36444	0.37073	2.85252895	76	3.1831724668636867	8.182440757751465
1236_interiors_ornate-arched-interior_casa-vicens-barcelona_zfold7_iso400-f2p2_20260319-165702_4000x3000.sdr.s1024	768	1024	1200	svt-av1-v4.1.0	p6t1	55	12843	0.13065	-41.51226310	62	5.329642538938654	15.531967163085938
1236_interiors_ornate-arched-interior_casa-vicens-barcelona_zfold7_iso400-f2p2_20260319-165702_4000x3000.sdr.s1024	768	1024	1200	svt-av1-v4.1.0	p6t1	65	1542	0.01569	-65.16861109	62	12.50860343818176	38.33707046508789
7052_plots_line-00222-s2f495179_1024x1024.sdr.s1024	1024	1024	7000	svt-av1-v4.1.0	p2t4	15	10095	0.07702	84.88033056	139	0.6213343291188805	3.0135860443115234
7052_plots_line-00222-s2f495179_1024x1024.sdr.s1024	1024	1024	7000	svt-av1-v4.1.0	p2t4	25	4841	0.03693	82.93908684	169	0.7246810033410563	3.036329507827759
7052_plots_line-00222-s2f495179_1024x1024.sdr.s1024	1024	1024	7000	svt-av1-v4.1.0	p2t4	35	4434	0.03383	80.62490130	163	0.726161252888526	3.1139304637908936
7052_plots_line-00222-s2f495179_1024x1024.sdr.s1024	1024	1024	7000	svt-av1-v4.1.0	p2t4	45	3113	0.02375	72.18992690	187	1.1915951681029158	5.136675834655762
7052_plots_line-00222-s2f495179_1024x1024.sdr.s1024	1024	1024	7000	svt-av1-v4.1.0	p2t4	55	2272	0.01733	55.42222197	228	2.024124947681456	9.773176193237305
7052_plots_line-00222-s2f495179_1024x1024.sdr.s1024	1024	1024	7000	svt-av1-v4.1.0	p2t4	65	1299	0.00991	-1.65056788	138	5.690830461158175	25.81523323059082
7052_plots_line-00222-s2f495179_1024x1024.sdr.s1024	1024	1024	7000	svt-av1-v4.1.0	p6t4	15	264603	2.01876	84.48374000	96	0.6816892060687509	3.1432223320007324
7052_plots_line-00222-s2f495179_1024x1024.sdr.s1024	1024	1024	7000	svt-av1-v4.1.0	p6t4	25	222573	1.69810	82.42309565	104	0.6938270674912399	3.0069282054901123
7052_plots_line-00222-s2f495179_1024x1024.sdr.s1024	1024	1024	7000	svt-av1-v4.1.0	p6t4	35	150395	1.14742	69.99008524	69	1.0447733309154377	3.7605912685394287
7052_plots_line-00222-s2f495179_1024x1024.sdr.s1024	1024	1024	7000	svt-av1-v4.1.0	p6t4	45	71278	0.54381	47.42315569	95	2.2012206030243835	6.949452877044678
7052_plots_line-00222-s2f495179_1024x1024.sdr.s1024	1024	1024	7000	svt-av1-v4.1.0	p6t4	55	37487	0.28600	33.46315905	104	2.7360442214921754	11.277435302734375
7052_plots_line-00222-s2f495179_1024x1024.sdr.s1024	1024	1024	7000	svt-av1-v4.1.0	p6t4	65	14466	0.11037	-37.14929098	93	7.365428952321767	26.791433334350586
7052_plots_line-00222-s2f495179_1024x1024.sdr.s1024	1024	1024	7000	svt-av1-v4.1.0	p10t4	15	273077	2.08341	83.36533672	70	0.7469819884131051	3.339397430419922
7052_plots_line-00222-s2f495179_1024x1024.sdr.s1024	1024	1024	7000	svt-av1-v4.1.0	p10t4	25	224442	1.71236	79.57530985	43	0.8419985620910136	3.0962467193603516
7052_plots_line-00222-s2f495179_1024x1024.sdr.s1024	1024	1024	7000	svt-av1-v4.1.0	p10t4	35	133248	1.01660	49.17596943	47	1.5855604268560708	5.138702392578125
7052_plots_line-00222-s2f495179_1024x1024.sdr.s1024	1024	1024	7000	svt-av1-v4.1.0	p10t4	45	64733	0.49387	24.34619754	38	2.961018520806137	7.062180519104004
7052_plots_line-00222-s2f495179_1024x1024.sdr.s1024	1024	1024	7000	svt-av1-v4.1.0	p10t4	55	35460	0.27054	3.22924430	36	4.933721515569758	13.840380668640137
7052_plots_line-00222-s2f495179_1024x1024.sdr.s1024	1024	1024	7000	svt-av1-v4.1.0	p10t4	65	21031	0.16045	-54.36916016	43	8.821168148720604	21.82010269165039
7052_plots_line-00222-s2f495179_1024x1024.sdr.s1024	1024	1024	7000	svt-av1-v4.1.0	p6t1	15	291800	2.22626	84.83343121	100	0.659930545374071	3.195657253265381
7052_plots_line-00222-s2f495179_1024x1024.sdr.s1024	1024	1024	7000	svt-av1-v4.1.0	p6t1	25	240506	1.83492	83.81313695	88	0.6804344182484984	2.9194767475128174
7052_plots_line-00222-s2f495179_1024x1024.sdr.s1024	1024	1024	7000	svt-av1-v4.1.0	p6t1	35	177043	1.35073	70.75683516	115	0.9872172543205485	3.2784204483032227
7052_plots_line-00222-s2f495179_1024x1024.sdr.s1024	1024	1024	7000	svt-av1-v4.1.0	p6t1	45	115077	0.87797	57.00382049	74	1.9583920736295282	8.760780334472656
7052_plots_line-00222-s2f495179_1024x1024.sdr.s1024	1024	1024	7000	svt-av1-v4.1.0	p6t1	55	51448	0.39252	25.88116482	85	4.405714157683501	19.632959365844727
7052_plots_line-00222-s2f495179_1024x1024.sdr.s1024	1024	1024	7000	svt-av1-v4.1.0	p6t1	65	12738	0.09718	-33.67794995	89	9.52093447094152	40.137657165527344
7058_plots_line-tiling-00248-s7c5ddcfb_1024x1024.sdr.s1024	1024	1024	7000	svt-av1-v4.1.0	p2t4	15	209486	1.59825	44.58992863	485	2.240770028049832	8.514796257019043
7058_plots_line-tiling-00248-s7c5ddcfb_1024x1024.sdr.s1024	1024	1024	7000	svt-av1-v4.1.0	p2t4	25	163759	1.24938	43.86107102	638	2.1947088874749023	8.166769981384277
7058_plots_line-tiling-00248-s7c5ddcfb_1024x1024.sdr.s1024	1024	1024	7000	svt-av1-v4.1.0	p2t4	35	121815	0.92937	39.73906421	779	2.2647673115898495	8.583219528198242
7058_plots_line-tiling-00248-s7c5ddcfb_1024x1024.sdr.s1024	1024	1024	7000	svt-av1-v4.1.0	p2t4	45	83556	0.63748	26.17340257	946	2.419873392706478	8.556638717651367
7058_plots_line-tiling-00248-s7c5ddcfb_1024x1024.sdr.s1024	1024	1024	7000	svt-av1-v4.1.0	p2t4	55	53113	0.40522	-0.97654885	1533	3.6441895037889345	12.37241268157959
7058_plots_line-tiling-00248-s7c5ddcfb_1024x1024.sdr.s1024	1024	1024	7000	svt-av1-v4.1.0	p2t4	65	21720	0.16571	-61.57543191	941	8.975719167393278	25.027616500854492
7058_plots_line-tiling-00248-s7c5ddcfb_1024x1024.sdr.s1024	1024	1024	7000	svt-av1-v4.1.0	p6t4	15	315891	2.41006	44.60096422	197	2.27398518534393	8.46475887298584
7058_plots_line-tiling-00248-s7c5ddcfb_1024x1024.sdr.s1024	1024	1024	7000	svt-av1-v4.1.0	p6t4	25	246354	1.87953	43.90167071	209	2.164844568565113	8.434671401977539
7058_plots_line-tiling-00248-s7c5ddcfb_1024x1024.sdr.s1024	1024	1024	7000	svt-av1-v4.1.0	p6t4	35	179586	1.37013	38.72543963	182	2.207115281573749	8.604291915893555
7058_plots_line-tiling-00248-s7c5ddcfb_1024x1024.sdr.s1024	1024	1024	7000	svt-av1-v4.1.0	p6t4	45	119634	0.91273	23.75983861	176	2.5278086284307384	8.734489440917969
7058_plots_line-tiling-00248-s7c5ddcfb_1024x1024.sdr.s1024	1024	1024	7000	svt-av1-v4.1.0	p6t4	55	73820	0.56320	-11.70670024	158	4.261938794932142	12.709813117980957
7058_plots_line-tiling-00248-s7c5ddcfb_1024x1024.sdr.s1024	1024	1024	7000	svt-av1-v4.1.0	p6t4	65	22608	0.17249	-63.69698500	72	9.206671260191284	23.992258071899414
7058_plots_line-tiling-00248-s7c5ddcfb_1024x1024.sdr.s1024	1024	1024	7000	svt-av1-v4.1.0	p10t4	15	374625	2.85816	42.45552937	81	2.135424505522225	8.226314544677734
7058_plots_line-tiling-00248-s7c5ddcfb_1024x1024.sdr.s1024	1024	1024	7000	svt-av1-v4.1.0	p10t4	25	298806	2.27971	41.13858759	74	2.127977788609553	8.349796295166016
7058_plots_line-tiling-00248-s7c5ddcfb_1024x1024.sdr.s1024	1024	1024	7000	svt-av1-v4.1.0	p10t4	35	200479	1.52953	29.10764469	70	2.318418118713589	8.954954147338867
7058_plots_line-tiling-00248-s7c5ddcfb_1024x1024.sdr.s1024	1024	1024	7000	svt-av1-v4.1.0	p10t4	45	123354	0.94112	4.74718064	61	2.9736986497764697	9.297652244567871
7058_plots_line-tiling-00248-s7c5ddcfb_1024x1024.sdr.s1024	1024	1024	7000	svt-av1-v4.1.0	p10t4	55	65308	0.49826	-30.28184619	51	4.856008163001028	13.018353462219238
7058_plots_line-tiling-00248-s7c5ddcfb_1024x1024.sdr.s1024	1024	1024	7000	svt-av1-v4.1.0	p10t4	65	23948	0.18271	-62.46407241	51	8.848291477652475	24.463302612304688
7058_plots_line-tiling-00248-s7c5ddcfb_1024x1024.sdr.s1024	1024	1024	7000	svt-av1-v4.1.0	p6t1	15	316942	2.41808	44.65476997	178	2.202912335262341	8.236595153808594
7058_plots_line-tiling-00248-s7c5ddcfb_1024x1024.sdr.s1024	1024	1024	7000	svt-av1-v4.1.0	p6t1	25	242775	1.85223	43.22623047	155	2.223291667691466	8.40117359161377
7058_plots_line-tiling-00248-s7c5ddcfb_1024x1024.sdr.s1024	1024	1024	7000	svt-av1-v4.1.0	p6t1	35	176293	1.34501	37.67855602	134	2.3097371711373804	8.4778470993042
7058_plots_line-tiling-00248-s7c5ddcfb_1024x1024.sdr.s1024	1024	1024	7000	svt-av1-v4.1.0	p6t1	45	118632	0.90509	17.17447305	150	2.6610832445858335	8.699040412902832
7058_plots_line-tiling-00248-s7c5ddcfb_1024x1024.sdr.s1024	1024	1024	7000	svt-av1-v4.1.0	p6t1	55	71623	0.54644	-20.75590582	141	4.605913408091761	17.24423599243164
7058_plots_line-tiling-00248-s7c5ddcfb_1024x1024.sdr.s1024	1024	1024	7000	svt-av1-v4.1.0	p6t1	65	4792	0.03656	-404.83893940	75	17.269534188072885	37.29021453857422
1438_nature_orange-flowers-closeup_kyoto-botanical-garden-kyoto_s23u_iso200-f4p9_20231107-143950_4000x3000.sdr.s1024	768	1024	1400	svt-av1-v4.1.0	p2t4	15	150732	1.53333	79.88424650	580	1.6319655046868025	5.277740478515625
1438_nature_orange-flowers-closeup_kyoto-botanical-garden-kyoto_s23u_iso200-f4p9_20231107-143950_4000x3000.sdr.s1024	768	1024	1400	svt-av1-v4.1.0	p2t4	25	98726	1.00429	75.75798364	660	1.7588263019844348	5.466219425201416
1438_nature_orange-flowers-closeup_kyoto-botanical-garden-kyoto_s23u_iso200-f4p9_20231107-143950_4000x3000.sdr.s1024	768	1024	1400	svt-av1-v4.1.0	p2t4	35	55987	0.56953	66.72422030	748	2.0625891993879946	6.430076599121094
1438_nature_orange-flowers-closeup_kyoto-botanical-garden-kyoto_s23u_iso200-f4p9_20231107-143950_4000x3000.sdr.s1024	768	1024	1400	svt-av1-v4.1.0	p2t4	45	27577	0.28053	45.59529185	677	3.0679982678957685	11.343188285827637
1438_nature_orange-flowers-closeup_kyoto-botanical-garden-kyoto_s23u_iso200-f4p9_20231107-143950_4000x3000.sdr.s1024	768	1024	1400	svt-av1-v4.1.0	p2t4	55	12775	0.12995	13.97402025	877	4.297179230211295	12.52329158782959
1438_nature_orange-flowers-closeup_kyoto-botanical-garden-kyoto_s23u_iso200-f4p9_20231107-143950_4000x3000.sdr.s1024	768	1024	1400	svt-av1-v4.1.0	p2t4	65	5708	0.05806	-29.18091433	602	8.1406070336137	26.2834415435791
1438_nature_orange-flowers-closeup_kyoto-botanical-garden-kyoto_s23u_iso200-f4p9_20231107-143950_4000x3000.sdr.s1024	768	1024	1400	svt-av1-v4.1.0	p6t4	15	154686	1.57355	79.23921459	142	1.672534246419812	5.519199371337891
1438_nature_orange-flowers-closeup_kyoto-botanical-garden-kyoto_s23u_iso200-f4p9_20231107-143950_4000x3000.sdr.s1024	768	1024	1400	svt-av1-v4.1.0	p6t4	25	104154	1.05951	75.82517634	116	1.7190837377050634	5.442298412322998
1438_nature_orange-flowers-closeup_kyoto-botanical-garden-kyoto_s23u_iso200-f4p9_20231107-143950_4000x3000.sdr.s1024	768	1024	1400	svt-av1-v4.1.0	p6t4	35	59975	0.61010	66.02919782	85	2.0535591264939748	6.597403526306152
1438_nature_orange-flowers-closeup_kyoto-botanical-garden-kyoto_s23u_iso200-f4p9_20231107-143950_4000x3000.sdr.s1024	768	1024	1400	svt-av1-v4.1.0	p6t4	45	30145	0.30665	44.51792027	101	2.8223108513898065	8.641462326049805
1438_nature_orange-flowers-closeup_kyoto-botanical-garden-kyoto_s23u_iso200-f4p9_20231107-143950_4000x3000.sdr.s1024	768	1024	1400	svt-av1-v4.1.0	p6t4	55	14235	0.14481	10.17998178	73	4.882965814443563	17.55169677734375
1438_nature_orange-flowers-closeup_kyoto-botanical-garden-kyoto_s23u_iso200-f4p9_20231107-143950_4000x3000.sdr.s1024	768	1024	1400	svt-av1-v4.1.0	p6t4	65	6262	0.06370	-32.39587545	68	8.115912925935467	23.26422691345215
1438_nature_orange-flowers-closeup_kyoto-botanical-garden-kyoto_s23u_iso200-f4p9_20231107-143950_4000x3000.sdr.s1024	768	1024	1400	svt-av1-v4.1.0	p10t4	15	163545	1.66367	78.65287766	51	1.6401634138026093	5.161060810089111
1438_nature_orange-flowers-closeup_kyoto-botanical-garden-kyoto_s23u_iso200-f4p9_20231107-143950_4000x3000.sdr.s1024	768	1024	1400	svt-av1-v4.1.0	p10t4	25	111001	1.12916	74.45368153	50	1.7885008593188783	5.656549453735352
1438_nature_orange-flowers-closeup_kyoto-botanical-garden-kyoto_s23u_iso200-f4p9_20231107-143950_4000x3000.sdr.s1024	768	1024	1400	svt-av1-v4.1.0	p10t4	35	63701	0.64800	64.57765590	42	2.1126925615301135	6.48652458190918
1438_nature_orange-flowers-closeup_kyoto-botanical-garden-kyoto_s23u_iso200-f4p9_20231107-143950_4000x3000.sdr.s1024	768	1024	1400	svt-av1-v4.1.0	p10t4	45	32002	0.32554	43.41476140	41	3.0645567373979383	9.403399467468262
1438_nature_orange-flowers-closeup_kyoto-botanical-garden-kyoto_s23u_iso200-f4p9_20231107-143950_4000x3000.sdr.s1024	768	1024	1400	svt-av1-v4.1.0	p10t4	55	14724	0.14978	8.28508780	29	5.04357982234247	17.965103149414062
1438_nature_orange-flowers-closeup_kyoto-botanical-garden-kyoto_s23u_iso200-f4p9_20231107-143950_4000x3000.sdr.s1024	768	1024	1400	svt-av1-v4.1.0	p10t4	65	6866	0.06984	-30.73281236	29	7.799090431765556	24.209278106689453
1438_nature_orange-flowers-closeup_kyoto-botanical-garden-kyoto_s23u_iso200-f4p9_20231107-143950_4000x3000.sdr.s1024	768	1024	1400	svt-av1-v4.1.0	p6t1	15	127911	1.30118	77.06836055	105	1.7104294070483685	5.516635417938232
1438_nature_orange-flowers-closeup_kyoto-botanical-garden-kyoto_s23u_iso200-f4p9_20231107-143950_4000x3000.sdr.s1024	768	1024	1400	svt-av1-v4.1.0	p6t1	25	80422	0.81809	70.75616414	119	1.8422503513692927	5.5548248291015625
1438_nature_orange-flowers-closeup_kyoto-botanical-garden-kyoto_s23u_iso200-f4p9_20231107-143950_4000x3000.sdr.s1024	768	1024	1400	svt-av1-v4.1.0	p6t1	35	45834	0.46625	56.51205118	88	2.3310700161278457	6.805699825286865
1438_nature_orange-flowers-closeup_kyoto-botanical-garden-kyoto_s23u_iso200-f4p9_20231107-143950_4000x3000.sdr.s1024	768	1024	1400	svt-av1-v4.1.0	p6t1	45	21932	0.22310	27.69288646	72	3.5523598070846654	9.879329681396484
1438_nature_orange-flowers-closeup_kyoto-botanical-garden-kyoto_s23u_iso200-f4p9_20231107-143950_4000x3000.sdr.s1024	768	1024	1400	svt-av1-v4.1.0	p6t1	55	9165	0.09323	-12.97600164	68	6.1424610247706015	18.725658416748047
1438_nature_orange-flowers-closeup_kyoto-botanical-garden-kyoto_s23u_iso200-f4p9_20231107-143950_4000x3000.sdr.s1024	768	1024	1400	svt-av1-v4.1.0	p6t1	65	1807	0.01838	-64.22911011	57	16.100492113845586	44.40251922607422
8302_web-screenshots_nih-recipes-keep-the-beat_dpr1_page1_375x667.sdr.s1024	374	666	8100	svt-av1-v4.1.0	p2t4	15	21930	0.70434	77.20461155	157	1.4468616138343562	4.716133117675781
8302_web-screenshots_nih-recipes-keep-the-beat_dpr1_page1_375x667.sdr.s1024	374	666	8100	svt-av1-v4.1.0	p2t4	25	18210	0.58486	76.59614439	188	1.4322496626526566	4.66435432434082
8302_web-screenshots_nih-recipes-keep-the-beat_dpr1_page1_375x667.sdr.s1024	374	666	8100	svt-av1-v4.1.0	p2t4	35	15030	0.48273	75.00966308	221	1.5457462969757223	5.023849010467529
8302_web-screenshots_nih-recipes-keep-the-beat_dpr1_page1_375x667.sdr.s1024	374	666	8100	svt-av1-v4.1.0	p2t4	45	11052	0.35496	68.71652796	288	1.9266886140305914	7.2010040283203125
8302_web-screenshots_nih-recipes-keep-the-beat_dpr1_page1_375x667.sdr.s1024	374	666	8100	svt-av1-v4.1.0	p2t4	55	7281	0.23385	54.29221031	359	3.0983320558906726	8.405476570129395
8302_web-screenshots_nih-recipes-keep-the-beat_dpr1_page1_375x667.sdr.s1024	374	666	8100	svt-av1-v4.1.0	p2t4	65	2817	0.09048	-5.92261435	298	8.67319372904163	26.46927833557129
8302_web-screenshots_nih-recipes-keep-the-beat_dpr1_page1_375x667.sdr.s1024	374	666	8100	svt-av1-v4.1.0	p6t4	15	25913	0.83227	77.12801265	44	1.4554197817077423	4.787027835845947
8302_web-screenshots_nih-recipes-keep-the-beat_dpr1_page1_375x667.sdr.s1024	374	666	8100	svt-av1-v4.1.0	p6t4	25	21464	0.68937	75.85133452	52	1.4642443928256155	4.720297813415527
8302_web-screenshots_nih-recipes-keep-the-beat_dpr1_page1_375x667.sdr.s1024	374	666	8100	svt-av1-v4.1.0	p6t4	35	16980	0.54536	74.18689751	45	1.4920712231887174	4.80633020401001
8302_web-screenshots_nih-recipes-keep-the-beat_dpr1_page1_375x667.sdr.s1024	374	666	8100	svt-av1-v4.1.0	p6t4	45	11724	0.37655	65.17812511	42	2.024583802715238	5.980223655700684
8302_web-screenshots_nih-recipes-keep-the-beat_dpr1_page1_375x667.sdr.s1024	374	666	8100	svt-av1-v4.1.0	p6t4	55	7126	0.22887	44.87081252	43	4.01160836034024	12.891256332397461
8302_web-screenshots_nih-recipes-keep-the-beat_dpr1_page1_375x667.sdr.s1024	374	666	8100	svt-av1-v4.1.0	p6t4	65	2924	0.09391	-11.66811543	44	8.857123178300446	26.028093338012695
8302_web-screenshots_nih-recipes-keep-the-beat_dpr1_page1_375x667.sdr.s1024	374	666	8100	svt-av1-v4.1.0	p10t4	15	38799	1.24613	75.76697798	20	1.4962434610862747	4.75015115737915
8302_web-screenshots_nih-recipes-keep-the-beat_dpr1_page1_375x667.sdr.s1024	374	666	8100	svt-av1-v4.1.0	p10t4	25	32470	1.04286	73.36579957	25	1.5643482297239224	5.062856674194336
8302_web-screenshots_nih-recipes-keep-the-beat_dpr1_page1_375x667.sdr.s1024	374	666	8100	svt-av1-v4.1.0	p10t4	35	23279	0.74767	66.58743801	24	1.8755100528114828	6.060850143432617
8302_web-screenshots_nih-recipes-keep-the-beat_dpr1_page1_375x667.sdr.s1024	374	666	8100	svt-av1-v4.1.0	p10t4	45	14642	0.47027	51.26429549	28	3.032851951151016	8.8433837890625
8302_web-screenshots_nih-recipes-keep-the-beat_dpr1_page1_375x667.sdr.s1024	374	666	8100	svt-av1-v4.1.0	p10t4	55	8123	0.26089	31.14585159	19	5.303434324818807	15.413387298583984
8302_web-screenshots_nih-recipes-keep-the-beat_dpr1_page1_375x667.sdr.s1024	374	666	8100	svt-av1-v4.1.0	p10t4	65	4066	0.13059	0.94223494	24	8.026832745805365	23.03073501586914
8302_web-screenshots_nih-recipes-keep-the-beat_dpr1_page1_375x667.sdr.s1024	374	666	8100	svt-av1-v4.1.0	p6t1	15	25156	0.80795	76.75734761	45	1.4606931939340475	4.7504353523254395
8302_web-screenshots_nih-recipes-keep-the-beat_dpr1_page1_375x667.sdr.s1024	374	666	8100	svt-av1-v4.1.0	p6t1	25	20383	0.65465	75.68911411	49	1.4877866248306983	4.852592468261719
8302_web-screenshots_nih-recipes-keep-the-beat_dpr1_page1_375x667.sdr.s1024	374	666	8100	svt-av1-v4.1.0	p6t1	35	15712	0.50463	72.68623096	51	1.743639145748853	5.340665340423584
8302_web-screenshots_nih-recipes-keep-the-beat_dpr1_page1_375x667.sdr.s1024	374	666	8100	svt-av1-v4.1.0	p6t1	45	10988	0.35291	62.44860117	46	2.0950255908850948	5.777511119842529
8302_web-screenshots_nih-recipes-keep-the-beat_dpr1_page1_375x667.sdr.s1024	374	666	8100	svt-av1-v4.1.0	p6t1	55	6796	0.21827	40.49406971	47	4.060174749937302	11.755683898925781
8302_web-screenshots_nih-recipes-keep-the-beat_dpr1_page1_375x667.sdr.s1024	374	666	8100	svt-av1-v4.1.0	p6t1	65	738	0.02370	-53.48590114	39	14.270041247901105	43.00177001953125
6096_scans-patents_martha-jones-us77494-rescan-gray_p002_2479x3230.sdr.s1024	786	1024	6000	svt-av1-v4.1.0	p2t4	15	113708	1.13021	90.79202985	364	0.4006552783557103	2.0462546348571777
6096_scans-patents_martha-jones-us77494-rescan-gray_p002_2479x3230.sdr.s1024	786	1024	6000	svt-av1-v4.1.0	p2t4	25	93870	0.93303	88.69236441	499	0.5159528650947328	2.2795448303222656
6096_scans-patents_martha-jones-us77494-rescan-gray_p002_2479x3230.sdr.s1024	786	1024	6000	svt-av1-v4.1.0	p2t4	35	73634	0.73189	85.36504827	575	0.8329273163723666	3.4221913814544678
6096_scans-patents_martha-jones-us77494-rescan-gray_p002_2479x3230.sdr.s1024	786	1024	6000	svt-av1-v4.1.0	p2t4	45	52616	0.52298	74.50155612	774	1.6007636772366627	5.218438625335693
6096_scans-patents_martha-jones-us77494-rescan-gray_p002_2479x3230.sdr.s1024	786	1024	6000	svt-av1-v4.1.0	p2t4	55	30944	0.30757	49.09099280	1274	3.321834320977443	9.528571128845215
6096_scans-patents_martha-jones-us77494-rescan-gray_p002_2479x3230.sdr.s1024	786	1024	6000	svt-av1-v4.1.0	p2t4	65	4101	0.04076	-28.41885382	406	9.151318535380616	26.165790557861328
6096_scans-patents_martha-jones-us77494-rescan-gray_p002_2479x3230.sdr.s1024	786	1024	6000	svt-av1-v4.1.0	p6t4	15	132505	1.31704	89.76760780	117	0.44481552149776116	2.045403480529785
6096_scans-patents_martha-jones-us77494-rescan-gray_p002_2479x3230.sdr.s1024	786	1024	6000	svt-av1-v4.1.0	p6t4	25	105483	1.04846	87.04938269	94	0.5888553506065634	2.2795448303222656
6096_scans-patents_martha-jones-us77494-rescan-gray_p002_2479x3230.sdr.s1024	786	1024	6000	svt-av1-v4.1.0	p6t4	35	80402	0.79916	77.87164620	139	1.2897155775812534	6.035859107971191
6096_scans-patents_martha-jones-us77494-rescan-gray_p002_2479x3230.sdr.s1024	786	1024	6000	svt-av1-v4.1.0	p6t4	45	53758	0.53433	61.09087376	111	2.3331342728260718	7.320520877838135
6096_scans-patents_martha-jones-us77494-rescan-gray_p002_2479x3230.sdr.s1024	786	1024	6000	svt-av1-v4.1.0	p6t4	55	25298	0.25145	30.72357591	74	4.786850798108609	12.79714298248291
6096_scans-patents_martha-jones-us77494-rescan-gray_p002_2479x3230.sdr.s1024	786	1024	6000	svt-av1-v4.1.0	p6t4	65	4097	0.04072	-28.85202825	74	9.086613845764203	24.63340950012207
6096_scans-patents_martha-jones-us77494-rescan-gray_p002_2479x3230.sdr.s1024	786	1024	6000	svt-av1-v4.1.0	p10t4	15	169552	1.68527	89.09617685	46	0.5580846037463929	2.0458133220672607
6096_scans-patents_martha-jones-us77494-rescan-gray_p002_2479x3230.sdr.s1024	786	1024	6000	svt-av1-v4.1.0	p10t4	25	135456	1.34637	85.16869368	45	0.8738134397132059	3.0793404579162598
6096_scans-patents_martha-jones-us77494-rescan-gray_p002_2479x3230.sdr.s1024	786	1024	6000	svt-av1-v4.1.0	p10t4	35	90574	0.90027	72.96701677	37	1.6692918100400806	4.620924472808838
6096_scans-patents_martha-jones-us77494-rescan-gray_p002_2479x3230.sdr.s1024	786	1024	6000	svt-av1-v4.1.0	p10t4	45	51329	0.51019	54.05156312	35	3.104203264335533	8.95669937133789
6096_scans-patents_martha-jones-us77494-rescan-gray_p002_2479x3230.sdr.s1024	786	1024	6000	svt-av1-v4.1.0	p10t4	55	22720	0.22583	26.60447895	36	5.2633034138074155	13.509753227233887
6096_scans-patents_martha-jones-us77494-rescan-gray_p002_2479x3230.sdr.s1024	786	1024	6000	svt-av1-v4.1.0	p10t4	65	7620	0.07574	-12.98503362	29	8.045046134009231	24.87938117980957
6096_scans-patents_martha-jones-us77494-rescan-gray_p002_2479x3230.sdr.s1024	786	1024	6000	svt-av1-v4.1.0	p6t1	15	159621	1.58656	89.81837537	87	0.4837206484407557	2.2795448303222656
6096_scans-patents_martha-jones-us77494-rescan-gray_p002_2479x3230.sdr.s1024	786	1024	6000	svt-av1-v4.1.0	p6t1	25	127374	1.26604	86.44626907	82	0.7283235868016567	3.223325490951538
6096_scans-patents_martha-jones-us77494-rescan-gray_p002_2479x3230.sdr.s1024	786	1024	6000	svt-av1-v4.1.0	p6t1	35	90073	0.89529	78.99760401	90	1.3441672418958113	6.434446334838867
6096_scans-patents_martha-jones-us77494-rescan-gray_p002_2479x3230.sdr.s1024	786	1024	6000	svt-av1-v4.1.0	p6t1	45	56178	0.55839	66.12326491	109	1.9111196116892382	6.6667399406433105
6096_scans-patents_martha-jones-us77494-rescan-gray_p002_2479x3230.sdr.s1024	786	1024	6000	svt-av1-v4.1.0	p6t1	55	30623	0.30438	34.69254396	94	4.276756142731973	16.162586212158203
6096_scans-patents_martha-jones-us77494-rescan-gray_p002_2479x3230.sdr.s1024	786	1024	6000	svt-av1-v4.1.0	p6t1	65	764	0.00759	-57.21278714	51	14.508380499446417	54.585914611816406
5048_nps_romo-2018-longs-peak-keyhole-route_gray_p01_2550x4200.sdr.s1024	622	1024	5000	svt-av1-v4.1.0	p2t4	15	115207	1.44703	88.23436581	537	0.4695056816757986	1.2240009307861328
5048_nps_romo-2018-longs-peak-keyhole-route_gray_p01_2550x4200.sdr.s1024	622	1024	5000	svt-av1-v4.1.0	p2t4	25	90428	1.13580	84.11908518	593	0.7126174181874307	1.7997965812683105
5048_nps_romo-2018-longs-peak-keyhole-route_gray_p01_2550x4200.sdr.s1024	622	1024	5000	svt-av1-v4.1.0	p2t4	35	63873	0.80226	74.58104575	656	1.2167438393550236	3.5497448444366455
5048_nps_romo-2018-longs-peak-keyhole-route_gray_p01_2550x4200.sdr.s1024	622	1024	5000	svt-av1-v4.1.0	p2t4	45	39549	0.49675	57.96335938	754	2.1677705308975246	7.83439302444458
5048_nps_romo-2018-longs-peak-keyhole-route_gray_p01_2550x4200.sdr.s1024	622	1024	5000	svt-av1-v4.1.0	p2t4	55	18405	0.23117	24.85691013	1140	3.8877289636415995	10.750420570373535
5048_nps_romo-2018-longs-peak-keyhole-route_gray_p01_2550x4200.sdr.s1024	622	1024	5000	svt-av1-v4.1.0	p2t4	65	2882	0.03620	-36.31569539	496	9.719652279487114	38.52146911621094
5048_nps_romo-2018-longs-peak-keyhole-route_gray_p01_2550x4200.sdr.s1024	622	1024	5000	svt-av1-v4.1.0	p6t4	15	121719	1.52883	86.84265509	95	0.5112350937941832	1.309037208557129
5048_nps_romo-2018-longs-peak-keyhole-route_gray_p01_2550x4200.sdr.s1024	622	1024	5000	svt-av1-v4.1.0	p6t4	25	95894	1.20446	82.84094366	122	0.7466839129864442	2.076713800430298
5048_nps_romo-2018-longs-peak-keyhole-route_gray_p01_2550x4200.sdr.s1024	622	1024	5000	svt-av1-v4.1.0	p6t4	35	66646	0.83709	71.66838166	98	1.2977156629221203	3.4983224868774414
5048_nps_romo-2018-longs-peak-keyhole-route_gray_p01_2550x4200.sdr.s1024	622	1024	5000	svt-av1-v4.1.0	p6t4	45	37982	0.47706	49.24848068	101	2.5278044066884493	7.857112884521484
5048_nps_romo-2018-longs-peak-keyhole-route_gray_p01_2550x4200.sdr.s1024	622	1024	5000	svt-av1-v4.1.0	p6t4	55	14524	0.18243	13.68999510	78	4.59094414448148	11.951414108276367
5048_nps_romo-2018-longs-peak-keyhole-route_gray_p01_2550x4200.sdr.s1024	622	1024	5000	svt-av1-v4.1.0	p6t4	65	2944	0.03698	-37.27672912	64	8.839271198492268	32.874298095703125
5048_nps_romo-2018-longs-peak-keyhole-route_gray_p01_2550x4200.sdr.s1024	622	1024	5000	svt-av1-v4.1.0	p10t4	15	145211	1.82389	85.18348946	41	0.6259705495067055	1.959618091583252
5048_nps_romo-2018-longs-peak-keyhole-route_gray_p01_2550x4200.sdr.s1024	622	1024	5000	svt-av1-v4.1.0	p10t4	25	112859	1.41754	80.31437139	48	1.0052865269541844	3.711592197418213
5048_nps_romo-2018-longs-peak-keyhole-route_gray_p01_2550x4200.sdr.s1024	622	1024	5000	svt-av1-v4.1.0	p10t4	35	70692	0.88791	66.15957485	36	1.72290726338945	5.409412384033203
5048_nps_romo-2018-longs-peak-keyhole-route_gray_p01_2550x4200.sdr.s1024	622	1024	5000	svt-av1-v4.1.0	p10t4	45	36329	0.45630	44.96664127	30	2.97223237889911	8.804807662963867
5048_nps_romo-2018-longs-peak-keyhole-route_gray_p01_2550x4200.sdr.s1024	622	1024	5000	svt-av1-v4.1.0	p10t4	55	14268	0.17921	9.20467990	30	4.944318747715701	13.633169174194336
5048_nps_romo-2018-longs-peak-keyhole-route_gray_p01_2550x4200.sdr.s1024	622	1024	5000	svt-av1-v4.1.0	p10t4	65	4460	0.05602	-33.12937490	27	7.6015803382163725	22.148521423339844
5048_nps_romo-2018-longs-peak-keyhole-route_gray_p01_2550x4200.sdr.s1024	622	1024	5000	svt-av1-v4.1.0	p6t1	15	132905	1.66933	86.98701710	85	0.568576835443848	1.5325429439544678
5048_nps_romo-2018-longs-peak-keyhole-route_gray_p01_2550x4200.sdr.s1024	622	1024	5000	svt-av1-v4.1.0	p6t1	25	101120	1.27010	81.33280534	107	0.9451207525887634	3.2949862480163574
5048_nps_romo-2018-longs-peak-keyhole-route_gray_p01_2550x4200.sdr.s1024	622	1024	5000	svt-av1-v4.1.0	p6t1	35	66343	0.83329	68.03985986	125	1.6253927197788034	4.289748191833496
5048_nps_romo-2018-longs-peak-keyhole-route_gray_p01_2550x4200.sdr.s1024	622	1024	5000	svt-av1-v4.1.0	p6t1	45	37674	0.47320	43.92928599	86	2.767096802157299	8.355670928955078
5048_nps_romo-2018-longs-peak-keyhole-route_gray_p01_2550x4200.sdr.s1024	622	1024	5000	svt-av1-v4.1.0	p6t1	55	14518	0.18235	1.08470807	66	5.124777261597619	16.503347396850586
5048_nps_romo-2018-longs-peak-keyhole-route_gray_p01_2550x4200.sdr.s1024	622	1024	5000	svt-av1-v4.1.0	p6t1	65	766	0.00962	-63.79037187	57	18.05154029955781	78.7645263671875
6606_scans-illustrations_haeckel-red-algae_plate0065_5015x7275.sdr.s1024	706	1024	6600	svt-av1-v4.1.0	p2t4	15	243952	2.69954	61.77351295	622	2.850124061252991	7.323133945465088
6606_scans-illustrations_haeckel-red-algae_plate0065_5015x7275.sdr.s1024	706	1024	6600	svt-av1-v4.1.0	p2t4	25	174470	1.93066	60.55594664	963	2.8806096674763304	7.927075386047363
6606_scans-illustrations_haeckel-red-algae_plate0065_5015x7275.sdr.s1024	706	1024	6600	svt-av1-v4.1.0	p2t4	35	109069	1.20694	55.98194392	1054	3.118662630263909	9.006830215454102
6606_scans-illustrations_haeckel-red-algae_plate0065_5015x7275.sdr.s1024	706	1024	6600	svt-av1-v4.1.0	p2t4	45	55358	0.61258	46.87391178	1033	3.6314355351847687	10.369624137878418
6606_scans-illustrations_haeckel-red-algae_plate0065_5015x7275.sdr.s1024	706	1024	6600	svt-av1-v4.1.0	p2t4	55	24361	0.26958	24.43593215	1720	4.771787888886712	12.06053352355957
6606_scans-illustrations_haeckel-red-algae_plate0065_5015x7275.sdr.s1024	706	1024	6600	svt-av1-v4.1.0	p2t4	65	6418	0.07102	-38.05680283	651	11.336661887263295	38.278465270996094
6606_scans-illustrations_haeckel-red-algae_plate0065_5015x7275.sdr.s1024	706	1024	6600	svt-av1-v4.1.0	p6t4	15	245159	2.71290	61.57835605	173	2.8656578041605325	7.540043830871582
6606_scans-illustrations_haeckel-red-algae_plate0065_5015x7275.sdr.s1024	706	1024	6600	svt-av1-v4.1.0	p6t4	25	176626	1.95452	59.90922324	121	2.879612216048553	7.4343953132629395
6606_scans-illustrations_haeckel-red-algae_plate0065_5015x7275.sdr.s1024	706	1024	6600	svt-av1-v4.1.0	p6t4	35	108170	1.19699	55.33086410	164	3.136111264538714	8.417367935180664
6606_scans-illustrations_haeckel-red-algae_plate0065_5015x7275.sdr.s1024	706	1024	6600	svt-av1-v4.1.0	p6t4	45	52886	0.58523	44.81788173	86	3.640475872353727	9.502108573913574
6606_scans-illustrations_haeckel-red-algae_plate0065_5015x7275.sdr.s1024	706	1024	6600	svt-av1-v4.1.0	p6t4	55	22218	0.24586	19.34966606	84	5.384824520924237	16.877676010131836
6606_scans-illustrations_haeckel-red-algae_plate0065_5015x7275.sdr.s1024	706	1024	6600	svt-av1-v4.1.0	p6t4	65	6678	0.07390	-40.68602709	48	11.584334793380613	38.638145446777344
6606_scans-illustrations_haeckel-red-algae_plate0065_5015x7275.sdr.s1024	706	1024	6600	svt-av1-v4.1.0	p10t4	15	259605	2.87275	61.45390013	54	2.9130165513727646	7.7189836502075195
6606_scans-illustrations_haeckel-red-algae_plate0065_5015x7275.sdr.s1024	706	1024	6600	svt-av1-v4.1.0	p10t4	25	189276	2.09450	58.46147145	58	3.016987174735641	7.7093024253845215
6606_scans-illustrations_haeckel-red-algae_plate0065_5015x7275.sdr.s1024	706	1024	6600	svt-av1-v4.1.0	p10t4	35	110632	1.22424	50.59932634	52	3.501415081068943	8.91865348815918
6606_scans-illustrations_haeckel-red-algae_plate0065_5015x7275.sdr.s1024	706	1024	6600	svt-av1-v4.1.0	p10t4	45	54720	0.60552	33.26710119	41	5.041703313921533	15.796954154968262
6606_scans-illustrations_haeckel-red-algae_plate0065_5015x7275.sdr.s1024	706	1024	6600	svt-av1-v4.1.0	p10t4	55	23743	0.26274	5.16668216	37	7.4345492247564975	19.914127349853516
6606_scans-illustrations_haeckel-red-algae_plate0065_5015x7275.sdr.s1024	706	1024	6600	svt-av1-v4.1.0	p10t4	65	9415	0.10419	-32.14316389	36	11.148821334828204	32.03321075439453
6606_scans-illustrations_haeckel-red-algae_plate0065_5015x7275.sdr.s1024	706	1024	6600	svt-av1-v4.1.0	p6t1	15	259573	2.87240	61.36669682	175	2.859560579025029	7.487287521362305
6606_scans-illustrations_haeckel-red-algae_plate0065_5015x7275.sdr.s1024	706	1024	6600	svt-av1-v4.1.0	p6t1	25	184866	2.04570	59.34462309	184	2.895681520046932	7.802085876464844
6606_scans-illustrations_haeckel-red-algae_plate0065_5015x7275.sdr.s1024	706	1024	6600	svt-av1-v4.1.0	p6t1	35	115206	1.27485	53.20224183	180	3.1225797028647513	9.1559419631958
6606_scans-illustrations_haeckel-red-algae_plate0065_5015x7275.sdr.s1024	706	1024	6600	svt-av1-v4.1.0	p6t1	45	58737	0.64998	40.75111907	115	3.63124581762044	9.345222473144531
6606_scans-illustrations_haeckel-red-algae_plate0065_5015x7275.sdr.s1024	706	1024	6600	svt-av1-v4.1.0	p6t1	55	23317	0.25802	11.44713570	110	5.8056414454163106	16.910934448242188
6606_scans-illustrations_haeckel-red-algae_plate0065_5015x7275.sdr.s1024	706	1024	6600	svt-av1-v4.1.0	p6t1	65	2632	0.02913	-62.68472496	70	14.610267151298238	40.209896087646484
9074_gen_clipart_teapot-classic_1024x1536.sdr.s1024	682	1024	9000	svt-av1-v4.1.0	p2t4	15	20086	0.23009	86.94181471	173	0.6104611555277305	2.181241989135742
9074_gen_clipart_teapot-classic_1024x1536.sdr.s1024	682	1024	9000	svt-av1-v4.1.0	p2t4	25	15327	0.17558	85.87694032	218	0.6374542091242216	2.120481014251709
9074_gen_clipart_teapot-classic_1024x1536.sdr.s1024	682	1024	9000	svt-av1-v4.1.0	p2t4	35	11019	0.12623	82.21707822	224	0.8496598567550206	2.983342409133911
9074_gen_clipart_teapot-classic_1024x1536.sdr.s1024	682	1024	9000	svt-av1-v4.1.0	p2t4	45	6674	0.07645	73.41940425	201	1.6818747254634083	6.964029312133789
9074_gen_clipart_teapot-classic_1024x1536.sdr.s1024	682	1024	9000	svt-av1-v4.1.0	p2t4	55	3818	0.04374	60.39620751	269	2.962194121018418	12.106359481811523
9074_gen_clipart_teapot-classic_1024x1536.sdr.s1024	682	1024	9000	svt-av1-v4.1.0	p2t4	65	1862	0.02133	31.46501805	248	7.512964369346704	33.70833206176758
9074_gen_clipart_teapot-classic_1024x1536.sdr.s1024	682	1024	9000	svt-av1-v4.1.0	p6t4	15	27667	0.31693	86.57989441	52	0.6139950629867574	2.1787824630737305
9074_gen_clipart_teapot-classic_1024x1536.sdr.s1024	682	1024	9000	svt-av1-v4.1.0	p6t4	25	21800	0.24973	85.73608315	57	0.6501955672827767	2.2471530437469482
9074_gen_clipart_teapot-classic_1024x1536.sdr.s1024	682	1024	9000	svt-av1-v4.1.0	p6t4	35	16069	0.18407	80.80602980	69	0.9031370306986576	3.4571034908294678
9074_gen_clipart_teapot-classic_1024x1536.sdr.s1024	682	1024	9000	svt-av1-v4.1.0	p6t4	45	10226	0.11714	70.20919127	66	1.7948368978811668	6.7957892417907715
9074_gen_clipart_teapot-classic_1024x1536.sdr.s1024	682	1024	9000	svt-av1-v4.1.0	p6t4	55	6096	0.06983	53.08686675	58	3.67242579423429	14.452047348022461
9074_gen_clipart_teapot-classic_1024x1536.sdr.s1024	682	1024	9000	svt-av1-v4.1.0	p6t4	65	3180	0.03643	21.72377606	62	7.757434462805011	28.22294044494629
9074_gen_clipart_teapot-classic_1024x1536.sdr.s1024	682	1024	9000	svt-av1-v4.1.0	p10t4	15	33479	0.38351	85.62093830	28	0.647013317579279	2.196981430053711
9074_gen_clipart_teapot-classic_1024x1536.sdr.s1024	682	1024	9000	svt-av1-v4.1.0	p10t4	25	26264	0.30086	83.27897322	28	0.7657847874544922	2.3418993949890137
9074_gen_clipart_teapot-classic_1024x1536.sdr.s1024	682	1024	9000	svt-av1-v4.1.0	p10t4	35	18960	0.21719	78.08093115	33	1.1624989062468238	4.442020893096924
9074_gen_clipart_teapot-classic_1024x1536.sdr.s1024	682	1024	9000	svt-av1-v4.1.0	p10t4	45	11620	0.13311	68.11786937	27	2.0533894316144194	8.613368034362793
9074_gen_clipart_teapot-classic_1024x1536.sdr.s1024	682	1024	9000	svt-av1-v4.1.0	p10t4	55	6650	0.07618	51.83224915	32	3.8122849062277226	17.238508224487305
9074_gen_clipart_teapot-classic_1024x1536.sdr.s1024	682	1024	9000	svt-av1-v4.1.0	p10t4	65	3797	0.04350	29.83394459	32	5.874243675940939	21.540233612060547
9074_gen_clipart_teapot-classic_1024x1536.sdr.s1024	682	1024	9000	svt-av1-v4.1.0	p6t1	15	26106	0.29905	86.62257654	77	0.6474714560897047	2.355905294418335
9074_gen_clipart_teapot-classic_1024x1536.sdr.s1024	682	1024	9000	svt-av1-v4.1.0	p6t1	25	19685	0.22550	84.65165683	70	0.7754527640719098	3.5712082386016846
9074_gen_clipart_teapot-classic_1024x1536.sdr.s1024	682	1024	9000	svt-av1-v4.1.0	p6t1	35	13503	0.15468	77.27437791	50	1.1303886407855688	3.9467546939849854
9074_gen_clipart_teapot-classic_1024x1536.sdr.s1024	682	1024	9000	svt-av1-v4.1.0	p6t1	45	8388	0.09609	59.20731625	46	2.3326527156721304	8.566221237182617
9074_gen_clipart_teapot-classic_1024x1536.sdr.s1024	682	1024	9000	svt-av1-v4.1.0	p6t1	55	4785	0.05481	35.79331005	50	4.046072364159887	13.60555648803711
9074_gen_clipart_teapot-classic_1024x1536.sdr.s1024	682	1024	9000	svt-av1-v4.1.0	p6t1	65	1331	0.01525	-22.95949425	45	13.532540149175984	51.13833236694336
8414_web-screenshots_lkml-lists-index_dpr1_page1_1280x800.sdr.s1024	1024	640	8100	svt-av1-v4.1.0	p2t4	15	103824	1.26738	77.74278953	394	0.9878949834449541	2.2188894748687744
8414_web-screenshots_lkml-lists-index_dpr1_page1_1280x800.sdr.s1024	1024	640	8100	svt-av1-v4.1.0	p2t4	25	81072	0.98965	75.25335688	485	1.0647737634756351	3.1053173542022705
8414_web-screenshots_lkml-lists-index_dpr1_page1_1280x800.sdr.s1024	1024	640	8100	svt-av1-v4.1.0	p2t4	35	59623	0.72782	67.21097907	542	1.3455825050070374	3.5827505588531494
8414_web-screenshots_lkml-lists-index_dpr1_page1_1280x800.sdr.s1024	1024	640	8100	svt-av1-v4.1.0	p2t4	45	41274	0.50383	47.76189224	683	2.210394522683827	5.9455885887146
8414_web-screenshots_lkml-lists-index_dpr1_page1_1280x800.sdr.s1024	1024	640	8100	svt-av1-v4.1.0	p2t4	55	24083	0.29398	18.02586965	1043	4.163373913193905	14.083592414855957
8414_web-screenshots_lkml-lists-index_dpr1_page1_1280x800.sdr.s1024	1024	640	8100	svt-av1-v4.1.0	p2t4	65	2904	0.03545	-48.04276975	503	9.260042442904142	23.875608444213867
8414_web-screenshots_lkml-lists-index_dpr1_page1_1280x800.sdr.s1024	1024	640	8100	svt-av1-v4.1.0	p6t4	15	120926	1.47615	77.02797774	103	1.0082355647617554	2.3785886764526367
8414_web-screenshots_lkml-lists-index_dpr1_page1_1280x800.sdr.s1024	1024	640	8100	svt-av1-v4.1.0	p6t4	25	92567	1.12997	73.76764373	116	1.0875580945820869	2.6937925815582275
8414_web-screenshots_lkml-lists-index_dpr1_page1_1280x800.sdr.s1024	1024	640	8100	svt-av1-v4.1.0	p6t4	35	67023	0.81815	61.53371467	80	1.5438234003000273	4.102794647216797
8414_web-screenshots_lkml-lists-index_dpr1_page1_1280x800.sdr.s1024	1024	640	8100	svt-av1-v4.1.0	p6t4	45	42171	0.51478	36.65548345	78	2.961278886321549	7.393282413482666
8414_web-screenshots_lkml-lists-index_dpr1_page1_1280x800.sdr.s1024	1024	640	8100	svt-av1-v4.1.0	p6t4	55	19753	0.24113	2.89454849	83	5.354832819893866	13.522708892822266
8414_web-screenshots_lkml-lists-index_dpr1_page1_1280x800.sdr.s1024	1024	640	8100	svt-av1-v4.1.0	p6t4	65	2937	0.03585	-48.78678442	49	9.600625427289884	29.14515495300293
8414_web-screenshots_lkml-lists-index_dpr1_page1_1280x800.sdr.s1024	1024	640	8100	svt-av1-v4.1.0	p10t4	15	160637	1.96090	75.02767237	38	1.0826138302953583	2.2496349811553955
8414_web-screenshots_lkml-lists-index_dpr1_page1_1280x800.sdr.s1024	1024	640	8100	svt-av1-v4.1.0	p10t4	25	123246	1.50447	70.77641177	43	1.265106831634166	3.192715644836426
8414_web-screenshots_lkml-lists-index_dpr1_page1_1280x800.sdr.s1024	1024	640	8100	svt-av1-v4.1.0	p10t4	35	80602	0.98391	55.99197288	41	1.9775510661727704	4.74445104598999
8414_web-screenshots_lkml-lists-index_dpr1_page1_1280x800.sdr.s1024	1024	640	8100	svt-av1-v4.1.0	p10t4	45	43647	0.53280	34.73651248	44	3.44219998891185	9.2610445022583
8414_web-screenshots_lkml-lists-index_dpr1_page1_1280x800.sdr.s1024	1024	640	8100	svt-av1-v4.1.0	p10t4	55	18665	0.22784	-0.74871737	41	5.903483151462777	14.18628215789795
8414_web-screenshots_lkml-lists-index_dpr1_page1_1280x800.sdr.s1024	1024	640	8100	svt-av1-v4.1.0	p10t4	65	6070	0.07410	-39.07783349	28	8.844899001620034	24.467531204223633
8414_web-screenshots_lkml-lists-index_dpr1_page1_1280x800.sdr.s1024	1024	640	8100	svt-av1-v4.1.0	p6t1	15	132640	1.61914	76.56346986	100	1.002166143666687	2.7249648571014404
8414_web-screenshots_lkml-lists-index_dpr1_page1_1280x800.sdr.s1024	1024	640	8100	svt-av1-v4.1.0	p6t1	25	101537	1.23947	69.28632461	102	1.2168098977490116	3.897085189819336
8414_web-screenshots_lkml-lists-index_dpr1_page1_1280x800.sdr.s1024	1024	640	8100	svt-av1-v4.1.0	p6t1	35	69448	0.84775	55.38172857	104	1.719747174722657	4.726495265960693
8414_web-screenshots_lkml-lists-index_dpr1_page1_1280x800.sdr.s1024	1024	640	8100	svt-av1-v4.1.0	p6t1	45	42748	0.52183	34.20798589	105	2.9185617720670245	9.42927360534668
8414_web-screenshots_lkml-lists-index_dpr1_page1_1280x800.sdr.s1024	1024	640	8100	svt-av1-v4.1.0	p6t1	55	22149	0.27037	-6.17001957	84	5.083925188053218	14.658992767333984
8414_web-screenshots_lkml-lists-index_dpr1_page1_1280x800.sdr.s1024	1024	640	8100	svt-av1-v4.1.0	p6t1	65	557	0.00680	-62.08326935	54	13.092820049629395	40.64897155761719
9678_gen_products-grocery_cereal-box-coral_p0439_1024x1536.sdr.s1024	682	1024	9226	svt-av1-v4.1.0	p2t4	15	72907	0.83517	82.44045902	399	1.036344298366192	2.8402068614959717
9678_gen_products-grocery_cereal-box-coral_p0439_1024x1536.sdr.s1024	682	1024	9226	svt-av1-v4.1.0	p2t4	25	46341	0.53085	79.10826318	495	1.1200074209555744	2.84956431388855
9678_gen_products-grocery_cereal-box-coral_p0439_1024x1536.sdr.s1024	682	1024	9226	svt-av1-v4.1.0	p2t4	35	25643	0.29375	72.43795366	452	1.3819363148783566	3.53884220123291
9678_gen_products-grocery_cereal-box-coral_p0439_1024x1536.sdr.s1024	682	1024	9226	svt-av1-v4.1.0	p2t4	45	13238	0.15164	59.92523174	463	2.1841308803062423	6.655886173248291
9678_gen_products-grocery_cereal-box-coral_p0439_1024x1536.sdr.s1024	682	1024	9226	svt-av1-v4.1.0	p2t4	55	6501	0.07447	38.76064221	691	3.591435676487686	11.100903511047363
9678_gen_products-grocery_cereal-box-coral_p0439_1024x1536.sdr.s1024	682	1024	9226	svt-av1-v4.1.0	p2t4	65	2572	0.02946	-6.17237680	370	8.773900565470683	36.29266357421875
9678_gen_products-grocery_cereal-box-coral_p0439_1024x1536.sdr.s1024	682	1024	9226	svt-av1-v4.1.0	p6t4	15	75193	0.86136	82.01183061	82	1.0501375865890064	2.8263111114501953
9678_gen_products-grocery_cereal-box-coral_p0439_1024x1536.sdr.s1024	682	1024	9226	svt-av1-v4.1.0	p6t4	25	49654	0.56880	78.67639122	100	1.1370113266769597	3.0162088871002197
9678_gen_products-grocery_cereal-box-coral_p0439_1024x1536.sdr.s1024	682	1024	9226	svt-av1-v4.1.0	p6t4	35	28261	0.32374	71.86647654	71	1.4036057101788872	3.601173162460327
9678_gen_products-grocery_cereal-box-coral_p0439_1024x1536.sdr.s1024	682	1024	9226	svt-av1-v4.1.0	p6t4	45	14563	0.16682	58.26232919	71	2.218244402816333	6.283638000488281
9678_gen_products-grocery_cereal-box-coral_p0439_1024x1536.sdr.s1024	682	1024	9226	svt-av1-v4.1.0	p6t4	55	7132	0.08170	34.30553930	52	3.9404555121152582	11.558002471923828
9678_gen_products-grocery_cereal-box-coral_p0439_1024x1536.sdr.s1024	682	1024	9226	svt-av1-v4.1.0	p6t4	65	2858	0.03274	-11.28651215	55	8.326558527435338	29.270402908325195
9678_gen_products-grocery_cereal-box-coral_p0439_1024x1536.sdr.s1024	682	1024	9226	svt-av1-v4.1.0	p10t4	15	85661	0.98127	81.26561524	40	1.0638373755569914	2.9030649662017822
9678_gen_products-grocery_cereal-box-coral_p0439_1024x1536.sdr.s1024	682	1024	9226	svt-av1-v4.1.0	p10t4	25	58592	0.67119	77.50677143	32	1.1850355185222734	3.012958526611328
9678_gen_products-grocery_cereal-box-coral_p0439_1024x1536.sdr.s1024	682	1024	9226	svt-av1-v4.1.0	p10t4	35	33349	0.38202	69.87327465	30	1.5461758386553575	4.430482387542725
9678_gen_products-grocery_cereal-box-coral_p0439_1024x1536.sdr.s1024	682	1024	9226	svt-av1-v4.1.0	p10t4	45	17044	0.19524	55.36633876	32	2.4525058464010385	7.291050434112549
9678_gen_products-grocery_cereal-box-coral_p0439_1024x1536.sdr.s1024	682	1024	9226	svt-av1-v4.1.0	p10t4	55	8204	0.09398	31.00633502	28	4.173361226632984	13.917436599731445
9678_gen_products-grocery_cereal-box-coral_p0439_1024x1536.sdr.s1024	682	1024	9226	svt-av1-v4.1.0	p10t4	65	4175	0.04783	-9.05380943	35	6.957609338356768	19.879680633544922
9678_gen_products-grocery_cereal-box-coral_p0439_1024x1536.sdr.s1024	682	1024	9226	svt-av1-v4.1.0	p6t1	15	67487	0.77308	80.14619793	96	1.1123428446732548	2.966301679611206
9678_gen_products-grocery_cereal-box-coral_p0439_1024x1536.sdr.s1024	682	1024	9226	svt-av1-v4.1.0	p6t1	25	41117	0.47101	74.79255786	84	1.276961569334344	3.246474504470825
9678_gen_products-grocery_cereal-box-coral_p0439_1024x1536.sdr.s1024	682	1024	9226	svt-av1-v4.1.0	p6t1	35	23825	0.27292	66.29253533	73	1.6544397963351294	4.480466842651367
9678_gen_products-grocery_cereal-box-coral_p0439_1024x1536.sdr.s1024	682	1024	9226	svt-av1-v4.1.0	p6t1	45	11905	0.13638	49.03750885	63	2.8604312145665136	10.786256790161133
9678_gen_products-grocery_cereal-box-coral_p0439_1024x1536.sdr.s1024	682	1024	9226	svt-av1-v4.1.0	p6t1	55	5521	0.06324	19.48853890	53	4.677144777578911	13.430185317993164
9678_gen_products-grocery_cereal-box-coral_p0439_1024x1536.sdr.s1024	682	1024	9226	svt-av1-v4.1.0	p6t1	65	975	0.01117	-59.99150895	41	13.124661887877386	42.548927307128906
2000_people_by-alexander-aguero-enppvuxbcce-unsplash_4400x6600.sdr.s1024	682	1024	2000	svt-av1-v4.1.0	p2t4	15	70696	0.80984	83.48816094	400	0.8123063805669081	2.748887062072754
2000_people_by-alexander-aguero-enppvuxbcce-unsplash_4400x6600.sdr.s1024	682	1024	2000	svt-av1-v4.1.0	p2t4	25	47116	0.53973	79.26388255	521	0.95952788249293	2.875453472137451
2000_people_by-alexander-aguero-enppvuxbcce-unsplash_4400x6600.sdr.s1024	682	1024	2000	svt-av1-v4.1.0	p2t4	35	28103	0.32193	70.88064585	550	1.3379542372587672	3.721198558807373
2000_people_by-alexander-aguero-enppvuxbcce-unsplash_4400x6600.sdr.s1024	682	1024	2000	svt-av1-v4.1.0	p2t4	45	13368	0.15313	52.67245224	445	2.2308523079542883	6.207245349884033
2000_people_by-alexander-aguero-enppvuxbcce-unsplash_4400x6600.sdr.s1024	682	1024	2000	svt-av1-v4.1.0	p2t4	55	6153	0.07048	27.36342867	690	3.6395696624530025	9.975994110107422
2000_people_by-alexander-aguero-enppvuxbcce-unsplash_4400x6600.sdr.s1024	682	1024	2000	svt-av1-v4.1.0	p2t4	65	2611	0.02991	-12.20061599	401	6.834104211020805	21.071313858032227
2000_people_by-alexander-aguero-enppvuxbcce-unsplash_4400x6600.sdr.s1024	682	1024	2000	svt-av1-v4.1.0	p6t4	15	73335	0.84007	83.09801843	80	0.840478071671436	2.890665292739868
2000_people_by-alexander-aguero-enppvuxbcce-unsplash_4400x6600.sdr.s1024	682	1024	2000	svt-av1-v4.1.0	p6t4	25	49814	0.57063	79.08172121	91	1.0570443456522274	3.7174196243286133
2000_people_by-alexander-aguero-enppvuxbcce-unsplash_4400x6600.sdr.s1024	682	1024	2000	svt-av1-v4.1.0	p6t4	35	30310	0.34721	70.37220828	78	1.3645144637555884	3.6173253059387207
2000_people_by-alexander-aguero-enppvuxbcce-unsplash_4400x6600.sdr.s1024	682	1024	2000	svt-av1-v4.1.0	p6t4	45	14613	0.16740	51.47882808	71	2.2556297911561134	6.241803169250488
2000_people_by-alexander-aguero-enppvuxbcce-unsplash_4400x6600.sdr.s1024	682	1024	2000	svt-av1-v4.1.0	p6t4	55	6773	0.07759	25.56457299	61	3.817519796812561	10.718863487243652
2000_people_by-alexander-aguero-enppvuxbcce-unsplash_4400x6600.sdr.s1024	682	1024	2000	svt-av1-v4.1.0	p6t4	65	2945	0.03374	-14.49523903	47	6.9025726970529995	21.44747543334961
2000_people_by-alexander-aguero-enppvuxbcce-unsplash_4400x6600.sdr.s1024	682	1024	2000	svt-av1-v4.1.0	p10t4	15	78349	0.89751	82.77732084	40	0.8622454729437504	3.0148727893829346
2000_people_by-alexander-aguero-enppvuxbcce-unsplash_4400x6600.sdr.s1024	682	1024	2000	svt-av1-v4.1.0	p10t4	25	54044	0.61909	78.15577922	47	1.0167020250107355	2.735419273376465
2000_people_by-alexander-aguero-enppvuxbcce-unsplash_4400x6600.sdr.s1024	682	1024	2000	svt-av1-v4.1.0	p10t4	35	32977	0.37776	69.36736129	32	1.38822514140729	3.8713083267211914
2000_people_by-alexander-aguero-enppvuxbcce-unsplash_4400x6600.sdr.s1024	682	1024	2000	svt-av1-v4.1.0	p10t4	45	15911	0.18226	51.04745601	25	2.2936477064932705	6.183806419372559
2000_people_by-alexander-aguero-enppvuxbcce-unsplash_4400x6600.sdr.s1024	682	1024	2000	svt-av1-v4.1.0	p10t4	55	7192	0.08239	23.25910253	29	3.8142061125070477	9.974320411682129
2000_people_by-alexander-aguero-enppvuxbcce-unsplash_4400x6600.sdr.s1024	682	1024	2000	svt-av1-v4.1.0	p10t4	65	3225	0.03694	-12.96472747	29	6.256146899947297	17.09897804260254
2000_people_by-alexander-aguero-enppvuxbcce-unsplash_4400x6600.sdr.s1024	682	1024	2000	svt-av1-v4.1.0	p6t1	15	60147	0.68900	80.30891897	80	0.9512064169649995	3.0236880779266357
2000_people_by-alexander-aguero-enppvuxbcce-unsplash_4400x6600.sdr.s1024	682	1024	2000	svt-av1-v4.1.0	p6t1	25	36427	0.41728	71.29606115	72	1.2998889858347287	3.4792566299438477
2000_people_by-alexander-aguero-enppvuxbcce-unsplash_4400x6600.sdr.s1024	682	1024	2000	svt-av1-v4.1.0	p6t1	35	19850	0.22739	56.07198040	70	1.9710389013150653	5.23294734954834
2000_people_by-alexander-aguero-enppvuxbcce-unsplash_4400x6600.sdr.s1024	682	1024	2000	svt-av1-v4.1.0	p6t1	45	9461	0.10838	32.46395404	73	3.2920017701784317	11.163165092468262
2000_people_by-alexander-aguero-enppvuxbcce-unsplash_4400x6600.sdr.s1024	682	1024	2000	svt-av1-v4.1.0	p6t1	55	4169	0.04776	0.02420218	47	5.187995572761445	16.352216720581055
2000_people_by-alexander-aguero-enppvuxbcce-unsplash_4400x6600.sdr.s1024	682	1024	2000	svt-av1-v4.1.0	p6t1	65	871	0.00998	-58.85278089	41	13.184445238910547	43.01776123046875
1614_food_dessert-plate-upside-down_valladolid-mexico_s23u_iso640-f1p7_20230917-213342_4000x3000.sdr.s1024	1024	768	1600	svt-av1-v4.1.0	p2t4	15	96423	0.98087	85.93897350	456	0.659575101228372	1.52403724193573
1614_food_dessert-plate-upside-down_valladolid-mexico_s23u_iso640-f1p7_20230917-213342_4000x3000.sdr.s1024	1024	768	1600	svt-av1-v4.1.0	p2t4	25	64643	0.65758	81.82784794	550	0.8629303408958853	2.244812250137329
1614_food_dessert-plate-upside-down_valladolid-mexico_s23u_iso640-f1p7_20230917-213342_4000x3000.sdr.s1024	1024	768	1600	svt-av1-v4.1.0	p2t4	35	40026	0.40717	72.91245004	582	1.3045979716517293	3.84230375289917
1614_food_dessert-plate-upside-down_valladolid-mexico_s23u_iso640-f1p7_20230917-213342_4000x3000.sdr.s1024	1024	768	1600	svt-av1-v4.1.0	p2t4	45	22028	0.22408	55.28244230	619	2.1811718755894898	5.905515193939209
1614_food_dessert-plate-upside-down_valladolid-mexico_s23u_iso640-f1p7_20230917-213342_4000x3000.sdr.s1024	1024	768	1600	svt-av1-v4.1.0	p2t4	55	11839	0.12043	30.16664523	812	3.9267392661005776	12.1471586227417
1614_food_dessert-plate-upside-down_valladolid-mexico_s23u_iso640-f1p7_20230917-213342_4000x3000.sdr.s1024	1024	768	1600	svt-av1-v4.1.0	p2t4	65	5016	0.05103	-19.49996300	495	8.981580967421467	28.560392379760742
1614_food_dessert-plate-upside-down_valladolid-mexico_s23u_iso640-f1p7_20230917-213342_4000x3000.sdr.s1024	1024	768	1600	svt-av1-v4.1.0	p6t4	15	102017	1.03777	85.52454267	125	0.676207618286329	1.5674220323562622
1614_food_dessert-plate-upside-down_valladolid-mexico_s23u_iso640-f1p7_20230917-213342_4000x3000.sdr.s1024	1024	768	1600	svt-av1-v4.1.0	p6t4	25	70313	0.71526	81.24762964	111	0.8900578070841254	2.2447669506073
1614_food_dessert-plate-upside-down_valladolid-mexico_s23u_iso640-f1p7_20230917-213342_4000x3000.sdr.s1024	1024	768	1600	svt-av1-v4.1.0	p6t4	35	43973	0.44732	72.04775158	90	1.3215107586038262	3.5275516510009766
1614_food_dessert-plate-upside-down_valladolid-mexico_s23u_iso640-f1p7_20230917-213342_4000x3000.sdr.s1024	1024	768	1600	svt-av1-v4.1.0	p6t4	45	24295	0.24714	53.84728813	91	2.3678816140810586	6.657081127166748
1614_food_dessert-plate-upside-down_valladolid-mexico_s23u_iso640-f1p7_20230917-213342_4000x3000.sdr.s1024	1024	768	1600	svt-av1-v4.1.0	p6t4	55	12788	0.13009	25.51947100	56	4.589964521665965	16.136962890625
1614_food_dessert-plate-upside-down_valladolid-mexico_s23u_iso640-f1p7_20230917-213342_4000x3000.sdr.s1024	1024	768	1600	svt-av1-v4.1.0	p6t4	65	5619	0.05716	-21.92602241	62	9.207995057172695	29.524656295776367
1614_food_dessert-plate-upside-down_valladolid-mexico_s23u_iso640-f1p7_20230917-213342_4000x3000.sdr.s1024	1024	768	1600	svt-av1-v4.1.0	p10t4	15	111901	1.13832	84.81389628	41	0.7096460153924059	1.5714311599731445
1614_food_dessert-plate-upside-down_valladolid-mexico_s23u_iso640-f1p7_20230917-213342_4000x3000.sdr.s1024	1024	768	1600	svt-av1-v4.1.0	p10t4	25	78606	0.79962	80.02283600	52	0.9608006754447761	2.2607781887054443
1614_food_dessert-plate-upside-down_valladolid-mexico_s23u_iso640-f1p7_20230917-213342_4000x3000.sdr.s1024	1024	768	1600	svt-av1-v4.1.0	p10t4	35	49254	0.50104	70.73763512	35	1.4495836089699472	4.104091167449951
1614_food_dessert-plate-upside-down_valladolid-mexico_s23u_iso640-f1p7_20230917-213342_4000x3000.sdr.s1024	1024	768	1600	svt-av1-v4.1.0	p10t4	45	26701	0.27162	53.42712438	30	2.5670573749530785	8.427016258239746
1614_food_dessert-plate-upside-down_valladolid-mexico_s23u_iso640-f1p7_20230917-213342_4000x3000.sdr.s1024	1024	768	1600	svt-av1-v4.1.0	p10t4	55	13854	0.14093	24.81799841	39	4.517682914306632	13.636282920837402
1614_food_dessert-plate-upside-down_valladolid-mexico_s23u_iso640-f1p7_20230917-213342_4000x3000.sdr.s1024	1024	768	1600	svt-av1-v4.1.0	p10t4	65	6860	0.06978	-17.22245329	35	7.851177270602139	24.379573822021484
1614_food_dessert-plate-upside-down_valladolid-mexico_s23u_iso640-f1p7_20230917-213342_4000x3000.sdr.s1024	1024	768	1600	svt-av1-v4.1.0	p6t1	15	82951	0.84382	82.40181392	115	0.8215071122643818	2.1262972354888916
1614_food_dessert-plate-upside-down_valladolid-mexico_s23u_iso640-f1p7_20230917-213342_4000x3000.sdr.s1024	1024	768	1600	svt-av1-v4.1.0	p6t1	25	53737	0.54664	74.38250730	106	1.1588753689891584	3.1480112075805664
1614_food_dessert-plate-upside-down_valladolid-mexico_s23u_iso640-f1p7_20230917-213342_4000x3000.sdr.s1024	1024	768	1600	svt-av1-v4.1.0	p6t1	35	32469	0.33029	59.58438592	76	1.779900029641959	5.3970866203308105
1614_food_dessert-plate-upside-down_valladolid-mexico_s23u_iso640-f1p7_20230917-213342_4000x3000.sdr.s1024	1024	768	1600	svt-av1-v4.1.0	p6t1	45	18026	0.18337	36.11163612	72	2.99098896239002	8.29918384552002
1614_food_dessert-plate-upside-down_valladolid-mexico_s23u_iso640-f1p7_20230917-213342_4000x3000.sdr.s1024	1024	768	1600	svt-av1-v4.1.0	p6t1	55	8822	0.08974	-0.05957782	51	5.807073243524094	20.03423309326172
1614_food_dessert-plate-upside-down_valladolid-mexico_s23u_iso640-f1p7_20230917-213342_4000x3000.sdr.s1024	1024	768	1600	svt-av1-v4.1.0	p6t1	65	2019	0.02054	-63.95777117	58	15.514104877218836	47.005409240722656
6018_scans-patents_lynn-conway-us5046022-1bit_p019_2320x3408.sdr.s1024	696	1024	6000	svt-av1-v4.1.0	p2t4	15	189118	2.12282	92.15674883	504	0.2833774224298325	1.0036569833755493
6018_scans-patents_lynn-conway-us5046022-1bit_p019_2320x3408.sdr.s1024	696	1024	6000	svt-av1-v4.1.0	p2t4	25	155385	1.74417	88.57037130	747	0.5113122442327285	1.9188848733901978
6018_scans-patents_lynn-conway-us5046022-1bit_p019_2320x3408.sdr.s1024	696	1024	6000	svt-av1-v4.1.0	p2t4	35	123184	1.38272	83.06990772	937	0.7950206781398075	2.97391414642334
6018_scans-patents_lynn-conway-us5046022-1bit_p019_2320x3408.sdr.s1024	696	1024	6000	svt-av1-v4.1.0	p2t4	45	90317	1.01380	72.44579719	1013	1.518589114529611	5.252018928527832
6018_scans-patents_lynn-conway-us5046022-1bit_p019_2320x3408.sdr.s1024	696	1024	6000	svt-av1-v4.1.0	p2t4	55	56525	0.63449	50.68890183	1774	3.28124002448743	10.916747093200684
6018_scans-patents_lynn-conway-us5046022-1bit_p019_2320x3408.sdr.s1024	696	1024	6000	svt-av1-v4.1.0	p2t4	65	5656	0.06349	-41.28850223	755	11.473311521343433	33.360355377197266
6018_scans-patents_lynn-conway-us5046022-1bit_p019_2320x3408.sdr.s1024	696	1024	6000	svt-av1-v4.1.0	p6t4	15	229646	2.57774	89.67501682	124	0.4586563875047891	1.754318356513977
6018_scans-patents_lynn-conway-us5046022-1bit_p019_2320x3408.sdr.s1024	696	1024	6000	svt-av1-v4.1.0	p6t4	25	179410	2.01385	86.14149936	104	0.6543191214876787	2.3743817806243896
6018_scans-patents_lynn-conway-us5046022-1bit_p019_2320x3408.sdr.s1024	696	1024	6000	svt-av1-v4.1.0	p6t4	35	136536	1.53260	77.01923300	148	1.2496543074077302	3.9936017990112305
6018_scans-patents_lynn-conway-us5046022-1bit_p019_2320x3408.sdr.s1024	696	1024	6000	svt-av1-v4.1.0	p6t4	45	93864	1.05361	55.93037590	107	2.844193235380239	8.744802474975586
6018_scans-patents_lynn-conway-us5046022-1bit_p019_2320x3408.sdr.s1024	696	1024	6000	svt-av1-v4.1.0	p6t4	55	46931	0.52679	22.15584196	86	5.871051629285039	15.106982231140137
6018_scans-patents_lynn-conway-us5046022-1bit_p019_2320x3408.sdr.s1024	696	1024	6000	svt-av1-v4.1.0	p6t4	65	6366	0.07146	-39.29778259	55	11.179033258206132	30.015596389770508
6018_scans-patents_lynn-conway-us5046022-1bit_p019_2320x3408.sdr.s1024	696	1024	6000	svt-av1-v4.1.0	p10t4	15	258469	2.90128	87.76962281	55	0.6617639409348649	2.0022029876708984
6018_scans-patents_lynn-conway-us5046022-1bit_p019_2320x3408.sdr.s1024	696	1024	6000	svt-av1-v4.1.0	p10t4	25	212849	2.38920	83.91391825	51	0.9658252947466687	3.211107015609741
6018_scans-patents_lynn-conway-us5046022-1bit_p019_2320x3408.sdr.s1024	696	1024	6000	svt-av1-v4.1.0	p10t4	35	144045	1.61688	71.73698802	36	1.9055272875739488	4.730350971221924
6018_scans-patents_lynn-conway-us5046022-1bit_p019_2320x3408.sdr.s1024	696	1024	6000	svt-av1-v4.1.0	p10t4	45	82312	0.92394	51.07241614	34	3.838367070087353	9.264586448669434
6018_scans-patents_lynn-conway-us5046022-1bit_p019_2320x3408.sdr.s1024	696	1024	6000	svt-av1-v4.1.0	p10t4	55	37504	0.42098	19.88522573	34	6.49760725563178	15.50721549987793
6018_scans-patents_lynn-conway-us5046022-1bit_p019_2320x3408.sdr.s1024	696	1024	6000	svt-av1-v4.1.0	p10t4	65	11410	0.12808	-24.96491909	28	9.825650808829637	22.055749893188477
6018_scans-patents_lynn-conway-us5046022-1bit_p019_2320x3408.sdr.s1024	696	1024	6000	svt-av1-v4.1.0	p6t1	15	268881	3.01815	89.89523611	93	0.5114132965055009	2.4161295890808105
6018_scans-patents_lynn-conway-us5046022-1bit_p019_2320x3408.sdr.s1024	696	1024	6000	svt-av1-v4.1.0	p6t1	25	219941	2.46881	83.20752279	88	0.948129550747511	4.298040390014648
6018_scans-patents_lynn-conway-us5046022-1bit_p019_2320x3408.sdr.s1024	696	1024	6000	svt-av1-v4.1.0	p6t1	35	162723	1.82654	78.01412982	108	1.2390571407727868	5.254202842712402
6018_scans-patents_lynn-conway-us5046022-1bit_p019_2320x3408.sdr.s1024	696	1024	6000	svt-av1-v4.1.0	p6t1	45	104260	1.17030	59.43001810	89	2.4889856011293268	9.057001113891602
6018_scans-patents_lynn-conway-us5046022-1bit_p019_2320x3408.sdr.s1024	696	1024	6000	svt-av1-v4.1.0	p6t1	55	56989	0.63969	31.91572759	108	4.497778621305852	14.94088077545166
6018_scans-patents_lynn-conway-us5046022-1bit_p019_2320x3408.sdr.s1024	696	1024	6000	svt-av1-v4.1.0	p6t1	65	1083	0.01216	-62.63380007	78	16.80077742227787	55.7513427734375
7028_plots_line-00119-s142edf29_1024x1024.sdr.s1024	1024	1024	7000	svt-av1-v4.1.0	p2t4	15	36189	0.27610	62.92514769	209	2.9987314079855785	11.458626747131348
7028_plots_line-00119-s142edf29_1024x1024.sdr.s1024	1024	1024	7000	svt-av1-v4.1.0	p2t4	25	30371	0.23171	62.40556705	262	3.030332267045176	11.576754570007324
7028_plots_line-00119-s142edf29_1024x1024.sdr.s1024	1024	1024	7000	svt-av1-v4.1.0	p2t4	35	25469	0.19431	61.43848211	284	3.117378764407144	12.010973930358887
7028_plots_line-00119-s142edf29_1024x1024.sdr.s1024	1024	1024	7000	svt-av1-v4.1.0	p2t4	45	18836	0.14371	52.89811040	297	3.3482457514900634	12.859742164611816
7028_plots_line-00119-s142edf29_1024x1024.sdr.s1024	1024	1024	7000	svt-av1-v4.1.0	p2t4	55	12039	0.09185	34.98697136	481	4.7227289678470195	18.491016387939453
7028_plots_line-00119-s142edf29_1024x1024.sdr.s1024	1024	1024	7000	svt-av1-v4.1.0	p2t4	65	4599	0.03509	-6.74147046	433	7.654111923913845	26.367374420166016
7028_plots_line-00119-s142edf29_1024x1024.sdr.s1024	1024	1024	7000	svt-av1-v4.1.0	p6t4	15	52262	0.39873	62.86095570	114	3.0145936356972776	11.79299259185791
7028_plots_line-00119-s142edf29_1024x1024.sdr.s1024	1024	1024	7000	svt-av1-v4.1.0	p6t4	25	43775	0.33398	62.38361161	86	2.9968854393586644	11.593964576721191
7028_plots_line-00119-s142edf29_1024x1024.sdr.s1024	1024	1024	7000	svt-av1-v4.1.0	p6t4	35	35616	0.27173	61.42867100	90	3.033512936337864	11.47044849395752
7028_plots_line-00119-s142edf29_1024x1024.sdr.s1024	1024	1024	7000	svt-av1-v4.1.0	p6t4	45	25488	0.19446	50.47874771	80	3.367522017369763	12.027046203613281
7028_plots_line-00119-s142edf29_1024x1024.sdr.s1024	1024	1024	7000	svt-av1-v4.1.0	p6t4	55	15456	0.11792	23.98739504	63	5.298670564141612	20.091825485229492
7028_plots_line-00119-s142edf29_1024x1024.sdr.s1024	1024	1024	7000	svt-av1-v4.1.0	p6t4	65	7991	0.06097	-12.08712860	71	8.188445874778226	26.5836124420166
7028_plots_line-00119-s142edf29_1024x1024.sdr.s1024	1024	1024	7000	svt-av1-v4.1.0	p10t4	15	89300	0.68130	62.26866425	34	3.0706472929843827	11.847562789916992
7028_plots_line-00119-s142edf29_1024x1024.sdr.s1024	1024	1024	7000	svt-av1-v4.1.0	p10t4	25	72788	0.55533	61.20490312	37	3.0787897764087924	11.742423057556152
7028_plots_line-00119-s142edf29_1024x1024.sdr.s1024	1024	1024	7000	svt-av1-v4.1.0	p10t4	35	54582	0.41643	57.53195595	48	3.2950782406923067	12.276355743408203
7028_plots_line-00119-s142edf29_1024x1024.sdr.s1024	1024	1024	7000	svt-av1-v4.1.0	p10t4	45	33519	0.25573	43.68241482	40	3.8572120458984576	13.405765533447266
7028_plots_line-00119-s142edf29_1024x1024.sdr.s1024	1024	1024	7000	svt-av1-v4.1.0	p10t4	55	18118	0.13823	19.90728132	39	5.600504560294233	19.493459701538086
7028_plots_line-00119-s142edf29_1024x1024.sdr.s1024	1024	1024	7000	svt-av1-v4.1.0	p10t4	65	8916	0.06802	-17.37200831	40	8.602683311970276	31.613187789916992
7028_plots_line-00119-s142edf29_1024x1024.sdr.s1024	1024	1024	7000	svt-av1-v4.1.0	p6t1	15	48266	0.36824	62.54974691	72	3.072353040802484	11.958296775817871
7028_plots_line-00119-s142edf29_1024x1024.sdr.s1024	1024	1024	7000	svt-av1-v4.1.0	p6t1	25	38488	0.29364	61.53200730	104	3.089893587464316	12.036402702331543
7028_plots_line-00119-s142edf29_1024x1024.sdr.s1024	1024	1024	7000	svt-av1-v4.1.0	p6t1	35	28866	0.22023	54.31669958	86	3.2612458769520516	12.697240829467773
7028_plots_line-00119-s142edf29_1024x1024.sdr.s1024	1024	1024	7000	svt-av1-v4.1.0	p6t1	45	19185	0.14637	33.88938238	100	4.200363866374533	14.846162796020508
7028_plots_line-00119-s142edf29_1024x1024.sdr.s1024	1024	1024	7000	svt-av1-v4.1.0	p6t1	55	10662	0.08134	-8.38678218	83	6.822252886125841	25.841379165649414
7028_plots_line-00119-s142edf29_1024x1024.sdr.s1024	1024	1024	7000	svt-av1-v4.1.0	p6t1	65	2123	0.01620	-62.72170414	67	16.316092803878494	51.0658073425293
9100_gen_illustrations_bath-candles-evening_1024x1536.sdr.s1024	682	1024	9094	svt-av1-v4.1.0	p2t4	15	196910	2.25566	80.35586680	593	0.7574970679402157	2.5367116928100586
9100_gen_illustrations_bath-candles-evening_1024x1536.sdr.s1024	682	1024	9094	svt-av1-v4.1.0	p2t4	25	130334	1.49301	74.82839963	910	0.9513879864515316	2.415452003479004
9100_gen_illustrations_bath-candles-evening_1024x1536.sdr.s1024	682	1024	9094	svt-av1-v4.1.0	p2t4	35	70040	0.80233	62.85474162	846	1.476941404113609	3.153414011001587
9100_gen_illustrations_bath-candles-evening_1024x1536.sdr.s1024	682	1024	9094	svt-av1-v4.1.0	p2t4	45	27058	0.30996	37.31232621	749	2.3985472297526673	5.310321807861328
9100_gen_illustrations_bath-candles-evening_1024x1536.sdr.s1024	682	1024	9094	svt-av1-v4.1.0	p2t4	55	9864	0.11299	1.21496770	1042	3.741282107908962	9.945271492004395
9100_gen_illustrations_bath-candles-evening_1024x1536.sdr.s1024	682	1024	9094	svt-av1-v4.1.0	p2t4	65	3236	0.03707	-42.87431512	617	6.206802728173135	16.832908630371094
9100_gen_illustrations_bath-candles-evening_1024x1536.sdr.s1024	682	1024	9094	svt-av1-v4.1.0	p6t4	15	189095	2.16614	79.76954610	117	0.7787323460001209	2.533961534500122
9100_gen_illustrations_bath-candles-evening_1024x1536.sdr.s1024	682	1024	9094	svt-av1-v4.1.0	p6t4	25	130092	1.49024	74.29878754	132	0.9796517155207637	2.4539451599121094
9100_gen_illustrations_bath-candles-evening_1024x1536.sdr.s1024	682	1024	9094	svt-av1-v4.1.0	p6t4	35	71126	0.81477	62.46630470	97	1.5133072763067907	3.1899678707122803
9100_gen_illustrations_bath-candles-evening_1024x1536.sdr.s1024	682	1024	9094	svt-av1-v4.1.0	p6t4	45	28198	0.32302	36.46440336	92	2.4528204974330374	5.612720489501953
9100_gen_illustrations_bath-candles-evening_1024x1536.sdr.s1024	682	1024	9094	svt-av1-v4.1.0	p6t4	55	10266	0.11760	-1.15594207	69	3.8599293632169207	8.993280410766602
9100_gen_illustrations_bath-candles-evening_1024x1536.sdr.s1024	682	1024	9094	svt-av1-v4.1.0	p6t4	65	3573	0.04093	-43.72972174	65	6.387812211431206	17.352203369140625
9100_gen_illustrations_bath-candles-evening_1024x1536.sdr.s1024	682	1024	9094	svt-av1-v4.1.0	p10t4	15	195133	2.23530	79.33795057	55	0.7860070901195204	2.401949405670166
9100_gen_illustrations_bath-candles-evening_1024x1536.sdr.s1024	682	1024	9094	svt-av1-v4.1.0	p10t4	25	136315	1.56153	73.41712497	44	1.0197356518377958	2.4599833488464355
9100_gen_illustrations_bath-candles-evening_1024x1536.sdr.s1024	682	1024	9094	svt-av1-v4.1.0	p10t4	35	75217	0.86163	61.43284193	33	1.537835583214453	3.1454215049743652
9100_gen_illustrations_bath-candles-evening_1024x1536.sdr.s1024	682	1024	9094	svt-av1-v4.1.0	p10t4	45	29752	0.34082	35.17895441	40	2.5004700160114703	5.751619815826416
9100_gen_illustrations_bath-candles-evening_1024x1536.sdr.s1024	682	1024	9094	svt-av1-v4.1.0	p10t4	55	10560	0.12097	-4.03299164	34	3.9557347921925037	9.1653470993042
9100_gen_illustrations_bath-candles-evening_1024x1536.sdr.s1024	682	1024	9094	svt-av1-v4.1.0	p10t4	65	3901	0.04469	-44.68420687	28	6.276623148233646	16.89870834350586
9100_gen_illustrations_bath-candles-evening_1024x1536.sdr.s1024	682	1024	9094	svt-av1-v4.1.0	p6t1	15	172707	1.97841	77.24978611	127	0.8288751977770774	2.476588249206543
9100_gen_illustrations_bath-candles-evening_1024x1536.sdr.s1024	682	1024	9094	svt-av1-v4.1.0	p6t1	25	96984	1.11098	66.15656090	96	1.255757393005761	2.586184024810791
9100_gen_illustrations_bath-candles-evening_1024x1536.sdr.s1024	682	1024	9094	svt-av1-v4.1.0	p6t1	35	40912	0.46866	43.19403763	89	2.074602626585993	5.170922756195068
9100_gen_illustrations_bath-candles-evening_1024x1536.sdr.s1024	682	1024	9094	svt-av1-v4.1.0	p6t1	45	14322	0.16406	6.71102363	64	3.3147533171501884	7.680932998657227
9100_gen_illustrations_bath-candles-evening_1024x1536.sdr.s1024	682	1024	9094	svt-av1-v4.1.0	p6t1	55	4910	0.05625	-35.24122886	74	5.200939001691289	14.15271282196045
9100_gen_illustrations_bath-candles-evening_1024x1536.sdr.s1024	682	1024	9094	svt-av1-v4.1.0	p6t1	65	961	0.01101	-64.26584086	56	11.944800844873702	42.89104080200195
7050_plots_line-00166-s010fb6d2_1024x1024.sdr.s1024	1024	1024	7000	svt-av1-v4.1.0	p2t4	15	9357	0.07139	77.46208603	238	1.444467737856261	6.141433238983154
7050_plots_line-00166-s010fb6d2_1024x1024.sdr.s1024	1024	1024	7000	svt-av1-v4.1.0	p2t4	25	7543	0.05755	76.36779794	253	1.4530323709869368	6.137568950653076
7050_plots_line-00166-s010fb6d2_1024x1024.sdr.s1024	1024	1024	7000	svt-av1-v4.1.0	p2t4	35	5446	0.04155	74.93784671	203	1.5026877188912386	6.285592079162598
7050_plots_line-00166-s010fb6d2_1024x1024.sdr.s1024	1024	1024	7000	svt-av1-v4.1.0	p2t4	45	3935	0.03002	66.65328537	196	1.9420631986056047	8.993489265441895
7050_plots_line-00166-s010fb6d2_1024x1024.sdr.s1024	1024	1024	7000	svt-av1-v4.1.0	p2t4	55	3269	0.02494	48.15387463	210	3.007591399726494	14.130825996398926
7050_plots_line-00166-s010fb6d2_1024x1024.sdr.s1024	1024	1024	7000	svt-av1-v4.1.0	p2t4	65	1825	0.01392	6.64132586	163	7.710566156994055	36.60818099975586
7050_plots_line-00166-s010fb6d2_1024x1024.sdr.s1024	1024	1024	7000	svt-av1-v4.1.0	p6t4	15	305312	2.32935	76.95640907	109	1.4602782894471085	6.051469802856445
7050_plots_line-00166-s010fb6d2_1024x1024.sdr.s1024	1024	1024	7000	svt-av1-v4.1.0	p6t4	25	241742	1.84435	74.27865205	94	1.4729299937514533	6.073184967041016
7050_plots_line-00166-s010fb6d2_1024x1024.sdr.s1024	1024	1024	7000	svt-av1-v4.1.0	p6t4	35	142129	1.08436	66.26399228	96	1.699163464518503	6.715851783752441
7050_plots_line-00166-s010fb6d2_1024x1024.sdr.s1024	1024	1024	7000	svt-av1-v4.1.0	p6t4	45	64228	0.49002	48.92824296	112	2.3191225852271	9.260146141052246
7050_plots_line-00166-s010fb6d2_1024x1024.sdr.s1024	1024	1024	7000	svt-av1-v4.1.0	p6t4	55	26845	0.20481	31.61639196	84	3.932322604216068	17.604536056518555
7050_plots_line-00166-s010fb6d2_1024x1024.sdr.s1024	1024	1024	7000	svt-av1-v4.1.0	p6t4	65	10621	0.08103	-23.13536311	73	9.690737472563187	44.128456115722656
7050_plots_line-00166-s010fb6d2_1024x1024.sdr.s1024	1024	1024	7000	svt-av1-v4.1.0	p10t4	15	365914	2.79170	75.26971359	63	1.5189363295928697	6.397483825683594
7050_plots_line-00166-s010fb6d2_1024x1024.sdr.s1024	1024	1024	7000	svt-av1-v4.1.0	p10t4	25	280783	2.14220	69.49647679	81	1.5736276896576438	6.316596984863281
7050_plots_line-00166-s010fb6d2_1024x1024.sdr.s1024	1024	1024	7000	svt-av1-v4.1.0	p10t4	35	166296	1.26874	56.58547397	54	1.9220615247847144	6.880483150482178
7050_plots_line-00166-s010fb6d2_1024x1024.sdr.s1024	1024	1024	7000	svt-av1-v4.1.0	p10t4	45	70429	0.53733	38.97751405	53	2.807978486317636	9.978671073913574
7050_plots_line-00166-s010fb6d2_1024x1024.sdr.s1024	1024	1024	7000	svt-av1-v4.1.0	p10t4	55	31847	0.24297	3.15836833	52	4.91996947542134	13.879758834838867
7050_plots_line-00166-s010fb6d2_1024x1024.sdr.s1024	1024	1024	7000	svt-av1-v4.1.0	p10t4	65	26615	0.20306	-56.84629024	52	12.268366679597372	25.656646728515625
7050_plots_line-00166-s010fb6d2_1024x1024.sdr.s1024	1024	1024	7000	svt-av1-v4.1.0	p6t1	15	367835	2.80636	77.62207799	117	1.4465613408524947	6.064096927642822
7050_plots_line-00166-s010fb6d2_1024x1024.sdr.s1024	1024	1024	7000	svt-av1-v4.1.0	p6t1	25	278068	2.12149	76.09265055	126	1.4733845587585084	6.104854106903076
7050_plots_line-00166-s010fb6d2_1024x1024.sdr.s1024	1024	1024	7000	svt-av1-v4.1.0	p6t1	35	179734	1.37126	69.20050250	106	1.6548945493958025	6.561903476715088
7050_plots_line-00166-s010fb6d2_1024x1024.sdr.s1024	1024	1024	7000	svt-av1-v4.1.0	p6t1	45	94864	0.72375	52.99046595	80	2.4605717765418187	11.6718111038208
7050_plots_line-00166-s010fb6d2_1024x1024.sdr.s1024	1024	1024	7000	svt-av1-v4.1.0	p6t1	55	36039	0.27496	32.78994453	95	3.915736437261621	16.6407470703125
7050_plots_line-00166-s010fb6d2_1024x1024.sdr.s1024	1024	1024	7000	svt-av1-v4.1.0	p6t1	65	12230	0.09331	-33.59288597	65	11.123416228037797	44.99861145019531
9868_gen_products-sporting-goods_rain-shell-jacket_feature_p0629_1024x1536.sdr.s1024	682	1024	9226	svt-av1-v4.1.0	p2t4	15	38038	0.43574	81.26843068	284	0.8435659404695599	3.085447072982788
9868_gen_products-sporting-goods_rain-shell-jacket_feature_p0629_1024x1536.sdr.s1024	682	1024	9226	svt-av1-v4.1.0	p2t4	25	26047	0.29838	79.00351709	284	0.9189529948729066	3.068793773651123
9868_gen_products-sporting-goods_rain-shell-jacket_feature_p0629_1024x1536.sdr.s1024	682	1024	9226	svt-av1-v4.1.0	p2t4	35	17098	0.19586	73.87000348	278	1.225319760909448	4.255660533905029
9868_gen_products-sporting-goods_rain-shell-jacket_feature_p0629_1024x1536.sdr.s1024	682	1024	9226	svt-av1-v4.1.0	p2t4	45	9971	0.11422	61.88155883	314	1.880358129723852	5.8896942138671875
9868_gen_products-sporting-goods_rain-shell-jacket_feature_p0629_1024x1536.sdr.s1024	682	1024	9226	svt-av1-v4.1.0	p2t4	55	5495	0.06295	42.78778781	363	3.189656488248095	10.139042854309082
9868_gen_products-sporting-goods_rain-shell-jacket_feature_p0629_1024x1536.sdr.s1024	682	1024	9226	svt-av1-v4.1.0	p2t4	65	2483	0.02844	5.89594042	285	6.247385298593838	21.506580352783203
9868_gen_products-sporting-goods_rain-shell-jacket_feature_p0629_1024x1536.sdr.s1024	682	1024	9226	svt-av1-v4.1.0	p6t4	15	41607	0.47662	81.17989440	78	0.842988800264664	2.956284284591675
9868_gen_products-sporting-goods_rain-shell-jacket_feature_p0629_1024x1536.sdr.s1024	682	1024	9226	svt-av1-v4.1.0	p6t4	25	29687	0.34007	78.84970727	59	0.9404704539963874	3.1757514476776123
9868_gen_products-sporting-goods_rain-shell-jacket_feature_p0629_1024x1536.sdr.s1024	682	1024	9226	svt-av1-v4.1.0	p6t4	35	20115	0.23042	73.76225964	57	1.1840146946525876	3.601208448410034
9868_gen_products-sporting-goods_rain-shell-jacket_feature_p0629_1024x1536.sdr.s1024	682	1024	9226	svt-av1-v4.1.0	p6t4	45	11925	0.13660	60.64586615	57	2.007773516933588	6.657341957092285
9868_gen_products-sporting-goods_rain-shell-jacket_feature_p0629_1024x1536.sdr.s1024	682	1024	9226	svt-av1-v4.1.0	p6t4	55	6668	0.07638	38.54100604	48	3.741144197885015	12.870582580566406
9868_gen_products-sporting-goods_rain-shell-jacket_feature_p0629_1024x1536.sdr.s1024	682	1024	9226	svt-av1-v4.1.0	p6t4	65	3222	0.03691	1.23865387	50	6.824799293493494	23.845069885253906
9868_gen_products-sporting-goods_rain-shell-jacket_feature_p0629_1024x1536.sdr.s1024	682	1024	9226	svt-av1-v4.1.0	p10t4	15	49107	0.56253	80.51502401	34	0.8496690913679626	2.9533233642578125
9868_gen_products-sporting-goods_rain-shell-jacket_feature_p0629_1024x1536.sdr.s1024	682	1024	9226	svt-av1-v4.1.0	p10t4	25	35626	0.40811	78.20156885	39	0.9505048554406857	2.9919590950012207
9868_gen_products-sporting-goods_rain-shell-jacket_feature_p0629_1024x1536.sdr.s1024	682	1024	9226	svt-av1-v4.1.0	p10t4	35	23778	0.27238	72.09233853	31	1.2786756686195613	3.778827667236328
9868_gen_products-sporting-goods_rain-shell-jacket_feature_p0629_1024x1536.sdr.s1024	682	1024	9226	svt-av1-v4.1.0	p10t4	45	13694	0.15687	58.89330074	25	2.0786387068375176	6.413872718811035
9868_gen_products-sporting-goods_rain-shell-jacket_feature_p0629_1024x1536.sdr.s1024	682	1024	9226	svt-av1-v4.1.0	p10t4	55	7389	0.08464	36.17413926	30	3.8700715706425775	13.646292686462402
9868_gen_products-sporting-goods_rain-shell-jacket_feature_p0629_1024x1536.sdr.s1024	682	1024	9226	svt-av1-v4.1.0	p10t4	65	3779	0.04329	1.48174639	25	6.378214874344497	21.46662712097168
9868_gen_products-sporting-goods_rain-shell-jacket_feature_p0629_1024x1536.sdr.s1024	682	1024	9226	svt-av1-v4.1.0	p6t1	15	33530	0.38410	79.78650273	67	0.8953517588393805	2.9301881790161133
9868_gen_products-sporting-goods_rain-shell-jacket_feature_p0629_1024x1536.sdr.s1024	682	1024	9226	svt-av1-v4.1.0	p6t1	25	23015	0.26364	74.37456906	62	1.105969732139446	3.162627696990967
9868_gen_products-sporting-goods_rain-shell-jacket_feature_p0629_1024x1536.sdr.s1024	682	1024	9226	svt-av1-v4.1.0	p6t1	35	14868	0.17032	64.61900891	55	1.6992007839563206	5.009087562561035
9868_gen_products-sporting-goods_rain-shell-jacket_feature_p0629_1024x1536.sdr.s1024	682	1024	9226	svt-av1-v4.1.0	p6t1	45	8949	0.10251	46.10585756	61	2.707112646599281	7.70845365524292
9868_gen_products-sporting-goods_rain-shell-jacket_feature_p0629_1024x1536.sdr.s1024	682	1024	9226	svt-av1-v4.1.0	p6t1	55	4873	0.05582	17.08597117	48	4.582681581733756	14.130328178405762
9868_gen_products-sporting-goods_rain-shell-jacket_feature_p0629_1024x1536.sdr.s1024	682	1024	9226	svt-av1-v4.1.0	p6t1	65	917	0.01050	-56.57189875	48	12.277882782897622	42.53543472290039
