sha256	content_class	source	image_path	size_class	size_bucket	width	height	feat_variance	feat_edge_density	feat_chroma_complexity	feat_cb_sharpness	feat_cr_sharpness	feat_uniformity	feat_flat_color_block_ratio	feat_colourfulness	feat_laplacian_variance	feat_variance_spread	feat_distinct_color_bins	feat_palette_density	feat_cb_horiz_sharpness	feat_cb_vert_sharpness	feat_cb_peak_sharpness	feat_cr_horiz_sharpness	feat_cr_vert_sharpness	feat_cr_peak_sharpness	feat_high_freq_energy_ratio	feat_luma_histogram_entropy	feat_dct_compressibility_y	feat_dct_compressibility_uv	feat_patch_fraction	feat_alpha_present	feat_alpha_used_fraction	feat_alpha_bimodal_score	feat_palette_fits_in_256	feat_grayscale_score	feat_aq_map_mean	feat_aq_map_std	feat_noise_floor_y	feat_noise_floor_uv	feat_gradient_fraction	feat_skin_tone_fraction	feat_edge_slope_stdev	feat_patch_fraction_fast	feat_quant_survival_y	feat_quant_survival_uv	feat_is_grayscale	feat_pixel_count	feat_log_pixels	feat_min_dim	feat_max_dim	feat_bitmap_bytes	feat_aspect_min_over_max	feat_log_aspect_abs	feat_block_misalignment_8	feat_block_misalignment_32	feat_channel_count	feat_aq_map_p50	feat_aq_map_p75	feat_aq_map_p90	feat_aq_map_p95	feat_aq_map_p99	feat_noise_floor_y_p25	feat_noise_floor_y_p50	feat_noise_floor_y_p75	feat_noise_floor_y_p90	feat_noise_floor_uv_p25	feat_noise_floor_uv_p50	feat_noise_floor_uv_p75	feat_noise_floor_uv_p90	feat_laplacian_variance_p50	feat_laplacian_variance_p75	feat_laplacian_variance_p90	feat_laplacian_variance_p99	feat_laplacian_variance_peak	feat_quant_survival_y_p10	feat_quant_survival_y_p25	feat_quant_survival_y_p50	feat_quant_survival_y_p75	feat_quant_survival_uv_p10	feat_quant_survival_uv_p25	feat_quant_survival_uv_p50	feat_quant_survival_uv_p75	feat_log_padded_pixels_8	feat_log_padded_pixels_16	feat_log_padded_pixels_32	feat_laplacian_variance_p1	feat_laplacian_variance_p5	feat_laplacian_variance_p10	feat_aq_map_p1	feat_aq_map_p5	feat_aq_map_p10	feat_noise_floor_y_p1	feat_noise_floor_y_p5	feat_noise_floor_y_p10	feat_quant_survival_y_p1	feat_quant_survival_y_p5	feat_luma_kurtosis	feat_gradient_fraction_smooth	feat_palette_log2_size
	size-dense-renders	1e2f9d41529197f10d32bfa68a1e0bcc__sz40.png	size-dense-renders__1e2f9d41529197f10d32bfa68a1e0bcc__sz40.png	tiny	40	40	27	31.437923	0.004274	0.016569	0.007865	0.003690	0.600000	0.000000	39.171459	0.007775	0.385666	32.000000	0.029630	0.003240	0.002790	0.000000	0.004710	0.003680	0.000000	0.984338	1.345570	0.800000	1.066667	0.000000	0.000000	0.000000	0.000000	1.000000	0.000000	3.052047	0.095116	0.151371	0.042212	0.000000	0.922917	1.309991	0.000000	0.010582	0.000000	0.000000	1080.000000	6.984716	27.000000	40.000000	3240.000000	0.675000	0.393043	0.185185	0.896296	3.000000																											7.154615	7.336937	7.624619	0.000000	0.000000	0.000000										0.497006	5.000000
	size-dense-renders	1e2f9d41529197f10d32bfa68a1e0bcc__sz48.png	size-dense-renders__1e2f9d41529197f10d32bfa68a1e0bcc__sz48.png	tiny	48	48	32	41.593044	0.016472	0.017674	0.008981	0.004266	0.208333	0.000000	39.656475	0.013346	0.403282	37.000000	0.024089	0.004160	0.003890	0.000000	0.006050	0.004840	0.000000	1.054527	1.576713	1.500000	0.666667	0.000000	0.000000	0.000000	0.000000	1.000000	0.000000	3.191957	0.111817	0.167329	0.047536	0.000000	0.910156	2.659042	0.000000	0.020503	0.000661	0.000000	1536.000000	7.336937	32.000000	48.000000	4608.000000	0.666667	0.405465	0.000000	0.333333	3.000000														12.000000	21.000000	30.000000	46.000000	64.000000									7.336937	7.336937	7.624619	0.000000	1.000000	2.000000									0.732924	0.469796	6.000000
	size-dense-renders	2062426__sz96.png	size-dense-renders__2062426__sz96.png	small	96	96	96	2235.382812	0.253075	0.071164	0.010046	0.008011	0.145833	0.006944	28.009409	0.143907	1.036543	724.000000	0.078559	0.006750	0.013530	1.000000	0.029550	0.055730	1.000000	0.113766	3.748588	31.743055	8.145833	0.000000	0.000000	0.000000	0.000000	0.000000	0.289822	4.053473	0.810080	0.179817	0.043385	0.354167	0.363173	24.982994	0.000000	0.120922	0.017857	0.000000	9216.000000	9.128696	96.000000	96.000000	27648.000000	1.000000	0.000000	0.000000	0.000000	3.000000	4.135179	4.790885	5.072841	5.192839	5.507378	0.289430	0.814775	1.000000	1.000000	0.058641	0.127635	0.346130	0.492532	12.000000	30.000000	62.000000	139.000000	255.000000	0.015873	0.031746	0.095238	0.190476	0.000000	0.000000	0.015873	0.031746	9.128696	9.128696	9.128696	0.000000	0.000000	1.000000	2.494481	2.842570	2.979747	0.129319	0.148755	0.179817	0.000000	0.000000	8.464934	0.771504	10.000000
	size-dense-renders	1129482__sz160.png	size-dense-renders__1129482__sz160.png	small	160	160	160	1166.666504	0.099363	0.010781	0.001653	0.001335	0.760000	0.742500	3.739865	0.159439	1.250034	393.000000	0.015352	0.001250	0.000850	0.000000	0.003850	0.003180	1.000000	0.122139	1.032782	15.720000	0.480000	0.742500	0.000000	0.000000	0.000000	0.000000	0.918398	1.174648	2.040919	0.000000	0.000000	0.087500	0.003555	32.961254	0.762500	0.049921	0.000794	0.000000	25600.000000	10.150348	160.000000	160.000000	76800.000000	1.000000	0.000000	0.000000	0.000000	3.000000	0.000000	1.974785	4.986546	5.261782	5.471859	0.000000	0.000000	0.054543	1.000000	0.000000	0.000000	0.005629	0.092522	0.000000	0.000000	27.000000	154.000000	255.000000	0.000000	0.000000	0.000000	0.000000	0.000000	0.000000	0.000000	0.000000	10.150348	10.150348	10.150348	0.000000	0.000000	0.000000	0.000000	0.000000	0.000000	0.000000	0.000000	0.000000	0.000000	0.000000	19.412849	0.210692	9.000000
	size-dense-renders	1129482__sz192.png	size-dense-renders__1129482__sz192.png	small	192	192	192	1201.536377	0.089279	0.011486	0.001698	0.001314	0.777778	0.758681	3.957780	0.172290	1.294020	474.000000	0.014465	0.001550	0.000920	0.000000	0.004300	0.003330	2.000000	0.116028	1.030960	14.565972	0.536458	0.765625	0.000000	0.000000	0.000000	0.000000	0.917697	1.091624	1.984904	0.000000	0.000000	0.088542	0.003418	33.655003	0.786458	0.046875	0.001047	0.000000	36864.000000	10.514991	192.000000	192.000000	110592.000000	1.000000	0.000000	0.000000	0.000000	3.000000	0.000000	0.000000	4.967885	5.257567	5.492467	0.000000	0.000000	0.000000	1.000000	0.000000	0.000000	0.000000	0.085975	0.000000	0.000000	20.000000	150.000000	255.000000	0.000000	0.000000	0.000000	0.000000	0.000000	0.000000	0.000000	0.000000	10.514991	10.514991	10.514991	0.000000	0.000000	0.000000	0.000000	0.000000	0.000000	0.000000	0.000000	0.000000	0.000000	0.000000	22.845436	0.196959	9.000000
	size-dense-renders	Performance-Graph__sz192.png	size-dense-renders__Performance-Graph__sz192.png	small	192	192	192	3194.947266	0.089362	0.171991	0.010948	0.000620	0.404514	0.321181	65.674622	0.145708	1.018693	327.000000	0.009979	0.018780	0.022010	1.000000	0.000380	0.001350	0.000000	0.062973	2.950908	23.006945	20.951389	0.649306	0.000000	0.000000	0.000000	0.000000	0.261936	2.732596	1.965161	0.000000	0.000000	0.553819	0.000000	34.883671	0.765625	0.059414	0.028384	0.000000	36864.000000	10.514991	192.000000	192.000000	110592.000000	1.000000	0.000000	0.000000	0.000000	3.000000	3.245759	4.236196	5.157355	5.233789	5.440997	0.000000	0.331503	1.000000	1.000000	0.000000	0.367216	0.559229	1.000000	0.000000	8.000000	28.000000	138.000000	255.000000	0.000000	0.000000	0.031746	0.095238	0.000000	0.000000	0.031746	0.031746	10.514991	10.514991	10.514991	0.000000	0.000000	0.000000	0.000000	0.000000	0.000000	0.000000	0.000000	0.000000	0.000000	0.000000	23.031662	0.655819	9.000000
	size-dense-renders	1943411__sz256.png	size-dense-renders__1943411__sz256.png	medium	256	256	256	2784.832764	0.178808	0.199210	0.022161	0.019610	0.436523	0.000000	88.232399	0.269146	1.207024	4570.000000	0.139465	0.035170	0.038770	3.000000	0.237350	0.301220	42.000000	0.163111	3.791109	18.459961	23.361328	0.003906	0.000000	0.000000	0.000000	0.000000	0.001923	3.327763	1.200672	0.038333	0.045433	0.340820	0.002838	22.114515	0.009766	0.089115	0.040194	0.000000	65536.000000	11.090355	256.000000	256.000000	196608.000000	1.000000	0.000000	0.000000	0.000000	3.000000	3.407685	4.427569	4.831427	5.019060	5.295770	0.101565	0.362668	1.000000	1.000000	0.075652	0.216277	0.587658	1.000000	3.000000	16.000000	48.000000	135.000000	255.000000	0.000000	0.000000	0.047619	0.158730	0.000000	0.000000	0.031746	0.063492	11.090355	11.090355	11.090355	0.000000	0.000000	0.000000	1.220350	1.414712	1.588269	0.021042	0.027892	0.038333	0.000000	0.000000	12.623394	0.786523	13.000000
	size-dense-renders	1943411__sz32.png	size-dense-renders__1943411__sz32.png	tiny	32	32	32	2191.955566	0.380853	0.176151	0.030541	0.033759	0.000000	0.000000	80.363106	0.077588	0.542508	477.000000	0.465820	0.034840	0.047890	0.000000	0.384550	0.309460	12.000000	0.167219	3.659945	46.375000	41.125000	0.000000	0.000000	0.000000	0.000000	0.000000	0.000000	4.468425	0.675566	0.290405	0.231122	0.250000	0.002930	24.263823	0.000000	0.195437	0.065476	0.000000	1024.000000	6.931472	32.000000	32.000000	3072.000000	1.000000	0.000000	0.000000	0.000000	3.000000																											6.931472	6.931472	6.931472	0.000000	0.000000	0.000000										0.830182	9.000000
	cid22-train	1001682.png	cid22-train__1001682.png	medium	512	512	512	4520.874023	0.278652	0.096596	0.006159	0.009452	0.342285	0.194092	44.952126	0.639174	1.265251	721.000000	0.022003	0.002220	0.007690	0.000000	0.035340	0.121480	7.000000	0.273102	4.333448	17.335938	6.864258	0.003906	0.000000	0.000000	0.000000	0.000000	0.047863	3.343261	1.363329	0.024213	0.011943	0.178711	0.062702	16.129734	0.004883	0.099082	0.013982	0.000000	262144.000000	12.476649	512.000000	512.000000	786432.000000	1.000000	0.000000	0.000000	0.000000	3.000000	3.969043	4.416698	4.691258	4.815399	5.056119	0.077957	0.635356	1.000000	1.000000	0.028231	0.178567	0.290695	0.401261	9.000000	32.000000	59.000000	123.000000	255.000000	0.000000	0.000000	0.095238	0.174603	0.000000	0.000000	0.000000	0.015873	12.476649	12.476649	12.476649	0.000000	0.000000	0.000000	0.467978	1.055355	1.196849	0.005221	0.019187	0.024213	0.000000	0.000000	5.701195	0.721735	10.000000
	size-dense-renders	1129482__sz256.png	size-dense-renders__1129482__sz256.png	medium	256	256	256	1248.737915	0.078816	0.012647	0.001751	0.001312	0.813477	0.782227	4.315052	0.198022	1.301805	642.000000	0.019592	0.001950	0.001140	1.000000	0.004990	0.003580	2.000000	0.102809	0.992392	14.105469	0.552734	0.792969	0.000000	0.000000	0.000000	0.000000	0.916336	0.978919	1.911749	0.000000	0.000000	0.091797	0.003525	33.873592	0.816406	0.040706	0.001163	0.000000	65536.000000	11.090355	256.000000	256.000000	196608.000000	1.000000	0.000000	0.000000	0.000000	3.000000	0.000000	0.000000	4.979395	5.253004	5.533136	0.000000	0.000000	0.000000	1.000000	0.000000	0.000000	0.000000	0.084747	0.000000	0.000000	13.000000	144.000000	255.000000	0.000000	0.000000	0.000000	0.000000	0.000000	0.000000	0.000000	0.000000	11.090355	11.090355	11.090355	0.000000	0.000000	0.000000	0.000000	0.000000	0.000000	0.000000	0.000000	0.000000	0.000000	0.000000	26.438494	0.181711	10.000000
	size-dense-renders	1129482__sz32.png	size-dense-renders__1129482__sz32.png	tiny	32	32	32	688.438354	0.183143	0.006019	0.001492	0.001507	0.500000	0.500000	2.237278	0.062439	0.695579	64.000000	0.062500	0.000530	0.000510	0.000000	0.002980	0.001570	0.000000	0.264610	1.334109	17.937500	0.000000	0.437500	0.000000	0.000000	0.000000	1.000000	0.932617	2.265020	2.220970	0.000000	0.000000	0.125000	0.000000	26.723818	0.437500	0.100198	0.000000	0.000000	1024.000000	6.931472	32.000000	32.000000	3072.000000	1.000000	0.000000	0.000000	0.000000	3.000000																											6.931472	6.931472	6.931472	0.000000	0.000000	0.000000										0.416191	6.000000
	cid22-train	239581.png	cid22-train__239581.png	medium	512	512	512	4199.189453	0.083865	0.115550	0.007155	0.006103	0.632324	0.553467	45.589165	0.182029	1.397254	4092.000000	0.124878	0.005010	0.003490	2.000000	0.024290	0.022330	14.000000	0.073004	3.254426	13.674805	7.620117	0.025391	0.000000	0.000000	0.000000	0.000000	0.019855	2.392990	1.621328	0.011496	0.003483	0.328125	0.212345	23.257072	0.069336	0.048921	0.015082	0.000000	262144.000000	12.476649	512.000000	512.000000	786432.000000	1.000000	0.000000	0.000000	0.000000	3.000000	1.278396	4.039151	4.757246	4.976542	5.279943	0.018040	0.028079	0.802935	1.000000	0.012445	0.025445	0.203875	0.465365	1.000000	3.000000	16.000000	89.000000	255.000000	0.000000	0.000000	0.000000	0.079365	0.000000	0.000000	0.000000	0.031746	12.476649	12.476649	12.476649	0.000000	0.000000	0.000000	0.000000	0.586515	0.808712	0.000000	0.007259	0.011496	0.000000	0.000000	42.682858	0.614319	12.000000
	size-dense-renders	Performance-Graph__sz256.png	size-dense-renders__Performance-Graph__sz256.png	medium	256	256	256	3234.141357	0.072680	0.172896	0.008520	0.000540	0.456055	0.336914	65.935562	0.141915	1.143991	372.000000	0.011353	0.013840	0.007330	1.000000	0.000360	0.000680	0.000000	0.064611	2.939312	17.625977	17.201172	0.743164	0.000000	0.000000	0.000000	0.000000	0.266998	2.486664	1.928650	0.000000	0.000000	0.533203	0.000000	34.767258	0.792969	0.048735	0.022306	0.000000	65536.000000	11.090355	256.000000	256.000000	196608.000000	1.000000	0.000000	0.000000	0.000000	3.000000	3.210586	4.090611	4.928175	5.249839	5.455154	0.000000	0.318181	0.888918	1.000000	0.000000	0.320107	0.493469	0.857261	0.000000	4.000000	19.000000	124.000000	252.000000	0.000000	0.000000	0.031746	0.063492	0.000000	0.000000	0.015873	0.031746	11.090355	11.090355	11.090355	0.000000	0.000000	0.000000	0.000000	0.000000	0.000000	0.000000	0.000000	0.000000	0.000000	0.000000	30.447466	0.629355	9.000000
	size-dense-renders	Performance-Graph__sz32.png	size-dense-renders__Performance-Graph__sz32.png	tiny	32	32	32	2537.389648	0.398543	0.154884	0.041332	0.001449	0.000000	0.000000	60.723721	0.119376	0.528607	136.000000	0.132812	0.166610	0.103360	2.000000	0.000790	0.009390	0.000000	0.118734	3.286351	59.750000	54.750000	0.125000	0.000000	0.000000	0.000000	1.000000	0.250000	4.578473	0.615703	0.485043	0.279656	0.500000	0.000000	21.909077	0.125000	0.187500	0.054563	0.000000	1024.000000	6.931472	32.000000	32.000000	3072.000000	1.000000	0.000000	0.000000	0.000000	3.000000																											6.931472	6.931472	6.931472	0.000000	0.000000	0.000000										0.849208	8.000000
	size-dense-renders	2693212__sz384.png	size-dense-renders__2693212__sz384.png	medium	384	384	384	1847.327515	0.227897	0.131622	0.010314	0.017766	0.164931	0.000434	65.486710	0.317642	0.998441	1172.000000	0.035767	0.004540	0.005980	0.000000	0.084990	0.105310	6.000000	0.128908	4.127139	21.373264	19.720486	0.001736	0.000000	0.000000	0.000000	0.000000	0.001173	3.876378	0.841745	0.123207	0.032349	0.442708	0.000183	14.447095	0.000000	0.102100	0.037878	0.000000	147456.000000	11.901285	384.000000	384.000000	442368.000000	1.000000	0.000000	0.000000	0.000000	3.000000	4.085486	4.508343	4.758188	4.897715	5.031522	0.386852	0.823563	1.000000	1.000000	0.153344	0.346733	0.595883	0.908886	8.000000	24.000000	47.000000	104.000000	228.000000	0.000000	0.047619	0.111111	0.158730	0.000000	0.000000	0.031746	0.063492	11.901285	11.901285	11.901285	0.000000	0.000000	1.000000	1.770391	2.056905	2.469822	0.041430	0.069506	0.123207	0.000000	0.000000	6.480913	0.833160	11.000000
	size-dense-renders	1943411__sz320.png	size-dense-renders__1943411__sz320.png	medium	320	320	320	2828.285645	0.164179	0.201224	0.022035	0.018730	0.486250	0.000000	88.910248	0.305968	1.278661	5378.000000	0.164124	0.033100	0.038950	5.000000	0.214640	0.284720	62.000000	0.148422	3.813930	18.063749	21.585625	0.000000	0.000000	0.000000	0.000000	0.000000	0.003242	3.248960	1.217337	0.037859	0.048369	0.328750	0.003115	22.359211	0.004375	0.082401	0.037907	0.000000	102400.000000	11.536642	320.000000	320.000000	307200.000000	1.000000	0.000000	0.000000	0.000000	3.000000	3.150635	4.397285	4.841514	5.003681	5.335447	0.082330	0.278977	1.000000	1.000000	0.069539	0.175323	0.562103	1.000000	3.000000	13.000000	44.000000	131.000000	255.000000	0.000000	0.000000	0.031746	0.142857	0.000000	0.000000	0.015873	0.063492	11.536642	11.536642	11.536642	0.000000	0.000000	0.000000	1.295223	1.462397	1.600531	0.022124	0.030237	0.037859	0.000000	0.000000	14.953750	0.782422	13.000000
	kadid10k	I01.png	kadid10k__I01.png	medium	512	512	384	2755.513428	0.069822	0.094633	0.004764	0.002991	0.500977	0.003581	49.250530	0.263327	1.593614	1750.000000	0.053406	0.000830	0.001520	0.000000	0.002850	0.004000	1.000000	0.150843	4.365031	13.125977	4.425781	0.000000	0.000000	0.000000	0.000000	0.000000	0.009516	3.183169	0.923939	0.079609	0.027468	0.571289	0.000488	31.134100	0.000000	0.058005	0.008944	0.000000	196608.000000	12.188967	384.000000	512.000000	589824.000000	0.750000	0.287682	0.000000	0.000000	3.000000	3.057666	3.799736	4.579203	5.003443	5.327275	0.130991	0.262121	0.601301	1.000000	0.040448	0.073753	0.136229	0.314896	3.000000	7.000000	20.000000	120.000000	255.000000	0.000000	0.015873	0.015873	0.079365	0.000000	0.000000	0.000000	0.015873	12.188967	12.188967	12.188967	0.000000	0.000000	0.000000	1.607291	1.877588	2.078219	0.039650	0.059954	0.079609	0.000000	0.000000	34.487736	0.872685	11.000000
	kadid10k	I54.png	kadid10k__I54.png	medium	512	512	384	3463.903564	0.344499	0.192736	0.010577	0.004061	0.494792	0.122396	72.906227	1.934256	1.038710	2494.000000	0.076111	0.011620	0.009450	1.000000	0.005560	0.005190	0.000000	0.478135	4.146177	27.935547	5.404297	0.001953	0.000000	0.000000	0.000000	0.000000	0.008591	3.239530	1.523900	0.035236	0.017705	0.122070	0.045746	30.165308	0.001953	0.148143	0.012525	0.000000	196608.000000	12.188967	384.000000	512.000000	589824.000000	0.750000	0.287682	0.000000	0.000000	3.000000	3.474159	4.752507	5.062819	5.171664	5.383160	0.051231	0.320037	1.000000	1.000000	0.030281	0.057191	0.240184	0.432533	3.000000	50.000000	112.000000	247.000000	255.000000	0.000000	0.000000	0.031746	0.285714	0.000000	0.000000	0.000000	0.015873	12.188967	12.188967	12.188967	0.000000	0.000000	0.000000	1.078618	1.327039	1.447158	0.019627	0.028520	0.035236	0.000000	0.000000	3.751402	0.701320	12.000000
	size-dense-renders	1e2f9d41529197f10d32bfa68a1e0bcc__sz512.png	size-dense-renders__1e2f9d41529197f10d32bfa68a1e0bcc__sz512.png	medium	512	512	341	1486.007324	0.813193	0.082460	0.063798	0.027705	0.000000	0.000000	59.095882	3.883346	0.505741	1292.000000	0.039429	0.167640	0.177470	3.000000	0.209870	0.216780	8.000000	0.702787	3.951788	49.684525	18.078869	0.000000	0.000000	0.000000	0.000000	0.000000	0.000011	4.793553	0.135562	1.000000	0.309219	0.000000	0.626494	25.534401	0.000000	0.345616	0.041690	0.000000	174592.000000	12.070207	341.000000	512.000000	523776.000000	0.666016	0.406442	0.008798	0.032258	3.000000	4.802794	4.888768	4.956562	4.990687	5.068211	1.000000	1.000000	1.000000	1.000000	0.354932	0.406634	0.460852	0.518109	61.000000	104.000000	156.000000	255.000000	255.000000	0.285714	0.317460	0.349206	0.380952	0.015873	0.031746	0.047619	0.047619	12.078966	12.101955	12.101955	1.000000	5.000000	11.000000	4.423523	4.554156	4.620251	0.812800	1.000000	1.000000	0.222222	0.253968	0.848284	0.573220	11.000000
	cid22-train	1200348.png	cid22-train__1200348.png	medium	512	512	512	2317.092529	0.031311	0.185954	0.006681	0.003500	0.729980	0.177979	66.023132	0.038282	1.700590	3813.000000	0.116364	0.006060	0.004120	2.000000	0.009280	0.005400	5.000000	0.035309	3.702312	6.704102	6.308594	0.000000	0.000000	0.000000	0.000000	0.000000	0.192699	2.500890	1.052442	0.021146	0.009254	0.555664	0.377697	14.549158	0.009766	0.024104	0.009766	0.000000	262144.000000	12.476649	512.000000	512.000000	786432.000000	1.000000	0.000000	0.000000	0.000000	3.000000	2.337927	3.213746	4.084549	4.489867	4.919497	0.044005	0.113028	0.320899	0.888590	0.021507	0.046547	0.142452	0.396560	1.000000	3.000000	6.000000	41.000000	255.000000	0.000000	0.000000	0.015873	0.031746	0.000000	0.000000	0.000000	0.015873	12.476649	12.476649	12.476649	0.000000	0.000000	0.000000	0.841204	1.160899	1.241485	0.010945	0.017231	0.021146	0.000000	0.000000	83.782654	0.803635	12.000000
	size-dense-renders	2693212__sz40.png	size-dense-renders__2693212__sz40.png	tiny	40	40	40	1217.444458	0.506903	0.108122	0.018664	0.039984	0.000000	0.000000	56.908703	0.096719	0.482944	438.000000	0.273750	0.014560	0.018170	0.000000	0.422870	0.548290	8.000000	0.261999	3.847678	31.520000	34.799999	0.000000	0.000000	0.000000	0.000000	0.000000	0.000000	4.442088	0.250747	0.754747	0.265899	0.040000	0.000000	14.468870	0.000000	0.180317	0.067302	0.000000	1600.000000	7.377759	40.000000	40.000000	4800.000000	1.000000	0.000000	0.000000	1.560000	3.000000														29.000000	54.000000	82.000000	131.000000	179.000000									7.377759	7.742402	8.317766	0.000000	2.000000	4.000000									1.413142	0.780406	9.000000
	size-dense-renders	2693212__sz48.png	size-dense-renders__2693212__sz48.png	tiny	48	48	48	1287.181641	0.494341	0.111200	0.018110	0.038636	0.000000	0.000000	58.046516	0.113957	0.588653	506.000000	0.219618	0.013430	0.016130	0.000000	0.382190	0.483990	8.000000	0.284137	3.861562	29.138889	34.000000	0.000000	0.000000	0.000000	0.000000	0.000000	0.000434	4.400950	0.307275	0.712694	0.270997	0.083333	0.000000	14.704435	0.000000	0.186508	0.071869	0.000000	2304.000000	7.742402	48.000000	48.000000	6912.000000	1.000000	0.000000	0.000000	0.777778	3.000000														26.000000	52.000000	84.000000	135.000000	192.000000									7.742402	7.742402	8.317766	0.000000	1.000000	3.000000									1.267746	0.726437	9.000000
	cid22-train	2062426.png	cid22-train__2062426.png	medium	512	512	512	2702.965088	0.173395	0.078476	0.008220	0.006203	0.315186	0.002197	30.385551	0.533261	1.187390	2719.000000	0.082977	0.006920	0.009530	2.000000	0.024780	0.032380	8.000000	0.136116	3.812578	19.716797	5.939453	0.000000	0.000000	0.000000	0.000000	0.000000	0.269451	3.635171	0.930668	0.086038	0.024177	0.252930	0.364182	26.531549	0.000000	0.087736	0.011068	0.000000	262144.000000	12.476649	512.000000	512.000000	786432.000000	1.000000	0.000000	0.000000	0.000000	3.000000	3.711785	4.350924	4.831428	5.128044	5.391565	0.199525	0.517947	1.000000	1.000000	0.049909	0.113618	0.225902	0.340454	6.000000	18.000000	44.000000	137.000000	255.000000	0.000000	0.015873	0.063492	0.126984	0.000000	0.000000	0.000000	0.015873	12.476649	12.476649	12.476649	0.000000	0.000000	1.000000	1.778152	1.994537	2.276139	0.042265	0.058004	0.086038	0.000000	0.000000	18.504625	0.781096	12.000000
	cid22-train	3779828.png	cid22-train__3779828.png	medium	512	512	512	5833.254883	0.472026	0.118193	0.011906	0.016748	0.194336	0.172852	48.077835	2.391107	1.033344	2727.000000	0.083221	0.008520	0.007910	0.000000	0.108140	0.138390	7.000000	0.436486	4.466926	30.285156	13.501953	0.114258	0.000000	0.000000	0.000000	0.000000	0.224827	3.802810	1.585924	0.000000	0.000000	0.096680	0.146461	23.810930	0.112305	0.161458	0.025174	0.000000	262144.000000	12.476649	512.000000	512.000000	786432.000000	1.000000	0.000000	0.000000	0.000000	3.000000	4.473673	4.680707	4.928198	5.098634	5.339895	0.332164	0.968497	1.000000	1.000000	0.104005	0.292704	0.504617	0.587174	24.000000	72.000000	121.000000	203.000000	255.000000	0.000000	0.079365	0.174603	0.238095	0.000000	0.000000	0.031746	0.047619	12.476649	12.476649	12.476649	0.000000	0.000000	0.000000	0.000000	0.000000	0.000000	0.000000	0.000000	0.000000	0.000000	0.000000	1.342249	0.520655	12.000000
	cid22-train	1624307.png	cid22-train__1624307.png	medium	512	512	512	3031.846680	0.276224	0.145822	0.019375	0.013884	0.152100	0.000977	48.340630	0.793874	1.101696	4638.000000	0.141541	0.023740	0.028500	6.000000	0.073230	0.083900	12.000000	0.200723	4.461546	23.084961	14.000000	0.000000	0.000000	0.000000	0.000000	0.000000	0.031670	3.941932	0.782975	0.167321	0.064424	0.259766	0.412365	20.906757	0.000000	0.125419	0.028413	0.000000	262144.000000	12.476649	512.000000	512.000000	786432.000000	1.000000	0.000000	0.000000	0.000000	3.000000	4.080173	4.525682	4.860667	4.996778	5.214915	0.376533	0.778162	1.000000	1.000000	0.109709	0.226292	0.425161	0.614526	13.000000	33.000000	62.000000	142.000000	255.000000	0.015873	0.047619	0.111111	0.190476	0.000000	0.000000	0.015873	0.047619	12.476649	12.476649	12.476649	0.000000	0.000000	1.000000	1.948093	2.409273	2.732996	0.070871	0.120840	0.167321	0.000000	0.000000	8.862012	0.792308	13.000000
	cid22-train	2581922.png	cid22-train__2581922.png	medium	512	512	512	7021.897461	0.109654	0.099418	0.007791	0.006850	0.475830	0.254639	41.331551	0.364168	1.421863	2347.000000	0.071625	0.011950	0.014770	6.000000	0.030900	0.030540	7.000000	0.216022	4.232997	9.387695	5.098633	0.002930	0.000000	0.000000	0.000000	0.000000	0.029079	2.889603	1.263883	0.025967	0.005629	0.137695	0.000282	26.272816	0.026367	0.063911	0.012509	0.000000	262144.000000	12.476649	512.000000	512.000000	786432.000000	1.000000	0.000000	0.000000	0.000000	3.000000	3.187269	3.911207	4.444082	4.754180	5.226847	0.044265	0.279192	0.610797	1.000000	0.019456	0.051839	0.159763	0.370990	3.000000	15.000000	33.000000	121.000000	255.000000	0.000000	0.000000	0.031746	0.111111	0.000000	0.000000	0.000000	0.015873	12.476649	12.476649	12.476649	0.000000	0.000000	0.000000	0.586513	1.055352	1.224015	0.007800	0.018807	0.025967	0.000000	0.000000	23.382332	0.702135	12.000000
	size-dense-renders	2693212__sz64.png	size-dense-renders__2693212__sz64.png	small	64	64	64	1393.476562	0.467624	0.115714	0.017547	0.036000	0.000000	0.000000	59.700920	0.136601	0.583691	603.000000	0.147217	0.013130	0.015510	0.000000	0.363420	0.407190	10.000000	0.266925	3.965887	27.921875	33.093750	0.000000	0.000000	0.000000	0.000000	0.000000	0.000488	4.377686	0.314730	0.622772	0.259126	0.062500	0.000000	15.073349	0.000000	0.180060	0.065228	0.000000	4096.000000	8.317766	64.000000	64.000000	12288.000000	1.000000	0.000000	0.000000	0.000000	3.000000														24.000000	50.000000	78.000000	134.000000	171.000000									8.317766	8.317766	8.317766	0.000000	1.000000	3.000000									1.479115	0.754416	10.000000
	cid22-train	3836671.png	cid22-train__3836671.png	medium	512	512	512	3950.478271	0.065253	0.024241	0.001553	0.001869	0.611084	0.171143	10.334551	0.325619	1.683376	469.000000	0.014313	0.000170	0.000160	0.000000	0.001700	0.001530	0.000000	0.163786	4.243220	10.976562	0.351562	0.025391	0.000000	0.000000	0.000000	0.000000	0.513233	2.746237	1.183998	0.036032	0.004616	0.455078	0.139812	34.515804	0.093750	0.047123	0.000574	0.000000	262144.000000	12.476649	512.000000	512.000000	786432.000000	1.000000	0.000000	0.000000	0.000000	3.000000	2.677094	3.519303	4.464806	4.826156	5.355874	0.065139	0.156924	0.453106	1.000000	0.010990	0.020528	0.034096	0.068616	1.000000	6.000000	17.000000	125.000000	255.000000	0.000000	0.000000	0.015873	0.047619	0.000000	0.000000	0.000000	0.000000	12.476649	12.476649	12.476649	0.000000	0.000000	0.000000	0.000000	1.144183	1.414711	0.000000	0.022805	0.036032	0.000000	0.000000	44.080742	0.824250	9.000000
	kadid10k	I37.png	kadid10k__I37.png	medium	512	512	384	2778.250000	0.175420	0.147564	0.007521	0.006022	0.501628	0.055339	60.441093	0.678227	1.103956	2308.000000	0.070435	0.002100	0.002130	0.000000	0.009130	0.009250	1.000000	0.320211	4.337500	15.594727	6.001953	0.001953	0.000000	0.000000	0.000000	0.000000	0.068604	3.210348	1.163330	0.054054	0.023929	0.441406	0.062968	23.121357	0.008789	0.087798	0.014602	0.000000	196608.000000	12.188967	384.000000	512.000000	589824.000000	0.750000	0.287682	0.000000	0.000000	3.000000	3.076407	4.332225	4.790706	4.956431	5.105331	0.097796	0.261336	0.971480	1.000000	0.039559	0.086535	0.217411	0.373295	2.000000	14.000000	59.000000	167.000000	255.000000	0.000000	0.000000	0.031746	0.158730	0.000000	0.000000	0.000000	0.031746	12.188967	12.188967	12.188967	0.000000	0.000000	0.000000	1.104975	1.517690	1.748065	0.023786	0.039666	0.054054	0.000000	0.000000	10.509253	0.821408	12.000000
	cid22-train	1130683.png	cid22-train__1130683.png	medium	512	512	512	4478.616699	0.343986	0.165034	0.024959	0.011939	0.266113	0.014893	61.570759	1.375979	0.816095	5739.000000	0.175140	0.045710	0.036540	5.000000	0.057100	0.043890	18.000000	0.172606	4.607422	37.515625	17.535156	0.000000	0.000000	0.000000	0.000000	0.000000	0.040409	3.977785	1.135152	0.096155	0.028099	0.483398	0.465015	25.982096	0.008789	0.151662	0.033994	0.000000	262144.000000	12.476649	512.000000	512.000000	786432.000000	1.000000	0.000000	0.000000	0.000000	3.000000	4.428730	4.941566	5.125957	5.206946	5.294840	0.236493	1.000000	1.000000	1.000000	0.085482	0.285601	0.546874	0.780842	10.000000	40.000000	86.000000	190.000000	255.000000	0.000000	0.015873	0.142857	0.253968	0.000000	0.000000	0.031746	0.063492	12.476649	12.476649	12.476649	0.000000	0.000000	0.000000	1.519950	1.908151	2.191687	0.039309	0.066126	0.096155	0.000000	0.000000	5.522020	0.850733	13.000000
	cid22-train	459728.png	cid22-train__459728.png	medium	512	512	512	3755.303711	0.156215	0.175267	0.013493	0.009066	0.280029	0.001709	65.364006	0.508401	1.299595	3745.000000	0.114288	0.014120	0.008160	2.000000	0.033780	0.029440	8.000000	0.134661	4.346870	19.433594	12.938477	0.001953	0.000000	0.000000	0.000000	0.000000	0.036720	3.654706	0.846280	0.141878	0.052783	0.552734	0.425743	24.766897	0.003906	0.080869	0.020911	0.000000	262144.000000	12.476649	512.000000	512.000000	786432.000000	1.000000	0.000000	0.000000	0.000000	3.000000	3.684732	4.262450	4.720403	5.051426	5.409146	0.252697	0.525205	0.953345	1.000000	0.100605	0.191023	0.328050	0.532950	5.000000	16.000000	46.000000	131.000000	255.000000	0.015873	0.015873	0.063492	0.111111	0.000000	0.000000	0.015873	0.031746	12.476649	12.476649	12.476649	0.000000	0.000000	0.000000	1.534462	2.229768	2.545848	0.033480	0.097935	0.141878	0.000000	0.000000	13.247323	0.857324	12.000000
	cid22-train	162511.png	cid22-train__162511.png	medium	512	512	512	3895.131836	0.367990	0.116347	0.021288	0.011522	0.097656	0.006348	46.725315	1.501104	0.894178	3846.000000	0.117371	0.026060	0.030040	4.000000	0.043560	0.045360	6.000000	0.147269	4.576853	42.839844	14.698242	0.000000	0.000000	0.000000	0.000000	0.000000	0.033554	4.297676	0.855634	0.221533	0.067799	0.325195	0.373093	31.299854	0.000000	0.167054	0.029855	0.000000	262144.000000	12.476649	512.000000	512.000000	786432.000000	1.000000	0.000000	0.000000	0.000000	3.000000	4.452275	4.913595	5.258788	5.399531	5.535069	0.613140	1.000000	1.000000	1.000000	0.142347	0.258422	0.432129	0.618222	16.000000	44.000000	88.000000	194.000000	255.000000	0.015873	0.079365	0.158730	0.238095	0.000000	0.015873	0.031746	0.047619	12.476649	12.476649	12.476649	0.000000	0.000000	1.000000	1.803520	2.557507	3.014671	0.060165	0.134585	0.221533	0.000000	0.000000	5.502530	0.813097	12.000000
	size-dense-renders	2693212__sz80.png	size-dense-renders__2693212__sz80.png	small	80	80	80	1469.804688	0.442397	0.118850	0.016756	0.033922	0.000000	0.000000	60.855602	0.158876	0.670357	676.000000	0.105625	0.011730	0.015600	0.000000	0.327870	0.410070	12.000000	0.237625	3.967192	28.600000	32.540001	0.000000	0.000000	0.000000	0.000000	0.000000	0.000312	4.376336	0.360121	0.629422	0.252020	0.170000	0.000000	15.107370	0.000000	0.169524	0.061587	0.000000	6400.000000	8.764053	80.000000	80.000000	19200.000000	1.000000	0.000000	0.000000	0.440000	3.000000	4.421859	4.671930	4.830132	4.904823	5.070987	0.801748	1.000000	1.000000	1.000000	0.368572	0.557654	0.817936	1.000000	23.000000	48.000000	76.000000	126.000000	211.000000	0.095238	0.126984	0.174603	0.206349	0.015873	0.031746	0.063492	0.095238	8.764053	8.764053	9.128696	0.000000	1.000000	2.000000	3.491353	3.752095	3.918364	0.266263	0.501359	0.629422	0.047619	0.079365	1.615447	0.775240	10.000000
	cid22-train	5398956.png	cid22-train__5398956.png	medium	512	512	512	801.845154	0.036991	0.048486	0.002290	0.001941	0.745117	0.448486	17.994211	0.069696	1.830751	1365.000000	0.041656	0.001030	0.000910	1.000000	0.004900	0.005260	4.000000	0.055846	2.992497	6.166992	1.812500	0.078125	0.000000	0.000000	0.000000	0.000000	0.278461	2.063825	1.339056	0.007284	0.000000	0.393555	0.129463	21.690424	0.176758	0.023360	0.003333	0.000000	262144.000000	12.476649	512.000000	512.000000	786432.000000	1.000000	0.000000	0.000000	0.000000	3.000000	1.689641	3.172822	3.955300	4.398231	5.264933	0.021750	0.052650	0.308870	0.756151	0.000000	0.019858	0.057238	0.144887	1.000000	2.000000	7.000000	53.000000	255.000000	0.000000	0.000000	0.000000	0.031746	0.000000	0.000000	0.000000	0.000000	12.476649	12.476649	12.476649	0.000000	0.000000	0.000000	0.000000	0.000000	0.467982	0.000000	0.000000	0.007284	0.000000	0.000000	108.136696	0.673868	11.000000
	cid22-train	1687147.png	cid22-train__1687147.png	medium	512	512	512	6200.436035	0.131089	0.041469	0.005754	0.009461	0.245605	0.002686	20.774738	0.413645	1.448852	1210.000000	0.036926	0.002530	0.002390	0.000000	0.051510	0.048620	8.000000	0.250940	4.345333	11.515625	2.838867	0.001953	0.000000	0.000000	0.000000	0.000000	0.029072	3.544810	0.652182	0.126913	0.021988	0.230469	0.002937	21.441769	0.000000	0.068638	0.006386	0.000000	262144.000000	12.476649	512.000000	512.000000	786432.000000	1.000000	0.000000	0.000000	0.000000	3.000000	3.576599	3.954206	4.375236	4.607277	5.131281	0.238720	0.427223	0.655599	1.000000	0.031846	0.057306	0.134488	0.293900	9.000000	19.000000	39.000000	116.000000	255.000000	0.000000	0.015873	0.047619	0.095238	0.000000	0.000000	0.000000	0.000000	12.476649	12.476649	12.476649	0.000000	0.000000	1.000000	2.332313	2.511549	2.622975	0.071183	0.102620	0.126913	0.000000	0.000000	21.027624	0.728443	11.000000
	cid22-train	261045.png	cid22-train__261045.png	medium	512	512	512	2889.707275	0.153450	0.222378	0.010441	0.011072	0.465576	0.123291	85.034676	0.510435	1.289655	3695.000000	0.112762	0.012090	0.011190	2.000000	0.093510	0.091120	19.000000	0.216606	4.180034	12.940430	8.688477	0.003906	0.000000	0.000000	0.000000	0.000000	0.238323	3.051778	1.246987	0.026222	0.016539	0.264648	0.214584	21.797291	0.008789	0.063058	0.013036	0.000000	262144.000000	12.476649	512.000000	512.000000	786432.000000	1.000000	0.000000	0.000000	0.000000	3.000000	3.198227	4.054148	4.639148	4.922208	5.201206	0.059952	0.257419	0.675564	1.000000	0.028436	0.091668	0.215044	0.434777	3.000000	17.000000	48.000000	127.000000	255.000000	0.000000	0.000000	0.031746	0.111111	0.000000	0.000000	0.000000	0.015873	12.476649	12.476649	12.476649	0.000000	0.000000	0.000000	0.600360	1.176091	1.306089	0.008412	0.020179	0.026222	0.000000	0.000000	12.073823	0.684304	12.000000
	cid22-train	159741.png	cid22-train__159741.png	medium	512	512	512	3992.393799	0.093225	0.170278	0.006523	0.005022	0.316650	0.018311	59.239414	0.248055	1.418567	5401.000000	0.164825	0.003420	0.006830	2.000000	0.007570	0.014450	5.000000	0.083523	4.603700	18.018555	9.685547	0.009766	0.000000	0.000000	0.000000	0.000000	0.090744	3.481062	0.983056	0.092014	0.024401	0.624023	0.216274	25.528240	0.050781	0.062376	0.014664	0.000000	262144.000000	12.476649	512.000000	512.000000	786432.000000	1.000000	0.000000	0.000000	0.000000	3.000000	3.536234	4.172256	4.767636	4.992306	5.332445	0.198065	0.429240	0.920337	1.000000	0.042380	0.085531	0.197133	0.475440	3.000000	7.000000	22.000000	104.000000	255.000000	0.000000	0.015873	0.047619	0.079365	0.000000	0.000000	0.000000	0.015873	12.476649	12.476649	12.476649	0.000000	0.000000	0.000000	0.297622	1.913483	2.236631	0.004253	0.061111	0.092014	0.000000	0.000000	37.653877	0.867114	13.000000
	cid22-train	7218572.png	cid22-train__7218572.png	medium	512	512	512	2373.419189	0.099207	0.095582	0.005728	0.004697	0.598389	0.115234	32.078186	0.227657	1.265631	1664.000000	0.050781	0.004330	0.002110	0.000000	0.017920	0.010350	8.000000	0.081921	4.092317	14.283203	4.445312	0.001953	0.000000	0.000000	0.000000	0.000000	0.256062	2.912796	1.262828	0.029141	0.004124	0.376953	0.194191	21.302546	0.003906	0.055122	0.008092	0.000000	262144.000000	12.476649	512.000000	512.000000	786432.000000	1.000000	0.000000	0.000000	0.000000	3.000000	2.539076	4.094042	4.794558	5.007321	5.212259	0.041564	0.142930	0.839117	1.000000	0.014501	0.028066	0.124653	0.383384	2.000000	6.000000	26.000000	93.000000	255.000000	0.000000	0.000000	0.015873	0.095238	0.000000	0.000000	0.000000	0.000000	12.476649	12.476649	12.476649	0.000000	0.000000	0.000000	1.228849	1.397668	1.505149	0.019085	0.025073	0.029141	0.000000	0.000000	22.061623	0.749744	11.000000
	cid22-train	1370704.png	cid22-train__1370704.png	medium	512	512	512	4707.297852	0.230881	0.104005	0.010009	0.005388	0.514404	0.248047	33.953831	1.155623	1.101756	3248.000000	0.099121	0.009900	0.009780	2.000000	0.014730	0.014650	5.000000	0.251653	3.921781	21.500000	5.947266	0.003906	0.000000	0.000000	0.000000	0.000000	0.049011	2.968402	1.576729	0.024052	0.016686	0.138672	0.096344	29.608507	0.003906	0.096370	0.012060	0.000000	262144.000000	12.476649	512.000000	512.000000	786432.000000	1.000000	0.000000	0.000000	0.000000	3.000000	2.696138	4.660398	4.984684	5.154077	5.334080	0.034987	0.142172	1.000000	1.000000	0.025382	0.046845	0.201365	0.394611	2.000000	25.000000	74.000000	192.000000	255.000000	0.000000	0.000000	0.000000	0.190476	0.000000	0.000000	0.000000	0.015873	12.476649	12.476649	12.476649	0.000000	0.000000	0.000000	0.841200	1.096367	1.228851	0.013870	0.020193	0.024052	0.000000	0.000000	8.371333	0.704199	12.000000
	cid22-train	3705529.png	cid22-train__3705529.png	medium	512	512	512	2672.880127	0.142283	0.078524	0.005123	0.003534	0.432617	0.114990	29.624901	0.541441	1.246286	1852.000000	0.056519	0.001620	0.002470	0.000000	0.004330	0.006610	2.000000	0.105569	4.215174	22.133789	3.705078	0.009766	0.000000	0.000000	0.000000	0.000000	0.110641	3.299277	1.328409	0.029696	0.021785	0.502930	0.240902	31.247519	0.018555	0.073583	0.006619	0.000000	262144.000000	12.476649	512.000000	512.000000	786432.000000	1.000000	0.000000	0.000000	0.000000	3.000000	3.474134	4.439466	4.976593	5.187969	5.480491	0.072618	0.420089	1.000000	1.000000	0.028036	0.055762	0.131055	0.256176	2.000000	10.000000	38.000000	145.000000	255.000000	0.000000	0.000000	0.047619	0.111111	0.000000	0.000000	0.000000	0.015873	12.476649	12.476649	12.476649	0.000000	0.000000	0.000000	1.105511	1.254895	1.361432	0.018644	0.024016	0.029696	0.000000	0.000000	20.198988	0.826572	11.000000
	cid22-train	1618269.png	cid22-train__1618269.png	medium	512	512	512	4686.405762	0.131204	0.142258	0.011079	0.012707	0.317383	0.002197	52.001270	0.418922	1.217903	6852.000000	0.209106	0.007900	0.008100	2.000000	0.090710	0.091570	42.000000	0.079329	4.607206	24.309570	14.602539	0.001953	0.000000	0.000000	0.000000	0.000000	0.077274	3.657815	0.990077	0.107714	0.042350	0.655273	0.140308	31.349192	0.016602	0.086976	0.022817	0.000000	262144.000000	12.476649	512.000000	512.000000	786432.000000	1.000000	0.000000	0.000000	0.000000	3.000000	3.588937	4.437897	5.057811	5.287499	5.460070	0.222079	0.477265	1.000000	1.000000	0.067645	0.120307	0.291846	0.650833	3.000000	10.000000	31.000000	132.000000	255.000000	0.000000	0.015873	0.047619	0.126984	0.000000	0.000000	0.000000	0.031746	12.476649	12.476649	12.476649	0.000000	0.000000	0.000000	1.713778	2.079577	2.307729	0.047350	0.080913	0.107714	0.000000	0.000000	23.721361	0.902443	13.000000
	size-dense-renders	1e2f9d41529197f10d32bfa68a1e0bcc__sz64.png	size-dense-renders__1e2f9d41529197f10d32bfa68a1e0bcc__sz64.png	tiny	64	64	43	61.736534	0.074206	0.019594	0.011718	0.005317	0.000000	0.000000	40.123501	0.029892	0.390888	56.000000	0.020349	0.006800	0.006760	0.000000	0.009320	0.008510	0.000000	1.319194	1.867287	2.900000	0.800000	0.000000	0.000000	0.000000	0.000000	1.000000	0.000000	3.378953	0.101873	0.194618	0.053085	0.000000	0.892578	3.339137	0.000000	0.027381	0.000794	0.000000	2752.000000	7.920083	43.000000	64.000000	8256.000000	0.671875	0.397683	0.116279	0.488372	3.000000														16.000000	27.000000	39.000000	61.000000	81.000000									8.030084	8.030084	8.317766	0.000000	1.000000	2.000000									0.580701	0.423540	6.000000
	cid22-train	160577.png	cid22-train__160577.png	medium	512	512	512	5155.160645	0.062573	0.089552	0.005695	0.004900	0.517090	0.028809	30.614674	0.261637	1.474459	2420.000000	0.073853	0.001700	0.001720	1.000000	0.012850	0.009100	12.000000	0.069942	4.654577	17.215820	4.509766	0.013672	0.000000	0.000000	0.000000	0.000000	0.128376	3.172533	1.138142	0.042852	0.027351	0.593750	0.126976	36.426926	0.036133	0.053432	0.007968	0.000000	262144.000000	12.476649	512.000000	512.000000	786432.000000	1.000000	0.000000	0.000000	0.000000	3.000000	3.110837	3.974558	4.835348	5.142304	5.434328	0.105300	0.276970	0.752326	1.000000	0.037650	0.054280	0.108568	0.246525	2.000000	5.000000	13.000000	113.000000	255.000000	0.000000	0.000000	0.015873	0.063492	0.000000	0.000000	0.000000	0.015873	12.476649	12.476649	12.476649	0.000000	0.000000	0.000000	0.000000	1.601892	1.759195	0.000000	0.032999	0.042852	0.000000	0.000000	50.796276	0.841878	12.000000
	size-dense-renders	1129482__sz320.png	size-dense-renders__1129482__sz320.png	medium	320	320	320	1282.379028	0.072248	0.013586	0.001767	0.001307	0.822500	0.804375	4.605957	0.211876	1.385316	835.000000	0.025482	0.002200	0.001120	1.000000	0.005640	0.003920	3.000000	0.106027	0.980918	11.787500	0.608750	0.809375	0.000000	0.000000	0.000000	0.000000	0.915547	0.887568	1.837905	0.000000	0.000000	0.090625	0.003467	33.804230	0.837500	0.036042	0.001181	0.000000	102400.000000	11.536642	320.000000	320.000000	307200.000000	1.000000	0.000000	0.000000	0.000000	3.000000	0.000000	0.000000	4.890418	5.206796	5.437556	0.000000	0.000000	0.000000	1.000000	0.000000	0.000000	0.000000	0.085059	0.000000	0.000000	8.000000	134.000000	255.000000	0.000000	0.000000	0.000000	0.000000	0.000000	0.000000	0.000000	0.000000	11.536642	11.536642	11.536642	0.000000	0.000000	0.000000	0.000000	0.000000	0.000000	0.000000	0.000000	0.000000	0.000000	0.000000	30.415359	0.165017	10.000000
	cid22-train	164338.png	cid22-train__164338.png	medium	512	512	512	4622.114258	0.399378	0.172142	0.010964	0.012211	0.128662	0.062012	61.737057	2.115450	0.984703	5879.000000	0.179413	0.010260	0.009320	2.000000	0.083350	0.082930	15.000000	0.173506	4.665876	47.379883	11.919922	0.003906	0.000000	0.000000	0.000000	0.000000	0.123531	4.243774	1.120118	0.140813	0.028026	0.265625	0.193031	33.541649	0.007812	0.155661	0.020105	0.000000	262144.000000	12.476649	512.000000	512.000000	786432.000000	1.000000	0.000000	0.000000	0.000000	3.000000	4.633791	5.026006	5.274293	5.412751	5.583282	0.434711	1.000000	1.000000	1.000000	0.057887	0.163319	0.296369	0.596810	21.000000	56.000000	106.000000	223.000000	255.000000	0.000000	0.063492	0.126984	0.253968	0.000000	0.000000	0.015873	0.031746	12.476649	12.476649	12.476649	0.000000	0.000000	1.000000	0.941234	1.361727	2.845563	0.013287	0.031697	0.140813	0.000000	0.000000	3.848295	0.730862	13.000000
	cid22-train	3004909.png	cid22-train__3004909.png	medium	512	512	512	2952.172852	0.146664	0.064327	0.007298	0.005111	0.465820	0.006836	32.079556	0.717550	1.300325	2218.000000	0.067688	0.005230	0.005350	1.000000	0.017340	0.016070	6.000000	0.162413	4.262300	19.627930	3.479492	0.003906	0.000000	0.000000	0.000000	0.000000	0.017124	3.311459	1.081407	0.067670	0.019938	0.264648	0.562862	35.653000	0.000000	0.074761	0.006557	0.000000	262144.000000	12.476649	512.000000	512.000000	786432.000000	1.000000	0.000000	0.000000	0.000000	3.000000	3.040601	4.267289	4.983837	5.174320	5.516513	0.118807	0.244364	1.000000	1.000000	0.028351	0.045429	0.114760	0.257793	4.000000	13.000000	46.000000	171.000000	255.000000	0.000000	0.000000	0.031746	0.111111	0.000000	0.000000	0.000000	0.000000	12.476649	12.476649	12.476649	0.000000	0.000000	0.000000	1.549462	1.815827	2.043301	0.033545	0.047422	0.067670	0.000000	0.000000	16.361382	0.793962	12.000000
	size-dense-renders	2693212__sz96.png	size-dense-renders__2693212__sz96.png	small	96	96	96	1529.987915	0.426260	0.121162	0.016132	0.032123	0.020833	0.000000	61.697472	0.178027	0.698765	728.000000	0.078993	0.011530	0.014160	0.000000	0.306880	0.352420	12.000000	0.214351	4.003084	28.111111	32.576389	0.000000	0.000000	0.000000	0.000000	0.000000	0.000868	4.317833	0.475740	0.527892	0.241273	0.229167	0.000000	15.204627	0.000000	0.162257	0.061618	0.000000	9216.000000	9.128696	96.000000	96.000000	27648.000000	1.000000	0.000000	0.000000	0.000000	3.000000	4.370527	4.627204	4.832532	4.908960	5.000340	0.833854	1.000000	1.000000	1.000000	0.341449	0.566787	0.866749	1.000000	22.000000	45.000000	73.000000	128.000000	200.000000	0.079365	0.126984	0.174603	0.206349	0.015873	0.031746	0.063492	0.095238	9.128696	9.128696	9.128696	0.000000	0.000000	2.000000	2.346231	3.529171	3.817291	0.114185	0.392778	0.527892	0.000000	0.047619	2.133551	0.788949	10.000000
	cid22-train	1173777.png	cid22-train__1173777.png	medium	512	512	512	912.225708	0.320924	0.117743	0.033328	0.028357	0.087158	0.002197	49.728481	1.059341	1.188177	2963.000000	0.090424	0.054160	0.050510	3.000000	0.241580	0.219920	16.000000	0.322274	3.379479	20.583984	19.469727	0.003906	0.000000	0.000000	0.000000	0.000000	0.008759	4.019326	0.678836	0.230304	0.130179	0.062500	0.056324	23.253143	0.001953	0.144593	0.045759	0.000000	262144.000000	12.476649	512.000000	512.000000	786432.000000	1.000000	0.000000	0.000000	0.000000	3.000000	4.142256	4.449202	4.705890	5.027298	5.217812	0.451338	0.786335	1.000000	1.000000	0.230511	0.349154	0.533425	0.718193	16.000000	38.000000	70.000000	171.000000	255.000000	0.015873	0.079365	0.142857	0.206349	0.000000	0.015873	0.047619	0.063492	12.476649	12.476649	12.476649	0.000000	0.000000	1.000000	1.968483	2.769089	3.097122	0.062215	0.160384	0.230304	0.000000	0.000000	8.451519	0.709938	12.000000
	size-dense-renders	459728__sz128.png	size-dense-renders__459728__sz128.png	small	128	128	128	3459.241943	0.242668	0.169651	0.024747	0.016422	0.082031	0.000000	63.572716	0.135866	0.885053	1692.000000	0.103271	0.032550	0.023840	2.000000	0.076120	0.123810	4.000000	0.082563	4.267363	30.527344	24.199219	0.000000	0.000000	0.000000	0.000000	0.000000	0.032227	4.158831	0.671227	0.288471	0.150689	0.554688	0.442627	22.231270	0.007812	0.120350	0.042597	0.000000	16384.000000	9.704061	128.000000	128.000000	49152.000000	1.000000	0.000000	0.000000	0.000000	3.000000	4.194545	4.738178	4.964799	5.118028	5.246918	0.541209	0.911079	1.000000	1.000000	0.249244	0.387397	0.594953	0.939645	10.000000	24.000000	51.000000	120.000000	234.000000	0.031746	0.063492	0.111111	0.174603	0.015873	0.015873	0.047619	0.063492	9.704061	9.704061	9.704061	0.000000	0.000000	1.000000	2.527126	2.945707	3.265168	0.107734	0.197612	0.288471	0.000000	0.015873	8.773205	0.875103	11.000000
	size-dense-renders	Performance-Graph__sz320.png	size-dense-renders__Performance-Graph__sz320.png	medium	320	320	320	3258.741211	0.059915	0.173311	0.006989	0.000508	0.583125	0.460625	66.043800	0.137920	1.241256	443.000000	0.013519	0.009980	0.010630	0.000000	0.000370	0.000800	0.000000	0.053858	2.876858	16.365625	14.765000	0.803750	0.000000	0.000000	0.000000	0.000000	0.267031	2.042028	2.003523	0.000000	0.000000	0.413125	0.000000	35.209255	0.843750	0.037837	0.017113	0.000000	102400.000000	11.536642	320.000000	320.000000	307200.000000	1.000000	0.000000	0.000000	0.000000	3.000000	1.462397	3.758315	4.930591	5.232137	5.468056	0.000000	0.039573	0.595094	1.000000	0.000000	0.059360	0.472654	0.802622	0.000000	2.000000	12.000000	106.000000	255.000000	0.000000	0.000000	0.000000	0.047619	0.000000	0.000000	0.000000	0.031746	11.536642	11.536642	11.536642	0.000000	0.000000	0.000000	0.000000	0.000000	0.000000	0.000000	0.000000	0.000000	0.000000	0.000000	36.682545	0.514044	9.000000
	size-dense-renders	459728__sz160.png	size-dense-renders__459728__sz160.png	small	160	160	160	3510.182617	0.205332	0.170884	0.021845	0.014533	0.095000	0.000000	63.967453	0.144753	0.941219	1926.000000	0.075234	0.025260	0.018270	3.000000	0.059670	0.079200	5.000000	0.073940	4.318861	28.805000	23.257500	0.000000	0.000000	0.000000	0.000000	0.000000	0.031641	4.075354	0.707495	0.266816	0.116100	0.535000	0.443477	22.699112	0.000000	0.105238	0.038254	0.000000	25600.000000	10.150348	160.000000	160.000000	76800.000000	1.000000	0.000000	0.000000	0.000000	3.000000	4.130680	4.647984	4.986552	5.122427	5.366302	0.455286	0.888937	1.000000	1.000000	0.202613	0.343847	0.566883	0.945546	9.000000	21.000000	46.000000	117.000000	255.000000	0.031746	0.063492	0.095238	0.142857	0.000000	0.015873	0.031746	0.047619	10.150348	10.150348	10.150348	0.000000	0.000000	1.000000	2.355546	2.907647	3.139486	0.110935	0.197496	0.266816	0.000000	0.015873	10.212958	0.885499	11.000000
	size-dense-renders	1129482__sz384.png	size-dense-renders__1129482__sz384.png	medium	384	384	384	1305.409058	0.066856	0.014344	0.001760	0.001291	0.840278	0.815104	4.838864	0.220245	1.429284	1051.000000	0.032074	0.002310	0.001120	1.000000	0.005850	0.003750	3.000000	0.099702	0.957607	11.676215	0.605903	0.811632	0.000000	0.000000	0.000000	0.000000	0.915080	0.865677	1.823440	0.000000	0.000000	0.085938	0.003377	32.911938	0.833333	0.034433	0.001295	0.000000	147456.000000	11.901285	384.000000	384.000000	442368.000000	1.000000	0.000000	0.000000	0.000000	3.000000	0.000000	0.000000	4.827569	5.181285	5.490788	0.000000	0.000000	0.000000	1.000000	0.000000	0.000000	0.000000	0.088966	0.000000	0.000000	5.000000	126.000000	255.000000	0.000000	0.000000	0.000000	0.000000	0.000000	0.000000	0.000000	0.000000	11.901285	11.901285	11.901285	0.000000	0.000000	0.000000	0.000000	0.000000	0.000000	0.000000	0.000000	0.000000	0.000000	0.000000	33.980587	0.162718	11.000000
	size-dense-renders	1129482__sz40.png	size-dense-renders__1129482__sz40.png	tiny	40	40	40	777.839478	0.171598	0.006566	0.001516	0.001504	0.480000	0.480000	2.414486	0.081446	0.754585	87.000000	0.054375	0.000600	0.000470	0.000000	0.002880	0.002440	0.000000	0.255508	1.355839	21.920000	0.000000	0.480000	0.000000	0.000000	0.000000	1.000000	0.925625	2.356490	2.296114	0.000000	0.000000	0.120000	0.000000	29.208466	0.480000	0.125079	0.000000	0.000000	1600.000000	7.377759	40.000000	40.000000	4800.000000	1.000000	0.000000	0.000000	1.560000	3.000000														0.000000	12.000000	74.000000	202.000000	255.000000									7.377759	7.742402	8.317766	0.000000	0.000000	0.000000									8.918405	0.405004	7.000000
	size-dense-renders	1129482__sz48.png	size-dense-renders__1129482__sz48.png	tiny	48	48	48	833.914246	0.161612	0.007151	0.001571	0.001492	0.500000	0.472222	2.592609	0.087925	0.811147	102.000000	0.044271	0.000680	0.000510	0.000000	0.003260	0.001950	0.000000	0.172786	1.363827	22.166666	0.111111	0.444444	0.000000	0.000000	0.000000	1.000000	0.926215	2.356287	2.249655	0.000000	0.000000	0.111111	0.000000	29.654676	0.500000	0.102734	0.000000	0.000000	2304.000000	7.742402	48.000000	48.000000	6912.000000	1.000000	0.000000	0.000000	0.777778	3.000000														0.000000	8.000000	65.000000	193.000000	255.000000									7.742402	7.742402	8.317766	0.000000	0.000000	0.000000									10.202777	0.445658	7.000000
	size-dense-renders	1129482__sz64.png	size-dense-renders__1129482__sz64.png	small	64	64	64	933.236694	0.148148	0.007962	0.001598	0.001456	0.640625	0.578125	2.851847	0.110508	0.926603	151.000000	0.036865	0.000740	0.000590	0.000000	0.002930	0.002450	0.000000	0.202089	1.221674	19.718750	0.312500	0.562500	0.000000	0.000000	0.000000	1.000000	0.924072	1.830295	2.219351	0.000000	0.000000	0.046875	0.000244	31.791582	0.578125	0.083085	0.000000	0.000000	4096.000000	8.317766	64.000000	64.000000	12288.000000	1.000000	0.000000	0.000000	0.000000	3.000000														0.000000	1.000000	60.000000	187.000000	255.000000									8.317766	8.317766	8.317766	0.000000	0.000000	0.000000									11.745967	0.330245	8.000000
	cid22-train	1183021.png	cid22-train__1183021.png	medium	512	512	512	891.263123	0.052278	0.088572	0.004693	0.006255	0.551514	0.492188	35.397705	0.115879	1.465537	415.000000	0.012665	0.001950	0.001410	0.000000	0.027600	0.017050	5.000000	0.249662	2.884527	4.381836	3.152344	0.055664	0.000000	0.000000	0.000000	0.000000	0.234051	2.202540	1.435242	0.006175	0.000000	0.060547	0.301132	7.490376	0.083984	0.035652	0.007487	0.000000	262144.000000	12.476649	512.000000	512.000000	786432.000000	1.000000	0.000000	0.000000	0.000000	3.000000	1.477120	3.606380	3.980383	4.140003	4.397435	0.014792	0.037822	0.430184	0.704744	0.007196	0.018157	0.150878	0.300741	1.000000	10.000000	24.000000	57.000000	152.000000	0.000000	0.000000	0.000000	0.063492	0.000000	0.000000	0.000000	0.000000	12.476649	12.476649	12.476649	0.000000	0.000000	0.000000	0.000000	0.297620	0.467982	0.000000	0.003102	0.006175	0.000000	0.000000	8.686308	0.507605	9.000000
	size-dense-renders	1129482__sz80.png	size-dense-renders__1129482__sz80.png	small	80	80	80	999.910828	0.130428	0.008610	0.001642	0.001413	0.670000	0.640000	3.059869	0.124180	0.992286	183.000000	0.028594	0.000910	0.000580	0.000000	0.003200	0.002200	0.000000	0.146393	1.139931	18.860001	0.320000	0.630000	0.000000	0.000000	0.000000	1.000000	0.921719	1.600273	2.197715	0.000000	0.000000	0.090000	0.000781	31.814081	0.670000	0.068571	0.000317	0.000000	6400.000000	8.764053	80.000000	80.000000	19200.000000	1.000000	0.000000	0.000000	0.440000	3.000000	0.000000	4.051514	5.155114	5.253119	5.422668	0.000000	0.000000	0.810689	1.000000	0.000000	0.000000	0.029221	0.092863	0.000000	0.000000	48.000000	187.000000	255.000000	0.000000	0.000000	0.000000	0.095238	0.000000	0.000000	0.000000	0.000000	8.764053	8.764053	9.128696	0.000000	0.000000	0.000000	0.000000	0.000000	0.000000	0.000000	0.000000	0.000000	0.000000	0.000000	14.101238	0.293999	8.000000
	size-dense-renders	1943411__sz384.png	size-dense-renders__1943411__sz384.png	medium	384	384	384	2858.385986	0.150693	0.202641	0.021582	0.017810	0.503038	0.000000	89.383888	0.310100	1.227721	6110.000000	0.186462	0.029940	0.033880	4.000000	0.186850	0.236710	50.000000	0.142796	3.820151	16.335070	20.736979	0.001736	0.000000	0.000000	0.000000	0.000000	0.004184	3.176902	1.205694	0.041023	0.051489	0.311632	0.002923	22.287029	0.003472	0.074377	0.035260	0.000000	147456.000000	11.901285	384.000000	384.000000	442368.000000	1.000000	0.000000	0.000000	0.000000	3.000000	3.018701	4.354552	4.814528	4.985884	5.270637	0.078231	0.224825	1.000000	1.000000	0.073009	0.146891	0.533096	0.976869	3.000000	12.000000	40.000000	122.000000	255.000000	0.000000	0.000000	0.015873	0.126984	0.000000	0.000000	0.015873	0.063492	11.901285	11.901285	11.901285	0.000000	0.000000	0.000000	1.320923	1.485853	1.642066	0.022145	0.031962	0.041023	0.000000	0.000000	16.185310	0.787745	13.000000
	size-dense-renders	1129482__sz96.png	size-dense-renders__1129482__sz96.png	small	96	96	96	1051.181763	0.122992	0.009140	0.001616	0.001393	0.680556	0.659722	3.226086	0.127403	1.077300	236.000000	0.025608	0.000960	0.000520	0.000000	0.003720	0.002040	0.000000	0.136326	1.180100	18.062500	0.472222	0.638889	0.000000	0.000000	0.000000	1.000000	0.919813	1.535656	2.162234	0.000000	0.000000	0.090278	0.001411	31.810402	0.680556	0.062720	0.000661	0.000000	9216.000000	9.128696	96.000000	96.000000	27648.000000	1.000000	0.000000	0.000000	0.000000	3.000000	0.000000	4.168110	5.064605	5.217244	5.458383	0.000000	0.000000	0.908454	1.000000	0.000000	0.000000	0.029304	0.105816	0.000000	0.000000	46.000000	170.000000	255.000000	0.000000	0.000000	0.000000	0.095238	0.000000	0.000000	0.000000	0.000000	9.128696	9.128696	9.128696	0.000000	0.000000	0.000000	0.000000	0.000000	0.000000	0.000000	0.000000	0.000000	0.000000	0.000000	14.093870	0.276102	8.000000
	size-dense-renders	1943411__sz40.png	size-dense-renders__1943411__sz40.png	tiny	40	40	40	2279.154785	0.339908	0.179305	0.028454	0.030976	0.080000	0.000000	81.454628	0.082979	0.643300	625.000000	0.390625	0.035740	0.054320	1.000000	0.348130	0.405060	15.000000	0.116808	3.756367	42.919998	39.160000	0.000000	0.000000	0.000000	0.000000	0.000000	0.000000	4.401473	0.782054	0.374345	0.284918	0.520000	0.002500	23.689768	0.000000	0.175238	0.067937	0.000000	1600.000000	7.377759	40.000000	40.000000	4800.000000	1.000000	0.000000	0.000000	1.560000	3.000000														11.000000	37.000000	72.000000	162.000000	244.000000									7.377759	7.742402	8.317766	0.000000	0.000000	0.000000									5.858659	0.900566	10.000000
	size-dense-renders	1943411__sz48.png	size-dense-renders__1943411__sz48.png	tiny	48	48	48	2347.101562	0.320960	0.181642	0.027535	0.029291	0.083333	0.000000	82.255539	0.090371	0.676432	795.000000	0.345052	0.036360	0.051540	1.000000	0.318340	0.345950	11.000000	0.139108	3.791811	35.000000	40.166668	0.000000	0.000000	0.000000	0.000000	0.000000	0.000000	4.262659	0.823173	0.319024	0.230413	0.416667	0.004774	23.447483	0.000000	0.165344	0.069665	0.000000	2304.000000	7.742402	48.000000	48.000000	6912.000000	1.000000	0.000000	0.000000	0.777778	3.000000														10.000000	35.000000	73.000000	155.000000	251.000000									7.742402	7.742402	8.317766	0.000000	0.000000	0.000000									6.978499	0.870609	10.000000
	size-dense-renders	459728__sz192.png	size-dense-renders__459728__sz192.png	small	192	192	192	3547.568115	0.184918	0.171793	0.019684	0.013233	0.098958	0.000000	64.260208	0.157777	0.978753	2110.000000	0.064392	0.022020	0.015010	2.000000	0.051720	0.071830	6.000000	0.073504	4.278830	27.170139	21.913195	0.000000	0.000000	0.000000	0.000000	0.000000	0.031657	3.997925	0.715596	0.255991	0.113698	0.567708	0.437961	22.935928	0.003472	0.101163	0.035797	0.000000	36864.000000	10.514991	192.000000	192.000000	110592.000000	1.000000	0.000000	0.000000	0.000000	3.000000	3.988355	4.580539	4.953860	5.097313	5.289893	0.420944	0.753512	1.000000	1.000000	0.185436	0.301381	0.526085	0.890211	8.000000	20.000000	42.000000	111.000000	255.000000	0.015873	0.047619	0.079365	0.142857	0.000000	0.015873	0.031746	0.047619	10.514991	10.514991	10.514991	0.000000	0.000000	1.000000	2.357935	2.829857	3.083497	0.099301	0.190853	0.255991	0.000000	0.015873	12.655201	0.883910	12.000000
	size-dense-renders	1943411__sz64.png	size-dense-renders__1943411__sz64.png	small	64	64	64	2443.292725	0.285966	0.185145	0.026023	0.026800	0.125000	0.000000	83.458351	0.102866	0.753322	1150.000000	0.280762	0.039770	0.051600	2.000000	0.296930	0.405650	23.000000	0.108574	3.798418	32.562500	45.437500	0.000000	0.000000	0.000000	0.000000	0.000000	0.000000	4.078290	0.969933	0.211785	0.156220	0.515625	0.003906	22.848364	0.000000	0.145337	0.057292	0.000000	4096.000000	8.317766	64.000000	64.000000	12288.000000	1.000000	0.000000	0.000000	0.000000	3.000000														6.000000	30.000000	69.000000	143.000000	255.000000									8.317766	8.317766	8.317766	0.000000	0.000000	0.000000									6.459132	0.882763	11.000000
	kadid10k	I03.png	kadid10k__I03.png	medium	512	512	384	2614.049805	0.286588	0.314185	0.027408	0.011696	0.197266	0.095052	103.708641	1.017566	0.948204	9306.000000	0.283997	0.012720	0.015090	1.000000	0.015080	0.016940	2.000000	0.154922	4.185711	37.778320	36.565430	0.026367	0.000000	0.000000	0.000000	0.000000	0.002711	3.897525	1.396460	0.029675	0.028477	0.383789	0.116170	29.985506	0.047852	0.150329	0.053029	0.000000	196608.000000	12.188967	384.000000	512.000000	589824.000000	0.750000	0.287682	0.000000	0.000000	3.000000	4.383967	4.904250	5.146255	5.252415	5.450455	0.407307	1.000000	1.000000	1.000000	0.192264	0.518330	1.000000	1.000000	10.000000	31.000000	72.000000	192.000000	255.000000	0.000000	0.047619	0.142857	0.238095	0.000000	0.015873	0.063492	0.079365	12.188967	12.188967	12.188967	0.000000	0.000000	0.000000	0.000000	1.004724	1.278753	0.000000	0.019787	0.029675	0.000000	0.000000	8.783305	0.790593	14.000000
	kadid10k	I38.png	kadid10k__I38.png	medium	512	512	384	649.366394	0.036993	0.062958	0.001508	0.000812	0.797526	0.652669	28.705875	0.140564	1.751111	657.000000	0.020050	0.000180	0.000290	0.000000	0.000470	0.000670	0.000000	0.173301	2.954412	5.189453	1.298828	0.145508	0.000000	0.000000	0.000000	0.000000	0.015284	1.692421	1.369881	0.000000	0.000000	0.141602	0.001511	27.631123	0.327148	0.023763	0.002418	0.000000	196608.000000	12.188967	384.000000	512.000000	589824.000000	0.750000	0.287682	0.000000	0.000000	3.000000	1.224014	2.450610	4.097994	4.583945	5.028423	0.017371	0.027927	0.115436	0.813471	0.000000	0.000000	0.040304	0.104000	0.000000	2.000000	8.000000	90.000000	255.000000	0.000000	0.000000	0.000000	0.000000	0.000000	0.000000	0.000000	0.000000	12.188967	12.188967	12.188967	0.000000	0.000000	0.000000	0.000000	0.000000	0.000000	0.000000	0.000000	0.000000	0.000000	0.000000	59.474026	0.551240	10.000000
	size-dense-renders	1943411__sz80.png	size-dense-renders__1943411__sz80.png	small	80	80	80	2507.429199	0.262939	0.187726	0.025062	0.025324	0.200000	0.000000	84.341545	0.112843	0.865188	1497.000000	0.233906	0.039380	0.043620	2.000000	0.276360	0.383120	23.000000	0.101081	3.787355	31.370001	32.209999	0.000000	0.000000	0.000000	0.000000	0.000000	0.000000	3.963268	1.070622	0.111958	0.108171	0.560000	0.002656	22.001829	0.020000	0.130794	0.058095	0.000000	6400.000000	8.764053	80.000000	80.000000	19200.000000	1.000000	0.000000	0.000000	0.440000	3.000000	4.359818	4.777476	5.082579	5.107830	5.385726	0.366743	1.000000	1.000000	1.000000	0.252676	0.517367	0.778240	1.000000	5.000000	30.000000	63.000000	135.000000	255.000000	0.000000	0.031746	0.126984	0.222222	0.015873	0.031746	0.047619	0.079365	8.764053	8.764053	9.128696	0.000000	0.000000	0.000000	1.168333	1.397668	2.347817	0.025484	0.035441	0.111958	0.000000	0.000000	6.635175	0.881951	11.000000
	size-dense-renders	1173777__sz128.png	size-dense-renders__1173777__sz128.png	small	128	128	128	482.309723	0.306777	0.094736	0.032384	0.023264	0.019531	0.000000	42.306572	0.182500	0.724053	766.000000	0.046753	0.044490	0.039850	1.000000	0.135640	0.105670	7.000000	0.352375	3.103342	16.089844	17.683594	0.000000	0.000000	0.000000	0.000000	0.000000	0.006348	4.053489	0.368196	0.430876	0.147768	0.050781	0.033142	14.022196	0.000000	0.136595	0.044023	0.000000	16384.000000	9.704061	128.000000	128.000000	49152.000000	1.000000	0.000000	0.000000	0.000000	3.000000	4.075656	4.305007	4.500607	4.603953	4.791838	0.575998	0.737778	1.000000	1.000000	0.251281	0.355344	0.468909	0.628845	18.000000	36.000000	59.000000	124.000000	255.000000	0.063492	0.095238	0.142857	0.174603	0.015873	0.031746	0.047619	0.063492	9.704061	9.704061	9.704061	0.000000	1.000000	2.000000	3.015360	3.383265	3.602723	0.204150	0.321588	0.430876	0.015873	0.047619	9.403579	0.728269	10.000000
	size-dense-renders	Performance-Graph__sz384.png	size-dense-renders__Performance-Graph__sz384.png	medium	384	384	384	3274.306396	0.051940	0.173581	0.005823	0.000469	0.615885	0.527778	66.125839	0.129513	1.333938	442.000000	0.013489	0.008520	0.008820	1.000000	0.000370	0.000620	0.000000	0.045207	2.901533	15.109375	13.538195	0.810764	0.000000	0.000000	0.000000	0.000000	0.267049	1.916110	1.986326	0.000000	0.000000	0.407118	0.000000	35.704510	0.848090	0.035328	0.016769	0.000000	147456.000000	11.901285	384.000000	384.000000	442368.000000	1.000000	0.000000	0.000000	0.000000	3.000000	1.230449	3.442166	4.851894	5.209885	5.457114	0.000000	0.020945	0.415678	1.000000	0.000000	0.019787	0.463041	0.784144	0.000000	1.000000	10.000000	91.000000	255.000000	0.000000	0.000000	0.000000	0.047619	0.000000	0.000000	0.000000	0.031746	11.901285	11.901285	11.901285	0.000000	0.000000	0.000000	0.000000	0.000000	0.000000	0.000000	0.000000	0.000000	0.000000	0.000000	42.501095	0.487661	9.000000
	size-dense-renders	Performance-Graph__sz40.png	size-dense-renders__Performance-Graph__sz40.png	tiny	40	40	40	2658.987305	0.344510	0.159284	0.038924	0.001458	0.000000	0.000000	62.018288	0.123984	0.524086	181.000000	0.113125	0.145820	0.126350	2.000000	0.000870	0.009920	0.000000	0.122474	3.182879	52.680000	45.040001	0.200000	0.000000	0.000000	0.000000	1.000000	0.250625	4.464620	0.709704	0.274358	0.269990	0.480000	0.000000	25.591057	0.200000	0.152381	0.057143	0.000000	1600.000000	7.377759	40.000000	40.000000	4800.000000	1.000000	0.000000	0.000000	1.560000	3.000000														17.000000	44.000000	92.000000	202.000000	255.000000									7.377759	7.742402	8.317766	0.000000	0.000000	0.000000									5.062748	0.820844	8.000000
	size-dense-renders	Performance-Graph__sz48.png	size-dense-renders__Performance-Graph__sz48.png	tiny	48	48	48	2759.177490	0.313264	0.162019	0.035823	0.001409	0.000000	0.000000	62.819126	0.137847	0.466257	194.000000	0.084201	0.115390	0.066180	2.000000	0.000820	0.007660	0.000000	0.126114	3.288059	43.250000	37.916668	0.222222	0.000000	0.000000	0.000000	1.000000	0.250868	4.404957	0.720634	0.293895	0.195432	0.583333	0.000000	27.627949	0.222222	0.138889	0.054233	0.000000	2304.000000	7.742402	48.000000	48.000000	6912.000000	1.000000	0.000000	0.000000	0.777778	3.000000														14.000000	36.000000	85.000000	216.000000	255.000000									7.742402	7.742402	8.317766	0.000000	0.000000	0.000000									7.225723	0.839103	8.000000
	size-dense-renders	1943411__sz96.png	size-dense-renders__1943411__sz96.png	small	96	96	96	2557.800293	0.247645	0.189603	0.024337	0.023848	0.208333	0.006944	84.981865	0.130313	0.952308	1795.000000	0.194770	0.037830	0.041470	2.000000	0.239830	0.338300	25.000000	0.101612	3.770421	32.180557	34.638889	0.000000	0.000000	0.000000	0.000000	0.000000	0.000000	3.904500	1.090028	0.087923	0.077987	0.569444	0.003906	21.619131	0.034722	0.125000	0.049162	0.000000	9216.000000	9.128696	96.000000	96.000000	27648.000000	1.000000	0.000000	0.000000	0.000000	3.000000	4.200248	4.753884	5.026316	5.154749	5.364825	0.351252	0.887836	1.000000	1.000000	0.220740	0.447861	0.751265	1.000000	5.000000	27.000000	60.000000	138.000000	255.000000	0.000000	0.031746	0.126984	0.206349	0.000000	0.015873	0.047619	0.063492	9.128696	9.128696	9.128696	0.000000	0.000000	0.000000	1.031412	1.531480	2.126901	0.020714	0.041484	0.087923	0.000000	0.000000	7.720857	0.859614	11.000000
	size-dense-renders	Performance-Graph__sz64.png	size-dense-renders__Performance-Graph__sz64.png	small	64	64	64	2893.325684	0.265306	0.165042	0.029090	0.001222	0.250000	0.250000	63.675705	0.147744	0.578702	243.000000	0.059326	0.065740	0.038380	1.000000	0.000640	0.004220	0.000000	0.143082	3.192149	35.796875	26.093750	0.421875	0.000000	0.000000	0.000000	1.000000	0.251465	3.337921	2.034118	0.000000	0.000000	0.546875	0.000000	30.520655	0.531250	0.120536	0.044891	0.000000	4096.000000	8.317766	64.000000	64.000000	12288.000000	1.000000	0.000000	0.000000	0.000000	3.000000														10.000000	26.000000	72.000000	198.000000	255.000000									8.317766	8.317766	8.317766	0.000000	0.000000	0.000000									10.272943	0.672820	8.000000
	size-dense-renders	Performance-Graph__sz80.png	size-dense-renders__Performance-Graph__sz80.png	small	80	80	80	2982.405273	0.206377	0.167345	0.023959	0.001096	0.200000	0.200000	64.348251	0.149637	0.654353	256.000000	0.040000	0.048080	0.037290	1.000000	0.000540	0.003050	0.000000	0.101482	3.166553	39.169998	35.099998	0.490000	0.000000	0.000000	0.000000	1.000000	0.251250	3.529941	1.894430	0.000000	0.000000	0.660000	0.000000	32.495586	0.540000	0.105873	0.043492	0.000000	6400.000000	8.764053	80.000000	80.000000	19200.000000	1.000000	0.000000	0.000000	0.440000	3.000000	4.026819	5.080454	5.175874	5.259237	5.301668	0.336927	0.830525	1.000000	1.000000	0.416855	0.552727	0.954710	1.000000	9.000000	22.000000	62.000000	185.000000	255.000000	0.000000	0.015873	0.063492	0.206349	0.000000	0.015873	0.031746	0.063492	8.764053	8.764053	9.128696	0.000000	0.000000	0.000000	0.000000	0.000000	0.000000	0.000000	0.000000	0.000000	0.000000	0.000000	12.112016	0.737955	8.000000
	cid22-train	2444429.png	cid22-train__2444429.png	medium	512	512	512	4941.513672	0.065452	0.142263	0.004798	0.005310	0.666016	0.095459	55.607056	0.170529	1.684216	2542.000000	0.077576	0.002250	0.002750	1.000000	0.016800	0.021320	6.000000	0.144125	4.407502	7.437500	4.621094	0.003906	0.000000	0.000000	0.000000	0.000000	0.094158	2.688227	1.071741	0.038861	0.021662	0.366211	0.060173	22.062733	0.006836	0.043790	0.008216	0.000000	262144.000000	12.476649	512.000000	512.000000	786432.000000	1.000000	0.000000	0.000000	0.000000	3.000000	2.359836	3.621045	4.255980	4.656661	5.097605	0.057022	0.117197	0.446973	1.000000	0.030300	0.053007	0.142732	0.305655	1.000000	5.000000	20.000000	83.000000	255.000000	0.000000	0.000000	0.015873	0.063492	0.000000	0.000000	0.000000	0.000000	12.476649	12.476649	12.476649	0.000000	0.000000	0.000000	1.193385	1.386666	1.485854	0.023583	0.033059	0.038861	0.000000	0.000000	38.944077	0.834367	12.000000
	kadid10k	I56.png	kadid10k__I56.png	medium	512	512	384	825.591064	0.097791	0.112462	0.005610	0.003845	0.592773	0.000000	58.886757	0.343232	1.544091	4175.000000	0.127411	0.001050	0.001640	0.000000	0.002890	0.003690	1.000000	0.248637	3.602114	10.411133	5.971680	0.000000	0.000000	0.000000	0.000000	0.000000	0.001083	3.136896	0.808075	0.106160	0.031048	0.638672	0.065496	22.940943	0.001953	0.056362	0.009797	0.000000	196608.000000	12.188967	384.000000	512.000000	589824.000000	0.750000	0.287682	0.000000	0.000000	3.000000	2.916980	3.490371	4.525262	4.744769	5.114806	0.148867	0.224064	0.417079	1.000000	0.045563	0.069755	0.124234	0.293417	2.000000	5.000000	26.000000	134.000000	255.000000	0.000000	0.015873	0.015873	0.031746	0.000000	0.000000	0.000000	0.015873	12.188967	12.188967	12.188967	0.000000	0.000000	0.000000	1.856483	2.199301	2.308531	0.057135	0.091610	0.106160	0.000000	0.000000	25.440536	0.879916	13.000000
	size-dense-renders	1e2f9d41529197f10d32bfa68a1e0bcc__sz128.png	size-dense-renders__1e2f9d41529197f10d32bfa68a1e0bcc__sz128.png	small	128	128	85	199.464966	0.448524	0.029282	0.022254	0.009757	0.000000	0.000000	43.033920	0.220758	0.472469	175.000000	0.016085	0.024660	0.023930	0.000000	0.030660	0.028560	0.000000	1.448208	2.666401	7.300000	2.325000	0.000000	0.000000	0.000000	0.000000	1.000000	0.000000	3.923159	0.109678	0.349341	0.096652	0.000000	0.795313	8.666527	0.000000	0.112202	0.000496	0.000000	10880.000000	9.294682	85.000000	128.000000	32640.000000	0.664062	0.409379	0.035294	0.129412	3.000000	3.932978	3.996356	4.057666	4.112303	4.185244	0.397597	0.471154	0.537568	0.592478	0.106228	0.120988	0.138663	0.153473	30.000000	52.000000	74.000000	120.000000	215.000000	0.063492	0.079365	0.111111	0.142857	0.000000	0.000000	0.000000	0.000000	9.329367	9.416378	9.416378	0.000000	3.000000	6.000000	3.681852	3.735794	3.766560	0.266035	0.309900	0.349341	0.031746	0.047619	1.471868	0.402133	8.000000
	cid22-train	1028637.png	cid22-train__1028637.png	medium	512	512	512	3413.672852	0.139422	0.193570	0.007592	0.006218	0.595703	0.470215	69.467133	0.736419	1.247442	6099.000000	0.186127	0.012820	0.011150	4.000000	0.055550	0.039830	13.000000	0.269942	2.304875	17.040039	5.860352	0.412109	0.000000	0.000000	0.000000	0.000000	0.739983	2.181317	2.023415	0.000000	0.000000	0.103516	0.023479	30.219700	0.439453	0.080280	0.009812	0.000000	262144.000000	12.476649	512.000000	512.000000	786432.000000	1.000000	0.000000	0.000000	0.000000	3.000000	2.144526	4.147819	4.906719	5.094879	5.275242	0.000000	0.077510	0.815844	1.000000	0.000000	0.000000	0.092493	0.297826	0.000000	7.000000	46.000000	176.000000	255.000000	0.000000	0.000000	0.000000	0.158730	0.000000	0.000000	0.000000	0.000000	12.476649	12.476649	12.476649	0.000000	0.000000	0.000000	0.000000	0.000000	0.000000	0.000000	0.000000	0.000000	0.000000	0.000000	15.754541	0.424109	13.000000
	size-dense-renders	Performance-Graph__sz96.png	size-dense-renders__Performance-Graph__sz96.png	small	96	96	96	3041.999023	0.179280	0.168658	0.020410	0.000943	0.166667	0.166667	64.707703	0.145705	0.708662	296.000000	0.032118	0.039680	0.032800	1.000000	0.000500	0.002210	0.000000	0.079382	3.134048	39.833332	37.854168	0.527778	0.000000	0.000000	0.000000	0.000000	0.251411	3.650444	1.778694	0.000000	0.000000	0.715278	0.000000	33.762905	0.527778	0.098545	0.042549	0.000000	9216.000000	9.128696	96.000000	96.000000	27648.000000	1.000000	0.000000	0.000000	0.000000	3.000000	3.968296	5.015494	5.181348	5.212630	5.338300	0.353117	0.771002	1.000000	1.000000	0.426951	0.550770	0.963100	1.000000	5.000000	18.000000	57.000000	170.000000	255.000000	0.000000	0.047619	0.063492	0.142857	0.000000	0.031746	0.047619	0.063492	9.128696	9.128696	9.128696	0.000000	0.000000	0.000000	0.000000	0.000000	0.000000	0.000000	0.000000	0.000000	0.000000	0.000000	12.583851	0.786243	9.000000
	size-dense-renders	1173777__sz160.png	size-dense-renders__1173777__sz160.png	small	160	160	160	536.930359	0.299355	0.097966	0.032409	0.023607	0.027500	0.000000	43.315884	0.241962	0.806780	933.000000	0.036445	0.045180	0.041240	1.000000	0.143710	0.114860	9.000000	0.332498	3.150893	17.025000	17.487499	0.000000	0.000000	0.000000	0.000000	0.000000	0.006406	4.060133	0.405474	0.401413	0.148010	0.052500	0.036211	15.821402	0.000000	0.135238	0.043571	0.000000	25600.000000	10.150348	160.000000	160.000000	76800.000000	1.000000	0.000000	0.000000	0.000000	3.000000	4.087460	4.322798	4.537630	4.651650	4.905379	0.565462	0.765679	1.000000	1.000000	0.224763	0.345676	0.473615	0.629100	17.000000	35.000000	60.000000	138.000000	255.000000	0.063492	0.095238	0.126984	0.174603	0.015873	0.015873	0.047619	0.063492	10.150348	10.150348	10.150348	0.000000	1.000000	2.000000	2.774517	3.427240	3.587147	0.149915	0.324287	0.401413	0.000000	0.047619	9.459055	0.730725	10.000000
	cid22-train	1248582.png	cid22-train__1248582.png	medium	512	512	512	2853.521240	0.194109	0.084353	0.005724	0.009610	0.237549	0.009521	39.290710	0.437769	1.094051	1895.000000	0.057831	0.001850	0.002020	0.000000	0.023980	0.026380	6.000000	0.096543	4.412178	23.115234	8.541016	0.005859	0.000000	0.000000	0.000000	0.000000	0.008579	3.711612	1.028232	0.074244	0.028890	0.588867	0.060333	19.991034	0.004883	0.088759	0.015935	0.000000	262144.000000	12.476649	512.000000	512.000000	786432.000000	1.000000	0.000000	0.000000	0.000000	3.000000	3.994790	4.564524	4.862003	4.982785	5.226852	0.237536	0.732782	1.000000	1.000000	0.055939	0.127964	0.291316	0.537515	5.000000	16.000000	43.000000	122.000000	255.000000	0.000000	0.015873	0.079365	0.142857	0.000000	0.000000	0.000000	0.031746	12.476649	12.476649	12.476649	0.000000	0.000000	0.000000	1.494633	1.722223	2.052117	0.030661	0.047203	0.074244	0.000000	0.000000	13.520792	0.869994	11.000000
	cid22-train	3794859.png	cid22-train__3794859.png	medium	512	512	512	1488.980713	0.196740	0.051731	0.007973	0.006053	0.274170	0.012939	28.696802	0.666505	1.308121	1289.000000	0.039337	0.006160	0.003790	3.000000	0.021910	0.017180	5.000000	0.262549	3.851497	14.053711	3.433594	0.000000	0.000000	0.000000	0.000000	0.000000	0.000313	3.409469	1.061403	0.037159	0.028556	0.121094	0.983006	22.129068	0.000000	0.083287	0.006386	0.000000	262144.000000	12.476649	512.000000	512.000000	786432.000000	1.000000	0.000000	0.000000	0.000000	3.000000	3.727672	4.162766	4.634537	4.759449	5.087458	0.153159	0.483302	0.857954	1.000000	0.045501	0.083823	0.139122	0.214945	8.000000	25.000000	52.000000	141.000000	255.000000	0.000000	0.000000	0.063492	0.126984	0.000000	0.000000	0.000000	0.015873	12.476649	12.476649	12.476649	0.000000	0.000000	0.000000	1.444971	1.569484	1.628229	0.025464	0.032085	0.037159	0.000000	0.000000	14.342414	0.702445	11.000000
	size-dense-renders	Temperament-pie-chart-according-to-Eysenck__sz128.png	size-dense-renders__Temperament-pie-chart-according-to-Eysenck__sz128.png	small	128	128	128	4900.291992	0.288859	0.196066	0.013538	0.011539	0.246094	0.195312	82.406624	0.317341	0.929789	777.000000	0.047424	0.022580	0.029560	2.000000	0.091590	0.184900	11.000000	0.100808	3.750518	45.019531	25.066406	0.210938	0.000000	0.000000	0.000000	0.000000	0.411377	3.694679	1.927721	0.000000	0.000000	0.308594	0.247742	29.829088	0.226562	0.146639	0.038008	0.000000	16384.000000	9.704061	128.000000	128.000000	49152.000000	1.000000	0.000000	0.000000	0.000000	3.000000	4.599098	5.004160	5.311353	5.354678	5.539780	0.277368	1.000000	1.000000	1.000000	0.016887	0.326712	0.754296	0.968930	2.000000	42.000000	90.000000	171.000000	255.000000	0.000000	0.047619	0.174603	0.222222	0.000000	0.000000	0.031746	0.063492	9.704061	9.704061	9.704061	0.000000	0.000000	0.000000	0.000000	0.000000	0.000000	0.000000	0.000000	0.000000	0.000000	0.000000	3.676688	0.681809	10.000000
	size-dense-renders	459728__sz256.png	size-dense-renders__459728__sz256.png	medium	256	256	256	3598.385986	0.156617	0.172877	0.016804	0.011412	0.147461	0.000000	64.605965	0.182835	1.142623	2443.000000	0.074554	0.016850	0.010780	2.000000	0.041200	0.048980	7.000000	0.077733	4.323130	22.277344	19.375977	0.001953	0.000000	0.000000	0.000000	0.000000	0.033112	3.855183	0.733336	0.213341	0.080252	0.616211	0.435211	23.327179	0.003906	0.088945	0.030583	0.000000	65536.000000	11.090355	256.000000	256.000000	196608.000000	1.000000	0.000000	0.000000	0.000000	3.000000	3.885106	4.372838	4.864770	5.068671	5.338635	0.361115	0.654737	1.000000	1.000000	0.154094	0.264268	0.469587	0.786357	6.000000	17.000000	39.000000	110.000000	255.000000	0.015873	0.031746	0.063492	0.126984	0.000000	0.015873	0.031746	0.047619	11.090355	11.090355	11.090355	0.000000	0.000000	0.000000	2.016446	2.656996	2.898040	0.066586	0.152910	0.213341	0.000000	0.015873	14.564241	0.889824	12.000000
	size-dense-renders	459728__sz32.png	size-dense-renders__459728__sz32.png	tiny	32	32	32	2957.056641	0.504683	0.152001	0.051030	0.032500	0.062500	0.000000	57.956371	0.093427	0.565223	477.000000	0.465820	0.177610	0.048660	4.000000	0.367990	0.184250	5.000000	0.255440	4.155715	35.437500	32.937500	0.000000	0.000000	0.000000	0.000000	0.000000	0.035156	4.399610	0.603994	0.270482	0.328789	0.062500	0.502930	19.848822	0.000000	0.209325	0.071429	0.000000	1024.000000	6.931472	32.000000	32.000000	3072.000000	1.000000	0.000000	0.000000	0.000000	3.000000																											6.931472	6.931472	6.931472	0.000000	0.000000	0.000000										0.762458	9.000000
	size-dense-renders	1e2f9d41529197f10d32bfa68a1e0bcc__sz640.png	size-dense-renders__1e2f9d41529197f10d32bfa68a1e0bcc__sz640.png	medium	640	640	427	1811.543091	0.805508	0.094484	0.069591	0.030091	0.000000	0.000000	62.734726	4.719835	0.521346	1545.000000	0.047150	0.191240	0.203230	4.000000	0.240610	0.249480	9.000000	0.543844	4.060176	57.285851	23.341509	0.000000	0.000000	0.000000	0.000000	0.000000	0.000011	4.874224	0.152475	1.000000	0.367163	0.000000	0.612854	27.165993	0.000000	0.349880	0.054133	0.000000	273280.000000	12.518252	427.000000	640.000000	819840.000000	0.667188	0.404684	0.011710	0.049180	3.000000	4.893400	4.980433	5.054638	5.097682	5.167361	1.000000	1.000000	1.000000	1.000000	0.416853	0.477223	0.547852	0.619027	58.000000	102.000000	154.000000	255.000000	255.000000	0.285714	0.317460	0.349206	0.380952	0.031746	0.031746	0.047619	0.063492	12.529894	12.529894	12.566261	1.000000	5.000000	11.000000	4.445759	4.586710	4.675399	0.901572	1.000000	1.000000	0.222222	0.269841	0.965738	0.630419	11.000000
	cid22-train	207691.png	cid22-train__207691.png	medium	512	512	512	4516.314941	0.224283	0.153838	0.012590	0.011102	0.320312	0.001709	62.555653	1.018908	1.096234	2606.000000	0.079529	0.011230	0.022040	2.000000	0.057310	0.070580	9.000000	0.124290	4.427783	30.081055	14.126953	0.000000	0.000000	0.000000	0.000000	0.000000	0.054161	3.760657	1.158135	0.061319	0.032633	0.316406	0.377747	34.505600	0.000000	0.095114	0.023158	0.000000	262144.000000	12.476649	512.000000	512.000000	786432.000000	1.000000	0.000000	0.000000	0.000000	3.000000	4.007833	4.761497	5.182724	5.337562	5.530836	0.156370	0.738548	1.000000	1.000000	0.057257	0.149237	0.515973	0.729934	8.000000	27.000000	71.000000	172.000000	255.000000	0.000000	0.015873	0.079365	0.142857	0.000000	0.000000	0.015873	0.047619	12.476649	12.476649	12.476649	0.000000	0.000000	1.000000	1.617884	1.822414	2.006399	0.033588	0.045186	0.061319	0.000000	0.000000	7.414672	0.780323	12.000000
	cid22-train	3952034.png	cid22-train__3952034.png	medium	512	512	512	5508.164551	0.108861	0.083778	0.006587	0.005823	0.452393	0.106689	31.322083	0.307991	1.265074	2809.000000	0.085724	0.005000	0.004130	2.000000	0.029710	0.023010	6.000000	0.072284	4.474159	18.429688	6.217773	0.009766	0.000000	0.000000	0.000000	0.000000	0.289886	3.313116	1.145326	0.049759	0.004377	0.579102	0.311172	26.032721	0.024414	0.058780	0.010138	0.000000	262144.000000	12.476649	512.000000	512.000000	786432.000000	1.000000	0.000000	0.000000	0.000000	3.000000	3.379030	4.242218	4.810370	5.095102	5.379615	0.123738	0.364326	1.000000	1.000000	0.026428	0.063784	0.209973	0.390691	3.000000	8.000000	28.000000	112.000000	255.000000	0.000000	0.000000	0.031746	0.079365	0.000000	0.000000	0.000000	0.015873	12.476649	12.476649	12.476649	0.000000	0.000000	0.000000	1.031406	1.351880	1.720031	0.016338	0.030425	0.049759	0.000000	0.000000	24.057453	0.858961	12.000000
	cid22-train	4666751.png	cid22-train__4666751.png	medium	512	512	512	4969.003906	0.098165	0.146415	0.007251	0.009795	0.588623	0.169678	71.568260	0.223936	1.360583	1444.000000	0.044067	0.004660	0.003740	0.000000	0.057890	0.046170	13.000000	0.148753	4.334536	8.747070	5.541016	0.005859	0.000000	0.000000	0.000000	0.000000	0.036713	2.739259	1.198551	0.029528	0.014341	0.249023	0.005524	17.947659	0.006836	0.048208	0.013625	0.000000	262144.000000	12.476649	512.000000	512.000000	786432.000000	1.000000	0.000000	0.000000	0.000000	3.000000	2.499150	3.793564	4.426328	4.748011	5.084482	0.043291	0.127729	0.556411	1.000000	0.026898	0.057556	0.233393	0.429675	2.000000	7.000000	25.000000	95.000000	255.000000	0.000000	0.000000	0.000000	0.079365	0.000000	0.000000	0.000000	0.015873	12.476649	12.476649	12.476649	0.000000	0.000000	0.000000	0.999320	1.213765	1.360547	0.015024	0.024719	0.029528	0.000000	0.000000	26.049093	0.731672	11.000000
	size-dense-renders	Temperament-pie-chart-according-to-Eysenck__sz160.png	size-dense-renders__Temperament-pie-chart-according-to-Eysenck__sz160.png	small	160	160	160	5007.586914	0.246193	0.197354	0.011979	0.010494	0.275000	0.250000	82.836800	0.361092	1.034111	877.000000	0.034258	0.022100	0.023000	3.000000	0.101350	0.126750	11.000000	0.106227	3.656091	40.814999	21.410000	0.282500	0.000000	0.000000	0.000000	0.000000	0.413633	3.445176	2.055554	0.000000	0.000000	0.287500	0.245000	30.832317	0.302500	0.135714	0.034167	0.000000	25600.000000	10.150348	160.000000	160.000000	76800.000000	1.000000	0.000000	0.000000	0.000000	3.000000	4.535654	4.906074	5.235903	5.358704	5.551425	0.021680	1.000000	1.000000	1.000000	0.000000	0.286117	0.676024	0.948302	0.000000	33.000000	85.000000	172.000000	255.000000	0.000000	0.000000	0.158730	0.222222	0.000000	0.000000	0.015873	0.063492	10.150348	10.150348	10.150348	0.000000	0.000000	0.000000	0.000000	0.000000	0.000000	0.000000	0.000000	0.000000	0.000000	0.000000	4.726009	0.633730	10.000000
	size-dense-renders	1173777__sz192.png	size-dense-renders__1173777__sz192.png	small	192	192	192	581.878723	0.298594	0.100575	0.032222	0.023923	0.027778	0.000000	44.138245	0.300533	1.017938	1127.000000	0.034393	0.045200	0.041070	1.000000	0.149510	0.121070	5.000000	0.342402	3.180126	17.303820	17.902779	0.000000	0.000000	0.000000	0.000000	0.000000	0.006809	4.056535	0.431532	0.375728	0.143129	0.059028	0.038601	16.971325	0.000000	0.135554	0.043541	0.000000	36864.000000	10.514991	192.000000	192.000000	110592.000000	1.000000	0.000000	0.000000	0.000000	3.000000	4.089260	4.346646	4.580554	4.667844	4.917151	0.539022	0.765114	1.000000	1.000000	0.216518	0.349368	0.477745	0.617428	16.000000	35.000000	60.000000	142.000000	255.000000	0.047619	0.095238	0.126984	0.174603	0.015873	0.031746	0.047619	0.063492	10.514991	10.514991	10.514991	0.000000	1.000000	2.000000	2.783501	3.249714	3.532874	0.160482	0.267050	0.375728	0.000000	0.031746	9.580367	0.725120	11.000000
	cid22-train	258947.png	cid22-train__258947.png	medium	512	512	512	2898.646240	0.149938	0.106494	0.010250	0.007373	0.372314	0.000000	53.627487	0.247616	1.143342	2436.000000	0.074341	0.004360	0.006710	1.000000	0.014670	0.021160	5.000000	0.068333	4.232034	18.267578	9.681641	0.000000	0.000000	0.000000	0.000000	0.000000	0.004501	3.539951	0.962593	0.079742	0.033166	0.466797	0.802891	19.397396	0.000000	0.074234	0.017888	0.000000	262144.000000	12.476649	512.000000	512.000000	786432.000000	1.000000	0.000000	0.000000	0.000000	3.000000	3.588321	4.423982	4.796928	4.976445	5.256539	0.145972	0.474717	1.000000	1.000000	0.045643	0.098550	0.306444	0.549595	6.000000	13.000000	31.000000	90.000000	247.000000	0.000000	0.015873	0.047619	0.126984	0.000000	0.000000	0.000000	0.031746	12.476649	12.476649	12.476649	0.000000	0.000000	1.000000	2.020607	2.147484	2.259438	0.050308	0.064240	0.079742	0.000000	0.000000	16.602295	0.822843	12.000000
	cid22-train	1391487.png	cid22-train__1391487.png	medium	512	512	512	1062.202637	0.105970	0.187474	0.009648	0.008504	0.246582	0.000000	81.000816	0.183283	1.186341	3274.000000	0.099915	0.003240	0.003990	0.000000	0.022190	0.023250	8.000000	0.155991	3.692652	10.182617	11.920898	0.000000	0.000000	0.000000	0.000000	0.000000	0.085159	3.510311	0.631888	0.139650	0.038851	0.330078	0.103645	10.420493	0.000000	0.067073	0.021531	0.000000	262144.000000	12.476649	512.000000	512.000000	786432.000000	1.000000	0.000000	0.000000	0.000000	3.000000	3.573493	3.943660	4.310998	4.562633	4.783889	0.238616	0.427663	0.663951	1.000000	0.060330	0.108641	0.261603	0.618535	6.000000	14.000000	29.000000	71.000000	200.000000	0.000000	0.015873	0.063492	0.111111	0.000000	0.000000	0.015873	0.031746	12.476649	12.476649	12.476649	0.000000	0.000000	1.000000	2.106997	2.426512	2.621176	0.074259	0.112922	0.139650	0.000000	0.000000	11.371717	0.796304	12.000000
	cid22-train	1147124.png	cid22-train__1147124.png	medium	512	512	512	1038.687378	0.221736	0.074656	0.013770	0.013235	0.246094	0.003906	71.565567	0.542754	0.903460	2216.000000	0.067627	0.012170	0.033600	2.000000	0.060220	0.137050	12.000000	0.172804	3.346702	21.253906	12.467773	0.003906	0.000000	0.000000	0.000000	0.000000	0.000000	3.777243	0.970814	0.092477	0.065040	0.448242	0.000000	18.490412	0.000000	0.112909	0.030382	0.000000	262144.000000	12.476649	512.000000	512.000000	786432.000000	1.000000	0.000000	0.000000	0.000000	3.000000	4.121601	4.570286	4.775691	4.865590	5.026201	0.256549	0.857351	1.000000	1.000000	0.142775	0.269373	0.406047	0.539055	4.000000	22.000000	54.000000	124.000000	255.000000	0.000000	0.031746	0.111111	0.174603	0.000000	0.015873	0.031746	0.047619	12.476649	12.476649	12.476649	0.000000	0.000000	0.000000	1.531279	1.892007	2.167640	0.036970	0.064644	0.092477	0.000000	0.000000	6.873044	0.855969	12.000000
	cid22-train	1599791.png	cid22-train__1599791.png	medium	512	512	512	2826.718750	0.135271	0.079271	0.005076	0.003930	0.503662	0.112305	27.617266	0.351902	1.210893	2589.000000	0.079010	0.004430	0.004710	2.000000	0.023570	0.019560	43.000000	0.101078	4.423359	17.125000	4.789062	0.007812	0.000000	0.000000	0.000000	0.000000	0.086601	3.178871	1.257999	0.045529	0.006288	0.596680	0.176735	20.977072	0.060547	0.064112	0.007859	0.000000	262144.000000	12.476649	512.000000	512.000000	786432.000000	1.000000	0.000000	0.000000	0.000000	3.000000	3.035524	4.440042	4.774464	4.944122	5.113784	0.074809	0.252453	1.000000	1.000000	0.019352	0.037731	0.120294	0.346159	1.000000	9.000000	39.000000	111.000000	255.000000	0.000000	0.000000	0.031746	0.111111	0.000000	0.000000	0.000000	0.015873	12.476649	12.476649	12.476649	0.000000	0.000000	0.000000	1.144184	1.395489	1.606784	0.022733	0.033783	0.045529	0.000000	0.000000	16.016417	0.874627	12.000000
	cid22-train	3363331.png	cid22-train__3363331.png	medium	512	512	512	4898.077637	0.139663	0.071923	0.005891	0.004328	0.440430	0.029785	26.495060	0.344223	1.304791	1303.000000	0.039764	0.005240	0.003520	1.000000	0.017940	0.012980	7.000000	0.165851	4.480306	13.054688	2.962891	0.000000	0.000000	0.000000	0.000000	0.000000	0.220921	3.261974	1.022619	0.055078	0.011356	0.199219	0.308678	19.053457	0.000000	0.071010	0.006092	0.000000	262144.000000	12.476649	512.000000	512.000000	786432.000000	1.000000	0.000000	0.000000	0.000000	3.000000	3.347415	4.080134	4.662349	4.896736	5.136983	0.105143	0.326682	0.786445	1.000000	0.022383	0.038368	0.094784	0.274815	5.000000	15.000000	38.000000	106.000000	255.000000	0.000000	0.000000	0.031746	0.126984	0.000000	0.000000	0.000000	0.000000	12.476649	12.476649	12.476649	0.000000	0.000000	0.000000	1.503238	1.702752	1.882863	0.029550	0.039931	0.055078	0.000000	0.000000	14.143857	0.752317	11.000000
	cid22-train	2693212.png	cid22-train__2693212.png	medium	512	512	512	1960.337158	0.245109	0.134251	0.011189	0.017939	0.200928	0.000000	66.417679	0.904617	1.005542	1342.000000	0.040955	0.007560	0.009480	0.000000	0.117940	0.153870	12.000000	0.233085	4.168190	20.549805	17.349609	0.000000	0.000000	0.000000	0.000000	0.000000	0.001560	3.845292	0.837492	0.097410	0.026606	0.259766	0.000305	20.212433	0.000000	0.101950	0.034536	0.000000	262144.000000	12.476649	512.000000	512.000000	786432.000000	1.000000	0.000000	0.000000	0.000000	3.000000	4.071025	4.513684	4.778665	4.882655	5.050291	0.285852	0.746805	1.000000	1.000000	0.106990	0.313244	0.555034	0.847686	11.000000	30.000000	66.000000	161.000000	255.000000	0.000000	0.031746	0.095238	0.158730	0.000000	0.000000	0.031746	0.063492	12.476649	12.476649	12.476649	0.000000	0.000000	1.000000	2.127105	2.274987	2.456271	0.046787	0.066851	0.097410	0.000000	0.000000	9.035000	0.732302	11.000000
	cid22-train	1661950.png	cid22-train__1661950.png	medium	512	512	512	3499.193359	0.150317	0.112907	0.013996	0.012306	0.346680	0.015625	49.618206	0.322695	1.235251	3809.000000	0.116241	0.013360	0.008630	2.000000	0.076330	0.059170	25.000000	0.126973	4.221056	17.902344	10.855469	0.001953	0.000000	0.000000	0.000000	0.000000	0.073799	3.466431	1.098929	0.055964	0.027314	0.667969	0.274548	18.797499	0.013672	0.083597	0.026088	0.000000	262144.000000	12.476649	512.000000	512.000000	786432.000000	1.000000	0.000000	0.000000	0.000000	3.000000	3.706270	4.423242	4.759200	4.877400	5.100674	0.164204	0.562314	1.000000	1.000000	0.053065	0.141492	0.365965	0.557729	3.000000	10.000000	29.000000	115.000000	255.000000	0.000000	0.015873	0.047619	0.126984	0.000000	0.000000	0.015873	0.047619	12.476649	12.476649	12.476649	0.000000	0.000000	0.000000	1.224014	1.487844	1.792280	0.023433	0.035694	0.055964	0.000000	0.000000	23.772612	0.888781	12.000000
	cid22-train	169647.png	cid22-train__169647.png	medium	512	512	512	2698.063232	0.302737	0.128572	0.016889	0.012863	0.538574	0.353271	52.179024	1.583623	0.889077	9803.000000	0.299164	0.031490	0.060340	10.000000	0.148150	0.271010	38.000000	0.328530	3.674261	29.175781	16.689453	0.097656	0.000000	0.000000	0.000000	0.000000	0.005943	2.849288	1.933193	0.005629	0.004475	0.151367	0.069649	28.740461	0.197266	0.129402	0.031312	0.000000	262144.000000	12.476649	512.000000	512.000000	786432.000000	1.000000	0.000000	0.000000	0.000000	3.000000	2.411513	4.856903	5.106994	5.198431	5.328321	0.025443	0.127446	1.000000	1.000000	0.022960	0.044673	0.498176	0.753154	1.000000	37.000000	93.000000	214.000000	255.000000	0.000000	0.000000	0.015873	0.269841	0.000000	0.000000	0.000000	0.063492	12.476649	12.476649	12.476649	0.000000	0.000000	0.000000	0.000000	0.000000	0.297623	0.000000	0.000000	0.005629	0.000000	0.000000	5.284069	0.621569	14.000000
	size-dense-renders	Temperament-pie-chart-according-to-Eysenck__sz192.png	size-dense-renders__Temperament-pie-chart-according-to-Eysenck__sz192.png	small	192	192	192	5091.463379	0.224665	0.198296	0.010973	0.009909	0.348958	0.300347	83.155243	0.442992	1.060275	976.000000	0.029785	0.020300	0.019980	4.000000	0.109170	0.116040	15.000000	0.111002	3.588465	38.524307	19.065971	0.369792	0.000000	0.000000	0.000000	0.000000	0.416802	3.183006	2.151389	0.000000	0.000000	0.258681	0.243137	30.698835	0.350694	0.129878	0.029872	0.000000	36864.000000	10.514991	192.000000	192.000000	110592.000000	1.000000	0.000000	0.000000	0.000000	3.000000	4.330008	4.907450	5.216124	5.339732	5.666498	0.000000	1.000000	1.000000	1.000000	0.000000	0.179442	0.552454	0.944979	0.000000	28.000000	85.000000	183.000000	255.000000	0.000000	0.000000	0.142857	0.222222	0.000000	0.000000	0.015873	0.063492	10.514991	10.514991	10.514991	0.000000	0.000000	0.000000	0.000000	0.000000	0.000000	0.000000	0.000000	0.000000	0.000000	0.000000	5.305047	0.584358	10.000000
	cid22-train	7233401.png	cid22-train__7233401.png	medium	512	512	512	2312.494141	0.029377	0.055545	0.003524	0.004350	0.628662	0.229248	23.220356	0.038883	1.803960	1630.000000	0.049744	0.000530	0.000520	0.000000	0.005830	0.005910	3.000000	0.039276	3.674864	6.882812	2.833008	0.011719	0.000000	0.000000	0.000000	0.000000	0.173100	2.571651	1.127609	0.020408	0.014769	0.451172	0.245510	15.762289	0.001953	0.028506	0.005813	0.000000	262144.000000	12.476649	512.000000	512.000000	786432.000000	1.000000	0.000000	0.000000	0.000000	3.000000	2.621629	3.443495	4.152638	4.457896	4.922673	0.029068	0.152837	0.415064	0.944060	0.021251	0.046026	0.110587	0.231682	1.000000	4.000000	8.000000	37.000000	255.000000	0.000000	0.000000	0.015873	0.047619	0.000000	0.000000	0.000000	0.000000	12.476649	12.476649	12.476649	0.000000	0.000000	0.000000	0.974858	1.129830	1.204119	0.012506	0.017322	0.020408	0.000000	0.000000	90.939018	0.753738	11.000000
	size-dense-renders	Temperament-pie-chart-according-to-Eysenck__sz32.png	size-dense-renders__Temperament-pie-chart-according-to-Eysenck__sz32.png	tiny	32	32	32	3896.968994	0.528616	0.182239	0.039187	0.032129	0.000000	0.000000	77.922920	0.175871	0.619209	285.000000	0.278320	0.089440	0.087380	1.000000	0.257990	0.342250	6.000000	0.156504	4.029966	68.437500	45.375000	0.000000	0.000000	0.000000	0.000000	0.000000	0.326172	4.997096	0.311715	1.000000	0.396031	0.312500	0.287109	35.116940	0.000000	0.262897	0.075397	0.000000	1024.000000	6.931472	32.000000	32.000000	3072.000000	1.000000	0.000000	0.000000	0.000000	3.000000																											6.931472	6.931472	6.931472	0.000000	0.000000	0.000000										0.842768	9.000000
	cid22-train	3779187.png	cid22-train__3779187.png	medium	512	512	512	4786.391602	0.515516	0.086657	0.020261	0.016498	0.028564	0.006348	34.133423	2.191385	0.809716	4655.000000	0.142059	0.028940	0.021910	3.000000	0.126440	0.097580	20.000000	0.172260	4.694094	49.303711	13.418945	0.000000	0.000000	0.000000	0.000000	0.000000	0.222332	4.458145	0.775391	0.366615	0.047122	0.292969	0.333710	29.415445	0.000000	0.197467	0.028258	0.000000	262144.000000	12.476649	512.000000	512.000000	786432.000000	1.000000	0.000000	0.000000	0.000000	3.000000	4.655549	5.089096	5.235314	5.297511	5.400818	0.600599	1.000000	1.000000	1.000000	0.076562	0.240204	0.476878	0.623153	30.000000	67.000000	111.000000	202.000000	255.000000	0.047619	0.095238	0.190476	0.301587	0.000000	0.000000	0.015873	0.047619	12.476649	12.476649	12.476649	0.000000	1.000000	3.000000	1.568018	3.158193	3.560293	0.042736	0.227796	0.366615	0.000000	0.031746	2.485482	0.777007	13.000000
	cid22-train	3044702.png	cid22-train__3044702.png	medium	512	512	512	4216.219238	0.186144	0.105029	0.015209	0.006059	0.390625	0.067383	34.834518	0.566087	1.357268	2939.000000	0.089691	0.019390	0.019780	3.000000	0.019930	0.020700	3.000000	0.266859	4.499744	14.544922	6.585938	0.000000	0.000000	0.000000	0.000000	0.000000	0.294506	3.303999	1.088738	0.041596	0.011420	0.264648	0.094807	19.277456	0.000000	0.086945	0.015206	0.000000	262144.000000	12.476649	512.000000	512.000000	786432.000000	1.000000	0.000000	0.000000	0.000000	3.000000	3.448204	4.202270	4.648834	4.903233	5.145785	0.118474	0.367360	0.856297	1.000000	0.017077	0.026701	0.276419	0.487169	5.000000	20.000000	49.000000	134.000000	255.000000	0.000000	0.000000	0.047619	0.142857	0.000000	0.000000	0.000000	0.031746	12.476649	12.476649	12.476649	0.000000	0.000000	0.000000	1.273000	1.471429	1.626950	0.024004	0.033812	0.041596	0.000000	0.000000	13.321098	0.759187	12.000000
	cid22-train	262780.png	cid22-train__262780.png	medium	512	512	512	1223.023438	0.121982	0.214809	0.006522	0.005704	0.139648	0.000000	80.526657	0.444765	1.319170	1389.000000	0.042389	0.002470	0.003310	0.000000	0.013380	0.018300	4.000000	0.467924	3.896197	9.117188	2.703125	0.000000	0.000000	0.000000	0.000000	0.000000	0.000290	3.640475	0.500575	0.183075	0.037583	0.106445	0.382809	19.621616	0.000000	0.081520	0.004061	0.000000	262144.000000	12.476649	512.000000	512.000000	786432.000000	1.000000	0.000000	0.000000	0.000000	3.000000	3.674309	3.979978	4.290390	4.444435	4.736276	0.279033	0.423907	0.649864	0.903745	0.049476	0.071266	0.114486	0.182467	10.000000	20.000000	38.000000	118.000000	255.000000	0.015873	0.031746	0.063492	0.111111	0.000000	0.000000	0.000000	0.000000	12.476649	12.476649	12.476649	0.000000	0.000000	1.000000	2.475308	2.770852	2.971276	0.094533	0.141178	0.183075	0.000000	0.000000	27.544889	0.642991	11.000000
	size-dense-renders	1173777__sz40.png	size-dense-renders__1173777__sz40.png	tiny	40	40	40	251.512405	0.257725	0.077136	0.033202	0.022079	0.000000	0.000000	36.880886	0.039722	0.478251	227.000000	0.141875	0.045960	0.034500	0.000000	0.113120	0.084190	1.000000	0.401402	2.731861	10.720000	15.760000	0.000000	0.000000	0.000000	0.000000	1.000000	0.003125	3.918102	0.193114	0.426971	0.204235	0.000000	0.022500	7.763888	0.000000	0.113651	0.046349	0.000000	1600.000000	7.377759	40.000000	40.000000	4800.000000	1.000000	0.000000	0.000000	1.560000	3.000000														19.000000	34.000000	50.000000	88.000000	180.000000									7.377759	7.742402	8.317766	0.000000	1.000000	3.000000									4.561412	0.686920	8.000000
	kadid10k	I04.png	kadid10k__I04.png	medium	512	512	384	4142.426758	0.291437	0.137393	0.004011	0.002976	0.299805	0.015299	48.395752	1.383139	1.131449	2116.000000	0.064575	0.000810	0.000930	0.000000	0.002700	0.003310	1.000000	0.288252	4.547851	29.456055	2.799805	0.003906	0.000000	0.000000	0.000000	0.000000	0.056544	3.736639	1.140992	0.069468	0.019393	0.283203	0.396927	31.066660	0.000000	0.125729	0.005286	0.000000	196608.000000	12.188967	384.000000	512.000000	589824.000000	0.750000	0.287682	0.000000	0.000000	3.000000	3.868233	4.792607	5.091887	5.203844	5.393414	0.173932	0.604779	1.000000	1.000000	0.030360	0.051363	0.091852	0.199268	9.000000	38.000000	91.000000	216.000000	255.000000	0.000000	0.015873	0.079365	0.222222	0.000000	0.000000	0.000000	0.000000	12.188967	12.188967	12.188967	0.000000	0.000000	0.000000	1.513341	1.718993	1.957771	0.037277	0.052215	0.069468	0.000000	0.000000	6.012646	0.761201	12.000000
	size-dense-renders	1173777__sz48.png	size-dense-renders__1173777__sz48.png	tiny	48	48	48	283.085846	0.278859	0.080132	0.033390	0.022632	0.000000	0.000000	37.798660	0.052280	0.504872	277.000000	0.120226	0.044890	0.037580	1.000000	0.125270	0.093900	2.000000	0.384817	2.889501	12.444445	17.777779	0.000000	0.000000	0.000000	0.000000	0.000000	0.002604	3.964603	0.200965	0.444619	0.232864	0.000000	0.023872	8.350838	0.000000	0.126543	0.045855	0.000000	2304.000000	7.742402	48.000000	48.000000	6912.000000	1.000000	0.000000	0.000000	0.777778	3.000000														19.000000	35.000000	54.000000	94.000000	138.000000									7.742402	7.742402	8.317766	0.000000	2.000000	3.000000									2.625753	0.699519	9.000000
	size-dense-renders	1173777__sz64.png	size-dense-renders__1173777__sz64.png	small	64	64	64	335.750336	0.312421	0.084572	0.032954	0.022639	0.000000	0.000000	39.156738	0.078137	0.523334	374.000000	0.091309	0.042990	0.038230	0.000000	0.131330	0.090690	2.000000	0.435529	2.912450	12.875000	17.500000	0.000000	0.000000	0.000000	0.000000	0.000000	0.002197	3.997232	0.236900	0.434293	0.199494	0.015625	0.025879	9.480268	0.000000	0.132192	0.046379	0.000000	4096.000000	8.317766	64.000000	64.000000	12288.000000	1.000000	0.000000	0.000000	0.000000	3.000000														20.000000	36.000000	57.000000	99.000000	255.000000									8.317766	8.317766	8.317766	0.000000	1.000000	3.000000									6.716635	0.683285	9.000000
	size-dense-renders	1173777__sz80.png	size-dense-renders__1173777__sz80.png	small	80	80	80	380.057312	0.306521	0.087938	0.032846	0.022902	0.000000	0.000000	40.195694	0.100038	0.606822	482.000000	0.075313	0.043710	0.037910	1.000000	0.128500	0.086070	2.000000	0.416238	2.979860	13.760000	16.830000	0.000000	0.000000	0.000000	0.000000	0.000000	0.004219	4.019872	0.278903	0.452216	0.155923	0.030000	0.029063	10.705852	0.000000	0.134127	0.048730	0.000000	6400.000000	8.764053	80.000000	80.000000	19200.000000	1.000000	0.000000	0.000000	0.440000	3.000000	4.081995	4.229240	4.383333	4.420672	4.581921	0.550515	0.718014	0.846681	1.000000	0.260142	0.336244	0.447762	0.589242	19.000000	36.000000	58.000000	105.000000	255.000000	0.063492	0.095238	0.126984	0.174603	0.015873	0.031746	0.047619	0.063492	8.764053	8.764053	9.128696	0.000000	1.000000	3.000000	3.241698	3.562226	3.660686	0.298492	0.405700	0.452216	0.015873	0.047619	7.016325	0.700081	9.000000
	kadid10k	I40.png	kadid10k__I40.png	medium	512	512	384	2767.839355	0.662286	0.126812	0.024504	0.009526	0.000000	0.000000	48.033669	2.808795	0.745424	5303.000000	0.161835	0.016100	0.014180	1.000000	0.013240	0.011130	1.000000	0.307412	4.420943	54.447266	16.621094	0.000000	0.000000	0.000000	0.000000	0.000000	0.047236	4.660325	0.390186	0.697514	0.139361	0.073242	0.111593	26.500633	0.000000	0.249147	0.035420	0.000000	196608.000000	12.188967	384.000000	512.000000	589824.000000	0.750000	0.287682	0.000000	0.000000	3.000000	4.724837	4.945498	5.104226	5.213011	5.343881	1.000000	1.000000	1.000000	1.000000	0.228132	0.346262	0.484054	0.634197	42.000000	82.000000	132.000000	243.000000	255.000000	0.126984	0.190476	0.253968	0.317460	0.000000	0.015873	0.031746	0.047619	12.188967	12.188967	12.188967	0.000000	3.000000	7.000000	3.566185	3.966983	4.095010	0.392885	0.578981	0.697514	0.047619	0.095238	1.955845	0.709689	13.000000
	kadid10k	I59.png	kadid10k__I59.png	medium	512	512	384	3672.157227	0.354902	0.124068	0.007641	0.003684	0.159180	0.026367	44.392086	0.545160	0.922736	2715.000000	0.082855	0.000810	0.000950	0.000000	0.001910	0.002050	0.000000	0.117304	4.559412	29.600586	6.713867	0.024414	0.000000	0.000000	0.000000	0.000000	0.101746	4.040456	1.036633	0.172050	0.055162	0.516602	0.226710	14.826095	0.043945	0.131355	0.015036	0.000000	196608.000000	12.188967	384.000000	512.000000	589824.000000	0.750000	0.287682	0.000000	0.000000	3.000000	4.313719	4.739357	4.994998	5.081668	5.221255	0.512586	0.998595	1.000000	1.000000	0.089121	0.144197	0.234686	0.340729	12.000000	33.000000	58.000000	117.000000	255.000000	0.015873	0.047619	0.142857	0.190476	0.000000	0.000000	0.015873	0.031746	12.188967	12.188967	12.188967	0.000000	0.000000	0.000000	0.000000	2.033423	2.686175	0.000000	0.079528	0.172050	0.000000	0.000000	5.545708	0.824637	12.000000
	size-dense-renders	1173777__sz256.png	size-dense-renders__1173777__sz256.png	medium	256	256	256	654.980957	0.287474	0.104579	0.031696	0.024250	0.037109	0.000000	45.416363	0.403044	1.061087	1461.000000	0.044586	0.044260	0.041490	2.000000	0.158810	0.134850	7.000000	0.315643	3.229950	18.085938	17.794922	0.000000	0.000000	0.000000	0.000000	0.000000	0.007370	4.056968	0.472832	0.341156	0.142684	0.077148	0.041916	18.783751	0.000000	0.136269	0.044302	0.000000	65536.000000	11.090355	256.000000	256.000000	196608.000000	1.000000	0.000000	0.000000	0.000000	3.000000	4.104235	4.347813	4.627663	4.766076	5.041069	0.539973	0.774855	1.000000	1.000000	0.213362	0.343900	0.488943	0.625674	15.000000	34.000000	60.000000	147.000000	255.000000	0.047619	0.079365	0.142857	0.174603	0.015873	0.031746	0.047619	0.063492	11.090355	11.090355	11.090355	0.000000	0.000000	2.000000	2.722993	3.173728	3.473742	0.144529	0.253534	0.341156	0.000000	0.015873	11.218110	0.737792	11.000000
	size-dense-renders	1173777__sz96.png	size-dense-renders__1173777__sz96.png	small	96	96	96	418.915955	0.308366	0.090603	0.032474	0.022945	0.006944	0.000000	41.019409	0.127126	0.616701	575.000000	0.062391	0.042230	0.041370	1.000000	0.128220	0.094990	3.000000	0.379345	3.016681	14.798611	16.618055	0.000000	0.000000	0.000000	0.000000	0.000000	0.004883	4.026583	0.320739	0.412085	0.158771	0.013889	0.030165	11.972701	0.000000	0.130732	0.042438	0.000000	9216.000000	9.128696	96.000000	96.000000	27648.000000	1.000000	0.000000	0.000000	0.000000	3.000000	4.060696	4.245400	4.461932	4.515253	4.608616	0.557914	0.711284	0.933818	1.000000	0.250205	0.334982	0.462751	0.618125	19.000000	36.000000	57.000000	113.000000	255.000000	0.063492	0.095238	0.126984	0.158730	0.015873	0.015873	0.047619	0.063492	9.128696	9.128696	9.128696	0.000000	1.000000	3.000000	3.177171	3.457995	3.563807	0.243580	0.354016	0.412085	0.015873	0.047619	8.442163	0.720577	10.000000
	size-dense-renders	459728__sz320.png	size-dense-renders__459728__sz320.png	medium	320	320	320	3634.092285	0.142913	0.173533	0.015020	0.010255	0.183125	0.000000	64.814751	0.206586	1.127409	2787.000000	0.085052	0.013450	0.009300	2.000000	0.033760	0.037010	6.000000	0.075483	4.320172	21.181875	16.270624	0.002500	0.000000	0.000000	0.000000	0.000000	0.033135	3.780137	0.779730	0.196048	0.070168	0.623125	0.433379	22.775829	0.002500	0.082361	0.026895	0.000000	102400.000000	11.536642	320.000000	320.000000	307200.000000	1.000000	0.000000	0.000000	0.000000	3.000000	3.746863	4.367228	4.803700	5.057912	5.318819	0.316903	0.560203	1.000000	1.000000	0.125287	0.217906	0.404603	0.692744	5.000000	15.000000	36.000000	106.000000	255.000000	0.015873	0.031746	0.063492	0.111111	0.000000	0.015873	0.015873	0.031746	11.536642	11.536642	11.536642	0.000000	0.000000	0.000000	1.832509	2.495198	2.825061	0.053385	0.133980	0.196048	0.000000	0.000000	14.846026	0.886420	12.000000
	size-dense-renders	1173777__sz32.png	size-dense-renders__1173777__sz32.png	tiny	32	32	32	218.428436	0.227888	0.073512	0.032761	0.021692	0.000000	0.000000	35.775787	0.026622	0.521167	179.000000	0.174805	0.044010	0.036020	0.000000	0.111810	0.090510	1.000000	0.407425	2.626899	10.875000	16.687500	0.000000	0.000000	0.000000	0.000000	1.000000	0.000000	3.886416	0.163792	0.421765	0.249714	0.000000	0.016602	6.545089	0.000000	0.106151	0.044643	0.000000	1024.000000	6.931472	32.000000	32.000000	3072.000000	1.000000	0.000000	0.000000	0.000000	3.000000																											6.931472	6.931472	6.931472	0.000000	0.000000	0.000000										0.702430	8.000000
	kadid10k	I24.png	kadid10k__I24.png	medium	512	512	384	2926.550049	0.125950	0.288476	0.016034	0.005675	0.278646	0.112305	102.119858	0.268825	1.397322	4790.000000	0.146179	0.004760	0.002260	1.000000	0.003960	0.003100	0.000000	0.116553	4.393727	17.442383	17.992188	0.000000	0.000000	0.000000	0.000000	0.000000	0.001175	3.427413	1.185437	0.033183	0.020364	0.547852	0.035975	18.172825	0.004883	0.077303	0.029157	0.000000	196608.000000	12.188967	384.000000	512.000000	589824.000000	0.750000	0.287682	0.000000	0.000000	3.000000	3.862593	4.268458	4.645994	4.804727	5.158326	0.123414	0.646201	1.000000	1.000000	0.084961	0.291794	0.545638	0.813316	4.000000	11.000000	29.000000	108.000000	255.000000	0.000000	0.000000	0.063492	0.111111	0.000000	0.000000	0.031746	0.047619	12.188967	12.188967	12.188967	0.000000	0.000000	0.000000	1.055355	1.303398	1.456508	0.017065	0.027230	0.033183	0.000000	0.000000	26.934742	0.837797	13.000000
	size-dense-renders	22ea12c903e41583b7c469cb86040157__sz1024.png	size-dense-renders__22ea12c903e41583b7c469cb86040157__sz1024.png	medium	1024	819	1024	1615.517456	0.059327	0.248297	0.003527	0.004804	0.754749	0.287148	107.013680	0.207098	1.644400	2467.000000	0.075287	0.001950	0.002670	0.000000	0.025150	0.038560	13.000000	0.099866	3.699325	6.537684	7.688419	0.000000	0.000000	0.000000	0.000000	0.000000	0.013510	2.273761	1.215831	0.017555	0.009775	0.198529	0.047445	17.740946	0.000000	0.025633	0.007718	0.000000	838656.000000	13.639556	819.000000	1024.000000	2515968.000000	0.799805	0.223388	0.006105	0.015873	3.000000	1.913814	2.979712	4.234485	4.571205	5.048505	0.023785	0.060740	0.228958	0.978065	0.023912	0.038415	0.088060	0.433026	1.000000	3.000000	14.000000	71.000000	246.000000	0.000000	0.000000	0.000000	0.015873	0.000000	0.000000	0.000000	0.000000	13.645642	13.655304	13.655304	0.000000	0.000000	0.000000	0.586517	0.951216	1.113943	0.007800	0.012971	0.017555	0.000000	0.000000	28.842829	0.646112	12.000000
	kadid10k	I32.png	kadid10k__I32.png	medium	512	512	384	907.843079	0.100162	0.086528	0.001898	0.001281	0.477214	0.359375	40.737240	0.197474	1.363126	661.000000	0.020172	0.000220	0.000450	0.000000	0.000790	0.001320	0.000000	0.199855	2.991141	8.797852	1.315430	0.200195	0.000000	0.000000	0.000000	0.000000	0.000046	2.480985	1.668511	0.000000	0.000000	0.126953	0.673304	14.367236	0.264648	0.047712	0.002232	0.000000	196608.000000	12.188967	384.000000	512.000000	589824.000000	0.750000	0.287682	0.000000	0.000000	3.000000	3.143015	3.922453	4.343003	4.532764	4.837221	0.017443	0.228660	0.647390	1.000000	0.013896	0.033792	0.064320	0.116794	3.000000	15.000000	31.000000	84.000000	255.000000	0.000000	0.000000	0.015873	0.079365	0.000000	0.000000	0.000000	0.000000	12.188967	12.188967	12.188967	0.000000	0.000000	0.000000	0.000000	0.000000	0.000000	0.000000	0.000000	0.000000	0.000000	0.000000	14.127830	0.544696	10.000000
	size-dense-renders	1624307__sz128.png	size-dense-renders__1624307__sz128.png	small	128	128	128	2597.092529	0.344225	0.135048	0.024166	0.017167	0.003906	0.000000	44.944233	0.213947	0.842226	2022.000000	0.123413	0.031280	0.042980	4.000000	0.096170	0.106690	6.000000	0.154327	4.316826	30.433594	21.019531	0.000000	0.000000	0.000000	0.000000	0.000000	0.030762	4.272128	0.527446	0.375119	0.158247	0.269531	0.423767	18.442814	0.011719	0.149802	0.042101	0.000000	16384.000000	9.704061	128.000000	128.000000	49152.000000	1.000000	0.000000	0.000000	0.000000	3.000000	4.311266	4.627517	5.005228	5.077101	5.262627	0.624732	0.973573	1.000000	1.000000	0.241016	0.385729	0.552553	0.741276	18.000000	39.000000	68.000000	133.000000	255.000000	0.047619	0.095238	0.142857	0.206349	0.015873	0.015873	0.031746	0.063492	9.704061	9.704061	9.704061	0.000000	1.000000	2.000000	3.134212	3.326899	3.534026	0.224578	0.316602	0.375119	0.015873	0.031746	5.078247	0.790772	11.000000
	cid22-train	167491.png	cid22-train__167491.png	medium	512	512	512	2552.802002	0.152297	0.176822	0.016008	0.013016	0.210449	0.001465	72.993301	0.368823	1.224120	4146.000000	0.126526	0.015960	0.015170	5.000000	0.085560	0.071900	18.000000	0.132498	4.276186	18.704102	15.902344	0.000000	0.000000	0.000000	0.000000	0.000000	0.023563	3.765486	0.792743	0.150296	0.046183	0.490234	0.409660	20.774660	0.009766	0.093952	0.030878	0.000000	262144.000000	12.476649	512.000000	512.000000	786432.000000	1.000000	0.000000	0.000000	0.000000	3.000000	3.883206	4.342079	4.703054	4.906062	5.147887	0.335645	0.659920	1.000000	1.000000	0.100335	0.211235	0.384599	0.639748	6.000000	15.000000	36.000000	114.000000	255.000000	0.015873	0.031746	0.079365	0.142857	0.000000	0.000000	0.031746	0.047619	12.476649	12.476649	12.476649	0.000000	0.000000	1.000000	1.691164	2.177130	2.642897	0.038278	0.080786	0.150296	0.000000	0.000000	21.806215	0.853845	13.000000
	cid22-train	2471234.png	cid22-train__2471234.png	medium	512	512	512	833.621765	0.000712	0.357420	0.004736	0.008580	0.891846	0.019287	186.210266	0.008063	1.698700	1059.000000	0.032318	0.000910	0.000880	0.000000	0.021210	0.023580	15.000000	0.085833	3.587226	1.675781	11.284180	0.009766	0.000000	0.000000	0.000000	0.000000	0.000000	2.319388	0.588606	0.037253	0.034010	0.414062	0.000000	4.766574	0.020508	0.011114	0.017082	0.000000	262144.000000	12.476649	512.000000	512.000000	786432.000000	1.000000	0.000000	0.000000	0.000000	3.000000	2.307195	2.735487	3.083273	3.309760	3.722696	0.058376	0.098338	0.182893	0.275721	0.060923	0.134263	0.283630	0.580323	1.000000	3.000000	5.000000	13.000000	82.000000	0.000000	0.000000	0.000000	0.015873	0.000000	0.000000	0.015873	0.031746	12.476649	12.476649	12.476649	0.000000	0.000000	0.000000	1.273003	1.418871	1.561549	0.022722	0.029307	0.037253	0.000000	0.000000	36.932468	0.801474	11.000000
	size-dense-renders	22ea12c903e41583b7c469cb86040157__sz128.png	size-dense-renders__22ea12c903e41583b7c469cb86040157__sz128.png	small	128	102	128	1433.821533	0.131286	0.242108	0.008907	0.011850	0.541667	0.031250	104.798584	0.069401	1.064757	867.000000	0.066406	0.018090	0.016570	1.000000	0.191810	0.213750	20.000000	0.080052	3.568418	17.421875	32.520832	0.000000	0.000000	0.000000	0.000000	0.000000	0.009727	3.133861	1.244920	0.040383	0.023819	0.500000	0.051624	23.900890	0.000000	0.057953	0.034722	0.000000	13056.000000	9.477003	102.000000	128.000000	39168.000000	0.796875	0.227057	0.019608	0.254902	3.000000	2.753475	4.357973	4.781773	5.149567	5.325365	0.080881	0.172768	1.000000	1.000000	0.057741	0.178924	1.000000	1.000000	2.000000	12.000000	38.000000	98.000000	228.000000	0.000000	0.000000	0.015873	0.095238	0.000000	0.000000	0.015873	0.047619	9.496421	9.570529	9.704061	0.000000	0.000000	0.000000	0.993850	1.301030	1.657414	0.017438	0.029948	0.040383	0.000000	0.000000	12.113443	0.824167	10.000000
	size-dense-renders	1624307__sz160.png	size-dense-renders__1624307__sz160.png	small	160	160	160	2666.574463	0.332582	0.136955	0.022779	0.016055	0.032500	0.000000	45.547943	0.246850	0.869169	2351.000000	0.091836	0.028650	0.035540	4.000000	0.086600	0.093560	7.000000	0.186541	4.352802	25.772499	19.004999	0.000000	0.000000	0.000000	0.000000	0.000000	0.031133	4.192849	0.536598	0.375980	0.139567	0.237500	0.421758	18.164709	0.007500	0.147579	0.038968	0.000000	25600.000000	10.150348	160.000000	160.000000	76800.000000	1.000000	0.000000	0.000000	0.000000	3.000000	4.280675	4.565833	4.845469	5.007341	5.173852	0.589780	0.961142	1.000000	1.000000	0.212592	0.334147	0.531176	0.700437	16.000000	37.000000	65.000000	130.000000	255.000000	0.031746	0.095238	0.142857	0.206349	0.015873	0.015873	0.031746	0.047619	10.150348	10.150348	10.150348	0.000000	0.000000	1.000000	2.920572	3.172019	3.452093	0.201130	0.280801	0.375980	0.015873	0.031746	6.099487	0.797105	12.000000
	cid22-train	1277396.png	cid22-train__1277396.png	medium	512	512	512	2345.953125	0.077263	0.114242	0.004322	0.002957	0.502686	0.042480	46.233105	0.222605	1.571995	2161.000000	0.065948	0.001970	0.002640	1.000000	0.004550	0.004610	2.000000	0.147756	3.865650	10.095703	2.652344	0.000000	0.000000	0.000000	0.000000	0.000000	0.052654	3.020066	1.011288	0.048172	0.013196	0.535156	0.053730	23.761358	0.002930	0.054517	0.005131	0.000000	262144.000000	12.476649	512.000000	512.000000	786432.000000	1.000000	0.000000	0.000000	0.000000	3.000000	3.072520	3.748478	4.337975	4.707382	5.210299	0.087135	0.270712	0.562172	1.000000	0.024450	0.038250	0.076502	0.207262	2.000000	6.000000	21.000000	98.000000	255.000000	0.000000	0.000000	0.031746	0.079365	0.000000	0.000000	0.000000	0.000000	12.476649	12.476649	12.476649	0.000000	0.000000	0.000000	1.255272	1.497449	1.676550	0.023334	0.036928	0.048172	0.000000	0.000000	34.548923	0.862234	12.000000
	size-dense-renders	Temperament-pie-chart-according-to-Eysenck__sz320.png	size-dense-renders__Temperament-pie-chart-according-to-Eysenck__sz320.png	medium	320	320	320	5354.364258	0.177779	0.200855	0.009453	0.009412	0.502500	0.456875	84.034096	0.921528	1.132107	1454.000000	0.044373	0.020600	0.017160	4.000000	0.152580	0.122310	27.000000	0.196648	3.595324	34.003124	14.373750	0.506875	0.000000	0.000000	0.000000	0.000000	0.423818	2.478076	2.308882	0.000000	0.000000	0.160625	0.231035	35.616447	0.497500	0.117143	0.022867	0.000000	102400.000000	11.536642	320.000000	320.000000	307200.000000	1.000000	0.000000	0.000000	0.000000	3.000000	3.003030	4.898950	5.183307	5.309279	5.537418	0.000000	0.191259	1.000000	1.000000	0.000000	0.010056	0.425252	0.862015	0.000000	8.000000	83.000000	234.000000	255.000000	0.000000	0.000000	0.000000	0.222222	0.000000	0.000000	0.000000	0.047619	11.536642	11.536642	11.536642	0.000000	0.000000	0.000000	0.000000	0.000000	0.000000	0.000000	0.000000	0.000000	0.000000	0.000000	8.157140	0.436609	11.000000
	size-dense-renders	Temperament-pie-chart-according-to-Eysenck__sz40.png	size-dense-renders__Temperament-pie-chart-according-to-Eysenck__sz40.png	tiny	40	40	40	4104.071289	0.481920	0.185664	0.033509	0.027232	0.000000	0.000000	79.014061	0.178066	0.483139	336.000000	0.210000	0.065500	0.066020	2.000000	0.208510	0.317650	6.000000	0.091881	3.986760	76.239998	48.599998	0.000000	0.000000	0.000000	0.000000	0.000000	0.354375	4.999154	0.350445	1.000000	0.276320	0.720000	0.265625	34.102261	0.000000	0.232381	0.085714	0.000000	1600.000000	7.377759	40.000000	40.000000	4800.000000	1.000000	0.000000	0.000000	1.560000	3.000000														33.000000	69.000000	112.000000	193.000000	255.000000									7.377759	7.742402	8.317766	0.000000	0.000000	0.000000									1.891438	0.906850	9.000000
	cid22-train	551991.png	cid22-train__551991.png	medium	512	512	512	3784.931885	0.071369	0.197644	0.015107	0.005439	0.278564	0.080078	87.082527	0.101311	1.416260	2888.000000	0.088135	0.012450	0.022550	2.000000	0.010280	0.019600	2.000000	0.058821	4.566861	14.197266	14.369141	0.012695	0.000000	0.000000	0.000000	0.000000	0.010529	3.398045	0.958340	0.060348	0.025014	0.666016	0.507244	11.770776	0.084961	0.054641	0.023577	0.000000	262144.000000	12.476649	512.000000	512.000000	786432.000000	1.000000	0.000000	0.000000	0.000000	3.000000	3.591258	4.067571	4.437846	4.654614	5.012475	0.234914	0.481856	0.832609	1.000000	0.100656	0.243309	0.424897	0.665053	2.000000	7.000000	19.000000	59.000000	217.000000	0.000000	0.015873	0.047619	0.079365	0.000000	0.000000	0.015873	0.031746	12.476649	12.476649	12.476649	0.000000	0.000000	0.000000	0.902241	1.228850	1.859965	0.012319	0.025750	0.060348	0.000000	0.000000	23.454838	0.885290	12.000000
	size-dense-renders	Temperament-pie-chart-according-to-Eysenck__sz48.png	size-dense-renders__Temperament-pie-chart-according-to-Eysenck__sz48.png	tiny	48	48	48	4247.947754	0.446809	0.187835	0.029049	0.023646	0.055556	0.000000	79.705048	0.181449	0.559434	385.000000	0.167101	0.051230	0.057640	1.000000	0.175430	0.301480	5.000000	0.125963	3.947007	59.277779	32.916668	0.000000	0.000000	0.000000	0.000000	0.000000	0.373264	4.648206	0.732866	0.576893	0.072052	0.388889	0.259115	33.441402	0.055556	0.215608	0.067019	0.000000	2304.000000	7.742402	48.000000	48.000000	6912.000000	1.000000	0.000000	0.000000	0.777778	3.000000														28.000000	63.000000	104.000000	177.000000	255.000000									7.742402	7.742402	8.317766	0.000000	0.000000	0.000000									2.143118	0.808445	9.000000
	size-dense-renders	Temperament-pie-chart-according-to-Eysenck__sz64.png	size-dense-renders__Temperament-pie-chart-according-to-Eysenck__sz64.png	small	64	64	64	4473.187988	0.415974	0.190911	0.022891	0.018671	0.046875	0.046875	80.712173	0.225024	0.794254	482.000000	0.117676	0.037490	0.048650	1.000000	0.139910	0.309560	8.000000	0.117278	3.882231	64.187500	34.078125	0.046875	0.000000	0.000000	0.000000	0.000000	0.385498	4.544639	1.111694	0.671091	0.046755	0.437500	0.259277	31.293110	0.109375	0.207093	0.056052	0.000000	4096.000000	8.317766	64.000000	64.000000	12288.000000	1.000000	0.000000	0.000000	0.000000	3.000000														22.000000	65.000000	104.000000	162.000000	255.000000									8.317766	8.317766	8.317766	0.000000	0.000000	0.000000									1.517777	0.773934	9.000000
	size-dense-renders	Temperament-pie-chart-according-to-Eysenck__sz80.png	size-dense-renders__Temperament-pie-chart-according-to-Eysenck__sz80.png	small	80	80	80	4631.358887	0.361320	0.192876	0.019026	0.015672	0.110000	0.100000	81.353058	0.262549	0.800545	543.000000	0.084844	0.030530	0.040200	1.000000	0.116680	0.269210	9.000000	0.135021	3.772519	53.230000	29.370001	0.100000	0.000000	0.000000	0.000000	0.000000	0.395000	4.235349	1.506800	0.117330	0.000000	0.380000	0.255469	31.020290	0.130000	0.180952	0.049524	0.000000	6400.000000	8.764053	80.000000	80.000000	19200.000000	1.000000	0.000000	0.000000	0.440000	3.000000	4.672065	5.170569	5.353602	5.378238	5.642117	0.831235	1.000000	1.000000	1.000000	0.163792	0.458524	0.875823	1.000000	16.000000	60.000000	102.000000	182.000000	255.000000	0.000000	0.142857	0.206349	0.238095	0.000000	0.000000	0.047619	0.079365	8.764053	8.764053	9.128696	0.000000	0.000000	0.000000	0.000000	0.000000	2.495522	0.000000	0.000000	0.117330	0.000000	0.000000	2.059179	0.717761	10.000000
	cid22-train	3DPieChart.png	cid22-train__3DPieChart.png	medium	512	512	512	2908.041016	0.077753	0.203648	0.003462	0.002045	0.641846	0.575195	76.758789	1.008101	1.062130	950.000000	0.028992	0.008360	0.006190	6.000000	0.018210	0.017820	16.000000	0.114899	3.126364	25.669922	6.119141	0.641602	0.000000	0.000000	0.000000	0.000000	0.654362	1.982494	2.251142	0.000000	0.000000	0.277344	0.058262	66.574600	0.714844	0.055726	0.009998	0.000000	262144.000000	12.476649	512.000000	512.000000	786432.000000	1.000000	0.000000	0.000000	0.000000	3.000000	0.297623	4.005443	5.380871	5.601311	5.737250	0.000000	0.005629	0.807414	1.000000	0.000000	0.000000	0.000000	0.495901	0.000000	1.000000	20.000000	194.000000	255.000000	0.000000	0.000000	0.000000	0.079365	0.000000	0.000000	0.000000	0.000000	12.476649	12.476649	12.476649	0.000000	0.000000	0.000000	0.000000	0.000000	0.000000	0.000000	0.000000	0.000000	0.000000	0.000000	18.295292	0.412864	10.000000
	size-dense-renders	Temperament-pie-chart-according-to-Eysenck__sz96.png	size-dense-renders__Temperament-pie-chart-according-to-Eysenck__sz96.png	small	96	96	96	4743.435059	0.332521	0.194230	0.016454	0.013687	0.145833	0.118056	81.804939	0.283696	0.860669	626.000000	0.067925	0.025290	0.034050	1.000000	0.102900	0.222470	10.000000	0.120348	3.777808	50.006943	27.944445	0.111111	0.000000	0.000000	0.000000	0.000000	0.403103	4.068590	1.626219	0.000000	0.000000	0.375000	0.256727	29.934349	0.152778	0.158840	0.040013	0.000000	9216.000000	9.128696	96.000000	96.000000	27648.000000	1.000000	0.000000	0.000000	0.000000	3.000000	4.613030	5.102090	5.355834	5.370312	5.671033	0.711173	1.000000	1.000000	1.000000	0.076775	0.377502	0.840748	1.000000	8.000000	54.000000	98.000000	173.000000	255.000000	0.000000	0.095238	0.174603	0.222222	0.000000	0.000000	0.031746	0.063492	9.128696	9.128696	9.128696	0.000000	0.000000	0.000000	0.000000	0.000000	0.000000	0.000000	0.000000	0.000000	0.000000	0.000000	2.474331	0.701522	10.000000
	size-dense-renders	1624307__sz192.png	size-dense-renders__1624307__sz192.png	small	192	192	192	2720.504395	0.313835	0.138406	0.021671	0.015256	0.059028	0.000000	46.003204	0.286362	0.885993	2656.000000	0.081055	0.026930	0.036450	6.000000	0.079540	0.092410	5.000000	0.163837	4.373415	27.206596	19.046875	0.000000	0.000000	0.000000	0.000000	0.000000	0.030382	4.172326	0.604310	0.302976	0.122107	0.288194	0.419000	18.405842	0.005208	0.140735	0.038194	0.000000	36864.000000	10.514991	192.000000	192.000000	110592.000000	1.000000	0.000000	0.000000	0.000000	3.000000	4.297697	4.600425	4.853583	5.045547	5.204010	0.541487	0.993186	1.000000	1.000000	0.214191	0.321635	0.525977	0.723762	15.000000	36.000000	64.000000	128.000000	255.000000	0.031746	0.079365	0.142857	0.190476	0.000000	0.015873	0.031746	0.047619	10.514991	10.514991	10.514991	0.000000	0.000000	1.000000	2.669185	3.002861	3.249256	0.158972	0.222773	0.302976	0.000000	0.015873	5.907578	0.811200	12.000000
	size-dense-renders	1624307__sz32.png	size-dense-renders__1624307__sz32.png	tiny	32	32	32	2099.373535	0.427680	0.119102	0.032238	0.023802	0.000000	0.000000	39.832676	0.062734	0.615795	562.000000	0.548828	0.040750	0.052790	0.000000	0.152530	0.161040	2.000000	0.097014	4.116538	47.250000	30.312500	0.000000	0.000000	0.000000	0.000000	0.000000	0.021484	4.624449	0.363720	0.878512	0.412098	0.500000	0.436523	19.732346	0.000000	0.185516	0.050595	0.000000	1024.000000	6.931472	32.000000	32.000000	3072.000000	1.000000	0.000000	0.000000	0.000000	3.000000																											6.931472	6.931472	6.931472	0.000000	0.000000	0.000000										0.856359	10.000000
	cid22-train	208560.png	cid22-train__208560.png	medium	512	512	512	3752.696777	0.348930	0.186139	0.020853	0.020336	0.093750	0.014648	80.778145	1.233139	1.199827	4811.000000	0.146820	0.024370	0.019630	2.000000	0.165500	0.133010	21.000000	0.228663	4.469098	23.142578	14.904297	0.006836	0.000000	0.000000	0.000000	0.000000	0.021935	3.933736	0.860224	0.204508	0.064145	0.148438	0.046017	24.092224	0.005859	0.117110	0.026584	0.000000	262144.000000	12.476649	512.000000	512.000000	786432.000000	1.000000	0.000000	0.000000	0.000000	3.000000	3.975176	4.409586	4.927383	5.118814	5.457483	0.361813	0.604533	1.000000	1.000000	0.118920	0.216887	0.403650	0.721644	21.000000	45.000000	78.000000	167.000000	255.000000	0.015873	0.047619	0.095238	0.174603	0.000000	0.000000	0.015873	0.047619	12.476649	12.476649	12.476649	0.000000	0.000000	1.000000	1.004724	2.095552	3.151518	0.016729	0.078877	0.204508	0.000000	0.000000	6.388604	0.644198	13.000000
	kadid10k	I08.png	kadid10k__I08.png	medium	512	512	384	1852.242798	0.053829	0.200904	0.007004	0.004393	0.688151	0.094727	74.376953	0.112387	1.571688	6377.000000	0.194611	0.002080	0.002210	0.000000	0.005840	0.005880	2.000000	0.094888	4.007866	8.274414	7.881836	0.011719	0.000000	0.000000	0.000000	0.000000	0.000626	2.696328	1.059128	0.041124	0.027368	0.618164	0.031545	21.731348	0.159180	0.038628	0.014168	0.000000	196608.000000	12.188967	384.000000	512.000000	589824.000000	0.750000	0.287682	0.000000	0.000000	3.000000	2.424244	3.448298	4.336652	4.715140	5.163045	0.065306	0.129612	0.384949	1.000000	0.039038	0.067176	0.145153	0.486258	1.000000	3.000000	16.000000	76.000000	255.000000	0.000000	0.000000	0.015873	0.031746	0.000000	0.000000	0.000000	0.015873	12.188967	12.188967	12.188967	0.000000	0.000000	0.000000	1.076910	1.341189	1.515209	0.021951	0.031504	0.041124	0.000000	0.000000	37.025230	0.887499	13.000000
	size-dense-renders	1624307__sz80.png	size-dense-renders__1624307__sz80.png	small	80	80	80	2439.377930	0.392565	0.130417	0.027263	0.019632	0.000000	0.000000	43.481693	0.143376	0.798775	1423.000000	0.222344	0.032900	0.045030	1.000000	0.122420	0.125410	6.000000	0.191404	4.261033	28.219999	25.090000	0.000000	0.000000	0.000000	0.000000	0.000000	0.030156	4.291224	0.428415	0.530215	0.198781	0.190000	0.423125	17.700241	0.000000	0.162381	0.044921	0.000000	6400.000000	8.764053	80.000000	80.000000	19200.000000	1.000000	0.000000	0.000000	0.440000	3.000000	4.287151	4.668841	4.838861	4.912769	5.204134	0.687372	0.975738	1.000000	1.000000	0.328933	0.454152	0.599961	0.754011	20.000000	43.000000	70.000000	132.000000	255.000000	0.079365	0.111111	0.158730	0.222222	0.015873	0.031746	0.047619	0.063492	8.764053	8.764053	9.128696	0.000000	1.000000	2.000000	3.321482	3.559261	3.798408	0.314210	0.410957	0.530215	0.031746	0.047619	4.525836	0.784181	11.000000
	kadid10k	I63.png	kadid10k__I63.png	medium	512	512	384	2993.765137	0.362102	0.090947	0.008320	0.004911	0.046875	0.000000	36.467506	1.173651	1.004538	4036.000000	0.123169	0.002570	0.003090	0.000000	0.005420	0.006620	1.000000	0.229957	4.448384	30.527344	7.318359	0.000000	0.000000	0.000000	0.000000	0.000000	0.020869	4.229195	0.625361	0.312913	0.042305	0.224609	0.413874	25.015562	0.000000	0.142237	0.015361	0.000000	196608.000000	12.188967	384.000000	512.000000	589824.000000	0.750000	0.287682	0.000000	0.000000	3.000000	4.319663	4.671550	4.992696	5.154675	5.343729	0.546352	0.979557	1.000000	1.000000	0.071256	0.124998	0.229082	0.364690	20.000000	44.000000	83.000000	180.000000	255.000000	0.031746	0.063492	0.126984	0.206349	0.000000	0.000000	0.015873	0.031746	12.188967	12.188967	12.188967	0.000000	1.000000	2.000000	2.596993	3.087049	3.354682	0.108773	0.225146	0.312913	0.000000	0.015873	6.029020	0.741151	12.000000
	kadid10k	I48.png	kadid10k__I48.png	medium	512	512	384	3741.709717	0.116283	0.083407	0.004730	0.003015	0.603841	0.055664	43.985023	0.423910	1.471468	2151.000000	0.065643	0.001880	0.002060	1.000000	0.002600	0.002690	0.000000	0.262582	4.441889	11.703125	3.238281	0.003906	0.000000	0.000000	0.000000	0.000000	0.003148	2.946962	1.061749	0.046897	0.021949	0.628906	0.902420	23.968454	0.113281	0.055881	0.006340	0.000000	196608.000000	12.188967	384.000000	512.000000	589824.000000	0.750000	0.287682	0.000000	0.000000	3.000000	2.764129	3.759034	4.541083	4.844868	5.241388	0.094084	0.190943	0.533956	1.000000	0.031694	0.053088	0.100560	0.211192	1.000000	4.000000	34.000000	146.000000	255.000000	0.000000	0.000000	0.015873	0.031746	0.000000	0.000000	0.000000	0.015873	12.188967	12.188967	12.188967	0.000000	0.000000	0.000000	1.074060	1.414973	1.639581	0.019672	0.033495	0.046897	0.000000	0.000000	21.506723	0.858289	12.000000
	kadid10k	I34.png	kadid10k__I34.png	medium	512	512	384	2952.167725	0.253223	0.120433	0.005688	0.002826	0.192708	0.087891	51.974251	0.606638	1.556636	1746.000000	0.053284	0.001210	0.001320	0.000000	0.002410	0.002410	0.000000	0.294422	4.271524	14.507812	3.508789	0.000000	0.000000	0.000000	0.000000	0.000000	0.005834	3.557502	1.054521	0.031887	0.026508	0.071289	0.723358	16.758314	0.000000	0.099904	0.006727	0.000000	196608.000000	12.188967	384.000000	512.000000	589824.000000	0.750000	0.287682	0.000000	0.000000	3.000000	3.855602	4.191024	4.532299	4.804905	5.154670	0.284936	0.522480	0.796970	1.000000	0.049962	0.082083	0.143301	0.245693	14.000000	33.000000	59.000000	130.000000	255.000000	0.000000	0.031746	0.095238	0.142857	0.000000	0.000000	0.000000	0.015873	12.188967	12.188967	12.188967	0.000000	0.000000	1.000000	0.841201	1.215836	1.427323	0.014195	0.023674	0.031887	0.000000	0.000000	7.400241	0.635841	11.000000
	cid22-train	4843579.png	cid22-train__4843579.png	medium	512	512	512	5446.783203	0.284205	0.095056	0.009040	0.007209	0.162598	0.000000	41.366890	0.957081	0.994781	2669.000000	0.081451	0.005940	0.008940	2.000000	0.025900	0.031780	14.000000	0.173528	4.462520	29.847656	7.724609	0.009766	0.000000	0.000000	0.000000	0.000000	0.050022	4.049706	0.855388	0.150953	0.036360	0.273438	0.561275	27.207184	0.000000	0.127852	0.015796	0.000000	262144.000000	12.476649	512.000000	512.000000	786432.000000	1.000000	0.000000	0.000000	0.000000	3.000000	4.226568	4.661901	5.105299	5.256830	5.412871	0.397511	0.898733	1.000000	1.000000	0.066943	0.131178	0.238958	0.340753	11.000000	33.000000	68.000000	153.000000	255.000000	0.015873	0.047619	0.126984	0.206349	0.000000	0.000000	0.015873	0.031746	12.476649	12.476649	12.476649	0.000000	0.000000	1.000000	2.122165	2.350218	2.675420	0.058163	0.088554	0.150953	0.000000	0.000000	8.906264	0.780781	12.000000
	kadid10k	I26.png	kadid10k__I26.png	medium	512	512	384	2099.048096	0.181623	0.123078	0.007085	0.003987	0.289388	0.000651	47.524708	0.793454	1.272002	3110.000000	0.094910	0.000970	0.001960	0.000000	0.002380	0.005060	0.000000	0.206772	3.950592	23.696289	8.146484	0.000000	0.000000	0.000000	0.000000	0.000000	0.087646	3.713173	0.887105	0.144976	0.037766	0.619141	0.118083	32.817898	0.037109	0.096137	0.013284	0.000000	196608.000000	12.188967	384.000000	512.000000	589824.000000	0.750000	0.287682	0.000000	0.000000	3.000000	3.772990	4.415169	4.922684	5.210547	5.531558	0.240700	0.537376	1.000000	1.000000	0.058519	0.100328	0.223020	0.498722	3.000000	14.000000	59.000000	187.000000	255.000000	0.015873	0.015873	0.047619	0.158730	0.000000	0.000000	0.000000	0.015873	12.188967	12.188967	12.188967	0.000000	0.000000	0.000000	2.093202	2.347544	2.574538	0.070231	0.110829	0.144976	0.000000	0.000000	12.586205	0.857517	12.000000
	size-dense-renders	1173777__sz320.png	size-dense-renders__1173777__sz320.png	medium	320	320	320	712.931946	0.278103	0.107645	0.031048	0.024441	0.042500	0.000625	46.406944	0.483092	1.152222	1802.000000	0.054993	0.042260	0.038660	2.000000	0.161110	0.138640	6.000000	0.292456	3.265063	18.786249	18.170626	0.001250	0.000000	0.000000	0.000000	0.000000	0.007773	4.047807	0.518115	0.317967	0.145527	0.084375	0.045391	19.745138	0.000000	0.136587	0.043929	0.000000	102400.000000	11.536642	320.000000	320.000000	307200.000000	1.000000	0.000000	0.000000	0.000000	3.000000	4.095969	4.361217	4.658864	4.835073	5.016550	0.533176	0.767256	1.000000	1.000000	0.220567	0.345514	0.497161	0.648321	14.000000	32.000000	58.000000	147.000000	255.000000	0.031746	0.079365	0.142857	0.174603	0.015873	0.031746	0.047619	0.063492	11.536642	11.536642	11.536642	0.000000	0.000000	1.000000	2.534165	3.124785	3.372313	0.133254	0.244027	0.317967	0.000000	0.015873	10.947518	0.747440	11.000000
	size-dense-renders	459728__sz384.png	size-dense-renders__459728__sz384.png	medium	384	384	384	3660.187744	0.134400	0.173960	0.013758	0.009361	0.223958	0.000868	64.950439	0.225157	1.226945	3024.000000	0.092285	0.011270	0.007600	1.000000	0.027900	0.027440	5.000000	0.086361	4.329668	17.128471	14.499132	0.001736	0.000000	0.000000	0.000000	0.000000	0.033339	3.654716	0.791362	0.157816	0.059592	0.603299	0.431953	22.319283	0.003472	0.076113	0.023892	0.000000	147456.000000	11.901285	384.000000	384.000000	442368.000000	1.000000	0.000000	0.000000	0.000000	3.000000	3.685384	4.198086	4.653125	4.936705	5.248013	0.283911	0.518464	0.936027	1.000000	0.112473	0.198068	0.372124	0.588598	4.000000	14.000000	35.000000	99.000000	255.000000	0.015873	0.031746	0.063492	0.111111	0.000000	0.000000	0.015873	0.031746	11.901285	11.901285	11.901285	0.000000	0.000000	0.000000	1.584756	2.267722	2.621631	0.042973	0.100105	0.157816	0.000000	0.000000	14.458646	0.879572	12.000000
	size-dense-renders	1624307__sz96.png	size-dense-renders__1624307__sz96.png	small	96	96	96	2501.068848	0.375734	0.132354	0.026122	0.018751	0.006944	0.000000	44.092716	0.163659	0.711186	1668.000000	0.180990	0.034510	0.044130	2.000000	0.114050	0.114470	7.000000	0.183100	4.323574	28.145834	22.548611	0.000000	0.000000	0.000000	0.000000	0.000000	0.032661	4.291535	0.466072	0.455532	0.200882	0.305556	0.427083	17.681765	0.013889	0.152998	0.044092	0.000000	9216.000000	9.128696	96.000000	96.000000	27648.000000	1.000000	0.000000	0.000000	0.000000	3.000000	4.335527	4.659486	4.872599	4.938434	5.024179	0.703506	1.000000	1.000000	1.000000	0.262596	0.386168	0.591784	0.753212	19.000000	41.000000	69.000000	128.000000	255.000000	0.047619	0.111111	0.158730	0.206349	0.015873	0.031746	0.047619	0.063492	9.128696	9.128696	9.128696	0.000000	1.000000	2.000000	3.102691	3.497774	3.611086	0.214253	0.372976	0.455532	0.015873	0.031746	4.708494	0.795595	11.000000
	kadid10k	I12.png	kadid10k__I12.png	medium	512	512	384	3864.663574	0.624317	0.091059	0.013628	0.006864	0.000977	0.000000	37.449734	2.620335	0.796545	4530.000000	0.138245	0.004970	0.006390	0.000000	0.008400	0.010590	0.000000	0.282853	4.660964	55.959961	10.356445	0.000000	0.000000	0.000000	0.000000	0.000000	0.026647	4.686447	0.428649	0.706398	0.066471	0.120117	0.037964	27.852417	0.000000	0.251752	0.023856	0.000000	196608.000000	12.188967	384.000000	512.000000	589824.000000	0.750000	0.287682	0.000000	0.000000	3.000000	4.719658	5.003045	5.208802	5.330999	5.498420	1.000000	1.000000	1.000000	1.000000	0.114700	0.216504	0.340970	0.500867	39.000000	78.000000	126.000000	240.000000	255.000000	0.126984	0.190476	0.253968	0.317460	0.000000	0.000000	0.015873	0.031746	12.188967	12.188967	12.188967	0.000000	3.000000	6.000000	3.603009	3.926997	4.116307	0.365965	0.548911	0.706398	0.047619	0.095238	2.256450	0.715091	13.000000
	size-dense-renders	459728__sz40.png	size-dense-renders__459728__sz40.png	tiny	40	40	40	3052.850586	0.460881	0.156589	0.047823	0.029530	0.080000	0.000000	59.403671	0.093388	0.772156	603.000000	0.376875	0.143620	0.056780	3.000000	0.282860	0.287240	8.000000	0.182855	4.156260	32.599998	34.240002	0.000000	0.000000	0.000000	0.000000	0.000000	0.037500	4.330235	0.614268	0.215874	0.290784	0.240000	0.466875	20.950586	0.000000	0.176508	0.055238	0.000000	1600.000000	7.377759	40.000000	40.000000	4800.000000	1.000000	0.000000	0.000000	1.560000	3.000000														23.000000	48.000000	83.000000	146.000000	197.000000									7.377759	7.742402	8.317766	0.000000	1.000000	3.000000									2.174756	0.799524	10.000000
	size-dense-renders	459728__sz48.png	size-dense-renders__459728__sz48.png	tiny	48	48	48	3147.660645	0.431417	0.159598	0.043323	0.026935	0.055556	0.000000	60.350750	0.103349	0.702691	752.000000	0.326389	0.112460	0.048560	2.000000	0.229980	0.222810	5.000000	0.172129	4.147710	33.444443	33.111111	0.000000	0.000000	0.000000	0.000000	0.000000	0.032552	4.342058	0.582294	0.255412	0.224285	0.166667	0.466146	20.422258	0.000000	0.182099	0.058642	0.000000	2304.000000	7.742402	48.000000	48.000000	6912.000000	1.000000	0.000000	0.000000	0.777778	3.000000														20.000000	46.000000	80.000000	140.000000	215.000000									7.742402	7.742402	8.317766	0.000000	1.000000	3.000000									2.442384	0.788504	10.000000
	cid22-train	7256805.png	cid22-train__7256805.png	medium	512	512	512	2275.333252	0.043872	0.082197	0.002799	0.002469	0.750000	0.172607	33.815804	0.155303	1.615323	1144.000000	0.034912	0.001240	0.001040	0.000000	0.006700	0.006790	4.000000	0.177607	3.889784	5.584961	2.123047	0.003906	0.000000	0.000000	0.000000	0.000000	0.033367	2.518530	0.985197	0.026427	0.004255	0.443359	0.482586	20.772564	0.041016	0.031095	0.003782	0.000000	262144.000000	12.476649	512.000000	512.000000	786432.000000	1.000000	0.000000	0.000000	0.000000	3.000000	2.370576	3.069945	4.041489	4.506213	4.930472	0.056191	0.118245	0.267690	0.719078	0.010036	0.025051	0.045825	0.116632	1.000000	3.000000	9.000000	87.000000	255.000000	0.000000	0.000000	0.015873	0.031746	0.000000	0.000000	0.000000	0.000000	12.476649	12.476649	12.476649	0.000000	0.000000	0.000000	0.895389	1.188577	1.317018	0.012833	0.021172	0.026427	0.000000	0.000000	57.044346	0.798752	11.000000
	kadid10k	I80.png	kadid10k__I80.png	medium	512	512	384	1412.082520	0.188460	0.087066	0.009647	0.005434	0.305339	0.000000	36.550655	0.751453	1.331207	2916.000000	0.088989	0.002930	0.003940	0.000000	0.005560	0.005020	0.000000	0.284241	3.877196	16.581055	7.139648	0.000000	0.000000	0.000000	0.000000	0.000000	0.006261	3.621692	0.790240	0.139080	0.066720	0.130859	0.174398	29.630196	0.000000	0.088185	0.013362	0.000000	196608.000000	12.188967	384.000000	512.000000	589824.000000	0.750000	0.287682	0.000000	0.000000	3.000000	3.457087	4.235585	4.787397	5.035814	5.363833	0.209612	0.376501	0.855936	1.000000	0.093758	0.132281	0.202436	0.357926	9.000000	22.000000	58.000000	173.000000	255.000000	0.000000	0.015873	0.047619	0.126984	0.000000	0.000000	0.015873	0.015873	12.188967	12.188967	12.188967	0.000000	0.000000	1.000000	2.359361	2.547755	2.694592	0.091653	0.116969	0.139080	0.000000	0.000000	12.925936	0.719192	12.000000
	cid22-train	2599868.png	cid22-train__2599868.png	medium	512	512	512	1572.461914	0.095496	0.030399	0.002913	0.003830	0.559814	0.058838	18.080137	0.210770	1.084101	509.000000	0.015533	0.000530	0.000400	0.000000	0.008710	0.005170	3.000000	0.106501	3.882834	13.418945	1.933594	0.013672	0.000000	0.000000	0.000000	0.000000	0.007515	3.148365	1.128263	0.049625	0.014195	0.558594	0.000191	16.264900	0.021484	0.056315	0.003472	0.000000	262144.000000	12.476649	512.000000	512.000000	786432.000000	1.000000	0.000000	0.000000	0.000000	3.000000	3.053025	4.295278	4.639052	4.743584	4.862341	0.087382	0.257110	1.000000	1.000000	0.023262	0.041923	0.095765	0.201225	1.000000	5.000000	26.000000	91.000000	255.000000	0.000000	0.000000	0.031746	0.095238	0.000000	0.000000	0.000000	0.000000	12.476649	12.476649	12.476649	0.000000	0.000000	0.000000	1.241484	1.491143	1.683357	0.023481	0.037396	0.049625	0.000000	0.000000	22.617840	0.874860	9.000000
	cid22-train	271619.png	cid22-train__271619.png	medium	512	512	512	1703.081055	0.030595	0.057741	0.003921	0.002675	0.812744	0.261475	33.034252	0.097516	1.786173	1472.000000	0.044922	0.002240	0.001780	2.000000	0.005430	0.005030	5.000000	0.078438	3.905380	6.091797	2.104492	0.020508	0.000000	0.000000	0.000000	0.000000	0.024101	2.082900	1.134093	0.019196	0.009222	0.259766	0.942986	29.824146	0.031250	0.021422	0.003488	0.000000	262144.000000	12.476649	512.000000	512.000000	786432.000000	1.000000	0.000000	0.000000	0.000000	3.000000	1.690196	2.480007	3.988266	4.572960	5.266714	0.028371	0.049210	0.134933	0.785965	0.016361	0.022482	0.034743	0.105824	1.000000	2.000000	5.000000	66.000000	255.000000	0.000000	0.000000	0.000000	0.015873	0.000000	0.000000	0.000000	0.000000	12.476649	12.476649	12.476649	0.000000	0.000000	0.000000	0.000000	0.982696	1.149507	0.000000	0.014534	0.019196	0.000000	0.000000	103.444641	0.708405	11.000000
	cid22-train	1029604.png	cid22-train__1029604.png	medium	512	512	512	3625.239258	0.178048	0.054186	0.006691	0.006794	0.086426	0.000000	21.848373	0.375044	1.151763	1276.000000	0.038940	0.001900	0.001810	0.000000	0.013030	0.012750	2.000000	0.081085	4.490302	26.599609	3.516602	0.007812	0.000000	0.000000	0.000000	0.000000	0.126904	4.025284	0.700461	0.247641	0.040782	0.496094	0.055229	21.239622	0.000000	0.103237	0.007983	0.000000	262144.000000	12.476649	512.000000	512.000000	786432.000000	1.000000	0.000000	0.000000	0.000000	3.000000	4.044901	4.521174	4.947853	5.137572	5.417614	0.444856	0.787475	1.000000	1.000000	0.062847	0.103009	0.162104	0.228239	9.000000	20.000000	39.000000	104.000000	255.000000	0.015873	0.047619	0.079365	0.158730	0.000000	0.000000	0.000000	0.015873	12.476649	12.476649	12.476649	0.000000	0.000000	1.000000	2.236633	2.830258	3.106865	0.089053	0.182124	0.247641	0.000000	0.015873	15.199321	0.859020	11.000000
	size-dense-renders	459728__sz64.png	size-dense-renders__459728__sz64.png	small	64	64	64	3250.991455	0.359788	0.163571	0.036947	0.023659	0.046875	0.000000	61.619274	0.111775	0.723783	990.000000	0.241699	0.075890	0.038690	2.000000	0.167110	0.187270	5.000000	0.108063	4.284735	33.953125	26.875000	0.000000	0.000000	0.000000	0.000000	0.000000	0.036865	4.305081	0.652353	0.311738	0.250651	0.421875	0.457520	21.483980	0.000000	0.148313	0.054812	0.000000	4096.000000	8.317766	64.000000	64.000000	12288.000000	1.000000	0.000000	0.000000	0.000000	3.000000														17.000000	39.000000	69.000000	128.000000	255.000000									8.317766	8.317766	8.317766	0.000000	1.000000	2.000000									6.004571	0.828080	10.000000
	cid22-train	1424246.png	cid22-train__1424246.png	medium	512	512	512	2246.668213	0.099743	0.165699	0.014712	0.014471	0.418701	0.000000	97.518875	0.228287	1.402313	2100.000000	0.064087	0.017040	0.016460	3.000000	0.102110	0.101080	18.000000	0.175473	4.323957	10.395508	13.537109	0.003906	0.000000	0.000000	0.000000	0.000000	0.001110	3.327058	0.778340	0.107446	0.063961	0.414062	0.000446	14.633883	0.000000	0.061027	0.025577	0.000000	262144.000000	12.476649	512.000000	512.000000	786432.000000	1.000000	0.000000	0.000000	0.000000	3.000000	3.312359	3.958330	4.383850	4.598210	4.883625	0.155349	0.331045	0.678956	1.000000	0.096844	0.185633	0.371112	0.657511	4.000000	12.000000	29.000000	89.000000	255.000000	0.000000	0.015873	0.031746	0.095238	0.000000	0.000000	0.015873	0.031746	12.476649	12.476649	12.476649	0.000000	0.000000	0.000000	1.845001	2.177356	2.340444	0.055429	0.085757	0.107446	0.000000	0.000000	19.917095	0.824722	12.000000
	size-dense-renders	1943411__sz128.png	size-dense-renders__1943411__sz128.png	small	128	128	128	2630.409180	0.227044	0.192497	0.023212	0.022230	0.285156	0.023438	85.961388	0.162217	1.034897	2464.000000	0.150391	0.036640	0.036890	3.000000	0.243890	0.294840	18.000000	0.132945	3.776740	25.363281	30.246094	0.000000	0.000000	0.000000	0.000000	0.000000	0.000122	3.671790	1.125240	0.070494	0.071804	0.480469	0.004456	21.347610	0.023438	0.110119	0.047247	0.000000	16384.000000	9.704061	128.000000	128.000000	49152.000000	1.000000	0.000000	0.000000	0.000000	3.000000	3.865518	4.559824	4.977701	5.168899	5.335650	0.212847	0.645968	1.000000	1.000000	0.151244	0.380733	0.682852	1.000000	4.000000	24.000000	56.000000	140.000000	255.000000	0.000000	0.015873	0.079365	0.190476	0.000000	0.015873	0.031746	0.063492	9.704061	9.704061	9.704061	0.000000	0.000000	0.000000	1.004727	1.379078	1.975145	0.013155	0.030227	0.070494	0.000000	0.000000	9.829082	0.835243	12.000000
	size-dense-renders	459728__sz80.png	size-dense-renders__459728__sz80.png	small	80	80	80	3325.546875	0.313732	0.165910	0.032974	0.021260	0.060000	0.000000	62.377029	0.111133	0.861278	1233.000000	0.192656	0.052620	0.035860	1.000000	0.122640	0.159410	4.000000	0.087529	4.253219	36.349998	29.740000	0.000000	0.000000	0.000000	0.000000	0.000000	0.033906	4.264902	0.678318	0.291941	0.203024	0.490000	0.449844	21.643967	0.000000	0.139683	0.047778	0.000000	6400.000000	8.764053	80.000000	80.000000	19200.000000	1.000000	0.000000	0.000000	0.440000	3.000000	4.423586	4.746676	5.067089	5.164015	5.422768	0.629725	1.000000	1.000000	1.000000	0.300285	0.445548	0.748740	1.000000	15.000000	32.000000	64.000000	120.000000	255.000000	0.031746	0.095238	0.126984	0.190476	0.015873	0.031746	0.047619	0.079365	8.764053	8.764053	9.128696	0.000000	0.000000	2.000000	2.695905	2.948161	3.280318	0.118000	0.231670	0.291941	0.000000	0.015873	5.694273	0.849348	11.000000
	cid22-train	3396657.png	cid22-train__3396657.png	medium	512	512	512	4826.024414	0.213866	0.083727	0.009438	0.007574	0.284424	0.089600	34.855152	0.388087	1.276864	1026.000000	0.031311	0.004860	0.003860	0.000000	0.019340	0.016620	2.000000	0.175657	4.392360	15.723633	4.008789	0.004883	0.000000	0.000000	0.000000	0.000000	0.148262	3.534612	1.067357	0.065997	0.000000	0.417969	0.475323	13.294839	0.030273	0.099237	0.008510	0.000000	262144.000000	12.476649	512.000000	512.000000	786432.000000	1.000000	0.000000	0.000000	0.000000	3.000000	3.894063	4.337168	4.538702	4.718908	5.162441	0.212663	0.646095	1.000000	1.000000	0.047843	0.108362	0.177254	0.247044	6.000000	21.000000	44.000000	103.000000	255.000000	0.000000	0.015873	0.095238	0.158730	0.000000	0.000000	0.000000	0.015873	12.476649	12.476649	12.476649	0.000000	0.000000	0.000000	0.467979	1.310427	1.875061	0.005629	0.032955	0.065997	0.000000	0.000000	8.821729	0.828186	11.000000
	clic-1024-train	aed95e005df28e790519eefb6eb1e565.png	clic-1024-train__aed95e005df28e790519eefb6eb1e565.png	large	1024	1024	1024	1610.318359	0.026655	0.185411	0.005485	0.003189	0.837158	0.193115	104.957169	0.174354	1.870085	1820.000000	0.055542	0.003930	0.004600	2.000000	0.011930	0.009570	7.000000	0.230299	3.434911	2.874023	3.117188	0.000000	0.000000	0.000000	0.000000	0.000000	0.001354	2.141447	0.868803	0.023181	0.012791	0.091797	0.229126	20.229193	0.000000	0.015439	0.005952	0.000000	1048576.000000	13.862944	1024.000000	1024.000000	3145728.000000	1.000000	0.000000	0.000000	0.000000	3.000000	1.779844	2.203951	3.715072	4.122017	4.638584	0.028788	0.039130	0.080769	0.515765	0.017932	0.025129	0.047488	0.279731	2.000000	5.000000	9.000000	56.000000	255.000000	0.000000	0.000000	0.000000	0.000000	0.000000	0.000000	0.000000	0.000000	13.862944	13.862944	13.862944	0.000000	0.000000	0.000000	1.265702	1.406274	1.468901	0.015927	0.020049	0.023181	0.000000	0.000000	109.535057	0.481545	11.000000
	size-dense-renders	459728__sz96.png	size-dense-renders__459728__sz96.png	small	96	96	96	3380.033691	0.285873	0.167419	0.029668	0.019356	0.048611	0.000000	62.861160	0.116304	0.784791	1420.000000	0.154080	0.040470	0.025670	1.000000	0.098430	0.131380	5.000000	0.080299	4.261537	33.069443	31.819445	0.000000	0.000000	0.000000	0.000000	0.000000	0.033637	4.267435	0.635357	0.299885	0.207916	0.541667	0.446398	21.287823	0.000000	0.139991	0.052028	0.000000	9216.000000	9.128696	96.000000	96.000000	27648.000000	1.000000	0.000000	0.000000	0.000000	3.000000	4.409947	4.726401	5.008422	5.121140	5.302544	0.688030	1.000000	1.000000	1.000000	0.322659	0.472388	0.837643	1.000000	13.000000	29.000000	56.000000	122.000000	229.000000	0.047619	0.079365	0.126984	0.206349	0.015873	0.031746	0.047619	0.063492	9.128696	9.128696	9.128696	0.000000	0.000000	1.000000	2.531399	3.090765	3.320143	0.092419	0.232448	0.299885	0.000000	0.015873	7.844644	0.872241	11.000000
	size-dense-renders	1943411__sz160.png	size-dense-renders__1943411__sz160.png	small	160	160	160	2684.779785	0.209011	0.194772	0.022735	0.021397	0.332500	0.007500	86.733940	0.196831	1.006867	3014.000000	0.117734	0.036080	0.037700	3.000000	0.256530	0.295040	30.000000	0.130411	3.767659	24.457500	28.827499	0.005000	0.000000	0.000000	0.000000	0.000000	0.000352	3.569843	1.192176	0.047576	0.050064	0.452500	0.003164	21.716658	0.017500	0.104048	0.044008	0.000000	25600.000000	10.150348	160.000000	160.000000	76800.000000	1.000000	0.000000	0.000000	0.000000	3.000000	3.819847	4.571974	5.008320	5.115421	5.318361	0.166253	0.568775	1.000000	1.000000	0.128683	0.312460	0.673329	1.000000	3.000000	22.000000	56.000000	139.000000	255.000000	0.000000	0.015873	0.079365	0.190476	0.000000	0.015873	0.031746	0.063492	10.150348	10.150348	10.150348	0.000000	0.000000	0.000000	1.179248	1.354286	1.672097	0.015614	0.027835	0.047576	0.000000	0.000000	10.358363	0.821858	12.000000
	cid22-train	1722183.png	cid22-train__1722183.png	medium	512	512	512	4420.412598	0.234627	0.057712	0.010088	0.008483	0.372559	0.083496	20.121393	0.879627	1.243344	1006.000000	0.030701	0.013500	0.005860	1.000000	0.058180	0.021340	5.000000	0.195655	4.333613	19.064453	3.452148	0.009766	0.000000	0.000000	0.000000	0.000000	0.351528	3.455018	1.135974	0.058907	0.003600	0.244141	0.124542	25.830107	0.001953	0.090169	0.005906	0.000000	262144.000000	12.476649	512.000000	512.000000	786432.000000	1.000000	0.000000	0.000000	0.000000	3.000000	3.594993	4.438122	4.901584	5.091516	5.344134	0.124139	0.422643	1.000000	1.000000	0.017069	0.034635	0.133001	0.342178	5.000000	27.000000	68.000000	161.000000	255.000000	0.000000	0.000000	0.063492	0.142857	0.000000	0.000000	0.000000	0.000000	12.476649	12.476649	12.476649	0.000000	0.000000	0.000000	1.303399	1.627751	1.811240	0.022611	0.045021	0.058907	0.000000	0.000000	7.669909	0.783487	10.000000
	cid22-train	2666598.png	cid22-train__2666598.png	medium	512	512	512	1841.840698	0.220963	0.074890	0.008185	0.006919	0.144287	0.007080	31.129045	1.076348	1.447147	3416.000000	0.104248	0.006190	0.010050	3.000000	0.026650	0.036170	7.000000	0.518772	3.991996	14.692383	2.904297	0.000000	0.000000	0.000000	0.000000	0.000000	0.068085	3.809525	0.764423	0.150574	0.029267	0.045898	0.036312	28.544077	0.001953	0.135742	0.005425	0.000000	262144.000000	12.476649	512.000000	512.000000	786432.000000	1.000000	0.000000	0.000000	0.000000	3.000000	3.941160	4.305282	4.607422	4.831649	5.214323	0.330518	0.547543	0.855483	1.000000	0.045469	0.071384	0.114185	0.185728	11.000000	29.000000	63.000000	196.000000	255.000000	0.000000	0.047619	0.126984	0.206349	0.000000	0.000000	0.000000	0.000000	12.476649	12.476649	12.476649	0.000000	0.000000	1.000000	1.630779	2.126243	2.769331	0.037232	0.069642	0.150574	0.000000	0.000000	12.185903	0.586830	12.000000
	kadid10k	I33.png	kadid10k__I33.png	medium	512	512	384	2144.843506	0.202332	0.188861	0.006459	0.003741	0.681641	0.000651	75.191483	1.074685	1.092488	3614.000000	0.110291	0.002870	0.003640	1.000000	0.006290	0.006010	2.000000	0.374682	4.219021	19.020508	5.402344	0.000000	0.000000	0.000000	0.000000	0.000000	0.005793	2.951835	1.231034	0.056778	0.017040	0.033203	0.119705	29.816395	0.000000	0.087720	0.011006	0.000000	196608.000000	12.188967	384.000000	512.000000	589824.000000	0.750000	0.287682	0.000000	0.000000	3.000000	2.208004	4.462001	4.960394	5.127836	5.280747	0.066783	0.084327	1.000000	1.000000	0.028215	0.042475	0.187984	0.438344	4.000000	12.000000	73.000000	210.000000	255.000000	0.000000	0.000000	0.000000	0.190476	0.000000	0.000000	0.000000	0.015873	12.188967	12.188967	12.188967	0.000000	0.000000	0.000000	1.745147	1.896251	1.968994	0.040724	0.050975	0.056778	0.000000	0.000000	9.365022	0.652402	12.000000
	size-dense-renders	4cd6910a0b7b39365fda5df87618d091__sz32.png	size-dense-renders__4cd6910a0b7b39365fda5df87618d091__sz32.png	tiny	32	32	16	650.744507	0.086022	0.101078	0.001727	0.000966	0.000000	0.000000	33.570400	0.032954	0.523970	25.000000	0.048828	0.000700	0.123640	0.000000	0.001150	0.179320	0.000000	0.247472	2.336202	20.625000	19.500000	0.000000	0.000000	0.000000	0.000000	1.000000	0.859375	4.086532	0.650244	0.220426	0.000000	0.000000	0.000000	32.258602	0.000000	0.083333	0.035714	0.000000	512.000000	6.238325	16.000000	32.000000	1536.000000	0.500000	0.693147	0.000000	1.000000	3.000000																											6.238325	6.238325	6.931472	0.000000	0.000000	0.000000										0.758142	5.000000
	size-dense-renders	4934193__sz128.png	size-dense-renders__4934193__sz128.png	small	128	128	128	5680.281250	0.207824	0.118051	0.007798	0.011388	0.406250	0.011719	49.418934	0.134801	1.018518	1274.000000	0.077759	0.004600	0.004500	0.000000	0.092700	0.083600	11.000000	0.085578	4.092741	29.976562	14.902344	0.000000	0.000000	0.000000	0.000000	0.000000	0.278748	3.678933	1.149887	0.084948	0.019976	0.644531	0.198242	24.234936	0.031250	0.101066	0.024306	0.000000	16384.000000	9.704061	128.000000	128.000000	49152.000000	1.000000	0.000000	0.000000	0.000000	3.000000	3.765956	4.778568	5.045033	5.156687	5.474853	0.173056	0.601045	1.000000	1.000000	0.027585	0.068409	0.383009	1.000000	4.000000	17.000000	52.000000	126.000000	255.000000	0.000000	0.015873	0.047619	0.190476	0.000000	0.000000	0.000000	0.047619	9.704061	9.704061	9.704061	0.000000	0.000000	0.000000	1.568201	1.824451	2.089021	0.042768	0.061486	0.084948	0.000000	0.000000	9.000128	0.911057	11.000000
	cid22-train	2504911.png	cid22-train__2504911.png	medium	512	512	512	4742.272461	0.336897	0.086956	0.012387	0.010541	0.076904	0.022705	42.965191	0.932635	1.084812	2201.000000	0.067169	0.009300	0.007360	1.000000	0.044660	0.037480	7.000000	0.137130	4.647274	35.256836	8.545898	0.018555	0.000000	0.000000	0.000000	0.000000	0.098743	4.211021	0.902518	0.344746	0.054208	0.413086	0.728546	23.903013	0.029297	0.144640	0.016974	0.000000	262144.000000	12.476649	512.000000	512.000000	786432.000000	1.000000	0.000000	0.000000	0.000000	3.000000	4.370217	4.751089	5.053415	5.193692	5.423124	0.671331	1.000000	1.000000	1.000000	0.097937	0.169303	0.299371	0.437674	14.000000	35.000000	65.000000	159.000000	255.000000	0.031746	0.079365	0.126984	0.190476	0.000000	0.000000	0.015873	0.031746	12.476649	12.476649	12.476649	0.000000	0.000000	1.000000	0.000000	2.940889	3.375958	0.000000	0.208621	0.344746	0.000000	0.015873	9.743319	0.823232	12.000000
	size-dense-renders	1624307__sz40.png	size-dense-renders__1624307__sz40.png	tiny	40	40	40	2185.026855	0.404339	0.122235	0.032231	0.023640	0.000000	0.000000	40.853111	0.078253	0.640383	720.000000	0.450000	0.043420	0.047780	0.000000	0.171230	0.154890	4.000000	0.110640	4.098835	46.160000	23.360001	0.000000	0.000000	0.000000	0.000000	0.000000	0.026250	4.559718	0.396060	0.769935	0.339185	0.360000	0.433125	19.340050	0.000000	0.169524	0.051429	0.000000	1600.000000	7.377759	40.000000	40.000000	4800.000000	1.000000	0.000000	0.000000	1.560000	3.000000														24.000000	47.000000	76.000000	127.000000	187.000000									7.377759	7.742402	8.317766	0.000000	1.000000	3.000000									1.798778	0.843425	10.000000
	size-dense-renders	1624307__sz48.png	size-dense-renders__1624307__sz48.png	tiny	48	48	48	2257.510498	0.418742	0.124518	0.030808	0.022777	0.000000	0.000000	41.589989	0.096897	0.648917	878.000000	0.381076	0.040730	0.050540	1.000000	0.168740	0.149910	6.000000	0.125125	4.217960	40.583332	23.722221	0.000000	0.000000	0.000000	0.000000	0.000000	0.027344	4.479656	0.449697	0.537998	0.238136	0.361111	0.428385	18.614351	0.000000	0.168871	0.049383	0.000000	2304.000000	7.742402	48.000000	48.000000	6912.000000	1.000000	0.000000	0.000000	0.777778	3.000000														24.000000	48.000000	74.000000	132.000000	198.000000									7.742402	7.742402	8.317766	0.000000	1.000000	4.000000									2.717754	0.814399	10.000000
	size-dense-renders	1624307__sz320.png	size-dense-renders__1624307__sz320.png	medium	320	320	320	2854.601807	0.269887	0.141780	0.018950	0.013338	0.116875	0.000000	47.063065	0.382669	0.986214	3504.000000	0.106934	0.021280	0.026050	7.000000	0.059070	0.069200	7.000000	0.148495	4.408329	24.163750	15.863750	0.002500	0.000000	0.000000	0.000000	0.000000	0.030488	4.033092	0.696548	0.233406	0.083115	0.348125	0.417520	18.225512	0.000000	0.126042	0.032599	0.000000	102400.000000	11.536642	320.000000	320.000000	307200.000000	1.000000	0.000000	0.000000	0.000000	3.000000	4.161877	4.564690	4.839470	4.980953	5.234338	0.435137	0.870905	1.000000	1.000000	0.140835	0.266984	0.453646	0.671489	12.000000	30.000000	56.000000	121.000000	255.000000	0.015873	0.063492	0.126984	0.174603	0.000000	0.015873	0.031746	0.047619	11.536642	11.536642	11.536642	0.000000	0.000000	1.000000	2.263599	2.710963	3.006038	0.098842	0.168967	0.233406	0.000000	0.015873	7.577846	0.829594	12.000000
	size-dense-renders	1624307__sz64.png	size-dense-renders__1624307__sz64.png	small	64	64	64	2360.492920	0.395818	0.127952	0.028622	0.020875	0.000000	0.000000	42.694424	0.122774	0.648978	1166.000000	0.284668	0.038580	0.044440	1.000000	0.146400	0.123530	7.000000	0.145893	4.214631	33.156250	24.656250	0.000000	0.000000	0.000000	0.000000	0.000000	0.032227	4.414963	0.424801	0.598294	0.225027	0.265625	0.428711	18.272060	0.000000	0.171379	0.046131	0.000000	4096.000000	8.317766	64.000000	64.000000	12288.000000	1.000000	0.000000	0.000000	0.000000	3.000000														22.000000	46.000000	73.000000	129.000000	243.000000									8.317766	8.317766	8.317766	0.000000	1.000000	3.000000									3.637397	0.804655	11.000000
	size-dense-renders	4934193__sz160.png	size-dense-renders__4934193__sz160.png	small	160	160	160	5723.789062	0.177881	0.118856	0.007073	0.010227	0.420000	0.035000	49.716213	0.147073	1.106666	1455.000000	0.056836	0.003840	0.003950	0.000000	0.077060	0.081200	13.000000	0.090176	4.085107	24.392500	12.372500	0.000000	0.000000	0.000000	0.000000	0.000000	0.274727	3.548328	1.145166	0.069584	0.016397	0.602500	0.195391	23.590151	0.010000	0.090198	0.021032	0.000000	25600.000000	10.150348	160.000000	160.000000	76800.000000	1.000000	0.000000	0.000000	0.000000	3.000000	3.534399	4.634981	5.007573	5.120212	5.394638	0.152056	0.451385	1.000000	1.000000	0.026674	0.048982	0.314328	0.921356	4.000000	14.000000	46.000000	125.000000	255.000000	0.000000	0.015873	0.031746	0.174603	0.000000	0.000000	0.000000	0.031746	10.150348	10.150348	10.150348	0.000000	0.000000	0.000000	1.524846	1.753847	1.926535	0.041883	0.056476	0.069584	0.000000	0.000000	10.925596	0.902275	11.000000
	size-dense-renders	4cd6910a0b7b39365fda5df87618d091__sz320.png	size-dense-renders__4cd6910a0b7b39365fda5df87618d091__sz320.png	small	320	320	160	1373.762695	0.224089	0.121159	0.000751	0.000434	0.423750	0.198750	39.785717	0.299495	0.718871	103.000000	0.003143	0.000460	0.016990	1.000000	0.000750	0.024260	1.000000	0.192376	2.367654	20.247499	2.222500	0.418750	0.000000	0.000000	0.000000	1.000000	0.931738	3.200757	1.648767	0.000000	0.000000	0.122500	0.000000	19.111097	0.438750	0.080179	0.004702	0.000000	51200.000000	10.843494	160.000000	320.000000	153600.000000	0.500000	0.693147	0.000000	0.000000	3.000000	3.759739	4.618962	4.716679	4.751398	4.855758	0.075790	0.542589	1.000000	1.000000	0.000000	0.019787	0.026187	0.031746	1.000000	26.000000	61.000000	139.000000	255.000000	0.000000	0.000000	0.079365	0.142857	0.000000	0.000000	0.000000	0.000000	10.843494	10.843494	10.843494	0.000000	0.000000	0.000000	0.000000	0.000000	0.000000	0.000000	0.000000	0.000000	0.000000	0.000000	6.495544	0.696543	7.000000
	size-dense-renders	1e2f9d41529197f10d32bfa68a1e0bcc__sz768.png	size-dense-renders__1e2f9d41529197f10d32bfa68a1e0bcc__sz768.png	medium	768	768	512	2064.925537	0.794064	0.104157	0.072737	0.031240	0.000000	0.000000	65.659126	5.103361	0.534089	1737.000000	0.053009	0.199920	0.215240	4.000000	0.250710	0.263390	9.000000	0.425027	4.125076	61.152344	27.716797	0.000000	0.000000	0.000000	0.000000	0.000000	0.000076	4.911038	0.176821	1.000000	0.419951	0.005859	0.598615	27.619648	0.000000	0.341967	0.066019	0.000000	393216.000000	12.882114	512.000000	768.000000	1179648.000000	0.666667	0.405465	0.000000	0.000000	3.000000	4.936015	5.037853	5.109139	5.147104	5.206427	1.000000	1.000000	1.000000	1.000000	0.477842	0.550368	0.630332	0.704766	55.000000	97.000000	147.000000	255.000000	255.000000	0.269841	0.301587	0.349206	0.380952	0.031746	0.047619	0.063492	0.079365	12.882114	12.882114	12.882114	1.000000	5.000000	10.000000	4.393378	4.580684	4.677887	0.928411	1.000000	1.000000	0.222222	0.253968	1.188948	0.683997	11.000000
	cid22-train	1287145.png	cid22-train__1287145.png	medium	512	512	512	6250.077637	0.168332	0.070076	0.004399	0.005322	0.488037	0.211426	30.066990	0.605013	1.234294	616.000000	0.018799	0.001280	0.001300	0.000000	0.013840	0.013420	2.000000	0.299605	3.780580	12.287109	2.170898	0.001953	0.000000	0.000000	0.000000	0.000000	0.066898	2.846324	1.377210	0.017904	0.022476	0.072266	0.153458	22.320623	0.000000	0.078234	0.003968	0.000000	262144.000000	12.476649	512.000000	512.000000	786432.000000	1.000000	0.000000	0.000000	0.000000	3.000000	3.170990	4.045792	4.677715	4.928339	5.174789	0.025561	0.247474	0.669988	1.000000	0.035180	0.066862	0.122897	0.187743	3.000000	19.000000	49.000000	142.000000	255.000000	0.000000	0.000000	0.015873	0.142857	0.000000	0.000000	0.000000	0.000000	12.476649	12.476649	12.476649	0.000000	0.000000	0.000000	0.965409	1.125785	1.213765	0.010625	0.015045	0.017904	0.000000	0.000000	14.266068	0.600756	10.000000
	cid22-train	3214023.png	cid22-train__3214023.png	medium	512	512	512	3768.148438	0.149172	0.069619	0.004261	0.004106	0.262695	0.011963	23.743401	0.375148	1.243528	3118.000000	0.095154	0.001960	0.003710	1.000000	0.010350	0.025060	7.000000	0.103312	4.630209	23.308594	3.698242	0.000000	0.000000	0.000000	0.000000	0.000000	0.142914	3.733160	0.924055	0.125781	0.010699	0.646484	0.102322	24.840561	0.021484	0.080574	0.006774	0.000000	262144.000000	12.476649	512.000000	512.000000	786432.000000	1.000000	0.000000	0.000000	0.000000	3.000000	3.790215	4.477880	4.909089	5.076214	5.426817	0.260314	0.597434	1.000000	1.000000	0.025081	0.052580	0.120389	0.239293	4.000000	13.000000	36.000000	120.000000	255.000000	0.000000	0.031746	0.063492	0.111111	0.000000	0.000000	0.000000	0.015873	12.476649	12.476649	12.476649	0.000000	0.000000	0.000000	1.671518	2.117635	2.464545	0.049961	0.088502	0.125781	0.000000	0.000000	17.851974	0.896838	12.000000
	size-dense-renders	1943411__sz192.png	size-dense-renders__1943411__sz192.png	small	192	192	192	2725.866699	0.196924	0.196540	0.022409	0.020712	0.359375	0.001736	87.332047	0.223728	1.115432	3573.000000	0.109039	0.035990	0.038050	3.000000	0.259750	0.293200	42.000000	0.137721	3.805342	22.626736	25.852430	0.003472	0.000000	0.000000	0.000000	0.000000	0.000760	3.497493	1.201005	0.044943	0.048162	0.446181	0.003472	21.846586	0.019097	0.097277	0.042493	0.000000	36864.000000	10.514991	192.000000	192.000000	110592.000000	1.000000	0.000000	0.000000	0.000000	3.000000	3.722232	4.580719	4.869195	5.116140	5.307177	0.138416	0.519803	1.000000	1.000000	0.106450	0.283485	0.620310	1.000000	3.000000	19.000000	53.000000	135.000000	255.000000	0.000000	0.015873	0.063492	0.174603	0.000000	0.000000	0.031746	0.063492	10.514991	10.514991	10.514991	0.000000	0.000000	0.000000	1.125785	1.397938	1.617890	0.016290	0.028257	0.044943	0.000000	0.000000	10.952723	0.815888	12.000000
	size-dense-renders	1e2f9d41529197f10d32bfa68a1e0bcc__sz80.png	size-dense-renders__1e2f9d41529197f10d32bfa68a1e0bcc__sz80.png	small	80	80	53	88.061127	0.161920	0.021679	0.014130	0.006351	0.000000	0.000000	40.706955	0.059152	0.403213	80.000000	0.018868	0.009520	0.010300	0.000000	0.012720	0.012420	0.000000	1.301414	2.142486	4.000000	0.533333	0.000000	0.000000	0.000000	0.000000	1.000000	0.000000	3.552267	0.105686	0.239845	0.062133	0.000000	0.869271	4.709599	0.000000	0.044709	0.000265	0.000000	4240.000000	8.352319	53.000000	80.000000	12720.000000	0.662500	0.411735	0.056604	0.449057	3.000000														20.000000	34.000000	50.000000	78.000000	98.000000									8.407378	8.540910	8.723231	0.000000	1.000000	3.000000									0.647098	0.424504	7.000000
	kadid10k	I49.png	kadid10k__I49.png	medium	512	512	384	1205.312256	0.070241	0.065075	0.002508	0.002268	0.533203	0.141276	23.841831	0.227786	1.659529	1463.000000	0.044647	0.000340	0.000430	0.000000	0.002030	0.002720	2.000000	0.211752	3.350082	9.846680	2.080078	0.007812	0.000000	0.000000	0.000000	0.000000	0.472631	2.914861	1.123174	0.029530	0.000000	0.413086	0.075002	27.690456	0.041016	0.045371	0.003736	0.000000	196608.000000	12.188967	384.000000	512.000000	589824.000000	0.750000	0.287682	0.000000	0.000000	3.000000	3.021803	3.737149	4.399595	4.674923	5.156435	0.080295	0.220443	0.523783	1.000000	0.018575	0.036135	0.065544	0.151542	2.000000	7.000000	21.000000	94.000000	255.000000	0.000000	0.000000	0.015873	0.063492	0.000000	0.000000	0.000000	0.000000	12.188967	12.188967	12.188967	0.000000	0.000000	0.000000	0.297623	1.113942	1.277322	0.004346	0.023230	0.029530	0.000000	0.000000	59.063759	0.781885	11.000000
	kadid10k	I35.png	kadid10k__I35.png	medium	512	512	384	3543.916260	0.179881	0.120636	0.007532	0.005478	0.520833	0.039388	47.683254	0.896402	1.095758	5170.000000	0.157776	0.002020	0.002630	0.000000	0.009440	0.011620	4.000000	0.213944	4.393913	24.479492	8.185547	0.006836	0.000000	0.000000	0.000000	0.000000	0.011200	3.292157	1.288701	0.054796	0.022426	0.486328	0.295029	34.329445	0.028320	0.093161	0.016540	0.000000	196608.000000	12.188967	384.000000	512.000000	589824.000000	0.750000	0.287682	0.000000	0.000000	3.000000	2.983901	4.573996	5.128654	5.258543	5.395820	0.101309	0.238269	1.000000	1.000000	0.035825	0.072647	0.235860	0.426535	2.000000	14.000000	62.000000	198.000000	255.000000	0.000000	0.000000	0.015873	0.158730	0.000000	0.000000	0.000000	0.031746	12.188967	12.188967	12.188967	0.000000	0.000000	0.000000	1.000002	1.471429	1.764246	0.019787	0.038449	0.054796	0.000000	0.000000	11.030022	0.844067	13.000000
	size-dense-renders	1e2f9d41529197f10d32bfa68a1e0bcc__sz96.png	size-dense-renders__1e2f9d41529197f10d32bfa68a1e0bcc__sz96.png	small	96	96	64	123.414383	0.285547	0.024312	0.017143	0.007499	0.000000	0.000000	41.622169	0.101333	0.437366	101.000000	0.016439	0.014150	0.014040	0.000000	0.018170	0.016840	0.000000	1.396318	2.339898	4.885417	0.750000	0.000000	0.000000	0.000000	0.000000	1.000000	0.000000	3.705069	0.106731	0.262288	0.073814	0.000000	0.834635	5.795346	0.000000	0.065476	0.000827	0.000000	6144.000000	8.723231	64.000000	96.000000	18432.000000	0.666667	0.405465	0.000000	0.000000	3.000000														24.000000	41.000000	58.000000	92.000000	127.000000									8.723231	8.723231	8.723231	0.000000	2.000000	4.000000									0.835366	0.409257	7.000000
	cid22-train	4099238.png	cid22-train__4099238.png	medium	512	512	512	3244.084229	0.265532	0.090688	0.008739	0.008987	0.173096	0.000977	40.664352	0.845809	1.044156	3503.000000	0.106903	0.005640	0.007320	1.000000	0.042880	0.051600	22.000000	0.169903	4.343502	27.939453	7.983398	0.001953	0.000000	0.000000	0.000000	0.000000	0.020687	3.952143	0.867306	0.144050	0.028289	0.325195	0.564827	23.466095	0.000000	0.121791	0.016865	0.000000	262144.000000	12.476649	512.000000	512.000000	786432.000000	1.000000	0.000000	0.000000	0.000000	3.000000	4.026809	4.710428	5.023702	5.133224	5.390397	0.318034	0.755663	1.000000	1.000000	0.042882	0.110299	0.257694	0.451369	11.000000	28.000000	61.000000	163.000000	255.000000	0.015873	0.031746	0.095238	0.190476	0.000000	0.000000	0.000000	0.031746	12.476649	12.476649	12.476649	0.000000	0.000000	1.000000	1.939206	2.394424	2.671390	0.054847	0.101135	0.144050	0.000000	0.000000	10.696458	0.786709	12.000000
	size-dense-renders	1129482__sz128.png	size-dense-renders__1129482__sz128.png	small	128	128	128	1118.590088	0.108934	0.010018	0.001608	0.001342	0.746094	0.699219	3.500832	0.139866	1.104563	311.000000	0.018982	0.001030	0.000760	0.000000	0.003590	0.002910	1.000000	0.126135	1.120247	16.843750	0.453125	0.707031	0.000000	0.000000	0.000000	0.000000	0.918884	1.327567	2.095089	0.000000	0.000000	0.089844	0.002747	32.781013	0.730469	0.054998	0.000992	0.000000	16384.000000	9.704061	128.000000	128.000000	49152.000000	1.000000	0.000000	0.000000	0.000000	3.000000	0.000000	3.370950	5.036693	5.261740	5.480444	0.000000	0.000000	0.338815	1.000000	0.000000	0.000000	0.011845	0.095867	0.000000	0.000000	34.000000	157.000000	255.000000	0.000000	0.000000	0.000000	0.047619	0.000000	0.000000	0.000000	0.000000	9.704061	9.704061	9.704061	0.000000	0.000000	0.000000	0.000000	0.000000	0.000000	0.000000	0.000000	0.000000	0.000000	0.000000	16.745024	0.239278	9.000000
	size-dense-renders	962312__sz40.png	size-dense-renders__962312__sz40.png	tiny	40	40	40	4114.257324	0.398422	0.000000	0.000000	0.000000	0.280000	0.080000	0.000000	0.265379	0.686152	31.000000	0.019375	0.000000	0.000000	0.000000	0.000000	0.000000	0.000000	0.177954	3.513647	71.160004	0.000000	0.080000	0.000000	0.000000	0.000000	1.000000	1.000000	4.140601	1.647732	0.074934	0.000000	0.320000	0.000000	40.197727	0.080000	0.225397	0.000000	1.000000	1600.000000	7.377759	40.000000	40.000000	4800.000000	1.000000	0.000000	0.000000	1.560000	3.000000														7.000000	71.000000	142.000000	255.000000	255.000000									7.377759	7.742402	8.317766	0.000000	0.000000	0.000000									1.732679	0.767566	5.000000
	kadid10k	I65.png	kadid10k__I65.png	medium	512	512	384	4084.170166	0.201974	0.085563	0.005835	0.004327	0.423177	0.095703	37.235783	0.954062	1.116336	2851.000000	0.087006	0.001430	0.001230	0.000000	0.005180	0.004120	1.000000	0.154711	4.624242	26.257812	4.868164	0.003906	0.000000	0.000000	0.000000	0.000000	0.117152	3.463198	1.309773	0.044423	0.019006	0.403320	0.606873	33.260181	0.066406	0.088108	0.009037	0.000000	196608.000000	12.188967	384.000000	512.000000	589824.000000	0.750000	0.287682	0.000000	0.000000	3.000000	3.417959	4.694701	5.080268	5.275188	5.491140	0.122088	0.382168	1.000000	1.000000	0.031720	0.066614	0.158151	0.310001	4.000000	20.000000	69.000000	197.000000	255.000000	0.000000	0.000000	0.047619	0.142857	0.000000	0.000000	0.000000	0.015873	12.188967	12.188967	12.188967	0.000000	0.000000	0.000000	1.096367	1.397940	1.590368	0.021340	0.034588	0.044423	0.000000	0.000000	9.832154	0.829991	12.000000
	size-dense-renders	962312__sz48.png	size-dense-renders__962312__sz48.png	tiny	48	48	48	4319.384277	0.382073	0.000000	0.000000	0.000000	0.305556	0.111111	0.000000	0.294515	0.667286	31.000000	0.013455	0.000000	0.000000	0.000000	0.000000	0.000000	0.000000	0.184516	3.510831	77.027779	0.000000	0.083333	0.000000	0.000000	0.000000	1.000000	1.000000	3.936369	1.759269	0.010234	0.000000	0.333333	0.000000	40.557438	0.111111	0.205026	0.000000	1.000000	2304.000000	7.742402	48.000000	48.000000	6912.000000	1.000000	0.000000	0.000000	0.777778	3.000000														5.000000	70.000000	141.000000	255.000000	255.000000									7.742402	7.742402	8.317766	0.000000	0.000000	0.000000									1.796878	0.739004	5.000000
	kadid10k	I27.png	kadid10k__I27.png	medium	512	512	384	1671.153442	0.107540	0.139900	0.005165	0.004043	0.752279	0.180013	54.619854	0.550466	1.372517	3791.000000	0.115692	0.001330	0.001410	0.000000	0.005880	0.005920	2.000000	0.232070	3.627525	14.585938	5.184570	0.001953	0.000000	0.000000	0.000000	0.000000	0.087692	2.571228	1.274387	0.028880	0.005629	0.322266	0.069092	33.573326	0.004883	0.060314	0.009890	0.000000	196608.000000	12.188967	384.000000	512.000000	589824.000000	0.750000	0.287682	0.000000	0.000000	3.000000	2.126648	2.997270	4.918895	5.113866	5.437813	0.039612	0.087646	0.244972	1.000000	0.024556	0.040796	0.092292	0.380283	1.000000	4.000000	32.000000	172.000000	255.000000	0.000000	0.000000	0.000000	0.031746	0.000000	0.000000	0.000000	0.000000	12.188967	12.188967	12.188967	0.000000	0.000000	0.000000	1.018597	1.265703	1.380212	0.018261	0.025086	0.028880	0.000000	0.000000	19.502993	0.757640	12.000000
	size-dense-renders	4934193__sz192.png	size-dense-renders__4934193__sz192.png	small	192	192	192	5755.201172	0.155615	0.119424	0.006518	0.009281	0.434028	0.046875	49.922882	0.155682	1.114665	1584.000000	0.048340	0.003350	0.002860	0.000000	0.067080	0.057850	11.000000	0.087695	4.078473	23.093750	12.145833	0.000000	0.000000	0.000000	0.000000	0.000000	0.271023	3.407223	1.205877	0.057573	0.010708	0.590278	0.192193	23.575161	0.022569	0.083416	0.019125	0.000000	36864.000000	10.514991	192.000000	192.000000	110592.000000	1.000000	0.000000	0.000000	0.000000	3.000000	3.346890	4.535698	4.962873	5.189465	5.409919	0.113417	0.363279	1.000000	1.000000	0.024585	0.040672	0.289911	0.750297	3.000000	12.000000	41.000000	120.000000	255.000000	0.000000	0.000000	0.031746	0.158730	0.000000	0.000000	0.000000	0.031746	10.514991	10.514991	10.514991	0.000000	0.000000	0.000000	1.324476	1.578174	1.790527	0.028632	0.041924	0.057573	0.000000	0.000000	12.468795	0.882240	11.000000
	kadid10k	I81.png	kadid10k__I81.png	medium	512	512	384	2959.420166	0.098716	0.150952	0.007266	0.005442	0.272135	0.006836	56.732498	0.177364	1.358521	3534.000000	0.107849	0.001450	0.000870	0.000000	0.004400	0.003960	1.000000	0.088216	4.504001	16.941406	7.440430	0.004883	0.000000	0.000000	0.000000	0.000000	0.008540	3.557683	0.822699	0.128914	0.033419	0.705078	0.520482	18.789057	0.066406	0.062174	0.013703	0.000000	196608.000000	12.188967	384.000000	512.000000	589824.000000	0.750000	0.287682	0.000000	0.000000	3.000000	3.595136	4.140459	4.630913	4.899117	5.260351	0.233037	0.457164	0.905093	1.000000	0.054910	0.103254	0.208644	0.352932	3.000000	10.000000	28.000000	83.000000	255.000000	0.015873	0.015873	0.047619	0.079365	0.000000	0.000000	0.015873	0.015873	12.188967	12.188967	12.188967	0.000000	0.000000	0.000000	1.515211	2.129881	2.466868	0.039338	0.087732	0.128914	0.000000	0.000000	24.749413	0.889760	12.000000
	size-dense-renders	4934193__sz32.png	size-dense-renders__4934193__sz32.png	tiny	32	32	32	5178.609863	0.446410	0.107641	0.013192	0.023604	0.125000	0.000000	45.580151	0.109167	0.515602	372.000000	0.363281	0.008700	0.010520	0.000000	0.221650	0.329130	11.000000	0.149486	4.009006	60.375000	27.625000	0.000000	0.000000	0.000000	0.000000	0.000000	0.329102	4.307817	1.085423	0.073142	0.017189	0.375000	0.240234	24.935619	0.000000	0.190476	0.052579	0.000000	1024.000000	6.931472	32.000000	32.000000	3072.000000	1.000000	0.000000	0.000000	0.000000	3.000000																											6.931472	6.931472	6.931472	0.000000	0.000000	0.000000										0.837920	9.000000
	kadid10k	I15.png	kadid10k__I15.png	medium	512	512	384	4977.307129	0.381830	0.085293	0.004594	0.003533	0.286133	0.176758	33.728680	1.189795	1.038360	1527.000000	0.046600	0.000820	0.000880	0.000000	0.002790	0.002870	0.000000	0.231881	4.550722	31.097656	3.094727	0.012695	0.000000	0.000000	0.000000	0.000000	0.090973	3.598300	1.515943	0.029849	0.021564	0.165039	0.092707	24.544235	0.061523	0.145601	0.005983	0.000000	196608.000000	12.188967	384.000000	512.000000	589824.000000	0.750000	0.287682	0.000000	0.000000	3.000000	4.263208	4.727916	5.052024	5.241383	5.393392	0.054475	0.911454	1.000000	1.000000	0.036076	0.074239	0.128327	0.190284	16.000000	46.000000	85.000000	183.000000	255.000000	0.000000	0.000000	0.142857	0.238095	0.000000	0.000000	0.000000	0.015873	12.188967	12.188967	12.188967	0.000000	0.000000	0.000000	0.297623	1.031412	1.230047	0.004318	0.021697	0.029849	0.000000	0.000000	4.969526	0.720912	11.000000
	size-dense-renders	962312__sz64.png	size-dense-renders__962312__sz64.png	small	64	64	64	4630.979492	0.348954	0.000000	0.000000	0.000000	0.359375	0.140625	0.000000	0.364222	0.758225	32.000000	0.007812	0.000000	0.000000	0.000000	0.000000	0.000000	0.000000	0.220485	3.510505	56.921875	0.000000	0.046875	0.000000	0.000000	0.000000	1.000000	1.000000	3.735897	1.759088	0.006518	0.000000	0.265625	0.000000	41.544445	0.062500	0.189484	0.000000	1.000000	4096.000000	8.317766	64.000000	64.000000	12288.000000	1.000000	0.000000	0.000000	0.000000	3.000000														4.000000	60.000000	134.000000	255.000000	255.000000									8.317766	8.317766	8.317766	0.000000	0.000000	0.000000									2.417371	0.737600	5.000000
	size-dense-renders	962312__sz80.png	size-dense-renders__962312__sz80.png	small	80	80	80	4858.249023	0.328153	0.000000	0.000000	0.000000	0.430000	0.180000	0.000000	0.423542	0.772240	32.000000	0.005000	0.000000	0.000000	0.000000	0.000000	0.000000	0.000000	0.176138	3.425675	60.090000	0.000000	0.080000	0.000000	0.000000	0.000000	1.000000	1.000000	3.526148	1.855467	0.009179	0.000000	0.380000	0.000000	42.839382	0.090000	0.172857	0.000000	1.000000	6400.000000	8.764053	80.000000	80.000000	19200.000000	1.000000	0.000000	0.000000	0.440000	3.000000	4.466266	5.273604	5.493957	5.575520	5.695001	0.093416	1.000000	1.000000	1.000000	0.000000	0.000000	0.000000	0.000000	3.000000	55.000000	131.000000	255.000000	255.000000	0.000000	0.000000	0.158730	0.317460	0.000000	0.000000	0.000000	0.000000	8.764053	8.764053	9.128696	0.000000	0.000000	0.000000	0.000000	0.000000	0.586520	0.000000	0.000000	0.009179	0.000000	0.000000	2.677661	0.737596	5.000000
	size-dense-renders	2062426__sz128.png	size-dense-renders__2062426__sz128.png	small	128	128	128	2320.646973	0.241304	0.072500	0.009426	0.007465	0.109375	0.003906	28.448820	0.170608	0.949235	914.000000	0.055786	0.005830	0.010800	1.000000	0.025070	0.043020	2.000000	0.111759	3.773123	28.273438	7.578125	0.000000	0.000000	0.000000	0.000000	0.000000	0.288025	4.012520	0.798367	0.208350	0.051324	0.378906	0.362183	24.015430	0.007812	0.116691	0.014571	0.000000	16384.000000	9.704061	128.000000	128.000000	49152.000000	1.000000	0.000000	0.000000	0.000000	3.000000	4.059444	4.660296	5.043753	5.193321	5.374722	0.337223	0.821931	1.000000	1.000000	0.075735	0.135225	0.277830	0.443708	10.000000	26.000000	57.000000	142.000000	255.000000	0.015873	0.047619	0.095238	0.174603	0.000000	0.000000	0.000000	0.015873	9.704061	9.704061	9.704061	0.000000	0.000000	1.000000	1.929100	2.682089	3.028666	0.069200	0.149433	0.208350	0.000000	0.000000	9.841832	0.812722	10.000000
	size-dense-renders	1173777__sz384.png	size-dense-renders__1173777__sz384.png	medium	384	384	384	755.491455	0.266434	0.109860	0.029881	0.024020	0.067274	0.001302	47.126755	0.518711	1.212931	2120.000000	0.064697	0.037950	0.034900	2.000000	0.150220	0.132520	7.000000	0.275646	3.276946	18.853298	18.211805	0.001736	0.000000	0.000000	0.000000	0.000000	0.007826	4.010702	0.558885	0.294300	0.139703	0.107639	0.047601	19.879436	0.000000	0.132895	0.044670	0.000000	147456.000000	11.901285	384.000000	384.000000	442368.000000	1.000000	0.000000	0.000000	0.000000	3.000000	4.097500	4.351012	4.628017	4.879008	5.208583	0.499881	0.779830	1.000000	1.000000	0.216292	0.340964	0.512242	0.658541	13.000000	30.000000	55.000000	139.000000	255.000000	0.031746	0.079365	0.126984	0.190476	0.000000	0.031746	0.047619	0.063492	11.901285	11.901285	11.901285	0.000000	0.000000	1.000000	2.278754	3.037768	3.278968	0.093087	0.211151	0.294300	0.000000	0.015873	11.426815	0.757858	12.000000
	cid22-train	271624.png	cid22-train__271624.png	medium	512	512	512	1935.749756	0.059582	0.078362	0.006084	0.003755	0.626221	0.125977	41.477409	0.149196	1.646789	1949.000000	0.059479	0.004650	0.002900	4.000000	0.009760	0.006670	5.000000	0.094967	4.081634	10.029297	3.591797	0.008789	0.000000	0.000000	0.000000	0.000000	0.019966	2.706040	1.211807	0.027148	0.010204	0.438477	0.914040	23.217119	0.028320	0.038597	0.006092	0.000000	262144.000000	12.476649	512.000000	512.000000	786432.000000	1.000000	0.000000	0.000000	0.000000	3.000000	2.582916	3.692180	4.484506	4.794188	5.045100	0.043533	0.140964	0.538466	1.000000	0.018072	0.033133	0.093280	0.249330	1.000000	5.000000	15.000000	77.000000	255.000000	0.000000	0.000000	0.015873	0.047619	0.000000	0.000000	0.000000	0.000000	12.476649	12.476649	12.476649	0.000000	0.000000	0.000000	0.777019	1.193386	1.314065	0.011261	0.021694	0.027148	0.000000	0.000000	53.638058	0.804715	11.000000
	cid22-train	1428647.png	cid22-train__1428647.png	medium	512	512	512	6410.391602	0.084995	0.109450	0.006878	0.005018	0.508789	0.129639	37.538788	0.258522	1.318966	3513.000000	0.107208	0.004630	0.005540	2.000000	0.010720	0.013880	6.000000	0.065227	4.364254	17.602539	4.291016	0.000000	0.000000	0.000000	0.000000	0.000000	0.046829	3.004979	1.289854	0.029451	0.019084	0.460938	0.211147	33.384056	0.024414	0.053571	0.008557	0.000000	262144.000000	12.476649	512.000000	512.000000	786432.000000	1.000000	0.000000	0.000000	0.000000	3.000000	2.979064	3.966264	4.846016	5.258578	5.512084	0.057634	0.236390	0.735144	1.000000	0.026503	0.050027	0.128442	0.272971	2.000000	6.000000	19.000000	110.000000	255.000000	0.000000	0.000000	0.015873	0.079365	0.000000	0.000000	0.000000	0.015873	12.476649	12.476649	12.476649	0.000000	0.000000	0.000000	0.767852	1.189894	1.311420	0.012350	0.024202	0.029451	0.000000	0.000000	40.497948	0.818802	12.000000
	size-dense-renders	962312__sz96.png	size-dense-renders__962312__sz96.png	small	96	96	96	5034.731445	0.311025	0.000000	0.000000	0.000000	0.458333	0.208333	0.000000	0.496879	0.821106	32.000000	0.003472	0.000000	0.000000	0.000000	0.000000	0.000000	0.000000	0.181387	3.358301	56.055557	0.000000	0.076389	0.000000	0.000000	0.000000	1.000000	1.000000	3.395530	1.895090	0.006314	0.000000	0.354167	0.000000	42.158012	0.090278	0.162037	0.000000	1.000000	9216.000000	9.128696	96.000000	96.000000	27648.000000	1.000000	0.000000	0.000000	0.000000	3.000000	3.959232	5.195623	5.502302	5.621861	5.712816	0.066955	0.543672	1.000000	1.000000	0.000000	0.000000	0.000000	0.000000	2.000000	51.000000	130.000000	255.000000	255.000000	0.000000	0.000000	0.095238	0.317460	0.000000	0.000000	0.000000	0.000000	9.128696	9.128696	9.128696	0.000000	0.000000	0.000000	0.000000	0.000000	0.467977	0.000000	0.000000	0.006314	0.000000	0.000000	2.764617	0.725848	5.000000
	cid22-train	5617414.png	cid22-train__5617414.png	medium	512	512	512	2617.395508	0.156789	0.044476	0.004514	0.005103	0.401611	0.092041	16.595276	0.492385	1.250130	2256.000000	0.068848	0.002290	0.001480	1.000000	0.022650	0.021950	19.000000	0.089094	4.114404	23.303711	3.971680	0.003906	0.000000	0.000000	0.000000	0.000000	0.256413	3.426124	1.247918	0.045050	0.008421	0.519531	0.058090	30.308578	0.021484	0.078110	0.007208	0.000000	262144.000000	12.476649	512.000000	512.000000	786432.000000	1.000000	0.000000	0.000000	0.000000	3.000000	3.574834	4.466871	5.014083	5.228828	5.542652	0.108521	0.464963	1.000000	1.000000	0.021348	0.049521	0.120693	0.249989	3.000000	13.000000	38.000000	142.000000	255.000000	0.000000	0.000000	0.047619	0.126984	0.000000	0.000000	0.000000	0.000000	12.476649	12.476649	12.476649	0.000000	0.000000	0.000000	1.129831	1.462396	1.643452	0.018088	0.032900	0.045050	0.000000	0.000000	18.546886	0.856781	12.000000
	cid22-train	209864.png	cid22-train__209864.png	medium	512	512	512	2764.409912	0.115096	0.125245	0.003826	0.002554	0.556396	0.003174	51.131031	0.544830	1.522115	1868.000000	0.057007	0.001460	0.002370	1.000000	0.002900	0.005150	3.000000	0.229777	4.031667	13.181641	2.644531	0.001953	0.000000	0.000000	0.000000	0.000000	0.093250	3.205523	0.881769	0.081748	0.019295	0.161133	0.249901	34.861843	0.002930	0.059663	0.004371	0.000000	262144.000000	12.476649	512.000000	512.000000	786432.000000	1.000000	0.000000	0.000000	0.000000	3.000000	2.914269	3.876416	4.462497	4.984329	5.535462	0.111906	0.204309	0.549516	1.000000	0.026805	0.037367	0.070503	0.152057	6.000000	12.000000	33.000000	152.000000	255.000000	0.000000	0.000000	0.015873	0.063492	0.000000	0.000000	0.000000	0.000000	12.476649	12.476649	12.476649	0.000000	0.000000	0.000000	2.055892	2.260631	2.370027	0.050135	0.068516	0.081748	0.000000	0.000000	26.438150	0.682956	11.000000
	size-dense-renders	4cd6910a0b7b39365fda5df87618d091__sz384.png	size-dense-renders__4cd6910a0b7b39365fda5df87618d091__sz384.png	medium	384	384	192	1428.189575	0.202083	0.121385	0.000778	0.000439	0.456597	0.250868	39.849903	0.372108	0.969853	121.000000	0.003693	0.000690	0.016210	0.000000	0.001100	0.023400	1.000000	0.116400	2.308340	24.229166	4.599826	0.487847	0.000000	0.000000	0.000000	1.000000	0.937052	3.062899	1.873881	0.000000	0.000000	0.252604	0.000000	19.673574	0.465278	0.084642	0.003417	0.000000	73728.000000	11.208138	192.000000	384.000000	221184.000000	0.500000	0.693147	0.000000	0.000000	3.000000	3.725095	4.684262	4.778614	4.912736	5.206995	0.047026	0.546754	1.000000	1.000000	0.000000	0.019787	0.024752	0.030473	0.000000	18.000000	66.000000	145.000000	255.000000	0.000000	0.000000	0.063492	0.158730	0.000000	0.000000	0.000000	0.000000	11.208138	11.208138	11.208138	0.000000	0.000000	0.000000	0.000000	0.000000	0.000000	0.000000	0.000000	0.000000	0.000000	0.000000	6.536520	0.660527	7.000000
	size-dense-renders	4cd6910a0b7b39365fda5df87618d091__sz40.png	size-dense-renders__4cd6910a0b7b39365fda5df87618d091__sz40.png	tiny	40	40	20	920.919495	0.235577	0.119663	0.001841	0.001112	0.100000	0.000000	39.994389	0.027153	0.552812	31.000000	0.038750	0.000580	0.065580	0.000000	0.001030	0.100200	0.000000	0.109425	2.319953	23.000000	23.600000	0.000000	0.000000	0.000000	0.000000	1.000000	0.881250	4.070617	0.810732	0.293107	0.004318	0.400000	0.000000	34.329494	0.000000	0.063492	0.031746	0.000000	800.000000	6.684612	20.000000	40.000000	2400.000000	0.500000	0.693147	0.200000	1.560000	3.000000																											6.866933	7.336937	7.624619	0.000000	0.000000	0.000000										0.880336	5.000000
	size-dense-renders	4cd6910a0b7b39365fda5df87618d091__sz48.png	size-dense-renders__4cd6910a0b7b39365fda5df87618d091__sz48.png	tiny	48	48	24	809.001404	0.177613	0.110878	0.001545	0.000968	0.000000	0.000000	36.664654	0.018421	0.678352	33.000000	0.028646	0.000630	0.017000	0.000000	0.001070	0.023030	0.000000	0.025684	2.486997	22.111111	19.166666	0.000000	0.000000	0.000000	0.000000	1.000000	0.895833	3.981216	0.719741	0.259277	0.000000	0.388889	0.000000	27.204376	0.000000	0.068783	0.020282	0.000000	1152.000000	7.049255	24.000000	48.000000	3456.000000	0.500000	0.693147	0.000000	0.777778	3.000000																											7.049255	7.336937	7.624619	0.000000	0.000000	0.000000										0.859473	6.000000
	size-dense-renders	Beam-Space-Processing__sz128.png	size-dense-renders__Beam-Space-Processing__sz128.png	small	128	128	128	134.865234	0.067208	0.014550	0.000517	0.000624	0.574219	0.519531	5.302674	0.057252	1.144595	67.000000	0.004089	0.000620	0.000560	0.000000	0.005730	0.005070	2.000000	0.425813	1.120094	4.992188	0.867188	0.628906	0.000000	0.000000	0.000000	1.000000	0.985291	1.724974	1.841102	0.000000	0.000000	0.039062	0.000000	20.892679	0.640625	0.041915	0.000930	0.000000	16384.000000	9.704061	128.000000	128.000000	49152.000000	1.000000	0.000000	0.000000	0.000000	3.000000	0.000000	3.557264	4.094117	4.435209	4.694359	0.000000	0.000000	0.395969	0.728201	0.000000	0.000000	0.000000	0.000000	0.000000	8.000000	29.000000	90.000000	255.000000	0.000000	0.000000	0.000000	0.063492	0.000000	0.000000	0.000000	0.000000	9.704061	9.704061	9.704061	0.000000	0.000000	0.000000	0.000000	0.000000	0.000000	0.000000	0.000000	0.000000	0.000000	0.000000	33.554817	0.319379	7.000000
	size-dense-renders	2062426__sz160.png	size-dense-renders__2062426__sz160.png	small	160	160	160	2384.776123	0.228828	0.073515	0.009110	0.007183	0.145000	0.007500	28.781921	0.196688	0.998357	1075.000000	0.041992	0.005780	0.009700	0.000000	0.024910	0.037790	2.000000	0.114321	3.765906	26.665001	7.527500	0.005000	0.000000	0.000000	0.000000	0.000000	0.285039	3.968129	0.818097	0.198036	0.044286	0.310000	0.364336	24.371578	0.005000	0.112460	0.013135	0.000000	25600.000000	10.150348	160.000000	160.000000	76800.000000	1.000000	0.000000	0.000000	0.000000	3.000000	4.033906	4.663323	4.993912	5.142976	5.410260	0.357896	0.753841	1.000000	1.000000	0.076902	0.138360	0.245930	0.436849	10.000000	25.000000	53.000000	136.000000	255.000000	0.015873	0.047619	0.095238	0.158730	0.000000	0.000000	0.000000	0.015873	10.150348	10.150348	10.150348	0.000000	0.000000	1.000000	1.851163	2.573959	2.905661	0.050659	0.132692	0.198036	0.000000	0.000000	10.741467	0.810485	11.000000
	cid22-train	7280783.png	cid22-train__7280783.png	medium	512	512	512	1022.590454	0.134658	0.106741	0.013177	0.009502	0.154053	0.000000	45.577858	0.273064	1.284868	1946.000000	0.059387	0.007410	0.006660	1.000000	0.024610	0.024540	3.000000	0.187038	3.808075	12.331055	6.125977	0.000000	0.000000	0.000000	0.000000	0.000000	0.002708	3.676072	0.573763	0.202229	0.060371	0.491211	0.858295	11.686559	0.000000	0.085550	0.013408	0.000000	262144.000000	12.476649	512.000000	512.000000	786432.000000	1.000000	0.000000	0.000000	0.000000	3.000000	3.752422	4.082165	4.342200	4.476527	4.786448	0.343423	0.560820	0.795643	1.000000	0.092726	0.137435	0.200948	0.294105	6.000000	16.000000	34.000000	91.000000	255.000000	0.015873	0.031746	0.079365	0.126984	0.000000	0.000000	0.015873	0.015873	12.476649	12.476649	12.476649	0.000000	0.000000	1.000000	2.206657	2.554924	2.862392	0.068053	0.139783	0.202229	0.000000	0.000000	15.128848	0.839235	11.000000
	cid22-train	1796698.png	cid22-train__1796698.png	medium	512	512	512	5860.143555	0.121089	0.143309	0.009752	0.009615	0.362305	0.078857	60.099026	0.408098	1.173335	3592.000000	0.109619	0.008510	0.010950	3.000000	0.057380	0.068570	23.000000	0.089240	4.552983	22.750000	11.950195	0.005859	0.000000	0.000000	0.000000	0.000000	0.177700	3.446585	1.150645	0.061096	0.021964	0.729492	0.404190	29.447924	0.130859	0.073459	0.020058	0.000000	262144.000000	12.476649	512.000000	512.000000	786432.000000	1.000000	0.000000	0.000000	0.000000	3.000000	3.511313	4.330903	4.986697	5.194717	5.437901	0.161325	0.440249	1.000000	1.000000	0.044451	0.135015	0.323308	0.669663	1.000000	6.000000	25.000000	138.000000	255.000000	0.000000	0.015873	0.031746	0.111111	0.000000	0.000000	0.015873	0.031746	12.476649	12.476649	12.476649	0.000000	0.000000	0.000000	1.050545	1.393574	1.818617	0.020260	0.033842	0.061096	0.000000	0.000000	29.443520	0.904454	12.000000
	cid22-train	106399.png	cid22-train__106399.png	medium	512	512	512	3906.160889	0.146457	0.143564	0.009281	0.005208	0.486816	0.024170	52.104324	0.617496	1.152485	4523.000000	0.138031	0.015700	0.020180	7.000000	0.021670	0.032070	10.000000	0.110628	4.419976	20.365234	8.946289	0.003906	0.000000	0.000000	0.000000	0.000000	0.006287	3.250173	1.258950	0.048034	0.031465	0.423828	0.075241	34.284966	0.001953	0.065042	0.012649	0.000000	262144.000000	12.476649	512.000000	512.000000	786432.000000	1.000000	0.000000	0.000000	0.000000	3.000000	3.105462	4.414973	5.048623	5.276781	5.442897	0.089674	0.213072	1.000000	1.000000	0.046286	0.078691	0.206899	0.471509	3.000000	16.000000	45.000000	148.000000	255.000000	0.000000	0.000000	0.015873	0.095238	0.000000	0.000000	0.000000	0.015873	12.476649	12.476649	12.476649	0.000000	0.000000	0.000000	1.223609	1.422220	1.635828	0.022652	0.033389	0.048034	0.000000	0.000000	16.055029	0.787739	13.000000
	cid22-train	3493730.png	cid22-train__3493730.png	medium	512	512	512	2527.614014	0.099846	0.065412	0.005096	0.003958	0.132568	0.001221	25.995977	0.169824	1.373668	1357.000000	0.041412	0.000750	0.000950	0.000000	0.003040	0.003720	1.000000	0.084944	4.436148	15.321289	3.759766	0.001953	0.000000	0.000000	0.000000	0.000000	0.027691	3.720763	0.574329	0.224365	0.031141	0.670898	0.206566	10.221887	0.014648	0.069630	0.006944	0.000000	262144.000000	12.476649	512.000000	512.000000	786432.000000	1.000000	0.000000	0.000000	0.000000	3.000000	3.746721	4.113690	4.440720	4.629133	4.955720	0.363599	0.554030	0.866444	1.000000	0.043367	0.069362	0.123626	0.218316	4.000000	12.000000	28.000000	71.000000	225.000000	0.015873	0.031746	0.063492	0.095238	0.000000	0.000000	0.000000	0.015873	12.476649	12.476649	12.476649	0.000000	0.000000	0.000000	2.242417	2.775565	2.949359	0.099924	0.182126	0.224365	0.000000	0.015873	11.986170	0.901596	11.000000
	size-dense-renders	Beam-Space-Processing__sz160.png	size-dense-renders__Beam-Space-Processing__sz160.png	small	160	160	160	156.156815	0.112575	0.014959	0.000482	0.000580	0.595000	0.577500	5.445691	0.083523	1.123923	87.000000	0.003398	0.000430	0.000530	0.000000	0.003930	0.004870	1.000000	0.357636	1.028497	5.427500	0.777500	0.665000	0.000000	0.000000	0.000000	1.000000	0.985664	1.615703	1.901919	0.000000	0.000000	0.077500	0.000000	19.766001	0.690000	0.047302	0.001389	0.000000	25600.000000	10.150348	160.000000	160.000000	76800.000000	1.000000	0.000000	0.000000	0.000000	3.000000	0.000000	3.635922	4.193531	4.467659	4.751523	0.000000	0.000000	0.444034	0.846214	0.000000	0.000000	0.000000	0.000000	0.000000	7.000000	28.000000	91.000000	255.000000	0.000000	0.000000	0.000000	0.079365	0.000000	0.000000	0.000000	0.000000	10.150348	10.150348	10.150348	0.000000	0.000000	0.000000	0.000000	0.000000	0.000000	0.000000	0.000000	0.000000	0.000000	0.000000	37.705334	0.316566	7.000000
	cid22-train	4934193.png	cid22-train__4934193.png	medium	512	512	512	5892.387695	0.094110	0.121707	0.004551	0.006086	0.538574	0.136230	50.746048	0.246591	1.363982	2689.000000	0.082062	0.001950	0.001780	0.000000	0.033440	0.027270	19.000000	0.102734	4.092700	11.953125	6.050781	0.000000	0.000000	0.000000	0.000000	0.000000	0.248421	2.937042	1.154760	0.037713	0.003102	0.418945	0.184227	22.795534	0.005859	0.050270	0.010122	0.000000	262144.000000	12.476649	512.000000	512.000000	786432.000000	1.000000	0.000000	0.000000	0.000000	3.000000	2.845631	3.866225	4.648555	4.864215	5.251957	0.067205	0.196026	0.627731	1.000000	0.011659	0.029629	0.113170	0.358094	2.000000	8.000000	26.000000	98.000000	255.000000	0.000000	0.000000	0.015873	0.063492	0.000000	0.000000	0.000000	0.000000	12.476649	12.476649	12.476649	0.000000	0.000000	0.000000	1.000000	1.397668	1.543874	0.013933	0.027656	0.037713	0.000000	0.000000	24.699335	0.807517	12.000000
	cid22-train	2600340.png	cid22-train__2600340.png	medium	512	512	512	2337.234863	0.146361	0.087463	0.009206	0.010328	0.396729	0.042969	33.193882	0.495073	1.470837	3243.000000	0.098969	0.007010	0.005600	1.000000	0.110860	0.076740	33.000000	0.198323	3.756997	14.450195	7.001953	0.000000	0.000000	0.000000	0.000000	0.000000	0.049881	3.196254	1.104116	0.045762	0.017597	0.231445	0.158188	23.808449	0.000000	0.077582	0.012323	0.000000	262144.000000	12.476649	512.000000	512.000000	786432.000000	1.000000	0.000000	0.000000	0.000000	3.000000	3.348840	3.922281	4.752862	4.946737	5.311594	0.090617	0.322752	0.664864	1.000000	0.042251	0.076941	0.129762	0.377059	4.000000	17.000000	39.000000	136.000000	255.000000	0.000000	0.000000	0.031746	0.111111	0.000000	0.000000	0.000000	0.000000	12.476649	12.476649	12.476649	0.000000	0.000000	0.000000	1.324476	1.516658	1.668474	0.022461	0.033084	0.045762	0.000000	0.000000	20.040445	0.766792	12.000000
	size-dense-renders	1624307__sz384.png	size-dense-renders__1624307__sz384.png	medium	384	384	384	2894.214355	0.251334	0.142719	0.017854	0.012607	0.144531	0.000000	47.358776	0.399280	1.024422	3822.000000	0.116638	0.018060	0.022240	6.000000	0.050720	0.060570	6.000000	0.132593	4.423920	23.414930	15.261285	0.001736	0.000000	0.000000	0.000000	0.000000	0.030796	3.977932	0.741098	0.190460	0.074619	0.394965	0.416626	17.773293	0.000000	0.119254	0.030217	0.000000	147456.000000	11.901285	384.000000	384.000000	442368.000000	1.000000	0.000000	0.000000	0.000000	3.000000	4.117034	4.533988	4.823045	4.993819	5.173153	0.408745	0.825391	1.000000	1.000000	0.126451	0.248265	0.454339	0.659013	11.000000	28.000000	52.000000	114.000000	255.000000	0.015873	0.047619	0.111111	0.174603	0.000000	0.015873	0.015873	0.047619	11.901285	11.901285	11.901285	0.000000	0.000000	1.000000	2.107157	2.582897	2.831230	0.087842	0.143494	0.190460	0.000000	0.000000	7.934477	0.839823	12.000000
	size-dense-renders	2062426__sz192.png	size-dense-renders__2062426__sz192.png	small	192	192	192	2434.660156	0.216907	0.074268	0.008854	0.006957	0.163194	0.008681	29.027245	0.230646	1.144794	1251.000000	0.038177	0.005680	0.009280	0.000000	0.023700	0.035960	2.000000	0.117611	3.792742	25.281250	7.093750	0.000000	0.000000	0.000000	0.000000	0.000000	0.282986	3.880152	0.861106	0.149641	0.040021	0.279514	0.361572	24.506041	0.000000	0.105297	0.011106	0.000000	36864.000000	10.514991	192.000000	192.000000	110592.000000	1.000000	0.000000	0.000000	0.000000	3.000000	3.881027	4.624411	4.992566	5.162704	5.400498	0.314936	0.614537	1.000000	1.000000	0.074207	0.126444	0.217234	0.434041	9.000000	23.000000	51.000000	137.000000	255.000000	0.015873	0.031746	0.079365	0.142857	0.000000	0.000000	0.000000	0.015873	10.514991	10.514991	10.514991	0.000000	0.000000	1.000000	1.685602	2.323123	2.755875	0.041675	0.093329	0.149641	0.000000	0.000000	12.436942	0.781788	11.000000
	size-dense-renders	4934193__sz320.png	size-dense-renders__4934193__sz320.png	medium	320	320	320	5821.924316	0.111634	0.120581	0.005178	0.007144	0.476875	0.090000	50.340153	0.162213	1.216650	2073.000000	0.063263	0.002090	0.001910	0.000000	0.039550	0.032690	10.000000	0.087163	4.085976	16.697500	8.591250	0.001250	0.000000	0.000000	0.000000	0.000000	0.261621	3.193108	1.175709	0.044987	0.007198	0.555000	0.187559	22.175913	0.026875	0.065744	0.013919	0.000000	102400.000000	11.536642	320.000000	320.000000	307200.000000	1.000000	0.000000	0.000000	0.000000	3.000000	3.163865	4.222741	4.806434	5.026972	5.326774	0.087280	0.270884	0.980461	1.000000	0.021664	0.033208	0.168400	0.539574	2.000000	9.000000	29.000000	103.000000	240.000000	0.000000	0.000000	0.015873	0.111111	0.000000	0.000000	0.000000	0.015873	11.536642	11.536642	11.536642	0.000000	0.000000	0.000000	1.204120	1.460285	1.612121	0.024600	0.036467	0.044987	0.000000	0.000000	16.066174	0.862684	12.000000
	size-dense-renders	Beam-Space-Processing__sz192.png	size-dense-renders__Beam-Space-Processing__sz192.png	small	192	192	192	177.070694	0.118802	0.015179	0.000437	0.000529	0.619792	0.586806	5.525298	0.113007	1.223686	102.000000	0.003113	0.000340	0.000430	0.000000	0.003090	0.004000	1.000000	0.322162	0.999569	6.059028	0.677083	0.696181	0.000000	0.000000	0.000000	1.000000	0.986003	1.608165	1.934540	0.000000	0.000000	0.059028	0.000000	20.306599	0.746528	0.050154	0.001681	0.000000	36864.000000	10.514991	192.000000	192.000000	110592.000000	1.000000	0.000000	0.000000	0.000000	3.000000	0.000000	3.757847	4.323706	4.461230	4.898881	0.000000	0.000000	0.514407	0.942969	0.000000	0.000000	0.000000	0.000000	0.000000	4.000000	29.000000	94.000000	255.000000	0.000000	0.000000	0.000000	0.079365	0.000000	0.000000	0.000000	0.000000	10.514991	10.514991	10.514991	0.000000	0.000000	0.000000	0.000000	0.000000	0.000000	0.000000	0.000000	0.000000	0.000000	0.000000	35.458202	0.316153	7.000000
	kadid10k	I50.png	kadid10k__I50.png	medium	512	512	384	3600.207764	0.245947	0.203560	0.010055	0.004160	0.212240	0.001302	70.358498	0.618128	1.166016	5289.000000	0.161407	0.005140	0.007910	2.000000	0.003530	0.006730	0.000000	0.213920	4.603168	21.327148	12.239258	0.001953	0.000000	0.000000	0.000000	0.000000	0.006154	3.780396	0.816386	0.164970	0.038966	0.382812	0.286936	19.062546	0.000000	0.104988	0.020988	0.000000	196608.000000	12.188967	384.000000	512.000000	589824.000000	0.750000	0.287682	0.000000	0.000000	3.000000	3.867260	4.438150	4.782874	4.961743	5.187922	0.294835	0.575015	1.000000	1.000000	0.063056	0.145122	0.379662	0.676906	9.000000	29.000000	59.000000	140.000000	255.000000	0.015873	0.015873	0.079365	0.174603	0.000000	0.000000	0.015873	0.031746	12.188967	12.188967	12.188967	0.000000	0.000000	0.000000	1.826072	2.331301	2.685238	0.046901	0.108939	0.164970	0.000000	0.015873	8.867055	0.806163	13.000000
	kadid10k	I29.png	kadid10k__I29.png	medium	512	512	384	2515.602295	0.072438	0.114869	0.002495	0.001981	0.728190	0.657227	44.805767	0.148557	1.613199	1038.000000	0.031677	0.000360	0.000250	0.000000	0.001450	0.001060	0.000000	0.138847	3.269583	6.500977	1.979492	0.014648	0.000000	0.000000	0.000000	0.000000	0.701197	2.023559	1.334572	0.018736	0.000000	0.109375	0.238566	16.972952	0.162109	0.029033	0.004263	0.000000	196608.000000	12.188967	384.000000	512.000000	589824.000000	0.750000	0.287682	0.000000	0.000000	3.000000	1.393575	3.425369	4.210613	4.613525	5.088370	0.026208	0.034758	0.304879	0.915557	0.000000	0.000000	0.054266	0.153298	1.000000	3.000000	26.000000	79.000000	255.000000	0.000000	0.000000	0.000000	0.031746	0.000000	0.000000	0.000000	0.000000	12.188967	12.188967	12.188967	0.000000	0.000000	0.000000	0.000000	0.676696	0.974853	0.000000	0.011555	0.018736	0.000000	0.000000	20.875082	0.673280	11.000000
	kadid10k	I36.png	kadid10k__I36.png	medium	512	512	384	3340.025879	0.236627	0.189989	0.008527	0.012800	0.260417	0.019206	91.475296	0.860108	0.944270	5825.000000	0.177765	0.002550	0.005140	0.000000	0.032150	0.074510	12.000000	0.175750	4.211618	28.696289	22.020508	0.007812	0.000000	0.000000	0.000000	0.000000	0.193827	3.749099	1.188882	0.061887	0.034058	0.430664	0.127431	28.570587	0.012695	0.111902	0.032521	0.000000	196608.000000	12.188967	384.000000	512.000000	589824.000000	0.750000	0.287682	0.000000	0.000000	3.000000	4.037307	4.717444	5.057953	5.194262	5.366300	0.250257	0.752166	1.000000	1.000000	0.075303	0.230000	0.649799	1.000000	6.000000	22.000000	62.000000	190.000000	255.000000	0.000000	0.015873	0.079365	0.174603	0.000000	0.000000	0.015873	0.063492	12.188967	12.188967	12.188967	0.000000	0.000000	0.000000	0.748918	1.395491	1.905460	0.012799	0.033008	0.061887	0.000000	0.000000	11.489359	0.814419	13.000000
	size-dense-renders	4cd6910a0b7b39365fda5df87618d091__sz512.png	size-dense-renders__4cd6910a0b7b39365fda5df87618d091__sz512.png	medium	512	512	256	1510.161011	0.184452	0.121903	0.000865	0.000486	0.512695	0.345215	40.006943	0.547124	0.927522	134.000000	0.004089	0.001080	0.010210	1.000000	0.001650	0.014880	1.000000	0.145964	2.280400	23.296875	3.108398	0.533203	0.000000	0.000000	0.000000	1.000000	0.936287	2.714748	2.063642	0.000000	0.000000	0.202148	0.000000	22.794315	0.523438	0.087829	0.002496	0.000000	131072.000000	11.783502	256.000000	512.000000	393216.000000	0.500000	0.693147	0.000000	0.000000	3.000000	2.994949	4.754572	4.873169	4.938089	5.134840	0.000000	0.205517	1.000000	1.000000	0.000000	0.016782	0.026177	0.028637	0.000000	13.000000	65.000000	158.000000	255.000000	0.000000	0.000000	0.031746	0.174603	0.000000	0.000000	0.000000	0.000000	11.783502	11.783502	11.783502	0.000000	0.000000	0.000000	0.000000	0.000000	0.000000	0.000000	0.000000	0.000000	0.000000	0.000000	8.336664	0.573207	8.000000
	cid22-train	1292115.png	cid22-train__1292115.png	medium	512	512	512	7745.273926	0.032985	0.018750	0.002653	0.002851	0.583252	0.291016	8.549542	0.085271	1.585463	275.000000	0.008392	0.000540	0.000550	0.000000	0.003720	0.003860	0.000000	0.235959	4.066429	3.893555	0.279297	0.001953	0.000000	0.000000	0.000000	0.000000	0.240597	2.586742	1.003582	0.022355	0.000000	0.157227	0.000908	7.248147	0.000000	0.028708	0.000248	0.000000	262144.000000	12.476649	512.000000	512.000000	786432.000000	1.000000	0.000000	0.000000	0.000000	3.000000	2.747218	3.503791	3.822674	3.958982	4.346837	0.039317	0.165045	0.387999	0.590938	0.008728	0.029688	0.057892	0.084588	2.000000	8.000000	20.000000	51.000000	155.000000	0.000000	0.000000	0.015873	0.047619	0.000000	0.000000	0.000000	0.000000	12.476649	12.476649	12.476649	0.000000	0.000000	0.000000	1.030777	1.224014	1.327038	0.014277	0.018729	0.022355	0.000000	0.000000	12.514686	0.691054	9.000000
	size-dense-renders	4cd6910a0b7b39365fda5df87618d091__sz64.png	size-dense-renders__4cd6910a0b7b39365fda5df87618d091__sz64.png	tiny	64	64	32	888.471252	0.212494	0.114449	0.001284	0.000816	0.062500	0.000000	37.756592	0.039479	0.762832	36.000000	0.017578	0.000320	0.025240	0.000000	0.000650	0.035880	0.000000	0.063325	2.469381	21.343750	19.312500	0.000000	0.000000	0.000000	0.000000	1.000000	0.890137	3.922976	0.706911	0.244508	0.000000	0.250000	0.000000	25.701731	0.000000	0.067460	0.012401	0.000000	2048.000000	7.624619	32.000000	64.000000	6144.000000	0.500000	0.693147	0.000000	0.000000	3.000000														16.000000	27.000000	49.000000	89.000000	125.000000									7.624619	7.624619	7.624619	0.000000	0.000000	1.000000									3.928186	0.718760	6.000000
	kadid10k	I73.png	kadid10k__I73.png	medium	512	512	384	4043.118896	0.270493	0.163551	0.008617	0.004831	0.293945	0.100911	64.387100	1.716072	1.042029	1913.000000	0.058380	0.001580	0.003370	0.000000	0.003530	0.007420	0.000000	0.287865	4.532340	35.731445	8.762695	0.008789	0.000000	0.000000	0.000000	0.000000	0.058167	3.692250	1.381511	0.031567	0.019627	0.286133	0.075333	35.975422	0.031250	0.136238	0.017129	0.000000	196608.000000	12.188967	384.000000	512.000000	589824.000000	0.750000	0.287682	0.000000	0.000000	3.000000	3.961564	4.941163	5.200967	5.316318	5.509577	0.154856	0.651695	1.000000	1.000000	0.054199	0.124934	0.288631	0.545881	7.000000	36.000000	104.000000	245.000000	255.000000	0.000000	0.015873	0.079365	0.253968	0.000000	0.000000	0.000000	0.031746	12.188967	12.188967	12.188967	0.000000	0.000000	0.000000	0.676691	1.196847	1.379079	0.011555	0.024439	0.031567	0.000000	0.000000	5.155039	0.746780	11.000000
	cid22-train	3311574.png	cid22-train__3311574.png	medium	512	512	512	4716.744141	0.098012	0.055482	0.003368	0.002289	0.554932	0.124023	20.284025	0.356006	1.437793	1927.000000	0.058807	0.006930	0.008090	11.000000	0.014700	0.021990	20.000000	0.128586	4.599513	12.915039	2.007812	0.001953	0.000000	0.000000	0.000000	0.000000	0.367985	3.108594	1.061409	0.052964	0.000000	0.333008	0.045856	29.326462	0.005859	0.052440	0.003937	0.000000	262144.000000	12.476649	512.000000	512.000000	786432.000000	1.000000	0.000000	0.000000	0.000000	3.000000	2.963603	3.969824	4.710110	4.952780	5.281816	0.096634	0.199100	0.727891	1.000000	0.006195	0.019812	0.041636	0.115179	3.000000	12.000000	29.000000	119.000000	255.000000	0.000000	0.000000	0.015873	0.079365	0.000000	0.000000	0.000000	0.000000	12.476649	12.476649	12.476649	0.000000	0.000000	0.000000	1.284076	1.584754	1.707038	0.030282	0.044712	0.052964	0.000000	0.000000	31.546682	0.794028	11.000000
	cid22-train	45258.png	cid22-train__45258.png	medium	512	512	512	1368.531738	0.086879	0.211422	0.007455	0.007087	0.526123	0.065430	79.104225	0.246763	1.426468	1929.000000	0.058868	0.002720	0.002240	0.000000	0.021010	0.021110	5.000000	0.086430	3.241435	14.164062	7.888672	0.041992	0.000000	0.000000	0.000000	0.000000	0.087868	2.930993	1.292576	0.031528	0.019819	0.317383	0.111992	25.674713	0.041992	0.056098	0.015005	0.000000	262144.000000	12.476649	512.000000	512.000000	786432.000000	1.000000	0.000000	0.000000	0.000000	3.000000	2.983175	3.895640	4.729414	4.994060	5.494398	0.046547	0.228101	0.686055	1.000000	0.029733	0.063786	0.228369	0.516262	4.000000	9.000000	23.000000	101.000000	255.000000	0.000000	0.000000	0.015873	0.079365	0.000000	0.000000	0.000000	0.031746	12.476649	12.476649	12.476649	0.000000	0.000000	0.000000	0.000000	0.297629	1.643451	0.000000	0.004346	0.031528	0.000000	0.000000	31.920471	0.699116	11.000000
	size-dense-renders	b939ac34faa94b5d0e753d570edc7048__sz1024.png	size-dense-renders__b939ac34faa94b5d0e753d570edc7048__sz1024.png	medium	1024	1024	486	3470.457520	0.174098	0.203791	0.009140	0.011983	0.427214	0.157422	79.841560	0.718393	1.099112	8918.000000	0.272156	0.007530	0.013960	3.000000	0.072340	0.132880	18.000000	0.108041	4.226048	22.448088	21.615665	0.047359	0.000000	0.000000	0.000000	0.000000	0.028276	3.241440	1.508971	0.021478	0.006390	0.430783	0.230963	24.156229	0.065574	0.087692	0.029260	0.000000	497664.000000	13.117681	486.000000	1024.000000	1492992.000000	0.474609	0.745263	0.004115	0.053498	3.000000	3.538315	4.582063	4.994651	5.115812	5.315704	0.083569	0.435350	1.000000	1.000000	0.025595	0.141577	0.593830	1.000000	2.000000	16.000000	50.000000	128.000000	255.000000	0.000000	0.000000	0.047619	0.158730	0.000000	0.000000	0.015873	0.047619	13.121787	13.138048	13.169796	0.000000	0.000000	0.000000	0.000000	0.467976	1.055355	0.000000	0.005629	0.021478	0.000000	0.000000	9.856809	0.777487	14.000000
	kadid10k	I17.png	kadid10k__I17.png	medium	512	512	384	3325.941162	0.639625	0.134689	0.021261	0.009792	0.004232	0.000000	56.910206	3.191713	0.747745	5238.000000	0.159851	0.018770	0.019910	2.000000	0.020210	0.020230	4.000000	0.336378	4.556631	55.088867	16.722656	0.000000	0.000000	0.000000	0.000000	0.000000	0.012334	4.705810	0.454103	0.606153	0.089769	0.100586	0.644735	29.995148	0.000000	0.255534	0.033777	0.000000	196608.000000	12.188967	384.000000	512.000000	589824.000000	0.750000	0.287682	0.000000	0.000000	3.000000	4.794519	5.048862	5.196886	5.279846	5.396936	1.000000	1.000000	1.000000	1.000000	0.147464	0.266433	0.514327	0.790056	45.000000	89.000000	142.000000	253.000000	255.000000	0.111111	0.190476	0.269841	0.333333	0.000000	0.015873	0.031746	0.047619	12.188967	12.188967	12.188967	0.000000	3.000000	6.000000	3.317227	3.831869	4.104273	0.233137	0.415884	0.606153	0.031746	0.079365	1.399054	0.680651	13.000000
	size-dense-renders	4934193__sz80.png	size-dense-renders__4934193__sz80.png	small	80	80	80	5561.898438	0.275757	0.115651	0.009470	0.014487	0.310000	0.010000	48.543308	0.119710	0.811347	920.000000	0.143750	0.006090	0.006070	0.000000	0.124940	0.134320	9.000000	0.074503	4.091537	42.380001	22.330000	0.000000	0.000000	0.000000	0.000000	0.000000	0.299688	3.947952	1.128293	0.129932	0.021956	0.700000	0.206719	24.543961	0.000000	0.121905	0.031746	0.000000	6400.000000	8.764053	80.000000	80.000000	19200.000000	1.000000	0.000000	0.000000	0.440000	3.000000	4.400097	4.986756	5.246224	5.343986	5.498906	0.240103	1.000000	1.000000	1.000000	0.027309	0.107526	0.574086	1.000000	7.000000	27.000000	66.000000	139.000000	241.000000	0.000000	0.015873	0.095238	0.222222	0.000000	0.000000	0.000000	0.063492	8.764053	8.764053	9.128696	0.000000	0.000000	0.000000	1.841595	2.082785	2.432744	0.062693	0.085488	0.129932	0.000000	0.000000	5.692214	0.922341	10.000000
	size-dense-renders	Beam-Space-Processing__sz256.png	size-dense-renders__Beam-Space-Processing__sz256.png	medium	256	256	256	209.449158	0.113372	0.015449	0.000358	0.000430	0.662109	0.644531	5.619728	0.151331	1.416688	119.000000	0.003632	0.000170	0.000150	0.000000	0.001530	0.001350	0.000000	0.317250	0.965431	6.632812	0.450195	0.755859	0.000000	0.000000	0.000000	1.000000	0.986359	1.444187	1.943388	0.000000	0.000000	0.066406	0.000000	21.454653	0.795898	0.047402	0.001333	0.000000	65536.000000	11.090355	256.000000	256.000000	196608.000000	1.000000	0.000000	0.000000	0.000000	3.000000	0.000000	3.846885	4.200123	4.639392	4.933865	0.000000	0.000000	0.591348	0.868205	0.000000	0.000000	0.000000	0.000000	0.000000	0.000000	31.000000	98.000000	255.000000	0.000000	0.000000	0.000000	0.079365	0.000000	0.000000	0.000000	0.000000	11.090355	11.090355	11.090355	0.000000	0.000000	0.000000	0.000000	0.000000	0.000000	0.000000	0.000000	0.000000	0.000000	0.000000	32.750355	0.279081	7.000000
	size-dense-renders	Beam-Space-Processing__sz32.png	size-dense-renders__Beam-Space-Processing__sz32.png	tiny	32	32	32	52.522545	0.027055	0.011045	0.000251	0.000294	0.687500	0.125000	4.068996	0.003483	0.645886	12.000000	0.011719	0.000200	0.000700	0.000000	0.002140	0.006520	0.000000	0.266691	1.274339	2.562500	0.500000	0.000000	0.000000	0.000000	0.000000	1.000000	0.979492	2.632721	1.063716	0.005629	0.000000	0.000000	0.000000	3.327916	0.125000	0.024802	0.000992	0.000000	1024.000000	6.931472	32.000000	32.000000	3072.000000	1.000000	0.000000	0.000000	0.000000	3.000000																											6.931472	6.931472	6.931472	0.000000	0.000000	0.000000										0.676240	4.000000
	size-dense-renders	b939ac34faa94b5d0e753d570edc7048__sz128.png	size-dense-renders__b939ac34faa94b5d0e753d570edc7048__sz128.png	small	128	128	61	2886.968750	0.448256	0.188362	0.024082	0.032839	0.089286	0.026786	75.166992	0.209599	0.572598	2039.000000	0.261142	0.031870	0.061520	5.000000	0.396490	0.815280	30.000000	0.114437	4.221591	52.321430	56.294643	0.000000	0.000000	0.000000	0.000000	0.000000	0.030353	4.473916	0.932791	0.345143	0.140238	0.464286	0.219169	19.870665	0.017857	0.188209	0.075680	0.000000	7808.000000	8.962904	61.000000	128.000000	23424.000000	0.476562	0.741156	0.049180	0.049180	3.000000	4.812530	5.013556	5.086875	5.128471	5.242370	1.000000	1.000000	1.000000	1.000000	0.551164	0.823986	1.000000	1.000000	22.000000	51.000000	82.000000	149.000000	247.000000	0.047619	0.126984	0.206349	0.269841	0.015873	0.047619	0.063492	0.111111	9.010913	9.010913	9.010913	0.000000	0.000000	0.000000	0.903087	1.603245	3.280518	0.015659	0.045976	0.345143	0.000000	0.000000	2.430092	0.847409	11.000000
	cid22-train	146083.png	cid22-train__146083.png	medium	512	512	512	3577.958252	0.286070	0.103130	0.009383	0.005571	0.097900	0.000244	41.713211	0.620262	1.124846	3541.000000	0.108063	0.005720	0.004580	1.000000	0.012200	0.009370	3.000000	0.163783	4.623803	23.990234	4.957031	0.000000	0.000000	0.000000	0.000000	0.000000	0.212566	4.019439	0.677103	0.253817	0.028138	0.385742	0.448479	16.410585	0.004883	0.125558	0.009890	0.000000	262144.000000	12.476649	512.000000	512.000000	786432.000000	1.000000	0.000000	0.000000	0.000000	3.000000	4.126740	4.488255	4.780320	4.956950	5.211806	0.497384	0.823253	1.000000	1.000000	0.045168	0.086273	0.187571	0.298354	12.000000	30.000000	55.000000	123.000000	255.000000	0.031746	0.063492	0.126984	0.174603	0.000000	0.000000	0.000000	0.015873	12.476649	12.476649	12.476649	0.000000	0.000000	1.000000	2.102466	2.659857	3.047178	0.079923	0.157148	0.253817	0.000000	0.015873	8.730182	0.839614	12.000000
	size-dense-renders	4934193__sz96.png	size-dense-renders__4934193__sz96.png	small	96	96	96	5612.720215	0.246537	0.116699	0.008806	0.013274	0.333333	0.000000	48.927006	0.123638	0.863154	1064.000000	0.115451	0.005510	0.005370	0.000000	0.115710	0.115170	8.000000	0.092020	4.081230	33.347221	17.333334	0.000000	0.000000	0.000000	0.000000	0.000000	0.292535	3.838989	1.093405	0.111077	0.018891	0.694444	0.202908	24.439156	0.013889	0.115410	0.027227	0.000000	9216.000000	9.128696	96.000000	96.000000	27648.000000	1.000000	0.000000	0.000000	0.000000	3.000000	4.027510	4.889015	5.109004	5.197484	5.402447	0.213698	0.761642	1.000000	1.000000	0.027424	0.093910	0.497743	1.000000	6.000000	21.000000	61.000000	137.000000	255.000000	0.000000	0.015873	0.079365	0.206349	0.000000	0.000000	0.000000	0.047619	9.128696	9.128696	9.128696	0.000000	0.000000	0.000000	1.697747	2.091612	2.358769	0.053458	0.086622	0.111077	0.000000	0.000000	7.805468	0.910106	11.000000
	cid22-train	26103251787_d8635e260d_o.png	cid22-train__26103251787_d8635e260d_o.png	medium	512	512	512	1781.647705	0.133628	0.151121	0.008985	0.008767	0.378662	0.014648	53.948650	0.291856	1.370322	2030.000000	0.061951	0.006840	0.003310	2.000000	0.034850	0.017980	8.000000	0.086761	3.828110	16.367188	6.915039	0.003906	0.000000	0.000000	0.000000	0.000000	0.247673	3.413473	1.007649	0.079106	0.022076	0.442383	0.042107	23.999479	0.010742	0.077195	0.010680	0.000000	262144.000000	12.476649	512.000000	512.000000	786432.000000	1.000000	0.000000	0.000000	0.000000	3.000000	3.396284	4.131875	4.793650	5.128380	5.423079	0.158479	0.379568	0.887521	1.000000	0.036371	0.063295	0.131957	0.406394	4.000000	10.000000	30.000000	103.000000	255.000000	0.000000	0.015873	0.047619	0.126984	0.000000	0.000000	0.000000	0.000000	12.476649	12.476649	12.476649	0.000000	0.000000	0.000000	1.543874	1.857333	2.109747	0.033305	0.053043	0.079106	0.000000	0.000000	25.805138	0.834078	11.000000
	size-dense-renders	2062426__sz256.png	size-dense-renders__2062426__sz256.png	medium	256	256	256	2504.306885	0.196401	0.075370	0.008449	0.006581	0.153320	0.011719	29.384634	0.275007	1.074057	1596.000000	0.048706	0.005660	0.009200	0.000000	0.022690	0.034430	3.000000	0.109999	3.789567	22.840820	6.926758	0.012695	0.000000	0.000000	0.000000	0.000000	0.281967	3.851173	0.825946	0.180523	0.043268	0.315430	0.364456	24.324202	0.001953	0.102896	0.011641	0.000000	65536.000000	11.090355	256.000000	256.000000	196608.000000	1.000000	0.000000	0.000000	0.000000	3.000000	3.878450	4.428151	4.997744	5.147036	5.329213	0.319221	0.625118	1.000000	1.000000	0.079315	0.133625	0.216087	0.408633	7.000000	22.000000	48.000000	131.000000	255.000000	0.015873	0.047619	0.079365	0.142857	0.000000	0.000000	0.000000	0.015873	11.090355	11.090355	11.090355	0.000000	0.000000	0.000000	1.710619	2.411171	2.864279	0.044446	0.103878	0.180523	0.000000	0.000000	13.428987	0.813474	11.000000
	size-dense-renders	2062426__sz32.png	size-dense-renders__2062426__sz32.png	tiny	32	32	32	1796.387573	0.411030	0.062836	0.012533	0.009765	0.000000	0.000000	25.264046	0.082111	0.540626	263.000000	0.256836	0.009860	0.021330	0.000000	0.045470	0.095160	1.000000	0.111865	3.651804	54.125000	13.875000	0.000000	0.000000	0.000000	0.000000	0.000000	0.314453	4.656183	0.467758	0.875419	0.225603	0.625000	0.394531	25.606056	0.000000	0.200397	0.034722	0.000000	1024.000000	6.931472	32.000000	32.000000	3072.000000	1.000000	0.000000	0.000000	0.000000	3.000000																											6.931472	6.931472	6.931472	0.000000	0.000000	0.000000										0.889993	9.000000
	cid22-train	21169144185_3f7977cb5a_o.png	cid22-train__21169144185_3f7977cb5a_o.png	medium	512	512	512	3320.630127	0.160646	0.316758	0.018654	0.014935	0.530762	0.062988	116.339874	1.114592	1.174023	9183.000000	0.280243	0.053200	0.057340	11.000000	0.231470	0.252190	53.000000	0.212004	4.341135	24.255859	38.177734	0.001953	0.000000	0.000000	0.000000	0.000000	0.023022	3.204142	1.391119	0.042703	0.022242	0.445312	0.083191	37.750668	0.027344	0.097517	0.040132	0.000000	262144.000000	12.476649	512.000000	512.000000	786432.000000	1.000000	0.000000	0.000000	0.000000	3.000000	3.023639	4.589128	5.095841	5.237410	5.396289	0.071157	0.235114	1.000000	1.000000	0.034486	0.072855	0.586093	1.000000	1.000000	9.000000	60.000000	218.000000	255.000000	0.000000	0.000000	0.015873	0.174603	0.000000	0.000000	0.000000	0.079365	12.476649	12.476649	12.476649	0.000000	0.000000	0.000000	1.144184	1.379078	1.560617	0.020915	0.032619	0.042703	0.000000	0.000000	12.823728	0.845949	14.000000
	cid22-train	2738653.png	cid22-train__2738653.png	medium	512	512	512	2657.521240	0.262074	0.128247	0.021180	0.009579	0.088623	0.000244	47.856750	0.728616	1.230475	2150.000000	0.065613	0.021120	0.042400	3.000000	0.032390	0.078010	13.000000	0.223461	4.242277	19.806641	11.302734	0.000000	0.000000	0.000000	0.000000	0.000000	0.047977	3.914601	0.624425	0.246184	0.055350	0.159180	0.237164	20.457266	0.001953	0.117761	0.024368	0.000000	262144.000000	12.476649	512.000000	512.000000	786432.000000	1.000000	0.000000	0.000000	0.000000	3.000000	3.906482	4.295479	4.761430	5.010768	5.321716	0.392739	0.603551	0.987977	1.000000	0.138313	0.243803	0.359915	0.525061	15.000000	32.000000	56.000000	141.000000	255.000000	0.015873	0.047619	0.095238	0.158730	0.000000	0.000000	0.015873	0.031746	12.476649	12.476649	12.476649	0.000000	0.000000	1.000000	2.316887	2.782070	3.143517	0.112980	0.184328	0.246184	0.000000	0.015873	10.440722	0.745682	12.000000
	size-dense-renders	4934193__sz384.png	size-dense-renders__4934193__sz384.png	medium	384	384	384	5838.604004	0.098337	0.120869	0.004758	0.006469	0.524740	0.124566	50.444099	0.153823	1.312333	2270.000000	0.069275	0.001720	0.001480	0.000000	0.030900	0.025280	10.000000	0.083806	4.084789	14.925347	7.322049	0.001736	0.000000	0.000000	0.000000	0.000000	0.259528	3.084547	1.169482	0.041591	0.005836	0.532986	0.186646	21.084286	0.021701	0.057250	0.012208	0.000000	147456.000000	11.901285	384.000000	384.000000	442368.000000	1.000000	0.000000	0.000000	0.000000	3.000000	2.964959	4.023509	4.755138	5.013102	5.302046	0.080023	0.227015	0.793673	1.000000	0.018907	0.030790	0.135913	0.474557	2.000000	7.000000	25.000000	92.000000	252.000000	0.000000	0.000000	0.015873	0.079365	0.000000	0.000000	0.000000	0.015873	11.901285	11.901285	11.901285	0.000000	0.000000	0.000000	1.168792	1.414971	1.569486	0.021517	0.032451	0.041591	0.000000	0.000000	18.620243	0.853796	12.000000
	cid22-train	7394483.png	cid22-train__7394483.png	medium	512	512	512	1491.264404	0.071166	0.059764	0.003962	0.004897	0.589844	0.116455	24.563831	0.125443	1.464612	1241.000000	0.037872	0.001150	0.000820	0.000000	0.018970	0.007590	4.000000	0.091992	3.821332	9.296875	3.294922	0.000000	0.000000	0.000000	0.000000	0.000000	0.109425	2.858875	1.040218	0.044303	0.004253	0.564453	0.299591	15.571987	0.041992	0.041791	0.006944	0.000000	262144.000000	12.476649	512.000000	512.000000	786432.000000	1.000000	0.000000	0.000000	0.000000	3.000000	2.660806	3.694055	4.423361	4.678932	5.021924	0.073968	0.162419	0.558942	1.000000	0.016226	0.033221	0.092860	0.322627	2.000000	5.000000	17.000000	70.000000	255.000000	0.000000	0.000000	0.015873	0.047619	0.000000	0.000000	0.000000	0.000000	12.476649	12.476649	12.476649	0.000000	0.000000	0.000000	1.224015	1.446187	1.612122	0.021964	0.033775	0.044303	0.000000	0.000000	30.994984	0.874192	11.000000
	size-dense-renders	4934193__sz40.png	size-dense-renders__4934193__sz40.png	tiny	40	40	40	5296.598145	0.397765	0.110138	0.012114	0.021016	0.160000	0.000000	46.510490	0.103263	0.619804	472.000000	0.295000	0.008530	0.011220	0.000000	0.215690	0.320280	9.000000	0.100330	4.080682	53.919998	26.520000	0.000000	0.000000	0.000000	0.000000	0.000000	0.330000	4.305185	1.005102	0.216585	0.021291	0.600000	0.224375	25.778055	0.000000	0.177778	0.040000	0.000000	1600.000000	7.377759	40.000000	40.000000	4800.000000	1.000000	0.000000	0.000000	1.560000	3.000000														11.000000	46.000000	88.000000	166.000000	255.000000									7.377759	7.742402	8.317766	0.000000	0.000000	1.000000									4.896028	0.881938	9.000000
	cid22-train	5739122.png	cid22-train__5739122.png	medium	512	512	512	4887.511230	0.213886	0.076892	0.006516	0.005677	0.290771	0.029053	26.373039	0.385406	1.098935	2529.000000	0.077179	0.002700	0.003750	1.000000	0.014470	0.021120	7.000000	0.058916	4.393619	30.711914	6.237305	0.014648	0.000000	0.000000	0.000000	0.000000	0.191959	3.776952	1.197070	0.069607	0.008446	0.600586	0.226807	23.048010	0.010742	0.100183	0.013052	0.000000	262144.000000	12.476649	512.000000	512.000000	786432.000000	1.000000	0.000000	0.000000	0.000000	3.000000	4.153157	4.749910	5.091649	5.236015	5.477133	0.180775	0.922381	1.000000	1.000000	0.032200	0.103904	0.217627	0.377966	6.000000	17.000000	35.000000	117.000000	255.000000	0.000000	0.015873	0.095238	0.158730	0.000000	0.000000	0.000000	0.015873	12.476649	12.476649	12.476649	0.000000	0.000000	0.000000	0.000000	1.662168	2.073202	0.000000	0.038666	0.069607	0.000000	0.000000	23.634789	0.845140	12.000000
	size-dense-renders	4934193__sz48.png	size-dense-renders__4934193__sz48.png	tiny	48	48	48	5381.873535	0.358533	0.111880	0.011377	0.019072	0.250000	0.000000	47.156479	0.102408	0.649272	581.000000	0.252170	0.007770	0.010060	0.000000	0.170240	0.239530	10.000000	0.113197	4.083153	42.000000	22.611111	0.000000	0.000000	0.000000	0.000000	0.000000	0.324653	4.170037	1.031892	0.182265	0.021619	0.527778	0.220486	25.207251	0.000000	0.156526	0.039683	0.000000	2304.000000	7.742402	48.000000	48.000000	6912.000000	1.000000	0.000000	0.000000	0.777778	3.000000														10.000000	41.000000	81.000000	158.000000	229.000000									7.742402	7.742402	8.317766	0.000000	0.000000	1.000000									4.451723	0.879472	10.000000
	size-dense-renders	4934193__sz64.png	size-dense-renders__4934193__sz64.png	small	64	64	64	5489.093750	0.312925	0.114241	0.010267	0.016315	0.296875	0.000000	48.027966	0.108420	0.818381	762.000000	0.186035	0.006730	0.007620	0.000000	0.153580	0.189770	13.000000	0.097420	4.053614	39.187500	23.328125	0.000000	0.000000	0.000000	0.000000	0.000000	0.309570	3.989796	1.108096	0.135256	0.021016	0.562500	0.209961	24.646368	0.000000	0.135169	0.037202	0.000000	4096.000000	8.317766	64.000000	64.000000	12288.000000	1.000000	0.000000	0.000000	0.000000	3.000000														8.000000	32.000000	72.000000	141.000000	255.000000									8.317766	8.317766	8.317766	0.000000	0.000000	1.000000									5.753923	0.898490	10.000000
	size-dense-renders	4cd6910a0b7b39365fda5df87618d091__sz80.png	size-dense-renders__4cd6910a0b7b39365fda5df87618d091__sz80.png	tiny	80	80	40	937.762451	0.247647	0.115878	0.001106	0.000781	0.080000	0.000000	38.192314	0.051883	0.838027	39.000000	0.012187	0.000180	0.067490	0.000000	0.000440	0.094660	0.000000	0.079824	2.453804	23.320000	18.340000	0.000000	0.000000	0.000000	0.000000	1.000000	0.914062	3.940058	0.693089	0.240598	0.000000	0.240000	0.000000	21.802771	0.000000	0.073016	0.010476	0.000000	3200.000000	8.070906	40.000000	80.000000	9600.000000	0.500000	0.693147	0.000000	0.920000	3.000000														13.000000	33.000000	49.000000	90.000000	127.000000									8.070906	8.253227	8.723231	0.000000	0.000000	0.000000									1.966562	0.735032	6.000000
	cid22-train	1910225.png	cid22-train__1910225.png	medium	512	512	512	2278.460938	0.031430	0.223043	0.009737	0.010613	0.640869	0.232910	89.374741	0.051420	1.552751	6269.000000	0.191315	0.016930	0.009090	5.000000	0.070300	0.039490	17.000000	0.082637	3.928227	6.072266	15.830078	0.005859	0.000000	0.000000	0.000000	0.000000	0.001320	2.486495	1.129984	0.018917	0.016587	0.442383	0.010990	13.822284	0.022461	0.027204	0.021763	0.000000	262144.000000	12.476649	512.000000	512.000000	786432.000000	1.000000	0.000000	0.000000	0.000000	3.000000	2.392889	3.475251	4.029424	4.354298	4.662729	0.028667	0.122559	0.426124	0.801584	0.029925	0.122958	0.366857	0.758475	1.000000	3.000000	9.000000	50.000000	187.000000	0.000000	0.000000	0.015873	0.047619	0.000000	0.000000	0.015873	0.031746	12.476649	12.476649	12.476649	0.000000	0.000000	0.000000	0.676694	1.038921	1.174279	0.008675	0.014900	0.018917	0.000000	0.000000	45.380104	0.756468	13.000000
	size-dense-renders	4cd6910a0b7b39365fda5df87618d091__sz640.png	size-dense-renders__4cd6910a0b7b39365fda5df87618d091__sz640.png	medium	640	640	319	1610.852783	0.164856	0.123378	0.000995	0.000543	0.577885	0.428846	40.518703	0.894592	0.879646	152.000000	0.004639	0.001550	0.001430	2.000000	0.002360	0.002180	3.000000	0.207170	2.186722	25.382692	2.036538	0.568269	0.000000	0.000000	0.000000	1.000000	0.937025	2.399739	2.154058	0.000000	0.000000	0.067308	0.000000	25.716936	0.591346	0.093498	0.002259	0.000000	204160.000000	12.226659	319.000000	640.000000	612480.000000	0.498437	0.696277	0.003135	0.003135	3.000000	2.770115	4.814580	4.971545	5.011795	5.083556	0.000000	0.152655	1.000000	1.000000	0.000000	0.000000	0.026079	0.029695	0.000000	6.000000	68.000000	198.000000	255.000000	0.000000	0.000000	0.015873	0.206349	0.000000	0.000000	0.000000	0.000000	12.229789	12.229789	12.229789	0.000000	0.000000	0.000000	0.000000	0.000000	0.000000	0.000000	0.000000	0.000000	0.000000	0.000000	10.493569	0.461557	8.000000
	cid22-train	3534924.png	cid22-train__3534924.png	medium	512	512	512	1399.954102	0.049946	0.121597	0.003755	0.003884	0.495605	0.002686	45.919724	0.193250	1.427032	1092.000000	0.033325	0.000740	0.000630	0.000000	0.007740	0.005740	8.000000	0.135539	3.272654	7.577148	2.381836	0.003906	0.000000	0.000000	0.000000	0.000000	0.290771	3.198834	0.676361	0.103884	0.018513	0.220703	0.123535	22.944258	0.010742	0.031684	0.003984	0.000000	262144.000000	12.476649	512.000000	512.000000	786432.000000	1.000000	0.000000	0.000000	0.000000	3.000000	3.074085	3.398114	4.257165	4.840046	5.100951	0.133041	0.184950	0.300177	1.000000	0.023897	0.031534	0.047926	0.137865	7.000000	15.000000	27.000000	75.000000	255.000000	0.000000	0.000000	0.000000	0.031746	0.000000	0.000000	0.000000	0.000000	12.476649	12.476649	12.476649	0.000000	0.000000	0.000000	1.868865	2.460522	2.558990	0.059217	0.090510	0.103884	0.000000	0.000000	27.405815	0.590510	11.000000
	cid22-train	144200.png	cid22-train__144200.png	medium	512	512	512	1466.148315	0.038120	0.113257	0.005328	0.003620	0.761230	0.307861	37.936352	0.108554	1.661461	2428.000000	0.074097	0.002280	0.002710	1.000000	0.007170	0.011140	3.000000	0.116858	2.731795	5.744141	3.975586	0.001953	0.000000	0.000000	0.000000	0.000000	0.010860	2.153195	1.157957	0.017877	0.018319	0.190430	0.497471	23.669771	0.004883	0.023717	0.005921	0.000000	262144.000000	12.476649	512.000000	512.000000	786432.000000	1.000000	0.000000	0.000000	0.000000	3.000000	1.582452	3.060485	3.932420	4.453404	5.151550	0.022552	0.043938	0.227698	0.715365	0.023729	0.031927	0.081835	0.288039	1.000000	3.000000	12.000000	68.000000	255.000000	0.000000	0.000000	0.000000	0.015873	0.000000	0.000000	0.000000	0.000000	12.476649	12.476649	12.476649	0.000000	0.000000	0.000000	0.881350	1.030780	1.121704	0.010826	0.015355	0.017877	0.000000	0.000000	62.674240	0.637143	12.000000
	size-dense-renders	4cd6910a0b7b39365fda5df87618d091__sz96.png	size-dense-renders__4cd6910a0b7b39365fda5df87618d091__sz96.png	small	96	96	48	977.928711	0.276596	0.116667	0.001029	0.000704	0.083333	0.055556	38.421879	0.069655	0.909600	48.000000	0.010417	0.000310	0.053020	0.000000	0.000610	0.078020	0.000000	0.090368	2.560844	24.083334	16.708334	0.055556	0.000000	0.000000	0.000000	1.000000	0.929470	3.898856	0.921638	0.292320	0.003102	0.236111	0.000000	16.994858	0.069444	0.078483	0.007937	0.000000	4608.000000	8.435549	48.000000	96.000000	13824.000000	0.500000	0.693147	0.000000	0.333333	3.000000														15.000000	32.000000	55.000000	92.000000	141.000000									8.435549	8.435549	8.723231	0.000000	0.000000	0.000000									1.300169	0.712541	6.000000
	cid22-train	2184504.png	cid22-train__2184504.png	medium	512	512	512	3223.308350	0.260753	0.064866	0.010083	0.008232	0.135742	0.015381	29.191359	0.661001	1.322052	2035.000000	0.062103	0.005010	0.004150	0.000000	0.021130	0.018150	3.000000	0.167869	4.369213	20.780273	3.854492	0.009766	0.000000	0.000000	0.000000	0.000000	0.136509	3.908854	0.820022	0.197297	0.042100	0.230469	0.614597	21.582647	0.009766	0.117777	0.007285	0.000000	262144.000000	12.476649	512.000000	512.000000	786432.000000	1.000000	0.000000	0.000000	0.000000	3.000000	4.037655	4.458765	4.808157	4.993878	5.158275	0.374514	0.731132	1.000000	1.000000	0.059616	0.091742	0.153908	0.253543	12.000000	30.000000	56.000000	131.000000	255.000000	0.015873	0.047619	0.111111	0.174603	0.000000	0.000000	0.000000	0.015873	12.476649	12.476649	12.476649	0.000000	0.000000	1.000000	0.297622	2.524862	2.888241	0.004253	0.121452	0.197297	0.000000	0.000000	9.569454	0.774151	11.000000
	size-dense-renders	Beam-Space-Processing__sz320.png	size-dense-renders__Beam-Space-Processing__sz320.png	medium	320	320	320	238.480865	0.103645	0.015606	0.000300	0.000361	0.691875	0.684375	5.674816	0.208392	1.541187	124.000000	0.003784	0.000110	0.000130	0.000000	0.000990	0.001240	0.000000	0.289684	0.851330	7.000000	0.449375	0.813750	0.000000	0.000000	0.000000	1.000000	0.986572	1.309481	1.942392	0.000000	0.000000	0.058750	0.000000	23.322039	0.832500	0.043829	0.000942	0.000000	102400.000000	11.536642	320.000000	320.000000	307200.000000	1.000000	0.000000	0.000000	0.000000	3.000000	0.000000	3.970553	4.224737	4.525563	5.048703	0.000000	0.000000	0.669316	0.896494	0.000000	0.000000	0.000000	0.000000	0.000000	0.000000	31.000000	110.000000	255.000000	0.000000	0.000000	0.000000	0.079365	0.000000	0.000000	0.000000	0.000000	11.536642	11.536642	11.536642	0.000000	0.000000	0.000000	0.000000	0.000000	0.000000	0.000000	0.000000	0.000000	0.000000	0.000000	31.880959	0.245259	7.000000
	cid22-train	5184684.png	cid22-train__5184684.png	medium	512	512	512	2081.367432	0.106981	0.107984	0.006065	0.006771	0.444824	0.073486	42.269295	0.212861	1.222301	2056.000000	0.062744	0.002180	0.003050	0.000000	0.034270	0.040430	14.000000	0.129948	3.927186	12.526367	6.526367	0.011719	0.000000	0.000000	0.000000	0.000000	0.023228	3.163966	1.112306	0.041837	0.016172	0.432617	0.280872	15.122820	0.011719	0.059524	0.012044	0.000000	262144.000000	12.476649	512.000000	512.000000	786432.000000	1.000000	0.000000	0.000000	0.000000	3.000000	3.215092	4.155723	4.591058	4.774181	5.056791	0.089726	0.282722	0.881755	1.000000	0.026177	0.063154	0.134916	0.421610	3.000000	11.000000	29.000000	84.000000	255.000000	0.000000	0.000000	0.031746	0.095238	0.000000	0.000000	0.000000	0.015873	12.476649	12.476649	12.476649	0.000000	0.000000	0.000000	1.277323	1.456508	1.579605	0.021726	0.032923	0.041837	0.000000	0.000000	19.046598	0.809376	12.000000
	kadid10k	I18.png	kadid10k__I18.png	medium	512	512	384	1911.675537	0.127033	0.193852	0.003183	0.002665	0.736979	0.256836	80.134293	0.438929	1.459832	1575.000000	0.048065	0.000630	0.000550	0.000000	0.002790	0.002250	2.000000	0.506237	4.118697	6.777344	2.233398	0.017578	0.000000	0.000000	0.000000	0.000000	0.025594	2.352334	1.236874	0.025495	0.000000	0.199219	0.225179	18.965271	0.018555	0.049045	0.004511	0.000000	196608.000000	12.188967	384.000000	512.000000	589824.000000	0.750000	0.287682	0.000000	0.000000	3.000000	1.850876	3.249428	4.497688	4.639302	4.955108	0.035207	0.061114	0.279909	1.000000	0.024289	0.041139	0.076120	0.131427	1.000000	4.000000	39.000000	144.000000	255.000000	0.000000	0.000000	0.000000	0.031746	0.000000	0.000000	0.000000	0.000000	12.188967	12.188967	12.188967	0.000000	0.000000	0.000000	0.000000	1.113944	1.241485	0.000000	0.021989	0.025495	0.000000	0.000000	15.447227	0.704559	11.000000
	size-dense-renders	1e2f9d41529197f10d32bfa68a1e0bcc__sz1280.png	size-dense-renders__1e2f9d41529197f10d32bfa68a1e0bcc__sz1280.png	large	1280	1280	853	2622.123535	0.722563	0.125954	0.070448	0.029405	0.000000	0.000000	72.204979	4.712003	0.572751	2088.000000	0.063721	0.151140	0.173390	4.000000	0.177020	0.202510	7.000000	0.171272	4.264073	64.825470	37.485847	0.000000	0.000000	0.000000	0.000000	0.000000	0.002234	4.957028	0.257289	1.000000	0.540552	0.229245	0.554735	25.038017	0.000000	0.288110	0.091599	0.000000	1091840.000000	13.903375	853.000000	1280.000000	3275520.000000	0.666406	0.405856	0.003517	0.012896	3.000000	5.022976	5.142993	5.238658	5.280539	5.359140	1.000000	1.000000	1.000000	1.000000	0.631450	0.734123	0.838392	0.948940	41.000000	74.000000	112.000000	184.000000	255.000000	0.222222	0.253968	0.285714	0.317460	0.047619	0.063492	0.095238	0.111111	13.906886	13.916188	13.916188	0.000000	3.000000	7.000000	4.186728	4.457079	4.596124	0.810139	1.000000	1.000000	0.142857	0.206349	1.339958	0.829044	12.000000
	kadid10k	I51.png	kadid10k__I51.png	medium	512	512	384	2819.865967	0.210139	0.170130	0.007144	0.005835	0.417318	0.098307	65.732727	0.846112	1.167488	4677.000000	0.142731	0.002150	0.002850	1.000000	0.009280	0.015040	5.000000	0.196639	4.481198	25.735352	9.990234	0.000000	0.000000	0.000000	0.000000	0.000000	0.049601	3.368519	1.377953	0.040488	0.006918	0.316406	0.143331	29.079443	0.009766	0.104306	0.017005	0.000000	196608.000000	12.188967	384.000000	512.000000	589824.000000	0.750000	0.287682	0.000000	0.000000	3.000000	3.604886	4.680569	5.049613	5.146540	5.320661	0.060469	0.463328	1.000000	1.000000	0.033328	0.092786	0.260691	0.529091	3.000000	22.000000	67.000000	179.000000	255.000000	0.000000	0.000000	0.047619	0.190476	0.000000	0.000000	0.000000	0.031746	12.188967	12.188967	12.188967	0.000000	0.000000	0.000000	1.202420	1.404140	1.539194	0.024451	0.032183	0.040488	0.000000	0.000000	9.915935	0.810865	13.000000
	cid22-train	1080721.png	cid22-train__1080721.png	medium	512	512	512	3175.124268	0.119178	0.043997	0.005924	0.005795	0.435303	0.101318	15.466128	0.268210	1.193064	2384.000000	0.072754	0.003060	0.003330	3.000000	0.018250	0.015580	4.000000	0.098219	4.290021	16.112305	2.357422	0.003906	0.000000	0.000000	0.000000	0.000000	0.275993	3.263298	1.145049	0.048037	0.014549	0.545898	0.062607	20.531561	0.050781	0.064732	0.003922	0.000000	262144.000000	12.476649	512.000000	512.000000	786432.000000	1.000000	0.000000	0.000000	0.000000	3.000000	3.371688	4.263878	4.718167	4.943223	5.128994	0.109360	0.370090	1.000000	1.000000	0.021343	0.044457	0.087343	0.151640	2.000000	9.000000	30.000000	96.000000	255.000000	0.000000	0.000000	0.031746	0.111111	0.000000	0.000000	0.000000	0.000000	12.476649	12.476649	12.476649	0.000000	0.000000	0.000000	1.113943	1.405474	1.669782	0.019886	0.031854	0.048037	0.000000	0.000000	25.273689	0.859284	12.000000
	size-dense-renders	962312__sz128.png	size-dense-renders__962312__sz128.png	small	128	128	128	5285.788086	0.283217	0.000000	0.000000	0.000000	0.519531	0.253906	0.000000	0.603369	0.830095	32.000000	0.001953	0.000000	0.000000	0.000000	0.000000	0.000000	0.000000	0.165710	3.294021	52.679688	0.000000	0.062500	0.000000	0.000000	0.000000	1.000000	1.000000	3.265716	1.900841	0.007393	0.000000	0.367188	0.000000	42.545826	0.085938	0.151228	0.000000	1.000000	16384.000000	9.704061	128.000000	128.000000	49152.000000	1.000000	0.000000	0.000000	0.000000	3.000000	2.822454	5.150395	5.491098	5.617661	5.695159	0.054122	0.206381	1.000000	1.000000	0.000000	0.000000	0.000000	0.000000	2.000000	42.000000	126.000000	255.000000	255.000000	0.000000	0.000000	0.015873	0.317460	0.000000	0.000000	0.000000	0.000000	9.704061	9.704061	9.704061	0.000000	0.000000	0.000000	0.000000	0.297624	0.586519	0.000000	0.003102	0.007393	0.000000	0.000000	3.258947	0.729875	5.000000
	cid22-train	2866385.png	cid22-train__2866385.png	medium	512	512	512	1817.721680	0.236009	0.196201	0.008610	0.007702	0.602051	0.217529	70.709496	0.783707	1.265888	1986.000000	0.060608	0.006430	0.009700	1.000000	0.029250	0.040210	6.000000	0.316897	3.691117	15.050781	3.726562	0.000000	0.000000	0.000000	0.000000	0.000000	0.002140	2.676627	1.528909	0.020649	0.014611	0.037109	0.347301	19.655733	0.005859	0.088015	0.008386	0.000000	262144.000000	12.476649	512.000000	512.000000	786432.000000	1.000000	0.000000	0.000000	0.000000	3.000000	1.828901	4.408861	4.750238	4.909960	5.140112	0.030906	0.056928	1.000000	1.000000	0.026358	0.049730	0.171477	0.294932	2.000000	23.000000	64.000000	155.000000	255.000000	0.000000	0.000000	0.000000	0.190476	0.000000	0.000000	0.000000	0.015873	12.476649	12.476649	12.476649	0.000000	0.000000	0.000000	0.467977	0.982696	1.196846	0.005892	0.014596	0.020649	0.000000	0.000000	8.720881	0.637406	11.000000
	size-dense-renders	2062426__sz320.png	size-dense-renders__2062426__sz320.png	medium	320	320	320	2555.327637	0.186309	0.076144	0.008123	0.006281	0.203125	0.016875	29.635580	0.301447	1.157403	1884.000000	0.057495	0.005340	0.007720	0.000000	0.020940	0.028680	3.000000	0.102515	3.777388	22.138124	6.326250	0.002500	0.000000	0.000000	0.000000	0.000000	0.277969	3.764305	0.892129	0.130528	0.033152	0.313750	0.364912	24.053104	0.002500	0.096171	0.011359	0.000000	102400.000000	11.536642	320.000000	320.000000	307200.000000	1.000000	0.000000	0.000000	0.000000	3.000000	3.773539	4.414022	4.959517	5.143559	5.386893	0.285099	0.562468	1.000000	1.000000	0.069540	0.126527	0.222141	0.373500	6.000000	19.000000	44.000000	124.000000	255.000000	0.000000	0.031746	0.079365	0.142857	0.000000	0.000000	0.000000	0.015873	11.536642	11.536642	11.536642	0.000000	0.000000	0.000000	1.592282	2.046727	2.605305	0.038280	0.072100	0.130528	0.000000	0.000000	13.998037	0.822154	11.000000
	size-dense-renders	962312__sz160.png	size-dense-renders__962312__sz160.png	small	160	160	160	5467.346191	0.265258	0.000000	0.000000	0.000000	0.542500	0.332500	0.000000	0.719964	0.874398	32.000000	0.001250	0.000000	0.000000	0.000000	0.000000	0.000000	0.000000	0.156660	3.268423	53.505001	0.000000	0.060000	0.000000	0.000000	0.000000	1.000000	1.000000	3.119945	1.920255	0.009139	0.000000	0.347500	0.000000	42.462498	0.095000	0.142659	0.000000	1.000000	25600.000000	10.150348	160.000000	160.000000	76800.000000	1.000000	0.000000	0.000000	0.000000	3.000000	2.633910	5.099311	5.536266	5.655950	5.743858	0.042043	0.151477	1.000000	1.000000	0.000000	0.000000	0.000000	0.000000	2.000000	35.000000	120.000000	254.000000	255.000000	0.000000	0.000000	0.015873	0.301587	0.000000	0.000000	0.000000	0.000000	10.150348	10.150348	10.150348	0.000000	0.000000	0.000000	0.000000	0.297624	0.586520	0.000000	0.003403	0.009139	0.000000	0.000000	3.796010	0.718967	5.000000
	cid22-train	3315291.png	cid22-train__3315291.png	medium	512	512	512	5152.062500	0.096388	0.049319	0.004789	0.003851	0.457520	0.077881	17.552338	0.426272	1.355860	1512.000000	0.046143	0.002590	0.002220	1.000000	0.010030	0.007500	3.000000	0.070987	4.436417	17.649414	1.870117	0.007812	0.000000	0.000000	0.000000	0.000000	0.241882	3.174711	1.147627	0.046006	0.010801	0.378906	0.115353	37.010078	0.002930	0.052316	0.003534	0.000000	262144.000000	12.476649	512.000000	512.000000	786432.000000	1.000000	0.000000	0.000000	0.000000	3.000000	3.123995	3.927126	4.882644	5.192464	5.670245	0.106140	0.277086	0.684102	1.000000	0.018601	0.031501	0.065631	0.164237	4.000000	11.000000	29.000000	137.000000	255.000000	0.000000	0.000000	0.031746	0.079365	0.000000	0.000000	0.000000	0.000000	12.476649	12.476649	12.476649	0.000000	0.000000	0.000000	1.055356	1.334643	1.643298	0.017414	0.029193	0.046006	0.000000	0.000000	22.482656	0.820763	11.000000
	size-dense-renders	962312__sz192.png	size-dense-renders__962312__sz192.png	small	192	192	192	5611.333496	0.250788	0.000000	0.000000	0.000000	0.571181	0.387153	0.000000	0.844807	0.891326	32.000000	0.000977	0.000000	0.000000	0.000000	0.000000	0.000000	0.000000	0.166136	3.207622	49.878471	0.000000	0.060764	0.000000	0.000000	0.000000	1.000000	1.000000	3.002863	1.937890	0.008776	0.000000	0.324653	0.000000	42.425331	0.130208	0.137814	0.000000	1.000000	36864.000000	10.514991	192.000000	192.000000	110592.000000	1.000000	0.000000	0.000000	0.000000	3.000000	2.227888	5.101896	5.497354	5.655099	5.712830	0.037133	0.102780	1.000000	1.000000	0.000000	0.000000	0.000000	0.000000	2.000000	30.000000	119.000000	252.000000	255.000000	0.000000	0.000000	0.000000	0.301587	0.000000	0.000000	0.000000	0.000000	10.514991	10.514991	10.514991	0.000000	0.000000	0.000000	0.000000	0.000000	0.586519	0.000000	0.000000	0.008776	0.000000	0.000000	4.052793	0.708104	5.000000
	cid22-train	5212582.png	cid22-train__5212582.png	medium	512	512	512	934.910461	0.001375	0.119797	0.005776	0.002538	0.961426	0.025635	40.906967	0.015177	2.625017	703.000000	0.021454	0.001480	0.001400	0.000000	0.002000	0.002210	0.000000	0.108751	3.546701	0.656250	1.159180	0.000000	0.000000	0.000000	0.000000	0.000000	0.081776	1.938119	0.535905	0.023667	0.031194	0.270508	0.334675	35.352592	0.000000	0.005022	0.002434	0.000000	262144.000000	12.476649	512.000000	512.000000	786432.000000	1.000000	0.000000	0.000000	0.000000	3.000000	1.845776	2.241757	2.687529	2.928908	3.535666	0.034360	0.056491	0.101189	0.173044	0.041162	0.053413	0.074127	0.127603	1.000000	2.000000	4.000000	7.000000	255.000000	0.000000	0.000000	0.000000	0.000000	0.000000	0.000000	0.000000	0.000000	12.476649	12.476649	12.476649	0.000000	0.000000	0.000000	1.121703	1.233234	1.314065	0.015859	0.019986	0.023667	0.000000	0.000000	1272.643677	0.704963	10.000000
	cid22-train	14768480444_bc0a1b4a2e_o.png	cid22-train__14768480444_bc0a1b4a2e_o.png	medium	512	512	512	4616.340332	0.215168	0.256801	0.013037	0.015818	0.285156	0.053955	92.989136	0.789118	1.212018	8447.000000	0.257782	0.029680	0.020720	6.000000	0.414040	0.282130	88.000000	0.140844	4.334500	25.350586	31.180664	0.046875	0.000000	0.000000	0.000000	0.000000	0.115528	3.667719	1.195549	0.097063	0.021298	0.323242	0.139637	29.706726	0.066406	0.110352	0.031017	0.000000	262144.000000	12.476649	512.000000	512.000000	786432.000000	1.000000	0.000000	0.000000	0.000000	3.000000	3.891488	4.528896	5.039954	5.233099	5.481236	0.190970	0.648849	1.000000	1.000000	0.040530	0.088501	0.344300	1.000000	6.000000	22.000000	57.000000	161.000000	255.000000	0.000000	0.015873	0.079365	0.174603	0.000000	0.000000	0.000000	0.047619	12.476649	12.476649	12.476649	0.000000	0.000000	0.000000	0.000000	1.213764	2.354109	0.000000	0.029428	0.097063	0.000000	0.000000	11.241358	0.780272	14.000000
	cid22-train	2693208.png	cid22-train__2693208.png	medium	512	512	512	3297.906250	0.221242	0.119919	0.010949	0.019704	0.140625	0.003906	63.378391	0.666443	1.092044	1022.000000	0.031189	0.008190	0.006600	1.000000	0.134840	0.117750	21.000000	0.137835	4.343510	28.121094	19.783203	0.000000	0.000000	0.000000	0.000000	0.000000	0.001328	4.026471	0.843340	0.167636	0.081963	0.411133	0.014099	24.541550	0.000000	0.126984	0.040194	0.000000	262144.000000	12.476649	512.000000	512.000000	786432.000000	1.000000	0.000000	0.000000	0.000000	3.000000	4.182952	4.663513	4.970964	5.112714	5.301866	0.435007	0.904906	1.000000	1.000000	0.173349	0.348514	0.628768	0.893738	7.000000	23.000000	54.000000	145.000000	255.000000	0.015873	0.047619	0.126984	0.190476	0.000000	0.015873	0.031746	0.063492	12.476649	12.476649	12.476649	0.000000	0.000000	0.000000	1.733273	2.356952	2.777325	0.049345	0.106533	0.167636	0.000000	0.000000	11.347937	0.842414	10.000000
	size-dense-renders	Beam-Space-Processing__sz384.png	size-dense-renders__Beam-Space-Processing__sz384.png	medium	384	384	384	262.120422	0.094595	0.015696	0.000257	0.000310	0.723090	0.704427	5.707426	0.246419	1.593695	140.000000	0.004272	0.000070	0.000060	0.000000	0.000690	0.000600	0.000000	0.229600	0.828388	7.105903	0.498264	0.832465	0.000000	0.000000	0.000000	1.000000	0.986803	1.174873	1.893169	0.000000	0.000000	0.061632	0.000000	23.707132	0.853299	0.039696	0.001033	0.000000	147456.000000	11.901285	384.000000	384.000000	442368.000000	1.000000	0.000000	0.000000	0.000000	3.000000	0.000000	3.648505	4.247286	4.524539	5.111568	0.000000	0.000000	0.485196	0.915883	0.000000	0.000000	0.000000	0.000000	0.000000	0.000000	28.000000	110.000000	255.000000	0.000000	0.000000	0.000000	0.047619	0.000000	0.000000	0.000000	0.000000	11.901285	11.901285	11.901285	0.000000	0.000000	0.000000	0.000000	0.000000	0.000000	0.000000	0.000000	0.000000	0.000000	0.000000	29.464218	0.224395	8.000000
	size-dense-renders	Beam-Space-Processing__sz40.png	size-dense-renders__Beam-Space-Processing__sz40.png	tiny	40	40	40	60.722412	0.041420	0.011851	0.000318	0.000379	0.520000	0.200000	4.349688	0.008050	0.701791	20.000000	0.012500	0.000220	0.000430	0.000000	0.001830	0.004000	0.000000	0.340282	1.299497	2.960000	0.480000	0.160000	0.000000	0.000000	0.000000	1.000000	0.976250	2.448100	1.294402	0.000000	0.000000	0.000000	0.000000	6.291349	0.240000	0.027937	0.001270	0.000000	1600.000000	7.377759	40.000000	40.000000	4800.000000	1.000000	0.000000	0.000000	1.560000	3.000000														1.000000	8.000000	18.000000	69.000000	101.000000									7.377759	7.742402	8.317766	0.000000	0.000000	0.000000									15.448876	0.580400	5.000000
	size-dense-renders	Beam-Space-Processing__sz48.png	size-dense-renders__Beam-Space-Processing__sz48.png	tiny	48	48	48	67.309402	0.047986	0.012267	0.000339	0.000413	0.638889	0.305556	4.501503	0.011750	0.871451	31.000000	0.013455	0.000170	0.000190	0.000000	0.001710	0.001940	0.000000	0.447486	1.260467	2.194444	0.833333	0.222222	0.000000	0.000000	0.000000	1.000000	0.979601	2.287589	1.395737	0.000000	0.000000	0.055556	0.000000	7.554193	0.277778	0.023810	0.000882	0.000000	2304.000000	7.742402	48.000000	48.000000	6912.000000	1.000000	0.000000	0.000000	0.777778	3.000000														0.000000	8.000000	20.000000	72.000000	125.000000									7.742402	7.742402	8.317766	0.000000	0.000000	0.000000									19.530737	0.548480	5.000000
	cid22-train	pexels-photo-7078290.png	cid22-train__pexels-photo-7078290.png	medium	512	512	512	1017.350281	0.218849	0.098898	0.004811	0.005086	0.123291	0.000000	41.679489	0.477719	0.991216	1331.000000	0.040619	0.000800	0.001460	0.000000	0.006030	0.011020	1.000000	0.118186	3.614561	23.343750	5.655273	0.003906	0.000000	0.000000	0.000000	0.000000	0.012127	3.982953	0.700405	0.191906	0.043711	0.318359	0.611267	17.034861	0.000000	0.099377	0.011285	0.000000	262144.000000	12.476649	512.000000	512.000000	786432.000000	1.000000	0.000000	0.000000	0.000000	3.000000	4.101816	4.523201	4.850061	4.936626	5.080159	0.347323	0.802935	1.000000	1.000000	0.075551	0.138209	0.219845	0.300651	12.000000	28.000000	51.000000	101.000000	255.000000	0.015873	0.047619	0.095238	0.142857	0.000000	0.000000	0.015873	0.015873	12.476649	12.476649	12.476649	0.000000	0.000000	1.000000	2.385131	2.725861	2.947671	0.091984	0.143002	0.191906	0.000000	0.000000	6.600816	0.786244	11.000000
	size-dense-renders	Beam-Space-Processing__sz64.png	size-dense-renders__Beam-Space-Processing__sz64.png	small	64	64	64	81.748390	0.062988	0.013007	0.000413	0.000499	0.609375	0.406250	4.759285	0.016968	0.968313	33.000000	0.008057	0.000110	0.000370	0.000000	0.001030	0.003590	0.000000	0.400914	1.283943	2.968750	0.968750	0.375000	0.000000	0.000000	0.000000	1.000000	0.984863	1.969184	1.657120	0.000000	0.000000	0.031250	0.000000	10.203403	0.437500	0.030506	0.002728	0.000000	4096.000000	8.317766	64.000000	64.000000	12288.000000	1.000000	0.000000	0.000000	0.000000	3.000000														0.000000	8.000000	19.000000	69.000000	205.000000									8.317766	8.317766	8.317766	0.000000	0.000000	0.000000									26.912092	0.422073	6.000000
	cid22-train	pexels-photo-3155588.png	cid22-train__pexels-photo-3155588.png	medium	512	512	512	2832.744141	0.091268	0.078077	0.005807	0.004577	0.570557	0.085205	43.842445	0.254280	1.371455	2371.000000	0.072357	0.002180	0.000810	0.000000	0.006460	0.003920	2.000000	0.090776	4.017198	14.056641	4.847656	0.027344	0.000000	0.000000	0.000000	0.000000	0.000576	2.880151	1.310257	0.024556	0.019787	0.368164	0.817444	23.099258	0.074219	0.049185	0.008820	0.000000	262144.000000	12.476649	512.000000	512.000000	786432.000000	1.000000	0.000000	0.000000	0.000000	3.000000	2.867458	3.894696	4.684942	5.042181	5.365728	0.071626	0.200148	0.645164	1.000000	0.035252	0.062451	0.144733	0.269296	2.000000	8.000000	23.000000	104.000000	255.000000	0.000000	0.000000	0.015873	0.079365	0.000000	0.000000	0.000000	0.015873	12.476649	12.476649	12.476649	0.000000	0.000000	0.000000	0.000000	0.859403	1.129835	0.000000	0.014348	0.024556	0.000000	0.000000	31.921703	0.770032	12.000000
	cid22-train	1545529.png	cid22-train__1545529.png	medium	512	512	512	4190.164062	0.052589	0.108659	0.005219	0.003546	0.718506	0.482422	37.167435	0.233343	1.550164	2913.000000	0.088898	0.003470	0.004150	2.000000	0.015980	0.014610	19.000000	0.071701	3.015827	11.191406	3.563477	0.012695	0.000000	0.000000	0.000000	0.000000	0.195263	2.250701	1.358689	0.016304	0.000000	0.215820	0.136108	38.899616	0.017578	0.034924	0.006448	0.000000	262144.000000	12.476649	512.000000	512.000000	786432.000000	1.000000	0.000000	0.000000	0.000000	3.000000	1.585286	3.201016	4.379153	4.996317	5.630384	0.022772	0.040466	0.294510	1.000000	0.006288	0.020166	0.076231	0.261061	1.000000	3.000000	14.000000	109.000000	255.000000	0.000000	0.000000	0.000000	0.031746	0.000000	0.000000	0.000000	0.000000	12.476649	12.476649	12.476649	0.000000	0.000000	0.000000	0.000000	0.767849	1.031409	0.000000	0.010608	0.016304	0.000000	0.000000	51.584602	0.636927	12.000000
	size-dense-renders	Beam-Space-Processing__sz80.png	size-dense-renders__Beam-Space-Processing__sz80.png	small	80	80	80	97.771194	0.060567	0.013570	0.000498	0.000596	0.620000	0.440000	4.955153	0.030710	0.952219	47.000000	0.007344	0.000430	0.000880	0.000000	0.003770	0.007910	1.000000	0.468658	1.256768	3.680000	0.750000	0.460000	0.000000	0.000000	0.000000	1.000000	0.982969	1.917819	1.734783	0.000000	0.000000	0.020000	0.000000	14.428602	0.480000	0.036190	0.001111	0.000000	6400.000000	8.764053	80.000000	80.000000	19200.000000	1.000000	0.000000	0.000000	0.440000	3.000000	2.829535	3.401874	4.154789	4.220290	4.377463	0.000000	0.166700	0.349377	0.725314	0.000000	0.000000	0.000000	0.000000	0.000000	10.000000	25.000000	84.000000	255.000000	0.000000	0.000000	0.000000	0.047619	0.000000	0.000000	0.000000	0.000000	8.764053	8.764053	9.128696	0.000000	0.000000	0.000000	0.000000	0.000000	0.000000	0.000000	0.000000	0.000000	0.000000	0.000000	36.240433	0.385742	6.000000
	size-dense-renders	Beam-Space-Processing__sz96.png	size-dense-renders__Beam-Space-Processing__sz96.png	small	96	96	96	110.596146	0.062271	0.013936	0.000493	0.000594	0.576389	0.416667	5.084787	0.037979	0.990985	55.000000	0.005968	0.000630	0.000890	0.000000	0.005890	0.008240	2.000000	0.436111	1.134221	4.201389	0.923611	0.500000	0.000000	0.000000	0.000000	1.000000	0.984267	1.986042	1.737752	0.000000	0.000000	0.000000	0.000000	16.829214	0.520833	0.039572	0.002094	0.000000	9216.000000	9.128696	96.000000	96.000000	27648.000000	1.000000	0.000000	0.000000	0.000000	3.000000	2.845717	3.482157	4.002833	4.297476	4.468051	0.000000	0.163499	0.367177	0.667269	0.000000	0.000000	0.000000	0.000000	0.000000	11.000000	26.000000	83.000000	255.000000	0.000000	0.000000	0.015873	0.063492	0.000000	0.000000	0.000000	0.000000	9.128696	9.128696	9.128696	0.000000	0.000000	0.000000	0.000000	0.000000	0.000000	0.000000	0.000000	0.000000	0.000000	0.000000	36.308018	0.413388	6.000000
	size-dense-renders	Performance-Graph__sz128.png	size-dense-renders__Performance-Graph__sz128.png	small	128	128	128	3117.261230	0.128712	0.170421	0.015846	0.000802	0.250000	0.250000	65.222122	0.141232	0.863991	311.000000	0.018982	0.030200	0.029680	1.000000	0.000420	0.001730	0.000000	0.076990	3.031237	29.285156	28.562500	0.554688	0.000000	0.000000	0.000000	0.000000	0.266846	3.175628	1.948459	0.000000	0.000000	0.664062	0.000000	33.511097	0.632812	0.079055	0.038318	0.000000	16384.000000	9.704061	128.000000	128.000000	49152.000000	1.000000	0.000000	0.000000	0.000000	3.000000	3.738146	4.907463	5.167739	5.233756	5.405508	0.336666	0.595579	1.000000	1.000000	0.186998	0.458405	0.704368	1.000000	1.000000	11.000000	47.000000	154.000000	255.000000	0.000000	0.015873	0.047619	0.126984	0.000000	0.015873	0.031746	0.063492	9.704061	9.704061	9.704061	0.000000	0.000000	0.000000	0.000000	0.000000	0.000000	0.000000	0.000000	0.000000	0.000000	0.000000	16.246199	0.712324	9.000000
	size-dense-renders	962312__sz256.png	size-dense-renders__962312__sz256.png	medium	256	256	256	5821.859863	0.230465	0.000000	0.000000	0.000000	0.593750	0.448242	0.000000	1.044530	0.913035	32.000000	0.000977	0.000000	0.000000	0.000000	0.000000	0.000000	0.000000	0.165561	3.152327	47.342773	0.000000	0.076172	0.000000	0.000000	0.000000	1.000000	1.000000	2.847887	1.960909	0.009368	0.000000	0.281250	0.000000	42.734066	0.155273	0.128286	0.000000	1.000000	65536.000000	11.090355	256.000000	256.000000	196608.000000	1.000000	0.000000	0.000000	0.000000	3.000000	1.982201	5.080671	5.511158	5.647578	5.727711	0.028893	0.074061	1.000000	1.000000	0.000000	0.000000	0.000000	0.000000	1.000000	22.000000	111.000000	251.000000	255.000000	0.000000	0.000000	0.000000	0.301587	0.000000	0.000000	0.000000	0.000000	11.090355	11.090355	11.090355	0.000000	0.000000	0.000000	0.000000	0.000000	0.586519	0.000000	0.000000	0.009368	0.000000	0.000000	4.815095	0.682308	5.000000
	size-dense-renders	962312__sz32.png	size-dense-renders__962312__sz32.png	tiny	32	32	32	3842.181396	0.425598	0.000000	0.000000	0.000000	0.125000	0.062500	0.000000	0.192187	0.656062	30.000000	0.029297	0.000000	0.000000	0.000000	0.000000	0.000000	0.000000	0.161084	3.570507	88.937500	0.000000	0.000000	0.000000	0.000000	0.000000	1.000000	1.000000	4.298137	1.448658	0.108248	0.000000	0.250000	0.000000	36.766994	0.000000	0.255952	0.000000	1.000000	1024.000000	6.931472	32.000000	32.000000	3072.000000	1.000000	0.000000	0.000000	0.000000	3.000000																											6.931472	6.931472	6.931472	0.000000	0.000000	0.000000										0.756824	5.000000
	cid22-train	8442861.png	cid22-train__8442861.png	medium	512	512	512	1857.171265	0.000697	0.045814	0.001451	0.001255	0.872314	0.053223	22.746210	0.018046	1.904293	324.000000	0.009888	0.000150	0.000180	0.000000	0.000770	0.000920	0.000000	0.090129	3.281855	1.975586	0.433594	0.000000	0.000000	0.000000	0.000000	0.000000	0.000000	2.207857	0.649269	0.026558	0.000000	0.135742	0.438068	3.371166	0.000000	0.007254	0.000744	0.000000	262144.000000	12.476649	512.000000	512.000000	786432.000000	1.000000	0.000000	0.000000	0.000000	3.000000	1.888951	2.584260	3.247958	3.549486	4.225651	0.032599	0.043990	0.138965	0.329744	0.010091	0.020894	0.033458	0.061236	3.000000	6.000000	9.000000	17.000000	67.000000	0.000000	0.000000	0.000000	0.015873	0.000000	0.000000	0.000000	0.000000	12.476649	12.476649	12.476649	0.000000	0.000000	0.000000	1.515211	1.600531	1.656667	0.019855	0.023761	0.026558	0.000000	0.000000	6.103220	0.509079	9.000000
	size-dense-renders	2062426__sz384.png	size-dense-renders__2062426__sz384.png	medium	384	384	384	2590.408203	0.172896	0.076678	0.007753	0.005972	0.244792	0.014757	29.808540	0.311173	1.233499	2116.000000	0.064575	0.004820	0.007030	1.000000	0.018570	0.024880	3.000000	0.105485	3.795187	20.206596	5.475695	0.000000	0.000000	0.000000	0.000000	0.000000	0.276964	3.650877	0.926992	0.100367	0.025650	0.319444	0.365492	23.314114	0.001736	0.086943	0.010775	0.000000	147456.000000	11.901285	384.000000	384.000000	442368.000000	1.000000	0.000000	0.000000	0.000000	3.000000	3.677160	4.299493	4.915921	5.133337	5.349998	0.248612	0.504930	1.000000	1.000000	0.059730	0.122725	0.205271	0.310446	5.000000	17.000000	41.000000	119.000000	255.000000	0.000000	0.031746	0.063492	0.126984	0.000000	0.000000	0.000000	0.015873	11.901285	11.901285	11.901285	0.000000	0.000000	0.000000	1.579069	1.861833	2.327869	0.035710	0.055891	0.100367	0.000000	0.000000	15.670823	0.824153	12.000000
	size-dense-renders	Performance-Graph__sz160.png	size-dense-renders__Performance-Graph__sz160.png	small	160	160	160	3161.995850	0.117282	0.171330	0.012968	0.000703	0.290000	0.285000	65.480507	0.141547	0.982740	326.000000	0.012734	0.023850	0.026870	1.000000	0.000410	0.001490	0.000000	0.073830	2.956335	24.562500	24.025000	0.692500	0.000000	0.000000	0.000000	0.000000	0.263672	2.965286	1.909941	0.000000	0.000000	0.677500	0.000000	34.323410	0.732500	0.066508	0.029563	0.000000	25600.000000	10.150348	160.000000	160.000000	76800.000000	1.000000	0.000000	0.000000	0.000000	3.000000	3.380392	4.591654	5.123397	5.284458	5.441260	0.000000	0.390341	1.000000	1.000000	0.000000	0.449516	0.704552	1.000000	0.000000	9.000000	35.000000	141.000000	255.000000	0.000000	0.000000	0.031746	0.095238	0.000000	0.000000	0.031746	0.031746	10.150348	10.150348	10.150348	0.000000	0.000000	0.000000	0.000000	0.000000	0.000000	0.000000	0.000000	0.000000	0.000000	0.000000	19.721022	0.707950	9.000000
	cid22-train	2119713.png	cid22-train__2119713.png	medium	512	512	512	3531.527344	0.324306	0.114285	0.007912	0.009797	0.166260	0.016113	43.504890	1.314005	0.920196	1283.000000	0.039154	0.006990	0.003970	4.000000	0.068910	0.037250	17.000000	0.194033	4.477000	28.652344	8.331055	0.001953	0.000000	0.000000	0.000000	0.000000	0.050877	3.932096	1.024756	0.091701	0.021332	0.266602	0.250122	27.934076	0.000000	0.116381	0.012199	0.000000	262144.000000	12.476649	512.000000	512.000000	786432.000000	1.000000	0.000000	0.000000	0.000000	3.000000	4.174596	4.721415	5.022070	5.140022	5.312053	0.319637	0.775539	1.000000	1.000000	0.043762	0.102385	0.277758	0.541667	15.000000	44.000000	83.000000	176.000000	255.000000	0.000000	0.031746	0.095238	0.174603	0.000000	0.000000	0.000000	0.015873	12.476649	12.476649	12.476649	0.000000	0.000000	1.000000	1.317019	1.645759	2.240198	0.026342	0.042194	0.091701	0.000000	0.000000	5.825035	0.733233	11.000000
	kadid10k	I52.png	kadid10k__I52.png	medium	512	512	384	1787.626465	0.172528	0.289687	0.014286	0.010249	0.492839	0.208984	106.771629	0.663555	1.116389	7305.000000	0.222931	0.007110	0.008920	1.000000	0.024900	0.026760	4.000000	0.182870	3.787316	20.781250	19.962891	0.005859	0.000000	0.000000	0.000000	0.000000	0.013153	2.988284	1.570230	0.024420	0.005278	0.154297	0.151286	27.594376	0.036133	0.091812	0.029514	0.000000	196608.000000	12.188967	384.000000	512.000000	589824.000000	0.750000	0.287682	0.000000	0.000000	3.000000	3.142697	4.556809	4.951709	5.128138	5.272662	0.031516	0.246080	1.000000	1.000000	0.030360	0.100382	0.603767	1.000000	2.000000	16.000000	59.000000	159.000000	255.000000	0.000000	0.000000	0.015873	0.174603	0.000000	0.000000	0.000000	0.063492	12.188967	12.188967	12.188967	0.000000	0.000000	0.000000	0.297624	1.050549	1.196849	0.004253	0.019342	0.024420	0.000000	0.000000	10.769053	0.696515	13.000000
	cid22-train	144428.png	cid22-train__144428.png	medium	512	512	512	2363.166992	0.071005	0.253648	0.009496	0.010043	0.414551	0.041748	107.111717	0.115184	1.503282	4230.000000	0.129089	0.004630	0.003210	1.000000	0.035530	0.020630	10.000000	0.076404	4.128830	10.865234	10.548828	0.012695	0.000000	0.000000	0.000000	0.000000	0.007111	3.075071	1.129243	0.030708	0.026614	0.535156	0.110138	15.806692	0.044922	0.050053	0.021174	0.000000	262144.000000	12.476649	512.000000	512.000000	786432.000000	1.000000	0.000000	0.000000	0.000000	3.000000	3.312439	3.947929	4.382485	4.665729	5.042693	0.097296	0.324983	0.722247	1.000000	0.052108	0.113191	0.276567	0.546026	2.000000	7.000000	19.000000	63.000000	255.000000	0.000000	0.000000	0.031746	0.079365	0.000000	0.000000	0.015873	0.031746	12.476649	12.476649	12.476649	0.000000	0.000000	0.000000	0.586519	1.144180	1.391102	0.007020	0.021115	0.030708	0.000000	0.000000	34.223671	0.831450	13.000000
	size-dense-renders	2062426__sz40.png	size-dense-renders__2062426__sz40.png	tiny	40	40	40	1896.606567	0.379356	0.065004	0.012136	0.009726	0.080000	0.000000	25.984304	0.089871	0.861596	323.000000	0.201875	0.010120	0.023590	0.000000	0.046660	0.108920	3.000000	0.136795	3.677847	41.520000	10.680000	0.000000	0.000000	0.000000	0.000000	0.000000	0.313750	4.298625	0.757654	0.386012	0.067296	0.280000	0.385625	24.610489	0.000000	0.173968	0.020952	0.000000	1600.000000	7.377759	40.000000	40.000000	4800.000000	1.000000	0.000000	0.000000	1.560000	3.000000														13.000000	38.000000	78.000000	168.000000	255.000000									7.377759	7.742402	8.317766	0.000000	0.000000	1.000000									5.872073	0.836768	9.000000
	kadid10k	I19.png	kadid10k__I19.png	medium	512	512	384	3064.665771	0.057155	0.138125	0.007159	0.005754	0.355143	0.000000	56.031116	0.207755	1.405410	5623.000000	0.171600	0.002150	0.001060	0.000000	0.010210	0.004090	4.000000	0.055476	4.312725	17.562500	8.902344	0.003906	0.000000	0.000000	0.000000	0.000000	0.010742	3.453259	0.824314	0.130523	0.041886	0.809570	0.123245	37.219231	0.041992	0.051742	0.014416	0.000000	196608.000000	12.188967	384.000000	512.000000	589824.000000	0.750000	0.287682	0.000000	0.000000	3.000000	3.362809	3.899286	4.649195	5.113902	5.544114	0.209473	0.380009	0.707307	1.000000	0.060042	0.096789	0.159306	0.306578	2.000000	5.000000	13.000000	114.000000	255.000000	0.000000	0.015873	0.031746	0.063492	0.000000	0.000000	0.015873	0.015873	12.188967	12.188967	12.188967	0.000000	0.000000	0.000000	1.917767	2.333920	2.470351	0.062589	0.104771	0.130523	0.000000	0.000000	38.863594	0.937383	13.000000
	size-dense-renders	2062426__sz48.png	size-dense-renders__2062426__sz48.png	tiny	48	48	48	1978.481201	0.325939	0.066649	0.011737	0.009399	0.083333	0.000000	26.523773	0.100069	0.771065	395.000000	0.171441	0.009210	0.024070	0.000000	0.044240	0.101870	4.000000	0.140190	3.691638	40.388889	8.944445	0.000000	0.000000	0.000000	0.000000	0.000000	0.322049	4.264532	0.752152	0.243047	0.041322	0.305556	0.371962	25.397305	0.000000	0.156085	0.023369	0.000000	2304.000000	7.742402	48.000000	48.000000	6912.000000	1.000000	0.000000	0.000000	0.777778	3.000000														12.000000	37.000000	73.000000	169.000000	255.000000									7.742402	7.742402	8.317766	0.000000	0.000000	1.000000									6.664958	0.817727	9.000000
	cid22-train	35875869841_0b10e41e57_o.png	cid22-train__35875869841_0b10e41e57_o.png	medium	512	512	512	2965.858398	0.113560	0.200709	0.009740	0.009224	0.445068	0.011963	73.687523	0.456404	1.465195	3406.000000	0.103943	0.013890	0.009360	4.000000	0.088000	0.033250	26.000000	0.127276	3.904854	16.294922	13.724609	0.003906	0.000000	0.000000	0.000000	0.000000	0.288548	3.133825	1.192559	0.035397	0.000000	0.267578	0.216484	29.731289	0.003906	0.061988	0.016354	0.000000	262144.000000	12.476649	512.000000	512.000000	786432.000000	1.000000	0.000000	0.000000	0.000000	3.000000	3.179767	4.084102	4.791220	5.085486	5.453853	0.050461	0.263786	0.794227	1.000000	0.021037	0.054445	0.192571	0.729197	4.000000	13.000000	33.000000	140.000000	255.000000	0.000000	0.000000	0.031746	0.095238	0.000000	0.000000	0.000000	0.015873	12.476649	12.476649	12.476649	0.000000	0.000000	0.000000	1.406274	1.523219	1.616574	0.024426	0.030996	0.035397	0.000000	0.000000	25.578310	0.719555	12.000000
	cid22-train	580612.png	cid22-train__580612.png	medium	512	512	512	2215.524414	0.142298	0.221009	0.017267	0.011092	0.347412	0.031738	77.867424	0.246864	1.174379	5686.000000	0.173523	0.025050	0.021340	5.000000	0.063780	0.051540	12.000000	0.098574	4.327050	17.631836	14.260742	0.001953	0.000000	0.000000	0.000000	0.000000	0.015583	3.469881	1.065843	0.060412	0.027018	0.661133	0.382580	16.303411	0.044922	0.077970	0.027886	0.000000	262144.000000	12.476649	512.000000	512.000000	786432.000000	1.000000	0.000000	0.000000	0.000000	3.000000	3.674975	4.390996	4.717644	4.868089	5.077465	0.168822	0.534477	1.000000	1.000000	0.055886	0.171773	0.449229	0.736783	2.000000	9.000000	30.000000	94.000000	255.000000	0.000000	0.015873	0.047619	0.142857	0.000000	0.000000	0.015873	0.047619	12.476649	12.476649	12.476649	0.000000	0.000000	0.000000	1.220356	1.515212	1.824451	0.023521	0.040262	0.060412	0.000000	0.000000	20.308416	0.907539	13.000000
	size-dense-renders	2062426__sz64.png	size-dense-renders__2062426__sz64.png	small	64	64	64	2093.914795	0.289242	0.068663	0.011120	0.008903	0.156250	0.000000	27.186541	0.116707	0.897369	514.000000	0.125488	0.008670	0.016870	0.000000	0.039160	0.073660	4.000000	0.111366	3.690424	39.578125	10.671875	0.000000	0.000000	0.000000	0.000000	0.000000	0.312012	4.196986	0.816044	0.185360	0.044565	0.437500	0.367432	25.284580	0.000000	0.134921	0.020585	0.000000	4096.000000	8.317766	64.000000	64.000000	12288.000000	1.000000	0.000000	0.000000	0.000000	3.000000														12.000000	32.000000	69.000000	157.000000	255.000000									8.317766	8.317766	8.317766	0.000000	0.000000	1.000000									6.732751	0.828432	10.000000
	cid22-train	53435.png	cid22-train__53435.png	medium	512	512	512	4154.005371	0.314394	0.195609	0.021829	0.009886	0.195801	0.000488	67.004524	1.013416	1.148880	4022.000000	0.122742	0.028440	0.032990	5.000000	0.031010	0.033530	3.000000	0.259906	4.658056	24.924805	12.506836	0.000000	0.000000	0.000000	0.000000	0.000000	0.015358	3.858828	0.916362	0.116493	0.050270	0.299805	0.009514	21.956646	0.000000	0.136145	0.027049	0.000000	262144.000000	12.476649	512.000000	512.000000	786432.000000	1.000000	0.000000	0.000000	0.000000	3.000000	4.001333	4.561948	4.911168	5.101077	5.283394	0.342798	0.721867	1.000000	1.000000	0.124269	0.232963	0.411352	0.616933	13.000000	35.000000	70.000000	167.000000	255.000000	0.000000	0.031746	0.111111	0.222222	0.000000	0.000000	0.015873	0.047619	12.476649	12.476649	12.476649	0.000000	0.000000	0.000000	1.738384	2.071882	2.347817	0.049416	0.081038	0.116493	0.000000	0.000000	7.975196	0.797945	12.000000
	size-dense-renders	2062426__sz80.png	size-dense-renders__2062426__sz80.png	small	80	80	80	2175.522949	0.268547	0.070119	0.010547	0.008410	0.140000	0.000000	27.664341	0.127340	0.991959	616.000000	0.096250	0.007270	0.013550	0.000000	0.032870	0.057690	2.000000	0.129640	3.799988	30.450001	8.500000	0.000000	0.000000	0.000000	0.000000	0.000000	0.298906	4.128422	0.763553	0.193083	0.042336	0.380000	0.360469	24.771635	0.000000	0.124921	0.018571	0.000000	6400.000000	8.764053	80.000000	80.000000	19200.000000	1.000000	0.000000	0.000000	0.440000	3.000000	4.396498	4.778585	4.979359	5.053464	5.542615	0.339752	1.000000	1.000000	1.000000	0.066581	0.161995	0.350047	0.515169	13.000000	31.000000	64.000000	145.000000	221.000000	0.015873	0.047619	0.111111	0.206349	0.000000	0.000000	0.015873	0.031746	8.764053	8.764053	9.128696	0.000000	0.000000	1.000000	2.622457	2.873748	3.001673	0.136333	0.157278	0.193083	0.000000	0.000000	6.676898	0.792075	10.000000
	size-dense-renders	22ea12c903e41583b7c469cb86040157__sz1280.png	size-dense-renders__22ea12c903e41583b7c469cb86040157__sz1280.png	large	1280	1024	1280	1635.398804	0.051170	0.248001	0.003149	0.004306	0.776270	0.300977	106.801277	0.206626	1.676595	2633.000000	0.080353	0.001310	0.001650	0.000000	0.017520	0.024620	10.000000	0.070977	3.712908	6.222656	6.482422	0.001953	0.000000	0.000000	0.000000	0.000000	0.014304	2.238374	1.172392	0.017658	0.008633	0.214844	0.047282	16.717661	0.001953	0.021624	0.006588	0.000000	1310720.000000	14.086087	1024.000000	1280.000000	3932160.000000	0.800000	0.223144	0.000000	0.000000	3.000000	1.867670	2.734987	4.291790	4.523237	5.149621	0.023847	0.058498	0.176358	1.000000	0.022147	0.036461	0.078420	0.372834	1.000000	3.000000	12.000000	63.000000	255.000000	0.000000	0.000000	0.000000	0.015873	0.000000	0.000000	0.000000	0.000000	14.086087	14.086087	14.086087	0.000000	0.000000	0.000000	0.693508	1.031408	1.144185	0.010254	0.014666	0.017658	0.000000	0.000000	33.231640	0.641091	12.000000
	size-dense-renders	b939ac34faa94b5d0e753d570edc7048__sz96.png	size-dense-renders__b939ac34faa94b5d0e753d570edc7048__sz96.png	small	96	96	46	2876.306152	0.510263	0.186210	0.027446	0.037205	0.033333	0.000000	74.988403	0.181344	0.530611	1491.000000	0.337636	0.032040	0.083600	4.000000	0.371840	1.026120	31.000000	0.148150	4.204509	45.916668	56.099998	0.000000	0.000000	0.000000	0.000000	0.000000	0.027627	4.543260	0.715775	0.510810	0.253494	0.383333	0.207031	19.773891	0.000000	0.199471	0.083333	0.000000	4416.000000	8.392989	46.000000	96.000000	13248.000000	0.479167	0.735707	0.043478	0.391304	3.000000														26.000000	54.000000	88.000000	157.000000	220.000000									8.435549	8.435549	8.723231	0.000000	0.000000	1.000000									2.080450	0.838176	11.000000
	cid22-train	3571065.png	cid22-train__3571065.png	medium	512	512	512	2285.195557	0.824265	0.058455	0.018556	0.003398	0.000000	0.000000	26.658028	5.136427	0.737801	1177.000000	0.035919	0.015460	0.013310	0.000000	0.005600	0.005420	1.000000	0.920134	4.345747	42.533203	4.804688	0.000000	0.000000	0.000000	0.000000	0.000000	0.080910	4.690301	0.183440	0.853935	0.071102	0.000000	0.000919	24.896235	0.000000	0.325397	0.010277	0.000000	262144.000000	12.476649	512.000000	512.000000	786432.000000	1.000000	0.000000	0.000000	0.000000	3.000000	4.708317	4.806953	4.900757	4.974131	5.075649	1.000000	1.000000	1.000000	1.000000	0.136806	0.179097	0.222384	0.272215	64.000000	110.000000	160.000000	255.000000	255.000000	0.253968	0.285714	0.333333	0.365079	0.000000	0.000000	0.000000	0.015873	12.476649	12.476649	12.476649	1.000000	5.000000	11.000000	4.130221	4.364034	4.470517	0.578460	0.758743	0.853935	0.158730	0.222222	0.524332	0.501044	11.000000
	cid22-train	5097354.png	cid22-train__5097354.png	medium	512	512	512	9048.016602	0.048613	0.096903	0.004272	0.002973	0.683350	0.344971	33.718266	0.091661	1.571493	1490.000000	0.045471	0.002110	0.002370	3.000000	0.005810	0.007640	5.000000	0.052282	3.962655	10.771484	2.805664	0.091797	0.000000	0.000000	0.000000	0.000000	0.414608	2.375177	1.441641	0.005183	0.005629	0.480469	0.121471	25.295135	0.188477	0.030087	0.004805	0.000000	262144.000000	12.476649	512.000000	512.000000	786432.000000	1.000000	0.000000	0.000000	0.000000	3.000000	2.133489	3.489253	4.567513	4.898802	5.350746	0.028701	0.090322	0.430400	1.000000	0.017656	0.026942	0.079964	0.186471	1.000000	2.000000	8.000000	52.000000	255.000000	0.000000	0.000000	0.000000	0.047619	0.000000	0.000000	0.000000	0.000000	12.476649	12.476649	12.476649	0.000000	0.000000	0.000000	0.000000	0.000000	0.467978	0.000000	0.000000	0.005183	0.000000	0.000000	140.174789	0.727574	11.000000
	size-dense-renders	pexels-photo-3568544__sz128.png	size-dense-renders__pexels-photo-3568544__sz128.png	small	128	128	128	3910.819092	0.108004	0.085786	0.006927	0.008515	0.144531	0.000000	45.331154	0.039907	0.946730	575.000000	0.035095	0.001270	0.001080	0.000000	0.014070	0.014780	1.000000	0.043210	4.281023	22.199219	10.031250	0.015625	0.000000	0.000000	0.000000	0.000000	0.000122	3.857369	0.715429	0.202408	0.053621	0.773438	0.557312	15.672927	0.023438	0.076079	0.018291	0.000000	16384.000000	9.704061	128.000000	128.000000	49152.000000	1.000000	0.000000	0.000000	0.000000	3.000000	3.865939	4.401543	4.772985	4.988205	5.144141	0.394952	0.684645	1.000000	1.000000	0.084110	0.178296	0.333013	0.515286	4.000000	10.000000	22.000000	74.000000	255.000000	0.015873	0.031746	0.063492	0.095238	0.000000	0.000000	0.015873	0.031746	9.704061	9.704061	9.704061	0.000000	0.000000	0.000000	2.033424	2.562813	2.883014	0.075810	0.145239	0.202408	0.000000	0.000000	35.274837	0.934441	10.000000
	clic-1024-train	b939ac34faa94b5d0e753d570edc7048.png	clic-1024-train__b939ac34faa94b5d0e753d570edc7048.png	large	1024	1024	1024	4028.625977	0.146607	0.210954	0.006733	0.008949	0.496216	0.195068	84.845345	0.959545	1.184180	10880.000000	0.332031	0.002510	0.004580	1.000000	0.027640	0.039730	7.000000	0.088805	4.328885	22.297852	15.144531	0.053711	0.000000	0.000000	0.000000	0.000000	0.026872	3.016373	1.584316	0.019532	0.000000	0.484375	0.155228	26.739346	0.106445	0.072467	0.022430	0.000000	1048576.000000	13.862944	1024.000000	1024.000000	3145728.000000	1.000000	0.000000	0.000000	0.000000	3.000000	2.958556	4.503525	5.071333	5.280913	5.425846	0.050986	0.228242	1.000000	1.000000	0.022477	0.094451	0.457728	0.819268	1.000000	11.000000	44.000000	131.000000	255.000000	0.000000	0.000000	0.015873	0.111111	0.000000	0.000000	0.000000	0.031746	13.862944	13.862944	13.862944	0.000000	0.000000	0.000000	0.000000	0.000000	0.999323	0.000000	0.000000	0.019532	0.000000	0.000000	13.615552	0.787105	14.000000
	cid22-train	2208891.png	cid22-train__2208891.png	medium	512	512	512	5584.284668	0.213537	0.089082	0.011246	0.009729	0.239746	0.039062	40.068459	0.637898	1.036775	3109.000000	0.094879	0.008960	0.004920	1.000000	0.039980	0.027580	8.000000	0.050422	4.525043	44.656250	10.323242	0.009766	0.000000	0.000000	0.000000	0.000000	0.165356	4.244842	0.925804	0.183522	0.042642	0.640625	0.657448	29.662149	0.026367	0.102570	0.018028	0.000000	262144.000000	12.476649	512.000000	512.000000	786432.000000	1.000000	0.000000	0.000000	0.000000	3.000000	4.380942	4.974515	5.360873	5.491300	5.573463	0.535657	1.000000	1.000000	1.000000	0.094856	0.177577	0.284709	0.470653	8.000000	23.000000	51.000000	139.000000	255.000000	0.015873	0.047619	0.079365	0.142857	0.000000	0.000000	0.015873	0.031746	12.476649	12.476649	12.476649	0.000000	0.000000	0.000000	1.907142	2.450033	2.914575	0.057649	0.110979	0.183522	0.000000	0.000000	15.332430	0.889183	12.000000
	size-dense-renders	4cd6910a0b7b39365fda5df87618d091__sz768.png	size-dense-renders__4cd6910a0b7b39365fda5df87618d091__sz768.png	medium	768	768	383	1705.177612	0.153725	0.123480	0.001112	0.000602	0.611924	0.496454	40.541637	1.495100	0.984344	172.000000	0.005249	0.002180	0.006560	3.000000	0.003270	0.009900	5.000000	0.289784	2.149534	26.665781	2.804965	0.635638	0.000000	0.000000	0.000000	1.000000	0.931979	2.118753	2.185694	0.000000	0.000000	0.093085	0.000000	31.189062	0.655142	0.098376	0.002223	0.000000	294144.000000	12.591825	383.000000	768.000000	882432.000000	0.498698	0.695755	0.002611	0.002611	3.000000	2.014875	4.802849	5.039997	5.095732	5.251738	0.000000	0.063315	1.000000	1.000000	0.000000	0.000000	0.027107	0.030996	0.000000	5.000000	79.000000	238.000000	255.000000	0.000000	0.000000	0.000000	0.222222	0.000000	0.000000	0.000000	0.000000	12.594432	12.594432	12.594432	0.000000	0.000000	0.000000	0.000000	0.000000	0.000000	0.000000	0.000000	0.000000	0.000000	0.000000	9.266185	0.397443	8.000000
	cid22-train	33162.png	cid22-train__33162.png	medium	512	512	512	5229.671875	0.298272	0.149971	0.019706	0.014459	0.179443	0.005615	62.528923	1.087241	1.129585	7740.000000	0.236206	0.015400	0.012160	2.000000	0.062880	0.052370	11.000000	0.167315	4.631639	31.765625	17.128906	0.001953	0.000000	0.000000	0.000000	0.000000	0.041275	4.001903	0.979927	0.124152	0.055829	0.344727	0.523975	27.449560	0.005859	0.136424	0.034862	0.000000	262144.000000	12.476649	512.000000	512.000000	786432.000000	1.000000	0.000000	0.000000	0.000000	3.000000	4.196252	4.798258	5.107505	5.228259	5.437905	0.366644	0.882317	1.000000	1.000000	0.108524	0.234493	0.459489	0.722769	10.000000	32.000000	70.000000	184.000000	255.000000	0.000000	0.031746	0.126984	0.206349	0.000000	0.000000	0.031746	0.047619	12.476649	12.476649	12.476649	0.000000	0.000000	1.000000	1.524235	2.123034	2.464988	0.035553	0.076083	0.124152	0.000000	0.000000	9.095092	0.801603	13.000000
	size-dense-renders	pexels-photo-3568544__sz160.png	size-dense-renders__pexels-photo-3568544__sz160.png	small	160	160	160	3925.200928	0.085242	0.086042	0.005969	0.007345	0.227500	0.002500	45.425045	0.039275	1.098330	638.000000	0.024922	0.000970	0.000860	0.000000	0.010630	0.011130	1.000000	0.044630	4.283355	18.802500	8.735000	0.000000	0.000000	0.000000	0.000000	0.000000	0.000195	3.688556	0.758068	0.156765	0.045227	0.752500	0.555938	15.404776	0.015000	0.064286	0.016032	0.000000	25600.000000	10.150348	160.000000	160.000000	76800.000000	1.000000	0.000000	0.000000	0.000000	3.000000	3.722026	4.225451	4.732017	4.887912	5.094238	0.313234	0.571423	1.000000	1.000000	0.071909	0.145613	0.265249	0.480837	4.000000	9.000000	20.000000	64.000000	231.000000	0.015873	0.031746	0.047619	0.079365	0.000000	0.000000	0.015873	0.031746	10.150348	10.150348	10.150348	0.000000	0.000000	0.000000	1.837273	2.374634	2.666927	0.051973	0.114375	0.156765	0.000000	0.000000	36.371460	0.923248	10.000000
	size-dense-renders	4cd6910a0b7b39365fda5df87618d091__sz1024.png	size-dense-renders__4cd6910a0b7b39365fda5df87618d091__sz1024.png	medium	1024	1024	511	1882.444092	0.138441	0.123511	0.001286	0.000686	0.632068	0.561632	40.537189	2.557174	0.954047	192.000000	0.005859	0.003260	0.007050	5.000000	0.004870	0.010540	8.000000	0.359999	2.079377	29.361111	2.499132	0.668403	0.000000	0.000000	0.000000	1.000000	0.920178	1.949184	2.256694	0.000000	0.000000	0.030382	0.000000	36.998695	0.679688	0.105834	0.001640	0.000000	523264.000000	13.167841	511.000000	1024.000000	1569792.000000	0.499023	0.695102	0.001957	0.001957	3.000000	0.000000	4.806550	5.151458	5.205917	5.285467	0.000000	0.000000	1.000000	1.000000	0.000000	0.000000	0.026868	0.033589	0.000000	1.000000	82.000000	255.000000	255.000000	0.000000	0.000000	0.000000	0.253968	0.000000	0.000000	0.000000	0.000000	13.169796	13.169796	13.169796	0.000000	0.000000	0.000000	0.000000	0.000000	0.000000	0.000000	0.000000	0.000000	0.000000	0.000000	8.656244	0.335455	8.000000
	cid22-train	3316926_opo25u.png	cid22-train__3316926_opo25u.png	medium	512	512	512	2735.690430	0.015368	0.112347	0.002893	0.003598	0.646484	0.025146	49.064857	0.025493	1.608321	1360.000000	0.041504	0.000300	0.000270	0.000000	0.002850	0.002210	1.000000	0.044737	4.376171	5.458984	3.380859	0.001953	0.000000	0.000000	0.000000	0.000000	0.000599	2.798756	0.773356	0.055133	0.019012	0.588867	0.503254	9.093157	0.001953	0.025608	0.007161	0.000000	262144.000000	12.476649	512.000000	512.000000	786432.000000	1.000000	0.000000	0.000000	0.000000	3.000000	2.745258	3.350393	3.907542	4.158622	4.531997	0.093219	0.180163	0.371552	0.704176	0.036180	0.065680	0.137006	0.221304	2.000000	4.000000	8.000000	28.000000	156.000000	0.000000	0.000000	0.015873	0.031746	0.000000	0.000000	0.000000	0.015873	12.476649	12.476649	12.476649	0.000000	0.000000	0.000000	1.342424	1.633468	1.818618	0.028817	0.045347	0.055133	0.000000	0.000000	51.367077	0.876768	11.000000
	cid22-train	1938351.png	cid22-train__1938351.png	medium	512	512	512	1055.702515	0.023146	0.079084	0.004339	0.008213	0.684570	0.000000	63.669857	0.058646	1.631624	956.000000	0.029175	0.000900	0.001320	0.000000	0.022960	0.035910	7.000000	0.184941	3.577624	3.797852	3.902344	0.000000	0.000000	0.000000	0.000000	0.000000	0.000389	2.802208	0.650367	0.056954	0.038205	0.196289	0.000000	10.556231	0.000000	0.024864	0.008417	0.000000	262144.000000	12.476649	512.000000	512.000000	786432.000000	1.000000	0.000000	0.000000	0.000000	3.000000	2.674632	3.223999	3.802593	4.035079	4.449801	0.077588	0.146920	0.305240	0.602842	0.047876	0.070229	0.132287	0.304994	4.000000	8.000000	13.000000	41.000000	245.000000	0.000000	0.000000	0.015873	0.031746	0.000000	0.000000	0.000000	0.015873	12.476649	12.476649	12.476649	0.000000	0.000000	0.000000	1.928140	2.028368	2.091172	0.038130	0.049086	0.056954	0.000000	0.000000	69.552597	0.686358	10.000000
	cid22-train	3584430.png	cid22-train__3584430.png	medium	512	512	512	2888.469727	0.008299	0.121445	0.005026	0.004422	0.835449	0.022217	54.559925	0.013451	1.925678	1168.000000	0.035645	0.000960	0.000720	0.000000	0.005100	0.003980	1.000000	0.044199	4.120518	3.350586	3.611328	0.000000	0.000000	0.000000	0.000000	0.000000	0.000000	2.500303	0.715359	0.034892	0.028962	0.518555	0.366577	13.251375	0.000000	0.016912	0.007254	0.000000	262144.000000	12.476649	512.000000	512.000000	786432.000000	1.000000	0.000000	0.000000	0.000000	3.000000	2.514692	2.903497	3.276677	3.790091	4.677196	0.070457	0.137614	0.223011	0.348317	0.046692	0.078487	0.122503	0.186933	2.000000	3.000000	5.000000	17.000000	145.000000	0.000000	0.000000	0.015873	0.015873	0.000000	0.000000	0.000000	0.015873	12.476649	12.476649	12.476649	0.000000	0.000000	0.000000	1.284078	1.414972	1.544068	0.021488	0.026476	0.034892	0.000000	0.000000	130.781464	0.831649	11.000000
	cid22-train	1484678.png	cid22-train__1484678.png	medium	512	512	512	4333.040527	0.079048	0.194449	0.012210	0.006655	0.542725	0.067139	75.174202	0.162085	1.444383	5990.000000	0.182800	0.018550	0.013020	11.000000	0.032750	0.019560	11.000000	0.070667	4.634799	11.812500	10.411133	0.011719	0.000000	0.000000	0.000000	0.000000	0.072876	2.989860	1.089064	0.037449	0.014928	0.725586	0.206207	21.303150	0.177734	0.046937	0.017191	0.000000	262144.000000	12.476649	512.000000	512.000000	786432.000000	1.000000	0.000000	0.000000	0.000000	3.000000	2.884716	3.829947	4.523558	4.806952	5.197742	0.098668	0.221186	0.646666	1.000000	0.032284	0.068004	0.188132	0.580530	1.000000	3.000000	19.000000	84.000000	255.000000	0.000000	0.000000	0.015873	0.047619	0.000000	0.000000	0.000000	0.015873	12.476649	12.476649	12.476649	0.000000	0.000000	0.000000	1.004728	1.254894	1.467746	0.015375	0.023420	0.037449	0.000000	0.000000	25.977711	0.894516	13.000000
	size-dense-renders	4cd6910a0b7b39365fda5df87618d091__sz128.png	size-dense-renders__4cd6910a0b7b39365fda5df87618d091__sz128.png	small	128	128	64	1047.477295	0.275466	0.118248	0.000895	0.000615	0.195312	0.000000	38.898396	0.098417	0.970912	61.000000	0.007446	0.000280	0.002180	0.000000	0.000580	0.003450	0.000000	0.095013	2.589913	25.312500	14.960938	0.054688	0.000000	0.000000	0.000000	1.000000	0.930054	3.838655	0.883864	0.136370	0.000000	0.203125	0.000000	14.644562	0.101562	0.070933	0.007440	0.000000	8192.000000	9.010913	64.000000	128.000000	24576.000000	0.500000	0.693147	0.000000	0.000000	3.000000	4.035389	4.203916	5.255729	5.293619	5.392920	0.426235	0.682985	0.849858	1.000000	0.006153	0.011527	0.020778	1.000000	9.000000	36.000000	61.000000	95.000000	149.000000	0.000000	0.047619	0.079365	0.095238	0.000000	0.000000	0.000000	0.000000	9.010913	9.010913	9.010913	0.000000	0.000000	0.000000	1.815827	1.953941	2.556303	0.059404	0.075391	0.136370	0.000000	0.000000	1.175255	0.753910	6.000000
	size-dense-renders	pexels-photo-3568544__sz192.png	size-dense-renders__pexels-photo-3568544__sz192.png	small	192	192	192	3934.697266	0.071626	0.086196	0.005295	0.006506	0.270833	0.000000	45.480427	0.040632	1.092436	686.000000	0.020935	0.000760	0.000700	0.000000	0.008480	0.008090	1.000000	0.049343	4.288584	16.093750	7.034722	0.000000	0.000000	0.000000	0.000000	0.000000	0.000190	3.546511	0.785884	0.126380	0.038712	0.718750	0.555094	15.028344	0.017361	0.056300	0.013035	0.000000	36864.000000	10.514991	192.000000	192.000000	110592.000000	1.000000	0.000000	0.000000	0.000000	3.000000	3.563538	4.122787	4.647220	4.788424	5.059425	0.246369	0.459469	0.899722	1.000000	0.059303	0.116364	0.236911	0.422512	3.000000	8.000000	18.000000	61.000000	237.000000	0.000000	0.015873	0.031746	0.079365	0.000000	0.000000	0.015873	0.015873	10.514991	10.514991	10.514991	0.000000	0.000000	0.000000	1.733273	2.131739	2.523401	0.049333	0.082122	0.126380	0.000000	0.000000	42.617889	0.913256	10.000000
	cid22-train	pexels-photo-7078476.png	cid22-train__pexels-photo-7078476.png	medium	512	512	512	2633.181885	0.365068	0.106389	0.010519	0.009637	0.075928	0.001465	40.666176	0.901664	0.866708	1587.000000	0.048431	0.003810	0.005860	0.000000	0.022570	0.029500	4.000000	0.152232	4.360682	33.624023	12.443359	0.012695	0.000000	0.000000	0.000000	0.000000	0.014809	4.334863	0.613113	0.452061	0.054627	0.278320	0.470959	18.396654	0.001953	0.160141	0.021872	0.000000	262144.000000	12.476649	512.000000	512.000000	786432.000000	1.000000	0.000000	0.000000	0.000000	3.000000	4.457957	4.733762	4.928728	5.071898	5.177013	0.753967	1.000000	1.000000	1.000000	0.099412	0.234561	0.428314	0.648721	17.000000	40.000000	68.000000	136.000000	255.000000	0.047619	0.095238	0.158730	0.222222	0.000000	0.000000	0.015873	0.031746	12.476649	12.476649	12.476649	0.000000	0.000000	1.000000	1.991226	3.106611	3.609032	0.063065	0.239000	0.452061	0.000000	0.015873	6.408351	0.807694	11.000000
	size-dense-renders	962312__sz320.png	size-dense-renders__962312__sz320.png	medium	320	320	320	5978.717285	0.218119	0.000000	0.000000	0.000000	0.609375	0.497500	0.000000	1.223701	0.952545	32.000000	0.000977	0.000000	0.000000	0.000000	0.000000	0.000000	0.000000	0.176744	3.116889	42.759377	0.000000	0.071875	0.000000	0.000000	0.000000	1.000000	1.000000	2.743565	1.942676	0.008309	0.000000	0.231250	0.000000	42.518196	0.140625	0.120377	0.000000	1.000000	102400.000000	11.536642	320.000000	320.000000	307200.000000	1.000000	0.000000	0.000000	0.000000	3.000000	1.824446	5.008336	5.453848	5.641395	5.735168	0.026521	0.061962	1.000000	1.000000	0.000000	0.000000	0.000000	0.000000	1.000000	16.000000	105.000000	251.000000	255.000000	0.000000	0.000000	0.000000	0.285714	0.000000	0.000000	0.000000	0.000000	11.536642	11.536642	11.536642	0.000000	0.000000	0.000000	0.000000	0.297622	0.586517	0.000000	0.003329	0.008309	0.000000	0.000000	5.427307	0.660237	5.000000
	cid22-train	1082342.png	cid22-train__1082342.png	medium	512	512	512	6271.364258	0.160504	0.238691	0.017344	0.013104	0.330322	0.071533	110.067917	0.321702	1.188304	1723.000000	0.052582	0.012420	0.030470	4.000000	0.046160	0.117260	19.000000	0.075270	4.569922	23.923828	22.408203	0.038086	0.000000	0.000000	0.000000	0.000000	0.123447	3.514820	1.322322	0.037515	0.030820	0.705078	0.044365	23.703901	0.050781	0.088759	0.041481	0.000000	262144.000000	12.476649	512.000000	512.000000	786432.000000	1.000000	0.000000	0.000000	0.000000	3.000000	3.914277	4.520116	4.924345	5.112358	5.367496	0.161558	0.714689	1.000000	1.000000	0.072885	0.286448	0.624053	0.931251	3.000000	11.000000	27.000000	119.000000	255.000000	0.000000	0.015873	0.079365	0.126984	0.000000	0.000000	0.031746	0.063492	12.476649	12.476649	12.476649	0.000000	0.000000	0.000000	0.000000	1.213766	1.487846	0.000000	0.022707	0.037515	0.000000	0.000000	26.979271	0.877687	11.000000
	size-dense-renders	pexels-photo-4210863__sz320.png	size-dense-renders__pexels-photo-4210863__sz320.png	medium	320	320	320	3737.181396	0.691729	0.058582	0.016815	0.014193	0.000000	0.000000	28.244482	1.732482	0.829817	1412.000000	0.043091	0.011880	0.023070	1.000000	0.054520	0.087970	6.000000	0.476524	4.518161	36.051876	7.595000	0.000000	0.000000	0.000000	0.000000	0.000000	0.017539	4.494612	0.323878	0.506265	0.079948	0.125625	0.023232	18.304707	0.000000	0.211677	0.013056	0.000000	102400.000000	11.536642	320.000000	320.000000	307200.000000	1.000000	0.000000	0.000000	0.000000	3.000000	4.468332	4.654354	4.994356	5.113320	5.264705	0.641207	0.880973	1.000000	1.000000	0.098876	0.130768	0.228214	0.491373	48.000000	83.000000	121.000000	196.000000	255.000000	0.111111	0.158730	0.206349	0.269841	0.000000	0.000000	0.000000	0.015873	11.536642	11.536642	11.536642	0.000000	4.000000	8.000000	3.705516	4.042295	4.135275	0.352922	0.452816	0.506265	0.047619	0.095238	1.006547	0.530021	11.000000
	kadid10k	I53.png	kadid10k__I53.png	medium	512	512	384	2084.396484	0.050876	0.180991	0.003078	0.003237	0.731771	0.256185	77.346588	0.174964	1.751808	2784.000000	0.084961	0.000750	0.000590	0.000000	0.004760	0.003770	1.000000	0.142124	3.625450	7.907227	4.187500	0.008789	0.000000	0.000000	0.000000	0.000000	0.010035	2.290230	1.253299	0.020777	0.023532	0.413086	0.143672	28.738926	0.083984	0.032227	0.007332	0.000000	196608.000000	12.188967	384.000000	512.000000	589824.000000	0.750000	0.287682	0.000000	0.000000	3.000000	1.983894	3.172489	4.259516	4.691775	5.193449	0.028983	0.074860	0.306051	1.000000	0.030473	0.049730	0.116126	0.245742	1.000000	2.000000	10.000000	104.000000	255.000000	0.000000	0.000000	0.000000	0.015873	0.000000	0.000000	0.000000	0.015873	12.188967	12.188967	12.188967	0.000000	0.000000	0.000000	0.297623	0.808718	1.031408	0.004222	0.013451	0.020777	0.000000	0.000000	50.018028	0.767576	12.000000
	size-dense-renders	pexels-photo-3568544__sz48.png	size-dense-renders__pexels-photo-3568544__sz48.png	tiny	48	48	48	3783.216064	0.315527	0.083318	0.013378	0.016207	0.000000	0.000000	44.426559	0.042890	0.657304	361.000000	0.156684	0.004440	0.004160	0.000000	0.040960	0.052240	1.000000	0.057624	4.257398	37.777779	15.638889	0.000000	0.000000	0.000000	0.000000	0.000000	0.000000	4.445676	0.475733	0.501777	0.179978	0.777778	0.569878	16.848675	0.000000	0.143298	0.033951	0.000000	2304.000000	7.742402	48.000000	48.000000	6912.000000	1.000000	0.000000	0.000000	0.777778	3.000000														10.000000	22.000000	45.000000	108.000000	255.000000									7.742402	7.742402	8.317766	0.000000	0.000000	1.000000									12.636088	0.937447	9.000000
	cid22-train	1454613116.png	cid22-train__1454613116.png	medium	512	512	512	4509.090332	0.092145	0.000000	0.000000	0.000000	0.748291	0.739502	0.000000	2.096340	0.994691	32.000000	0.000977	0.000000	0.000000	0.000000	0.000000	0.000000	0.000000	0.187111	1.032482	32.966797	0.000000	0.851562	0.000000	0.000000	0.000000	1.000000	1.000000	1.445556	2.366732	0.000000	0.000000	0.101562	0.000000	60.903687	0.862305	0.057478	0.000000	1.000000	262144.000000	12.476649	512.000000	512.000000	786432.000000	1.000000	0.000000	0.000000	0.000000	3.000000	0.000000	4.516336	5.536262	5.696963	5.821951	0.000000	0.000000	1.000000	1.000000	0.000000	0.000000	0.000000	0.000000	0.000000	0.000000	47.000000	255.000000	255.000000	0.000000	0.000000	0.000000	0.095238	0.000000	0.000000	0.000000	0.000000	12.476649	12.476649	12.476649	0.000000	0.000000	0.000000	0.000000	0.000000	0.000000	0.000000	0.000000	0.000000	0.000000	0.000000	9.855381	0.223611	5.000000
	size-dense-renders	pexels-photo-3568544__sz64.png	size-dense-renders__pexels-photo-3568544__sz64.png	small	64	64	64	3836.255859	0.240363	0.084362	0.010958	0.013408	0.031250	0.000000	44.812069	0.041240	0.681190	421.000000	0.102783	0.003010	0.002990	0.000000	0.030370	0.028910	0.000000	0.045620	4.276433	38.000000	14.984375	0.000000	0.000000	0.000000	0.000000	0.000000	0.000000	4.320225	0.581445	0.466352	0.113493	0.859375	0.559326	16.682819	0.000000	0.118552	0.030010	0.000000	4096.000000	8.317766	64.000000	64.000000	12288.000000	1.000000	0.000000	0.000000	0.000000	3.000000														7.000000	17.000000	36.000000	95.000000	200.000000									8.317766	8.317766	8.317766	0.000000	0.000000	1.000000									15.827411	0.944376	9.000000
	cid22-train	3616956.png	cid22-train__3616956.png	medium	512	512	512	2164.354736	0.079369	0.244935	0.009927	0.006244	0.567139	0.394043	88.936989	0.196227	1.406070	5252.000000	0.160278	0.010860	0.013210	4.000000	0.025510	0.032680	7.000000	0.096442	3.897020	11.248047	9.976562	0.001953	0.000000	0.000000	0.000000	0.000000	0.000175	2.668895	1.358302	0.015479	0.012560	0.262695	0.393162	18.451069	0.000000	0.043775	0.016555	0.000000	262144.000000	12.476649	512.000000	512.000000	786432.000000	1.000000	0.000000	0.000000	0.000000	3.000000	2.608910	3.890155	4.586693	4.817914	5.018946	0.020274	0.148846	0.679642	1.000000	0.015916	0.050466	0.258564	0.572941	2.000000	8.000000	24.000000	86.000000	255.000000	0.000000	0.000000	0.000000	0.063492	0.000000	0.000000	0.000000	0.031746	12.476649	12.476649	12.476649	0.000000	0.000000	0.000000	0.903093	1.121703	1.189893	0.009634	0.013397	0.015479	0.000000	0.000000	30.768810	0.627724	13.000000
	size-dense-renders	pexels-photo-3568544__sz80.png	size-dense-renders__pexels-photo-3568544__sz80.png	small	80	80	80	3866.550049	0.189393	0.084966	0.009461	0.011602	0.020000	0.000000	45.032413	0.039743	0.765100	469.000000	0.073281	0.002320	0.002050	0.000000	0.023230	0.026330	1.000000	0.041929	4.273477	34.669998	13.390000	0.000000	0.000000	0.000000	0.000000	0.000000	0.000000	4.242482	0.603087	0.383258	0.084657	0.820000	0.560313	16.528008	0.000000	0.106508	0.027619	0.000000	6400.000000	8.764053	80.000000	80.000000	19200.000000	1.000000	0.000000	0.000000	0.440000	3.000000	4.271673	4.774290	5.015215	5.128802	5.263696	0.627490	1.000000	1.000000	1.000000	0.147811	0.268113	0.428489	0.602596	6.000000	14.000000	29.000000	91.000000	239.000000	0.031746	0.047619	0.095238	0.158730	0.000000	0.015873	0.031746	0.031746	8.764053	8.764053	9.128696	0.000000	0.000000	0.000000	3.076435	3.257075	3.434546	0.266806	0.323985	0.383258	0.015873	0.031746	23.244698	0.939259	9.000000
	cid22-train	861443.png	cid22-train__861443.png	medium	512	512	512	2158.172852	0.007165	0.159237	0.003139	0.002929	0.931641	0.011475	77.157692	0.030622	1.991308	435.000000	0.013275	0.001280	0.001200	0.000000	0.005860	0.006760	4.000000	0.088297	3.995169	1.563477	0.995117	0.000000	0.000000	0.000000	0.000000	0.000000	0.024929	1.989875	0.613511	0.029028	0.023309	0.029297	0.036190	28.592344	0.000000	0.006960	0.001953	0.000000	262144.000000	12.476649	512.000000	512.000000	786432.000000	1.000000	0.000000	0.000000	0.000000	3.000000	1.864715	2.080762	2.262451	3.475687	4.759779	0.037634	0.050507	0.068849	0.089003	0.027980	0.034210	0.044576	0.062420	2.000000	4.000000	6.000000	26.000000	194.000000	0.000000	0.000000	0.000000	0.000000	0.000000	0.000000	0.000000	0.000000	12.476649	12.476649	12.476649	0.000000	0.000000	0.000000	1.255271	1.433118	1.517691	0.019813	0.025891	0.029028	0.000000	0.000000	162.224777	0.555429	9.000000
	size-dense-renders	pexels-photo-3568544__sz256.png	size-dense-renders__pexels-photo-3568544__sz256.png	medium	256	256	256	3947.111816	0.055225	0.086361	0.004395	0.005366	0.350586	0.005859	45.541248	0.045668	1.250944	778.000000	0.023743	0.000510	0.000520	0.000000	0.005530	0.005710	1.000000	0.056882	4.286756	12.429688	5.337891	0.001953	0.000000	0.000000	0.000000	0.000000	0.000473	3.358658	0.793770	0.096991	0.031838	0.647461	0.555786	14.662871	0.006836	0.047960	0.010215	0.000000	65536.000000	11.090355	256.000000	256.000000	196608.000000	1.000000	0.000000	0.000000	0.000000	3.000000	3.370279	3.893206	4.426394	4.706521	5.004679	0.194407	0.367455	0.690415	1.000000	0.049746	0.088726	0.185342	0.337848	3.000000	8.000000	16.000000	54.000000	255.000000	0.000000	0.015873	0.031746	0.063492	0.000000	0.000000	0.000000	0.015873	11.090355	11.090355	11.090355	0.000000	0.000000	0.000000	1.551571	1.976580	2.286366	0.037457	0.066163	0.096991	0.000000	0.000000	64.947189	0.889383	10.000000
	cid22-train	64271.png	cid22-train__64271.png	medium	512	512	512	1111.316162	0.076355	0.091007	0.007294	0.006009	0.743408	0.000000	46.772964	0.201371	1.580639	1241.000000	0.037872	0.002950	0.001620	0.000000	0.011650	0.007200	2.000000	0.147377	3.349710	8.135742	1.880859	0.000000	0.000000	0.000000	0.000000	0.000000	0.003292	2.403662	1.172626	0.025103	0.031929	0.229492	0.004280	20.936531	0.000000	0.035683	0.003441	0.000000	262144.000000	12.476649	512.000000	512.000000	786432.000000	1.000000	0.000000	0.000000	0.000000	3.000000	1.816137	3.088573	4.506259	4.776828	5.105099	0.031576	0.054430	0.258921	1.000000	0.036212	0.042683	0.061701	0.134752	2.000000	4.000000	19.000000	94.000000	255.000000	0.000000	0.000000	0.000000	0.015873	0.000000	0.000000	0.000000	0.000000	12.476649	12.476649	12.476649	0.000000	0.000000	0.000000	1.278754	1.363788	1.427070	0.017869	0.022664	0.025103	0.000000	0.000000	31.777121	0.671982	11.000000
	size-dense-renders	pexels-photo-3568544__sz32.png	size-dense-renders__pexels-photo-3568544__sz32.png	tiny	32	32	32	3681.067627	0.474506	0.081271	0.017429	0.020820	0.000000	0.000000	43.687019	0.047834	0.576401	268.000000	0.261719	0.007890	0.009060	0.000000	0.070400	0.089410	2.000000	0.045654	4.184297	61.250000	20.062500	0.000000	0.000000	0.000000	0.000000	0.000000	0.000000	4.789621	0.427715	0.918673	0.245703	0.687500	0.574219	18.407597	0.000000	0.176587	0.042659	0.000000	1024.000000	6.931472	32.000000	32.000000	3072.000000	1.000000	0.000000	0.000000	0.000000	3.000000																											6.931472	6.931472	6.931472	0.000000	0.000000	0.000000										0.927168	9.000000
	cid22-train	1546166.png	cid22-train__1546166.png	medium	512	512	512	3883.305908	0.245710	0.183165	0.018474	0.007227	0.238037	0.000244	61.301826	0.964277	1.284661	6433.000000	0.196320	0.022550	0.024480	4.000000	0.023360	0.023280	11.000000	0.225898	4.472841	23.065430	13.718750	0.000000	0.000000	0.000000	0.000000	0.000000	0.005581	3.784358	0.924966	0.100703	0.031912	0.119141	0.267487	25.772356	0.000000	0.116893	0.027297	0.000000	262144.000000	12.476649	512.000000	512.000000	786432.000000	1.000000	0.000000	0.000000	0.000000	3.000000	3.863765	4.574341	4.931803	5.103015	5.401886	0.200319	0.525824	1.000000	1.000000	0.053210	0.189878	0.465315	0.734529	12.000000	32.000000	67.000000	166.000000	255.000000	0.000000	0.015873	0.095238	0.206349	0.000000	0.000000	0.015873	0.047619	12.476649	12.476649	12.476649	0.000000	0.000000	1.000000	1.967241	2.232838	2.390825	0.056911	0.079192	0.100703	0.000000	0.000000	9.002580	0.677397	13.000000
	size-dense-renders	pexels-photo-3568544__sz96.png	size-dense-renders__pexels-photo-3568544__sz96.png	small	96	96	96	3886.290771	0.150803	0.085340	0.008369	0.010295	0.090278	0.000000	45.170143	0.037883	0.871322	510.000000	0.055339	0.001780	0.001670	0.000000	0.019450	0.021090	1.000000	0.053496	4.281422	27.631945	11.645833	0.013889	0.000000	0.000000	0.000000	0.000000	0.000000	4.040341	0.671382	0.274445	0.065450	0.791667	0.559353	16.542112	0.034722	0.095018	0.022377	0.000000	9216.000000	9.128696	96.000000	96.000000	27648.000000	1.000000	0.000000	0.000000	0.000000	3.000000	4.085021	4.601242	4.868989	4.979276	5.176189	0.499047	0.861542	1.000000	1.000000	0.116127	0.215670	0.370265	0.548219	5.000000	12.000000	25.000000	84.000000	232.000000	0.031746	0.047619	0.079365	0.126984	0.000000	0.000000	0.015873	0.031746	9.128696	9.128696	9.128696	0.000000	0.000000	0.000000	2.129478	2.926568	3.139880	0.088542	0.217278	0.274445	0.000000	0.015873	25.614059	0.931061	9.000000
	cid22-train	pexels-photo-3193731.png	cid22-train__pexels-photo-3193731.png	medium	512	512	512	6117.110840	0.125700	0.189134	0.009328	0.007293	0.453857	0.153809	70.979904	0.438314	1.325826	5463.000000	0.166718	0.006480	0.005640	4.000000	0.025200	0.013170	12.000000	0.128466	4.460464	16.046875	9.962891	0.006836	0.000000	0.000000	0.000000	0.000000	0.063786	3.075073	1.303738	0.032490	0.021873	0.352539	0.070126	28.092991	0.070312	0.074234	0.016044	0.000000	262144.000000	12.476649	512.000000	512.000000	786432.000000	1.000000	0.000000	0.000000	0.000000	3.000000	3.273750	4.090698	4.854258	5.106667	5.339117	0.062283	0.296332	0.786159	1.000000	0.033770	0.084687	0.194669	0.435599	2.000000	13.000000	36.000000	132.000000	255.000000	0.000000	0.000000	0.031746	0.126984	0.000000	0.000000	0.000000	0.015873	12.476649	12.476649	12.476649	0.000000	0.000000	0.000000	0.748915	1.113941	1.339637	0.013385	0.024765	0.032490	0.000000	0.000000	20.354952	0.807843	13.000000
	cid22-train	2123337.png	cid22-train__2123337.png	medium	512	512	512	3396.540527	0.225535	0.088941	0.009862	0.010043	0.274170	0.003174	45.456810	0.810567	1.190078	1538.000000	0.046936	0.007390	0.010090	1.000000	0.041560	0.055850	5.000000	0.137570	4.167226	25.561523	10.012695	0.005859	0.000000	0.000000	0.000000	0.000000	0.054077	3.839267	0.969341	0.100714	0.026895	0.279297	0.522396	28.602922	0.005859	0.093952	0.017191	0.000000	262144.000000	12.476649	512.000000	512.000000	786432.000000	1.000000	0.000000	0.000000	0.000000	3.000000	3.891585	4.654321	5.046870	5.244126	5.401371	0.263613	0.622457	1.000000	1.000000	0.072721	0.176783	0.327707	0.486909	10.000000	27.000000	60.000000	157.000000	255.000000	0.000000	0.015873	0.079365	0.126984	0.000000	0.000000	0.015873	0.031746	12.476649	12.476649	12.476649	0.000000	0.000000	1.000000	1.669782	2.004322	2.451786	0.036926	0.062751	0.100714	0.000000	0.000000	10.076070	0.776606	11.000000
	cid22-train	1943411.png	cid22-train__1943411.png	medium	512	512	512	2960.506348	0.145833	0.207579	0.026190	0.019774	0.531494	0.000000	91.028816	0.563932	1.305791	7514.000000	0.229309	0.042760	0.051370	7.000000	0.247880	0.327060	92.000000	0.174684	3.857831	17.088867	21.610352	0.000000	0.000000	0.000000	0.000000	0.000000	0.011513	3.164612	1.186477	0.044965	0.062600	0.210938	0.002640	27.081108	0.001953	0.072684	0.034831	0.000000	262144.000000	12.476649	512.000000	512.000000	786432.000000	1.000000	0.000000	0.000000	0.000000	3.000000	2.854875	4.331225	4.871858	5.049554	5.367076	0.071568	0.184269	1.000000	1.000000	0.082986	0.136998	0.483105	1.000000	4.000000	12.000000	43.000000	148.000000	255.000000	0.000000	0.000000	0.015873	0.126984	0.000000	0.000000	0.015873	0.063492	12.476649	12.476649	12.476649	0.000000	0.000000	0.000000	1.544069	1.688948	1.777133	0.026088	0.036891	0.044965	0.000000	0.000000	18.189844	0.721322	13.000000
	size-dense-renders	pexels-photo-4210863__sz128.png	size-dense-renders__pexels-photo-4210863__sz128.png	small	128	128	128	3218.435303	0.361771	0.046589	0.011009	0.008906	0.000000	0.000000	24.342937	0.228923	0.803965	616.000000	0.037598	0.005580	0.030020	1.000000	0.023040	0.116200	5.000000	0.138098	4.302357	31.585938	5.515625	0.000000	0.000000	0.000000	0.000000	0.000000	0.016663	4.276605	0.545934	0.372558	0.049458	0.273438	0.014587	20.505444	0.000000	0.127108	0.010417	0.000000	16384.000000	9.704061	128.000000	128.000000	49152.000000	1.000000	0.000000	0.000000	0.000000	3.000000	4.264297	4.781744	5.026168	5.123954	5.226087	0.536018	0.977780	1.000000	1.000000	0.070692	0.138451	0.224761	0.348150	21.000000	40.000000	67.000000	140.000000	242.000000	0.047619	0.079365	0.111111	0.190476	0.000000	0.000000	0.000000	0.015873	9.704061	9.704061	9.704061	0.000000	1.000000	3.000000	3.247908	3.435327	3.566951	0.256629	0.333901	0.372558	0.015873	0.031746	4.909089	0.788766	10.000000
	cid22-train	5146462.png	cid22-train__5146462.png	medium	512	512	512	2115.271484	0.188503	0.140269	0.015964	0.011845	0.435791	0.006836	52.403519	0.504084	1.255952	1980.000000	0.060425	0.021380	0.014600	2.000000	0.071500	0.047220	9.000000	0.143604	4.170648	17.391602	10.688477	0.000000	0.000000	0.000000	0.000000	0.000000	0.015808	3.406626	1.067023	0.074068	0.021627	0.497070	0.417091	21.638744	0.000000	0.081690	0.022042	0.000000	262144.000000	12.476649	512.000000	512.000000	786432.000000	1.000000	0.000000	0.000000	0.000000	3.000000	3.461414	4.373165	4.779798	4.934059	5.175623	0.124246	0.396595	1.000000	1.000000	0.033732	0.091048	0.436751	0.636234	3.000000	18.000000	47.000000	125.000000	255.000000	0.000000	0.015873	0.031746	0.142857	0.000000	0.000000	0.000000	0.047619	12.476649	12.476649	12.476649	0.000000	0.000000	0.000000	1.529678	1.843447	2.013824	0.036069	0.060047	0.074068	0.000000	0.000000	15.283052	0.860706	11.000000
	cid22-train	2232979.png	cid22-train__2232979.png	medium	512	512	512	931.198547	0.025494	0.061949	0.004056	0.003634	0.676514	0.000000	37.976727	0.149772	1.549203	633.000000	0.019318	0.002140	0.002360	0.000000	0.009310	0.010430	4.000000	0.614023	3.507180	2.206055	0.856445	0.000000	0.000000	0.000000	0.000000	0.000000	0.000088	2.808843	0.603346	0.063033	0.017251	0.029297	0.007832	24.082655	0.000000	0.022151	0.001349	0.000000	262144.000000	12.476649	512.000000	512.000000	786432.000000	1.000000	0.000000	0.000000	0.000000	3.000000	2.701986	3.246864	3.660710	3.915788	4.260948	0.086061	0.133697	0.257081	0.419119	0.029269	0.045223	0.069534	0.109201	5.000000	9.000000	17.000000	64.000000	255.000000	0.000000	0.000000	0.000000	0.031746	0.000000	0.000000	0.000000	0.000000	12.476649	12.476649	12.476649	0.000000	0.000000	0.000000	1.777699	1.977438	2.081887	0.038089	0.051572	0.063033	0.000000	0.000000	96.267143	0.570436	10.000000
	cid22-train	5894435.png	cid22-train__5894435.png	medium	512	512	512	8826.230469	0.080522	0.065187	0.006609	0.002430	0.499512	0.176514	23.703369	0.238998	1.548565	1196.000000	0.036499	0.003460	0.001620	1.000000	0.002990	0.002290	1.000000	0.179992	4.168254	9.140625	2.832031	0.154297	0.000000	0.000000	0.000000	0.000000	0.360813	2.676799	1.486316	0.000000	0.000000	0.390625	0.126232	21.337559	0.171875	0.053664	0.007006	0.000000	262144.000000	12.476649	512.000000	512.000000	786432.000000	1.000000	0.000000	0.000000	0.000000	3.000000	3.017392	3.864774	4.335778	4.572487	5.105010	0.042455	0.242328	0.628649	1.000000	0.014759	0.050895	0.145623	0.254931	2.000000	7.000000	24.000000	100.000000	255.000000	0.000000	0.000000	0.015873	0.079365	0.000000	0.000000	0.000000	0.015873	12.476649	12.476649	12.476649	0.000000	0.000000	0.000000	0.000000	0.000000	0.000000	0.000000	0.000000	0.000000	0.000000	0.000000	32.331841	0.682960	11.000000
	size-dense-renders	962312__sz384.png	size-dense-renders__962312__sz384.png	medium	384	384	384	6092.055176	0.207623	0.000000	0.000000	0.000000	0.628038	0.530382	0.000000	1.309967	0.975378	32.000000	0.000977	0.000000	0.000000	0.000000	0.000000	0.000000	0.000000	0.167487	3.083044	40.454861	0.000000	0.047743	0.000000	0.000000	0.000000	1.000000	1.000000	2.651988	1.935271	0.009138	0.000000	0.203993	0.000000	41.886700	0.132812	0.113398	0.000000	1.000000	147456.000000	11.901285	384.000000	384.000000	442368.000000	1.000000	0.000000	0.000000	0.000000	3.000000	1.678831	4.979599	5.424793	5.626929	5.749101	0.024290	0.051224	1.000000	1.000000	0.000000	0.000000	0.000000	0.000000	1.000000	12.000000	98.000000	238.000000	255.000000	0.000000	0.000000	0.000000	0.269841	0.000000	0.000000	0.000000	0.000000	11.901285	11.901285	11.901285	0.000000	0.000000	0.000000	0.000000	0.297624	0.600361	0.000000	0.004222	0.009138	0.000000	0.000000	6.073002	0.643052	5.000000
	cid22-train	1536017106.png	cid22-train__1536017106.png	medium	512	512	512	2181.733887	0.119351	0.184903	0.007329	0.006312	0.695801	0.682129	64.093529	0.859476	1.272511	3975.000000	0.121307	0.022820	0.032260	8.000000	0.126600	0.215460	62.000000	0.308130	1.887003	15.143555	18.822266	0.685547	0.000000	0.000000	0.000000	0.000000	0.789661	1.452928	2.146098	0.000000	0.000000	0.032227	0.065254	32.992325	0.700195	0.070080	0.022104	0.000000	262144.000000	12.476649	512.000000	512.000000	786432.000000	1.000000	0.000000	0.000000	0.000000	3.000000	0.000000	4.274541	4.887149	5.059373	5.291828	0.000000	0.000000	0.853682	1.000000	0.000000	0.000000	0.054832	0.861497	0.000000	0.000000	52.000000	185.000000	255.000000	0.000000	0.000000	0.000000	0.142857	0.000000	0.000000	0.000000	0.000000	12.476649	12.476649	12.476649	0.000000	0.000000	0.000000	0.000000	0.000000	0.000000	0.000000	0.000000	0.000000	0.000000	0.000000	13.344826	0.230747	12.000000
	gb82-photo	path-lossless.png	gb82-photo__path-lossless.png	medium	576	576	576	4650.728516	0.203814	0.051275	0.005664	0.003225	0.322724	0.000772	22.276939	0.651378	1.353091	735.000000	0.022430	0.001560	0.000900	0.000000	0.002640	0.002470	0.000000	0.275009	4.344119	13.266152	1.663452	0.001929	0.000000	0.000000	0.000000	0.000000	0.003888	3.527209	0.805480	0.101657	0.019912	0.166827	0.223337	19.662638	0.000000	0.084064	0.002617	0.000000	331776.000000	12.712215	576.000000	576.000000	995328.000000	1.000000	0.000000	0.000000	0.000000	3.000000	3.636231	4.079267	4.582004	4.861143	5.223575	0.171175	0.419589	0.726487	1.000000	0.033933	0.063308	0.095850	0.139430	9.000000	27.000000	53.000000	126.000000	255.000000	0.000000	0.015873	0.063492	0.126984	0.000000	0.000000	0.000000	0.000000	12.712215	12.712215	12.712215	0.000000	0.000000	1.000000	2.089022	2.297179	2.402879	0.058059	0.079110	0.101657	0.000000	0.000000	9.974626	0.698804	10.000000
	cid22-train	3330118.png	cid22-train__3330118.png	medium	512	512	512	244.742111	0.045010	0.145898	0.008870	0.004803	0.779053	0.303955	50.659100	0.113958	1.888657	1010.000000	0.030823	0.016750	0.009920	4.000000	0.020390	0.015130	3.000000	0.319034	2.637750	2.833984	3.977539	0.000000	0.000000	0.000000	0.000000	0.000000	0.015312	2.267649	0.924623	0.023707	0.000000	0.147461	0.161873	15.478224	0.000000	0.024321	0.008588	0.000000	262144.000000	12.476649	512.000000	512.000000	786432.000000	1.000000	0.000000	0.000000	0.000000	3.000000	1.792282	2.877147	3.843902	4.102689	4.552813	0.028895	0.045515	0.210834	0.544630	0.009751	0.024294	0.093908	0.401265	2.000000	5.000000	15.000000	66.000000	255.000000	0.000000	0.000000	0.000000	0.015873	0.000000	0.000000	0.000000	0.000000	12.476649	12.476649	12.476649	0.000000	0.000000	0.000000	1.308765	1.401991	1.462163	0.017552	0.021603	0.023707	0.000000	0.000000	47.659252	0.566557	10.000000
	size-dense-renders	pexels-photo-4210863__sz160.png	size-dense-renders__pexels-photo-4210863__sz160.png	small	160	160	160	3307.456787	0.428780	0.049671	0.012472	0.010172	0.000000	0.000000	25.342365	0.343198	0.871845	748.000000	0.029219	0.007590	0.033140	1.000000	0.031140	0.124720	6.000000	0.159040	4.346992	29.065001	6.232500	0.000000	0.000000	0.000000	0.000000	0.000000	0.015391	4.254632	0.504954	0.369312	0.052451	0.217500	0.019102	18.824152	0.000000	0.126667	0.012421	0.000000	25600.000000	10.150348	160.000000	160.000000	76800.000000	1.000000	0.000000	0.000000	0.000000	3.000000	4.171929	4.719487	4.969368	5.093310	5.308185	0.501272	0.900524	1.000000	1.000000	0.070181	0.127729	0.271559	0.394691	28.000000	49.000000	74.000000	136.000000	234.000000	0.047619	0.079365	0.111111	0.174603	0.000000	0.000000	0.000000	0.015873	10.150348	10.150348	10.150348	0.000000	2.000000	5.000000	3.406327	3.533754	3.657725	0.235710	0.327786	0.369312	0.015873	0.031746	3.143888	0.728234	10.000000
	cid22-train	pexels-photo-7114620.png	cid22-train__pexels-photo-7114620.png	medium	512	512	512	3643.021484	0.035631	0.130244	0.004313	0.004345	0.388184	0.028564	63.814602	0.057401	1.578573	2488.000000	0.075928	0.000550	0.000600	0.000000	0.003880	0.003720	2.000000	0.039824	4.343522	11.523438	4.094727	0.003906	0.000000	0.000000	0.000000	0.000000	0.001148	3.262165	0.862760	0.074380	0.023184	0.611328	0.803547	13.321383	0.048828	0.044457	0.007921	0.000000	262144.000000	12.476649	512.000000	512.000000	786432.000000	1.000000	0.000000	0.000000	0.000000	3.000000	3.324077	3.885784	4.383003	4.615771	4.934322	0.155537	0.347398	0.685471	1.000000	0.038636	0.069901	0.129872	0.220312	3.000000	7.000000	14.000000	42.000000	211.000000	0.000000	0.015873	0.031746	0.063492	0.000000	0.000000	0.000000	0.015873	12.476649	12.476649	12.476649	0.000000	0.000000	0.000000	1.356983	1.767967	2.025050	0.031958	0.053206	0.074380	0.000000	0.000000	35.607456	0.888111	12.000000
	cid22-train	pexels-photo-7266811.png	cid22-train__pexels-photo-7266811.png	medium	512	512	512	5617.636230	0.341290	0.059410	0.006602	0.005358	0.186768	0.015137	25.767120	1.847702	0.986733	2302.000000	0.070251	0.001470	0.001630	0.000000	0.007740	0.006760	4.000000	0.221239	4.571478	40.381836	4.625000	0.005859	0.000000	0.000000	0.000000	0.000000	0.095909	4.075739	1.070434	0.125345	0.028664	0.446289	0.439079	33.911324	0.013672	0.156095	0.010060	0.000000	262144.000000	12.476649	512.000000	512.000000	786432.000000	1.000000	0.000000	0.000000	0.000000	3.000000	4.370446	4.866547	5.233914	5.364862	5.537944	0.373799	1.000000	1.000000	1.000000	0.051156	0.093319	0.164792	0.288584	10.000000	36.000000	85.000000	249.000000	255.000000	0.000000	0.047619	0.142857	0.238095	0.000000	0.000000	0.000000	0.015873	12.476649	12.476649	12.476649	0.000000	0.000000	0.000000	1.350976	1.808611	2.433144	0.031117	0.059144	0.125345	0.000000	0.000000	7.735695	0.823124	12.000000
	size-dense-renders	pexels-photo-3568544__sz320.png	size-dense-renders__pexels-photo-3568544__sz320.png	medium	320	320	320	3955.573242	0.046835	0.086464	0.003826	0.004631	0.412500	0.010625	45.579437	0.052372	1.328138	854.000000	0.026062	0.000390	0.000380	0.000000	0.004030	0.004000	1.000000	0.062655	4.285468	10.596875	4.415625	0.002500	0.000000	0.000000	0.000000	0.000000	0.000469	3.246255	0.791025	0.087775	0.028233	0.583750	0.556260	14.556241	0.008750	0.042073	0.008651	0.000000	102400.000000	11.536642	320.000000	320.000000	307200.000000	1.000000	0.000000	0.000000	0.000000	3.000000	3.240139	3.776806	4.305754	4.614390	5.002534	0.163942	0.314874	0.592270	1.000000	0.045091	0.075792	0.155713	0.289670	3.000000	8.000000	15.000000	51.000000	255.000000	0.000000	0.015873	0.031746	0.047619	0.000000	0.000000	0.000000	0.015873	11.536642	11.536642	11.536642	0.000000	0.000000	0.000000	1.422224	1.910407	2.195207	0.033522	0.063678	0.087775	0.000000	0.000000	63.661728	0.870659	10.000000
	size-dense-renders	b939ac34faa94b5d0e753d570edc7048__sz1280.png	size-dense-renders__b939ac34faa94b5d0e753d570edc7048__sz1280.png	medium	1280	1280	608	3489.251709	0.153415	0.203483	0.007939	0.010254	0.467270	0.178865	79.604149	0.790808	1.191473	9946.000000	0.303528	0.005260	0.009680	2.000000	0.050090	0.096310	14.000000	0.101379	4.225729	20.308319	18.745028	0.056962	0.000000	0.000000	0.000000	0.000000	0.028316	3.106751	1.525563	0.018612	0.000000	0.446655	0.233826	24.483593	0.074141	0.079666	0.025862	0.000000	778240.000000	13.564790	608.000000	1280.000000	2334720.000000	0.475000	0.744440	0.000000	0.000000	3.000000	3.343209	4.459283	4.971153	5.140791	5.284712	0.072799	0.349165	1.000000	1.000000	0.022098	0.102728	0.523402	1.000000	2.000000	12.000000	46.000000	124.000000	255.000000	0.000000	0.000000	0.031746	0.142857	0.000000	0.000000	0.000000	0.047619	13.564790	13.564790	13.564790	0.000000	0.000000	0.000000	0.000000	0.000000	1.004723	0.000000	0.000000	0.018612	0.000000	0.000000	11.195245	0.773126	14.000000
	size-dense-renders	pexels-photo-4210863__sz384.png	size-dense-renders__pexels-photo-4210863__sz384.png	medium	384	384	384	3874.714111	0.687795	0.060212	0.016383	0.013973	0.001736	0.000000	28.778978	1.947397	0.876217	1608.000000	0.049072	0.009590	0.017040	1.000000	0.045910	0.065780	5.000000	0.570609	4.540304	36.718750	7.739583	0.000000	0.000000	0.000000	0.000000	0.000000	0.017992	4.533017	0.314328	0.579159	0.091954	0.114583	0.023105	19.301037	0.000000	0.228602	0.012690	0.000000	147456.000000	11.901285	384.000000	384.000000	442368.000000	1.000000	0.000000	0.000000	0.000000	3.000000	4.539565	4.697272	4.933602	5.065021	5.278376	0.732025	0.959155	1.000000	1.000000	0.110155	0.140472	0.205820	0.446527	44.000000	78.000000	117.000000	197.000000	255.000000	0.126984	0.174603	0.238095	0.285714	0.000000	0.000000	0.000000	0.015873	11.901285	11.901285	11.901285	0.000000	3.000000	7.000000	3.668827	4.077240	4.186864	0.388235	0.513835	0.579159	0.047619	0.095238	1.432502	0.533297	11.000000
	size-dense-renders	pexels-photo-4210863__sz40.png	size-dense-renders__pexels-photo-4210863__sz40.png	tiny	40	40	40	2734.536621	0.399737	0.032739	0.007313	0.005766	0.000000	0.000000	19.860458	0.078148	0.495471	227.000000	0.141875	0.002500	0.014460	0.000000	0.010130	0.052130	0.000000	0.188219	4.081613	31.639999	4.840000	0.000000	0.000000	0.000000	0.000000	1.000000	0.006875	4.418705	0.318916	0.598181	0.071736	0.280000	0.000000	18.273933	0.000000	0.126349	0.008254	0.000000	1600.000000	7.377759	40.000000	40.000000	4800.000000	1.000000	0.000000	0.000000	1.560000	3.000000														20.000000	43.000000	72.000000	141.000000	175.000000									7.377759	7.742402	8.317766	0.000000	1.000000	3.000000									3.247538	0.824475	8.000000
	size-dense-renders	pexels-photo-4210863__sz48.png	size-dense-renders__pexels-photo-4210863__sz48.png	tiny	48	48	48	2816.842529	0.394749	0.034670	0.008053	0.006312	0.000000	0.000000	20.485321	0.098799	0.576548	285.000000	0.123698	0.003410	0.019300	0.000000	0.013480	0.071750	1.000000	0.152425	4.131262	33.361111	4.111111	0.000000	0.000000	0.000000	0.000000	0.000000	0.010417	4.471482	0.318307	0.666308	0.066407	0.361111	0.000000	18.582050	0.000000	0.130071	0.007937	0.000000	2304.000000	7.742402	48.000000	48.000000	6912.000000	1.000000	0.000000	0.000000	0.777778	3.000000														21.000000	43.000000	77.000000	147.000000	193.000000									7.742402	7.742402	8.317766	0.000000	1.000000	3.000000									3.248695	0.820408	9.000000
	cid22-train	1454804.png	cid22-train__1454804.png	medium	512	512	512	1261.738159	0.047200	0.019938	0.001979	0.001439	0.693115	0.230469	11.086905	0.097865	1.662194	399.000000	0.012177	0.000350	0.000340	0.000000	0.001170	0.001120	0.000000	0.100810	3.851092	7.013672	0.273438	0.008789	0.000000	0.000000	0.000000	0.000000	0.027122	2.590136	1.093539	0.030688	0.003403	0.423828	0.000004	17.555916	0.106445	0.030893	0.000295	0.000000	262144.000000	12.476649	512.000000	512.000000	786432.000000	1.000000	0.000000	0.000000	0.000000	3.000000	2.366890	3.351941	4.271609	4.530845	4.976707	0.053598	0.113958	0.360159	1.000000	0.009206	0.019435	0.029720	0.067880	1.000000	4.000000	13.000000	65.000000	255.000000	0.000000	0.000000	0.000000	0.047619	0.000000	0.000000	0.000000	0.000000	12.476649	12.476649	12.476649	0.000000	0.000000	0.000000	0.586519	1.168792	1.339635	0.009804	0.024582	0.030688	0.000000	0.000000	40.580383	0.813231	9.000000
	clic-1024-train	097cb426910ba8ce2525dd8bb7fb1777.png	clic-1024-train__097cb426910ba8ce2525dd8bb7fb1777.png	large	1024	1024	1024	854.043274	0.016263	0.043439	0.001575	0.001480	0.798584	0.595703	15.716163	0.101150	2.052464	949.000000	0.028961	0.000190	0.000190	0.000000	0.001200	0.001110	0.000000	0.182079	3.036953	2.202148	0.290039	0.005859	0.000000	0.000000	0.000000	0.000000	0.069452	1.892191	1.063154	0.011544	0.000000	0.089844	0.062576	13.129968	0.019531	0.012323	0.000605	0.000000	1048576.000000	13.862944	1024.000000	1024.000000	3145728.000000	1.000000	0.000000	0.000000	0.000000	3.000000	1.370779	2.919004	3.518446	3.876809	4.320167	0.017228	0.024606	0.171405	0.410686	0.003329	0.020945	0.032580	0.052027	2.000000	4.000000	13.000000	41.000000	255.000000	0.000000	0.000000	0.000000	0.015873	0.000000	0.000000	0.000000	0.000000	13.862944	13.862944	13.862944	0.000000	0.000000	0.000000	0.297622	0.698969	0.895389	0.003329	0.008558	0.011544	0.000000	0.000000	44.478706	0.467578	10.000000
	size-dense-renders	pexels-photo-4210863__sz64.png	size-dense-renders__pexels-photo-4210863__sz64.png	small	64	64	64	2937.678711	0.380448	0.037878	0.008649	0.006889	0.000000	0.000000	21.514589	0.129491	0.624539	351.000000	0.085693	0.003490	0.023050	0.000000	0.014170	0.087290	2.000000	0.198898	4.168749	32.390625	5.156250	0.000000	0.000000	0.000000	0.000000	0.000000	0.014893	4.348512	0.420375	0.549942	0.060489	0.359375	0.002930	19.349970	0.000000	0.144097	0.008185	0.000000	4096.000000	8.317766	64.000000	64.000000	12288.000000	1.000000	0.000000	0.000000	0.000000	3.000000														19.000000	42.000000	75.000000	143.000000	197.000000									8.317766	8.317766	8.317766	0.000000	1.000000	2.000000									3.069314	0.778572	9.000000
	size-dense-renders	pexels-photo-4210863__sz192.png	size-dense-renders__pexels-photo-4210863__sz192.png	small	192	192	192	3392.596924	0.539103	0.052197	0.014005	0.011474	0.000000	0.000000	26.163727	0.574623	0.761313	922.000000	0.028137	0.009960	0.034280	1.000000	0.041600	0.128050	7.000000	0.200685	4.389276	29.901041	6.520833	0.000000	0.000000	0.000000	0.000000	0.000000	0.015082	4.301620	0.449232	0.393367	0.057115	0.171875	0.021403	16.773338	0.000000	0.134480	0.012373	0.000000	36864.000000	10.514991	192.000000	192.000000	110592.000000	1.000000	0.000000	0.000000	0.000000	3.000000	4.150718	4.659165	5.018390	5.099967	5.176219	0.522498	0.781676	1.000000	1.000000	0.072525	0.118951	0.262839	0.410384	36.000000	62.000000	88.000000	146.000000	246.000000	0.063492	0.079365	0.126984	0.174603	0.000000	0.000000	0.000000	0.015873	10.514991	10.514991	10.514991	0.000000	3.000000	6.000000	3.547028	3.706599	3.804454	0.240139	0.345455	0.393367	0.015873	0.031746	1.542346	0.659477	10.000000
	cid22-train	1089930.png	cid22-train__1089930.png	medium	512	512	512	4093.968262	0.069772	0.178978	0.008241	0.005739	0.343018	0.048584	73.689178	0.125199	1.407181	3267.000000	0.099701	0.005360	0.005590	1.000000	0.014850	0.017810	5.000000	0.060223	4.580406	14.438477	7.898438	0.001953	0.000000	0.000000	0.000000	0.000000	0.124268	3.349335	0.955247	0.063344	0.022826	0.602539	0.485668	18.140928	0.040039	0.051060	0.012168	0.000000	262144.000000	12.476649	512.000000	512.000000	786432.000000	1.000000	0.000000	0.000000	0.000000	3.000000	3.397307	4.011208	4.589690	4.864846	5.163580	0.184994	0.378171	0.785457	1.000000	0.035186	0.069819	0.162879	0.471064	3.000000	8.000000	20.000000	68.000000	246.000000	0.000000	0.015873	0.031746	0.063492	0.000000	0.000000	0.000000	0.015873	12.476649	12.476649	12.476649	0.000000	0.000000	0.000000	1.058334	1.572399	1.910407	0.016538	0.037747	0.063344	0.000000	0.000000	29.242479	0.863299	12.000000
	gb82-photo	mc2-lossless.png	gb82-photo__mc2-lossless.png	medium	576	576	576	1938.503418	0.002888	0.058382	0.002222	0.001336	0.888310	0.342400	23.242355	0.009450	1.598146	332.000000	0.010132	0.000260	0.000420	0.000000	0.000670	0.001270	0.000000	0.079321	3.822526	1.587271	0.748312	0.019286	0.000000	0.000000	0.000000	0.000000	0.037806	2.078904	0.876622	0.022994	0.006267	0.354870	0.283538	4.162837	0.068467	0.010133	0.001179	0.000000	331776.000000	12.712215	576.000000	576.000000	995328.000000	1.000000	0.000000	0.000000	0.000000	3.000000	2.224945	2.723251	3.125136	3.456053	3.991353	0.030775	0.093185	0.176999	0.287505	0.021063	0.035502	0.065725	0.094211	0.000000	2.000000	5.000000	16.000000	84.000000	0.000000	0.000000	0.000000	0.015873	0.000000	0.000000	0.000000	0.000000	12.712215	12.712215	12.712215	0.000000	0.000000	0.000000	0.000000	0.748914	1.055356	0.000000	0.015212	0.022994	0.000000	0.000000	47.034260	0.783049	9.000000
	size-dense-renders	pexels-photo-4210863__sz80.png	size-dense-renders__pexels-photo-4210863__sz80.png	small	80	80	80	3033.321777	0.359718	0.040654	0.009161	0.007383	0.000000	0.000000	22.415293	0.158654	0.694296	430.000000	0.067188	0.003900	0.026010	0.000000	0.015810	0.100750	3.000000	0.171588	4.200850	34.389999	4.820000	0.000000	0.000000	0.000000	0.000000	0.000000	0.020312	4.348174	0.502537	0.493390	0.050380	0.350000	0.007969	20.404160	0.000000	0.142698	0.008730	0.000000	6400.000000	8.764053	80.000000	80.000000	19200.000000	1.000000	0.000000	0.000000	0.440000	3.000000	4.309555	4.842429	5.039747	5.103657	5.195624	0.728612	0.956132	1.000000	1.000000	0.082425	0.155265	0.205933	0.276183	18.000000	39.000000	74.000000	146.000000	195.000000	0.047619	0.079365	0.142857	0.190476	0.000000	0.000000	0.000000	0.015873	8.764053	8.764053	9.128696	0.000000	1.000000	3.000000	3.318112	3.433567	3.699486	0.292837	0.366495	0.493390	0.031746	0.047619	3.727984	0.789499	9.000000
	gb82-photo	guitar-lossless.png	gb82-photo__guitar-lossless.png	medium	576	576	576	900.299377	0.097603	0.150185	0.004020	0.005894	0.421103	0.040702	65.673019	0.250926	1.393504	2333.000000	0.071198	0.001890	0.001330	0.000000	0.032100	0.017400	7.000000	0.112046	3.452134	13.009644	6.031823	0.001929	0.000000	0.000000	0.000000	0.000000	0.704159	3.288022	0.983493	0.067974	0.000000	0.602700	0.069942	18.858063	0.006750	0.062390	0.009980	0.000000	331776.000000	12.712215	576.000000	576.000000	995328.000000	1.000000	0.000000	0.000000	0.000000	3.000000	3.319886	4.109405	4.600667	4.818618	5.050714	0.125479	0.357998	0.888261	1.000000	0.000000	0.000000	0.128058	0.427311	3.000000	7.000000	20.000000	102.000000	255.000000	0.000000	0.000000	0.031746	0.095238	0.000000	0.000000	0.000000	0.000000	12.712215	12.712215	12.712215	0.000000	0.000000	0.000000	1.337147	1.747098	1.982272	0.028797	0.049142	0.067974	0.000000	0.000000	31.067255	0.874367	12.000000
	cid22-train	2020432.png	cid22-train__2020432.png	medium	512	512	512	2543.384766	0.007054	0.134576	0.002724	0.002843	0.909180	0.027344	56.047638	0.016122	2.267786	1392.000000	0.042480	0.000690	0.000530	0.000000	0.005400	0.004510	5.000000	0.083488	4.278468	1.537109	0.888672	0.000000	0.000000	0.000000	0.000000	0.000000	0.001740	2.326450	0.569629	0.048812	0.019647	0.482422	0.184055	14.878378	0.002930	0.011269	0.001349	0.000000	262144.000000	12.476649	512.000000	512.000000	786432.000000	1.000000	0.000000	0.000000	0.000000	3.000000	2.271224	2.620250	3.012725	3.351107	4.185719	0.069456	0.104159	0.157198	0.246267	0.026537	0.038633	0.059902	0.096098	1.000000	2.000000	4.000000	20.000000	146.000000	0.000000	0.000000	0.000000	0.015873	0.000000	0.000000	0.000000	0.000000	12.476649	12.476649	12.476649	0.000000	0.000000	0.000000	1.144184	1.555548	1.690196	0.022813	0.040570	0.048812	0.000000	0.000000	170.834030	0.864352	11.000000
	cid22-train	3623285.png	cid22-train__3623285.png	medium	512	512	512	2745.134277	0.135753	0.182360	0.005094	0.004116	0.463379	0.299072	68.111214	0.388652	1.441575	2085.000000	0.063629	0.003640	0.002460	1.000000	0.017350	0.010690	11.000000	0.185532	3.865856	13.118164	3.125977	0.003906	0.000000	0.000000	0.000000	0.000000	0.029236	2.890062	1.442144	0.017064	0.017251	0.156250	0.249142	22.154367	0.006836	0.068359	0.005410	0.000000	262144.000000	12.476649	512.000000	512.000000	786432.000000	1.000000	0.000000	0.000000	0.000000	3.000000	3.211150	4.127465	4.641489	4.829784	5.322956	0.025430	0.288066	0.778897	1.000000	0.024961	0.040694	0.082734	0.165447	3.000000	15.000000	39.000000	111.000000	255.000000	0.000000	0.000000	0.031746	0.111111	0.000000	0.000000	0.000000	0.000000	12.476649	12.476649	12.476649	0.000000	0.000000	0.000000	0.467978	0.808717	1.000000	0.005629	0.011937	0.017064	0.000000	0.000000	18.942165	0.652696	12.000000
	cid22-train	1963557.png	cid22-train__1963557.png	medium	512	512	512	3683.009766	0.193317	0.246047	0.012740	0.015863	0.334717	0.149170	97.242088	0.715030	1.294358	3724.000000	0.113647	0.025270	0.014600	7.000000	0.223440	0.165270	37.000000	0.184865	4.557653	15.915039	15.606445	0.017578	0.000000	0.000000	0.000000	0.000000	0.011013	3.381124	1.288258	0.022331	0.015732	0.369141	0.047676	22.985821	0.014648	0.085674	0.026615	0.000000	262144.000000	12.476649	512.000000	512.000000	786432.000000	1.000000	0.000000	0.000000	0.000000	3.000000	3.819462	4.368189	4.620199	4.880934	5.280057	0.151519	0.595432	1.000000	1.000000	0.059301	0.155574	0.430263	0.789472	3.000000	22.000000	62.000000	142.000000	255.000000	0.000000	0.015873	0.079365	0.126984	0.000000	0.000000	0.015873	0.031746	12.476649	12.476649	12.476649	0.000000	0.000000	0.000000	0.297625	0.941230	1.193386	0.005365	0.014157	0.022331	0.000000	0.000000	7.892878	0.768786	12.000000
	size-dense-renders	pexels-photo-4210863__sz96.png	size-dense-renders__pexels-photo-4210863__sz96.png	small	96	96	96	3110.586426	0.348698	0.042955	0.009746	0.007862	0.000000	0.000000	23.167557	0.186816	0.745269	511.000000	0.055447	0.004140	0.026660	1.000000	0.017130	0.104460	4.000000	0.178452	4.234238	31.048611	5.076389	0.000000	0.000000	0.000000	0.000000	0.000000	0.019206	4.290513	0.526377	0.394918	0.052439	0.354167	0.011393	21.017935	0.000000	0.131063	0.009700	0.000000	9216.000000	9.128696	96.000000	96.000000	27648.000000	1.000000	0.000000	0.000000	0.000000	3.000000	4.377898	4.713654	5.006116	5.098134	5.211027	0.579437	1.000000	1.000000	1.000000	0.073566	0.143274	0.239158	0.300979	18.000000	37.000000	72.000000	152.000000	227.000000	0.047619	0.063492	0.126984	0.174603	0.000000	0.000000	0.000000	0.015873	9.128696	9.128696	9.128696	0.000000	1.000000	3.000000	3.313099	3.444842	3.562157	0.281617	0.339033	0.394918	0.015873	0.031746	4.602727	0.797708	9.000000
	cid22-train	pexels-photo-3214683.png	cid22-train__pexels-photo-3214683.png	medium	512	512	512	5828.139648	0.078420	0.093271	0.004257	0.003994	0.499268	0.011230	35.419136	0.182186	1.552170	1943.000000	0.059296	0.000770	0.000690	0.000000	0.005620	0.003900	3.000000	0.072356	4.401325	12.952148	3.679688	0.000000	0.000000	0.000000	0.000000	0.000000	0.358986	3.195846	0.965557	0.064169	0.000000	0.398438	0.256802	23.905651	0.003906	0.050394	0.008324	0.000000	262144.000000	12.476649	512.000000	512.000000	786432.000000	1.000000	0.000000	0.000000	0.000000	3.000000	3.116857	3.948092	4.521052	4.933323	5.413990	0.097001	0.265082	0.692630	1.000000	0.010196	0.039611	0.136692	0.310056	4.000000	9.000000	21.000000	81.000000	255.000000	0.000000	0.000000	0.031746	0.079365	0.000000	0.000000	0.000000	0.015873	12.476649	12.476649	12.476649	0.000000	0.000000	0.000000	1.584756	1.958744	2.048187	0.037392	0.053474	0.064169	0.000000	0.000000	44.179363	0.791341	11.000000
	cid22-train	1570264.png	cid22-train__1570264.png	medium	512	512	512	2450.016113	0.333409	0.020203	0.004764	0.004078	0.000732	0.000000	9.809583	0.696733	0.918454	773.000000	0.023590	0.001170	0.001520	0.000000	0.005370	0.008450	1.000000	0.273455	4.037450	17.577148	0.885742	0.000000	0.000000	0.000000	0.000000	0.000000	0.010429	4.029518	0.402041	0.351224	0.032648	0.103516	0.000942	11.200926	0.000000	0.122520	0.001225	0.000000	262144.000000	12.476649	512.000000	512.000000	786432.000000	1.000000	0.000000	0.000000	0.000000	3.000000	3.968657	4.252464	4.648663	4.836012	5.002576	0.447004	0.599926	0.899989	1.000000	0.040931	0.052957	0.072734	0.106415	22.000000	39.000000	59.000000	109.000000	255.000000	0.047619	0.079365	0.111111	0.158730	0.000000	0.000000	0.000000	0.000000	12.476649	12.476649	12.476649	0.000000	2.000000	4.000000	3.250420	3.448279	3.577016	0.235200	0.294856	0.351224	0.015873	0.031746	4.648104	0.653341	10.000000
	size-dense-renders	pexels-photo-6096399__sz128.png	size-dense-renders__pexels-photo-6096399__sz128.png	small	128	128	128	736.559265	0.067580	0.030765	0.003360	0.003213	0.312500	0.117188	15.883952	0.027046	1.002755	323.000000	0.019714	0.000610	0.001330	0.000000	0.003410	0.006870	1.000000	0.071303	3.366615	12.109375	2.207031	0.007812	0.000000	0.000000	0.000000	0.000000	0.087036	3.303277	1.030622	0.041770	0.012152	0.691406	0.578613	13.954403	0.031250	0.059400	0.004774	0.000000	16384.000000	9.704061	128.000000	128.000000	49152.000000	1.000000	0.000000	0.000000	0.000000	3.000000	3.531876	4.108455	4.348372	4.534727	4.869138	0.207612	0.458256	0.864084	1.000000	0.029557	0.065953	0.123597	0.172224	2.000000	6.000000	17.000000	61.000000	255.000000	0.000000	0.015873	0.047619	0.095238	0.000000	0.000000	0.000000	0.000000	9.704061	9.704061	9.704061	0.000000	0.000000	0.000000	0.676694	1.226840	1.528075	0.011649	0.027667	0.041770	0.000000	0.000000	59.001450	0.896487	9.000000
	cid22-train	670530.png	cid22-train__670530.png	medium	512	512	512	1490.093750	0.035696	0.074641	0.002504	0.001690	0.745117	0.281738	31.061295	0.115512	1.727395	723.000000	0.022064	0.000590	0.000690	0.000000	0.001440	0.001530	0.000000	0.156491	3.628583	4.628906	0.809570	0.001953	0.000000	0.000000	0.000000	0.000000	0.056622	2.366061	1.026004	0.018471	0.004253	0.498047	0.002254	23.379650	0.021484	0.025453	0.001705	0.000000	262144.000000	12.476649	512.000000	512.000000	786432.000000	1.000000	0.000000	0.000000	0.000000	3.000000	2.325278	3.042766	3.672604	4.253978	4.897180	0.036582	0.113212	0.256013	0.532283	0.014651	0.027293	0.053288	0.095798	1.000000	2.000000	8.000000	79.000000	255.000000	0.000000	0.000000	0.000000	0.031746	0.000000	0.000000	0.000000	0.000000	12.476649	12.476649	12.476649	0.000000	0.000000	0.000000	0.586517	0.965408	1.129831	0.007204	0.014331	0.018471	0.000000	0.000000	58.802326	0.778684	10.000000
	cid22-train	pexels-photo-7263002.png	cid22-train__pexels-photo-7263002.png	medium	512	512	512	4231.455078	0.201677	0.228306	0.011414	0.009561	0.174316	0.001221	86.125290	0.375464	1.204708	3010.000000	0.091858	0.007050	0.007710	2.000000	0.032380	0.027170	14.000000	0.076789	4.664632	26.633789	12.400391	0.001953	0.000000	0.000000	0.000000	0.000000	0.245747	3.950870	0.821412	0.178549	0.020778	0.521484	0.165371	21.297930	0.002930	0.110057	0.022941	0.000000	262144.000000	12.476649	512.000000	512.000000	786432.000000	1.000000	0.000000	0.000000	0.000000	3.000000	4.020889	4.634033	5.003605	5.141906	5.280378	0.311081	0.772029	1.000000	1.000000	0.048827	0.116198	0.270547	0.802858	8.000000	19.000000	37.000000	105.000000	255.000000	0.015873	0.031746	0.095238	0.158730	0.000000	0.000000	0.000000	0.031746	12.476649	12.476649	12.476649	0.000000	0.000000	1.000000	2.206827	2.555076	2.775508	0.088025	0.135234	0.178549	0.000000	0.000000	25.091745	0.865519	12.000000
	cid22-train	962312.png	cid22-train__962312.png	medium	512	512	512	6525.338379	0.193692	0.000000	0.000000	0.000000	0.652832	0.573730	0.000000	3.030995	0.969093	32.000000	0.000977	0.000000	0.000000	0.000000	0.000000	0.000000	0.000000	0.239121	2.965766	49.231445	0.000000	0.035156	0.000000	0.000000	0.000000	1.000000	1.000000	2.596778	1.957298	0.008866	0.000000	0.133789	0.000000	52.894527	0.083984	0.127759	0.000000	1.000000	262144.000000	12.476649	512.000000	512.000000	786432.000000	1.000000	0.000000	0.000000	0.000000	3.000000	1.543873	5.043929	5.496729	5.664105	5.776506	0.021765	0.042499	1.000000	1.000000	0.000000	0.000000	0.000000	0.000000	1.000000	9.000000	119.000000	255.000000	255.000000	0.000000	0.000000	0.000000	0.317460	0.000000	0.000000	0.000000	0.000000	12.476649	12.476649	12.476649	0.000000	0.000000	0.000000	0.000000	0.467976	0.676694	0.000000	0.005629	0.008866	0.000000	0.000000	5.087263	0.592168	5.000000
	cid22-train	60003.png	cid22-train__60003.png	medium	512	512	512	3856.424561	0.098552	0.105273	0.007865	0.004885	0.410400	0.029785	43.376816	0.226977	1.327642	1886.000000	0.057556	0.003180	0.005450	1.000000	0.006050	0.009770	1.000000	0.088514	3.970661	15.426758	4.412109	0.001953	0.000000	0.000000	0.000000	0.000000	0.005207	3.233752	1.199723	0.022106	0.028679	0.414062	0.000027	21.263008	0.000000	0.066003	0.009208	0.000000	262144.000000	12.476649	512.000000	512.000000	786432.000000	1.000000	0.000000	0.000000	0.000000	3.000000	3.416763	4.229586	4.726792	4.929702	5.202508	0.110526	0.374309	0.967762	1.000000	0.039527	0.071123	0.144059	0.272802	3.000000	10.000000	27.000000	92.000000	255.000000	0.000000	0.000000	0.047619	0.111111	0.000000	0.000000	0.000000	0.015873	12.476649	12.476649	12.476649	0.000000	0.000000	0.000000	1.176091	1.316691	1.380211	0.014829	0.019277	0.022106	0.000000	0.000000	19.378561	0.754153	11.000000
	cid22-train	1583244.png	cid22-train__1583244.png	medium	512	512	512	4355.684570	0.157705	0.064547	0.004450	0.005387	0.603271	0.336914	29.722801	0.326340	1.308712	1109.000000	0.033844	0.001590	0.002410	0.000000	0.017500	0.025290	3.000000	0.171085	3.973545	11.224609	3.011719	0.006836	0.000000	0.000000	0.000000	0.000000	0.074886	2.580899	1.452648	0.022336	0.006419	0.285156	0.021805	15.537193	0.074219	0.063120	0.006789	0.000000	262144.000000	12.476649	512.000000	512.000000	786432.000000	1.000000	0.000000	0.000000	0.000000	3.000000	1.875061	4.247221	4.548632	4.725188	5.050311	0.032501	0.066274	0.951511	1.000000	0.019792	0.034642	0.167835	0.279640	1.000000	13.000000	41.000000	98.000000	255.000000	0.000000	0.000000	0.000000	0.142857	0.000000	0.000000	0.000000	0.015873	12.476649	12.476649	12.476649	0.000000	0.000000	0.000000	0.000000	0.903091	1.096367	0.000000	0.015488	0.022336	0.000000	0.000000	11.067451	0.765565	11.000000
	size-dense-renders	pexels-photo-4210863__sz256.png	size-dense-renders__pexels-photo-4210863__sz256.png	medium	256	256	256	3567.525635	0.660761	0.055999	0.016228	0.013491	0.000000	0.000000	27.400818	1.216114	0.863857	1182.000000	0.036072	0.012740	0.029310	2.000000	0.055970	0.110140	7.000000	0.336312	4.472234	32.350586	6.922852	0.000000	0.000000	0.000000	0.000000	0.000000	0.016815	4.411349	0.361901	0.430132	0.070319	0.153320	0.023117	16.627001	0.000000	0.167535	0.012788	0.000000	65536.000000	11.090355	256.000000	256.000000	196608.000000	1.000000	0.000000	0.000000	0.000000	3.000000	4.312791	4.634968	5.024374	5.108040	5.201662	0.584212	0.804112	1.000000	1.000000	0.087301	0.119992	0.252522	0.458653	47.000000	79.000000	112.000000	177.000000	255.000000	0.079365	0.111111	0.158730	0.206349	0.000000	0.000000	0.000000	0.015873	11.090355	11.090355	11.090355	0.000000	3.000000	8.000000	3.764059	3.935545	4.007240	0.303462	0.383605	0.430132	0.031746	0.063492	0.795865	0.565018	11.000000
	size-dense-renders	pexels-photo-6096399__sz160.png	size-dense-renders__pexels-photo-6096399__sz160.png	small	160	160	160	745.637512	0.054230	0.031038	0.003002	0.002842	0.402500	0.130000	15.974847	0.028356	1.124244	378.000000	0.014766	0.000500	0.001580	1.000000	0.002700	0.006960	3.000000	0.073950	3.366193	10.525000	2.117500	0.005000	0.000000	0.000000	0.000000	0.000000	0.086797	3.124692	1.077443	0.038404	0.006472	0.662500	0.578242	14.563877	0.037500	0.049841	0.004286	0.000000	25600.000000	10.150348	160.000000	160.000000	76800.000000	1.000000	0.000000	0.000000	0.000000	3.000000	3.299041	3.967278	4.330383	4.471931	4.924910	0.130743	0.342629	0.744036	1.000000	0.024937	0.053907	0.109795	0.172279	2.000000	6.000000	15.000000	51.000000	255.000000	0.000000	0.015873	0.031746	0.063492	0.000000	0.000000	0.000000	0.000000	10.150348	10.150348	10.150348	0.000000	0.000000	0.000000	0.467979	1.129827	1.446914	0.007951	0.024613	0.038404	0.000000	0.000000	79.626472	0.879389	9.000000
	size-dense-renders	pexels-photo-4210863__sz32.png	size-dense-renders__pexels-photo-4210863__sz32.png	tiny	32	32	32	2643.990967	0.412071	0.030848	0.006724	0.005303	0.000000	0.000000	19.254021	0.063676	0.543700	191.000000	0.186523	0.002030	0.010940	0.000000	0.007980	0.041250	0.000000	0.097014	3.997107	44.187500	4.750000	0.000000	0.000000	0.000000	0.000000	1.000000	0.000000	4.587640	0.318427	0.951904	0.085297	0.562500	0.000000	18.443974	0.000000	0.127976	0.010913	0.000000	1024.000000	6.931472	32.000000	32.000000	3072.000000	1.000000	0.000000	0.000000	0.000000	3.000000																											6.931472	6.931472	6.931472	0.000000	0.000000	0.000000										0.885408	8.000000
	cid22-train	Verkehrstote Deutschland 1953-2012.png	cid22-train__Verkehrstote Deutschland 1953-2012.png	medium	512	512	512	1831.129150	0.075279	0.034402	0.000863	0.002023	0.821045	0.816650	13.131788	1.199892	1.086547	68.000000	0.002075	0.002650	0.001500	2.000000	0.095560	0.054180	72.000000	0.134365	0.692990	26.415039	2.219727	0.836914	0.000000	0.000000	0.000000	1.000000	0.993725	1.123784	2.168557	0.000000	0.000000	0.087891	0.001942	56.122185	0.866211	0.066112	0.003860	0.000000	262144.000000	12.476649	512.000000	512.000000	786432.000000	1.000000	0.000000	0.000000	0.000000	3.000000	0.000000	0.000000	5.501558	5.612397	5.716555	0.000000	0.000000	0.000000	1.000000	0.000000	0.000000	0.000000	0.000000	0.000000	0.000000	5.000000	252.000000	255.000000	0.000000	0.000000	0.000000	0.000000	0.000000	0.000000	0.000000	0.000000	12.476649	12.476649	12.476649	0.000000	0.000000	0.000000	0.000000	0.000000	0.000000	0.000000	0.000000	0.000000	0.000000	0.000000	15.479088	0.182754	7.000000
	size-dense-renders	pexels-photo-6096399__sz192.png	size-dense-renders__pexels-photo-6096399__sz192.png	small	192	192	192	751.657104	0.045531	0.031222	0.002751	0.002541	0.487847	0.156250	16.034636	0.028933	1.259215	433.000000	0.013214	0.000450	0.000990	0.000000	0.002250	0.004240	1.000000	0.080058	3.358101	8.986111	1.623264	0.024306	0.000000	0.000000	0.000000	0.000000	0.088379	2.962820	1.092625	0.030772	0.005539	0.618056	0.578749	14.734168	0.039931	0.042686	0.003665	0.000000	36864.000000	10.514991	192.000000	192.000000	110592.000000	1.000000	0.000000	0.000000	0.000000	3.000000	3.121047	3.801365	4.283589	4.435298	4.785007	0.101065	0.278374	0.629023	1.000000	0.022882	0.046801	0.089122	0.153626	2.000000	5.000000	14.000000	48.000000	255.000000	0.000000	0.000000	0.031746	0.063492	0.000000	0.000000	0.000000	0.000000	10.514991	10.514991	10.514991	0.000000	0.000000	0.000000	0.000000	1.076915	1.299671	0.000000	0.021900	0.030772	0.000000	0.000000	85.893272	0.860279	9.000000
	size-dense-renders	pexels-photo-3568544__sz384.png	size-dense-renders__pexels-photo-3568544__sz384.png	medium	384	384	384	3961.401123	0.040664	0.086521	0.003423	0.004105	0.469184	0.017795	45.600712	0.059637	1.439420	926.000000	0.028259	0.000310	0.000320	0.000000	0.003020	0.003120	0.000000	0.070910	4.288398	9.065104	3.610243	0.000000	0.000000	0.000000	0.000000	0.000000	0.000556	3.146694	0.792153	0.074526	0.026307	0.527778	0.556240	14.347210	0.005208	0.038594	0.007110	0.000000	147456.000000	11.901285	384.000000	384.000000	442368.000000	1.000000	0.000000	0.000000	0.000000	3.000000	3.137547	3.681319	4.151829	4.487347	5.011585	0.145820	0.277135	0.517232	0.949318	0.040814	0.065789	0.131011	0.246074	3.000000	7.000000	15.000000	50.000000	255.000000	0.000000	0.015873	0.031746	0.047619	0.000000	0.000000	0.000000	0.015873	11.901285	11.901285	11.901285	0.000000	0.000000	0.000000	1.324479	1.836384	2.060462	0.029111	0.056061	0.074526	0.000000	0.000000	63.298977	0.851556	10.000000
	size-dense-renders	pexels-photo-3568544__sz40.png	size-dense-renders__pexels-photo-3568544__sz40.png	tiny	40	40	40	3743.643555	0.375411	0.082535	0.014954	0.018052	0.000000	0.000000	44.150047	0.045180	0.634478	322.000000	0.201250	0.005910	0.004980	0.000000	0.051420	0.047860	1.000000	0.046293	4.260909	46.639999	18.680000	0.000000	0.000000	0.000000	0.000000	0.000000	0.000000	4.590093	0.406818	0.721829	0.217457	0.800000	0.571875	17.155966	0.000000	0.158095	0.036825	0.000000	1600.000000	7.377759	40.000000	40.000000	4800.000000	1.000000	0.000000	0.000000	1.560000	3.000000														13.000000	27.000000	52.000000	113.000000	255.000000									7.377759	7.742402	8.317766	0.000000	1.000000	1.000000									13.818953	0.939166	9.000000
	cid22-train	2127969.png	cid22-train__2127969.png	medium	512	512	512	3223.586426	0.289410	0.097803	0.013972	0.018624	0.210693	0.001221	48.775188	1.096665	1.291808	1659.000000	0.050629	0.011030	0.014750	1.000000	0.138730	0.191130	25.000000	0.477877	4.023847	16.636719	9.145508	0.000000	0.000000	0.000000	0.000000	0.000000	0.023479	3.734824	0.848673	0.118607	0.047703	0.061523	0.000008	22.375124	0.000000	0.118505	0.020120	0.000000	262144.000000	12.476649	512.000000	512.000000	786432.000000	1.000000	0.000000	0.000000	0.000000	3.000000	3.858799	4.309795	4.724939	4.932234	5.209514	0.258704	0.500721	0.912655	1.000000	0.096417	0.166540	0.330274	0.522236	15.000000	37.000000	70.000000	176.000000	255.000000	0.000000	0.031746	0.095238	0.190476	0.000000	0.000000	0.015873	0.031746	12.476649	12.476649	12.476649	0.000000	0.000000	1.000000	1.396853	1.957851	2.483208	0.031252	0.063308	0.118607	0.000000	0.000000	8.767417	0.614776	11.000000
	cid22-train	333963.png	cid22-train__333963.png	medium	512	512	512	4369.083984	0.283282	0.203853	0.027682	0.015706	0.241699	0.002686	98.422340	0.956119	1.121132	1939.000000	0.059174	0.037250	0.089820	8.000000	0.075270	0.164370	13.000000	0.252861	4.615779	21.291992	19.317383	0.000000	0.000000	0.000000	0.000000	0.000000	0.004387	3.708283	1.072220	0.070941	0.044973	0.191406	0.254227	24.066284	0.005859	0.122427	0.038675	0.000000	262144.000000	12.476649	512.000000	512.000000	786432.000000	1.000000	0.000000	0.000000	0.000000	3.000000	3.926381	4.520062	4.933112	5.075829	5.268364	0.231599	0.588174	1.000000	1.000000	0.110551	0.293815	0.590147	0.921610	11.000000	33.000000	68.000000	161.000000	255.000000	0.000000	0.015873	0.095238	0.222222	0.000000	0.000000	0.031746	0.063492	12.476649	12.476649	12.476649	0.000000	0.000000	0.000000	1.125787	1.499815	2.060463	0.017818	0.036406	0.070941	0.000000	0.000000	8.569510	0.718300	11.000000
	cid22-train	pexels-photo-7438498.png	cid22-train__pexels-photo-7438498.png	medium	512	512	512	5110.481934	0.142735	0.133359	0.005546	0.007422	0.433838	0.084961	57.265465	0.437016	1.367288	3639.000000	0.111053	0.001690	0.001980	1.000000	0.025760	0.028050	9.000000	0.126593	4.495538	17.284180	8.326172	0.000000	0.000000	0.000000	0.000000	0.000000	0.088352	3.267911	1.167052	0.046991	0.000000	0.381836	0.381588	24.725521	0.052734	0.072126	0.015997	0.000000	262144.000000	12.476649	512.000000	512.000000	786432.000000	1.000000	0.000000	0.000000	0.000000	3.000000	3.371887	4.217535	4.824677	5.066603	5.377937	0.098897	0.318143	0.918966	1.000000	0.020711	0.049383	0.272943	0.597840	3.000000	15.000000	39.000000	126.000000	255.000000	0.000000	0.000000	0.031746	0.111111	0.000000	0.000000	0.000000	0.031746	12.476649	12.476649	12.476649	0.000000	0.000000	0.000000	0.859398	1.373087	1.672097	0.017364	0.033916	0.046991	0.000000	0.000000	19.682842	0.793092	12.000000
	size-dense-renders	pexels-photo-6096399__sz256.png	size-dense-renders__pexels-photo-6096399__sz256.png	medium	256	256	256	759.693726	0.035786	0.031458	0.002407	0.002186	0.557617	0.188477	16.111979	0.031700	1.362878	517.000000	0.015778	0.000350	0.000860	0.000000	0.001630	0.003270	1.000000	0.066637	3.370230	7.757812	1.390625	0.028320	0.000000	0.000000	0.000000	0.000000	0.087845	2.788759	1.137825	0.027410	0.004318	0.500000	0.577667	14.405064	0.066406	0.034815	0.003069	0.000000	65536.000000	11.090355	256.000000	256.000000	196608.000000	1.000000	0.000000	0.000000	0.000000	3.000000	2.886456	3.654307	4.182983	4.434792	4.799531	0.071474	0.209200	0.520868	0.975878	0.020532	0.038777	0.082384	0.138737	2.000000	5.000000	13.000000	42.000000	255.000000	0.000000	0.000000	0.015873	0.047619	0.000000	0.000000	0.000000	0.000000	11.090355	11.090355	11.090355	0.000000	0.000000	0.000000	0.000000	0.808718	1.215837	0.000000	0.015680	0.027410	0.000000	0.000000	81.657837	0.819509	10.000000
	size-dense-renders	pexels-photo-6096399__sz32.png	size-dense-renders__pexels-photo-6096399__sz32.png	tiny	32	32	32	615.526794	0.287201	0.027671	0.006835	0.006671	0.062500	0.000000	14.828403	0.023216	0.601595	122.000000	0.119141	0.001710	0.002350	0.000000	0.011160	0.014910	0.000000	0.100431	3.314703	22.437500	4.250000	0.000000	0.000000	0.000000	0.000000	1.000000	0.061523	4.183939	0.394854	0.540117	0.085752	0.562500	0.585938	9.635715	0.000000	0.132937	0.005952	0.000000	1024.000000	6.931472	32.000000	32.000000	3072.000000	1.000000	0.000000	0.000000	0.000000	3.000000																											6.931472	6.931472	6.931472	0.000000	0.000000	0.000000										0.883101	7.000000
	cid22-train	110472.png	cid22-train__110472.png	medium	512	512	512	4546.775879	0.068643	0.277548	0.013923	0.009387	0.488037	0.017578	103.108307	0.138836	1.545280	12317.000000	0.375885	0.021340	0.015930	8.000000	0.040260	0.033400	29.000000	0.064558	4.533952	12.447266	21.619141	0.007812	0.000000	0.000000	0.000000	0.000000	0.006077	3.156858	0.970758	0.067459	0.046210	0.672852	0.190075	19.221731	0.042969	0.049262	0.029405	0.000000	262144.000000	12.476649	512.000000	512.000000	786432.000000	1.000000	0.000000	0.000000	0.000000	3.000000	3.073713	3.881980	4.517156	4.800577	5.201947	0.132507	0.255966	0.671562	1.000000	0.079028	0.154989	0.368392	0.780629	2.000000	5.000000	16.000000	75.000000	255.000000	0.000000	0.015873	0.031746	0.063492	0.000000	0.000000	0.015873	0.047619	12.476649	12.476649	12.476649	0.000000	0.000000	0.000000	1.226842	1.566549	1.917769	0.023917	0.040103	0.067459	0.000000	0.000000	53.753834	0.892914	14.000000
	size-dense-renders	4cd6910a0b7b39365fda5df87618d091__sz1280.png	size-dense-renders__4cd6910a0b7b39365fda5df87618d091__sz1280.png	medium	1280	1280	639	2021.021484	0.127568	0.123590	0.001308	0.000696	0.686392	0.630063	40.553173	3.235206	1.055130	191.000000	0.005829	0.003300	0.005080	5.000000	0.004920	0.007620	8.000000	0.374686	2.033359	23.685959	1.738140	0.731499	0.000000	0.000000	0.000000	1.000000	0.913890	1.668262	2.177559	0.000000	0.000000	0.073055	0.000000	40.936646	0.748577	0.091413	0.001642	0.000000	817920.000000	13.614520	639.000000	1280.000000	2453760.000000	0.499219	0.694711	0.001565	0.001565	3.000000	0.000000	3.818588	5.243707	5.283640	5.351889	0.000000	0.000000	0.540899	1.000000	0.000000	0.000000	0.022936	0.037612	0.000000	0.000000	75.000000	255.000000	255.000000	0.000000	0.000000	0.000000	0.111111	0.000000	0.000000	0.000000	0.000000	13.616083	13.616083	13.616083	0.000000	0.000000	0.000000	0.000000	0.000000	0.000000	0.000000	0.000000	0.000000	0.000000	0.000000	9.315757	0.304012	8.000000
	cid22-train	225284.png	cid22-train__225284.png	medium	512	512	512	2508.910400	0.424834	0.183637	0.016068	0.006054	0.113525	0.004395	68.375916	1.667501	0.936381	3780.000000	0.115356	0.017290	0.024050	2.000000	0.016560	0.020620	5.000000	0.237848	4.390073	38.090820	8.125977	0.000000	0.000000	0.000000	0.000000	0.000000	0.028080	4.183273	0.878994	0.205632	0.056998	0.216797	0.328739	24.316763	0.002930	0.173751	0.016121	0.000000	262144.000000	12.476649	512.000000	512.000000	786432.000000	1.000000	0.000000	0.000000	0.000000	3.000000	4.510859	4.879152	5.039994	5.152355	5.378398	0.369729	1.000000	1.000000	1.000000	0.095763	0.159335	0.265015	0.416959	21.000000	51.000000	94.000000	197.000000	255.000000	0.015873	0.047619	0.174603	0.269841	0.000000	0.000000	0.015873	0.031746	12.476649	12.476649	12.476649	0.000000	0.000000	1.000000	1.694468	2.512467	3.003131	0.051116	0.141329	0.205632	0.000000	0.015873	4.552973	0.765552	12.000000
	gb82-photo	haze-lossless.png	gb82-photo__haze-lossless.png	medium	576	576	576	610.181396	0.003847	0.073430	0.002422	0.002091	0.924769	0.044946	25.285425	0.010269	1.882338	987.000000	0.030121	0.000430	0.000650	0.000000	0.001430	0.001720	0.000000	0.081709	3.049917	1.113790	1.292189	0.000000	0.000000	0.000000	0.000000	0.000000	0.101342	2.039266	0.610829	0.033847	0.017288	0.156220	0.072434	8.602421	0.000000	0.006490	0.002373	0.000000	331776.000000	12.712215	576.000000	576.000000	995328.000000	1.000000	0.000000	0.000000	0.000000	3.000000	1.838849	2.293604	2.841829	3.362338	4.178718	0.042370	0.057679	0.101124	0.204661	0.029960	0.047691	0.064871	0.088062	1.000000	2.000000	4.000000	15.000000	134.000000	0.000000	0.000000	0.000000	0.000000	0.000000	0.000000	0.000000	0.000000	12.712215	12.712215	12.712215	0.000000	0.000000	0.000000	1.215836	1.406274	1.482293	0.020973	0.028246	0.033847	0.000000	0.000000	154.579056	0.740366	10.000000
	cid22-train	pexels-photo-3289880.png	cid22-train__pexels-photo-3289880.png	medium	512	512	512	1828.508667	0.000207	0.135763	0.002303	0.002923	0.825928	0.000488	73.254921	0.019464	1.642464	322.000000	0.009827	0.000200	0.000220	0.000000	0.001440	0.001700	0.000000	0.145408	3.989444	2.200195	2.710938	0.000000	0.000000	0.000000	0.000000	0.000000	0.000000	2.627056	0.451329	0.059752	0.021119	0.187500	0.000000	1.860840	0.000000	0.012618	0.005363	0.000000	262144.000000	12.476649	512.000000	512.000000	786432.000000	1.000000	0.000000	0.000000	0.000000	3.000000	2.597627	2.919528	3.231689	3.422300	3.751047	0.081720	0.136786	0.213767	0.322691	0.038667	0.063764	0.122789	0.196459	3.000000	6.000000	10.000000	17.000000	39.000000	0.000000	0.000000	0.015873	0.015873	0.000000	0.000000	0.000000	0.015873	12.476649	12.476649	12.476649	0.000000	0.000000	0.000000	1.830809	1.977080	2.077141	0.040845	0.051949	0.059752	0.000000	0.000000	2.220050	0.717517	9.000000
	cid22-train	Abstract-Art-1.png	cid22-train__Abstract-Art-1.png	medium	512	512	512	2365.814453	0.071285	0.077817	0.003555	0.001812	0.745850	0.598877	31.564301	0.205530	1.288304	202.000000	0.006165	0.003700	0.010960	1.000000	0.010000	0.017750	4.000000	0.114497	3.751179	9.836914	5.104492	0.427734	0.000000	0.000000	0.000000	1.000000	0.737720	1.819850	1.780436	0.000000	0.000000	0.309570	0.000000	24.514412	0.569336	0.038582	0.010200	0.000000	262144.000000	12.476649	512.000000	512.000000	786432.000000	1.000000	0.000000	0.000000	0.000000	3.000000	1.518514	3.411491	4.681750	4.942848	5.124648	0.000000	0.043444	0.372706	1.000000	0.000000	0.000000	0.014520	0.456246	0.000000	1.000000	15.000000	99.000000	229.000000	0.000000	0.000000	0.000000	0.047619	0.000000	0.000000	0.000000	0.000000	12.476649	12.476649	12.476649	0.000000	0.000000	0.000000	0.000000	0.000000	0.000000	0.000000	0.000000	0.000000	0.000000	0.000000	24.408369	0.543877	8.000000
	cid22-train	newplot (1).png	cid22-train__newplot (1).png	medium	512	512	512	177.320099	0.032969	0.032559	0.001887	0.002350	0.875977	0.685791	14.798717	0.295713	1.662920	597.000000	0.018219	0.001610	0.007310	5.000000	0.020280	0.107110	60.000000	0.649521	1.092937	3.210938	2.066406	0.853516	0.000000	0.000000	0.000000	0.000000	0.174957	1.047714	1.580423	0.000000	0.000000	0.118164	0.003326	32.567589	0.865234	0.025065	0.005844	0.000000	262144.000000	12.476649	512.000000	512.000000	786432.000000	1.000000	0.000000	0.000000	0.000000	3.000000	0.000000	2.562293	3.891899	4.584850	4.954802	0.000000	0.000000	0.130367	0.533517	0.000000	0.000000	0.029758	0.096569	0.000000	0.000000	7.000000	118.000000	255.000000	0.000000	0.000000	0.000000	0.000000	0.000000	0.000000	0.000000	0.000000	12.476649	12.476649	12.476649	0.000000	0.000000	0.000000	0.000000	0.000000	0.000000	0.000000	0.000000	0.000000	0.000000	0.000000	59.437851	0.256915	10.000000
	gb82-photo	mc3-lossless.png	gb82-photo__mc3-lossless.png	medium	576	576	576	1087.903564	0.003130	0.048168	0.001389	0.000840	0.919367	0.571566	17.367815	0.005593	1.934951	383.000000	0.011688	0.000160	0.000410	0.000000	0.000420	0.000820	0.000000	0.058713	3.182550	1.131148	0.487946	0.108968	0.000000	0.000000	0.000000	0.000000	0.021261	1.609091	0.958153	0.000000	0.000000	0.353905	0.098913	5.973775	0.354870	0.006016	0.000949	0.000000	331776.000000	12.712215	576.000000	576.000000	995328.000000	1.000000	0.000000	0.000000	0.000000	3.000000	1.476213	2.197108	2.953639	3.384507	3.908484	0.023888	0.039367	0.096259	0.226360	0.004346	0.020102	0.028882	0.057984	0.000000	1.000000	2.000000	14.000000	88.000000	0.000000	0.000000	0.000000	0.000000	0.000000	0.000000	0.000000	0.000000	12.712215	12.712215	12.712215	0.000000	0.000000	0.000000	0.000000	0.000000	0.000000	0.000000	0.000000	0.000000	0.000000	0.000000	77.397705	0.682231	9.000000
	gb82-photo	pixel-lossless.png	gb82-photo__pixel-lossless.png	medium	576	576	576	2794.590820	0.018060	0.066490	0.003032	0.002482	0.799190	0.326775	23.225622	0.015862	1.601809	2093.000000	0.063873	0.000640	0.000770	0.000000	0.002580	0.002700	2.000000	0.025324	3.683104	5.266152	1.987464	0.026037	0.000000	0.000000	0.000000	0.000000	0.130920	2.225763	1.073417	0.018938	0.011976	0.547734	0.019851	12.113787	0.172613	0.016975	0.003444	0.000000	331776.000000	12.712215	576.000000	576.000000	995328.000000	1.000000	0.000000	0.000000	0.000000	3.000000	2.044344	2.888741	3.765826	4.441284	4.896354	0.034282	0.081341	0.221038	0.614304	0.016298	0.022614	0.044474	0.098936	0.000000	1.000000	2.000000	27.000000	128.000000	0.000000	0.000000	0.000000	0.015873	0.000000	0.000000	0.000000	0.000000	12.712215	12.712215	12.712215	0.000000	0.000000	0.000000	0.297623	0.859402	1.105516	0.003403	0.013223	0.018938	0.000000	0.000000	77.451668	0.807356	12.000000
	cid22-train	pexels-photo-4352249.png	cid22-train__pexels-photo-4352249.png	medium	512	512	512	1901.112549	0.166911	0.046058	0.008789	0.003967	0.203613	0.004639	23.355440	0.271265	1.263764	834.000000	0.025452	0.002080	0.001760	0.000000	0.002660	0.002600	0.000000	0.128843	4.219128	16.609375	4.356445	0.000000	0.000000	0.000000	0.000000	0.000000	0.021065	3.788422	0.711357	0.140541	0.018997	0.467773	0.702137	15.166740	0.000000	0.101082	0.010944	0.000000	262144.000000	12.476649	512.000000	512.000000	786432.000000	1.000000	0.000000	0.000000	0.000000	3.000000	3.989247	4.255586	4.517803	4.696631	4.975262	0.407998	0.735692	1.000000	1.000000	0.045431	0.143070	0.218020	0.269126	8.000000	18.000000	32.000000	88.000000	255.000000	0.015873	0.031746	0.111111	0.142857	0.000000	0.000000	0.000000	0.015873	12.476649	12.476649	12.476649	0.000000	0.000000	1.000000	1.874699	2.395764	2.630872	0.052850	0.096529	0.140541	0.000000	0.000000	26.718382	0.850177	10.000000
	clic-1024-train	c80999cd5533e448167cd9b3ccfa2a37.png	clic-1024-train__c80999cd5533e448167cd9b3ccfa2a37.png	large	1024	1024	1024	2970.576660	0.143153	0.326811	0.018554	0.010564	0.143799	0.000244	147.686432	0.404893	1.292504	6846.000000	0.208923	0.009160	0.007740	1.000000	0.016650	0.018880	4.000000	0.073388	4.453012	17.522461	19.594727	0.001953	0.000000	0.000000	0.000000	0.000000	0.000178	3.758314	0.714365	0.182068	0.083516	0.666992	0.008112	13.455424	0.013672	0.083922	0.033312	0.000000	1048576.000000	13.862944	1024.000000	1024.000000	3145728.000000	1.000000	0.000000	0.000000	0.000000	3.000000	3.861579	4.224583	4.611758	4.820587	5.130999	0.359321	0.620655	1.000000	1.000000	0.153310	0.242933	0.418375	0.681523	5.000000	15.000000	31.000000	73.000000	255.000000	0.015873	0.031746	0.079365	0.126984	0.000000	0.015873	0.031746	0.047619	13.862944	13.862944	13.862944	0.000000	0.000000	0.000000	1.845098	2.389940	2.728354	0.063094	0.120676	0.182068	0.000000	0.000000	11.481602	0.897189	13.000000
	cid22-train	adriankierman-report-page.png	cid22-train__adriankierman-report-page.png	medium	512	512	512	3373.471680	0.148437	0.167598	0.015708	0.007108	0.606201	0.572510	73.779854	2.866332	0.843607	243.000000	0.007416	0.072540	0.041000	5.000000	0.128330	0.121600	90.000000	0.186182	1.863488	45.731445	17.575195	0.661133	0.000000	0.000000	0.000000	1.000000	0.258492	2.091794	2.496938	0.000000	0.000000	0.095703	0.137127	56.899509	0.655273	0.120443	0.027111	0.000000	262144.000000	12.476649	512.000000	512.000000	786432.000000	1.000000	0.000000	0.000000	0.000000	3.000000	0.000000	5.184860	5.510489	5.719289	5.719320	0.000000	0.000000	1.000000	1.000000	0.011194	0.013377	0.525410	0.857133	0.000000	1.000000	107.000000	255.000000	255.000000	0.000000	0.000000	0.000000	0.253968	0.000000	0.000000	0.000000	0.047619	12.476649	12.476649	12.476649	0.000000	0.000000	0.000000	0.000000	0.000000	0.000000	0.000000	0.000000	0.000000	0.000000	0.000000	6.599402	0.324372	8.000000
	clic-train	ddcd24d99f48eaa369207882a6f37831.png	clic-train__ddcd24d99f48eaa369207882a6f37831.png	large	2048	2048	1365	2950.963135	0.037426	0.091455	0.003164	0.002363	0.675437	0.124196	40.532013	0.248226	1.635390	6681.000000	0.203888	0.000610	0.002030	0.000000	0.002260	0.003450	1.000000	0.109265	4.458634	4.895854	2.881389	0.000000	0.000000	0.000000	0.000000	0.000000	0.017264	2.675466	0.911132	0.030710	0.007636	0.196721	0.040163	12.394859	0.002893	0.026236	0.005082	0.000000	2795520.000000	14.843529	1365.000000	2048.000000	8386560.000000	0.666504	0.405709	0.002198	0.008059	3.000000	2.641336	3.299494	3.900387	4.340650	4.767855	0.055847	0.149837	0.324658	0.649367	0.025941	0.037685	0.093232	0.224992	3.000000	8.000000	16.000000	51.000000	251.000000	0.000000	0.000000	0.015873	0.031746	0.000000	0.000000	0.000000	0.000000	14.845724	14.851555	14.851555	0.000000	0.000000	0.000000	1.096368	1.289688	1.475081	0.016029	0.024384	0.030710	0.000000	0.000000	24.093731	0.712559	13.000000
	cid22-train	1583339.png	cid22-train__1583339.png	medium	512	512	512	1617.833130	0.150666	0.174754	0.007865	0.007004	0.429688	0.262939	58.633003	0.532599	1.293031	3560.000000	0.108643	0.005350	0.006800	3.000000	0.038880	0.035240	23.000000	0.187402	3.812132	13.951172	4.537109	0.000000	0.000000	0.000000	0.000000	0.000000	0.021027	2.913107	1.385765	0.021717	0.005581	0.120117	0.367432	26.218878	0.000000	0.067553	0.008743	0.000000	262144.000000	12.476649	512.000000	512.000000	786432.000000	1.000000	0.000000	0.000000	0.000000	3.000000	3.279382	4.117569	4.635375	5.025302	5.257320	0.030751	0.283017	0.832295	1.000000	0.018532	0.078885	0.139785	0.273534	4.000000	19.000000	42.000000	134.000000	255.000000	0.000000	0.000000	0.031746	0.111111	0.000000	0.000000	0.000000	0.015873	12.476649	12.476649	12.476649	0.000000	0.000000	0.000000	0.881349	1.176091	1.245746	0.011489	0.018166	0.021717	0.000000	0.000000	20.548563	0.660377	12.000000
	cid22-train	631292.png	cid22-train__631292.png	medium	512	512	512	3162.367676	0.213989	0.075330	0.008572	0.004917	0.213135	0.005615	30.092157	0.562211	1.387527	1439.000000	0.043915	0.003550	0.004050	1.000000	0.006380	0.007930	1.000000	0.299321	4.504277	13.223633	2.441406	0.001953	0.000000	0.000000	0.000000	0.000000	0.117840	3.584547	0.844150	0.083643	0.027171	0.135742	0.606083	16.522375	0.000000	0.094355	0.005115	0.000000	262144.000000	12.476649	512.000000	512.000000	786432.000000	1.000000	0.000000	0.000000	0.000000	3.000000	3.758343	4.148548	4.475903	4.715809	5.106748	0.270878	0.477050	0.762821	1.000000	0.049083	0.073173	0.109364	0.203261	11.000000	28.000000	52.000000	120.000000	255.000000	0.000000	0.015873	0.079365	0.158730	0.000000	0.000000	0.000000	0.000000	12.476649	12.476649	12.476649	0.000000	0.000000	0.000000	1.476895	1.821084	2.142233	0.032156	0.053320	0.083643	0.000000	0.000000	8.409316	0.694089	11.000000
	cid22-train	67216.png	cid22-train__67216.png	medium	512	512	512	3320.481689	0.190199	0.101609	0.022987	0.014002	0.066406	0.000000	43.371536	0.385569	1.373798	4258.000000	0.129944	0.020410	0.016870	4.000000	0.047210	0.033570	3.000000	0.167469	4.328176	15.335938	11.311523	0.001953	0.000000	0.000000	0.000000	0.000000	0.016483	3.846598	0.522803	0.276242	0.106276	0.255859	0.250320	13.578250	0.000000	0.104756	0.028088	0.000000	262144.000000	12.476649	512.000000	512.000000	786432.000000	1.000000	0.000000	0.000000	0.000000	3.000000	3.854009	4.183738	4.499341	4.734616	5.280781	0.386832	0.595324	0.863597	1.000000	0.151282	0.226165	0.352730	0.517492	11.000000	23.000000	42.000000	98.000000	255.000000	0.031746	0.047619	0.095238	0.142857	0.000000	0.015873	0.015873	0.047619	12.476649	12.476649	12.476649	0.000000	0.000000	1.000000	2.754145	3.021545	3.179583	0.165092	0.228417	0.276242	0.000000	0.015873	10.988925	0.795275	13.000000
	size-dense-renders	1e2f9d41529197f10d32bfa68a1e0bcc__sz192.png	size-dense-renders__1e2f9d41529197f10d32bfa68a1e0bcc__sz192.png	small	192	192	128	400.023163	0.657996	0.039734	0.031766	0.013840	0.000000	0.000000	46.239773	0.633458	0.463282	319.000000	0.012980	0.046730	0.047590	0.000000	0.058230	0.057340	2.000000	1.270776	3.132131	14.533854	4.322917	0.000000	0.000000	0.000000	0.000000	0.000000	0.000000	4.233703	0.109046	0.514979	0.127581	0.000000	0.725993	13.081880	0.000000	0.193163	0.003968	0.000000	24576.000000	10.109526	128.000000	192.000000	73728.000000	0.666667	0.405465	0.000000	0.000000	3.000000	4.237964	4.314656	4.374087	4.410925	4.463465	0.610448	0.693890	0.795543	0.883391	0.149337	0.171774	0.196973	0.219865	43.000000	72.000000	103.000000	166.000000	255.000000	0.126984	0.158730	0.190476	0.222222	0.000000	0.000000	0.000000	0.000000	10.109526	10.109526	10.109526	0.000000	3.000000	8.000000	3.992321	4.046104	4.078412	0.405271	0.468503	0.514979	0.111111	0.111111	1.295638	0.433968	9.000000
	gb82-photo	reflect-lossless.png	gb82-photo__reflect-lossless.png	medium	576	576	576	2267.846436	0.088302	0.088003	0.004710	0.002721	0.355324	0.051119	30.745541	0.154573	1.151436	917.000000	0.027985	0.000750	0.002420	0.000000	0.001910	0.004980	0.000000	0.110637	4.336140	10.822565	5.151398	0.000000	0.000000	0.000000	0.000000	0.000000	0.082948	3.292497	0.908601	0.065798	0.016572	0.534233	0.129099	11.130268	0.000000	0.057369	0.010378	0.000000	331776.000000	12.712215	576.000000	576.000000	995328.000000	1.000000	0.000000	0.000000	0.000000	3.000000	3.475869	4.002509	4.333004	4.491963	4.803487	0.151358	0.407201	0.764571	1.000000	0.044907	0.100819	0.202682	0.337261	3.000000	10.000000	24.000000	65.000000	231.000000	0.000000	0.015873	0.047619	0.095238	0.000000	0.000000	0.000000	0.015873	12.712215	12.712215	12.712215	0.000000	0.000000	0.000000	1.196850	1.576738	1.908150	0.025359	0.042329	0.065798	0.000000	0.000000	14.081846	0.858585	10.000000
	size-dense-renders	pexels-photo-6096399__sz320.png	size-dense-renders__pexels-photo-6096399__sz320.png	medium	320	320	320	765.307068	0.031368	0.031590	0.002158	0.001926	0.607500	0.198125	16.153730	0.037560	1.761161	609.000000	0.018585	0.000290	0.000490	0.000000	0.001270	0.002100	0.000000	0.081745	3.373588	6.207500	1.093750	0.042500	0.000000	0.000000	0.000000	0.000000	0.086875	2.648669	1.130786	0.024727	0.003260	0.416250	0.577148	13.856706	0.105625	0.029871	0.002272	0.000000	102400.000000	11.536642	320.000000	320.000000	307200.000000	1.000000	0.000000	0.000000	0.000000	3.000000	2.729773	3.492403	4.052024	4.289374	4.765735	0.064269	0.170986	0.419890	0.813850	0.015746	0.033412	0.065984	0.119082	2.000000	5.000000	13.000000	43.000000	255.000000	0.000000	0.000000	0.015873	0.047619	0.000000	0.000000	0.000000	0.000000	11.536642	11.536642	11.536642	0.000000	0.000000	0.000000	0.000000	0.676692	1.113944	0.000000	0.011555	0.024727	0.000000	0.000000	65.517494	0.781916	10.000000
	cid22-train	AgilityCourseElements.png	cid22-train__AgilityCourseElements.png	medium	512	512	512	839.601562	0.040744	0.078449	0.001796	0.000256	0.867188	0.854980	22.757881	0.616557	1.488824	334.000000	0.010193	0.009140	0.005820	11.000000	0.001240	0.002330	4.000000	0.224684	0.533477	12.153320	4.309570	0.861328	0.000000	0.000000	0.000000	0.000000	0.983864	0.681555	1.695426	0.000000	0.000000	0.039062	0.000072	51.540199	0.885742	0.040117	0.004139	0.000000	262144.000000	12.476649	512.000000	512.000000	786432.000000	1.000000	0.000000	0.000000	0.000000	3.000000	0.000000	0.000000	4.539044	5.319991	5.519845	0.000000	0.000000	0.000000	1.000000	0.000000	0.000000	0.000000	0.000000	0.000000	0.000000	0.000000	194.000000	255.000000	0.000000	0.000000	0.000000	0.000000	0.000000	0.000000	0.000000	0.000000	12.476649	12.476649	12.476649	0.000000	0.000000	0.000000	0.000000	0.000000	0.000000	0.000000	0.000000	0.000000	0.000000	0.000000	37.891418	0.112618	9.000000
	cid22-train	1459534.png	cid22-train__1459534.png	medium	512	512	512	2489.882080	0.592377	0.101785	0.039783	0.015574	0.043213	0.000244	46.320183	2.447143	0.823759	2871.000000	0.087616	0.073640	0.075450	4.000000	0.072590	0.072010	7.000000	0.405827	4.320302	42.365234	16.083984	0.000000	0.000000	0.000000	0.000000	0.000000	0.009418	4.497189	0.556332	0.571123	0.163667	0.071289	0.749470	21.974297	0.000000	0.240265	0.037543	0.000000	262144.000000	12.476649	512.000000	512.000000	786432.000000	1.000000	0.000000	0.000000	0.000000	3.000000	4.622048	4.838017	4.991667	5.091653	5.225002	0.922318	1.000000	1.000000	1.000000	0.267135	0.374331	0.485954	0.596191	34.000000	72.000000	116.000000	210.000000	255.000000	0.095238	0.174603	0.253968	0.317460	0.000000	0.015873	0.031746	0.047619	12.476649	12.476649	12.476649	0.000000	1.000000	3.000000	2.238634	3.355017	3.874184	0.094291	0.327040	0.571123	0.000000	0.031746	2.117239	0.695877	12.000000
	cid22-train	newplot.png	cid22-train__newplot.png	medium	512	512	512	196.839706	0.040334	0.033140	0.001626	0.001966	0.849609	0.613770	15.041345	0.331402	1.477345	397.000000	0.012115	0.000800	0.007870	1.000000	0.009570	0.126390	55.000000	0.600982	1.120529	4.075195	2.322266	0.808594	0.000000	0.000000	0.000000	0.000000	0.174068	1.349250	1.672605	0.000000	0.000000	0.050781	0.003490	32.406925	0.813477	0.028785	0.006154	0.000000	262144.000000	12.476649	512.000000	512.000000	786432.000000	1.000000	0.000000	0.000000	0.000000	3.000000	0.000000	2.664862	4.220263	4.599145	5.031496	0.000000	0.000000	0.147968	0.963222	0.000000	0.000000	0.040146	0.105370	0.000000	0.000000	8.000000	128.000000	255.000000	0.000000	0.000000	0.000000	0.000000	0.000000	0.000000	0.000000	0.000000	12.476649	12.476649	12.476649	0.000000	0.000000	0.000000	0.000000	0.000000	0.000000	0.000000	0.000000	0.000000	0.000000	0.000000	52.699329	0.312959	9.000000
	cid22-train	2156881.png	cid22-train__2156881.png	medium	512	512	512	2697.384277	0.039913	0.093589	0.006518	0.003249	0.556641	0.013184	43.162262	0.080406	1.562643	1595.000000	0.048676	0.001850	0.001490	0.000000	0.002280	0.002650	1.000000	0.066196	3.863614	9.094727	4.894531	0.017578	0.000000	0.000000	0.000000	0.000000	0.016605	2.929325	0.948029	0.050587	0.029465	0.614258	0.000000	23.379061	0.057617	0.035544	0.010355	0.000000	262144.000000	12.476649	512.000000	512.000000	786432.000000	1.000000	0.000000	0.000000	0.000000	3.000000	2.854154	3.545400	4.239737	4.646064	5.179829	0.093487	0.210506	0.474848	1.000000	0.047757	0.077734	0.145693	0.278127	2.000000	4.000000	8.000000	55.000000	255.000000	0.000000	0.000000	0.015873	0.031746	0.000000	0.000000	0.000000	0.015873	12.476649	12.476649	12.476649	0.000000	0.000000	0.000000	1.105509	1.508317	1.769009	0.016349	0.034642	0.050587	0.000000	0.000000	115.921692	0.868566	11.000000
	cid22-train	pexels-photo-1130297.png	cid22-train__pexels-photo-1130297.png	medium	512	512	512	4160.742188	0.319496	0.060057	0.006742	0.006195	0.205322	0.101807	20.466108	1.265721	0.938604	2129.000000	0.064972	0.003530	0.002550	1.000000	0.016760	0.010930	5.000000	0.173863	4.292058	33.569336	4.450195	0.003906	0.000000	0.000000	0.000000	0.000000	0.209850	3.907332	1.239444	0.042092	0.019787	0.299805	0.127804	26.970812	0.025391	0.143214	0.008309	0.000000	262144.000000	12.476649	512.000000	512.000000	786432.000000	1.000000	0.000000	0.000000	0.000000	3.000000	4.333689	4.775392	5.133769	5.268396	5.428310	0.400946	1.000000	1.000000	1.000000	0.040169	0.081656	0.154320	0.259481	11.000000	41.000000	82.000000	181.000000	255.000000	0.000000	0.047619	0.126984	0.222222	0.000000	0.000000	0.000000	0.015873	12.476649	12.476649	12.476649	0.000000	0.000000	0.000000	0.903090	1.288640	1.542319	0.017152	0.030401	0.042092	0.000000	0.000000	5.745236	0.790272	12.000000
	cid22-train	pexels-photo-796526.png	cid22-train__pexels-photo-796526.png	medium	512	512	512	2349.944336	0.094784	0.070503	0.003503	0.002445	0.211426	0.000000	28.364433	0.169621	1.323275	1129.000000	0.034454	0.000380	0.000340	0.000000	0.001350	0.001170	0.000000	0.175136	4.238875	8.968750	1.586914	0.001953	0.000000	0.000000	0.000000	0.000000	0.101856	3.509746	0.564971	0.148392	0.019832	0.249023	0.520584	7.402040	0.000000	0.068561	0.003100	0.000000	262144.000000	12.476649	512.000000	512.000000	786432.000000	1.000000	0.000000	0.000000	0.000000	3.000000	3.623353	3.894564	4.136379	4.272851	4.647422	0.275697	0.453450	0.646427	0.862296	0.029822	0.050002	0.083540	0.127105	8.000000	17.000000	29.000000	60.000000	225.000000	0.000000	0.031746	0.063492	0.095238	0.000000	0.000000	0.000000	0.000000	12.476649	12.476649	12.476649	0.000000	0.000000	1.000000	2.154576	2.382017	2.671853	0.069298	0.102886	0.148392	0.000000	0.000000	7.267271	0.792415	11.000000
	cid22-train	1129482.png	cid22-train__1129482.png	medium	512	512	512	1380.077026	0.060861	0.017287	0.002095	0.001552	0.859375	0.838135	5.756355	0.377707	1.505977	1666.000000	0.050842	0.004600	0.002190	4.000000	0.012060	0.007630	7.000000	0.097039	0.914516	11.741211	0.994141	0.831055	0.000000	0.000000	0.000000	0.000000	0.915016	0.778332	1.756675	0.000000	0.000000	0.078125	0.003582	38.725433	0.857422	0.030862	0.002310	0.000000	262144.000000	12.476649	512.000000	512.000000	786432.000000	1.000000	0.000000	0.000000	0.000000	3.000000	0.000000	0.000000	4.707338	5.247374	5.590973	0.000000	0.000000	0.000000	1.000000	0.000000	0.000000	0.000000	0.093615	0.000000	0.000000	2.000000	142.000000	255.000000	0.000000	0.000000	0.000000	0.000000	0.000000	0.000000	0.000000	0.000000	12.476649	12.476649	12.476649	0.000000	0.000000	0.000000	0.000000	0.000000	0.000000	0.000000	0.000000	0.000000	0.000000	0.000000	38.121487	0.143589	11.000000
	size-dense-renders	1e2f9d41529197f10d32bfa68a1e0bcc__sz32.png	size-dense-renders__1e2f9d41529197f10d32bfa68a1e0bcc__sz32.png	tiny	32	32	21	25.038494	0.000000	0.015865	0.006327	0.003044	1.000000	0.000000	38.801197	0.005450	0.352327	24.000000	0.035714	0.001990	0.002140	0.000000	0.002640	0.003080	0.000000	0.962117	1.301962	0.500000	0.500000	0.000000	0.000000	0.000000	0.000000	1.000000	0.000000	2.907490	0.087718	0.135141	0.034574	0.000000	0.939453	0.000000	0.000000	0.007937	0.000000	0.000000	672.000000	6.510258	21.000000	32.000000	2016.000000	0.656250	0.421213	0.142857	0.523810	3.000000																											6.643790	6.931472	6.931472	0.000000	0.000000	0.000000										0.501127	5.000000
	cid22-train	klepas-Gentle-giants-of-the-sea-3.png	cid22-train__klepas-Gentle-giants-of-the-sea-3.png	medium	512	512	512	6395.167969	0.141260	0.138384	0.010250	0.007711	0.632324	0.405518	60.205868	1.521603	1.202157	1229.000000	0.037506	0.030780	0.042390	8.000000	0.137460	0.101020	49.000000	0.323950	4.140034	19.979492	8.891602	0.275391	0.000000	0.000000	0.000000	0.000000	0.211216	2.457060	1.781925	0.000000	0.000000	0.248047	0.000656	42.757851	0.484375	0.088883	0.013269	0.000000	262144.000000	12.476649	512.000000	512.000000	786432.000000	1.000000	0.000000	0.000000	0.000000	3.000000	1.903090	4.458977	4.958117	5.176056	5.707448	0.032112	0.066587	1.000000	1.000000	0.000000	0.022671	0.188520	0.554306	0.000000	4.000000	71.000000	244.000000	255.000000	0.000000	0.000000	0.000000	0.174603	0.000000	0.000000	0.000000	0.015873	12.476649	12.476649	12.476649	0.000000	0.000000	0.000000	0.000000	0.000000	0.000000	0.000000	0.000000	0.000000	0.000000	0.000000	9.631877	0.624313	11.000000
	gb82-photo	prudential-lossless.png	gb82-photo__prudential-lossless.png	medium	576	576	576	1115.812988	0.042305	0.094206	0.007095	0.003918	0.754051	0.002894	31.302586	0.161477	1.815709	2729.000000	0.083282	0.003320	0.003800	1.000000	0.005830	0.006980	3.000000	0.106683	2.941886	6.583414	3.549663	0.000000	0.000000	0.000000	0.000000	0.000000	0.103558	2.469054	1.025970	0.027946	0.032525	0.189007	0.043991	30.047577	0.000000	0.029695	0.006245	0.000000	331776.000000	12.712215	576.000000	576.000000	995328.000000	1.000000	0.000000	0.000000	0.000000	3.000000	2.160198	3.105425	4.037862	4.600473	5.244516	0.038312	0.079640	0.265067	0.807742	0.044233	0.058607	0.088095	0.227601	2.000000	4.000000	11.000000	73.000000	255.000000	0.000000	0.000000	0.000000	0.031746	0.000000	0.000000	0.000000	0.000000	12.712215	12.712215	12.712215	0.000000	0.000000	0.000000	1.239537	1.379081	1.460288	0.018765	0.024448	0.027946	0.000000	0.000000	84.520424	0.686965	12.000000
	size-dense-renders	1e2f9d41529197f10d32bfa68a1e0bcc__sz256.png	size-dense-renders__1e2f9d41529197f10d32bfa68a1e0bcc__sz256.png	small	256	256	171	625.119446	0.748179	0.049719	0.040456	0.017575	0.000000	0.000000	49.225487	1.228645	0.480251	533.000000	0.016266	0.074420	0.076660	1.000000	0.092130	0.092040	2.000000	1.159636	3.446873	22.546131	6.544643	0.000000	0.000000	0.000000	0.000000	0.000000	0.000000	4.427985	0.115591	0.672817	0.171714	0.000000	0.685291	16.770662	0.000000	0.252811	0.010558	0.000000	43776.000000	10.686841	171.000000	256.000000	131328.000000	0.667969	0.403514	0.029240	0.122807	3.000000	4.431380	4.506518	4.578384	4.621062	4.678452	0.765546	0.879532	1.000000	1.000000	0.200273	0.225870	0.251700	0.281489	51.000000	87.000000	125.000000	201.000000	255.000000	0.190476	0.222222	0.253968	0.285714	0.000000	0.000000	0.015873	0.015873	10.715661	10.715661	10.802672	0.000000	4.000000	9.000000	4.163832	4.231215	4.275022	0.555247	0.639102	0.672817	0.142857	0.174603	1.063461	0.454823	10.000000
	cid22-train	pexels-photo-3568544.png	cid22-train__pexels-photo-3568544.png	medium	512	512	512	3983.565430	0.052087	0.086675	0.003007	0.003549	0.485107	0.026367	45.657009	0.148929	1.651968	1112.000000	0.033936	0.000320	0.000320	0.000000	0.002780	0.002970	1.000000	0.149403	4.289316	7.583008	2.464844	0.000000	0.000000	0.000000	0.000000	0.000000	0.000671	3.093558	0.796661	0.070556	0.023350	0.351562	0.556526	15.562808	0.001953	0.036303	0.004356	0.000000	262144.000000	12.476649	512.000000	512.000000	786432.000000	1.000000	0.000000	0.000000	0.000000	3.000000	3.102004	3.659938	4.125907	4.407313	4.910758	0.131493	0.232258	0.476521	0.824280	0.037111	0.057094	0.096732	0.189620	4.000000	10.000000	22.000000	70.000000	255.000000	0.000000	0.000000	0.015873	0.047619	0.000000	0.000000	0.000000	0.000000	12.476649	12.476649	12.476649	0.000000	0.000000	0.000000	1.322222	1.739870	1.985581	0.029210	0.051166	0.070556	0.000000	0.000000	35.604717	0.772490	11.000000
	cid22-train	2263510.png	cid22-train__2263510.png	medium	512	512	512	6757.811523	0.126214	0.083669	0.005932	0.005183	0.447021	0.056641	32.100197	0.593042	1.218635	3031.000000	0.092499	0.003270	0.002760	2.000000	0.016970	0.012620	6.000000	0.096623	4.176880	21.171875	4.208008	0.041016	0.000000	0.000000	0.000000	0.000000	0.210476	3.147812	1.329815	0.039641	0.013227	0.357422	0.223576	37.697075	0.042969	0.065383	0.007440	0.000000	262144.000000	12.476649	512.000000	512.000000	786432.000000	1.000000	0.000000	0.000000	0.000000	3.000000	3.102756	4.147009	5.082185	5.278028	5.580208	0.083730	0.255469	0.887327	1.000000	0.023241	0.047766	0.137540	0.280566	3.000000	10.000000	36.000000	162.000000	255.000000	0.000000	0.000000	0.031746	0.095238	0.000000	0.000000	0.000000	0.015873	12.476649	12.476649	12.476649	0.000000	0.000000	0.000000	0.000000	1.410515	1.633468	0.000000	0.024924	0.039641	0.000000	0.000000	20.257635	0.764294	12.000000
	clic-1024-train	4cd6910a0b7b39365fda5df87618d091.png	clic-1024-train__4cd6910a0b7b39365fda5df87618d091.png	large	1024	1024	1024	2833.426270	0.139058	0.137649	0.001597	0.000845	0.673706	0.632935	45.307758	3.727461	0.982932	182.000000	0.005554	0.003020	0.007560	5.000000	0.004510	0.010380	8.000000	0.220374	1.713645	33.006836	0.661133	0.709961	0.000000	0.000000	0.000000	1.000000	0.893524	1.767501	2.362030	0.000000	0.000000	0.071289	0.000000	51.192841	0.728516	0.104988	0.001659	0.000000	1048576.000000	13.862944	1024.000000	1024.000000	3145728.000000	1.000000	0.000000	0.000000	0.000000	3.000000	0.000000	4.670728	5.467335	5.525900	5.581043	0.000000	0.000000	1.000000	1.000000	0.000000	0.000000	0.030360	0.047727	0.000000	0.000000	80.000000	255.000000	255.000000	0.000000	0.000000	0.000000	0.253968	0.000000	0.000000	0.000000	0.000000	13.862944	13.862944	13.862944	0.000000	0.000000	0.000000	0.000000	0.000000	0.000000	0.000000	0.000000	0.000000	0.000000	0.000000	8.454367	0.302400	8.000000
	cid22-train	pexels-photo-4354221.png	cid22-train__pexels-photo-4354221.png	medium	512	512	512	3653.041016	0.139196	0.148049	0.009671	0.009665	0.371094	0.036621	51.243675	0.552207	1.269227	4411.000000	0.134613	0.004810	0.003770	2.000000	0.031860	0.026880	8.000000	0.130278	4.359279	21.837891	9.087891	0.001953	0.000000	0.000000	0.000000	0.000000	0.014805	3.417352	1.182752	0.044961	0.038198	0.383789	0.289494	33.651081	0.010742	0.084744	0.017392	0.000000	262144.000000	12.476649	512.000000	512.000000	786432.000000	1.000000	0.000000	0.000000	0.000000	3.000000	3.648407	4.284647	4.930052	5.224978	5.477731	0.108015	0.493506	1.000000	1.000000	0.058645	0.123059	0.272353	0.521638	4.000000	14.000000	36.000000	150.000000	255.000000	0.000000	0.000000	0.063492	0.126984	0.000000	0.000000	0.000000	0.031746	12.476649	12.476649	12.476649	0.000000	0.000000	0.000000	1.168332	1.499818	1.657862	0.024789	0.035805	0.044961	0.000000	0.000000	24.901361	0.823749	13.000000
	size-dense-renders	pexels-photo-6096399__sz384.png	size-dense-renders__pexels-photo-6096399__sz384.png	medium	384	384	384	769.308594	0.029198	0.031676	0.002002	0.001764	0.655816	0.208767	16.182487	0.041798	1.822575	677.000000	0.020660	0.000240	0.000400	0.000000	0.001060	0.001530	0.000000	0.084401	3.375127	5.604167	1.018229	0.052951	0.000000	0.000000	0.000000	0.000000	0.086785	2.551664	1.150445	0.022325	0.003102	0.373264	0.577332	12.991595	0.111979	0.027833	0.002039	0.000000	147456.000000	11.901285	384.000000	384.000000	442368.000000	1.000000	0.000000	0.000000	0.000000	3.000000	2.632315	3.360519	3.988547	4.281566	4.836773	0.058794	0.145650	0.357115	0.737066	0.013412	0.030340	0.058797	0.104105	1.000000	5.000000	13.000000	43.000000	255.000000	0.000000	0.000000	0.015873	0.031746	0.000000	0.000000	0.000000	0.000000	11.901285	11.901285	11.901285	0.000000	0.000000	0.000000	0.000000	0.000000	1.031410	0.000000	0.000000	0.022325	0.000000	0.000000	55.779362	0.751509	10.000000
	cid22-train	akfcrc022.png	cid22-train__akfcrc022.png	medium	512	512	512	9780.866211	0.077202	0.335198	0.008279	0.002421	0.726074	0.716064	114.526817	0.989175	0.995951	184.000000	0.005615	0.031680	0.043270	5.000000	0.019660	0.026310	4.000000	0.074410	1.996772	34.541016	19.405273	0.817383	0.000000	0.000000	0.000000	1.000000	0.720131	1.604449	2.303372	0.000000	0.000000	0.174805	0.004456	54.242649	0.838867	0.073552	0.018152	0.000000	262144.000000	12.476649	512.000000	512.000000	786432.000000	1.000000	0.000000	0.000000	0.000000	3.000000	0.000000	4.500192	5.582031	5.672608	5.778769	0.000000	0.000000	1.000000	1.000000	0.000000	0.000000	0.022654	1.000000	0.000000	1.000000	17.000000	213.000000	255.000000	0.000000	0.000000	0.000000	0.142857	0.000000	0.000000	0.000000	0.000000	12.476649	12.476649	12.476649	0.000000	0.000000	0.000000	0.000000	0.000000	0.000000	0.000000	0.000000	0.000000	0.000000	0.000000	14.306918	0.304395	8.000000
	size-dense-renders	pexels-photo-6096399__sz40.png	size-dense-renders__pexels-photo-6096399__sz40.png	tiny	40	40	40	647.425293	0.243918	0.028409	0.006170	0.006043	0.120000	0.000000	15.089881	0.025384	0.677747	138.000000	0.086250	0.001460	0.002080	0.000000	0.009250	0.015780	0.000000	0.116510	3.263107	20.280001	3.840000	0.000000	0.000000	0.000000	0.000000	1.000000	0.076875	4.058266	0.640784	0.183995	0.043887	0.600000	0.581875	10.261947	0.000000	0.118095	0.008889	0.000000	1600.000000	7.377759	40.000000	40.000000	4800.000000	1.000000	0.000000	0.000000	1.560000	3.000000														8.000000	22.000000	38.000000	103.000000	181.000000									7.377759	7.742402	8.317766	0.000000	0.000000	0.000000									10.872720	0.881818	8.000000
	size-dense-renders	pexels-photo-6096399__sz48.png	size-dense-renders__pexels-photo-6096399__sz48.png	tiny	48	48	48	667.632874	0.192847	0.028837	0.005615	0.005559	0.083333	0.027778	15.236281	0.025278	0.671034	163.000000	0.070747	0.001200	0.002170	0.000000	0.008240	0.013590	0.000000	0.082662	3.334616	18.861111	3.666667	0.000000	0.000000	0.000000	0.000000	1.000000	0.075521	4.026515	0.646179	0.317915	0.036454	0.694444	0.584201	10.949156	0.000000	0.111111	0.007937	0.000000	2304.000000	7.742402	48.000000	48.000000	6912.000000	1.000000	0.000000	0.000000	0.777778	3.000000														6.000000	18.000000	34.000000	86.000000	186.000000									7.742402	7.742402	8.317766	0.000000	0.000000	0.000000									16.096706	0.918293	8.000000
	cid22-train	631317.png	cid22-train__631317.png	medium	512	512	512	2527.071045	0.257743	0.114572	0.018484	0.011435	0.054443	0.009033	45.350620	0.685443	1.308573	3196.000000	0.097534	0.020390	0.022440	5.000000	0.045450	0.046200	6.000000	0.205297	4.283660	21.480469	8.451172	0.000000	0.000000	0.000000	0.000000	0.000000	0.104610	3.984796	0.667340	0.291416	0.064759	0.140625	0.526516	20.353733	0.000000	0.126116	0.019051	0.000000	262144.000000	12.476649	512.000000	512.000000	786432.000000	1.000000	0.000000	0.000000	0.000000	3.000000	4.025530	4.366717	4.766160	4.968124	5.293327	0.446003	0.709655	1.000000	1.000000	0.091801	0.147147	0.279954	0.498014	15.000000	31.000000	54.000000	133.000000	255.000000	0.031746	0.063492	0.111111	0.174603	0.000000	0.000000	0.015873	0.031746	12.476649	12.476649	12.476649	0.000000	0.000000	1.000000	1.393575	3.036373	3.293304	0.029018	0.209734	0.291416	0.000000	0.015873	12.706291	0.744316	12.000000
	size-dense-renders	1e2f9d41529197f10d32bfa68a1e0bcc__sz320.png	size-dense-renders__1e2f9d41529197f10d32bfa68a1e0bcc__sz320.png	medium	320	320	213	856.157837	0.786517	0.058890	0.047857	0.020759	0.000000	0.000000	51.978046	1.915495	0.497177	741.000000	0.022614	0.103080	0.104900	1.000000	0.127390	0.124980	3.000000	1.039562	3.631422	30.591347	9.353847	0.000000	0.000000	0.000000	0.000000	0.000000	0.000000	4.565497	0.117489	0.804610	0.207937	0.000000	0.663552	19.814493	0.000000	0.293987	0.018315	0.000000	68160.000000	11.129613	213.000000	320.000000	204480.000000	0.665625	0.407029	0.014085	0.051643	3.000000	4.568467	4.649062	4.715820	4.749821	4.813272	0.920071	1.000000	1.000000	1.000000	0.239156	0.273324	0.309704	0.344214	57.000000	96.000000	139.000000	230.000000	255.000000	0.222222	0.253968	0.285714	0.333333	0.000000	0.000000	0.015873	0.031746	11.143600	11.179967	11.179967	1.000000	5.000000	10.000000	4.284035	4.368227	4.405724	0.608005	0.730329	0.804610	0.174603	0.206349	0.973618	0.480434	10.000000
	size-dense-renders	pexels-photo-6096399__sz64.png	size-dense-renders__pexels-photo-6096399__sz64.png	small	64	64	64	694.765198	0.145125	0.029563	0.004864	0.004720	0.093750	0.031250	15.481436	0.025937	0.724018	201.000000	0.049072	0.000960	0.002140	0.000000	0.005870	0.011450	0.000000	0.090591	3.318121	17.406250	3.390625	0.000000	0.000000	0.000000	0.000000	1.000000	0.081299	3.841330	0.750742	0.285193	0.025069	0.734375	0.583252	12.466957	0.000000	0.094990	0.006944	0.000000	4096.000000	8.317766	64.000000	64.000000	12288.000000	1.000000	0.000000	0.000000	0.000000	3.000000														4.000000	13.000000	28.000000	73.000000	255.000000									8.317766	8.317766	8.317766	0.000000	0.000000	0.000000									33.024113	0.910862	8.000000
	cid22-train	Beam-Space-Processing.png	cid22-train__Beam-Space-Processing.png	medium	512	512	512	354.163757	0.078117	0.015923	0.000208	0.000250	0.759277	0.746582	5.786870	0.566695	1.648609	161.000000	0.004913	0.000080	0.000080	0.000000	0.000710	0.000720	1.000000	0.366143	0.682218	8.880859	0.401367	0.853516	0.000000	0.000000	0.000000	1.000000	0.986782	1.105396	1.905288	0.000000	0.000000	0.052734	0.000000	32.952057	0.873047	0.041341	0.000558	0.000000	262144.000000	12.476649	512.000000	512.000000	786432.000000	1.000000	0.000000	0.000000	0.000000	3.000000	0.000000	1.957846	4.514282	4.748153	5.342758	0.000000	0.000000	0.069461	1.000000	0.000000	0.000000	0.000000	0.000000	0.000000	0.000000	19.000000	156.000000	255.000000	0.000000	0.000000	0.000000	0.000000	0.000000	0.000000	0.000000	0.000000	12.476649	12.476649	12.476649	0.000000	0.000000	0.000000	0.000000	0.000000	0.000000	0.000000	0.000000	0.000000	0.000000	0.000000	24.715179	0.194662	8.000000
	cid22-train	675951.png	cid22-train__675951.png	medium	512	512	512	4932.141602	0.090314	0.181923	0.013615	0.007686	0.316650	0.023926	75.669922	0.182013	1.310478	8265.000000	0.252228	0.006490	0.013310	4.000000	0.014680	0.024230	6.000000	0.058120	4.724313	18.666992	14.533203	0.005859	0.000000	0.000000	0.000000	0.000000	0.054100	3.502881	0.965236	0.082287	0.074356	0.682617	0.490135	20.175787	0.026367	0.061384	0.026879	0.000000	262144.000000	12.476649	512.000000	512.000000	786432.000000	1.000000	0.000000	0.000000	0.000000	3.000000	3.611164	4.194485	4.680997	4.911576	5.432475	0.212254	0.505406	0.976499	1.000000	0.115735	0.199174	0.413317	0.656420	3.000000	8.000000	17.000000	88.000000	255.000000	0.000000	0.015873	0.031746	0.079365	0.000000	0.000000	0.015873	0.047619	12.476649	12.476649	12.476649	0.000000	0.000000	0.000000	1.224017	1.763310	2.197237	0.020963	0.045058	0.082287	0.000000	0.000000	46.395359	0.885593	14.000000
	gb82-photo	house-lossless.png	gb82-photo__house-lossless.png	medium	576	576	576	5941.264648	0.016433	0.165159	0.003095	0.002448	0.853974	0.403549	62.402267	0.015222	1.727670	1688.000000	0.051514	0.000760	0.001340	0.000000	0.003270	0.005670	3.000000	0.013493	4.001184	4.482160	3.407907	0.015429	0.000000	0.000000	0.000000	0.000000	0.231162	2.088335	1.011691	0.019848	0.011583	0.473481	0.133479	15.913981	0.039537	0.013638	0.005434	0.000000	331776.000000	12.712215	576.000000	576.000000	995328.000000	1.000000	0.000000	0.000000	0.000000	3.000000	1.841594	2.619599	3.556182	4.267133	5.134009	0.028186	0.063002	0.161346	0.472643	0.017418	0.026994	0.057265	0.179829	1.000000	1.000000	3.000000	26.000000	126.000000	0.000000	0.000000	0.000000	0.015873	0.000000	0.000000	0.000000	0.000000	12.712215	12.712215	12.712215	0.000000	0.000000	0.000000	0.000000	1.055354	1.157135	0.000000	0.016615	0.019848	0.000000	0.000000	86.548637	0.777343	11.000000
	size-dense-renders	pexels-photo-6096399__sz80.png	size-dense-renders__pexels-photo-6096399__sz80.png	small	80	80	80	711.399292	0.118731	0.030021	0.004334	0.004201	0.190000	0.040000	15.636357	0.024689	0.797158	230.000000	0.035937	0.000900	0.001380	0.000000	0.005100	0.008200	0.000000	0.064294	3.334305	17.540001	3.060000	0.000000	0.000000	0.000000	0.000000	1.000000	0.087031	3.673681	0.917133	0.075229	0.022394	0.760000	0.580156	12.585971	0.020000	0.076825	0.006984	0.000000	6400.000000	8.764053	80.000000	80.000000	19200.000000	1.000000	0.000000	0.000000	0.440000	3.000000	3.967770	4.371958	4.564559	4.628138	4.876445	0.333292	0.775587	1.000000	1.000000	0.045076	0.096540	0.143768	0.225434	3.000000	10.000000	23.000000	68.000000	255.000000	0.000000	0.031746	0.063492	0.111111	0.000000	0.000000	0.000000	0.015873	8.764053	8.764053	9.128696	0.000000	0.000000	0.000000	1.253759	1.753967	2.053978	0.030523	0.055884	0.075229	0.000000	0.000000	44.183167	0.922518	8.000000
	cid22-train	nicubunu_Game_baddie_Policeman.png	cid22-train__nicubunu_Game_baddie_Policeman.png	medium	512	512	512	9505.655273	0.033697	0.084175	0.002070	0.000266	0.753174	0.638184	27.891619	0.189873	1.505428	334.000000	0.010193	0.002690	0.002520	5.000000	0.000290	0.000280	0.000000	0.069580	3.294110	10.716797	2.499023	0.451172	0.000000	0.000000	0.000000	0.000000	0.606766	1.580812	1.751171	0.000000	0.000000	0.282227	0.001667	40.467098	0.678711	0.030211	0.004728	0.000000	262144.000000	12.476649	512.000000	512.000000	786432.000000	1.000000	0.000000	0.000000	0.000000	3.000000	1.125785	3.072043	4.462779	5.100752	5.516988	0.000000	0.025489	0.272307	1.000000	0.000000	0.000000	0.023409	0.221156	0.000000	1.000000	2.000000	111.000000	255.000000	0.000000	0.000000	0.000000	0.015873	0.000000	0.000000	0.000000	0.000000	12.476649	12.476649	12.476649	0.000000	0.000000	0.000000	0.000000	0.000000	0.000000	0.000000	0.000000	0.000000	0.000000	0.000000	53.065193	0.483462	9.000000
	size-dense-renders	pexels-photo-6096399__sz96.png	size-dense-renders__pexels-photo-6096399__sz96.png	small	96	96	96	721.982178	0.094626	0.030296	0.003917	0.003786	0.243056	0.048611	15.730613	0.025283	0.912770	271.000000	0.029405	0.000740	0.001620	0.000000	0.004440	0.008730	1.000000	0.065405	3.328303	14.604167	2.687500	0.000000	0.000000	0.000000	0.000000	0.000000	0.086480	3.534974	0.918862	0.073962	0.017921	0.750000	0.577582	13.434705	0.000000	0.071649	0.006393	0.000000	9216.000000	9.128696	96.000000	96.000000	27648.000000	1.000000	0.000000	0.000000	0.000000	3.000000	3.794749	4.226069	4.492835	4.613600	4.812921	0.269880	0.614184	1.000000	1.000000	0.040839	0.081150	0.139424	0.196781	2.000000	8.000000	21.000000	64.000000	232.000000	0.000000	0.031746	0.063492	0.111111	0.000000	0.000000	0.000000	0.015873	9.128696	9.128696	9.128696	0.000000	0.000000	0.000000	0.999323	1.602059	1.956349	0.021816	0.045962	0.073962	0.000000	0.000000	44.675793	0.916592	9.000000
	gb82-photo	mies-lossless.png	gb82-photo__mies-lossless.png	medium	576	576	576	5897.491699	0.433128	0.103560	0.023749	0.011523	0.065972	0.000000	37.634884	1.571547	0.790472	3100.000000	0.094604	0.018780	0.003890	1.000000	0.028880	0.005770	1.000000	0.064593	4.281015	55.176472	10.797493	0.000000	0.000000	0.000000	0.000000	0.000000	0.080488	4.561070	0.768293	0.332008	0.101592	0.512054	0.418560	27.595781	0.000000	0.175369	0.021246	0.000000	331776.000000	12.712215	576.000000	576.000000	995328.000000	1.000000	0.000000	0.000000	0.000000	3.000000	4.784987	5.155004	5.345917	5.427381	5.565989	0.845990	1.000000	1.000000	1.000000	0.150487	0.237660	0.377810	0.514577	20.000000	52.000000	88.000000	169.000000	255.000000	0.047619	0.111111	0.190476	0.238095	0.000000	0.000000	0.015873	0.031746	12.712215	12.712215	12.712215	0.000000	1.000000	2.000000	2.500695	2.856691	3.421069	0.115921	0.185727	0.332008	0.000000	0.015873	3.392113	0.864273	12.000000
	cid22-train	ularapi_Semarang_City_Logo.png	cid22-train__ularapi_Semarang_City_Logo.png	medium	512	512	512	11037.401367	0.150413	0.231865	0.009823	0.009751	0.550049	0.525146	90.338921	1.912048	0.801748	697.000000	0.021271	0.039330	0.026090	20.000000	0.302550	0.076000	56.000000	0.063112	2.578704	63.333984	16.634766	0.699219	0.000000	0.000000	0.000000	0.000000	0.642704	2.685992	2.639748	0.000000	0.000000	0.367188	0.004105	62.934082	0.730469	0.096664	0.016803	0.000000	262144.000000	12.476649	512.000000	512.000000	786432.000000	1.000000	0.000000	0.000000	0.000000	3.000000	3.098595	5.551541	5.755386	5.782425	5.833391	0.000000	0.244796	1.000000	1.000000	0.000000	0.000000	0.028718	0.525181	0.000000	3.000000	93.000000	246.000000	255.000000	0.000000	0.000000	0.015873	0.111111	0.000000	0.000000	0.000000	0.000000	12.476649	12.476649	12.476649	0.000000	0.000000	0.000000	0.000000	0.000000	0.000000	0.000000	0.000000	0.000000	0.000000	0.000000	6.957788	0.469966	10.000000
	cid22-train	pexels-photo-951408.png	cid22-train__pexels-photo-951408.png	medium	512	512	512	3781.582520	0.120278	0.105345	0.009715	0.003840	0.393311	0.107422	34.251587	0.528795	1.072887	2105.000000	0.064240	0.009110	0.005720	2.000000	0.007930	0.006690	4.000000	0.107064	4.371863	23.387695	7.359375	0.007812	0.000000	0.000000	0.000000	0.000000	0.023872	3.426004	1.229809	0.044635	0.012242	0.691406	0.033955	32.235889	0.106445	0.074777	0.013098	0.000000	262144.000000	12.476649	512.000000	512.000000	786432.000000	1.000000	0.000000	0.000000	0.000000	3.000000	3.493543	4.449050	5.050483	5.225466	5.329142	0.147324	0.446854	1.000000	1.000000	0.039151	0.092465	0.251599	0.467813	2.000000	7.000000	35.000000	144.000000	255.000000	0.000000	0.015873	0.031746	0.111111	0.000000	0.000000	0.000000	0.015873	12.476649	12.476649	12.476649	0.000000	0.000000	0.000000	0.941231	1.242650	1.560617	0.019170	0.030217	0.044635	0.000000	0.000000	22.151855	0.903463	12.000000
	gb82-photo	rain-lossless.png	gb82-photo__rain-lossless.png	medium	576	576	576	1602.742065	0.049071	0.016760	0.001164	0.000855	0.743441	0.265625	5.803550	0.331093	1.453206	511.000000	0.015594	0.000210	0.000190	0.000000	0.000540	0.000540	0.000000	0.490077	2.945470	4.857281	0.224687	0.006750	0.000000	0.000000	0.000000	0.000000	0.764127	2.392549	1.071386	0.023937	0.000000	0.082932	0.009042	27.270832	0.007715	0.038006	0.000291	0.000000	331776.000000	12.712215	576.000000	576.000000	995328.000000	1.000000	0.000000	0.000000	0.000000	3.000000	2.061109	3.082942	4.164869	4.548259	4.894420	0.036972	0.071518	0.243075	0.773164	0.000000	0.013098	0.045391	0.063070	2.000000	5.000000	12.000000	124.000000	255.000000	0.000000	0.000000	0.000000	0.015873	0.000000	0.000000	0.000000	0.000000	12.712215	12.712215	12.712215	0.000000	0.000000	0.000000	0.767851	1.196849	1.314062	0.010539	0.019616	0.023937	0.000000	0.000000	51.709686	0.646275	9.000000
	cid22-train	pexels-photo-1544724.png	cid22-train__pexels-photo-1544724.png	medium	512	512	512	2292.457275	0.192623	0.253060	0.020945	0.019265	0.243164	0.014160	105.573860	0.583032	1.002672	8376.000000	0.255615	0.023910	0.007540	3.000000	0.091450	0.028990	17.000000	0.118070	4.253621	22.588867	30.176758	0.001953	0.000000	0.000000	0.000000	0.000000	0.028214	3.724026	0.989335	0.102894	0.041239	0.568359	0.172791	25.681112	0.010742	0.093037	0.038411	0.000000	262144.000000	12.476649	512.000000	512.000000	786432.000000	1.000000	0.000000	0.000000	0.000000	3.000000	3.829150	4.489677	5.023604	5.147110	5.267344	0.252695	0.578444	1.000000	1.000000	0.088242	0.242844	0.665945	1.000000	5.000000	20.000000	51.000000	140.000000	255.000000	0.000000	0.015873	0.079365	0.142857	0.000000	0.000000	0.031746	0.063492	12.476649	12.476649	12.476649	0.000000	0.000000	0.000000	1.498096	1.928696	2.256741	0.040854	0.068685	0.102894	0.000000	0.000000	10.359217	0.869801	14.000000
	cid22-train	pexels-photo-4672246.png	cid22-train__pexels-photo-4672246.png	medium	512	512	512	1861.175049	0.072897	0.193139	0.006778	0.005013	0.606934	0.000977	72.154251	0.173195	1.593067	2594.000000	0.079163	0.002910	0.002520	0.000000	0.011340	0.009130	5.000000	0.150514	4.005466	7.907227	6.130859	0.000000	0.000000	0.000000	0.000000	0.000000	0.078754	2.977134	0.869390	0.053716	0.008803	0.292969	0.176216	16.316597	0.000000	0.042287	0.011114	0.000000	262144.000000	12.476649	512.000000	512.000000	786432.000000	1.000000	0.000000	0.000000	0.000000	3.000000	2.813070	3.610193	4.332842	4.592865	4.914597	0.075283	0.189257	0.469204	1.000000	0.023093	0.051600	0.145473	0.416108	3.000000	8.000000	19.000000	83.000000	255.000000	0.000000	0.000000	0.015873	0.063492	0.000000	0.000000	0.000000	0.015873	12.476649	12.476649	12.476649	0.000000	0.000000	0.000000	1.806180	1.917768	2.011716	0.040238	0.048391	0.053716	0.000000	0.000000	32.655445	0.739166	12.000000
	size-dense-renders	b939ac34faa94b5d0e753d570edc7048__sz1536.png	size-dense-renders__b939ac34faa94b5d0e753d570edc7048__sz1536.png	large	1536	1536	729	3543.474365	0.140409	0.206259	0.007203	0.009175	0.491782	0.198611	80.669312	0.862018	1.223253	10789.000000	0.329254	0.003680	0.007250	1.000000	0.034920	0.064900	10.000000	0.093592	4.225564	20.198444	16.404669	0.051556	0.000000	0.000000	0.000000	0.000000	0.028224	3.013227	1.557391	0.015921	0.000000	0.453307	0.234205	24.581839	0.088521	0.073374	0.023810	0.000000	1119744.000000	13.928611	729.000000	1536.000000	3359232.000000	0.474609	0.745263	0.009602	0.009602	3.000000	3.141249	4.472623	5.002680	5.151789	5.291049	0.058893	0.270218	1.000000	1.000000	0.020403	0.090054	0.417154	0.976927	1.000000	10.000000	42.000000	120.000000	255.000000	0.000000	0.000000	0.031746	0.126984	0.000000	0.000000	0.000000	0.047619	13.938167	13.938167	13.938167	0.000000	0.000000	0.000000	0.000000	0.000000	0.903089	0.000000	0.000000	0.015921	0.000000	0.000000	11.909544	0.769559	14.000000
	size-dense-renders	b939ac34faa94b5d0e753d570edc7048__sz160.png	size-dense-renders__b939ac34faa94b5d0e753d570edc7048__sz160.png	small	160	160	76	2934.645508	0.405049	0.190134	0.021787	0.029930	0.094444	0.050000	75.475479	0.236294	0.712346	2542.000000	0.209046	0.030340	0.057360	4.000000	0.385410	0.716320	28.000000	0.149819	4.233832	38.400002	46.172222	0.000000	0.000000	0.000000	0.000000	0.000000	0.027961	4.272553	0.948809	0.335178	0.058687	0.377778	0.225694	20.242504	0.000000	0.173721	0.071958	0.000000	12160.000000	9.405908	76.000000	160.000000	36480.000000	0.475000	0.744440	0.052632	0.263158	3.000000	4.547874	4.841740	4.993180	5.057971	5.243173	0.854566	1.000000	1.000000	1.000000	0.342852	0.747854	1.000000	1.000000	17.000000	45.000000	78.000000	150.000000	255.000000	0.015873	0.095238	0.190476	0.253968	0.000000	0.031746	0.063492	0.111111	9.457200	9.457200	9.639522	0.000000	0.000000	0.000000	0.881349	1.724275	3.263740	0.015760	0.055395	0.335178	0.000000	0.000000	3.158141	0.824283	12.000000
	cid22-train	pexels-photo-3586798.png	cid22-train__pexels-photo-3586798.png	medium	512	512	512	4925.102051	0.161373	0.092505	0.007038	0.007334	0.289062	0.005859	38.603069	0.520949	1.397905	3818.000000	0.116516	0.002410	0.001400	1.000000	0.017120	0.009540	3.000000	0.154348	4.472313	17.938477	5.010742	0.000000	0.000000	0.000000	0.000000	0.000000	0.025936	3.598547	0.867769	0.104747	0.023863	0.330078	0.275780	23.491217	0.000000	0.083256	0.010975	0.000000	262144.000000	12.476649	512.000000	512.000000	786432.000000	1.000000	0.000000	0.000000	0.000000	3.000000	3.668046	4.252379	4.690025	4.959380	5.359192	0.207244	0.483236	0.978083	1.000000	0.047090	0.100112	0.193098	0.287485	7.000000	18.000000	42.000000	136.000000	255.000000	0.000000	0.015873	0.063492	0.126984	0.000000	0.000000	0.000000	0.015873	12.476649	12.476649	12.476649	0.000000	0.000000	0.000000	1.695565	2.135481	2.396961	0.045912	0.073419	0.104747	0.000000	0.000000	19.080885	0.788893	12.000000
	size-dense-renders	b939ac34faa94b5d0e753d570edc7048__sz192.png	size-dense-renders__b939ac34faa94b5d0e753d570edc7048__sz192.png	small	192	192	91	2974.468262	0.376487	0.191461	0.019886	0.027610	0.125000	0.053030	75.731163	0.271568	0.731315	2996.000000	0.171474	0.025080	0.056610	4.000000	0.338430	0.647170	31.000000	0.134319	4.243880	38.977272	44.943180	0.000000	0.000000	0.000000	0.000000	0.000000	0.029247	4.152350	1.109407	0.120316	0.036465	0.397727	0.229581	20.438496	0.011364	0.159752	0.063312	0.000000	17472.000000	9.768354	91.000000	192.000000	52416.000000	0.473958	0.746636	0.054945	0.054945	3.000000	4.547226	4.925230	5.062440	5.104544	5.239587	0.572511	1.000000	1.000000	1.000000	0.186932	0.665121	1.000000	1.000000	14.000000	43.000000	77.000000	150.000000	255.000000	0.000000	0.063492	0.174603	0.253968	0.000000	0.015873	0.063492	0.095238	9.821843	9.821843	9.821843	0.000000	0.000000	0.000000	0.467977	1.393576	2.469615	0.005723	0.035100	0.120316	0.000000	0.000000	3.587907	0.825317	12.000000
	cid22-train	pexels-photo-4405455.png	cid22-train__pexels-photo-4405455.png	medium	512	512	512	747.007935	0.090468	0.157151	0.008258	0.022383	0.270508	0.008789	85.150230	0.184665	1.257348	578.000000	0.017639	0.002230	0.001490	0.000000	0.110970	0.072480	10.000000	0.139007	3.336065	10.942383	24.160156	0.001953	0.000000	0.000000	0.000000	0.000000	0.008801	3.434238	0.770270	0.102168	0.101230	0.388672	0.189541	9.458943	0.004883	0.056811	0.039574	0.000000	262144.000000	12.476649	512.000000	512.000000	786432.000000	1.000000	0.000000	0.000000	0.000000	3.000000	3.562047	4.013361	4.335776	4.483166	4.726516	0.224616	0.420561	0.755812	1.000000	0.222396	0.397820	0.687755	1.000000	6.000000	16.000000	30.000000	68.000000	173.000000	0.000000	0.015873	0.047619	0.079365	0.000000	0.015873	0.031746	0.063492	12.476649	12.476649	12.476649	0.000000	0.000000	0.000000	1.397940	1.902750	2.327869	0.032694	0.064003	0.102168	0.000000	0.000000	7.856568	0.813626	10.000000
	cid22-train	Boxplot.png	cid22-train__Boxplot.png	medium	512	512	512	1176.765137	0.069550	0.055084	0.000391	0.000888	0.804932	0.800049	21.064825	1.360545	1.253683	311.000000	0.009491	0.000490	0.000270	0.000000	0.015520	0.003820	10.000000	0.281473	0.991610	19.593750	2.320312	0.839844	0.000000	0.000000	0.000000	0.000000	0.924683	1.112230	2.111119	0.000000	0.000000	0.022461	0.046833	53.000645	0.866211	0.068700	0.002325	0.000000	262144.000000	12.476649	512.000000	512.000000	786432.000000	1.000000	0.000000	0.000000	0.000000	3.000000	0.000000	0.000000	5.221698	5.354499	5.540119	0.000000	0.000000	0.000000	1.000000	0.000000	0.000000	0.000000	0.000000	0.000000	0.000000	2.000000	255.000000	255.000000	0.000000	0.000000	0.000000	0.000000	0.000000	0.000000	0.000000	0.000000	12.476649	12.476649	12.476649	0.000000	0.000000	0.000000	0.000000	0.000000	0.000000	0.000000	0.000000	0.000000	0.000000	0.000000	16.301210	0.169699	9.000000
	clic-1024-train	0c49a5cce349020bbba2f97ae41e90ba.png	clic-1024-train__0c49a5cce349020bbba2f97ae41e90ba.png	large	1024	1024	1024	4060.910645	0.104550	0.230787	0.007437	0.008038	0.484131	0.078003	96.164703	0.746274	1.298799	2334.000000	0.071228	0.007870	0.009240	1.000000	0.058790	0.086910	13.000000	0.145874	4.145649	14.994141	12.866211	0.000000	0.000000	0.000000	0.000000	0.000000	0.204333	3.084720	1.198321	0.031497	0.000000	0.329102	0.009501	26.735691	0.001953	0.055292	0.015780	0.000000	1048576.000000	13.862944	1024.000000	1024.000000	3145728.000000	1.000000	0.000000	0.000000	0.000000	3.000000	2.885785	4.191248	4.746999	4.994906	5.171936	0.067727	0.199164	0.935061	1.000000	0.023019	0.051774	0.316294	0.961538	3.000000	9.000000	27.000000	126.000000	255.000000	0.000000	0.000000	0.015873	0.079365	0.000000	0.000000	0.000000	0.031746	13.862944	13.862944	13.862944	0.000000	0.000000	0.000000	1.004724	1.397668	1.610127	0.013983	0.023442	0.031497	0.000000	0.000000	35.120037	0.748350	12.000000
	cid22-train	2272939.png	cid22-train__2272939.png	medium	512	512	512	3389.231689	0.345935	0.082358	0.012065	0.010228	0.059082	0.000732	34.615799	1.095055	1.030112	2902.000000	0.088562	0.009100	0.009380	2.000000	0.051420	0.043990	19.000000	0.142966	4.605613	38.598633	8.274414	0.004883	0.000000	0.000000	0.000000	0.000000	0.097858	4.356544	0.638894	0.374097	0.054801	0.390625	0.593544	23.670189	0.000000	0.153878	0.017191	0.000000	262144.000000	12.476649	512.000000	512.000000	786432.000000	1.000000	0.000000	0.000000	0.000000	3.000000	4.462030	4.818897	5.061433	5.200387	5.483325	0.729089	1.000000	1.000000	1.000000	0.089921	0.156532	0.274062	0.421410	16.000000	39.000000	75.000000	163.000000	255.000000	0.047619	0.079365	0.142857	0.222222	0.000000	0.000000	0.015873	0.031746	12.476649	12.476649	12.476649	0.000000	1.000000	2.000000	2.511549	3.121478	3.488460	0.118630	0.258583	0.374097	0.000000	0.031746	6.769432	0.822678	12.000000
	size-dense-renders	b939ac34faa94b5d0e753d570edc7048__sz32.png	size-dense-renders__b939ac34faa94b5d0e753d570edc7048__sz32.png	tiny	32	32	15	1720.877686	0.641129	0.159939	0.031649	0.047422	0.000000	0.000000	71.475395	0.102240	0.387768	305.000000	0.635417	0.035320	0.098560	0.000000	0.449740	1.625280	12.000000	0.140707	3.941804	73.750000	74.500000	0.000000	0.000000	0.000000	0.000000	0.000000	0.035417	4.807984	0.268548	1.000000	0.971948	0.500000	0.085938	16.954334	0.000000	0.269841	0.119048	0.000000	480.000000	6.173786	15.000000	32.000000	1440.000000	0.468750	0.757686	0.066667	1.133333	3.000000																											6.238325	6.238325	6.931472	0.000000	0.000000	0.000000										0.833916	9.000000
	cid22-train	pexels-photo-1029599.png	cid22-train__pexels-photo-1029599.png	medium	512	512	512	2736.781738	0.433833	0.120947	0.023664	0.013484	0.133789	0.000000	46.587814	1.255101	1.000803	4555.000000	0.139008	0.026630	0.029100	3.000000	0.051570	0.053900	5.000000	0.184872	4.265492	33.040039	16.996094	0.001953	0.000000	0.000000	0.000000	0.000000	0.117481	4.229383	0.780365	0.169887	0.033059	0.208008	0.394894	20.934299	0.000000	0.166202	0.037032	0.000000	262144.000000	12.476649	512.000000	512.000000	786432.000000	1.000000	0.000000	0.000000	0.000000	3.000000	4.455780	4.729949	5.004479	5.132794	5.429177	0.664826	1.000000	1.000000	1.000000	0.100837	0.307581	0.521296	0.756552	21.000000	50.000000	83.000000	155.000000	255.000000	0.015873	0.095238	0.190476	0.238095	0.000000	0.000000	0.031746	0.063492	12.476649	12.476649	12.476649	0.000000	0.000000	1.000000	2.220067	2.630793	2.832818	0.073796	0.137021	0.169887	0.000000	0.000000	3.618128	0.763665	13.000000
	gb82-photo	sand-lossless.png	gb82-photo__sand-lossless.png	medium	576	576	576	1543.137207	0.629837	0.075573	0.030335	0.016545	0.004051	0.000000	30.516510	1.883242	0.883744	1983.000000	0.060516	0.037870	0.045750	1.000000	0.067220	0.081520	3.000000	0.374842	4.099463	29.551592	9.691418	0.000000	0.000000	0.000000	0.000000	0.000000	0.043897	4.451362	0.320355	0.643974	0.154412	0.049180	0.653516	15.608593	0.000000	0.224687	0.023970	0.000000	331776.000000	12.712215	576.000000	576.000000	995328.000000	1.000000	0.000000	0.000000	0.000000	3.000000	4.462461	4.663435	4.820140	4.920968	5.134804	0.825902	1.000000	1.000000	1.000000	0.199536	0.262918	0.346210	0.461792	35.000000	63.000000	95.000000	157.000000	255.000000	0.142857	0.190476	0.222222	0.269841	0.000000	0.000000	0.015873	0.031746	12.712215	12.712215	12.712215	0.000000	2.000000	6.000000	3.479998	3.946817	4.086315	0.344097	0.551918	0.643974	0.047619	0.111111	1.498923	0.666557	11.000000
	size-dense-renders	b939ac34faa94b5d0e753d570edc7048__sz256.png	size-dense-renders__b939ac34faa94b5d0e753d570edc7048__sz256.png	small	256	256	122	3060.147217	0.330196	0.194085	0.017433	0.024392	0.189583	0.058333	76.483322	0.334014	0.811150	3842.000000	0.123015	0.021830	0.052610	4.000000	0.288460	0.537970	47.000000	0.138221	4.226336	34.104168	39.452084	0.012500	0.000000	0.000000	0.000000	0.000000	0.030097	3.989666	1.192018	0.083748	0.028605	0.431250	0.235286	20.793335	0.018750	0.147288	0.059061	0.000000	31232.000000	10.349198	122.000000	256.000000	93696.000000	0.476562	0.741156	0.049180	0.049180	3.000000	4.483054	4.819906	5.018617	5.104743	5.233125	0.375459	1.000000	1.000000	1.000000	0.107592	0.555722	0.988102	1.000000	10.000000	38.000000	74.000000	150.000000	255.000000	0.000000	0.031746	0.158730	0.238095	0.000000	0.000000	0.047619	0.095238	10.397207	10.397207	10.397207	0.000000	0.000000	0.000000	0.000000	1.230052	2.212146	0.000000	0.030360	0.083748	0.000000	0.000000	4.151959	0.823190	12.000000
	size-dense-renders	22ea12c903e41583b7c469cb86040157__sz96.png	size-dense-renders__22ea12c903e41583b7c469cb86040157__sz96.png	small	96	77	96	1387.479370	0.149169	0.240302	0.009907	0.013160	0.425926	0.018519	104.163467	0.064563	0.892472	674.000000	0.091180	0.018780	0.023660	1.000000	0.203090	0.303730	16.000000	0.065807	3.521051	22.250000	39.148148	0.000000	0.000000	0.000000	0.000000	0.000000	0.010011	3.471636	1.184019	0.055090	0.029496	0.601852	0.053166	23.240316	0.000000	0.071576	0.042622	0.000000	7392.000000	8.908154	77.000000	96.000000	22176.000000	0.802083	0.220543	0.038961	0.246753	3.000000	3.701433	4.607362	4.957202	5.139465	5.255694	0.124773	0.495902	1.000000	1.000000	0.148406	0.358663	1.000000	1.000000	2.000000	13.000000	48.000000	99.000000	210.000000	0.000000	0.015873	0.047619	0.111111	0.000000	0.015873	0.031746	0.079365	8.946375	8.946375	9.128696	0.000000	0.000000	0.000000	1.368460	1.565257	1.903007	0.032455	0.041316	0.055090	0.000000	0.000000	7.461053	0.883480	10.000000
	size-dense-renders	1e2f9d41529197f10d32bfa68a1e0bcc__sz384.png	size-dense-renders__1e2f9d41529197f10d32bfa68a1e0bcc__sz384.png	medium	384	384	256	1085.191772	0.806533	0.067708	0.054398	0.023613	0.000000	0.000000	54.654240	2.631961	0.472201	965.000000	0.029449	0.127520	0.133400	2.000000	0.158200	0.161690	6.000000	0.897831	3.765656	38.649738	12.375651	0.000000	0.000000	0.000000	0.000000	0.000000	0.000000	4.666374	0.120965	0.936750	0.245243	0.000000	0.644318	22.237785	0.000000	0.320147	0.027127	0.000000	98304.000000	11.495820	256.000000	384.000000	294912.000000	0.666667	0.405465	0.000000	0.000000	3.000000	4.673409	4.748878	4.820220	4.853700	4.928808	1.000000	1.000000	1.000000	1.000000	0.280502	0.321217	0.363837	0.404156	60.000000	102.000000	149.000000	252.000000	255.000000	0.253968	0.285714	0.317460	0.349206	0.000000	0.015873	0.031746	0.031746	11.495820	11.495820	11.495820	1.000000	5.000000	11.000000	4.363410	4.453914	4.509616	0.709127	0.859639	0.936750	0.190476	0.238095	0.871990	0.515512	10.000000
	size-dense-renders	4cd6910a0b7b39365fda5df87618d091__sz1536.png	size-dense-renders__4cd6910a0b7b39365fda5df87618d091__sz1536.png	large	1536	1536	767	2135.491211	0.110164	0.130839	0.001337	0.000702	0.743924	0.676541	43.088940	3.082762	1.053106	207.000000	0.006317	0.002950	0.009040	6.000000	0.004390	0.012990	8.000000	0.322068	1.985144	23.862068	1.490214	0.740913	0.000000	0.000000	0.000000	1.000000	0.911719	1.585069	2.172098	0.000000	0.000000	0.070829	0.000000	42.664692	0.761417	0.087649	0.001864	0.000000	1178112.000000	13.979424	767.000000	1536.000000	3534336.000000	0.499349	0.694450	0.001304	0.001304	3.000000	0.000000	3.388989	5.273360	5.349229	5.409545	0.000000	0.000000	0.388969	1.000000	0.000000	0.000000	0.019787	0.039213	0.000000	0.000000	52.000000	255.000000	255.000000	0.000000	0.000000	0.000000	0.063492	0.000000	0.000000	0.000000	0.000000	13.980726	13.980726	13.980726	0.000000	0.000000	0.000000	0.000000	0.000000	0.000000	0.000000	0.000000	0.000000	0.000000	0.000000	11.698291	0.297389	8.000000
	size-dense-renders	26103251787_d8635e260d_o__sz128.png	size-dense-renders__26103251787_d8635e260d_o__sz128.png	small	128	128	128	1420.957886	0.219914	0.143339	0.017182	0.015475	0.171875	0.007812	51.324253	0.212454	0.961409	670.000000	0.040894	0.037960	0.014480	3.000000	0.193880	0.077800	13.000000	0.127804	3.769095	27.175781	17.617188	0.000000	0.000000	0.000000	0.000000	0.000000	0.253052	3.909946	0.869869	0.167124	0.031725	0.234375	0.035461	28.832933	0.000000	0.123450	0.026414	0.000000	16384.000000	9.704061	128.000000	128.000000	49152.000000	1.000000	0.000000	0.000000	0.000000	3.000000	3.815543	4.648178	5.223997	5.308887	5.425712	0.287941	0.575614	1.000000	1.000000	0.045715	0.079964	0.437787	1.000000	10.000000	28.000000	67.000000	150.000000	255.000000	0.000000	0.031746	0.095238	0.206349	0.000000	0.000000	0.000000	0.047619	9.704061	9.704061	9.704061	0.000000	0.000000	1.000000	2.035176	2.503450	2.823434	0.069193	0.116812	0.167124	0.000000	0.000000	7.638413	0.749174	10.000000
	clic-1024-train	d1a9be98d1936065967adac50a6fb750.png	clic-1024-train__d1a9be98d1936065967adac50a6fb750.png	large	1024	1024	1024	3277.912842	0.107155	0.087699	0.003656	0.002823	0.605713	0.514160	35.036686	0.292374	1.427233	1468.000000	0.044800	0.000820	0.000760	0.000000	0.003460	0.003510	1.000000	0.101212	4.092486	12.322266	2.509766	0.012695	0.000000	0.000000	0.000000	0.000000	0.623960	2.626146	1.487072	0.016493	0.000000	0.381836	0.316435	12.327566	0.033203	0.055943	0.006448	0.000000	1048576.000000	13.862944	1024.000000	1024.000000	3145728.000000	1.000000	0.000000	0.000000	0.000000	3.000000	2.129530	4.157410	4.648989	4.792079	4.998602	0.022198	0.089050	0.926859	1.000000	0.000000	0.022240	0.122626	0.232013	2.000000	6.000000	23.000000	74.000000	255.000000	0.000000	0.000000	0.000000	0.095238	0.000000	0.000000	0.000000	0.000000	13.862944	13.862944	13.862944	0.000000	0.000000	0.000000	0.000000	0.859399	1.094732	0.000000	0.012417	0.016493	0.000000	0.000000	20.002821	0.676631	11.000000
	size-dense-renders	4cd6910a0b7b39365fda5df87618d091__sz160.png	size-dense-renders__4cd6910a0b7b39365fda5df87618d091__sz160.png	small	160	160	80	1142.161377	0.303161	0.119201	0.000802	0.000529	0.195000	0.070000	39.191750	0.196969	0.986157	72.000000	0.005625	0.000370	0.041760	0.000000	0.000680	0.062320	1.000000	0.164926	2.509060	25.195000	12.305000	0.180000	0.000000	0.000000	0.000000	1.000000	0.929609	3.790442	1.231640	0.143259	0.004253	0.300000	0.000000	14.714119	0.155000	0.081905	0.006270	0.000000	12800.000000	9.457200	80.000000	160.000000	38400.000000	0.500000	0.693147	0.000000	0.200000	3.000000	4.201668	4.349857	5.246284	5.288368	5.422923	0.505395	0.831503	0.948759	1.000000	0.011476	0.014791	0.018974	1.000000	6.000000	38.000000	81.000000	129.000000	197.000000	0.015873	0.063492	0.095238	0.111111	0.000000	0.000000	0.000000	0.000000	9.457200	9.457200	9.639522	0.000000	0.000000	0.000000	0.000000	0.000000	2.534956	0.000000	0.000000	0.143259	0.000000	0.000000	1.644022	0.687824	7.000000
	cid22-train	6763758.png	cid22-train__6763758.png	medium	512	512	512	4118.853027	0.111397	0.216570	0.007929	0.006499	0.290283	0.012451	77.187813	0.161783	1.200961	5288.000000	0.161377	0.002920	0.004800	1.000000	0.012560	0.024770	9.000000	0.048167	4.598192	19.845703	11.912109	0.007812	0.000000	0.000000	0.000000	0.000000	0.058758	3.624529	0.928467	0.106022	0.022827	0.732422	0.430256	17.745428	0.044922	0.068747	0.021329	0.000000	262144.000000	12.476649	512.000000	512.000000	786432.000000	1.000000	0.000000	0.000000	0.000000	3.000000	3.645040	4.359053	4.858554	5.030449	5.233900	0.210243	0.522721	1.000000	1.000000	0.042973	0.107956	0.335723	0.583758	3.000000	9.000000	23.000000	77.000000	255.000000	0.000000	0.015873	0.047619	0.111111	0.000000	0.000000	0.015873	0.031746	12.476649	12.476649	12.476649	0.000000	0.000000	0.000000	1.497450	2.003245	2.342639	0.037589	0.074448	0.106022	0.000000	0.000000	24.467352	0.894396	13.000000
	size-dense-renders	4cd6910a0b7b39365fda5df87618d091__sz192.png	size-dense-renders__4cd6910a0b7b39365fda5df87618d091__sz192.png	small	192	192	96	1200.132568	0.280408	0.119889	0.000770	0.000496	0.263889	0.086806	39.394344	0.216807	0.985831	77.000000	0.004178	0.000390	0.008310	0.000000	0.000710	0.013380	0.000000	0.180316	2.452314	23.173611	8.923611	0.260417	0.000000	0.000000	0.000000	1.000000	0.931044	3.699767	1.299453	0.127398	0.000000	0.364583	0.000000	16.878544	0.197917	0.077987	0.004464	0.000000	18432.000000	9.821843	96.000000	192.000000	55296.000000	0.500000	0.693147	0.000000	0.000000	3.000000	4.264812	4.428897	4.557034	5.230001	5.374094	0.160483	0.890457	1.000000	1.000000	0.010150	0.014879	0.020733	0.268503	3.000000	37.000000	68.000000	139.000000	214.000000	0.000000	0.015873	0.079365	0.111111	0.000000	0.000000	0.000000	0.000000	9.821843	9.821843	9.821843	0.000000	0.000000	0.000000	0.000000	0.297623	2.411513	0.000000	0.004318	0.127398	0.000000	0.000000	3.116557	0.736847	7.000000
	gb82-photo	night-lossless.png	gb82-photo__night-lossless.png	medium	576	576	576	3537.497803	0.140380	0.002418	0.000458	0.000253	0.409915	0.213735	0.819279	0.313418	1.380468	121.000000	0.003693	0.000040	0.000040	0.000000	0.000100	0.000100	0.000000	0.079270	3.155061	16.349083	0.000000	0.036644	0.000000	0.000000	0.000000	1.000000	1.000000	3.109323	1.408694	0.022692	0.000000	0.370299	0.000000	20.867748	0.051109	0.070747	0.000000	0.000000	331776.000000	12.712215	576.000000	576.000000	995328.000000	1.000000	0.000000	0.000000	0.000000	3.000000	3.533446	4.209071	4.687464	4.966267	5.411978	0.050581	0.437808	0.954075	1.000000	0.000000	0.000000	0.013323	0.023004	3.000000	14.000000	32.000000	98.000000	255.000000	0.000000	0.000000	0.047619	0.111111	0.000000	0.000000	0.000000	0.000000	12.712215	12.712215	12.712215	0.000000	0.000000	0.000000	0.000000	0.586513	1.265702	0.000000	0.009255	0.022692	0.000000	0.000000	21.950916	0.760979	7.000000
	size-dense-renders	26103251787_d8635e260d_o__sz160.png	size-dense-renders__26103251787_d8635e260d_o__sz160.png	small	160	160	160	1494.254639	0.208457	0.145256	0.015688	0.014250	0.177500	0.007500	51.971905	0.256173	1.089277	807.000000	0.031523	0.031400	0.017000	3.000000	0.167700	0.085400	15.000000	0.129317	3.743918	26.022499	14.630000	0.000000	0.000000	0.000000	0.000000	0.000000	0.256680	3.880061	0.869355	0.171442	0.028547	0.242500	0.036172	28.791580	0.000000	0.120317	0.022183	0.000000	25600.000000	10.150348	160.000000	160.000000	76800.000000	1.000000	0.000000	0.000000	0.000000	3.000000	3.854685	4.463822	5.113435	5.294819	5.449325	0.308622	0.578819	1.000000	1.000000	0.047303	0.079703	0.304412	1.000000	8.000000	25.000000	64.000000	155.000000	255.000000	0.015873	0.031746	0.095238	0.190476	0.000000	0.000000	0.000000	0.031746	10.150348	10.150348	10.150348	0.000000	0.000000	1.000000	1.725172	2.423143	2.817720	0.052445	0.109362	0.171442	0.000000	0.000000	8.915644	0.753421	10.000000
	cid22-train	2291004.png	cid22-train__2291004.png	medium	512	512	512	794.362671	0.160956	0.246512	0.025853	0.023185	0.253174	0.000000	91.232559	0.475408	0.986133	3344.000000	0.102051	0.046790	0.017520	5.000000	0.238450	0.093940	22.000000	0.157520	3.319064	17.521484	22.909180	0.001953	0.000000	0.000000	0.000000	0.000000	0.004066	3.795488	0.729625	0.174993	0.069666	0.224609	0.054649	18.093121	0.000000	0.082744	0.031328	0.000000	262144.000000	12.476649	512.000000	512.000000	786432.000000	1.000000	0.000000	0.000000	0.000000	3.000000	3.713017	4.522134	4.720317	4.794444	4.871432	0.250413	0.503196	1.000000	1.000000	0.110974	0.245540	0.638756	1.000000	10.000000	21.000000	48.000000	111.000000	255.000000	0.000000	0.031746	0.063492	0.111111	0.000000	0.000000	0.015873	0.047619	12.476649	12.476649	12.476649	0.000000	0.000000	1.000000	2.426511	2.680321	2.848459	0.096148	0.137992	0.174993	0.000000	0.000000	8.689114	0.774425	12.000000
	gb82-photo	mc1-lossless.png	gb82-photo__mc1-lossless.png	medium	576	576	576	1596.158325	0.060691	0.174957	0.009815	0.003735	0.416281	0.143904	56.655983	0.092302	1.222821	1058.000000	0.032288	0.006160	0.005710	1.000000	0.005240	0.005240	1.000000	0.079130	3.945773	9.185149	6.957570	0.009643	0.000000	0.000000	0.000000	0.000000	0.049437	3.090231	1.055274	0.031733	0.020082	0.619094	0.443350	9.215785	0.058824	0.053191	0.015276	0.000000	331776.000000	12.712215	576.000000	576.000000	995328.000000	1.000000	0.000000	0.000000	0.000000	3.000000	3.327969	3.909235	4.242503	4.426901	4.729241	0.144429	0.354786	0.681899	1.000000	0.045318	0.129150	0.268000	0.412045	2.000000	7.000000	18.000000	52.000000	182.000000	0.000000	0.000000	0.031746	0.079365	0.000000	0.000000	0.000000	0.031746	12.712215	12.712215	12.712215	0.000000	0.000000	0.000000	0.467978	1.146129	1.288639	0.006906	0.026475	0.031733	0.000000	0.000000	16.012070	0.879262	11.000000
	cid22-train	2290070.png	cid22-train__2290070.png	medium	512	512	512	4609.125488	0.098579	0.056775	0.005970	0.003549	0.603271	0.115234	22.458300	0.512621	1.273788	2144.000000	0.065430	0.004040	0.003520	2.000000	0.010470	0.010890	6.000000	0.078559	3.860113	21.204102	2.441406	0.001953	0.000000	0.000000	0.000000	0.000000	0.437130	2.926671	1.358587	0.028896	0.010380	0.386719	0.398018	39.903446	0.002930	0.059431	0.005084	0.000000	262144.000000	12.476649	512.000000	512.000000	786432.000000	1.000000	0.000000	0.000000	0.000000	3.000000	2.593546	4.076820	5.133098	5.428275	5.649590	0.046854	0.149322	0.825425	1.000000	0.021677	0.039293	0.104128	0.227626	2.000000	5.000000	29.000000	154.000000	255.000000	0.000000	0.000000	0.015873	0.095238	0.000000	0.000000	0.000000	0.000000	12.476649	12.476649	12.476649	0.000000	0.000000	0.000000	1.129830	1.331173	1.452695	0.017071	0.024759	0.028896	0.000000	0.000000	22.034128	0.776247	12.000000
	size-dense-renders	4cd6910a0b7b39365fda5df87618d091__sz256.png	size-dense-renders__4cd6910a0b7b39365fda5df87618d091__sz256.png	small	256	256	128	1306.739380	0.243693	0.120758	0.000732	0.000420	0.382812	0.140625	39.660164	0.308916	0.770730	93.000000	0.002838	0.000460	0.016250	0.000000	0.000730	0.022900	0.000000	0.222568	2.453624	18.298828	2.980469	0.375000	0.000000	0.000000	0.000000	1.000000	0.931854	3.347005	1.575780	0.000000	0.000000	0.166016	0.000000	19.778713	0.376953	0.075676	0.005084	0.000000	32768.000000	10.397207	128.000000	256.000000	98304.000000	0.500000	0.693147	0.000000	0.000000	3.000000	4.283920	4.543614	4.670268	4.818740	4.934755	0.142115	0.985852	1.000000	1.000000	0.008173	0.019787	0.024556	0.030461	3.000000	33.000000	75.000000	146.000000	241.000000	0.000000	0.015873	0.079365	0.126984	0.000000	0.000000	0.000000	0.000000	10.397207	10.397207	10.397207	0.000000	0.000000	0.000000	0.000000	0.000000	0.000000	0.000000	0.000000	0.000000	0.000000	0.000000	4.074400	0.694312	7.000000
	size-dense-renders	1e2f9d41529197f10d32bfa68a1e0bcc__sz1536.png	size-dense-renders__1e2f9d41529197f10d32bfa68a1e0bcc__sz1536.png	large	1536	1536	1024	2757.407227	0.679288	0.131531	0.066028	0.027290	0.000000	0.000000	73.863716	4.160559	0.610881	2176.000000	0.066406	0.119680	0.137980	3.000000	0.137740	0.157000	6.000000	0.120433	4.290963	63.204102	38.619141	0.000000	0.000000	0.000000	0.000000	0.000000	0.003352	4.919449	0.306450	1.000000	0.548626	0.416016	0.542304	23.272652	0.000000	0.262184	0.093269	0.000000	1572864.000000	14.268409	1024.000000	1536.000000	4718592.000000	0.666667	0.405465	0.000000	0.000000	3.000000	4.978304	5.160579	5.263649	5.313076	5.378174	1.000000	1.000000	1.000000	1.000000	0.660478	0.782269	0.916527	1.000000	35.000000	63.000000	96.000000	157.000000	255.000000	0.206349	0.238095	0.269841	0.301587	0.063492	0.079365	0.095238	0.111111	14.268409	14.268409	14.268409	0.000000	3.000000	6.000000	4.063071	4.351424	4.483430	0.701406	1.000000	1.000000	0.126984	0.174603	1.463290	0.865432	12.000000
	cid22-train	pexels-photo-1075776.png	cid22-train__pexels-photo-1075776.png	medium	512	512	512	5208.581543	0.213549	0.260209	0.014985	0.014737	0.225342	0.014648	92.692101	0.719544	1.045735	8317.000000	0.253815	0.009740	0.014530	3.000000	0.070120	0.089550	20.000000	0.092322	4.720424	33.366211	23.045898	0.001953	0.000000	0.000000	0.000000	0.000000	0.007839	3.905939	1.076029	0.107402	0.038021	0.481445	0.047626	28.762480	0.006836	0.109499	0.033622	0.000000	262144.000000	12.476649	512.000000	512.000000	786432.000000	1.000000	0.000000	0.000000	0.000000	3.000000	4.099540	4.731177	5.210659	5.337697	5.498238	0.304904	0.811827	1.000000	1.000000	0.082908	0.222461	0.506691	0.873488	7.000000	22.000000	56.000000	149.000000	255.000000	0.000000	0.031746	0.095238	0.174603	0.000000	0.000000	0.031746	0.047619	12.476649	12.476649	12.476649	0.000000	0.000000	0.000000	1.228851	1.768892	2.322188	0.025332	0.053899	0.107402	0.000000	0.000000	11.711164	0.850980	14.000000
	cid22-train	pexels-photo-6096399.png	cid22-train__pexels-photo-6096399.png	medium	512	512	512	785.293762	0.047208	0.031889	0.001785	0.001526	0.682373	0.232422	16.249210	0.118803	1.815295	911.000000	0.027802	0.000240	0.000380	0.000000	0.000950	0.001170	0.000000	0.202888	3.384350	4.241211	0.724609	0.073242	0.000000	0.000000	0.000000	0.000000	0.085945	2.464787	1.163806	0.017100	0.000000	0.232422	0.577164	12.381254	0.131836	0.025670	0.001473	0.000000	262144.000000	12.476649	512.000000	512.000000	786432.000000	1.000000	0.000000	0.000000	0.000000	3.000000	2.624733	3.253304	3.933712	4.186486	4.687944	0.047526	0.135505	0.304721	0.605494	0.007508	0.027607	0.050004	0.085658	2.000000	7.000000	18.000000	68.000000	255.000000	0.000000	0.000000	0.000000	0.031746	0.000000	0.000000	0.000000	0.000000	12.476649	12.476649	12.476649	0.000000	0.000000	0.000000	0.000000	0.000000	0.859402	0.000000	0.000000	0.017100	0.000000	0.000000	33.565521	0.667601	10.000000
	size-dense-renders	22ea12c903e41583b7c469cb86040157__sz192.png	size-dense-renders__22ea12c903e41583b7c469cb86040157__sz192.png	small	192	154	192	1486.094482	0.103001	0.244412	0.007739	0.010308	0.589912	0.065789	105.624786	0.081938	1.186738	1145.000000	0.038724	0.016450	0.015230	3.000000	0.179120	0.222330	28.000000	0.056816	3.592137	16.188597	22.543859	0.008772	0.000000	0.000000	0.000000	0.000000	0.008624	2.943113	1.298596	0.037188	0.024554	0.506579	0.048295	22.970652	0.004386	0.046575	0.025480	0.000000	29568.000000	10.294448	154.000000	192.000000	88704.000000	0.802083	0.220543	0.038961	0.038961	3.000000	2.488551	4.175177	4.866163	5.160475	5.297874	0.062532	0.134717	0.937610	1.000000	0.051483	0.104733	0.512035	1.000000	1.000000	9.000000	30.000000	91.000000	255.000000	0.000000	0.000000	0.015873	0.079365	0.000000	0.000000	0.015873	0.031746	10.332669	10.332669	10.332669	0.000000	0.000000	0.000000	0.903091	1.168792	1.458637	0.016957	0.025069	0.037188	0.000000	0.000000	15.515532	0.826570	11.000000
	size-dense-renders	22ea12c903e41583b7c469cb86040157__sz1536.png	size-dense-renders__22ea12c903e41583b7c469cb86040157__sz1536.png	large	1536	1229	1536	1666.010010	0.043428	0.250485	0.002788	0.003789	0.789318	0.294526	108.004158	0.184213	1.764024	2743.000000	0.083710	0.000910	0.001090	0.000000	0.012380	0.016150	8.000000	0.075734	3.715492	5.194286	5.279047	0.003810	0.000000	0.000000	0.000000	0.000000	0.014789	2.203592	1.114108	0.018303	0.007234	0.220000	0.048170	16.723698	0.004762	0.019380	0.005956	0.000000	1887744.000000	14.450893	1229.000000	1536.000000	5663232.000000	0.800130	0.222981	0.002441	0.015460	3.000000	1.824451	2.717671	4.192588	4.435182	4.973065	0.024248	0.054930	0.166613	0.951511	0.021591	0.035728	0.071382	0.280387	1.000000	3.000000	9.000000	56.000000	233.000000	0.000000	0.000000	0.000000	0.015873	0.000000	0.000000	0.000000	0.000000	14.453331	14.453331	14.466234	0.000000	0.000000	0.000000	0.600361	1.074062	1.186374	0.007450	0.014369	0.018303	0.000000	0.000000	42.432037	0.638431	12.000000
	size-dense-renders	26103251787_d8635e260d_o__sz192.png	size-dense-renders__26103251787_d8635e260d_o__sz192.png	small	192	192	192	1550.881714	0.195115	0.146598	0.014635	0.013395	0.192708	0.013889	52.422508	0.293181	1.143054	924.000000	0.028198	0.027210	0.016150	3.000000	0.146520	0.086400	15.000000	0.130909	3.797078	24.008680	12.520833	0.003472	0.000000	0.000000	0.000000	0.000000	0.257487	3.817569	0.897511	0.153411	0.027580	0.270833	0.037028	28.927622	0.000000	0.111304	0.019483	0.000000	36864.000000	10.514991	192.000000	192.000000	110592.000000	1.000000	0.000000	0.000000	0.000000	3.000000	3.764956	4.473258	5.030624	5.274716	5.436860	0.274610	0.528706	1.000000	1.000000	0.043944	0.071875	0.202652	1.000000	8.000000	23.000000	63.000000	152.000000	255.000000	0.000000	0.031746	0.079365	0.174603	0.000000	0.000000	0.000000	0.015873	10.514991	10.514991	10.514991	0.000000	0.000000	0.000000	1.556305	2.275887	2.684831	0.039065	0.098690	0.153411	0.000000	0.000000	9.367064	0.761580	10.000000
	size-dense-renders	22ea12c903e41583b7c469cb86040157__sz320.png	size-dense-renders__22ea12c903e41583b7c469cb86040157__sz320.png	medium	320	256	320	1534.225220	0.083213	0.246275	0.006170	0.008222	0.618750	0.113281	106.287521	0.095152	1.276331	1534.000000	0.046814	0.009190	0.009670	3.000000	0.102580	0.126350	26.000000	0.065543	3.633630	10.955469	15.586719	0.008594	0.000000	0.000000	0.000000	0.000000	0.007764	2.662001	1.309341	0.026694	0.024050	0.325781	0.046338	21.205193	0.010156	0.039137	0.017274	0.000000	81920.000000	11.313498	256.000000	320.000000	245760.000000	0.800000	0.223144	0.000000	0.000000	3.000000	2.341156	3.884951	4.587090	4.921992	5.207851	0.041953	0.100734	0.660022	1.000000	0.037221	0.065450	0.316064	1.000000	1.000000	6.000000	24.000000	83.000000	255.000000	0.000000	0.000000	0.000000	0.063492	0.000000	0.000000	0.000000	0.031746	11.313498	11.313498	11.313498	0.000000	0.000000	0.000000	0.467979	0.974858	1.210435	0.006597	0.017472	0.026694	0.000000	0.000000	17.810837	0.778353	11.000000
	size-dense-renders	1e2f9d41529197f10d32bfa68a1e0bcc__sz160.png	size-dense-renders__1e2f9d41529197f10d32bfa68a1e0bcc__sz160.png	small	160	160	107	294.076630	0.578133	0.034471	0.026998	0.011814	0.000000	0.000000	44.637543	0.402434	0.445096	246.000000	0.014369	0.035740	0.034650	0.000000	0.044380	0.042220	0.000000	1.366748	2.945110	11.130769	3.784615	0.000000	0.000000	0.000000	0.000000	1.000000	0.000000	4.097554	0.107691	0.440319	0.109871	0.000000	0.753906	10.828373	0.000000	0.153358	0.002015	0.000000	17120.000000	9.748003	107.000000	160.000000	51360.000000	0.668750	0.402345	0.046729	0.196262	3.000000	4.103838	4.166636	4.244205	4.273683	4.320375	0.500312	0.574500	0.669316	0.736944	0.125952	0.145661	0.163561	0.184464	38.000000	63.000000	90.000000	144.000000	240.000000	0.095238	0.126984	0.158730	0.190476	0.000000	0.000000	0.000000	0.000000	9.793673	9.793673	9.927204	0.000000	3.000000	7.000000	3.835777	3.915260	3.969544	0.338383	0.401163	0.440319	0.079365	0.079365	1.264985	0.415456	8.000000
	cid22-train	EPICA Delta D Plot.png	cid22-train__EPICA Delta D Plot.png	medium	512	512	512	997.368774	0.155357	0.059388	0.006209	0.010135	0.591309	0.582031	22.187399	1.398426	1.173035	410.000000	0.012512	0.018030	0.002210	2.000000	0.343000	0.045440	61.000000	0.405494	1.190122	21.146484	6.707031	0.789062	0.000000	0.000000	0.000000	0.000000	0.939423	1.779265	2.226907	0.000000	0.000000	0.041016	0.014473	40.199444	0.815430	0.076001	0.013920	0.000000	262144.000000	12.476649	512.000000	512.000000	786432.000000	1.000000	0.000000	0.000000	0.000000	3.000000	0.000000	4.208179	4.864071	5.182388	5.516133	0.000000	0.000000	0.897757	1.000000	0.000000	0.000000	0.000000	0.691038	0.000000	0.000000	76.000000	240.000000	255.000000	0.000000	0.000000	0.000000	0.095238	0.000000	0.000000	0.000000	0.000000	12.476649	12.476649	12.476649	0.000000	0.000000	0.000000	0.000000	0.000000	0.000000	0.000000	0.000000	0.000000	0.000000	0.000000	10.654034	0.295396	9.000000
	cid22-train	pexels-photo-3680501.png	cid22-train__pexels-photo-3680501.png	medium	512	512	512	835.578613	0.156560	0.082900	0.008859	0.009198	0.277344	0.000000	38.463566	0.660722	1.255453	2062.000000	0.062927	0.005790	0.003930	1.000000	0.024020	0.024060	4.000000	0.288097	2.917771	12.272461	7.193359	0.000000	0.000000	0.000000	0.000000	0.000000	0.022072	3.548481	0.694380	0.110999	0.054472	0.061523	0.069817	25.454712	0.000000	0.064608	0.014772	0.000000	262144.000000	12.476649	512.000000	512.000000	786432.000000	1.000000	0.000000	0.000000	0.000000	3.000000	3.312587	4.029337	4.670839	4.984936	5.298074	0.143267	0.217776	0.624202	1.000000	0.070988	0.115892	0.232706	0.345091	14.000000	27.000000	49.000000	146.000000	255.000000	0.000000	0.000000	0.015873	0.111111	0.000000	0.000000	0.000000	0.031746	12.476649	12.476649	12.476649	0.000000	1.000000	2.000000	2.529699	2.719111	2.841506	0.072561	0.095209	0.110999	0.000000	0.000000	14.916611	0.456636	12.000000
	cid22-train	pexels-photo-4577831.png	cid22-train__pexels-photo-4577831.png	medium	512	512	512	2298.945557	0.106330	0.110356	0.003328	0.003567	0.242188	0.059082	46.419273	0.192964	1.285771	1402.000000	0.042786	0.000400	0.001800	0.000000	0.003120	0.013470	1.000000	0.109146	4.202125	13.979492	5.573242	0.016602	0.000000	0.000000	0.000000	0.000000	0.011929	3.440389	0.997935	0.081980	0.019095	0.536133	0.523743	14.181752	0.047852	0.068189	0.010618	0.000000	262144.000000	12.476649	512.000000	512.000000	786432.000000	1.000000	0.000000	0.000000	0.000000	3.000000	3.615398	4.103770	4.484795	4.667186	5.034966	0.249873	0.472084	0.850514	1.000000	0.045382	0.091956	0.207650	0.337080	5.000000	14.000000	28.000000	75.000000	255.000000	0.000000	0.031746	0.063492	0.095238	0.000000	0.000000	0.000000	0.015873	12.476649	12.476649	12.476649	0.000000	0.000000	0.000000	0.000000	1.204123	2.054936	0.000000	0.027881	0.081980	0.000000	0.000000	18.837540	0.833268	11.000000
	cid22-train	pexels-photo-1933873.png	cid22-train__pexels-photo-1933873.png	medium	512	512	512	3747.434570	0.137270	0.091433	0.005262	0.005421	0.317139	0.047607	36.014740	0.304888	1.137433	2417.000000	0.073761	0.001230	0.001010	0.000000	0.009830	0.006900	2.000000	0.087308	4.364506	20.622070	5.312500	0.000000	0.000000	0.000000	0.000000	0.000000	0.117920	3.574869	1.041781	0.079853	0.015793	0.634766	0.298073	19.582352	0.053711	0.076079	0.009611	0.000000	262144.000000	12.476649	512.000000	512.000000	786432.000000	1.000000	0.000000	0.000000	0.000000	3.000000	3.728271	4.347186	4.829496	5.016224	5.262243	0.211301	0.525798	1.000000	1.000000	0.036112	0.078403	0.182420	0.335302	3.000000	11.000000	32.000000	106.000000	255.000000	0.000000	0.015873	0.063492	0.111111	0.000000	0.000000	0.000000	0.015873	12.476649	12.476649	12.476649	0.000000	0.000000	0.000000	0.941231	1.666869	2.041145	0.019386	0.048866	0.079853	0.000000	0.000000	19.835693	0.875041	12.000000
	gb82-photo	sumac-lossless.png	gb82-photo__sumac-lossless.png	medium	576	576	576	4023.290771	0.175453	0.094947	0.010025	0.008192	0.080440	0.002315	46.157352	0.172936	1.034929	2625.000000	0.080109	0.002480	0.001830	0.000000	0.010320	0.008310	2.000000	0.029281	4.506247	29.260366	11.648024	0.002893	0.000000	0.000000	0.000000	0.000000	0.003656	4.099555	0.709962	0.297529	0.069717	0.904532	0.644745	13.203901	0.007715	0.096570	0.024628	0.000000	331776.000000	12.712215	576.000000	576.000000	995328.000000	1.000000	0.000000	0.000000	0.000000	3.000000	4.184922	4.676839	4.947919	5.085399	5.243891	0.493216	0.968077	1.000000	1.000000	0.107842	0.168713	0.307962	0.519599	5.000000	11.000000	23.000000	70.000000	255.000000	0.031746	0.047619	0.079365	0.126984	0.000000	0.000000	0.015873	0.031746	12.712215	12.712215	12.712215	0.000000	0.000000	0.000000	2.046727	2.932910	3.173182	0.080092	0.225179	0.297529	0.000000	0.015873	23.849789	0.956941	12.000000
	clic-train	3140d643a1f57e80ff265507984d95a0.png	clic-train__3140d643a1f57e80ff265507984d95a0.png	large	2048	2048	1152	1591.282715	0.020350	0.096442	0.003827	0.003381	0.701280	0.155599	40.775356	0.123842	1.866945	5395.000000	0.164642	0.001670	0.003580	2.000000	0.008850	0.014780	9.000000	0.076883	4.086509	4.982422	2.785156	0.000000	0.000000	0.000000	0.000000	0.000000	0.041727	2.571013	0.963015	0.029351	0.013334	0.416992	0.050242	15.070815	0.009766	0.026832	0.005286	0.000000	2359296.000000	14.673874	1152.000000	2048.000000	7077888.000000	0.562500	0.575364	0.000000	0.000000	3.000000	2.497966	3.270034	3.915650	4.229445	4.934301	0.054833	0.132289	0.325665	0.714915	0.021229	0.038507	0.094645	0.196037	1.000000	4.000000	9.000000	39.000000	226.000000	0.000000	0.000000	0.015873	0.031746	0.000000	0.000000	0.000000	0.000000	14.673874	14.673874	14.673874	0.000000	0.000000	0.000000	0.777018	1.179247	1.368461	0.010727	0.020992	0.029351	0.000000	0.000000	59.021168	0.798885	13.000000
	size-dense-renders	b939ac34faa94b5d0e753d570edc7048__sz320.png	size-dense-renders__b939ac34faa94b5d0e753d570edc7048__sz320.png	small	320	320	152	3111.452393	0.299612	0.195228	0.015621	0.021867	0.235526	0.073684	76.721153	0.386203	0.877815	4547.000000	0.138763	0.018600	0.045400	4.000000	0.248130	0.447540	40.000000	0.132397	4.238156	32.610527	36.068420	0.018421	0.000000	0.000000	0.000000	0.000000	0.028392	3.859829	1.285010	0.053059	0.020169	0.409211	0.236143	21.515755	0.034211	0.137928	0.053864	0.000000	48640.000000	10.792201	152.000000	320.000000	145920.000000	0.475000	0.744440	0.000000	0.052632	3.000000	4.375641	4.800394	5.016323	5.122455	5.277747	0.281422	1.000000	1.000000	1.000000	0.058408	0.489991	0.973109	1.000000	8.000000	34.000000	71.000000	151.000000	255.000000	0.000000	0.015873	0.142857	0.222222	0.000000	0.000000	0.047619	0.095238	10.792201	10.843494	10.843494	0.000000	0.000000	0.000000	0.000000	1.144188	1.832110	0.000000	0.024393	0.053059	0.000000	0.000000	5.221952	0.814531	13.000000
	size-dense-renders	22ea12c903e41583b7c469cb86040157__sz256.png	size-dense-renders__22ea12c903e41583b7c469cb86040157__sz256.png	small	256	205	256	1513.470215	0.090369	0.245517	0.006723	0.009000	0.602500	0.083750	106.013908	0.086513	1.262352	1368.000000	0.041748	0.011970	0.014950	2.000000	0.131550	0.220490	22.000000	0.052520	3.614823	15.000000	20.676250	0.002500	0.000000	0.000000	0.000000	0.000000	0.007870	2.803533	1.324628	0.028372	0.024924	0.416250	0.046532	21.210581	0.000000	0.041488	0.019524	0.000000	52480.000000	10.868187	205.000000	256.000000	157440.000000	0.800781	0.222167	0.014634	0.092683	3.000000	2.463520	3.919260	4.855186	5.082466	5.383836	0.051659	0.118582	0.663811	1.000000	0.042552	0.076973	0.391355	1.000000	1.000000	7.000000	27.000000	81.000000	255.000000	0.000000	0.000000	0.000000	0.079365	0.000000	0.000000	0.000000	0.031746	10.882715	10.882715	10.956823	0.000000	0.000000	0.000000	0.698969	1.128319	1.228849	0.012130	0.022611	0.028372	0.000000	0.000000	17.204920	0.801919	11.000000
	size-dense-renders	22ea12c903e41583b7c469cb86040157__sz32.png	size-dense-renders__22ea12c903e41583b7c469cb86040157__sz32.png	tiny	32	26	32	1090.676147	0.260645	0.225876	0.018799	0.024656	0.083333	0.000000	99.033005	0.048637	0.661574	235.000000	0.282452	0.048530	0.114610	1.000000	0.506030	1.599480	23.000000	0.274588	3.398214	22.500000	63.083332	0.000000	0.000000	0.000000	0.000000	1.000000	0.032452	4.097857	0.635433	0.369954	0.458960	0.500000	0.067308	22.011328	0.000000	0.109788	0.079365	0.000000	832.000000	6.723833	26.000000	32.000000	2496.000000	0.812500	0.207639	0.230769	0.230769	3.000000																											6.931472	6.931472	6.931472	0.000000	0.000000	0.000000										0.847212	8.000000
	cid22-train	2387532-srgb.png	cid22-train__2387532-srgb.png	medium	512	512	512	977.049988	0.158731	0.000000	0.000000	0.000000	0.475586	0.286377	0.000000	0.643340	0.891420	26.000000	0.000793	0.000000	0.000000	0.000000	0.000000	0.000000	0.000000	0.135897	2.637923	21.002930	0.000000	0.441406	0.000000	0.000000	0.000000	1.000000	1.000000	2.996068	1.808451	0.000000	0.000000	0.346680	0.000000	23.978256	0.247070	0.089828	0.000000	1.000000	262144.000000	12.476649	512.000000	512.000000	786432.000000	1.000000	0.000000	0.000000	0.000000	3.000000	3.240514	4.721570	5.042914	5.110062	5.204935	0.025007	0.297696	1.000000	1.000000	0.000000	0.000000	0.000000	0.000000	1.000000	7.000000	56.000000	158.000000	255.000000	0.000000	0.000000	0.031746	0.190476	0.000000	0.000000	0.000000	0.000000	12.476649	12.476649	12.476649	0.000000	0.000000	0.000000	0.000000	0.000000	0.000000	0.000000	0.000000	0.000000	0.000000	0.000000	10.649012	0.660909	5.000000
	size-dense-renders	26103251787_d8635e260d_o__sz256.png	size-dense-renders__26103251787_d8635e260d_o__sz256.png	medium	256	256	256	1623.674438	0.175840	0.148169	0.012745	0.011847	0.231445	0.011719	52.952774	0.317605	1.057134	1135.000000	0.034637	0.017720	0.010750	2.000000	0.096340	0.062840	11.000000	0.105665	3.792222	24.985352	13.593750	0.003906	0.000000	0.000000	0.000000	0.000000	0.258545	3.762277	0.946251	0.134162	0.027626	0.309570	0.038574	27.278543	0.001953	0.106616	0.017563	0.000000	65536.000000	11.090355	256.000000	256.000000	196608.000000	1.000000	0.000000	0.000000	0.000000	3.000000	3.717899	4.489002	5.089661	5.292475	5.468849	0.260952	0.508569	1.000000	1.000000	0.043018	0.073646	0.173760	1.000000	6.000000	19.000000	54.000000	142.000000	255.000000	0.000000	0.031746	0.079365	0.174603	0.000000	0.000000	0.000000	0.015873	11.090355	11.090355	11.090355	0.000000	0.000000	0.000000	1.462399	2.209472	2.560486	0.031999	0.082593	0.134162	0.000000	0.000000	12.583942	0.785771	11.000000
	size-dense-renders	22ea12c903e41583b7c469cb86040157__sz160.png	size-dense-renders__22ea12c903e41583b7c469cb86040157__sz160.png	small	160	128	160	1462.897583	0.119893	0.243406	0.008278	0.011050	0.581250	0.050000	105.260712	0.074432	1.234004	1026.000000	0.050098	0.017430	0.017090	2.000000	0.189130	0.232850	23.000000	0.055226	3.592309	17.462500	25.315624	0.000000	0.000000	0.000000	0.000000	0.000000	0.007959	3.040312	1.271908	0.044665	0.026884	0.556250	0.048193	21.570036	0.000000	0.047917	0.029216	0.000000	20480.000000	9.927204	128.000000	160.000000	61440.000000	0.800000	0.223144	0.000000	0.000000	3.000000	2.687529	4.310249	4.753653	5.121827	5.463933	0.069289	0.156664	1.000000	1.000000	0.066954	0.138764	0.703858	1.000000	1.000000	10.000000	34.000000	92.000000	224.000000	0.000000	0.000000	0.015873	0.079365	0.000000	0.000000	0.015873	0.047619	9.927204	9.927204	9.927204	0.000000	0.000000	0.000000	0.965406	1.273003	1.630938	0.020177	0.029487	0.044665	0.000000	0.000000	12.871193	0.842167	11.000000
	size-dense-renders	26103251787_d8635e260d_o__sz32.png	size-dense-renders__26103251787_d8635e260d_o__sz32.png	tiny	32	32	32	770.868835	0.298647	0.121134	0.024981	0.022423	0.062500	0.000000	43.869370	0.103000	0.630500	209.000000	0.204102	0.069710	0.071900	1.000000	0.336960	0.348170	7.000000	0.520255	3.383292	24.187500	15.125000	0.000000	0.000000	0.000000	0.000000	1.000000	0.173828	4.018939	0.589200	0.253983	0.048730	0.062500	0.023438	24.579048	0.000000	0.160714	0.022817	0.000000	1024.000000	6.931472	32.000000	32.000000	3072.000000	1.000000	0.000000	0.000000	0.000000	3.000000																											6.931472	6.931472	6.931472	0.000000	0.000000	0.000000										0.707883	8.000000
	gb82-photo	nyc-lossless.png	gb82-photo__nyc-lossless.png	medium	576	576	576	4343.636719	0.108392	0.030280	0.004055	0.003201	0.406057	0.015239	10.786407	0.247641	1.147701	624.000000	0.019043	0.000740	0.001000	0.000000	0.002780	0.003380	0.000000	0.233498	4.444488	8.435873	1.135005	0.000000	0.000000	0.000000	0.000000	0.000000	0.205488	3.197317	0.869227	0.065985	0.019491	0.451302	0.041733	11.390346	0.012536	0.057446	0.001791	0.000000	331776.000000	12.712215	576.000000	576.000000	995328.000000	1.000000	0.000000	0.000000	0.000000	3.000000	3.382186	3.902566	4.213476	4.398543	4.640051	0.142403	0.354415	0.621028	0.920762	0.024781	0.043458	0.072094	0.113670	3.000000	13.000000	32.000000	82.000000	230.000000	0.000000	0.015873	0.031746	0.095238	0.000000	0.000000	0.000000	0.000000	12.712215	12.712215	12.712215	0.000000	0.000000	0.000000	1.310428	1.667306	1.885078	0.028347	0.048727	0.065985	0.000000	0.000000	12.150380	0.835866	10.000000
	cid22-train	7062177.png	cid22-train__7062177.png	medium	512	512	512	3926.433350	0.215544	0.109023	0.008449	0.009976	0.218018	0.035156	47.040226	0.519511	1.173810	3609.000000	0.110138	0.004750	0.003200	1.000000	0.045570	0.032530	13.000000	0.123309	4.410271	26.441406	9.803711	0.001953	0.000000	0.000000	0.000000	0.000000	0.022892	3.825379	1.005873	0.110877	0.021015	0.611328	0.331070	22.620548	0.010742	0.096478	0.016493	0.000000	262144.000000	12.476649	512.000000	512.000000	786432.000000	1.000000	0.000000	0.000000	0.000000	3.000000	4.056175	4.618268	4.956216	5.116711	5.275259	0.302113	0.803317	1.000000	1.000000	0.054216	0.102408	0.243744	0.545429	6.000000	20.000000	47.000000	130.000000	255.000000	0.000000	0.031746	0.079365	0.142857	0.000000	0.000000	0.000000	0.015873	12.476649	12.476649	12.476649	0.000000	0.000000	0.000000	1.224016	1.883570	2.341311	0.025928	0.063669	0.110877	0.000000	0.000000	11.535996	0.873210	12.000000
	size-dense-renders	b939ac34faa94b5d0e753d570edc7048__sz384.png	size-dense-renders__b939ac34faa94b5d0e753d570edc7048__sz384.png	medium	384	384	182	3240.356934	0.283750	0.199476	0.014894	0.020855	0.251894	0.088068	78.557625	0.451074	0.873424	5136.000000	0.156738	0.016490	0.036550	4.000000	0.213150	0.389720	28.000000	0.129010	4.243880	32.013256	34.836174	0.022727	0.000000	0.000000	0.000000	0.000000	0.028417	3.808949	1.334602	0.036681	0.020616	0.401515	0.228723	22.281223	0.040720	0.134936	0.052549	0.000000	69888.000000	11.154649	182.000000	384.000000	209664.000000	0.473958	0.746636	0.010989	0.054945	3.000000	4.337977	4.812098	5.027051	5.116921	5.279859	0.246032	1.000000	1.000000	1.000000	0.053372	0.443443	0.957677	1.000000	7.000000	33.000000	70.000000	152.000000	255.000000	0.000000	0.015873	0.126984	0.222222	0.000000	0.000000	0.047619	0.095238	11.165578	11.208138	11.208138	0.000000	0.000000	0.000000	0.000000	0.974858	1.505151	0.000000	0.018854	0.036681	0.000000	0.000000	5.891380	0.805241	13.000000
	size-dense-renders	b939ac34faa94b5d0e753d570edc7048__sz40.png	size-dense-renders__b939ac34faa94b5d0e753d570edc7048__sz40.png	tiny	40	40	19	2358.399170	0.653846	0.164018	0.031330	0.041862	0.000000	0.000000	67.255798	0.126234	0.397435	468.000000	0.615789	0.035340	0.142100	1.000000	0.313150	1.806040	12.000000	0.146982	4.084837	59.500000	52.200001	0.000000	0.000000	0.000000	0.000000	0.000000	0.038158	4.829593	0.236036	1.000000	0.566665	0.500000	0.195312	19.565733	0.000000	0.234921	0.100000	0.000000	760.000000	6.633318	19.000000	40.000000	2280.000000	0.475000	0.744440	0.263158	1.694737	3.000000																											6.866933	7.336937	7.624619	0.000000	0.000000	0.000000										0.844486	9.000000
	size-dense-renders	b939ac34faa94b5d0e753d570edc7048__sz48.png	size-dense-renders__b939ac34faa94b5d0e753d570edc7048__sz48.png	tiny	48	48	23	2024.463013	0.594415	0.182561	0.035588	0.046580	0.000000	0.000000	74.731018	0.115536	0.481538	587.000000	0.531703	0.037130	0.110740	1.000000	0.391980	1.676730	20.000000	0.203718	4.115069	47.666668	78.166664	0.000000	0.000000	0.000000	0.000000	0.000000	0.034420	4.720942	0.193138	1.000000	0.868245	0.416667	0.209635	17.887777	0.000000	0.253968	0.113757	0.000000	1104.000000	7.006695	23.000000	48.000000	3312.000000	0.479167	0.735707	0.043478	0.855072	3.000000																											7.049255	7.336937	7.624619	0.000000	0.000000	0.000000										0.811811	10.000000
	cid22-train	pexels-photo-635405.png	cid22-train__pexels-photo-635405.png	medium	512	512	512	2161.793457	0.153588	0.127529	0.019915	0.010930	0.101074	0.000000	46.294537	0.433062	1.248025	5621.000000	0.171539	0.016700	0.004900	2.000000	0.037680	0.006970	7.000000	0.039403	4.258719	28.681641	16.842773	0.000000	0.000000	0.000000	0.000000	0.000000	0.029312	4.024562	0.727529	0.290169	0.069174	0.912109	0.130386	30.958929	0.000000	0.091952	0.031917	0.000000	262144.000000	12.476649	512.000000	512.000000	786432.000000	1.000000	0.000000	0.000000	0.000000	3.000000	3.943345	4.502850	5.155072	5.374272	5.560353	0.459759	0.728174	1.000000	1.000000	0.133844	0.261693	0.493435	0.773296	5.000000	13.000000	38.000000	126.000000	255.000000	0.031746	0.047619	0.079365	0.126984	0.000000	0.015873	0.031746	0.047619	12.476649	12.476649	12.476649	0.000000	0.000000	0.000000	2.568128	2.876470	3.132375	0.145486	0.210622	0.290169	0.000000	0.015873	17.407974	0.956895	13.000000
	size-dense-renders	22ea12c903e41583b7c469cb86040157__sz384.png	size-dense-renders__22ea12c903e41583b7c469cb86040157__sz384.png	medium	384	307	384	1549.541626	0.079123	0.246797	0.005579	0.007461	0.647478	0.141447	106.473183	0.111285	1.410401	1738.000000	0.053040	0.007280	0.008150	1.000000	0.083180	0.113160	16.000000	0.064928	3.634942	10.409539	13.308662	0.010417	0.000000	0.000000	0.000000	0.000000	0.008593	2.555948	1.310633	0.023521	0.022540	0.252741	0.046171	20.580156	0.017544	0.034748	0.014237	0.000000	117888.000000	11.677490	307.000000	384.000000	353664.000000	0.799479	0.223795	0.016287	0.042345	3.000000	2.272386	3.668939	4.509990	4.926842	5.263196	0.035002	0.094085	0.485959	1.000000	0.033886	0.056011	0.240835	0.881282	1.000000	5.000000	24.000000	79.000000	255.000000	0.000000	0.000000	0.000000	0.063492	0.000000	0.000000	0.000000	0.015873	11.693645	11.718964	11.718964	0.000000	0.000000	0.000000	0.467977	0.941234	1.160899	0.005629	0.016045	0.023521	0.000000	0.000000	20.659195	0.743965	11.000000
	size-dense-renders	22ea12c903e41583b7c469cb86040157__sz40.png	size-dense-renders__22ea12c903e41583b7c469cb86040157__sz40.png	tiny	40	32	40	1181.010620	0.259719	0.230505	0.016305	0.021304	0.100000	0.000000	100.681541	0.059264	0.778064	303.000000	0.236719	0.035680	0.051230	1.000000	0.369610	0.683500	14.000000	0.192295	3.617257	21.950001	47.750000	0.000000	0.000000	0.000000	0.000000	0.000000	0.018750	3.935137	0.773324	0.293972	0.318444	0.400000	0.069531	26.636183	0.000000	0.109524	0.069048	0.000000	1280.000000	7.154615	32.000000	40.000000	3840.000000	0.800000	0.223144	0.000000	0.600000	3.000000																											7.154615	7.336937	7.624619	0.000000	0.000000	0.000000										0.889851	9.000000
	size-dense-renders	22ea12c903e41583b7c469cb86040157__sz48.png	size-dense-renders__22ea12c903e41583b7c469cb86040157__sz48.png	tiny	48	38	48	1229.230957	0.225992	0.233121	0.014887	0.019510	0.166667	0.041667	101.611458	0.057141	0.789172	369.000000	0.202303	0.032000	0.050970	1.000000	0.343230	0.683390	15.000000	0.114488	3.462950	25.833334	48.500000	0.000000	0.000000	0.000000	0.000000	0.000000	0.023026	3.988979	0.918369	0.196065	0.198625	0.583333	0.057018	24.376368	0.000000	0.101190	0.060185	0.000000	1824.000000	7.508787	38.000000	48.000000	5472.000000	0.791667	0.233615	0.052632	1.245614	3.000000														3.000000	25.000000	55.000000	136.000000	219.000000									7.560081	7.742402	8.317766	0.000000	0.000000	0.000000									10.581923	0.884317	9.000000
	gb82-photo	sunset-lossless.png	gb82-photo__sunset-lossless.png	medium	576	576	576	2540.157471	0.010117	0.172800	0.002888	0.002163	0.854360	0.132716	70.863914	0.036599	1.943198	1467.000000	0.044769	0.001030	0.003230	1.000000	0.004020	0.011690	4.000000	0.044204	3.244935	3.355834	4.656702	0.001929	0.000000	0.000000	0.000000	0.000000	0.000567	2.333702	0.767531	0.034626	0.003102	0.436837	0.182310	29.798237	0.001929	0.013837	0.006597	0.000000	331776.000000	12.712215	576.000000	576.000000	995328.000000	1.000000	0.000000	0.000000	0.000000	3.000000	2.205770	2.758912	3.294631	3.642737	5.076201	0.051230	0.096461	0.185181	0.347558	0.020663	0.056242	0.115632	0.213740	1.000000	3.000000	5.000000	26.000000	255.000000	0.000000	0.000000	0.000000	0.015873	0.000000	0.000000	0.000000	0.015873	12.712215	12.712215	12.712215	0.000000	0.000000	0.000000	0.951214	1.399834	1.553087	0.015157	0.028187	0.034626	0.000000	0.000000	276.380585	0.805060	11.000000
	clic-1024-train	d79d465ac77c36518e0f0d626bf97ec4.png	clic-1024-train__d79d465ac77c36518e0f0d626bf97ec4.png	large	1024	1024	1024	7318.682129	0.108830	0.038733	0.000539	0.000395	0.631348	0.164795	13.366982	1.363066	1.593500	459.000000	0.014008	0.000050	0.000050	0.000000	0.000210	0.000210	0.000000	0.434952	4.253753	11.050781	0.078125	0.038086	0.000000	0.000000	0.000000	0.000000	0.738871	2.844033	1.229364	0.029581	0.000000	0.235352	0.000099	31.126448	0.056641	0.063260	0.000109	0.000000	1048576.000000	13.862944	1024.000000	1024.000000	3145728.000000	1.000000	0.000000	0.000000	0.000000	3.000000	2.710065	3.734715	4.585131	4.927979	5.297959	0.060773	0.162537	0.529008	1.000000	0.000000	0.000000	0.020654	0.029962	3.000000	10.000000	30.000000	176.000000	255.000000	0.000000	0.000000	0.015873	0.079365	0.000000	0.000000	0.000000	0.000000	13.862944	13.862944	13.862944	0.000000	0.000000	0.000000	0.000000	0.676693	1.320921	0.000000	0.011793	0.029581	0.000000	0.000000	25.837130	0.658117	9.000000
	cid22-train	Lungs-Cross-Section-Illustration.png	cid22-train__Lungs-Cross-Section-Illustration.png	medium	512	512	512	8974.535156	0.117030	0.181271	0.010764	0.007022	0.682617	0.659180	67.741295	1.545143	1.062386	1818.000000	0.055481	0.036800	0.027360	15.000000	0.117970	0.080060	50.000000	0.157960	2.338322	29.973633	20.906250	0.673828	0.000000	0.000000	0.000000	0.000000	0.681366	1.655044	2.244499	0.000000	0.000000	0.116211	0.262684	58.392529	0.680664	0.077272	0.022709	0.000000	262144.000000	12.476649	512.000000	512.000000	786432.000000	1.000000	0.000000	0.000000	0.000000	3.000000	0.000000	4.250186	5.428793	5.589217	5.733171	0.000000	0.000000	1.000000	1.000000	0.000000	0.000000	0.034860	0.708979	0.000000	1.000000	50.000000	255.000000	255.000000	0.000000	0.000000	0.000000	0.126984	0.000000	0.000000	0.000000	0.000000	12.476649	12.476649	12.476649	0.000000	0.000000	0.000000	0.000000	0.000000	0.000000	0.000000	0.000000	0.000000	0.000000	0.000000	12.039827	0.314853	11.000000
	cid22-train	pexels-photo-2598024.png	cid22-train__pexels-photo-2598024.png	medium	512	512	512	3297.957275	0.042961	0.078059	0.003792	0.002716	0.494385	0.018066	35.619225	0.076956	1.603648	1037.000000	0.031647	0.000470	0.000380	0.000000	0.001640	0.001430	0.000000	0.053767	4.357749	9.576172	1.783203	0.006836	0.000000	0.000000	0.000000	0.000000	0.194553	3.181619	0.804333	0.106655	0.013082	0.419922	0.613178	14.813475	0.015625	0.037311	0.003751	0.000000	262144.000000	12.476649	512.000000	512.000000	786432.000000	1.000000	0.000000	0.000000	0.000000	3.000000	3.096019	3.688441	4.248111	4.572417	5.099824	0.150754	0.254950	0.532911	1.000000	0.029248	0.053654	0.091771	0.146194	4.000000	9.000000	16.000000	49.000000	223.000000	0.000000	0.015873	0.031746	0.047619	0.000000	0.000000	0.000000	0.000000	12.476649	12.476649	12.476649	0.000000	0.000000	0.000000	1.041393	2.080931	2.397696	0.018098	0.078317	0.106655	0.000000	0.000000	31.502884	0.823286	11.000000
	cid22-train	7062227.png	cid22-train__7062227.png	medium	512	512	512	1413.866089	0.140330	0.086899	0.006982	0.008214	0.459229	0.076172	37.578918	0.490181	1.284034	4966.000000	0.151550	0.006790	0.007860	2.000000	0.065800	0.077110	29.000000	0.133952	3.539026	17.343750	9.592773	0.004883	0.000000	0.000000	0.000000	0.000000	0.140251	3.217144	1.166292	0.053706	0.005629	0.396484	0.422985	28.287930	0.005859	0.066034	0.016338	0.000000	262144.000000	12.476649	512.000000	512.000000	786432.000000	1.000000	0.000000	0.000000	0.000000	3.000000	3.267157	4.198795	4.714654	5.012345	5.417729	0.093796	0.317197	0.961226	1.000000	0.024718	0.089903	0.279718	0.566000	3.000000	12.000000	38.000000	139.000000	255.000000	0.000000	0.000000	0.031746	0.095238	0.000000	0.000000	0.000000	0.015873	12.476649	12.476649	12.476649	0.000000	0.000000	0.000000	0.777022	1.289688	1.824451	0.011246	0.027338	0.053706	0.000000	0.000000	21.941154	0.805312	13.000000
	clic-1024-train	5e5ce43575fa67fdc0dd37146d7f479e.png	clic-1024-train__5e5ce43575fa67fdc0dd37146d7f479e.png	large	1024	1024	1024	2699.889893	0.113855	0.155568	0.007127	0.004631	0.622925	0.000000	54.189293	1.130565	1.408971	5749.000000	0.175446	0.008780	0.011760	5.000000	0.015520	0.025620	8.000000	0.229968	4.453157	12.391602	4.774414	0.000000	0.000000	0.000000	0.000000	0.000000	0.095569	3.313300	0.804987	0.081365	0.011464	0.062500	0.126034	29.255056	0.000000	0.055664	0.008929	0.000000	1048576.000000	13.862944	1024.000000	1024.000000	3145728.000000	1.000000	0.000000	0.000000	0.000000	3.000000	2.926077	3.615751	4.808481	5.001766	5.398243	0.099786	0.130248	0.441670	1.000000	0.022357	0.031461	0.069282	0.361151	12.000000	22.000000	40.000000	143.000000	255.000000	0.000000	0.000000	0.000000	0.063492	0.000000	0.000000	0.000000	0.000000	13.862944	13.862944	13.862944	0.000000	1.000000	2.000000	2.366889	2.557488	2.637474	0.054152	0.071767	0.081365	0.000000	0.000000	20.261354	0.446560	13.000000
	cid22-train	pexels-photo-4177747.png	cid22-train__pexels-photo-4177747.png	medium	512	512	512	4361.647949	0.361036	0.165215	0.019227	0.020845	0.168213	0.030273	63.447941	1.240801	1.095382	4335.000000	0.132294	0.016750	0.009460	5.000000	0.136000	0.067230	17.000000	0.282656	4.436126	29.275391	18.271484	0.001953	0.000000	0.000000	0.000000	0.000000	0.034405	4.065398	0.906834	0.157377	0.036102	0.187500	0.263752	21.444092	0.007812	0.162404	0.036706	0.000000	262144.000000	12.476649	512.000000	512.000000	786432.000000	1.000000	0.000000	0.000000	0.000000	3.000000	4.354661	4.708476	4.922152	5.045138	5.289197	0.435766	0.992807	1.000000	1.000000	0.092389	0.262981	0.614870	0.851098	14.000000	41.000000	81.000000	175.000000	255.000000	0.000000	0.063492	0.174603	0.238095	0.000000	0.000000	0.031746	0.063492	12.476649	12.476649	12.476649	0.000000	0.000000	1.000000	1.255273	2.296082	2.769274	0.029854	0.086859	0.157377	0.000000	0.000000	5.971478	0.739916	13.000000
	cid22-train	pexels-photo-6635187.png	cid22-train__pexels-photo-6635187.png	medium	512	512	512	1583.874756	0.139338	0.191688	0.008841	0.017482	0.336182	0.000244	72.449127	0.289067	1.593535	2020.000000	0.061646	0.004270	0.002530	1.000000	0.115010	0.067380	10.000000	0.246572	3.711589	10.828125	9.465820	0.000000	0.000000	0.000000	0.000000	0.000000	0.003304	3.448119	0.751962	0.108173	0.060149	0.388672	0.087326	14.678419	0.005859	0.072653	0.015005	0.000000	262144.000000	12.476649	512.000000	512.000000	786432.000000	1.000000	0.000000	0.000000	0.000000	3.000000	3.425687	4.018981	4.495766	4.621343	4.936629	0.196660	0.364273	0.705087	1.000000	0.104514	0.166094	0.270364	0.469572	5.000000	16.000000	36.000000	94.000000	255.000000	0.000000	0.015873	0.047619	0.111111	0.000000	0.000000	0.000000	0.015873	12.476649	12.476649	12.476649	0.000000	0.000000	0.000000	1.811136	2.194123	2.417368	0.056143	0.086021	0.108173	0.000000	0.000000	14.549337	0.776181	11.000000
	gb82-photo	waves-lossless.png	gb82-photo__waves-lossless.png	medium	576	576	576	3615.845215	0.169452	0.034813	0.002946	0.002535	0.078897	0.000772	12.175204	0.315660	1.278031	676.000000	0.020630	0.000290	0.000390	0.000000	0.001340	0.001860	0.000000	0.122868	4.603715	17.012537	1.227580	0.000000	0.000000	0.000000	0.000000	0.000000	0.180685	3.864710	0.557230	0.243122	0.023167	0.297975	0.057828	11.827320	0.000000	0.093049	0.002112	0.000000	331776.000000	12.712215	576.000000	576.000000	995328.000000	1.000000	0.000000	0.000000	0.000000	3.000000	3.891069	4.265312	4.568283	4.747701	5.049362	0.379693	0.636262	1.000000	1.000000	0.033494	0.051954	0.080099	0.115997	11.000000	22.000000	37.000000	77.000000	255.000000	0.015873	0.047619	0.095238	0.126984	0.000000	0.000000	0.000000	0.000000	12.712215	12.712215	12.712215	0.000000	0.000000	1.000000	2.567541	2.925538	3.155564	0.125185	0.195612	0.243122	0.000000	0.015873	8.419742	0.806374	10.000000
	clic-1024-train	7e499613c3e376ea93afb3649719abeb.png	clic-1024-train__7e499613c3e376ea93afb3649719abeb.png	large	1024	1024	1024	4089.131104	0.134577	0.102907	0.004822	0.003132	0.525269	0.299194	50.851051	1.054195	1.257774	2030.000000	0.061951	0.000870	0.000700	0.000000	0.002480	0.001890	0.000000	0.217049	4.237402	16.938477	4.166992	0.013672	0.000000	0.000000	0.000000	0.000000	0.001008	2.908288	1.482997	0.021235	0.000000	0.292969	0.766939	25.124144	0.067383	0.073490	0.008758	0.000000	1048576.000000	13.862944	1024.000000	1024.000000	3145728.000000	1.000000	0.000000	0.000000	0.000000	3.000000	3.062482	4.284467	4.783324	5.058354	5.218997	0.032810	0.247293	1.000000	1.000000	0.019631	0.064788	0.164926	0.274266	2.000000	11.000000	38.000000	148.000000	255.000000	0.000000	0.000000	0.015873	0.111111	0.000000	0.000000	0.000000	0.015873	13.862944	13.862944	13.862944	0.000000	0.000000	0.000000	0.000000	0.676693	1.031409	0.000000	0.010842	0.021235	0.000000	0.000000	21.778419	0.732599	11.000000
	size-dense-renders	26103251787_d8635e260d_o__sz320.png	size-dense-renders__26103251787_d8635e260d_o__sz320.png	medium	320	320	320	1671.260010	0.161398	0.149122	0.011304	0.010663	0.283125	0.015000	53.274174	0.308082	1.208609	1320.000000	0.040283	0.012370	0.007750	2.000000	0.067220	0.043940	10.000000	0.105139	3.806291	21.614374	10.990000	0.010000	0.000000	0.000000	0.000000	0.000000	0.258467	3.645255	0.987875	0.109231	0.026595	0.313750	0.039629	25.786301	0.003125	0.097599	0.015625	0.000000	102400.000000	11.536642	320.000000	320.000000	307200.000000	1.000000	0.000000	0.000000	0.000000	3.000000	3.638962	4.375937	5.052366	5.241932	5.480680	0.226375	0.468131	1.000000	1.000000	0.040309	0.072662	0.160812	0.945878	5.000000	16.000000	45.000000	127.000000	255.000000	0.000000	0.015873	0.063492	0.158730	0.000000	0.000000	0.000000	0.015873	11.536642	11.536642	11.536642	0.000000	0.000000	0.000000	1.462397	2.012772	2.387585	0.027239	0.066674	0.109231	0.000000	0.000000	15.711895	0.801074	11.000000
	gb82-screen	codec_wiki.png	gb82-screen__codec_wiki.png	large	2560	2560	1664	1485.818481	0.039132	0.308348	0.000580	0.001356	0.844471	0.843269	146.044037	1.794329	1.548996	785.000000	0.023956	0.000390	0.001060	2.000000	0.028790	0.233940	27.000000	0.105405	2.321043	6.331055	3.601562	0.906250	0.000000	0.000000	0.000000	0.000000	0.304789	0.467114	1.363005	0.000000	0.000000	0.061523	0.000120	59.760498	0.919922	0.013517	0.002635	0.000000	4259840.000000	15.264742	1664.000000	2560.000000	12779520.000000	0.650000	0.430783	0.000000	0.000000	3.000000	0.000000	0.000000	1.220355	4.424097	5.513576	0.000000	0.000000	0.000000	0.013314	0.000000	0.000000	0.000000	0.010756	0.000000	0.000000	0.000000	172.000000	255.000000	0.000000	0.000000	0.000000	0.000000	0.000000	0.000000	0.000000	0.000000	15.264742	15.264742	15.264742	0.000000	0.000000	0.000000	0.000000	0.000000	0.000000	0.000000	0.000000	0.000000	0.000000	0.000000	42.372334	0.088997	10.000000
	size-dense-renders	22ea12c903e41583b7c469cb86040157__sz512.png	size-dense-renders__22ea12c903e41583b7c469cb86040157__sz512.png	medium	512	410	512	1571.543945	0.074953	0.247405	0.004916	0.006585	0.679534	0.196998	106.692070	0.146271	1.441525	1927.000000	0.058807	0.005240	0.005530	2.000000	0.060960	0.075870	24.000000	0.079341	3.658280	9.463235	12.784007	0.005515	0.000000	0.000000	0.000000	0.000000	0.010323	2.451099	1.309869	0.019471	0.019388	0.222426	0.046380	19.779194	0.011949	0.032796	0.013232	0.000000	209920.000000	12.254481	410.000000	512.000000	629760.000000	0.800781	0.222167	0.014634	0.014634	3.000000	2.198485	3.633707	4.450757	4.838083	5.242186	0.029084	0.084939	0.459232	1.000000	0.029470	0.046703	0.133842	0.935509	1.000000	5.000000	23.000000	80.000000	255.000000	0.000000	0.000000	0.000000	0.047619	0.000000	0.000000	0.000000	0.015873	12.269010	12.269010	12.269010	0.000000	0.000000	0.000000	0.297624	0.903090	1.094733	0.003600	0.014661	0.019471	0.000000	0.000000	22.785667	0.706583	11.000000
	size-dense-renders	22ea12c903e41583b7c469cb86040157__sz64.png	size-dense-renders__22ea12c903e41583b7c469cb86040157__sz64.png	tiny	64	51	64	1303.943237	0.201270	0.236544	0.012348	0.016212	0.395833	0.000000	102.818253	0.058903	0.993786	480.000000	0.147059	0.024640	0.054230	1.000000	0.265220	0.765850	16.000000	0.081162	3.493810	23.750000	44.854168	0.000000	0.000000	0.000000	0.000000	0.000000	0.020221	3.580076	1.108033	0.060649	0.024511	0.604167	0.059130	24.337063	0.000000	0.077712	0.047950	0.000000	3264.000000	8.090709	51.000000	64.000000	9792.000000	0.796875	0.227057	0.098039	0.254902	3.000000														2.000000	19.000000	47.000000	139.000000	182.000000									8.184235	8.317766	8.317766	0.000000	0.000000	0.000000									8.441481	0.888487	9.000000
	cid22-train	2387876.png	cid22-train__2387876.png	medium	512	512	512	4044.085449	0.417194	0.099326	0.015168	0.009819	0.175537	0.064209	35.289883	1.446215	1.001566	2493.000000	0.076080	0.011450	0.021830	2.000000	0.034990	0.056190	4.000000	0.339652	4.447178	26.845703	8.866211	0.002930	0.000000	0.000000	0.000000	0.000000	0.036488	3.958704	1.035851	0.074911	0.025321	0.082031	0.088001	20.766327	0.002930	0.162419	0.019020	0.000000	262144.000000	12.476649	512.000000	512.000000	786432.000000	1.000000	0.000000	0.000000	0.000000	3.000000	4.314140	4.650309	4.878664	4.997276	5.275267	0.429169	0.951392	1.000000	1.000000	0.079545	0.178766	0.332387	0.498754	20.000000	48.000000	87.000000	183.000000	255.000000	0.000000	0.063492	0.174603	0.253968	0.000000	0.000000	0.015873	0.031746	12.476649	12.476649	12.476649	0.000000	0.000000	1.000000	1.031407	1.560617	2.093203	0.014987	0.033928	0.074911	0.000000	0.000000	4.787110	0.686887	12.000000
	gb82-screen	graph.png	gb82-screen__graph.png	medium	796	796	481	415.836517	0.054811	0.027908	0.001111	0.000811	0.811953	0.808754	11.763168	1.066416	1.485540	199.000000	0.006073	0.002790	0.012570	9.000000	0.012900	0.059270	50.000000	0.481309	0.341712	9.001683	2.010943	0.904040	0.000000	0.000000	0.000000	1.000000	0.019706	0.848191	1.795319	0.000000	0.000000	0.005051	0.004672	52.781544	0.908249	0.037104	0.003848	0.000000	382876.000000	12.855467	481.000000	796.000000	1148628.000000	0.604271	0.503732	0.019651	0.069798	3.000000	0.000000	0.000000	4.339900	5.015466	5.440615	0.000000	0.000000	0.000000	0.969550	0.000000	0.000000	0.000000	0.047553	0.000000	0.000000	0.000000	209.000000	255.000000	0.000000	0.000000	0.000000	0.000000	0.000000	0.000000	0.000000	0.000000	12.874928	12.891188	12.922936	0.000000	0.000000	0.000000	0.000000	0.000000	0.000000	0.000000	0.000000	0.000000	0.000000	0.000000	25.819601	0.115437	8.000000
	cid22-train	No-interference.png	cid22-train__No-interference.png	medium	512	512	512	529.498901	0.066996	0.036167	0.004446	0.000572	0.739014	0.733643	10.602274	1.031795	1.543935	122.000000	0.003723	0.044380	0.007300	14.000000	0.004930	0.000810	1.000000	0.421826	0.527345	10.158203	2.495117	0.813477	0.000000	0.000000	0.000000	1.000000	0.988262	1.092896	1.914426	0.000000	0.000000	0.004883	0.000000	52.833073	0.845703	0.043806	0.006309	0.000000	262144.000000	12.476649	512.000000	512.000000	786432.000000	1.000000	0.000000	0.000000	0.000000	3.000000	0.000000	2.918153	4.852099	5.163161	5.533882	0.000000	0.000000	0.191120	1.000000	0.000000	0.000000	0.000000	0.000000	0.000000	0.000000	12.000000	255.000000	255.000000	0.000000	0.000000	0.000000	0.000000	0.000000	0.000000	0.000000	0.000000	12.476649	12.476649	12.476649	0.000000	0.000000	0.000000	0.000000	0.000000	0.000000	0.000000	0.000000	0.000000	0.000000	0.000000	22.359570	0.148717	7.000000
	size-dense-renders	b939ac34faa94b5d0e753d570edc7048__sz512.png	size-dense-renders__b939ac34faa94b5d0e753d570edc7048__sz512.png	medium	512	512	243	3291.830078	0.245556	0.200186	0.012854	0.017670	0.314583	0.104167	78.587631	0.528535	0.891294	6142.000000	0.187439	0.014720	0.027010	3.000000	0.164730	0.284930	23.000000	0.129611	4.223548	28.925520	30.480207	0.040104	0.000000	0.000000	0.000000	0.000000	0.028509	3.632097	1.407262	0.031073	0.013422	0.409896	0.230802	23.141439	0.040625	0.118105	0.044651	0.000000	124416.000000	11.731386	243.000000	512.000000	373248.000000	0.474609	0.745263	0.020576	0.053498	3.000000	4.187152	4.791537	5.009466	5.119441	5.251606	0.172521	0.893390	1.000000	1.000000	0.039337	0.322292	0.863678	1.000000	5.000000	27.000000	63.000000	152.000000	255.000000	0.000000	0.015873	0.095238	0.206349	0.000000	0.000000	0.031746	0.079365	11.751754	11.783502	11.783502	0.000000	0.000000	0.000000	0.000000	0.748915	1.288640	0.000000	0.010822	0.031073	0.000000	0.000000	7.506351	0.793379	13.000000
	size-dense-renders	b939ac34faa94b5d0e753d570edc7048__sz64.png	size-dense-renders__b939ac34faa94b5d0e753d570edc7048__sz64.png	tiny	64	64	30	2485.246094	0.568783	0.181705	0.031217	0.041593	0.000000	0.000000	73.369270	0.142853	0.490431	857.000000	0.446354	0.044130	0.090250	1.000000	0.467830	1.334070	17.000000	0.191936	4.135366	44.875000	67.666664	0.000000	0.000000	0.000000	0.000000	0.000000	0.036458	4.675660	0.269377	0.987517	0.507183	0.208333	0.216797	19.893442	0.000000	0.232804	0.097884	0.000000	1920.000000	7.560081	30.000000	64.000000	5760.000000	0.468750	0.757686	0.066667	0.066667	3.000000														31.000000	61.000000	93.000000	166.000000	200.000000									7.624619	7.624619	7.624619	0.000000	0.000000	1.000000									1.805703	0.834209	10.000000
	clic-1024-train	100f17892cf7bb12beb12479641fcc4c.png	clic-1024-train__100f17892cf7bb12beb12479641fcc4c.png	large	1024	1024	1024	465.967468	0.083198	0.019578	0.002415	0.001694	0.668457	0.171631	11.251363	0.418102	1.778041	585.000000	0.017853	0.000350	0.000340	0.000000	0.001150	0.001140	0.000000	0.694774	2.646040	2.905273	0.188477	0.006836	0.000000	0.000000	0.000000	0.000000	0.003908	2.552379	1.005740	0.027226	0.004253	0.024414	0.114702	9.853454	0.008789	0.029762	0.000341	0.000000	1048576.000000	13.862944	1024.000000	1024.000000	3145728.000000	1.000000	0.000000	0.000000	0.000000	3.000000	2.444045	3.467747	3.920018	4.128435	4.416780	0.043698	0.094018	0.293154	0.542244	0.014512	0.025553	0.046122	0.067838	3.000000	12.000000	30.000000	81.000000	255.000000	0.000000	0.000000	0.000000	0.031746	0.000000	0.000000	0.000000	0.000000	13.862944	13.862944	13.862944	0.000000	0.000000	0.000000	0.467973	1.129830	1.399836	0.006314	0.018826	0.027226	0.000000	0.000000	13.401561	0.529671	10.000000
	cid22-train	7062197.png	cid22-train__7062197.png	medium	512	512	512	2418.933350	0.136534	0.175031	0.010664	0.012696	0.493652	0.185303	69.373138	0.535294	1.165436	4355.000000	0.132904	0.014760	0.014450	2.000000	0.099710	0.100330	24.000000	0.100531	3.293338	20.027344	15.891602	0.005859	0.000000	0.000000	0.000000	0.000000	0.007401	2.969331	1.534876	0.016795	0.011456	0.458008	0.115238	32.284042	0.021484	0.069677	0.026274	0.000000	262144.000000	12.476649	512.000000	512.000000	786432.000000	1.000000	0.000000	0.000000	0.000000	3.000000	3.093854	4.390501	4.983691	5.201879	5.549494	0.030800	0.271628	1.000000	1.000000	0.030069	0.127517	0.463896	0.803416	2.000000	9.000000	41.000000	144.000000	255.000000	0.000000	0.000000	0.015873	0.111111	0.000000	0.000000	0.015873	0.047619	12.476649	12.476649	12.476649	0.000000	0.000000	0.000000	0.297622	0.841202	1.055357	0.003600	0.011690	0.016795	0.000000	0.000000	15.304432	0.746805	13.000000
	cid22-train	Performance-Graph.png	cid22-train__Performance-Graph.png	medium	512	512	512	3318.941650	0.038714	0.174541	0.004737	0.000473	0.704590	0.630615	66.408722	0.195117	1.481059	436.000000	0.013306	0.009950	0.008440	1.000000	0.000720	0.001060	0.000000	0.056447	2.884159	11.376953	8.975586	0.853516	0.000000	0.000000	0.000000	0.000000	0.268448	1.341884	1.869587	0.000000	0.000000	0.242188	0.000000	40.550053	0.893555	0.025577	0.010169	0.000000	262144.000000	12.476649	512.000000	512.000000	786432.000000	1.000000	0.000000	0.000000	0.000000	3.000000	0.000000	3.152513	4.584478	5.227128	5.426108	0.000000	0.000000	0.300489	1.000000	0.000000	0.000000	0.262732	0.581260	0.000000	0.000000	9.000000	95.000000	255.000000	0.000000	0.000000	0.000000	0.031746	0.000000	0.000000	0.000000	0.015873	12.476649	12.476649	12.476649	0.000000	0.000000	0.000000	0.000000	0.000000	0.000000	0.000000	0.000000	0.000000	0.000000	0.000000	67.358261	0.335775	9.000000
	cid22-train	pexels-photo-2686358.png	cid22-train__pexels-photo-2686358.png	medium	512	512	512	2764.735596	0.281103	0.102798	0.012756	0.008144	0.109375	0.021484	49.775761	0.487095	1.045961	1848.000000	0.056396	0.004820	0.003450	0.000000	0.013080	0.010010	2.000000	0.111697	4.466256	25.643555	8.750000	0.000000	0.000000	0.000000	0.000000	0.000000	0.009174	4.010800	0.826022	0.216255	0.042868	0.430664	0.847439	15.959936	0.000000	0.126488	0.019903	0.000000	262144.000000	12.476649	512.000000	512.000000	786432.000000	1.000000	0.000000	0.000000	0.000000	3.000000	4.194424	4.639697	4.877618	4.999028	5.201068	0.420606	0.920738	1.000000	1.000000	0.082502	0.180610	0.312342	0.450231	12.000000	28.000000	51.000000	104.000000	255.000000	0.015873	0.047619	0.126984	0.190476	0.000000	0.000000	0.015873	0.031746	12.476649	12.476649	12.476649	0.000000	0.000000	1.000000	1.327039	2.413300	2.999538	0.032286	0.106982	0.216255	0.000000	0.000000	6.963843	0.839667	11.000000
	cid22-train	708587.png	cid22-train__708587.png	medium	512	512	512	5607.231934	0.118692	0.115987	0.011550	0.010657	0.549072	0.023193	47.034149	0.328608	1.234318	4692.000000	0.143188	0.010760	0.015280	5.000000	0.049500	0.065370	17.000000	0.105701	4.454117	16.437500	8.876953	0.006836	0.000000	0.000000	0.000000	0.000000	0.156113	3.072660	1.217171	0.049435	0.024431	0.378906	0.160774	26.016005	0.023438	0.067662	0.018586	0.000000	262144.000000	12.476649	512.000000	512.000000	786432.000000	1.000000	0.000000	0.000000	0.000000	3.000000	2.659188	4.153689	4.869678	5.093285	5.449813	0.076505	0.161731	0.927644	1.000000	0.040984	0.068729	0.273657	0.587082	2.000000	7.000000	29.000000	117.000000	255.000000	0.000000	0.000000	0.015873	0.126984	0.000000	0.000000	0.000000	0.031746	12.476649	12.476649	12.476649	0.000000	0.000000	0.000000	1.144181	1.534465	1.760492	0.021898	0.038921	0.049435	0.000000	0.000000	25.855963	0.820757	13.000000
	size-dense-renders	26103251787_d8635e260d_o__sz384.png	size-dense-renders__26103251787_d8635e260d_o__sz384.png	medium	384	384	384	1700.632202	0.147230	0.149671	0.010113	0.009638	0.316840	0.010851	53.459835	0.276269	1.290709	1503.000000	0.045868	0.008580	0.005890	1.000000	0.046450	0.034020	8.000000	0.100185	3.819566	18.963541	8.888021	0.000000	0.000000	0.000000	0.000000	0.000000	0.254768	3.559038	0.969346	0.095674	0.025414	0.372396	0.040704	24.258938	0.000000	0.090388	0.013558	0.000000	147456.000000	11.901285	384.000000	384.000000	442368.000000	1.000000	0.000000	0.000000	0.000000	3.000000	3.540030	4.257521	4.938937	5.153633	5.490015	0.196124	0.423858	0.968377	1.000000	0.041161	0.070573	0.141034	0.708645	4.000000	13.000000	38.000000	111.000000	255.000000	0.000000	0.015873	0.063492	0.142857	0.000000	0.000000	0.000000	0.015873	11.901285	11.901285	11.901285	0.000000	0.000000	0.000000	1.516660	1.943170	2.273542	0.031276	0.066349	0.095674	0.000000	0.000000	19.186262	0.829477	11.000000
	size-dense-renders	26103251787_d8635e260d_o__sz40.png	size-dense-renders__26103251787_d8635e260d_o__sz40.png	tiny	40	40	40	909.880005	0.278764	0.126962	0.024953	0.022503	0.040000	0.000000	45.813976	0.125986	0.624712	262.000000	0.163750	0.076510	0.085800	2.000000	0.368280	0.406230	12.000000	0.420962	3.591178	27.520000	18.080000	0.000000	0.000000	0.000000	0.000000	0.000000	0.176250	4.107694	0.664695	0.273958	0.037027	0.040000	0.025625	28.341684	0.000000	0.167619	0.041905	0.000000	1600.000000	7.377759	40.000000	40.000000	4800.000000	1.000000	0.000000	0.000000	1.560000	3.000000														14.000000	38.000000	92.000000	207.000000	255.000000									7.377759	7.742402	8.317766	0.000000	0.000000	1.000000									5.390139	0.733272	9.000000
	size-dense-renders	26103251787_d8635e260d_o__sz48.png	size-dense-renders__26103251787_d8635e260d_o__sz48.png	tiny	48	48	48	1006.935486	0.299683	0.130589	0.024324	0.021858	0.083333	0.000000	47.039238	0.143263	0.708058	319.000000	0.138455	0.075180	0.053280	2.000000	0.354400	0.280430	12.000000	0.352279	3.605878	28.250000	21.888889	0.000000	0.000000	0.000000	0.000000	0.000000	0.202691	4.038036	0.755795	0.210038	0.035971	0.138889	0.026476	29.074472	0.000000	0.168430	0.040123	0.000000	2304.000000	7.742402	48.000000	48.000000	6912.000000	1.000000	0.000000	0.000000	0.777778	3.000000														13.000000	39.000000	88.000000	208.000000	255.000000									7.742402	7.742402	8.317766	0.000000	0.000000	1.000000									6.077816	0.744418	9.000000
	size-dense-renders	26103251787_d8635e260d_o__sz64.png	size-dense-renders__26103251787_d8635e260d_o__sz64.png	small	64	64	64	1152.901123	0.281683	0.135425	0.022351	0.020075	0.078125	0.000000	48.657383	0.160257	0.780098	413.000000	0.100830	0.061340	0.035970	1.000000	0.292320	0.184210	10.000000	0.254773	3.659963	24.421875	16.359375	0.000000	0.000000	0.000000	0.000000	0.000000	0.209229	3.996109	0.732329	0.244212	0.035514	0.125000	0.030029	29.775045	0.000000	0.144345	0.033978	0.000000	4096.000000	8.317766	64.000000	64.000000	12288.000000	1.000000	0.000000	0.000000	0.000000	3.000000														13.000000	38.000000	88.000000	176.000000	255.000000									8.317766	8.317766	8.317766	0.000000	0.000000	1.000000									5.090765	0.740508	9.000000
	size-dense-renders	26103251787_d8635e260d_o__sz80.png	size-dense-renders__26103251787_d8635e260d_o__sz80.png	small	80	80	80	1248.276733	0.259253	0.138371	0.020483	0.018304	0.130000	0.000000	49.648544	0.161145	0.840812	488.000000	0.076250	0.048960	0.023020	2.000000	0.239140	0.120460	11.000000	0.153130	3.686970	29.280001	21.420000	0.000000	0.000000	0.000000	0.000000	0.000000	0.226875	4.024673	0.801384	0.222596	0.038188	0.180000	0.031094	30.382998	0.000000	0.140159	0.030000	0.000000	6400.000000	8.764053	80.000000	80.000000	19200.000000	1.000000	0.000000	0.000000	0.440000	3.000000	3.972619	4.836362	5.173203	5.219927	5.375225	0.371692	0.598803	1.000000	1.000000	0.051318	0.105355	0.932434	1.000000	13.000000	35.000000	79.000000	159.000000	255.000000	0.015873	0.047619	0.126984	0.238095	0.000000	0.000000	0.000000	0.063492	8.764053	8.764053	9.128696	0.000000	0.000000	1.000000	2.521710	2.865104	2.996997	0.117991	0.164583	0.222596	0.000000	0.015873	5.444445	0.755774	9.000000
	size-dense-renders	26103251787_d8635e260d_o__sz96.png	size-dense-renders__26103251787_d8635e260d_o__sz96.png	small	96	96	96	1320.121338	0.241994	0.140455	0.019100	0.017141	0.159722	0.006944	50.356075	0.177132	0.897808	553.000000	0.060004	0.047630	0.014930	2.000000	0.233970	0.086410	12.000000	0.143485	3.726066	26.243055	17.743055	0.000000	0.000000	0.000000	0.000000	0.000000	0.238607	3.964258	0.816765	0.196502	0.033035	0.229167	0.032661	30.160269	0.000000	0.137787	0.029211	0.000000	9216.000000	9.128696	96.000000	96.000000	27648.000000	1.000000	0.000000	0.000000	0.000000	3.000000	3.851280	4.673046	5.137208	5.281845	5.377041	0.347294	0.558349	1.000000	1.000000	0.046707	0.073365	0.611447	1.000000	11.000000	31.000000	72.000000	158.000000	255.000000	0.015873	0.047619	0.111111	0.238095	0.000000	0.000000	0.000000	0.063492	9.128696	9.128696	9.128696	0.000000	0.000000	1.000000	2.232958	2.761881	2.918546	0.100217	0.148687	0.196502	0.000000	0.000000	6.555855	0.759589	10.000000
	cid22-train	pexels-photo-6926600.png	cid22-train__pexels-photo-6926600.png	medium	512	512	512	2099.332275	0.267324	0.069188	0.003546	0.003944	0.469482	0.016357	26.503830	1.978615	1.055504	1110.000000	0.033875	0.001260	0.002820	0.000000	0.008010	0.017360	3.000000	0.491531	3.904719	23.671875	3.306641	0.000000	0.000000	0.000000	0.000000	0.000000	0.111267	3.365985	1.302469	0.045483	0.004633	0.106445	0.110996	38.174030	0.000000	0.103051	0.004852	0.000000	262144.000000	12.476649	512.000000	512.000000	786432.000000	1.000000	0.000000	0.000000	0.000000	3.000000	3.474508	4.623745	5.063821	5.295910	5.478168	0.059274	0.366307	1.000000	1.000000	0.014995	0.050642	0.130022	0.247148	6.000000	33.000000	98.000000	247.000000	255.000000	0.000000	0.000000	0.031746	0.206349	0.000000	0.000000	0.000000	0.000000	12.476649	12.476649	12.476649	0.000000	0.000000	0.000000	1.557620	1.774402	1.871792	0.031409	0.039404	0.045483	0.000000	0.000000	5.857059	0.609699	11.000000
	cid22-train	pexels-photo-4210863.png	cid22-train__pexels-photo-4210863.png	medium	512	512	512	4428.978027	0.737344	0.064892	0.017417	0.015316	0.002197	0.000000	30.328388	4.125576	0.756468	2214.000000	0.067566	0.010600	0.014400	1.000000	0.057130	0.062110	8.000000	0.693676	4.618533	51.210938	8.710938	0.000000	0.000000	0.000000	0.000000	0.000000	0.025696	4.710970	0.329382	0.824600	0.109120	0.086914	0.023205	27.348415	0.000000	0.289047	0.014090	0.000000	262144.000000	12.476649	512.000000	512.000000	786432.000000	1.000000	0.000000	0.000000	0.000000	3.000000	4.742190	4.934353	5.061765	5.127806	5.352736	1.000000	1.000000	1.000000	1.000000	0.138799	0.172346	0.229948	0.398095	50.000000	94.000000	149.000000	255.000000	255.000000	0.158730	0.222222	0.301587	0.365079	0.000000	0.000000	0.000000	0.015873	12.476649	12.476649	12.476649	0.000000	3.000000	7.000000	3.446294	4.202028	4.353315	0.362044	0.663650	0.824600	0.031746	0.111111	1.179721	0.569021	12.000000
	size-dense-renders	2693212__sz128.png	size-dense-renders__2693212__sz128.png	small	128	128	128	1614.297119	0.381115	0.124254	0.014943	0.029028	0.050781	0.000000	62.827724	0.209846	0.684211	829.000000	0.050598	0.010090	0.012200	0.000000	0.253640	0.281520	13.000000	0.179084	4.045888	29.007812	28.734375	0.000000	0.000000	0.000000	0.000000	0.000000	0.000671	4.272201	0.575610	0.463743	0.205200	0.316406	0.000000	15.296391	0.000000	0.148934	0.058346	0.000000	16384.000000	9.704061	128.000000	128.000000	49152.000000	1.000000	0.000000	0.000000	0.000000	3.000000	4.365465	4.682321	4.860510	4.946089	5.073735	0.737552	1.000000	1.000000	1.000000	0.340067	0.509127	0.809753	1.000000	19.000000	41.000000	67.000000	129.000000	203.000000	0.063492	0.111111	0.158730	0.190476	0.015873	0.031746	0.063492	0.079365	9.704061	9.704061	9.704061	0.000000	0.000000	1.000000	2.291008	3.004751	3.661397	0.078393	0.207627	0.463743	0.000000	0.015873	3.263934	0.804075	10.000000
	size-dense-renders	2693212__sz160.png	size-dense-renders__2693212__sz160.png	small	160	160	160	1673.869629	0.349432	0.126321	0.014076	0.026737	0.070000	0.000000	63.577892	0.237159	0.814844	888.000000	0.034688	0.009010	0.011330	0.000000	0.214430	0.242760	11.000000	0.181601	4.067913	27.139999	27.540001	0.005000	0.000000	0.000000	0.000000	0.000000	0.000781	4.204350	0.637190	0.343579	0.165340	0.337500	0.000000	15.251045	0.000000	0.141865	0.053333	0.000000	25600.000000	10.150348	160.000000	160.000000	76800.000000	1.000000	0.000000	0.000000	0.000000	3.000000	4.338585	4.649296	4.829128	4.932547	5.024457	0.658119	1.000000	1.000000	1.000000	0.311430	0.504512	0.748595	1.000000	17.000000	37.000000	64.000000	126.000000	218.000000	0.047619	0.095238	0.142857	0.190476	0.000000	0.031746	0.047619	0.079365	10.150348	10.150348	10.150348	0.000000	0.000000	1.000000	1.946867	2.647245	3.441027	0.067710	0.162826	0.343579	0.000000	0.015873	4.131684	0.810268	10.000000
	cid22-train	StockQuoteGraph-20120521.png	cid22-train__StockQuoteGraph-20120521.png	medium	512	512	512	997.459167	0.112052	0.076243	0.007928	0.008185	0.700195	0.681641	33.639175	0.842675	1.546056	518.000000	0.015808	0.025970	0.008830	4.000000	0.209350	0.019080	30.000000	0.237074	1.812037	12.738281	5.843750	0.808594	0.000000	0.000000	0.000000	0.000000	0.531788	1.438509	2.086106	0.000000	0.000000	0.150391	0.000000	38.484375	0.822266	0.045976	0.010944	0.000000	262144.000000	12.476649	512.000000	512.000000	786432.000000	1.000000	0.000000	0.000000	0.000000	3.000000	0.000000	3.925982	4.713497	4.891162	5.557426	0.000000	0.000000	0.740118	1.000000	0.000000	0.000000	0.178506	0.418635	0.000000	0.000000	51.000000	173.000000	255.000000	0.000000	0.000000	0.000000	0.047619	0.000000	0.000000	0.000000	0.015873	12.476649	12.476649	12.476649	0.000000	0.000000	0.000000	0.000000	0.000000	0.000000	0.000000	0.000000	0.000000	0.000000	0.000000	15.835322	0.277149	10.000000
	size-dense-renders	22ea12c903e41583b7c469cb86040157__sz640.png	size-dense-renders__22ea12c903e41583b7c469cb86040157__sz640.png	medium	640	512	640	1587.197266	0.071403	0.247772	0.004437	0.005974	0.702148	0.243555	106.823677	0.169874	1.505135	2123.000000	0.064789	0.003980	0.005460	1.000000	0.047620	0.078110	20.000000	0.095888	3.678112	8.571289	10.539062	0.008789	0.000000	0.000000	0.000000	0.000000	0.011697	2.364193	1.326111	0.016382	0.015897	0.210938	0.045917	19.185616	0.017578	0.031917	0.010665	0.000000	327680.000000	12.699793	512.000000	640.000000	983040.000000	0.800000	0.223144	0.000000	0.000000	3.000000	2.073203	3.633139	4.373215	4.736307	5.135126	0.025967	0.073320	0.479290	1.000000	0.027443	0.043501	0.128020	0.717193	1.000000	4.000000	21.000000	79.000000	255.000000	0.000000	0.000000	0.000000	0.047619	0.000000	0.000000	0.000000	0.000000	12.699793	12.699793	12.699793	0.000000	0.000000	0.000000	0.000000	0.808718	1.004725	0.000000	0.011258	0.016382	0.000000	0.000000	23.024216	0.670150	12.000000
	gb82-screen	terminal.png	gb82-screen__terminal.png	large	1646	1646	1062	1734.832520	0.055241	0.037555	0.000459	0.000878	0.810754	0.804213	13.992338	1.694020	1.269324	342.000000	0.010437	0.000620	0.000460	4.000000	0.005410	0.005080	7.000000	0.135441	1.510048	14.917387	1.079731	0.856868	0.000000	0.000000	0.000000	0.000000	0.335389	0.830553	1.861734	0.000000	0.000000	0.070125	0.003045	48.133469	0.888569	0.042542	0.003141	0.000000	1748052.000000	14.374013	1062.000000	1646.000000	5244156.000000	0.645200	0.438194	0.003101	0.035685	3.000000	0.000000	0.000000	5.006220	5.246383	5.579881	0.000000	0.000000	0.000000	1.000000	0.000000	0.000000	0.000000	0.046002	0.000000	0.000000	0.000000	185.000000	255.000000	0.000000	0.000000	0.000000	0.000000	0.000000	0.000000	0.000000	0.000000	14.377109	14.384599	14.409076	0.000000	0.000000	0.000000	0.000000	0.000000	0.000000	0.000000	0.000000	0.000000	0.000000	0.000000	21.585506	0.144463	9.000000
	size-dense-renders	b939ac34faa94b5d0e753d570edc7048__sz640.png	size-dense-renders__b939ac34faa94b5d0e753d570edc7048__sz640.png	medium	640	640	304	3329.256104	0.217088	0.200667	0.011475	0.015516	0.360526	0.119408	78.625504	0.577265	0.988854	7025.000000	0.214386	0.012510	0.023040	4.000000	0.128900	0.235400	24.000000	0.126328	4.225748	26.221052	28.469078	0.034211	0.000000	0.000000	0.000000	0.000000	0.028248	3.490081	1.439839	0.026444	0.010617	0.380921	0.234159	23.562122	0.054605	0.106986	0.038795	0.000000	194560.000000	12.178495	304.000000	640.000000	583680.000000	0.475000	0.744440	0.000000	0.052632	3.000000	3.970762	4.696937	5.019709	5.115189	5.281978	0.130519	0.680296	1.000000	1.000000	0.031672	0.234471	0.810733	1.000000	3.000000	23.000000	59.000000	143.000000	255.000000	0.000000	0.015873	0.079365	0.190476	0.000000	0.000000	0.015873	0.063492	12.178495	12.178495	12.229789	0.000000	0.000000	0.000000	0.000000	0.676694	1.204120	0.000000	0.009139	0.026444	0.000000	0.000000	8.120750	0.785089	13.000000
	size-dense-renders	2693212__sz192.png	size-dense-renders__2693212__sz192.png	small	192	192	192	1716.958862	0.323840	0.127760	0.013362	0.024825	0.081597	0.000000	64.100227	0.252569	0.889327	956.000000	0.029175	0.008170	0.010300	0.000000	0.183250	0.210810	10.000000	0.167412	4.079561	26.230904	26.093750	0.003472	0.000000	0.000000	0.000000	0.000000	0.000868	4.148555	0.681308	0.320847	0.144656	0.369792	0.000000	15.109899	0.000000	0.133377	0.051312	0.000000	36864.000000	10.514991	192.000000	192.000000	110592.000000	1.000000	0.000000	0.000000	0.000000	3.000000	4.318459	4.628664	4.830594	4.898012	5.049445	0.617151	1.000000	1.000000	1.000000	0.284890	0.486548	0.718149	1.000000	14.000000	34.000000	61.000000	121.000000	222.000000	0.031746	0.079365	0.126984	0.174603	0.000000	0.031746	0.047619	0.079365	10.514991	10.514991	10.514991	0.000000	0.000000	1.000000	1.915054	2.513800	3.283739	0.062579	0.129742	0.320847	0.000000	0.000000	4.441832	0.821110	10.000000
	cid22-train	pexels-photo-2802032.png	cid22-train__pexels-photo-2802032.png	medium	512	512	512	1956.755859	0.158333	0.122664	0.013625	0.004036	0.453369	0.001709	51.006958	0.628147	1.191203	1912.000000	0.058350	0.011480	0.012140	1.000000	0.006260	0.005340	2.000000	0.165450	3.596944	20.426758	11.645508	0.016602	0.000000	0.000000	0.000000	0.000000	0.074341	3.470878	1.134314	0.076367	0.039341	0.531250	0.256252	26.626505	0.000000	0.093471	0.025949	0.000000	262144.000000	12.476649	512.000000	512.000000	786432.000000	1.000000	0.000000	0.000000	0.000000	3.000000	3.236395	4.608454	4.961020	5.083927	5.354723	0.131134	0.322106	1.000000	1.000000	0.062154	0.131098	0.400769	0.806673	2.000000	8.000000	49.000000	156.000000	255.000000	0.000000	0.015873	0.031746	0.190476	0.000000	0.000000	0.015873	0.047619	12.476649	12.476649	12.476649	0.000000	0.000000	0.000000	1.584755	1.844224	2.018857	0.040750	0.057845	0.076367	0.000000	0.000000	15.179532	0.873603	11.000000
	cid22-train	7195294.png	cid22-train__7195294.png	medium	512	512	512	2765.343994	0.094967	0.139607	0.007758	0.006237	0.406738	0.026367	49.719864	0.202427	1.420972	2758.000000	0.084167	0.006690	0.004570	1.000000	0.027840	0.022820	9.000000	0.095071	4.440179	11.200195	5.154297	0.005859	0.000000	0.000000	0.000000	0.000000	0.157181	3.214782	0.932120	0.067915	0.013983	0.450195	0.375980	17.108843	0.076172	0.050347	0.008975	0.000000	262144.000000	12.476649	512.000000	512.000000	786432.000000	1.000000	0.000000	0.000000	0.000000	3.000000	3.253035	3.862950	4.491569	4.769991	5.077150	0.130545	0.300905	0.640460	1.000000	0.027281	0.056399	0.148221	0.312873	4.000000	12.000000	27.000000	81.000000	255.000000	0.000000	0.000000	0.031746	0.079365	0.000000	0.000000	0.000000	0.015873	12.476649	12.476649	12.476649	0.000000	0.000000	0.000000	1.356982	1.715482	1.908486	0.034064	0.054493	0.067915	0.000000	0.000000	21.785835	0.842911	12.000000
	gb82-photo	city-lossless.png	gb82-photo__city-lossless.png	medium	576	576	576	3159.156006	0.283536	0.051559	0.005494	0.004174	0.306520	0.196759	17.478947	0.966067	1.010624	3900.000000	0.119019	0.001820	0.002410	0.000000	0.008320	0.009530	7.000000	0.139773	4.144850	29.989393	4.583414	0.000000	0.000000	0.000000	0.000000	0.000000	0.171179	3.580532	1.459857	0.026854	0.018476	0.270974	0.141445	23.148964	0.000000	0.130244	0.009766	0.000000	331776.000000	12.712215	576.000000	576.000000	995328.000000	1.000000	0.000000	0.000000	0.000000	3.000000	4.208414	4.750693	5.040390	5.142003	5.357916	0.053173	0.935370	1.000000	1.000000	0.029890	0.066616	0.141716	0.271250	8.000000	33.000000	69.000000	149.000000	255.000000	0.000000	0.000000	0.111111	0.238095	0.000000	0.000000	0.000000	0.015873	12.712215	12.712215	12.712215	0.000000	0.000000	0.000000	1.004724	1.202420	1.277320	0.016544	0.021775	0.026854	0.000000	0.000000	6.297911	0.783837	12.000000
	size-dense-renders	2693212__sz256.png	size-dense-renders__2693212__sz256.png	medium	256	256	256	1777.276978	0.281830	0.129653	0.012092	0.021767	0.113281	0.000977	64.780289	0.278496	0.873431	1023.000000	0.031219	0.006540	0.008290	0.000000	0.135530	0.161980	8.000000	0.157157	4.103894	24.542969	23.350586	0.000000	0.000000	0.000000	0.000000	0.000000	0.001053	4.050315	0.749793	0.223941	0.058122	0.403320	0.000061	14.910218	0.000000	0.121280	0.045449	0.000000	65536.000000	11.090355	256.000000	256.000000	196608.000000	1.000000	0.000000	0.000000	0.000000	3.000000	4.236107	4.579864	4.812167	4.908090	5.042587	0.536590	0.955000	1.000000	1.000000	0.240083	0.429427	0.702095	1.000000	12.000000	30.000000	55.000000	113.000000	208.000000	0.015873	0.079365	0.126984	0.174603	0.000000	0.015873	0.047619	0.063492	11.090355	11.090355	11.090355	0.000000	0.000000	1.000000	1.804374	2.306961	2.982921	0.052162	0.101960	0.223941	0.000000	0.000000	5.016774	0.831334	10.000000
	size-dense-renders	2693212__sz32.png	size-dense-renders__2693212__sz32.png	tiny	32	32	32	1130.897705	0.510926	0.103972	0.018662	0.041802	0.000000	0.000000	55.374493	0.078206	0.469601	365.000000	0.356445	0.014550	0.017510	0.000000	0.447480	0.562190	8.000000	0.447989	3.797431	25.312500	34.187500	0.000000	0.000000	0.000000	0.000000	0.000000	0.000000	4.383204	0.167990	0.800895	0.297886	0.000000	0.000000	13.894253	0.000000	0.200397	0.074405	0.000000	1024.000000	6.931472	32.000000	32.000000	3072.000000	1.000000	0.000000	0.000000	0.000000	3.000000																											6.931472	6.931472	6.931472	0.000000	0.000000	0.000000										0.700660	9.000000
	clic-train	9466a908d088d32ee73f04116c40e48c.png	clic-train__9466a908d088d32ee73f04116c40e48c.png	large	2048	1371	2048	3425.587402	0.006137	0.132686	0.001080	0.001270	0.844017	0.196469	51.169884	0.047818	1.880948	2670.000000	0.081482	0.000100	0.000090	0.000000	0.000650	0.000540	0.000000	0.111118	4.047066	1.930010	0.742090	0.001918	0.000000	0.000000	0.000000	0.000000	0.078873	2.244067	0.753322	0.032855	0.000000	0.398849	0.230664	6.612809	0.035475	0.012144	0.001096	0.000000	2807808.000000	14.847915	1371.000000	2048.000000	8423424.000000	0.669434	0.401323	0.003647	0.003647	3.000000	2.103590	2.729772	3.374333	3.688797	4.120062	0.049259	0.085514	0.169736	0.368779	0.015716	0.029125	0.047102	0.073199	1.000000	2.000000	5.000000	23.000000	126.000000	0.000000	0.000000	0.000000	0.015873	0.000000	0.000000	0.000000	0.000000	14.851555	14.851555	14.851555	0.000000	0.000000	0.000000	0.942006	1.223610	1.396851	0.017358	0.026097	0.032855	0.000000	0.000000	58.854801	0.826555	12.000000
	gb82-photo	baby-lossless.png	gb82-photo__baby-lossless.png	medium	576	576	576	2694.321289	0.032185	0.102760	0.002699	0.003044	0.674576	0.234954	46.747234	0.056603	1.889865	1397.000000	0.042633	0.000510	0.000570	0.000000	0.003510	0.003650	2.000000	0.050566	3.930707	6.723240	2.335583	0.205400	0.000000	0.000000	0.000000	0.000000	0.338105	2.378999	1.433565	0.000000	0.000000	0.416586	0.508014	15.109875	0.206365	0.028180	0.004470	0.000000	331776.000000	12.712215	576.000000	576.000000	995328.000000	1.000000	0.000000	0.000000	0.000000	3.000000	2.658965	3.284991	4.103008	4.557564	4.914051	0.051551	0.159149	0.338047	0.883035	0.003260	0.041781	0.084059	0.209274	1.000000	4.000000	10.000000	45.000000	169.000000	0.000000	0.000000	0.015873	0.031746	0.000000	0.000000	0.000000	0.000000	12.712215	12.712215	12.712215	0.000000	0.000000	0.000000	0.000000	0.000000	0.000000	0.000000	0.000000	0.000000	0.000000	0.000000	42.710884	0.687652	11.000000
	cid22-train	Temperament-pie-chart-according-to-Eysenck.png	cid22-train__Temperament-pie-chart-according-to-Eysenck.png	medium	512	512	512	5784.349121	0.140058	0.204561	0.008884	0.009487	0.629883	0.591064	85.334930	2.018938	1.110273	1783.000000	0.054413	0.026550	0.021100	6.000000	0.193480	0.155650	63.000000	0.257663	3.466316	33.097656	14.072266	0.610352	0.000000	0.000000	0.000000	0.000000	0.443459	2.077922	2.375353	0.000000	0.000000	0.102539	0.212517	53.024635	0.617188	0.109282	0.023050	0.000000	262144.000000	12.476649	512.000000	512.000000	786432.000000	1.000000	0.000000	0.000000	0.000000	3.000000	0.000000	4.859161	5.337597	5.429829	5.580504	0.000000	0.000000	1.000000	1.000000	0.000000	0.000000	0.338636	0.851671	0.000000	1.000000	76.000000	255.000000	255.000000	0.000000	0.000000	0.000000	0.222222	0.000000	0.000000	0.000000	0.031746	12.476649	12.476649	12.476649	0.000000	0.000000	0.000000	0.000000	0.000000	0.000000	0.000000	0.000000	0.000000	0.000000	0.000000	9.037558	0.345449	11.000000
	clic-1024-train	8bb119b8ca17492392e1e3ea4b811b32.png	clic-1024-train__8bb119b8ca17492392e1e3ea4b811b32.png	large	1024	1024	1024	2955.104980	0.034246	0.067966	0.002971	0.003126	0.486694	0.184814	35.180511	0.186858	1.721298	1130.000000	0.034485	0.000350	0.000580	0.000000	0.002170	0.004060	0.000000	0.173931	4.216935	5.231445	1.352539	0.008789	0.000000	0.000000	0.000000	0.000000	0.162477	2.878987	0.988834	0.023811	0.000000	0.147461	0.755642	10.589934	0.009766	0.035854	0.002170	0.000000	1048576.000000	13.862944	1024.000000	1024.000000	3145728.000000	1.000000	0.000000	0.000000	0.000000	3.000000	3.120486	3.465306	3.898657	4.137951	4.623063	0.137229	0.253305	0.391881	0.650091	0.036996	0.063399	0.093926	0.136649	4.000000	11.000000	19.000000	49.000000	255.000000	0.000000	0.000000	0.031746	0.047619	0.000000	0.000000	0.000000	0.000000	13.862944	13.862944	13.862944	0.000000	0.000000	0.000000	0.297622	1.031409	1.203695	0.003403	0.017861	0.023811	0.000000	0.000000	33.355766	0.704312	11.000000
	clic-1024-train	ddcd24d99f48eaa369207882a6f37831.png	clic-1024-train__ddcd24d99f48eaa369207882a6f37831.png	large	1024	1024	1024	2608.874023	0.066464	0.089717	0.004893	0.003516	0.530762	0.095337	39.907383	0.273826	1.209329	5200.000000	0.158691	0.001430	0.006040	0.000000	0.004520	0.008400	3.000000	0.105668	4.346264	7.895508	3.994141	0.000000	0.000000	0.000000	0.000000	0.000000	0.014791	2.873968	0.998341	0.034353	0.016718	0.212891	0.045485	15.537815	0.000000	0.034288	0.007084	0.000000	1048576.000000	13.862944	1024.000000	1024.000000	3145728.000000	1.000000	0.000000	0.000000	0.000000	3.000000	2.837973	3.566784	4.327775	4.574054	4.962359	0.072175	0.189851	0.445727	1.000000	0.028076	0.049996	0.139846	0.295839	4.000000	10.000000	22.000000	71.000000	203.000000	0.000000	0.000000	0.015873	0.047619	0.000000	0.000000	0.000000	0.015873	13.862944	13.862944	13.862944	0.000000	0.000000	0.000000	1.144187	1.391101	1.516660	0.018533	0.028873	0.034353	0.000000	0.000000	16.146051	0.756495	13.000000
	size-dense-renders	2693212__sz320.png	size-dense-renders__2693212__sz320.png	medium	320	320	320	1818.211182	0.251894	0.130844	0.011113	0.019548	0.137500	0.001875	65.207809	0.301538	0.901202	1112.000000	0.033936	0.005410	0.007030	0.000000	0.106810	0.131880	8.000000	0.144886	4.119853	22.715626	21.251249	0.005000	0.000000	0.000000	0.000000	0.000000	0.000977	3.963597	0.796407	0.152093	0.041273	0.425000	0.000088	14.655537	0.000000	0.111587	0.041220	0.000000	102400.000000	11.536642	320.000000	320.000000	307200.000000	1.000000	0.000000	0.000000	0.000000	3.000000	4.157396	4.542967	4.792912	4.899398	5.019087	0.464637	0.871164	1.000000	1.000000	0.191248	0.388757	0.639315	0.979658	10.000000	27.000000	50.000000	109.000000	230.000000	0.015873	0.063492	0.111111	0.158730	0.000000	0.015873	0.031746	0.063492	11.536642	11.536642	11.536642	0.000000	0.000000	1.000000	1.732268	2.168746	2.655078	0.042143	0.084993	0.152093	0.000000	0.000000	5.541848	0.832967	11.000000
	cid22-train	pexels-photo-2811087.png	cid22-train__pexels-photo-2811087.png	medium	512	512	512	3184.740234	0.100543	0.063038	0.003671	0.003687	0.302002	0.015625	28.523407	0.230170	1.498496	1137.000000	0.034698	0.000460	0.000380	0.000000	0.002830	0.002240	0.000000	0.151813	4.150046	10.910156	2.083984	0.000000	0.000000	0.000000	0.000000	0.000000	0.104935	3.403594	0.751398	0.120945	0.018725	0.411133	0.540150	12.286480	0.020508	0.058594	0.003999	0.000000	262144.000000	12.476649	512.000000	512.000000	786432.000000	1.000000	0.000000	0.000000	0.000000	3.000000	3.410120	3.935550	4.314887	4.503145	5.125088	0.197294	0.365324	0.648607	1.000000	0.035458	0.059817	0.099789	0.158450	5.000000	16.000000	32.000000	82.000000	255.000000	0.000000	0.015873	0.047619	0.095238	0.000000	0.000000	0.000000	0.000000	12.476649	12.476649	12.476649	0.000000	0.000000	0.000000	1.591066	1.983894	2.464987	0.042421	0.074242	0.120945	0.000000	0.000000	12.747668	0.800025	11.000000
	gb82-photo	dog-lossless.png	gb82-photo__dog-lossless.png	medium	576	576	576	3458.084717	0.042752	0.083697	0.009047	0.007071	0.384066	0.000193	38.014896	0.095738	1.725162	2756.000000	0.084106	0.002440	0.003790	0.000000	0.010180	0.015670	2.000000	0.081536	4.528950	9.146577	3.681774	0.000000	0.000000	0.000000	0.000000	0.000000	0.021852	3.293386	0.639641	0.124913	0.056865	0.559306	0.446392	12.889377	0.001929	0.045155	0.007240	0.000000	331776.000000	12.712215	576.000000	576.000000	995328.000000	1.000000	0.000000	0.000000	0.000000	3.000000	3.250203	3.724940	4.154787	4.434834	4.841600	0.200886	0.317617	0.564229	0.915296	0.074185	0.101101	0.137600	0.185953	4.000000	8.000000	17.000000	52.000000	217.000000	0.000000	0.015873	0.031746	0.063492	0.000000	0.000000	0.000000	0.015873	12.712215	12.712215	12.712215	0.000000	0.000000	0.000000	2.002639	2.303062	2.463496	0.064709	0.100697	0.124913	0.000000	0.000000	26.932816	0.879517	12.000000
	clic-train	ef576c4ed599d75d72145a8f34b58ccb.png	clic-train__ef576c4ed599d75d72145a8f34b58ccb.png	large	2048	2048	1152	1833.435547	0.062554	0.135856	0.007173	0.006760	0.495226	0.025391	55.820347	0.479231	1.466615	12542.000000	0.382751	0.008270	0.010300	11.000000	0.026430	0.035890	17.000000	0.114044	3.800730	9.280273	8.561523	0.000000	0.000000	0.000000	0.000000	0.000000	0.015218	3.174390	0.857336	0.048779	0.020072	0.231445	0.038293	15.263525	0.000000	0.045092	0.016617	0.000000	2359296.000000	14.673874	1152.000000	2048.000000	7077888.000000	0.562500	0.575364	0.000000	0.000000	3.000000	3.123030	3.748808	4.371490	4.690241	4.984574	0.096310	0.242090	0.553575	1.000000	0.048966	0.104900	0.236977	0.451087	6.000000	14.000000	25.000000	68.000000	255.000000	0.000000	0.000000	0.015873	0.063492	0.000000	0.000000	0.000000	0.031746	14.673874	14.673874	14.673874	0.000000	0.000000	0.000000	1.370781	1.753965	2.024216	0.023416	0.036428	0.048779	0.000000	0.000000	22.006472	0.658610	14.000000
	clic-1024-train	22ea12c903e41583b7c469cb86040157.png	clic-1024-train__22ea12c903e41583b7c469cb86040157.png	large	1024	1024	1024	1378.323242	0.071332	0.248152	0.003765	0.005225	0.751831	0.277832	105.391502	0.381211	1.441464	2737.000000	0.083527	0.002250	0.002850	1.000000	0.030790	0.043310	17.000000	0.122967	3.514500	6.655273	6.918945	0.000000	0.000000	0.000000	0.000000	0.000000	0.015687	2.354861	1.153686	0.019264	0.006551	0.150391	0.049360	20.798307	0.000000	0.024802	0.007378	0.000000	1048576.000000	13.862944	1024.000000	1024.000000	3145728.000000	1.000000	0.000000	0.000000	0.000000	3.000000	1.985651	2.895837	4.330959	4.614269	5.174831	0.025488	0.063313	0.209821	1.000000	0.020767	0.034829	0.089644	0.353644	2.000000	5.000000	19.000000	91.000000	255.000000	0.000000	0.000000	0.000000	0.015873	0.000000	0.000000	0.000000	0.000000	13.862944	13.862944	13.862944	0.000000	0.000000	0.000000	0.974857	1.224015	1.299671	0.011583	0.016832	0.019264	0.000000	0.000000	26.960957	0.601868	12.000000
	size-dense-renders	b939ac34faa94b5d0e753d570edc7048__sz768.png	size-dense-renders__b939ac34faa94b5d0e753d570edc7048__sz768.png	medium	768	768	365	3406.914307	0.201691	0.202722	0.010662	0.014253	0.379398	0.131713	79.485153	0.639522	0.961574	7705.000000	0.235138	0.010720	0.020410	3.000000	0.106290	0.200490	22.000000	0.117891	4.225394	22.878704	24.999075	0.039815	0.000000	0.000000	0.000000	0.000000	0.028635	3.321064	1.485255	0.021571	0.006980	0.391667	0.231199	23.982386	0.061111	0.096487	0.036405	0.000000	280320.000000	12.543687	365.000000	768.000000	840960.000000	0.475260	0.743892	0.008219	0.052055	3.000000	3.699664	4.589491	4.991711	5.111743	5.270422	0.100399	0.509009	1.000000	1.000000	0.026561	0.203104	0.714620	1.000000	3.000000	20.000000	56.000000	138.000000	255.000000	0.000000	0.000000	0.063492	0.174603	0.000000	0.000000	0.015873	0.063492	12.551872	12.551872	12.594432	0.000000	0.000000	0.000000	0.000000	0.297624	1.113944	0.000000	0.004346	0.021571	0.000000	0.000000	8.919657	0.772497	13.000000
	size-dense-renders	b939ac34faa94b5d0e753d570edc7048__sz80.png	size-dense-renders__b939ac34faa94b5d0e753d570edc7048__sz80.png	tiny	80	80	38	2824.042725	0.534019	0.183836	0.029195	0.039290	0.025000	0.000000	74.265335	0.167387	0.542854	1196.000000	0.393421	0.037600	0.081250	2.000000	0.475950	0.891470	17.000000	0.155132	4.187739	49.424999	62.674999	0.000000	0.000000	0.000000	0.000000	0.000000	0.031908	4.632742	0.486253	0.758031	0.225704	0.350000	0.205078	20.168949	0.000000	0.205952	0.082143	0.000000	3040.000000	8.019613	38.000000	80.000000	9120.000000	0.475000	0.744440	0.052632	1.021053	3.000000														29.000000	57.000000	92.000000	165.000000	236.000000									8.070906	8.253227	8.723231	0.000000	0.000000	1.000000									2.599652	0.848360	11.000000
	gb82-photo	bulb-lossless.png	gb82-photo__bulb-lossless.png	medium	576	576	576	2811.323975	0.024357	0.021274	0.001152	0.000586	0.654321	0.014853	8.483839	0.051658	1.699957	639.000000	0.019501	0.000130	0.000090	0.000000	0.000370	0.000230	0.000000	0.049535	4.430396	7.229508	0.323047	0.000000	0.000000	0.000000	0.000000	0.000000	0.247724	2.935328	0.693197	0.083602	0.000000	0.538091	0.004090	18.629562	0.009643	0.028195	0.000306	0.000000	331776.000000	12.712215	576.000000	576.000000	995328.000000	1.000000	0.000000	0.000000	0.000000	3.000000	2.855481	3.231979	3.702323	4.524960	5.168174	0.123259	0.204377	0.326432	0.558749	0.000000	0.023394	0.035855	0.057182	3.000000	5.000000	8.000000	47.000000	194.000000	0.000000	0.015873	0.015873	0.031746	0.000000	0.000000	0.000000	0.000000	12.712215	12.712215	12.712215	0.000000	0.000000	0.000000	1.690197	2.040837	2.200671	0.044385	0.062884	0.083602	0.000000	0.000000	59.351727	0.865368	10.000000
	gb82-screen	windows95.png	gb82-screen__windows95.png	medium	640	640	480	4478.113770	0.268383	0.082272	0.003851	0.005135	0.360000	0.360000	27.185276	14.937757	0.831067	14.000000	0.000427	0.049400	0.054600	38.000000	0.677060	0.658980	207.000000	0.865223	1.665641	68.498337	10.990833	0.645000	0.000000	0.000000	0.000000	1.000000	0.974661	3.117141	2.501490	0.000000	0.000000	0.015833	0.000000	71.990051	0.687500	0.202209	0.018307	0.000000	307200.000000	12.635254	480.000000	640.000000	921600.000000	0.750000	0.287682	0.000000	0.000000	3.000000	4.325844	5.376163	5.546820	5.619324	5.719807	0.000000	0.942141	1.000000	1.000000	0.000000	0.000000	0.000000	0.000000	0.000000	126.000000	255.000000	255.000000	255.000000	0.000000	0.000000	0.095238	0.412698	0.000000	0.000000	0.000000	0.000000	12.635254	12.635254	12.635254	0.000000	0.000000	0.000000	0.000000	0.000000	0.000000	0.000000	0.000000	0.000000	0.000000	0.000000	-0.407090	0.331019	4.000000
	size-dense-renders	22ea12c903e41583b7c469cb86040157__sz768.png	size-dense-renders__22ea12c903e41583b7c469cb86040157__sz768.png	medium	768	614	768	1599.370483	0.067137	0.248021	0.004077	0.005514	0.728618	0.262336	106.913658	0.185787	1.576181	2235.000000	0.068207	0.003100	0.004290	1.000000	0.038240	0.059420	21.000000	0.083406	3.680527	7.380633	7.656759	0.005753	0.000000	0.000000	0.000000	0.000000	0.012372	2.302490	1.276820	0.015931	0.011724	0.195590	0.047299	18.805717	0.015340	0.027926	0.009025	0.000000	471552.000000	13.063785	614.000000	768.000000	1414656.000000	0.799479	0.223795	0.003257	0.042345	3.000000	2.020931	3.327767	4.264769	4.636337	5.254595	0.024702	0.069437	0.353048	1.000000	0.025577	0.040733	0.108971	0.495956	1.000000	4.000000	18.000000	76.000000	255.000000	0.000000	0.000000	0.000000	0.031746	0.000000	0.000000	0.000000	0.000000	13.067037	13.079940	13.105258	0.000000	0.000000	0.000000	0.297623	0.829302	1.004724	0.004222	0.011320	0.015931	0.000000	0.000000	25.431898	0.656313	12.000000
	size-dense-renders	22ea12c903e41583b7c469cb86040157__sz80.png	size-dense-renders__22ea12c903e41583b7c469cb86040157__sz80.png	small	80	64	80	1351.111816	0.181033	0.238577	0.010842	0.014301	0.362500	0.025000	103.536568	0.052540	1.020777	587.000000	0.114648	0.021660	0.024480	1.000000	0.230960	0.348770	14.000000	0.069917	3.574985	23.612499	43.162498	0.000000	0.000000	0.000000	0.000000	0.000000	0.013086	3.603416	1.134436	0.067963	0.087577	0.600000	0.059570	24.214817	0.000000	0.082937	0.047619	0.000000	5120.000000	8.540910	64.000000	80.000000	15360.000000	0.800000	0.223144	0.000000	0.200000	3.000000														2.000000	15.000000	44.000000	99.000000	172.000000									8.540910	8.540910	8.723231	0.000000	0.000000	0.000000									5.809540	0.896153	10.000000
	clic-train	b51d5fb537246482ef7a7ab63f093cab.png	clic-train__b51d5fb537246482ef7a7ab63f093cab.png	large	2048	2048	1117	1314.148926	0.003381	0.165073	0.001419	0.001968	0.902455	0.364732	78.637695	0.028427	2.400135	2385.000000	0.072784	0.000140	0.000140	0.000000	0.001200	0.001240	0.000000	0.062247	3.698462	1.332378	1.627507	0.108883	0.000000	0.000000	0.000000	0.000000	0.002141	1.644184	0.988173	0.000000	0.000000	0.172875	0.051653	12.759739	0.179561	0.006959	0.002759	0.000000	2287616.000000	14.643021	1117.000000	2048.000000	6862848.000000	0.545410	0.606217	0.002686	0.002686	3.000000	1.490486	2.210143	3.028158	3.440277	4.068944	0.023512	0.039034	0.092243	0.244847	0.019060	0.041094	0.070032	0.121156	0.000000	2.000000	4.000000	17.000000	223.000000	0.000000	0.000000	0.000000	0.000000	0.000000	0.000000	0.000000	0.000000	14.645703	14.645703	14.645703	0.000000	0.000000	0.000000	0.000000	0.000000	0.000000	0.000000	0.000000	0.000000	0.000000	0.000000	208.700684	0.635375	12.000000
	clic-train	4cd6910a0b7b39365fda5df87618d091.png	clic-train__4cd6910a0b7b39365fda5df87618d091.png	large	2048	2048	1022	2269.390381	0.079154	0.131725	0.000544	0.000303	0.770020	0.741211	43.318020	4.112965	1.164305	192.000000	0.005859	0.002940	0.002620	5.000000	0.004350	0.003870	8.000000	0.284930	1.821501	27.688274	0.638704	0.786463	0.000000	0.000000	0.000000	1.000000	0.909316	1.244409	2.141309	0.000000	0.000000	0.040991	0.000000	59.813412	0.821735	0.077837	0.001332	0.000000	2093056.000000	14.554135	1022.000000	2048.000000	6279168.000000	0.499023	0.695102	0.001957	0.001957	3.000000	0.000000	2.161368	5.421921	5.543057	5.607846	0.000000	0.000000	0.095209	1.000000	0.000000	0.000000	0.000000	0.042725	0.000000	0.000000	17.000000	255.000000	255.000000	0.000000	0.000000	0.000000	0.000000	0.000000	0.000000	0.000000	0.000000	14.556090	14.556090	14.556090	0.000000	0.000000	0.000000	0.000000	0.000000	0.000000	0.000000	0.000000	0.000000	0.000000	0.000000	14.447779	0.209157	8.000000
	clic-train	100a02c269c5948392f283b2aa3bb4da.png	clic-train__100a02c269c5948392f283b2aa3bb4da.png	large	2048	2048	1365	4253.747070	0.020979	0.118666	0.004120	0.003582	0.577091	0.192210	48.662914	0.150738	1.737484	4729.000000	0.144318	0.000570	0.000500	0.000000	0.003000	0.002940	3.000000	0.028713	4.072932	9.160077	4.432015	0.020251	0.000000	0.000000	0.000000	0.000000	0.045036	2.718874	1.180582	0.019163	0.000000	0.480231	0.546494	20.966835	0.048216	0.025516	0.008556	0.000000	2795520.000000	14.843529	1365.000000	2048.000000	8386560.000000	0.666504	0.405709	0.002198	0.008059	3.000000	2.806477	3.618060	4.214996	4.490767	5.085337	0.053957	0.183346	0.508111	1.000000	0.022546	0.050558	0.143135	0.301621	2.000000	6.000000	11.000000	32.000000	250.000000	0.000000	0.000000	0.015873	0.031746	0.000000	0.000000	0.000000	0.015873	14.845724	14.851555	14.851555	0.000000	0.000000	0.000000	0.000000	0.748914	1.076917	0.000000	0.010610	0.019163	0.000000	0.000000	97.147453	0.764643	13.000000
	cid22-train	pexels-photo-2908983.png	cid22-train__pexels-photo-2908983.png	medium	512	512	512	667.956482	0.000785	0.173510	0.003892	0.003028	0.822266	0.124512	64.976105	0.004114	1.541869	719.000000	0.021942	0.000400	0.000640	0.000000	0.001700	0.002610	0.000000	0.034059	3.477740	2.406250	3.889648	0.000000	0.000000	0.000000	0.000000	0.000000	0.012589	2.394358	0.720956	0.031531	0.021784	0.670898	0.266331	3.987375	0.022461	0.014323	0.007906	0.000000	262144.000000	12.476649	512.000000	512.000000	786432.000000	1.000000	0.000000	0.000000	0.000000	3.000000	2.467516	2.919201	3.291337	3.492612	3.953233	0.068355	0.132745	0.228261	0.352866	0.039509	0.072088	0.134033	0.242618	1.000000	2.000000	3.000000	11.000000	51.000000	0.000000	0.000000	0.015873	0.015873	0.000000	0.000000	0.000000	0.015873	12.476649	12.476649	12.476649	0.000000	0.000000	0.000000	0.859402	1.157135	1.320925	0.013828	0.025096	0.031531	0.000000	0.000000	34.067448	0.887645	10.000000
	cid22-train	pexels-photo-2846602.png	cid22-train__pexels-photo-2846602.png	medium	512	512	512	2963.690186	0.072277	0.096570	0.005549	0.005295	0.353760	0.010010	46.753666	0.147027	1.425772	1911.000000	0.058319	0.001250	0.000680	0.000000	0.007320	0.003940	2.000000	0.050882	4.402730	15.846680	5.498047	0.000000	0.000000	0.000000	0.000000	0.000000	0.020130	3.423859	0.915395	0.084385	0.026297	0.576172	0.803196	20.023661	0.015625	0.053757	0.009502	0.000000	262144.000000	12.476649	512.000000	512.000000	786432.000000	1.000000	0.000000	0.000000	0.000000	3.000000	3.416991	4.103325	4.623858	4.891009	5.334986	0.172609	0.382580	0.891941	1.000000	0.046223	0.083536	0.171862	0.296657	4.000000	10.000000	21.000000	71.000000	255.000000	0.000000	0.015873	0.031746	0.079365	0.000000	0.000000	0.000000	0.015873	12.476649	12.476649	12.476649	0.000000	0.000000	0.000000	1.531479	1.868406	2.158316	0.039799	0.060750	0.084385	0.000000	0.000000	34.180187	0.865670	11.000000
	gb82-photo	flowers-lossless.png	gb82-photo__flowers-lossless.png	medium	576	576	576	2432.727051	0.276906	0.124240	0.015453	0.007237	0.115162	0.000000	39.156883	0.715368	0.968229	5118.000000	0.156189	0.007870	0.007870	1.000000	0.009260	0.008470	1.000000	0.182029	4.163832	21.918997	13.069431	0.000000	0.000000	0.000000	0.000000	0.000000	0.018356	4.005124	0.677180	0.215874	0.044036	0.256509	0.047933	17.388569	0.000000	0.129969	0.026970	0.000000	331776.000000	12.712215	576.000000	576.000000	995328.000000	1.000000	0.000000	0.000000	0.000000	3.000000	4.091961	4.497676	4.806732	4.923859	5.118000	0.454074	0.804423	1.000000	1.000000	0.085126	0.166559	0.392862	0.715950	13.000000	32.000000	57.000000	122.000000	255.000000	0.015873	0.063492	0.126984	0.190476	0.000000	0.000000	0.015873	0.047619	12.712215	12.712215	12.712215	0.000000	0.000000	1.000000	2.260332	2.627366	2.972485	0.074390	0.136117	0.215874	0.000000	0.000000	6.441371	0.790442	13.000000
	gb82-screen	gui.png	gb82-screen__gui.png	large	1356	1356	1132	992.170410	0.017204	0.034919	0.000083	0.000051	0.890092	0.867682	11.209268	0.189667	1.833058	147.000000	0.004486	0.000110	0.001690	1.000000	0.000270	0.004150	3.000000	0.064081	2.080684	4.948891	0.242044	0.929605	0.000000	0.000000	0.000000	1.000000	0.994865	0.597915	1.419236	0.000000	0.000000	0.127290	0.000000	37.145672	0.959499	0.013960	0.000230	0.000000	1534992.000000	14.244036	1132.000000	1356.000000	4604976.000000	0.834808	0.180553	0.006494	0.032678	3.000000	0.000000	0.000000	3.374382	4.059012	5.450968	0.000000	0.000000	0.000000	0.387400	0.000000	0.000000	0.000000	0.000000	0.000000	0.000000	0.000000	61.000000	255.000000	0.000000	0.000000	0.000000	0.000000	0.000000	0.000000	0.000000	0.000000	14.250508	14.250508	14.276191	0.000000	0.000000	0.000000	0.000000	0.000000	0.000000	0.000000	0.000000	0.000000	0.000000	0.000000	110.376335	0.154654	8.000000
	gb82-photo	girl-lossless.png	gb82-photo__girl-lossless.png	medium	576	576	576	8070.111328	0.081083	0.107035	0.005458	0.005197	0.503472	0.375964	43.451508	0.231962	1.475601	5921.000000	0.180695	0.002970	0.005340	1.000000	0.017130	0.030110	8.000000	0.067205	3.639218	14.427194	8.049180	0.347155	0.000000	0.000000	0.000000	0.000000	0.419229	2.356393	1.902712	0.000000	0.000000	0.307618	0.255501	27.161457	0.357763	0.051048	0.011648	0.000000	331776.000000	12.712215	576.000000	576.000000	995328.000000	1.000000	0.000000	0.000000	0.000000	3.000000	3.058592	3.863374	4.673657	5.081948	5.496950	0.000000	0.239442	0.657521	1.000000	0.000000	0.043618	0.127453	0.500598	1.000000	9.000000	23.000000	92.000000	255.000000	0.000000	0.000000	0.015873	0.079365	0.000000	0.000000	0.000000	0.015873	12.712215	12.712215	12.712215	0.000000	0.000000	0.000000	0.000000	0.000000	0.000000	0.000000	0.000000	0.000000	0.000000	0.000000	28.938208	0.549681	13.000000
	gb82-photo	grass-lossless.png	gb82-photo__grass-lossless.png	medium	576	576	576	1905.621582	0.298731	0.060267	0.018158	0.005617	0.076003	0.000000	35.131641	0.683680	1.052434	1844.000000	0.056274	0.011990	0.002610	0.000000	0.007100	0.003680	0.000000	0.165015	4.198201	24.339441	9.347156	0.000000	0.000000	0.000000	0.000000	0.000000	0.001456	4.119856	0.590049	0.336503	0.054111	0.551591	0.000383	16.716253	0.000000	0.134500	0.019501	0.000000	331776.000000	12.712215	576.000000	576.000000	995328.000000	1.000000	0.000000	0.000000	0.000000	3.000000	4.241615	4.548624	4.743039	4.861725	5.012128	0.616267	0.993532	1.000000	1.000000	0.111268	0.207045	0.330815	0.467371	12.000000	30.000000	56.000000	121.000000	255.000000	0.031746	0.079365	0.126984	0.190476	0.000000	0.000000	0.015873	0.031746	12.712215	12.712215	12.712215	0.000000	0.000000	1.000000	2.438913	2.895837	3.265080	0.130225	0.215510	0.336503	0.000000	0.015873	7.347388	0.876726	11.000000
	clic-1024-train	ef576c4ed599d75d72145a8f34b58ccb.png	clic-1024-train__ef576c4ed599d75d72145a8f34b58ccb.png	large	1024	1024	1024	2173.972412	0.097492	0.133709	0.009175	0.008360	0.448975	0.041138	57.708225	0.346324	1.339210	10866.000000	0.331604	0.009420	0.011060	7.000000	0.027860	0.041420	13.000000	0.086975	3.945520	11.914062	10.244141	0.001953	0.000000	0.000000	0.000000	0.000000	0.007444	3.135410	1.054791	0.038627	0.013557	0.314453	0.026148	15.205432	0.002930	0.054393	0.019035	0.000000	1048576.000000	13.862944	1024.000000	1024.000000	3145728.000000	1.000000	0.000000	0.000000	0.000000	3.000000	3.102042	4.021798	4.578628	4.825264	5.080242	0.080203	0.253690	0.774366	1.000000	0.042556	0.109582	0.277626	0.520490	5.000000	12.000000	26.000000	74.000000	255.000000	0.000000	0.000000	0.015873	0.095238	0.000000	0.000000	0.000000	0.031746	13.862944	13.862944	13.862944	0.000000	0.000000	0.000000	1.168790	1.511048	1.725171	0.021027	0.030339	0.038627	0.000000	0.000000	19.113327	0.735098	14.000000
	clic-1024-train	a10ae819a2d24873079c93346200cab3.png	clic-1024-train__a10ae819a2d24873079c93346200cab3.png	large	1024	1024	1024	2101.785889	0.109770	0.255699	0.009290	0.009828	0.312988	0.002075	112.098648	0.365690	1.400703	10851.000000	0.331146	0.002390	0.002170	0.000000	0.015520	0.015200	3.000000	0.092953	4.201122	13.889648	12.792969	0.000000	0.000000	0.000000	0.000000	0.000000	0.023021	3.477063	0.827387	0.100119	0.029270	0.465820	0.280439	13.833036	0.001953	0.068809	0.022523	0.000000	1048576.000000	13.862944	1024.000000	1024.000000	3145728.000000	1.000000	0.000000	0.000000	0.000000	3.000000	3.505481	4.095836	4.529918	4.757417	5.095510	0.204029	0.422651	0.847863	1.000000	0.060471	0.150991	0.335676	0.631451	4.000000	12.000000	29.000000	73.000000	255.000000	0.000000	0.015873	0.047619	0.111111	0.000000	0.000000	0.015873	0.031746	13.862944	13.862944	13.862944	0.000000	0.000000	0.000000	1.694058	2.031156	2.339948	0.043351	0.068596	0.100119	0.000000	0.000000	11.599785	0.854727	14.000000
	gb82-screen	windows.png	gb82-screen__windows.png	large	2560	2560	1392	3159.786865	0.066230	0.048655	0.007409	0.005270	0.786500	0.774625	15.422240	5.820934	1.180002	1593.000000	0.048615	0.129740	0.042120	26.000000	0.417150	0.130150	84.000000	0.386694	1.931880	21.409883	6.476744	0.830426	0.000000	0.000000	0.000000	0.000000	0.916591	1.042402	2.029092	0.000000	0.000000	0.031008	0.005686	65.406860	0.843992	0.063846	0.011551	0.000000	3563520.000000	15.086260	1392.000000	2560.000000	10690560.000000	0.543750	0.609266	0.000000	0.011494	3.000000	0.000000	0.000000	5.154968	5.443427	5.637906	0.000000	0.000000	0.000000	1.000000	0.000000	0.000000	0.000000	0.270324	0.000000	0.000000	7.000000	255.000000	255.000000	0.000000	0.000000	0.000000	0.000000	0.000000	0.000000	0.000000	0.000000	15.086260	15.086260	15.097688	0.000000	0.000000	0.000000	0.000000	0.000000	0.000000	0.000000	0.000000	0.000000	0.000000	0.000000	15.371271	0.149904	11.000000
	clic-train	5dbdb989cf026f7ab3dd7167d7fc0fe2.png	clic-train__5dbdb989cf026f7ab3dd7167d7fc0fe2.png	large	2048	1365	2048	2329.865723	0.275489	0.156888	0.009569	0.007110	0.053287	0.000000	60.133293	2.655638	1.090733	10042.000000	0.306458	0.007180	0.006850	2.000000	0.021140	0.021730	6.000000	0.161992	4.207862	22.883318	10.999036	0.000000	0.000000	0.000000	0.000000	0.000000	0.043624	4.035232	0.589882	0.230733	0.026421	0.205400	0.563108	17.841619	0.000000	0.101177	0.017756	0.000000	2795520.000000	14.843529	1365.000000	2048.000000	8386560.000000	0.666504	0.405709	0.002198	0.008059	3.000000	3.975391	4.481385	4.842161	5.016724	5.186921	0.382962	0.674855	1.000000	1.000000	0.043901	0.087698	0.230268	0.632157	20.000000	39.000000	64.000000	128.000000	255.000000	0.015873	0.047619	0.079365	0.142857	0.000000	0.000000	0.000000	0.031746	14.845724	14.851555	14.851555	0.000000	1.000000	3.000000	2.639922	3.146981	3.331171	0.096822	0.172160	0.230733	0.000000	0.000000	6.216274	0.697743	14.000000
	clic-train	a36713f1943dac6bc74dea50cadaee6f.png	clic-train__a36713f1943dac6bc74dea50cadaee6f.png	large	2048	1365	2048	2569.725586	0.136915	0.282537	0.014346	0.014350	0.517647	0.000226	114.457893	2.125237	1.251699	18120.000000	0.552979	0.014030	0.009570	3.000000	0.089660	0.065050	21.000000	0.147396	3.983660	16.756027	16.641273	0.000000	0.000000	0.000000	0.000000	0.000000	0.068296	3.340565	0.993834	0.052050	0.026329	0.144648	0.064786	30.765345	0.000000	0.065421	0.025394	0.000000	2795520.000000	14.843529	1365.000000	2048.000000	8386560.000000	0.666504	0.405709	0.002198	0.008059	3.000000	3.011121	4.163798	4.891984	5.153656	5.343719	0.068684	0.165147	0.884655	1.000000	0.039919	0.119572	0.436780	0.830207	10.000000	22.000000	46.000000	149.000000	255.000000	0.000000	0.000000	0.015873	0.111111	0.000000	0.000000	0.000000	0.047619	14.845724	14.851555	14.851555	0.000000	0.000000	1.000000	2.036866	2.185932	2.247820	0.035535	0.047055	0.052050	0.000000	0.000000	16.402578	0.520837	15.000000
	clic-1024-train	2c1f84548ef99faec2b4f9bf12227c83.png	clic-1024-train__2c1f84548ef99faec2b4f9bf12227c83.png	large	1024	1024	1024	7289.934082	0.036333	0.090464	0.003235	0.002854	0.575439	0.141724	35.734409	0.137484	1.559129	2714.000000	0.082825	0.000510	0.000590	0.000000	0.003120	0.002980	1.000000	0.060703	4.539135	7.421875	1.874023	0.039062	0.000000	0.000000	0.000000	0.000000	0.017711	2.673238	1.194816	0.017585	0.000000	0.398438	0.264879	13.652411	0.082031	0.031405	0.003705	0.000000	1048576.000000	13.862944	1024.000000	1024.000000	3145728.000000	1.000000	0.000000	0.000000	0.000000	3.000000	2.831190	3.470537	4.245326	4.568437	4.888700	0.065665	0.193242	0.406073	1.000000	0.010276	0.031443	0.067099	0.141086	2.000000	5.000000	13.000000	48.000000	255.000000	0.000000	0.000000	0.015873	0.047619	0.000000	0.000000	0.000000	0.000000	13.862944	13.862944	13.862944	0.000000	0.000000	0.000000	0.000000	0.467977	0.993851	0.000000	0.006045	0.017585	0.000000	0.000000	55.728485	0.754639	12.000000
	clic-train	4a18abf66d65ad1a95ce455c8b6cd8de.png	clic-train__4a18abf66d65ad1a95ce455c8b6cd8de.png	large	2048	1463	2048	2506.715576	0.178916	0.171936	0.010448	0.014147	0.308331	0.011117	78.587006	1.994738	1.247874	2173.000000	0.066315	0.005340	0.006600	0.000000	0.067570	0.079940	7.000000	0.124293	3.575551	16.322393	10.949807	0.004826	0.000000	0.000000	0.000000	0.000000	0.001398	3.511861	0.947206	0.072090	0.000000	0.172780	0.000036	22.191940	0.004826	0.065101	0.020439	0.000000	2996224.000000	14.912864	1463.000000	2048.000000	8988672.000000	0.714355	0.336375	0.000684	0.006152	3.000000	3.359287	4.189416	4.873819	5.178672	5.392371	0.128305	0.209783	0.858275	1.000000	0.034419	0.111441	0.359004	0.778978	13.000000	29.000000	52.000000	124.000000	255.000000	0.000000	0.000000	0.015873	0.126984	0.000000	0.000000	0.000000	0.031746	14.913547	14.918996	14.918996	0.000000	0.000000	1.000000	1.031407	2.045079	2.524721	0.009617	0.042909	0.072090	0.000000	0.000000	9.735950	0.477705	12.000000
	gb82-screen	imessage.png	gb82-screen__imessage.png	large	2622	1206	2622	2577.605469	0.026193	0.189581	0.002459	0.001625	0.889383	0.873210	68.188980	0.899222	1.528804	506.000000	0.015442	0.009580	0.014380	3.000000	0.027550	0.041020	11.000000	0.077490	2.283487	9.695402	3.995211	0.729885	0.000000	0.000000	0.000000	0.000000	0.764009	0.777118	1.552792	0.000000	0.000000	0.071839	0.000000	47.943714	0.804598	0.020161	0.004683	0.000000	3162132.000000	14.966757	1206.000000	2622.000000	9486396.000000	0.459954	0.776628	0.002422	0.009061	3.000000	0.000000	1.055348	4.100922	5.150691	5.650965	0.000000	0.000000	0.019037	0.866380	0.000000	0.000000	0.006356	0.026508	0.000000	0.000000	1.000000	132.000000	255.000000	0.000000	0.000000	0.000000	0.000000	0.000000	0.000000	0.000000	0.000000	14.969176	14.975778	14.975778	0.000000	0.000000	0.000000	0.000000	0.000000	0.000000	0.000000	0.000000	0.000000	0.000000	0.000000	51.226997	0.198370	9.000000
	gb82-screen	imac_g3.png	gb82-screen__imac_g3.png	large	2940	2940	1912	3923.463867	0.078938	0.048232	0.002332	0.001120	0.724925	0.708706	15.316603	8.254455	0.926690	1105.000000	0.033722	0.006500	0.005100	4.000000	0.008110	0.006660	5.000000	0.102940	1.510746	36.665699	2.093023	0.786822	0.000000	0.000000	0.000000	0.000000	0.963463	1.172507	2.188098	0.000000	0.000000	0.119186	0.001624	70.128593	0.831395	0.063892	0.003045	0.000000	5621280.000000	15.542070	1912.000000	2940.000000	16863840.000000	0.650340	0.430260	0.001361	0.005550	3.000000	0.000000	0.000000	5.626924	5.717159	5.760070	0.000000	0.000000	0.000000	1.000000	0.000000	0.000000	0.000000	0.028482	0.000000	0.000000	49.000000	255.000000	255.000000	0.000000	0.000000	0.000000	0.000000	0.000000	0.000000	0.000000	0.000000	15.543429	15.547605	15.547605	0.000000	0.000000	0.000000	0.000000	0.000000	0.000000	0.000000	0.000000	0.000000	0.000000	0.000000	10.674411	0.202400	11.000000
	clic-train	60430844748882ff66b9a5598ef06dd6.png	clic-train__60430844748882ff66b9a5598ef06dd6.png	large	2048	1446	2048	3837.497803	0.005769	0.289147	0.002439	0.002412	0.889651	0.551525	122.293182	0.033808	2.048014	4356.000000	0.132935	0.000430	0.000410	0.000000	0.002500	0.002160	3.000000	0.065610	3.813856	1.625977	2.371094	0.006836	0.000000	0.000000	0.000000	0.000000	0.002276	1.792372	0.863228	0.016033	0.000000	0.124023	0.074492	9.135839	0.045898	0.006665	0.003937	0.000000	2961408.000000	14.901175	1446.000000	2048.000000	8884224.000000	0.706055	0.348063	0.001383	0.017981	3.000000	1.565258	2.148448	3.133614	3.606272	4.289140	0.025041	0.036071	0.084432	0.277196	0.000000	0.019930	0.044150	0.144044	1.000000	2.000000	4.000000	18.000000	117.000000	0.000000	0.000000	0.000000	0.000000	0.000000	0.000000	0.000000	0.000000	14.902557	14.908067	14.918996	0.000000	0.000000	0.000000	0.000000	0.777016	0.974854	0.000000	0.011793	0.016033	0.000000	0.000000	75.150085	0.606756	13.000000
	clic-train	aed95e005df28e790519eefb6eb1e565.png	clic-train__aed95e005df28e790519eefb6eb1e565.png	large	2048	2048	1367	1587.602539	0.021881	0.184440	0.005287	0.002416	0.837086	0.023093	102.674988	0.385594	2.207709	3056.000000	0.093262	0.002770	0.003520	1.000000	0.005390	0.004710	4.000000	0.183252	3.715514	3.247830	3.398264	0.000000	0.000000	0.000000	0.000000	0.000000	0.000980	2.426684	0.753962	0.029108	0.013052	0.084860	0.225455	26.164064	0.000000	0.014511	0.005235	0.000000	2799616.000000	14.844993	1367.000000	2048.000000	8398848.000000	0.667480	0.404245	0.000732	0.006584	3.000000	2.190289	2.564370	3.685333	4.146461	4.731366	0.037240	0.052513	0.084656	0.482784	0.019508	0.027595	0.046204	0.268590	4.000000	9.000000	15.000000	56.000000	255.000000	0.000000	0.000000	0.000000	0.000000	0.000000	0.000000	0.000000	0.000000	14.845724	14.851555	14.851555	0.000000	0.000000	0.000000	1.496367	1.668473	1.766111	0.019148	0.025216	0.029108	0.000000	0.000000	108.196777	0.391068	12.000000
	clic-train	5e5ce43575fa67fdc0dd37146d7f479e.png	clic-train__5e5ce43575fa67fdc0dd37146d7f479e.png	large	2048	2048	1641	2720.729980	0.244387	0.150145	0.004366	0.003273	0.042050	0.000000	54.250614	3.212990	1.490789	7403.000000	0.225922	0.003420	0.005330	3.000000	0.007320	0.014500	6.000000	0.316255	4.500170	11.063107	3.288350	0.000000	0.000000	0.000000	0.000000	0.000000	0.094484	3.616358	0.544628	0.132353	0.000000	0.053398	0.110824	20.089724	0.001942	0.043027	0.005502	0.000000	3360768.000000	15.027680	1641.000000	2048.000000	10082304.000000	0.801270	0.221558	0.004266	0.014016	3.000000	3.462265	3.648968	4.485636	4.968972	5.327494	0.163439	0.202821	0.300374	1.000000	0.018366	0.029235	0.056691	0.207083	23.000000	42.000000	64.000000	134.000000	255.000000	0.000000	0.000000	0.015873	0.031746	0.000000	0.000000	0.000000	0.000000	15.031937	15.031937	15.041598	0.000000	2.000000	4.000000	2.922693	3.100521	3.209783	0.090697	0.117675	0.132353	0.000000	0.000000	8.904701	0.339743	13.000000
	clic-train	7e499613c3e376ea93afb3649719abeb.png	clic-train__7e499613c3e376ea93afb3649719abeb.png	large	2048	1535	2048	4670.517090	0.077341	0.111450	0.002853	0.001842	0.683550	0.366370	53.525990	0.680163	1.470464	2257.000000	0.068878	0.000390	0.000330	0.000000	0.001330	0.001020	0.000000	0.149276	4.286739	9.342939	2.463977	0.182517	0.000000	0.000000	0.000000	0.000000	0.002190	2.318990	1.534053	0.000000	0.000000	0.372719	0.682854	21.337475	0.294909	0.043212	0.005093	0.000000	3143680.000000	14.960905	1535.000000	2048.000000	9431040.000000	0.749512	0.288333	0.000651	0.000651	3.000000	2.355756	3.535642	4.463219	4.795824	5.213160	0.029154	0.113737	0.439583	1.000000	0.000000	0.034652	0.089497	0.184994	1.000000	5.000000	19.000000	92.000000	255.000000	0.000000	0.000000	0.000000	0.047619	0.000000	0.000000	0.000000	0.000000	14.961555	14.961555	14.961555	0.000000	0.000000	0.000000	0.000000	0.000000	0.000000	0.000000	0.000000	0.000000	0.000000	0.000000	38.571453	0.707300	12.000000
	clic-train	c80999cd5533e448167cd9b3ccfa2a37.png	clic-train__c80999cd5533e448167cd9b3ccfa2a37.png	large	2048	2048	878	3189.036621	0.233361	0.330221	0.023147	0.013002	0.112956	0.000217	147.367432	1.482221	1.233903	8010.000000	0.244446	0.019530	0.017130	3.000000	0.032500	0.044870	9.000000	0.142410	4.472538	21.487427	23.382978	0.000000	0.000000	0.000000	0.000000	0.000000	0.000183	3.946237	0.664564	0.239229	0.108334	0.543520	0.007950	17.574017	0.005803	0.107903	0.038163	0.000000	1798144.000000	14.402266	878.000000	2048.000000	5394432.000000	0.428711	0.846972	0.002278	0.020501	3.000000	4.018523	4.375913	4.768882	4.914560	5.224632	0.448677	0.705688	1.000000	1.000000	0.180160	0.278519	0.471887	0.711357	8.000000	26.000000	54.000000	122.000000	255.000000	0.031746	0.047619	0.095238	0.158730	0.000000	0.015873	0.031746	0.063492	14.404541	14.404541	14.422560	0.000000	0.000000	0.000000	2.219945	2.673697	2.985399	0.100647	0.167806	0.239229	0.000000	0.015873	8.293508	0.839482	13.000000
	clic-train	0c49a5cce349020bbba2f97ae41e90ba.png	clic-train__0c49a5cce349020bbba2f97ae41e90ba.png	large	2048	2048	1358	4101.692383	0.072524	0.215337	0.005001	0.005454	0.569853	0.083295	88.419617	0.771149	1.370685	3170.000000	0.096741	0.003560	0.004920	1.000000	0.027020	0.047360	12.000000	0.101843	4.119539	12.422891	10.645975	0.001940	0.000000	0.000000	0.000000	0.000000	0.172368	3.005812	1.116615	0.036078	0.000000	0.361785	0.012338	26.753546	0.000000	0.042800	0.012825	0.000000	2781184.000000	14.838387	1358.000000	2048.000000	8343552.000000	0.663086	0.410851	0.001473	0.013255	3.000000	2.827036	3.924531	4.605257	4.931844	5.167137	0.070569	0.188488	0.715378	1.000000	0.020746	0.046359	0.252308	0.721822	3.000000	8.000000	19.000000	99.000000	255.000000	0.000000	0.000000	0.015873	0.063492	0.000000	0.000000	0.000000	0.015873	14.839859	14.839859	14.851555	0.000000	0.000000	0.000000	0.859397	1.317016	1.681243	0.013229	0.024953	0.036078	0.000000	0.000000	48.883736	0.759582	12.000000
	clic-train	b939ac34faa94b5d0e753d570edc7048.png	clic-train__b939ac34faa94b5d0e753d570edc7048.png	large	2048	2048	972	3616.330811	0.126718	0.201963	0.006135	0.007513	0.547001	0.234249	78.627251	1.775907	1.221117	12836.000000	0.391724	0.002560	0.005100	1.000000	0.026060	0.050440	13.000000	0.155227	4.242727	18.572121	14.275895	0.073572	0.000000	0.000000	0.000000	0.000000	0.027245	2.858202	1.593905	0.012180	0.000000	0.348500	0.234403	32.021610	0.119071	0.071728	0.020467	0.000000	1990656.000000	14.503975	972.000000	2048.000000	5971968.000000	0.474609	0.745263	0.004115	0.020576	3.000000	2.836918	4.396805	4.953779	5.152009	5.336816	0.040468	0.193168	1.000000	1.000000	0.018342	0.067833	0.337892	0.888025	1.000000	8.000000	46.000000	158.000000	255.000000	0.000000	0.000000	0.015873	0.111111	0.000000	0.000000	0.000000	0.031746	14.508081	14.508081	14.524343	0.000000	0.000000	0.000000	0.000000	0.000000	0.676696	0.000000	0.000000	0.012180	0.000000	0.000000	14.672811	0.727395	14.000000
	gb82-screen	gmessages.png	gb82-screen__gmessages.png	large	3088	1440	3088	1009.787964	0.020857	0.020730	0.000293	0.000159	0.914583	0.906713	10.670524	0.797808	1.499466	455.000000	0.013885	0.000030	0.000040	0.000000	0.000070	0.000080	0.000000	0.082079	1.696440	8.752408	0.190751	0.917148	0.000000	0.000000	0.000000	0.000000	0.004793	0.486804	1.454326	0.000000	0.000000	0.066474	0.000000	47.020321	0.923892	0.018473	0.000367	0.000000	4446720.000000	15.307677	1440.000000	3088.000000	13340160.000000	0.466321	0.762881	0.000000	0.005181	3.000000	0.000000	0.000000	2.536559	5.260521	5.535852	0.000000	0.000000	0.000000	0.138507	0.000000	0.000000	0.000000	0.000000	0.000000	0.000000	0.000000	122.000000	255.000000	0.000000	0.000000	0.000000	0.000000	0.000000	0.000000	0.000000	0.000000	15.307677	15.307677	15.312845	0.000000	0.000000	0.000000	0.000000	0.000000	0.000000	0.000000	0.000000	0.000000	0.000000	0.000000	67.728363	0.093229	9.000000
	clic-train	d1a9be98d1936065967adac50a6fb750.png	clic-train__d1a9be98d1936065967adac50a6fb750.png	large	2048	2048	1270	2291.981445	0.056871	0.076093	0.002164	0.001622	0.736013	0.515373	29.362061	0.226396	1.593376	1553.000000	0.047394	0.000340	0.000310	0.000000	0.001380	0.001400	0.000000	0.070279	3.919648	7.059730	1.318882	0.010597	0.000000	0.000000	0.000000	0.000000	0.740680	2.162393	1.304685	0.014650	0.000000	0.271676	0.215728	11.059365	0.019268	0.030859	0.003058	0.000000	2600960.000000	14.771391	1270.000000	2048.000000	7802880.000000	0.620117	0.477847	0.001575	0.007874	3.000000	1.528072	3.305214	4.346228	4.622120	4.879675	0.020459	0.030403	0.351141	1.000000	0.000000	0.000000	0.034770	0.155468	2.000000	4.000000	12.000000	56.000000	255.000000	0.000000	0.000000	0.000000	0.031746	0.000000	0.000000	0.000000	0.000000	14.772964	14.779234	14.779234	0.000000	0.000000	0.000000	0.000000	0.748911	1.000000	0.000000	0.009331	0.014650	0.000000	0.000000	34.327122	0.598011	11.000000
	clic-train	1e2f9d41529197f10d32bfa68a1e0bcc.png	clic-train__1e2f9d41529197f10d32bfa68a1e0bcc.png	large	2048	2048	1365	3155.755127	0.624846	0.147579	0.066257	0.026894	0.000000	0.000000	78.758400	5.422972	0.646778	2214.000000	0.067566	0.121270	0.146960	4.000000	0.131870	0.160150	7.000000	0.104054	4.361234	66.164902	44.793636	0.000000	0.000000	0.000000	0.000000	0.000000	0.007802	4.915116	0.343606	1.000000	0.547434	0.512054	0.508592	24.491673	0.000000	0.255147	0.097259	0.000000	2795520.000000	14.843529	1365.000000	2048.000000	8386560.000000	0.666504	0.405709	0.002198	0.008059	3.000000	4.986754	5.173666	5.304627	5.361748	5.418374	1.000000	1.000000	1.000000	1.000000	0.679472	0.855023	1.000000	1.000000	32.000000	60.000000	94.000000	166.000000	255.000000	0.174603	0.222222	0.253968	0.301587	0.063492	0.079365	0.095238	0.111111	14.845724	14.851555	14.851555	0.000000	2.000000	5.000000	3.933104	4.271490	4.418477	0.674629	0.930902	1.000000	0.111111	0.158730	2.570538	0.872256	12.000000
	clic-train	100f17892cf7bb12beb12479641fcc4c.png	clic-train__100f17892cf7bb12beb12479641fcc4c.png	large	2048	1365	2048	373.890045	0.059264	0.019491	0.001586	0.001099	0.739706	0.282353	11.012901	0.488188	1.740273	690.000000	0.021057	0.000200	0.000190	0.000000	0.000640	0.000610	0.000000	0.567651	2.359462	2.499518	0.182257	0.031823	0.000000	0.000000	0.000000	0.000000	0.007124	2.345697	1.072723	0.019673	0.000000	0.019286	0.076551	10.563240	0.064609	0.026481	0.000321	0.000000	2795520.000000	14.843529	1365.000000	2048.000000	8386560.000000	0.666504	0.405709	0.002198	0.008059	3.000000	2.276318	3.161214	3.896436	4.134372	4.394907	0.038554	0.073821	0.236024	0.541204	0.003600	0.022730	0.038432	0.064255	2.000000	9.000000	23.000000	72.000000	236.000000	0.000000	0.000000	0.000000	0.015873	0.000000	0.000000	0.000000	0.000000	14.845724	14.851555	14.851555	0.000000	0.000000	0.000000	0.000000	0.586518	1.096370	0.000000	0.010738	0.019673	0.000000	0.000000	20.642139	0.532826	10.000000
	clic-train	28d24b9c83de066597ff96a68769884f.png	clic-train__28d24b9c83de066597ff96a68769884f.png	large	2048	2048	1332	3993.040771	0.021295	0.168428	0.001837	0.001203	0.838897	0.275805	73.904091	0.142415	1.786527	1904.000000	0.058105	0.000260	0.000210	0.000000	0.000960	0.000890	0.000000	0.068426	4.020081	3.473481	0.559306	0.000000	0.000000	0.000000	0.000000	0.000000	0.219602	2.053661	0.926193	0.019737	0.000000	0.193828	0.387851	19.914780	0.002893	0.013883	0.000949	0.000000	2727936.000000	14.819056	1332.000000	2048.000000	8183808.000000	0.650391	0.430182	0.003003	0.009009	3.000000	1.711675	2.471085	3.377443	4.155901	5.004858	0.026661	0.045165	0.129503	0.372857	0.013883	0.025298	0.032904	0.053211	1.000000	3.000000	6.000000	41.000000	255.000000	0.000000	0.000000	0.000000	0.000000	0.000000	0.000000	0.000000	0.000000	14.822054	14.828025	14.828025	0.000000	0.000000	0.000000	0.902240	1.133838	1.217073	0.011376	0.016808	0.019737	0.000000	0.000000	115.594948	0.637904	11.000000
	clic-train	8bb119b8ca17492392e1e3ea4b811b32.png	clic-train__8bb119b8ca17492392e1e3ea4b811b32.png	large	2048	1365	2048	2988.978760	0.049693	0.064994	0.002203	0.002264	0.516263	0.127105	33.521523	0.405487	1.575228	1371.000000	0.041840	0.000240	0.000330	0.000000	0.001300	0.002060	0.000000	0.154445	4.380111	6.118611	1.221794	0.014465	0.000000	0.000000	0.000000	0.000000	0.122793	2.967268	0.951289	0.029235	0.007933	0.156220	0.743489	16.012396	0.021215	0.039216	0.001776	0.000000	2795520.000000	14.843529	1365.000000	2048.000000	8386560.000000	0.666504	0.405709	0.002198	0.008059	3.000000	3.052399	3.508184	4.055922	4.351680	4.828764	0.136284	0.230180	0.406746	0.773495	0.033154	0.056931	0.084189	0.123329	5.000000	11.000000	20.000000	61.000000	255.000000	0.000000	0.000000	0.015873	0.047619	0.000000	0.000000	0.000000	0.000000	14.845724	14.851555	14.851555	0.000000	0.000000	0.000000	0.000000	1.125782	1.320926	0.000000	0.022131	0.029235	0.000000	0.000000	43.876453	0.718368	11.000000
	clic-train	d79d465ac77c36518e0f0d626bf97ec4.png	clic-train__d79d465ac77c36518e0f0d626bf97ec4.png	large	2048	1638	2048	6877.104492	0.112532	0.049851	0.000240	0.000170	0.535714	0.224440	17.559248	2.923830	1.631473	517.000000	0.015778	0.000020	0.000020	0.000000	0.000070	0.000080	0.000000	0.559303	4.184413	8.415039	0.050781	0.064453	0.000000	0.000000	0.000000	0.000000	0.687805	2.853127	1.232965	0.021813	0.000000	0.075195	0.000011	35.220444	0.080078	0.046425	0.000078	0.000000	3354624.000000	15.025850	1638.000000	2048.000000	10063872.000000	0.799805	0.223388	0.001221	0.015873	3.000000	3.173000	3.511463	4.190296	4.666948	5.291961	0.072039	0.126491	0.346500	0.837925	0.000000	0.000000	0.016711	0.028176	5.000000	21.000000	46.000000	174.000000	255.000000	0.000000	0.000000	0.000000	0.047619	0.000000	0.000000	0.000000	0.000000	15.027070	15.031937	15.041598	0.000000	0.000000	0.000000	0.000000	0.000000	1.031410	0.000000	0.000000	0.021813	0.000000	0.000000	22.456661	0.459332	10.000000
	clic-train	11f2b039b293758398b1a7a8afa64bb2.png	clic-train__11f2b039b293758398b1a7a8afa64bb2.png	large	2048	1638	2048	1572.899414	0.108963	0.199234	0.005190	0.004163	0.662115	0.515990	74.384201	1.462053	1.540278	5531.000000	0.168793	0.002410	0.002080	1.000000	0.011700	0.009780	4.000000	0.220651	3.652327	7.617188	2.805664	0.156250	0.000000	0.000000	0.000000	0.000000	0.001996	2.212163	1.507470	0.000000	0.000000	0.229492	0.281497	20.969744	0.205078	0.038613	0.005921	0.000000	3354624.000000	15.025850	1638.000000	2048.000000	10063872.000000	0.799805	0.223388	0.001221	0.015873	3.000000	2.206109	3.437014	4.348489	4.738519	5.117107	0.021002	0.089385	0.314640	1.000000	0.000000	0.024668	0.098013	0.234973	1.000000	9.000000	34.000000	129.000000	255.000000	0.000000	0.000000	0.000000	0.031746	0.000000	0.000000	0.000000	0.000000	15.027070	15.031937	15.041598	0.000000	0.000000	0.000000	0.000000	0.000000	0.000000	0.000000	0.000000	0.000000	0.000000	0.000000	22.267347	0.566212	13.000000
	clic-train	870516c65d81fb9267de6865964083a9.png	clic-train__870516c65d81fb9267de6865964083a9.png	large	2048	2048	1360	5387.393555	0.171939	0.107632	0.005686	0.006983	0.375115	0.125804	43.804958	1.476707	1.211936	10930.000000	0.333557	0.001290	0.001510	0.000000	0.015420	0.013960	8.000000	0.117137	4.675080	18.415623	6.343298	0.005786	0.000000	0.000000	0.000000	0.000000	0.013902	3.312755	1.281731	0.031580	0.010170	0.320154	0.337237	22.652033	0.021215	0.082947	0.012628	0.000000	2785280.000000	14.839859	1360.000000	2048.000000	8355840.000000	0.664062	0.409379	0.000000	0.011765	3.000000	3.509034	4.326201	4.948498	5.104128	5.289719	0.101223	0.374399	1.000000	1.000000	0.031042	0.090345	0.197238	0.412833	6.000000	20.000000	46.000000	117.000000	255.000000	0.000000	0.000000	0.047619	0.158730	0.000000	0.000000	0.000000	0.015873	14.839859	14.839859	14.851555	0.000000	0.000000	0.000000	0.467981	1.157134	1.320924	0.009139	0.023538	0.031580	0.000000	0.000000	11.406974	0.750649	14.000000
	clic-train	a10ae819a2d24873079c93346200cab3.png	clic-train__a10ae819a2d24873079c93346200cab3.png	large	2048	1366	2048	2130.000977	0.083443	0.253965	0.006946	0.007526	0.407036	0.007958	112.606659	0.321838	1.402792	12935.000000	0.394745	0.001110	0.001000	0.000000	0.007910	0.007270	1.000000	0.055186	4.225456	12.042430	10.013500	0.000000	0.000000	0.000000	0.000000	0.000000	0.018551	3.305190	0.896980	0.075062	0.028158	0.553520	0.282471	11.420948	0.000000	0.055747	0.017557	0.000000	2797568.000000	14.844261	1366.000000	2048.000000	8392704.000000	0.666992	0.404977	0.001464	0.007321	3.000000	3.344831	4.020573	4.436424	4.709706	5.065646	0.142655	0.356507	0.782555	1.000000	0.051052	0.116502	0.267415	0.523291	3.000000	9.000000	22.000000	52.000000	212.000000	0.000000	0.015873	0.031746	0.095238	0.000000	0.000000	0.015873	0.031746	14.845724	14.851555	14.851555	0.000000	0.000000	0.000000	1.513343	1.822414	2.084521	0.033466	0.055615	0.075062	0.000000	0.000000	10.154166	0.868092	14.000000
	clic-train	097cb426910ba8ce2525dd8bb7fb1777.png	clic-train__097cb426910ba8ce2525dd8bb7fb1777.png	large	2048	1507	2048	734.327209	0.024559	0.037971	0.000866	0.000812	0.814696	0.581024	13.965720	0.291254	2.161860	1164.000000	0.035522	0.000080	0.000080	0.000000	0.000470	0.000470	0.000000	0.330611	2.923602	1.615234	0.206055	0.035156	0.000000	0.000000	0.000000	0.000000	0.068661	1.821659	1.032687	0.011148	0.000000	0.075195	0.046469	8.072692	0.057617	0.008867	0.000403	0.000000	3086336.000000	14.942495	1507.000000	2048.000000	9259008.000000	0.735840	0.306743	0.003318	0.019244	3.000000	1.444972	2.662699	3.489798	3.661172	4.211637	0.018239	0.026124	0.132484	0.299383	0.000000	0.017364	0.029357	0.042574	1.000000	4.000000	16.000000	57.000000	212.000000	0.000000	0.000000	0.000000	0.000000	0.000000	0.000000	0.000000	0.000000	14.945807	14.951084	14.961555	0.000000	0.000000	0.000000	0.000000	0.467980	0.808719	0.000000	0.006109	0.011148	0.000000	0.000000	20.352331	0.431542	11.000000
	clic-train	afe3676bbfcf7183d697ff7b5d5bd45b.png	clic-train__afe3676bbfcf7183d697ff7b5d5bd45b.png	large	2048	2048	1365	2366.011963	0.086915	0.109513	0.005289	0.005419	0.371209	0.110869	42.297924	0.446547	1.354903	4565.000000	0.139313	0.000750	0.000760	0.000000	0.004810	0.004700	1.000000	0.052291	3.984405	16.974928	7.840887	0.044359	0.000000	0.000000	0.000000	0.000000	0.048674	3.237659	1.300881	0.030046	0.000000	0.734812	0.263363	18.192757	0.110897	0.061104	0.014878	0.000000	2795520.000000	14.843529	1365.000000	2048.000000	8386560.000000	0.666504	0.405709	0.002198	0.008059	3.000000	3.539873	4.244426	4.700640	4.896237	5.182717	0.126850	0.467295	1.000000	1.000000	0.033464	0.098267	0.254111	0.450622	2.000000	6.000000	17.000000	73.000000	255.000000	0.000000	0.000000	0.047619	0.095238	0.000000	0.000000	0.000000	0.031746	14.845724	14.851555	14.851555	0.000000	0.000000	0.000000	0.000000	0.676697	1.273001	0.000000	0.013557	0.030046	0.000000	0.000000	47.069489	0.871519	13.000000
	clic-train	14ab4af28901fbeb1356b06d2d08ae06.png	clic-train__14ab4af28901fbeb1356b06d2d08ae06.png	large	2048	1391	2048	1510.874023	0.111967	0.104071	0.003452	0.004112	0.522498	0.000113	38.193104	1.554417	1.273005	5490.000000	0.167542	0.000970	0.001220	0.000000	0.007990	0.008780	8.000000	0.261378	3.516126	11.839806	3.342718	0.000000	0.000000	0.000000	0.000000	0.000000	0.048441	3.235391	0.940601	0.079122	0.011793	0.172816	0.184431	26.590685	0.000000	0.072631	0.007074	0.000000	2848768.000000	14.862397	1391.000000	2048.000000	8546304.000000	0.679199	0.386841	0.000719	0.012221	3.000000	3.010618	4.077511	4.610827	4.819847	5.183609	0.107629	0.233543	0.769954	1.000000	0.025582	0.042498	0.096182	0.272245	4.000000	10.000000	29.000000	143.000000	255.000000	0.000000	0.000000	0.015873	0.126984	0.000000	0.000000	0.000000	0.000000	14.863116	14.863116	14.874544	0.000000	0.000000	0.000000	1.862951	2.053979	2.172046	0.053279	0.067497	0.079122	0.000000	0.000000	29.938168	0.759694	13.000000
	gb82-screen	imac_dark.png	gb82-screen__imac_dark.png	large	2940	2940	1912	2419.252686	0.057426	0.064912	0.000966	0.000420	0.745945	0.729726	21.709627	3.896874	1.186440	3127.000000	0.095428	0.002570	0.002010	1.000000	0.002270	0.001640	1.000000	0.137802	1.895388	28.735466	1.306202	0.752907	0.000000	0.000000	0.000000	0.000000	0.169315	1.289460	2.175347	0.000000	0.000000	0.096899	0.017780	60.428310	0.801357	0.065861	0.002384	0.000000	5621280.000000	15.542070	1912.000000	2940.000000	16863840.000000	0.650340	0.430260	0.001361	0.005550	3.000000	0.000000	2.928396	5.379387	5.613362	5.669904	0.000000	0.000000	0.228553	1.000000	0.000000	0.000000	0.000000	0.028686	0.000000	0.000000	15.000000	211.000000	255.000000	0.000000	0.000000	0.000000	0.031746	0.000000	0.000000	0.000000	0.000000	15.543429	15.547605	15.547605	0.000000	0.000000	0.000000	0.000000	0.000000	0.000000	0.000000	0.000000	0.000000	0.000000	0.000000	20.850616	0.226487	12.000000
	clic-train	2a2420f929cd47122eae364a2bc27710.png	clic-train__2a2420f929cd47122eae364a2bc27710.png	large	2048	2048	1365	2247.802246	0.050474	0.083117	0.003756	0.003830	0.636144	0.060317	32.224461	0.584359	1.792181	1917.000000	0.058502	0.000800	0.001010	0.000000	0.007000	0.009240	3.000000	0.351965	4.105229	4.800386	1.414658	0.001929	0.000000	0.000000	0.000000	0.000000	0.146534	2.735151	0.867225	0.041886	0.013666	0.430087	0.509004	17.867987	0.013500	0.033154	0.002862	0.000000	2795520.000000	14.843529	1365.000000	2048.000000	8386560.000000	0.666504	0.405709	0.002198	0.008059	3.000000	2.713858	3.375984	3.914657	4.165463	4.706811	0.076317	0.177190	0.366824	0.602121	0.025726	0.042883	0.076643	0.170466	2.000000	5.000000	15.000000	88.000000	255.000000	0.000000	0.000000	0.015873	0.031746	0.000000	0.000000	0.000000	0.000000	14.845724	14.851555	14.851555	0.000000	0.000000	0.000000	1.064809	1.382186	1.595911	0.018486	0.030314	0.041886	0.000000	0.000000	51.794117	0.813234	11.000000
	clic-train	2c1f84548ef99faec2b4f9bf12227c83.png	clic-train__2c1f84548ef99faec2b4f9bf12227c83.png	large	2048	1365	2048	7130.641602	0.020382	0.085085	0.001970	0.001665	0.713610	0.271511	31.259918	0.147456	1.669377	2924.000000	0.089233	0.000220	0.000250	0.000000	0.001430	0.001420	1.000000	0.054261	4.373035	5.193829	1.283510	0.088717	0.000000	0.000000	0.000000	0.000000	0.064243	2.331147	1.214956	0.007178	0.000000	0.369335	0.181728	13.037766	0.175506	0.019562	0.002572	0.000000	2795520.000000	14.843529	1365.000000	2048.000000	8386560.000000	0.666504	0.405709	0.002198	0.008059	3.000000	2.398700	3.178145	3.887631	4.316306	4.791518	0.043127	0.114619	0.286009	0.686846	0.000000	0.023313	0.045389	0.109754	1.000000	4.000000	9.000000	39.000000	255.000000	0.000000	0.000000	0.000000	0.031746	0.000000	0.000000	0.000000	0.000000	14.845724	14.851555	14.851555	0.000000	0.000000	0.000000	0.000000	0.000000	0.467979	0.000000	0.000000	0.007178	0.000000	0.000000	96.566460	0.705683	12.000000
	clic-train	22ea12c903e41583b7c469cb86040157.png	clic-train__22ea12c903e41583b7c469cb86040157.png	large	2048	1638	2048	1618.951782	0.034598	0.245975	0.002230	0.003220	0.816233	0.212608	106.043793	0.298881	1.845259	3079.000000	0.093964	0.000620	0.000900	0.000000	0.009280	0.013720	9.000000	0.133096	3.737404	5.463867	4.642578	0.000000	0.000000	0.000000	0.000000	0.000000	0.015184	2.445971	1.003594	0.025083	0.000000	0.139648	0.051325	17.981676	0.000000	0.022817	0.005255	0.000000	3354624.000000	15.025850	1638.000000	2048.000000	10063872.000000	0.799805	0.223388	0.001221	0.015873	3.000000	2.116442	2.892364	4.193854	4.552933	5.041968	0.035307	0.070498	0.183066	0.923042	0.022504	0.037951	0.070712	0.273412	2.000000	5.000000	12.000000	59.000000	255.000000	0.000000	0.000000	0.000000	0.015873	0.000000	0.000000	0.000000	0.000000	15.027070	15.031937	15.041598	0.000000	0.000000	0.000000	1.064809	1.322219	1.454607	0.013896	0.021754	0.025083	0.000000	0.000000	52.941109	0.589006	12.000000
