sha256	content_class	source	image_path	size_class	size_bucket	width	height	feat_variance	feat_edge_density	feat_chroma_complexity	feat_cb_sharpness	feat_cr_sharpness	feat_uniformity	feat_flat_color_block_ratio	feat_colourfulness	feat_laplacian_variance	feat_variance_spread	feat_distinct_color_bins	feat_palette_density	feat_cb_horiz_sharpness	feat_cb_vert_sharpness	feat_cb_peak_sharpness	feat_cr_horiz_sharpness	feat_cr_vert_sharpness	feat_cr_peak_sharpness	feat_high_freq_energy_ratio	feat_luma_histogram_entropy	feat_dct_compressibility_y	feat_dct_compressibility_uv	feat_patch_fraction	feat_alpha_present	feat_alpha_used_fraction	feat_alpha_bimodal_score	feat_indexed_palette_width	feat_palette_fits_in_256	feat_grayscale_score	feat_aq_map_mean	feat_aq_map_std	feat_noise_floor_y	feat_noise_floor_uv	feat_gradient_fraction	feat_skin_tone_fraction	feat_edge_slope_stdev	feat_patch_fraction_fast	feat_quant_survival_y	feat_quant_survival_uv	feat_is_grayscale	feat_pixel_count	feat_log_pixels	feat_min_dim	feat_max_dim	feat_bitmap_bytes	feat_aspect_min_over_max	feat_log_aspect_abs	feat_block_misalignment_8	feat_block_misalignment_32	feat_channel_count	feat_aq_map_p50	feat_aq_map_p75	feat_aq_map_p90	feat_aq_map_p95	feat_aq_map_p99	feat_noise_floor_y_p25	feat_noise_floor_y_p50	feat_noise_floor_y_p75	feat_noise_floor_y_p90	feat_noise_floor_uv_p25	feat_noise_floor_uv_p50	feat_noise_floor_uv_p75	feat_noise_floor_uv_p90	feat_laplacian_variance_p50	feat_laplacian_variance_p75	feat_laplacian_variance_p90	feat_laplacian_variance_p99	feat_laplacian_variance_peak	feat_quant_survival_y_p10	feat_quant_survival_y_p25	feat_quant_survival_y_p50	feat_quant_survival_y_p75	feat_quant_survival_uv_p10	feat_quant_survival_uv_p25	feat_quant_survival_uv_p50	feat_quant_survival_uv_p75	feat_laplacian_variance_p1	feat_laplacian_variance_p5	feat_laplacian_variance_p10	feat_aq_map_p1	feat_aq_map_p5	feat_aq_map_p10	feat_noise_floor_y_p1	feat_noise_floor_y_p5	feat_noise_floor_y_p10	feat_quant_survival_y_p1	feat_quant_survival_y_p5	feat_luma_kurtosis	feat_gradient_fraction_smooth
24e1cf12a305c4de4881477f9dff26fda9e49c8a312d5a97fa23cdd8cc25d75d	photo	gb82-photos	/home/lilith/work/codec-corpus/gb82/guitar-lossless.png	small	64	64	64	638.538879	0.373394	0.146147	0.007380	0.022236	0.062500	0.000000	64.126419	0.130882	0.721196	457.000000	0.111572	0.005870	0.003450	0.000000	0.482820	0.171500	21.000000	0.358248	3.293553	20.218750	28.562500	0.000000	0.000000	0.000000	0.000000	0.000000	0.000000	0.691162	4.087270	0.516925	0.309538	0.000000	0.046875	0.093506	14.832526	0.000000	0.153026	0.033730	0.000000	4096.000000	8.317766	64.000000	64.000000	12288.000000	1.000000	0.000000	0.000000	0.000000	3.000000														21.000000	45.000000	76.000000	140.000000	255.000000									0.000000	1.000000	2.000000									4.157887	0.672505
212c7b26c48f67b3aefafeb7403622be45f4831149d4b8644ad4007ee77e51fa	photo	gb82-photos	/home/lilith/work/codec-corpus/gb82/pixel-lossless.png	small	64	64	64	2740.458252	0.188461	0.064540	0.010832	0.006890	0.203125	0.000000	22.587669	0.070381	0.995335	592.000000	0.144531	0.010820	0.007940	0.000000	0.039300	0.028690	3.000000	0.086136	3.702689	27.656250	8.390625	0.000000	0.000000	0.000000	0.000000	0.000000	0.000000	0.124756	3.913308	0.842977	0.184851	0.027190	0.640625	0.015869	26.937904	0.000000	0.109375	0.018353	0.000000	4096.000000	8.317766	64.000000	64.000000	12288.000000	1.000000	0.000000	0.000000	0.000000	3.000000														5.000000	16.000000	52.000000	131.000000	255.000000									0.000000	0.000000	0.000000									9.144019	0.896342
3f54eae8d4982961b41c77383912706c0e234dd7bc94c82f95d966bc7abbe7c7	photo	CID22-512px	/home/lilith/work/codec-corpus/CID22/CID22-512/training/35875869841_0b10e41e57_o.png	small	64	64	64	2627.659180	0.370874	0.188557	0.037691	0.038544	0.171875	0.015625	69.380447	0.230527	0.710117	873.000000	0.213135	0.157920	0.065790	14.000000	0.903550	0.776140	35.000000	0.215956	3.797121	38.734375	51.296875	0.000000	0.000000	0.000000	0.000000	0.000000	0.000000	0.229004	4.137185	1.075712	0.086096	0.027998	0.281250	0.249023	28.867800	0.000000	0.183036	0.073661	0.000000	4096.000000	8.317766	64.000000	64.000000	12288.000000	1.000000	0.000000	0.000000	0.000000	3.000000														16.000000	50.000000	103.000000	210.000000	255.000000									0.000000	0.000000	0.000000									4.183955	0.796040
383858bd793d0fd6e04c2a12ec00bbd894d0974ebb68bf7092e9edda32f4633c	photo	CID22-512px	/home/lilith/work/codec-corpus/CID22/CID22-512/training/4934193.png	small	64	64	64	5648.328125	0.333333	0.117389	0.012538	0.019674	0.281250	0.000000	49.134193	0.197439	0.793247	814.000000	0.198730	0.012090	0.013700	0.000000	0.263600	0.313560	21.000000	0.153093	4.084955	46.921875	26.093750	0.000000	0.000000	0.000000	0.000000	0.000000	0.000000	0.285156	4.057326	1.088740	0.131349	0.021916	0.406250	0.203857	30.555719	0.000000	0.160218	0.040179	0.000000	4096.000000	8.317766	64.000000	64.000000	12288.000000	1.000000	0.000000	0.000000	0.000000	3.000000														10.000000	40.000000	98.000000	198.000000	255.000000									0.000000	0.000000	1.000000									4.728366	0.859489
2767a107caf0df9c025b5bedfa64c562c124b7cb100e9a44290b52c58401d246	photo	CID22-512px	/home/lilith/work/codec-corpus/CID22/CID22-512/training/pexels-photo-6926600.png	small	64	64	64	1348.628174	0.282691	0.066346	0.005105	0.006067	0.343750	0.000000	25.481163	0.098245	0.810354	328.000000	0.080078	0.001360	0.005070	0.000000	0.016920	0.095980	3.000000	0.211752	3.628043	22.906250	5.046875	0.000000	0.000000	0.000000	0.000000	0.000000	0.000000	0.117188	3.823785	0.922569	0.125961	0.019860	0.359375	0.113281	18.369923	0.031250	0.123016	0.010169	0.000000	4096.000000	8.317766	64.000000	64.000000	12288.000000	1.000000	0.000000	0.000000	0.000000	3.000000														9.000000	36.000000	65.000000	133.000000	255.000000									0.000000	0.000000	0.000000									5.521200	0.829823
22d93a3e7d0986a12d43f0526ddc4e74143052d78b44cc635f1afe946f5db107	photo	CID22-512px	/home/lilith/work/codec-corpus/CID22/CID22-512/training/pexels-photo-4177747.png	small	64	64	64	3690.880859	0.580751	0.153332	0.039626	0.042863	0.000000	0.000000	59.391129	0.328057	0.755608	891.000000	0.217529	0.079780	0.028700	1.000000	0.608850	0.205910	11.000000	0.271248	4.400948	47.656250	25.718750	0.000000	0.000000	0.000000	0.000000	0.000000	0.000000	0.035400	4.591528	0.434020	0.719109	0.126482	0.078125	0.305176	25.124035	0.000000	0.235119	0.037698	0.000000	4096.000000	8.317766	64.000000	64.000000	12288.000000	1.000000	0.000000	0.000000	0.000000	3.000000														38.000000	73.000000	121.000000	214.000000	255.000000									0.000000	2.000000	4.000000									2.188665	0.713248
1c611f67bcc24ce16d46a86cb70a5c2c76dbeb2c3f199fadddddc36b916ddabe	photo	CID22-512px	/home/lilith/work/codec-corpus/CID22/CID22-512/training/pexels-photo-2802032.png	small	64	64	64	1415.480469	0.434366	0.110801	0.037574	0.009438	0.000000	0.000000	47.653099	0.264082	0.791657	729.000000	0.177979	0.088890	0.083090	4.000000	0.023220	0.031560	0.000000	0.452585	3.646421	27.531250	21.968750	0.000000	0.000000	0.000000	0.000000	0.000000	0.000000	0.063721	4.217621	0.516751	0.376796	0.235357	0.078125	0.244141	25.869335	0.000000	0.172867	0.038194	0.000000	4096.000000	8.317766	64.000000	64.000000	12288.000000	1.000000	0.000000	0.000000	0.000000	3.000000														26.000000	57.000000	98.000000	236.000000	255.000000									0.000000	1.000000	3.000000									5.364476	0.628258
0042f4a201d0a38cce529ec612650b781becbd9c7f6fcc4dc28209352adcf5c5	photo	CID22-512px	/home/lilith/work/codec-corpus/CID22/CID22-512/validation/3316926.png	small	64	64	64	2261.164062	0.402872	0.116423	0.039558	0.016448	0.031250	0.000000	54.029751	0.172820	0.606283	767.000000	0.187256	0.129320	0.059950	5.000000	0.139450	0.058310	4.000000	0.215282	4.199567	37.406250	21.562500	0.000000	0.000000	0.000000	0.000000	0.000000	0.000000	0.027344	4.420345	0.494811	0.610896	0.074618	0.328125	0.743164	21.475544	0.000000	0.172371	0.041667	0.000000	4096.000000	8.317766	64.000000	64.000000	12288.000000	1.000000	0.000000	0.000000	0.000000	3.000000														19.000000	50.000000	89.000000	163.000000	255.000000									0.000000	0.000000	1.000000									2.774362	0.823220
20812d9bf1ce6dc2e572df57c1efef3dd4f70a6c8bd76d76beaea91ae8d9d79c	photo	CID22-512px	/home/lilith/work/codec-corpus/CID22/CID22-512/training/8442861.png	small	64	64	64	1852.464966	0.087428	0.045708	0.003475	0.003473	0.531250	0.000000	22.714882	0.011681	0.892232	199.000000	0.048584	0.000450	0.001350	0.000000	0.002750	0.009750	0.000000	0.050933	3.258252	12.187500	3.562500	0.000000	0.000000	0.000000	0.000000	8.000000	1.000000	0.000000	3.179103	1.020740	0.083262	0.023414	0.734375	0.418945	13.463593	0.000000	0.053323	0.006696	0.000000	4096.000000	8.317766	64.000000	64.000000	12288.000000	1.000000	0.000000	0.000000	0.000000	3.000000														1.000000	6.000000	18.000000	60.000000	110.000000									0.000000	0.000000	0.000000									15.347916	0.915670
1a3c6d7079ab345a61ee0d54484873f7fff7a2667cb3228ba7cf374953414335	photo	CID22-512px	/home/lilith/work/codec-corpus/CID22/CID22-512/training/164338.png	small	64	64	64	3245.405518	0.632149	0.164003	0.024860	0.027022	0.000000	0.000000	58.762749	0.450114	0.603060	1262.000000	0.308105	0.049950	0.042670	2.000000	0.386850	0.253960	15.000000	0.251893	4.534538	75.062500	32.015625	0.000000	0.000000	0.000000	0.000000	0.000000	0.000000	0.096924	4.871588	0.429574	0.736329	0.074686	0.140625	0.202148	30.762623	0.000000	0.271329	0.046875	0.000000	4096.000000	8.317766	64.000000	64.000000	12288.000000	1.000000	0.000000	0.000000	0.000000	3.000000														45.000000	89.000000	138.000000	255.000000	255.000000									0.000000	2.000000	5.000000									1.411962	0.761980
0042f4a201d0a38cce529ec612650b781becbd9c7f6fcc4dc28209352adcf5c5	photo	CID22-512px	/home/lilith/work/codec-corpus/CID22/CID22-512/validation/3316926.png	medium	256	256	256	2544.624023	0.232280	0.127507	0.026701	0.009961	0.289062	0.046875	57.248516	0.305081	1.137943	1682.000000	0.051331	0.067520	0.020700	3.000000	0.064030	0.015680	5.000000	0.101471	4.357789	23.939453	16.802734	0.000000	0.000000	0.000000	0.000000	0.000000	0.000000	0.035324	3.658341	1.145967	0.061626	0.022198	0.552734	0.720337	20.137339	0.042969	0.089208	0.026724	0.000000	65536.000000	11.090355	256.000000	256.000000	196608.000000	1.000000	0.000000	0.000000	0.000000	3.000000	4.032274	4.623146	4.850153	4.971918	5.218374	0.194430	0.772903	1.000000	1.000000	0.040394	0.212204	0.556181	0.897456	4.000000	27.000000	60.000000	122.000000	255.000000	0.000000	0.015873	0.079365	0.142857	0.000000	0.000000	0.015873	0.047619	0.000000	0.000000	0.000000	0.941233	1.456509	1.837273	0.016863	0.037302	0.061626	0.000000	0.000000	5.619505	0.866336
383858bd793d0fd6e04c2a12ec00bbd894d0974ebb68bf7092e9edda32f4633c	photo	CID22-512px	/home/lilith/work/codec-corpus/CID22/CID22-512/training/4934193.png	medium	256	256	256	5856.033203	0.150096	0.121120	0.006762	0.009477	0.456055	0.041016	50.513821	0.298843	1.106428	1930.000000	0.058899	0.004470	0.003990	0.000000	0.086610	0.073000	19.000000	0.141492	4.102974	21.127930	10.829102	0.001953	0.000000	0.000000	0.000000	0.000000	0.000000	0.258530	3.339818	1.186360	0.052054	0.010261	0.439453	0.186417	27.493626	0.008789	0.081194	0.016958	0.000000	65536.000000	11.090355	256.000000	256.000000	196608.000000	1.000000	0.000000	0.000000	0.000000	3.000000	3.270897	4.428312	4.927970	5.132491	5.425995	0.104562	0.283124	1.000000	1.000000	0.021785	0.035780	0.208785	0.661110	3.000000	14.000000	45.000000	152.000000	255.000000	0.000000	0.000000	0.031746	0.158730	0.000000	0.000000	0.000000	0.015873	0.000000	0.000000	0.000000	1.413928	1.578174	1.735898	0.030871	0.041741	0.052054	0.000000	0.000000	14.891562	0.828121
50495a54cb5187430701b8860e2a6748f4897d6820cbbdc0959d997362584e38	photo	clic2025-1024px-resized	/home/lilith/work/codec-corpus/clic2025-1024/aed95e005df28e790519eefb6eb1e565.png	small	64	64	64	1535.326782	0.091711	0.181700	0.008362	0.006082	0.515625	0.015625	103.859100	0.021902	1.006113	148.000000	0.036133	0.008470	0.036250	1.000000	0.028900	0.126490	6.000000	0.156279	3.369139	9.296875	12.406250	0.000000	0.000000	0.000000	0.000000	8.000000	1.000000	0.000488	3.026829	0.975685	0.059029	0.034512	0.546875	0.250732	14.817918	0.000000	0.051339	0.020585	0.000000	4096.000000	8.317766	64.000000	64.000000	12288.000000	1.000000	0.000000	0.000000	0.000000	3.000000														1.000000	7.000000	27.000000	80.000000	131.000000									0.000000	0.000000	0.000000									12.959767	0.885241
2767a107caf0df9c025b5bedfa64c562c124b7cb100e9a44290b52c58401d246	photo	CID22-512px	/home/lilith/work/codec-corpus/CID22/CID22-512/training/pexels-photo-6926600.png	medium	256	256	256	1787.817017	0.326428	0.068697	0.004672	0.005375	0.429688	0.025391	26.331799	1.307306	0.994424	786.000000	0.023987	0.001620	0.003840	0.000000	0.015740	0.044110	2.000000	1.090656	3.856951	22.099609	4.251953	0.001953	0.000000	0.000000	0.000000	0.000000	0.000000	0.113083	3.392947	1.308265	0.044381	0.009479	0.115234	0.112427	33.107857	0.000000	0.111034	0.005906	0.000000	65536.000000	11.090355	256.000000	256.000000	196608.000000	1.000000	0.000000	0.000000	0.000000	3.000000	3.948602	4.590490	4.922390	5.100837	5.297314	0.063934	0.458669	1.000000	1.000000	0.021432	0.054002	0.128251	0.357400	7.000000	47.000000	117.000000	255.000000	255.000000	0.000000	0.000000	0.063492	0.206349	0.000000	0.000000	0.000000	0.000000	0.000000	0.000000	0.000000	1.468901	1.663789	1.764245	0.027820	0.037529	0.044381	0.000000	0.000000	4.134554	0.585616
20812d9bf1ce6dc2e572df57c1efef3dd4f70a6c8bd76d76beaea91ae8d9d79c	photo	CID22-512px	/home/lilith/work/codec-corpus/CID22/CID22-512/training/8442861.png	medium	256	256	256	1855.728271	0.005290	0.045799	0.001766	0.001541	0.757812	0.261719	22.741154	0.003732	1.648558	284.000000	0.008667	0.000160	0.000220	0.000000	0.000770	0.001070	0.000000	0.017768	3.272712	4.142578	1.104492	0.000000	0.000000	0.000000	0.000000	0.000000	0.000000	0.000000	2.281278	0.942052	0.026396	0.008477	0.383789	0.428848	5.654035	0.000000	0.013982	0.002093	0.000000	65536.000000	11.090355	256.000000	256.000000	196608.000000	1.000000	0.000000	0.000000	0.000000	3.000000	1.865918	3.022577	3.758458	4.059712	4.551364	0.035778	0.061014	0.258766	0.607338	0.018274	0.027377	0.058598	0.111622	1.000000	3.000000	5.000000	13.000000	65.000000	0.000000	0.000000	0.000000	0.015873	0.000000	0.000000	0.000000	0.000000	0.000000	0.000000	0.000000	1.149508	1.266805	1.369910	0.015576	0.021943	0.026396	0.000000	0.000000	34.481014	0.767787
1c611f67bcc24ce16d46a86cb70a5c2c76dbeb2c3f199fadddddc36b916ddabe	photo	CID22-512px	/home/lilith/work/codec-corpus/CID22/CID22-512/training/pexels-photo-2802032.png	medium	256	256	256	1877.971069	0.238677	0.121919	0.023534	0.006202	0.203125	0.000000	50.788029	0.897840	1.034896	1505.000000	0.045929	0.051580	0.056740	7.000000	0.016040	0.012360	1.000000	0.389860	3.655914	27.050781	16.043945	0.004883	0.000000	0.000000	0.000000	0.000000	0.000000	0.076447	3.946644	0.895863	0.157231	0.063581	0.338867	0.254364	31.660082	0.000000	0.147957	0.037078	0.000000	65536.000000	11.090355	256.000000	256.000000	196608.000000	1.000000	0.000000	0.000000	0.000000	3.000000	4.189883	4.698684	4.978922	5.121740	5.435808	0.312122	0.791339	1.000000	1.000000	0.119581	0.298286	0.548007	0.741847	5.000000	31.000000	100.000000	233.000000	255.000000	0.015873	0.031746	0.142857	0.238095	0.000000	0.000000	0.031746	0.063492	0.000000	0.000000	0.000000	1.917686	2.365371	2.637099	0.063938	0.113744	0.157231	0.000000	0.000000	5.447213	0.773749
212c7b26c48f67b3aefafeb7403622be45f4831149d4b8644ad4007ee77e51fa	photo	gb82-photos	/home/lilith/work/codec-corpus/gb82/pixel-lossless.png	medium	256	256	256	2792.638428	0.051672	0.066355	0.004644	0.003219	0.608398	0.130859	23.176962	0.041194	1.381130	1530.000000	0.046692	0.002460	0.003480	1.000000	0.007430	0.009590	4.000000	0.047824	3.690608	10.536133	3.830078	0.011719	0.000000	0.000000	0.000000	0.000000	0.000000	0.128159	2.819266	1.123286	0.037181	0.012605	0.712891	0.019409	17.873995	0.135742	0.035730	0.007906	0.000000	65536.000000	11.090355	256.000000	256.000000	196608.000000	1.000000	0.000000	0.000000	0.000000	3.000000	2.726269	3.642290	4.536274	4.840271	5.129094	0.072368	0.176446	0.526415	1.000000	0.019980	0.034473	0.096312	0.253367	1.000000	2.000000	8.000000	67.000000	213.000000	0.000000	0.000000	0.015873	0.031746	0.000000	0.000000	0.000000	0.000000	0.000000	0.000000	0.000000	0.586513	1.188584	1.447159	0.007370	0.020630	0.037181	0.000000	0.000000	37.276859	0.886508
1a3c6d7079ab345a61ee0d54484873f7fff7a2667cb3228ba7cf374953414335	photo	CID22-512px	/home/lilith/work/codec-corpus/CID22/CID22-512/training/164338.png	medium	256	256	256	4236.160645	0.463499	0.170651	0.015135	0.016255	0.088867	0.048828	61.186775	1.413833	0.903746	3937.000000	0.120148	0.020270	0.022080	2.000000	0.155190	0.131870	15.000000	0.202077	4.662528	54.072266	16.861328	0.011719	0.000000	0.000000	0.000000	0.000000	0.000000	0.114960	4.455175	0.991164	0.270565	0.032668	0.232422	0.192886	34.947567	0.001953	0.181966	0.025639	0.000000	65536.000000	11.090355	256.000000	256.000000	196608.000000	1.000000	0.000000	0.000000	0.000000	3.000000	4.766513	5.078247	5.268228	5.360943	5.546920	0.871389	1.000000	1.000000	1.000000	0.088828	0.193407	0.479621	0.932854	28.000000	70.000000	124.000000	248.000000	255.000000	0.015873	0.095238	0.174603	0.285714	0.000000	0.000000	0.015873	0.047619	0.000000	0.000000	1.000000	1.113945	1.567471	3.302547	0.023959	0.045065	0.270565	0.000000	0.000000	2.511347	0.770553
3f54eae8d4982961b41c77383912706c0e234dd7bc94c82f95d966bc7abbe7c7	photo	CID22-512px	/home/lilith/work/codec-corpus/CID22/CID22-512/training/35875869841_0b10e41e57_o.png	medium	256	256	256	2900.705811	0.181453	0.199442	0.016000	0.016051	0.364258	0.008789	73.266357	0.424494	1.057662	2363.000000	0.072113	0.037440	0.021350	10.000000	0.264540	0.141900	62.000000	0.172714	3.893847	23.381836	25.190430	0.001953	0.000000	0.000000	0.000000	0.000000	0.000000	0.283264	3.415073	1.288818	0.031925	0.000000	0.286133	0.220352	30.853245	0.000000	0.097594	0.031095	0.000000	65536.000000	11.090355	256.000000	256.000000	196608.000000	1.000000	0.000000	0.000000	0.000000	3.000000	3.666184	4.523106	5.005566	5.188900	5.401652	0.057938	0.500105	1.000000	1.000000	0.030935	0.096820	0.432462	1.000000	5.000000	20.000000	51.000000	177.000000	255.000000	0.000000	0.000000	0.063492	0.158730	0.000000	0.000000	0.000000	0.047619	0.000000	0.000000	0.000000	1.278754	1.430357	1.519952	0.021038	0.027194	0.031925	0.000000	0.000000	15.166892	0.729281
22d93a3e7d0986a12d43f0526ddc4e74143052d78b44cc635f1afe946f5db107	photo	CID22-512px	/home/lilith/work/codec-corpus/CID22/CID22-512/training/pexels-photo-4177747.png	medium	256	256	256	4197.636230	0.433725	0.163336	0.027925	0.031444	0.095703	0.010742	62.802670	0.906717	0.944845	2618.000000	0.079895	0.040100	0.020100	2.000000	0.428380	0.182190	20.000000	0.272529	4.442933	33.691406	21.047852	0.000000	0.000000	0.000000	0.000000	0.000000	0.000000	0.033417	4.252559	0.805500	0.235454	0.057395	0.126953	0.277557	23.904776	0.000000	0.176246	0.043527	0.000000	65536.000000	11.090355	256.000000	256.000000	196608.000000	1.000000	0.000000	0.000000	0.000000	3.000000	4.466928	4.779998	4.999148	5.110132	5.363865	0.685083	1.000000	1.000000	1.000000	0.141315	0.382484	0.619127	0.815055	23.000000	57.000000	99.000000	195.000000	255.000000	0.015873	0.111111	0.174603	0.253968	0.000000	0.015873	0.047619	0.063492	0.000000	0.000000	2.000000	1.485856	2.545848	3.127247	0.036449	0.114051	0.235454	0.000000	0.000000	3.542762	0.729984
0d1322274a51490648354bf55222ab7dfea3e78fba82209ea98b67704f3264ba	photo	clic2025-1024px-resized	/home/lilith/work/codec-corpus/clic2025-1024/7e499613c3e376ea93afb3649719abeb.png	small	64	64	64	3633.504395	0.416982	0.099549	0.020995	0.013310	0.140625	0.000000	49.885841	0.196163	0.683786	443.000000	0.108154	0.027520	0.032320	1.000000	0.070730	0.055390	5.000000	0.197933	4.257602	38.203125	11.671875	0.000000	0.000000	0.000000	0.000000	0.000000	0.000000	0.001221	4.252606	0.830272	0.179190	0.044832	0.250000	0.769287	21.488503	0.000000	0.171379	0.021825	0.000000	4096.000000	8.317766	64.000000	64.000000	12288.000000	1.000000	0.000000	0.000000	0.000000	3.000000														20.000000	54.000000	96.000000	177.000000	255.000000									0.000000	0.000000	0.000000									3.071029	0.805910
36b42129ddc9788b1e50d827b044fd27892ba0c40132c4444ecdb65c41d18cd3	photo	CID22-512px	/home/lilith/work/codec-corpus/CID22/CID22-512/training/258947.png	small	64	64	64	2524.460449	0.447972	0.097985	0.030007	0.023310	0.000000	0.000000	50.837563	0.300819	0.791328	507.000000	0.123779	0.050560	0.066050	1.000000	0.189350	0.285750	8.000000	0.259863	4.122289	50.015625	20.000000	0.000000	0.000000	0.000000	0.000000	0.000000	0.000000	0.002686	4.453971	0.582296	0.583989	0.136314	0.265625	0.837158	29.795624	0.000000	0.198165	0.039683	0.000000	4096.000000	8.317766	64.000000	64.000000	12288.000000	1.000000	0.000000	0.000000	0.000000	3.000000														19.000000	55.000000	112.000000	255.000000	255.000000									0.000000	1.000000	2.000000									4.331387	0.766168
28041cbdffbec829ebe7f449741a543697b4207390f6d9a18a7d633f7b0b7325	photo	CID22-512px	/home/lilith/work/codec-corpus/CID22/CID22-512/training/580612.png	small	64	64	64	1933.453979	0.508692	0.212773	0.043317	0.026747	0.031250	0.000000	75.223289	0.231536	0.571270	1484.000000	0.362305	0.109490	0.112500	3.000000	0.257580	0.281760	9.000000	0.243786	4.237668	45.000000	33.890625	0.000000	0.000000	0.000000	0.000000	0.000000	0.000000	0.015137	4.537601	0.477023	0.705846	0.177982	0.250000	0.416016	22.072535	0.000000	0.210565	0.055060	0.000000	4096.000000	8.317766	64.000000	64.000000	12288.000000	1.000000	0.000000	0.000000	0.000000	3.000000														27.000000	61.000000	100.000000	188.000000	255.000000									0.000000	1.000000	2.000000									3.293705	0.803042
3fb6777cec49c9092fea859dde8bd18c40c84249dae72cb69c718ccc64d642f9	photo	CID22-512px	/home/lilith/work/codec-corpus/CID22/CID22-512/training/5398956.png	small	64	64	64	679.281799	0.152179	0.046078	0.008934	0.007984	0.203125	0.000000	17.215624	0.081342	1.162799	285.000000	0.069580	0.009010	0.006660	1.000000	0.043590	0.034960	4.000000	0.245814	3.009357	17.031250	5.843750	0.000000	0.000000	0.000000	0.000000	0.000000	0.000000	0.298828	3.626256	0.810808	0.105232	0.038597	0.468750	0.126953	28.620455	0.031250	0.094494	0.010913	0.000000	4096.000000	8.317766	64.000000	64.000000	12288.000000	1.000000	0.000000	0.000000	0.000000	3.000000														6.000000	17.000000	43.000000	170.000000	255.000000									0.000000	0.000000	0.000000									16.630028	0.856829
24e1cf12a305c4de4881477f9dff26fda9e49c8a312d5a97fa23cdd8cc25d75d	photo	gb82-photos	/home/lilith/work/codec-corpus/gb82/guitar-lossless.png	medium	256	256	256	860.463745	0.209965	0.149583	0.005968	0.010095	0.250000	0.009766	65.433685	0.298519	0.938234	1411.000000	0.043060	0.006760	0.003510	0.000000	0.118710	0.069470	14.000000	0.221732	3.455473	18.006836	10.435547	0.000000	0.000000	0.000000	0.000000	0.000000	0.000000	0.705170	3.724476	0.879213	0.095542	0.000000	0.323242	0.073120	20.171970	0.000000	0.105624	0.015485	0.000000	65536.000000	11.090355	256.000000	256.000000	196608.000000	1.000000	0.000000	0.000000	0.000000	3.000000	3.961442	4.438391	4.726281	4.835462	4.994180	0.243453	0.690344	1.000000	1.000000	0.000000	0.000000	0.169040	0.793261	7.000000	22.000000	49.000000	142.000000	255.000000	0.000000	0.031746	0.095238	0.158730	0.000000	0.000000	0.000000	0.015873	0.000000	0.000000	1.000000	1.686721	2.080480	2.336181	0.039534	0.068487	0.095542	0.000000	0.000000	14.349823	0.790735
3893665f3ca3c8ba5c241d8b2ed6084a41dbf00a28edc73bc25e56b6ad46cde2	photo	CID22-512px	/home/lilith/work/codec-corpus/CID22/CID22-512/training/5617414.png	small	64	64	64	2057.801514	0.488536	0.037489	0.009837	0.012234	0.015625	0.000000	14.122494	0.369102	0.752367	420.000000	0.102539	0.008340	0.005540	0.000000	0.094200	0.150720	35.000000	0.290969	4.089152	47.546875	6.031250	0.000000	0.000000	0.000000	0.000000	0.000000	0.000000	0.291992	4.603200	0.492965	0.658635	0.047309	0.218750	0.054688	33.742538	0.000000	0.233383	0.013641	0.000000	4096.000000	8.317766	64.000000	64.000000	12288.000000	1.000000	0.000000	0.000000	0.000000	3.000000														26.000000	63.000000	126.000000	255.000000	255.000000									0.000000	1.000000	2.000000									3.196390	0.771645
21e973f2e43000b1ec369ce783d018360bd446e61b81118bbca3d64bf53110f3	photo	CID22-512px	/home/lilith/work/codec-corpus/CID22/CID22-512/training/No-interference.png	small	64	64	64	134.347672	0.130763	0.014797	0.005717	0.000736	0.328125	0.218750	4.535593	0.040089	1.012955	30.000000	0.007324	0.009510	0.001970	0.000000	0.001050	0.000210	0.000000	0.421060	1.156999	5.890625	1.000000	0.156250	0.000000	0.000000	0.000000	8.000000	1.000000	0.935791	2.872385	1.290152	0.006419	0.000000	0.093750	0.000000	18.373402	0.140625	0.057788	0.001240	0.000000	4096.000000	8.317766	64.000000	64.000000	12288.000000	1.000000	0.000000	0.000000	0.000000	3.000000														2.000000	15.000000	34.000000	85.000000	255.000000									0.000000	0.000000	0.000000									28.894451	0.647802
1ad1fefc8d3b1e8d2acc7ad2025ff6a0d7f64842aa10c477d955d311d092e9cf	mixed	kadid10k-distortion-set	/home/lilith/work/codec-corpus/kadid10k/I50.png	tiny	64	64	48	3223.413086	0.500507	0.198241	0.027413	0.013024	0.000000	0.000000	68.759636	0.180904	0.599718	1256.000000	0.408854	0.046040	0.223430	6.000000	0.059210	0.274880	6.000000	0.154382	4.517720	57.625000	44.791668	0.000000	0.000000	0.000000	0.000000	0.000000	0.000000	0.008464	4.780162	0.216647	1.000000	0.248959	0.458333	0.291016	23.855886	0.000000	0.188823	0.063161	0.000000	3072.000000	8.030084	48.000000	64.000000	9216.000000	0.750000	0.287682	0.000000	0.333333	3.000000														25.000000	55.000000	93.000000	183.000000	255.000000									0.000000	1.000000	2.000000									3.756849	0.841883
22e3065d88d197e49ab2b84a0ca90f634b095b45e3bce9b53aea956fcfddae17	photo	CID22-512px	/home/lilith/work/codec-corpus/CID22/CID22-512/training/pexels-photo-3193731.png	small	64	64	64	5735.776367	0.336105	0.182816	0.029164	0.027424	0.140625	0.000000	69.067551	0.252494	0.730690	1084.000000	0.264648	0.066680	0.062470	8.000000	0.444850	0.215330	23.000000	0.164406	4.442114	56.640625	41.156250	0.000000	0.000000	0.000000	0.000000	0.000000	0.000000	0.070312	4.320821	0.873020	0.215665	0.105106	0.343750	0.074707	33.607388	0.000000	0.200893	0.058036	0.000000	4096.000000	8.317766	64.000000	64.000000	12288.000000	1.000000	0.000000	0.000000	0.000000	3.000000														15.000000	48.000000	104.000000	230.000000	255.000000									0.000000	0.000000	1.000000									4.558478	0.815389
3fb6777cec49c9092fea859dde8bd18c40c84249dae72cb69c718ccc64d642f9	photo	CID22-512px	/home/lilith/work/codec-corpus/CID22/CID22-512/training/5398956.png	medium	256	256	256	793.097778	0.065498	0.048206	0.003890	0.003303	0.573242	0.271484	17.901794	0.108699	1.577243	915.000000	0.027924	0.002600	0.002280	1.000000	0.011930	0.011360	5.000000	0.112983	3.001092	10.288086	2.792969	0.028320	0.000000	0.000000	0.000000	0.000000	0.000000	0.281357	2.686257	1.274889	0.022204	0.000000	0.499023	0.129303	29.200809	0.175781	0.040721	0.005642	0.000000	65536.000000	11.090355	256.000000	256.000000	196608.000000	1.000000	0.000000	0.000000	0.000000	3.000000	2.842911	3.643353	4.307976	4.723396	5.388462	0.044262	0.204380	0.485108	1.000000	0.009351	0.043178	0.101195	0.181446	1.000000	5.000000	17.000000	99.000000	255.000000	0.000000	0.000000	0.015873	0.047619	0.000000	0.000000	0.000000	0.000000	0.000000	0.000000	0.000000	0.000000	0.767851	1.096367	0.000000	0.012211	0.022204	0.000000	0.000000	48.280685	0.804712
3273fdf6677387bc73bab5320dca299657cc5abd97e05007c4f7a655ec77654d	photo	clic2025-1024px-resized	/home/lilith/work/codec-corpus/clic2025-1024/79b1bb29124f590c2e99e6c71c18affe25115d594a821cadc58bf24bf94dae8d.png	small	64	64	64	3708.900391	0.474175	0.204087	0.046596	0.034709	0.046875	0.000000	71.127869	0.304154	0.628453	1628.000000	0.397461	0.177280	0.181680	9.000000	0.601870	0.580520	22.000000	0.230914	4.438652	53.250000	52.015625	0.000000	0.000000	0.000000	0.000000	0.000000	0.000000	0.023926	4.456221	0.765986	0.324520	0.168199	0.218750	0.267578	28.426830	0.000000	0.226935	0.076141	0.000000	4096.000000	8.317766	64.000000	64.000000	12288.000000	1.000000	0.000000	0.000000	0.000000	3.000000														25.000000	72.000000	120.000000	215.000000	255.000000									0.000000	0.000000	1.000000									1.764060	0.819675
36b42129ddc9788b1e50d827b044fd27892ba0c40132c4444ecdb65c41d18cd3	photo	CID22-512px	/home/lilith/work/codec-corpus/CID22/CID22-512/training/258947.png	medium	256	256	256	2857.215332	0.252503	0.105841	0.015449	0.011382	0.243164	0.000000	53.415993	0.440778	1.012971	1567.000000	0.047821	0.014720	0.021060	1.000000	0.051690	0.075660	11.000000	0.174747	4.215441	27.196289	14.019531	0.003906	0.000000	0.000000	0.000000	0.000000	0.000000	0.004410	3.864159	0.950791	0.115849	0.042584	0.353516	0.807159	25.761709	0.000000	0.119513	0.027747	0.000000	65536.000000	11.090355	256.000000	256.000000	196608.000000	1.000000	0.000000	0.000000	0.000000	3.000000	4.031953	4.673306	5.019598	5.167220	5.366185	0.266669	0.755780	1.000000	1.000000	0.068828	0.215630	0.454801	0.646896	8.000000	27.000000	63.000000	166.000000	255.000000	0.000000	0.031746	0.095238	0.190476	0.000000	0.000000	0.015873	0.047619	0.000000	0.000000	1.000000	1.892095	2.175911	2.456366	0.051716	0.079994	0.115849	0.000000	0.000000	9.850339	0.816855
3893665f3ca3c8ba5c241d8b2ed6084a41dbf00a28edc73bc25e56b6ad46cde2	photo	CID22-512px	/home/lilith/work/codec-corpus/CID22/CID22-512/training/5617414.png	medium	256	256	256	2519.666260	0.251519	0.043162	0.006231	0.007236	0.226562	0.026367	16.116262	0.537761	1.007802	1397.000000	0.042633	0.004480	0.002570	2.000000	0.041830	0.043560	34.000000	0.150713	4.119264	30.961914	4.723633	0.000000	0.000000	0.000000	0.000000	0.000000	0.000000	0.260666	3.906116	1.058923	0.105555	0.017828	0.482422	0.055481	32.357273	0.019531	0.123155	0.008727	0.000000	65536.000000	11.090355	256.000000	256.000000	196608.000000	1.000000	0.000000	0.000000	0.000000	3.000000	4.188169	4.701092	5.146159	5.283799	5.493919	0.293659	0.893420	1.000000	1.000000	0.030470	0.076961	0.149010	0.290219	6.000000	28.000000	68.000000	184.000000	255.000000	0.000000	0.031746	0.095238	0.174603	0.000000	0.000000	0.000000	0.015873	0.000000	0.000000	0.000000	1.437108	1.825670	2.271804	0.035523	0.061628	0.105555	0.000000	0.000000	9.467365	0.848095
50495a54cb5187430701b8860e2a6748f4897d6820cbbdc0959d997362584e38	photo	clic2025-1024px-resized	/home/lilith/work/codec-corpus/clic2025-1024/aed95e005df28e790519eefb6eb1e565.png	medium	256	256	256	1574.023926	0.060223	0.183931	0.008003	0.005910	0.742188	0.354492	104.607574	0.060059	1.268563	470.000000	0.014343	0.013180	0.014880	2.000000	0.054070	0.050660	10.000000	0.157105	3.403042	5.332031	6.528320	0.001953	0.000000	0.000000	0.000000	0.000000	0.000000	0.001541	2.256019	1.151649	0.019692	0.014847	0.257812	0.231186	12.938169	0.013672	0.026212	0.009642	0.000000	65536.000000	11.090355	256.000000	256.000000	196608.000000	1.000000	0.000000	0.000000	0.000000	3.000000	1.853451	3.210481	4.102140	4.314696	4.778440	0.029607	0.060839	0.288261	0.864430	0.021318	0.037349	0.168515	0.480779	1.000000	3.000000	18.000000	68.000000	255.000000	0.000000	0.000000	0.000000	0.031746	0.000000	0.000000	0.000000	0.015873	0.000000	0.000000	0.000000	0.586517	0.999321	1.157136	0.006856	0.016197	0.019692	0.000000	0.000000	26.106316	0.716335
28041cbdffbec829ebe7f449741a543697b4207390f6d9a18a7d633f7b0b7325	photo	CID22-512px	/home/lilith/work/codec-corpus/CID22/CID22-512/training/580612.png	medium	256	256	256	2184.407471	0.249904	0.219464	0.025759	0.016933	0.192383	0.004883	77.377541	0.367241	0.984044	4211.000000	0.128510	0.055790	0.048250	4.000000	0.164740	0.133830	15.000000	0.165315	4.311216	27.166992	20.810547	0.001953	0.000000	0.000000	0.000000	0.000000	0.000000	0.015671	3.937641	0.898855	0.139956	0.047101	0.624023	0.384598	19.859940	0.019531	0.121574	0.036288	0.000000	65536.000000	11.090355	256.000000	256.000000	196608.000000	1.000000	0.000000	0.000000	0.000000	3.000000	4.210263	4.647351	4.873806	4.998516	5.193450	0.366941	0.925410	1.000000	1.000000	0.112887	0.315762	0.577081	0.857133	5.000000	23.000000	60.000000	151.000000	255.000000	0.015873	0.031746	0.095238	0.206349	0.000000	0.015873	0.031746	0.063492	0.000000	0.000000	0.000000	1.722222	2.123648	2.504110	0.052214	0.088870	0.139956	0.000000	0.000000	8.942382	0.878058
21e973f2e43000b1ec369ce783d018360bd446e61b81118bbca3d64bf53110f3	photo	CID22-512px	/home/lilith/work/codec-corpus/CID22/CID22-512/training/No-interference.png	medium	256	256	256	351.087372	0.090319	0.028755	0.005233	0.000673	0.738281	0.583984	8.521123	0.433647	1.567685	85.000000	0.002594	0.029790	0.005960	4.000000	0.003310	0.000660	0.000000	0.543427	0.852188	9.238281	2.274414	0.696289	0.000000	0.000000	0.000000	8.000000	1.000000	0.979630	1.662514	1.932582	0.000000	0.000000	0.014648	0.000000	34.390453	0.730469	0.049619	0.005937	0.000000	65536.000000	11.090355	256.000000	256.000000	196608.000000	1.000000	0.000000	0.000000	0.000000	3.000000	0.000000	3.195899	4.661216	4.708716	5.239152	0.000000	0.000000	0.221288	1.000000	0.000000	0.000000	0.000000	0.223730	0.000000	2.000000	35.000000	184.000000	255.000000	0.000000	0.000000	0.000000	0.015873	0.000000	0.000000	0.000000	0.000000	0.000000	0.000000	0.000000	0.000000	0.000000	0.000000	0.000000	0.000000	0.000000	0.000000	0.000000	18.005058	0.298681
1ad1fefc8d3b1e8d2acc7ad2025ff6a0d7f64842aa10c477d955d311d092e9cf	mixed	kadid10k-distortion-set	/home/lilith/work/codec-corpus/kadid10k/I50.png	small	256	256	192	3505.751953	0.280731	0.203326	0.016090	0.006966	0.067708	0.000000	70.290833	0.375860	0.937782	4052.000000	0.123657	0.015830	0.034530	3.000000	0.013490	0.036220	2.000000	0.162556	4.585494	30.330729	20.251303	0.007812	0.000000	0.000000	0.000000	0.000000	0.000000	0.006449	4.113976	0.670984	0.316837	0.068128	0.447917	0.286947	20.631256	0.000000	0.118944	0.030630	0.000000	49152.000000	10.802672	192.000000	256.000000	147456.000000	0.750000	0.287682	0.000000	0.000000	3.000000	4.198545	4.632546	4.933922	5.082879	5.322868	0.495809	0.894018	1.000000	1.000000	0.110154	0.233582	0.560279	0.952884	11.000000	34.000000	67.000000	151.000000	255.000000	0.015873	0.031746	0.111111	0.174603	0.000000	0.000000	0.015873	0.047619	0.000000	0.000000	0.000000	2.251601	2.992767	3.278625	0.105389	0.220069	0.316837	0.000000	0.015873	6.912008	0.838955
4027c938c4ff0d585374edafa8a9113e14b6550c99abe32accb217915ffd410f	photo	CID22-512px	/home/lilith/work/codec-corpus/CID22/CID22-512/validation/2389166.png	small	64	64	64	1621.463257	0.216175	0.110988	0.019673	0.012081	0.140625	0.000000	45.337208	0.087171	0.937908	571.000000	0.139404	0.041310	0.023350	3.000000	0.085670	0.059510	5.000000	0.332086	3.699274	13.703125	10.281250	0.000000	0.000000	0.000000	0.000000	0.000000	0.000000	0.046631	3.791445	0.565084	0.217821	0.059182	0.343750	0.031494	19.738764	0.000000	0.106151	0.019593	0.000000	4096.000000	8.317766	64.000000	64.000000	12288.000000	1.000000	0.000000	0.000000	0.000000	3.000000														10.000000	28.000000	56.000000	144.000000	255.000000									0.000000	0.000000	1.000000									14.576795	0.772227
1ddc0ccbb098c223efbd415045a3ab55409730673f343263aab7dd2fea81e2a4	photo	clic2025-1024px-resized	/home/lilith/work/codec-corpus/clic2025-1024/b939ac34faa94b5d0e753d570edc7048.png	small	64	64	64	3282.750732	0.523810	0.194164	0.029385	0.042226	0.015625	0.015625	79.275604	0.302306	0.580482	1580.000000	0.385742	0.054860	0.108030	4.000000	0.859270	1.401380	44.000000	0.219831	4.314438	60.140625	58.062500	0.000000	0.000000	0.000000	0.000000	0.000000	0.000000	0.026855	4.645366	0.663059	0.582490	0.063157	0.343750	0.169922	26.561995	0.000000	0.237103	0.080109	0.000000	4096.000000	8.317766	64.000000	64.000000	12288.000000	1.000000	0.000000	0.000000	0.000000	3.000000														31.000000	67.000000	116.000000	215.000000	255.000000									0.000000	0.000000	1.000000									2.302523	0.822262
36f36e711d23b81923711510a46027a8e263b2e08828f24cc7cffaebeea81cb5	photo	gb82-photos	/home/lilith/work/codec-corpus/gb82/mies-lossless.png	small	64	64	64	3968.617920	0.646762	0.092387	0.025665	0.011836	0.000000	0.000000	34.182575	0.761114	0.560898	745.000000	0.181885	0.038190	0.038550	1.000000	0.046580	0.048140	1.000000	0.454552	4.492778	74.312500	9.859375	0.000000	0.000000	0.000000	0.000000	0.000000	0.000000	0.072998	4.875223	0.382116	1.000000	0.159412	0.093750	0.440430	39.769585	0.000000	0.321925	0.021577	0.000000	4096.000000	8.317766	64.000000	64.000000	12288.000000	1.000000	0.000000	0.000000	0.000000	3.000000														49.000000	111.000000	188.000000	255.000000	255.000000									0.000000	3.000000	6.000000									0.207046	0.696666
3422bc79dfbf5d8d6cc3b14b84f7edfc0b290d347949d42dde7c2b824c4e912b	mixed	kadid10k-distortion-set	/home/lilith/work/codec-corpus/kadid10k/I08.png	tiny	64	64	48	1725.906006	0.248227	0.197602	0.035080	0.017848	0.062500	0.000000	73.245277	0.128980	0.732193	909.000000	0.295898	0.074150	0.068760	2.000000	0.186690	0.123380	10.000000	0.245910	3.947775	32.770832	48.729168	0.000000	0.000000	0.000000	0.000000	0.000000	0.000000	0.000326	4.145646	0.656968	0.361650	0.172439	0.541667	0.032227	26.715305	0.000000	0.150794	0.062831	0.000000	3072.000000	8.030084	48.000000	64.000000	9216.000000	0.750000	0.287682	0.000000	0.333333	3.000000														5.000000	24.000000	77.000000	191.000000	255.000000									0.000000	0.000000	0.000000									6.728808	0.883706
0d1322274a51490648354bf55222ab7dfea3e78fba82209ea98b67704f3264ba	photo	clic2025-1024px-resized	/home/lilith/work/codec-corpus/clic2025-1024/7e499613c3e376ea93afb3649719abeb.png	medium	256	256	256	3948.817383	0.238785	0.103050	0.012353	0.008041	0.329102	0.126953	50.926662	0.414758	0.914952	1009.000000	0.030792	0.008750	0.010660	1.000000	0.023920	0.025440	4.000000	0.174648	4.246377	23.939453	7.320312	0.001953	0.000000	0.000000	0.000000	0.000000	0.000000	0.001099	3.475338	1.374101	0.033658	0.012180	0.350586	0.766418	23.597946	0.042969	0.107623	0.016261	0.000000	65536.000000	11.090355	256.000000	256.000000	196608.000000	1.000000	0.000000	0.000000	0.000000	3.000000	4.045927	4.563573	4.983398	5.101397	5.234124	0.064021	0.742374	1.000000	1.000000	0.033168	0.153146	0.294543	0.425504	5.000000	27.000000	64.000000	159.000000	255.000000	0.000000	0.000000	0.095238	0.174603	0.000000	0.000000	0.000000	0.031746	0.000000	0.000000	0.000000	0.881348	1.210436	1.369911	0.015206	0.026990	0.033658	0.000000	0.000000	9.152361	0.806466
00f5340b9d27a7cc87c7a6c98c7344eeef4cfb596919113aa00a0bad60e5e9f0	photo	clic2025-1024px-resized	/home/lilith/work/codec-corpus/clic2025-1024/100f17892cf7bb12beb12479641fcc4c.png	small	64	64	64	398.105225	0.066515	0.018112	0.004026	0.003684	0.437500	0.109375	10.769070	0.022201	0.786345	93.000000	0.022705	0.000750	0.000820	0.000000	0.004040	0.005290	0.000000	0.209927	2.624957	8.375000	0.937500	0.000000	0.000000	0.000000	0.000000	8.000000	1.000000	0.003662	3.174555	0.914631	0.048763	0.013632	0.359375	0.124512	16.282745	0.000000	0.059028	0.000992	0.000000	4096.000000	8.317766	64.000000	64.000000	12288.000000	1.000000	0.000000	0.000000	0.000000	3.000000														3.000000	10.000000	22.000000	74.000000	255.000000									0.000000	0.000000	0.000000									50.378098	0.818632
38cd1141583567651c0ea20966a0765e0516f02b3cf85ae292638c73764f908e	photo	CID22-512px	/home/lilith/work/codec-corpus/CID22/CID22-512/training/3794859.png	small	64	64	64	1187.825928	0.268833	0.046096	0.011056	0.008867	0.125000	0.000000	26.772161	0.085441	0.889339	288.000000	0.070312	0.007590	0.006110	0.000000	0.031170	0.026560	1.000000	0.146797	3.682167	21.796875	4.078125	0.000000	0.000000	0.000000	0.000000	0.000000	0.000000	0.000000	3.949588	0.739155	0.133824	0.031680	0.375000	0.994629	17.288641	0.000000	0.121528	0.009177	0.000000	4096.000000	8.317766	64.000000	64.000000	12288.000000	1.000000	0.000000	0.000000	0.000000	3.000000														14.000000	33.000000	57.000000	133.000000	255.000000									0.000000	0.000000	0.000000									9.815714	0.780134
1b764121226f66a812da0e4b178741ceba76126e6f5e25802b3dea434c932f7c	mixed	kadid10k-distortion-set	/home/lilith/work/codec-corpus/kadid10k/I10.png	tiny	64	64	48	2089.182373	0.314083	0.211590	0.021544	0.013449	0.062500	0.000000	75.413582	0.115949	0.663904	758.000000	0.246745	0.025640	0.062120	1.000000	0.060280	0.169930	6.000000	0.172995	4.212449	35.625000	23.437500	0.000000	0.000000	0.000000	0.000000	0.000000	0.000000	0.023112	4.284116	0.637551	0.309495	0.127166	0.291667	0.170898	21.312061	0.000000	0.167659	0.042989	0.000000	3072.000000	8.030084	48.000000	64.000000	9216.000000	0.750000	0.287682	0.000000	0.333333	3.000000														11.000000	37.000000	75.000000	161.000000	255.000000									0.000000	0.000000	0.000000									5.797842	0.831015
36f36e711d23b81923711510a46027a8e263b2e08828f24cc7cffaebeea81cb5	photo	gb82-photos	/home/lilith/work/codec-corpus/gb82/mies-lossless.png	medium	256	256	256	5534.859375	0.592218	0.101194	0.032943	0.015396	0.014648	0.000000	36.832455	2.129035	0.711843	2025.000000	0.061798	0.055910	0.017430	2.000000	0.078180	0.025480	4.000000	0.202987	4.426081	73.736328	11.708008	0.000000	0.000000	0.000000	0.000000	0.000000	0.000000	0.080246	4.821513	0.585393	0.672285	0.112640	0.194336	0.405075	36.829025	0.000000	0.247117	0.023050	0.000000	65536.000000	11.090355	256.000000	256.000000	196608.000000	1.000000	0.000000	0.000000	0.000000	3.000000	4.949968	5.254188	5.411509	5.495342	5.595166	1.000000	1.000000	1.000000	1.000000	0.163157	0.255931	0.405922	0.553864	44.000000	97.000000	156.000000	255.000000	255.000000	0.095238	0.174603	0.269841	0.333333	0.000000	0.000000	0.015873	0.031746	0.000000	2.000000	5.000000	2.953148	3.606017	4.012689	0.165555	0.375904	0.672285	0.000000	0.063492	0.832405	0.757654
22e3065d88d197e49ab2b84a0ca90f634b095b45e3bce9b53aea956fcfddae17	photo	CID22-512px	/home/lilith/work/codec-corpus/CID22/CID22-512/training/pexels-photo-3193731.png	medium	256	256	256	6054.395020	0.192172	0.188599	0.015782	0.012245	0.349609	0.048828	70.814583	0.457618	1.154364	3556.000000	0.108521	0.022130	0.021680	5.000000	0.094130	0.050690	21.000000	0.176087	4.455204	25.018555	16.397461	0.001953	0.000000	0.000000	0.000000	0.000000	0.000000	0.068756	3.512824	1.194621	0.062035	0.033816	0.307617	0.069260	31.815660	0.011719	0.108786	0.025902	0.000000	65536.000000	11.090355	256.000000	256.000000	196608.000000	1.000000	0.000000	0.000000	0.000000	3.000000	3.685652	4.511194	5.069841	5.243838	5.464164	0.115753	0.481836	1.000000	1.000000	0.053456	0.131189	0.287106	0.632569	5.000000	22.000000	60.000000	180.000000	255.000000	0.000000	0.000000	0.063492	0.190476	0.000000	0.000000	0.015873	0.031746	0.000000	0.000000	0.000000	1.224015	1.601892	1.836385	0.028224	0.045091	0.062035	0.000000	0.000000	11.368668	0.804155
4027c938c4ff0d585374edafa8a9113e14b6550c99abe32accb217915ffd410f	photo	CID22-512px	/home/lilith/work/codec-corpus/CID22/CID22-512/validation/2389166.png	medium	256	256	256	1831.138916	0.221423	0.117125	0.017180	0.011105	0.341797	0.041016	47.283207	0.389521	1.328101	2176.000000	0.066406	0.029510	0.027240	5.000000	0.078290	0.067950	13.000000	0.312280	3.791274	14.514648	9.185547	0.000000	0.000000	0.000000	0.000000	0.000000	0.000000	0.049789	3.457555	1.020567	0.066946	0.022941	0.342773	0.044571	22.705940	0.011719	0.095610	0.016741	0.000000	65536.000000	11.090355	256.000000	256.000000	196608.000000	1.000000	0.000000	0.000000	0.000000	3.000000	3.759119	4.274308	4.542070	4.838036	5.168861	0.153227	0.476571	0.932262	1.000000	0.039207	0.155118	0.291109	0.521891	6.000000	26.000000	56.000000	159.000000	255.000000	0.000000	0.015873	0.079365	0.158730	0.000000	0.000000	0.000000	0.031746	0.000000	0.000000	0.000000	1.337147	1.633311	1.910408	0.031753	0.048521	0.066946	0.000000	0.000000	13.438785	0.766974
3422bc79dfbf5d8d6cc3b14b84f7edfc0b290d347949d42dde7c2b824c4e912b	mixed	kadid10k-distortion-set	/home/lilith/work/codec-corpus/kadid10k/I08.png	small	256	256	192	1837.307617	0.098286	0.200805	0.012808	0.007872	0.516927	0.013021	74.344048	0.133177	1.211084	4000.000000	0.122070	0.011700	0.011560	3.000000	0.033510	0.030560	10.000000	0.120606	4.004364	14.808594	14.894531	0.015625	0.000000	0.000000	0.000000	0.000000	0.000000	0.000671	3.206661	1.020534	0.076018	0.044032	0.717448	0.031392	25.339827	0.126302	0.065456	0.025194	0.000000	49152.000000	10.802672	192.000000	256.000000	147456.000000	0.750000	0.287682	0.000000	0.000000	3.000000	3.035430	4.086488	4.724251	4.947358	5.239862	0.125602	0.264317	0.808514	1.000000	0.070070	0.130702	0.302159	0.761588	1.000000	5.000000	28.000000	114.000000	255.000000	0.000000	0.015873	0.031746	0.111111	0.000000	0.000000	0.015873	0.031746	0.000000	0.000000	0.000000	1.393302	1.729242	1.995634	0.032369	0.053030	0.076018	0.000000	0.000000	22.770088	0.918751
1b764121226f66a812da0e4b178741ceba76126e6f5e25802b3dea434c932f7c	mixed	kadid10k-distortion-set	/home/lilith/work/codec-corpus/kadid10k/I10.png	small	256	256	192	2330.153564	0.191705	0.213985	0.011086	0.007147	0.371094	0.009115	76.203964	0.364434	0.992176	2427.000000	0.074066	0.007610	0.016890	1.000000	0.019310	0.062180	19.000000	0.264370	4.273166	19.164062	10.570312	0.005208	0.000000	0.000000	0.000000	0.000000	0.000000	0.022725	3.496259	1.068489	0.071091	0.034792	0.251302	0.168172	24.771704	0.000000	0.096085	0.020875	0.000000	49152.000000	10.802672	192.000000	256.000000	147456.000000	0.750000	0.287682	0.000000	0.000000	3.000000	3.640879	4.469781	4.879379	4.998145	5.144907	0.130277	0.447355	1.000000	1.000000	0.054084	0.131470	0.353301	0.595780	5.000000	21.000000	61.000000	168.000000	255.000000	0.000000	0.015873	0.063492	0.158730	0.000000	0.000000	0.015873	0.031746	0.000000	0.000000	0.000000	1.543290	1.778942	1.973056	0.038380	0.053093	0.071091	0.000000	0.000000	10.419676	0.778165
2344bcc115e4361c8752ed9816e0becb8b236b9d54138eb5f305993698d33f48	photo	CID22-512px	/home/lilith/work/codec-corpus/CID22/CID22-512/training/53435.png	small	64	64	64	3624.461914	0.448980	0.188774	0.027231	0.009245	0.000000	0.000000	64.914330	0.242760	0.649575	936.000000	0.228516	0.036350	0.102690	2.000000	0.026980	0.049380	1.000000	0.162656	4.509538	56.218750	32.078125	0.000000	0.000000	0.000000	0.000000	0.000000	0.000000	0.007568	4.578164	0.547046	0.538683	0.217288	0.390625	0.001709	25.772467	0.000000	0.193700	0.048611	0.000000	4096.000000	8.317766	64.000000	64.000000	12288.000000	1.000000	0.000000	0.000000	0.000000	3.000000														25.000000	58.000000	98.000000	209.000000	255.000000									0.000000	1.000000	3.000000									4.494583	0.810267
38cd1141583567651c0ea20966a0765e0516f02b3cf85ae292638c73764f908e	photo	CID22-512px	/home/lilith/work/codec-corpus/CID22/CID22-512/training/3794859.png	medium	256	256	256	1394.153198	0.239462	0.050406	0.009937	0.007556	0.218750	0.016602	28.250467	0.397502	1.078567	791.000000	0.024139	0.007510	0.006050	1.000000	0.028460	0.028150	3.000000	0.301806	3.808078	16.188477	3.518555	0.000000	0.000000	0.000000	0.000000	0.000000	0.000000	0.000137	3.576340	1.041974	0.040035	0.024130	0.111328	0.987518	20.428148	0.000000	0.098385	0.006805	0.000000	65536.000000	11.090355	256.000000	256.000000	196608.000000	1.000000	0.000000	0.000000	0.000000	3.000000	3.868092	4.277308	4.669493	4.834660	5.054059	0.268594	0.571585	0.935579	1.000000	0.056124	0.100117	0.158994	0.231320	12.000000	31.000000	59.000000	150.000000	255.000000	0.000000	0.031746	0.079365	0.142857	0.000000	0.000000	0.000000	0.015873	0.000000	0.000000	1.000000	1.391101	1.515211	1.612122	0.026051	0.033906	0.040035	0.000000	0.000000	12.232394	0.693500
3273fdf6677387bc73bab5320dca299657cc5abd97e05007c4f7a655ec77654d	photo	clic2025-1024px-resized	/home/lilith/work/codec-corpus/clic2025-1024/79b1bb29124f590c2e99e6c71c18affe25115d594a821cadc58bf24bf94dae8d.png	medium	256	256	256	4259.001465	0.306175	0.217597	0.029137	0.021700	0.286133	0.005859	75.299805	0.759324	0.891201	5732.000000	0.174927	0.081010	0.077170	8.000000	0.238590	0.244330	20.000000	0.182169	4.480314	36.164062	30.603516	0.001953	0.000000	0.000000	0.000000	0.000000	0.000000	0.033844	3.887815	1.177518	0.075093	0.053583	0.333984	0.231384	29.721891	0.000000	0.145105	0.045883	0.000000	65536.000000	11.090355	256.000000	256.000000	196608.000000	1.000000	0.000000	0.000000	0.000000	3.000000	4.332003	4.874245	5.149997	5.286062	5.413043	0.202386	0.971763	1.000000	1.000000	0.143211	0.326187	0.675576	1.000000	8.000000	42.000000	94.000000	194.000000	255.000000	0.000000	0.015873	0.142857	0.253968	0.000000	0.015873	0.031746	0.079365	0.000000	0.000000	0.000000	1.393576	1.759196	2.043303	0.026905	0.050437	0.075093	0.000000	0.000000	4.539151	0.798894
3718d228fbc85a2bc6040b83358b51b67ca68e3521337bf18e2e1b43c7c30c72	photo	gb82-photos	/home/lilith/work/codec-corpus/gb82/flowers-lossless.png	small	64	64	64	1956.343994	0.530864	0.111114	0.044259	0.020017	0.000000	0.000000	35.268112	0.238359	0.648165	984.000000	0.240234	0.165360	0.159530	9.000000	0.142120	0.137230	5.000000	0.340256	3.995340	32.890625	19.625000	0.000000	0.000000	0.000000	0.000000	0.000000	0.000000	0.016113	4.370388	0.497772	0.360754	0.110047	0.031250	0.041748	19.359129	0.000000	0.200645	0.041171	0.000000	4096.000000	8.317766	64.000000	64.000000	12288.000000	1.000000	0.000000	0.000000	0.000000	3.000000														32.000000	64.000000	105.000000	177.000000	255.000000									0.000000	2.000000	4.000000									2.115934	0.674091
50495a54cb5187430701b8860e2a6748f4897d6820cbbdc0959d997362584e38	photo	clic2025-1024px-resized	/home/lilith/work/codec-corpus/clic2025-1024/aed95e005df28e790519eefb6eb1e565.png	large	1024	1024	1024	1610.318359	0.026655	0.185411	0.005485	0.003189	0.837158	0.193115	104.957169	0.174354	1.870085	1820.000000	0.055542	0.003930	0.004600	2.000000	0.011930	0.009570	7.000000	0.230299	3.434911	2.874023	3.117188	0.000000	0.000000	0.000000	0.000000	0.000000	0.000000	0.001354	2.141447	0.868803	0.023181	0.012791	0.091797	0.229126	20.229193	0.000000	0.015439	0.005952	0.000000	1048576.000000	13.862944	1024.000000	1024.000000	3145728.000000	1.000000	0.000000	0.000000	0.000000	3.000000	1.779844	2.203951	3.715072	4.122017	4.638584	0.028788	0.039130	0.080769	0.515765	0.017932	0.025129	0.047488	0.279731	2.000000	5.000000	9.000000	56.000000	255.000000	0.000000	0.000000	0.000000	0.000000	0.000000	0.000000	0.000000	0.000000	0.000000	0.000000	0.000000	1.265702	1.406274	1.468901	0.015927	0.020049	0.023181	0.000000	0.000000	109.535057	0.481545
1ddc0ccbb098c223efbd415045a3ab55409730673f343263aab7dd2fea81e2a4	photo	clic2025-1024px-resized	/home/lilith/work/codec-corpus/clic2025-1024/b939ac34faa94b5d0e753d570edc7048.png	medium	256	256	256	3802.274414	0.302545	0.207287	0.017009	0.023775	0.225586	0.068359	83.825935	0.714565	0.826588	5357.000000	0.163483	0.031870	0.062950	6.000000	0.318910	0.512330	32.000000	0.178532	4.337542	37.524414	36.238281	0.045898	0.000000	0.000000	0.000000	0.000000	0.000000	0.028290	3.942580	1.324184	0.084332	0.017104	0.319336	0.156616	29.201546	0.043945	0.152189	0.051990	0.000000	65536.000000	11.090355	256.000000	256.000000	196608.000000	1.000000	0.000000	0.000000	0.000000	3.000000	4.453425	4.894409	5.118683	5.188100	5.345273	0.301610	1.000000	1.000000	1.000000	0.090282	0.449341	0.977038	1.000000	10.000000	41.000000	86.000000	200.000000	255.000000	0.000000	0.031746	0.142857	0.238095	0.000000	0.000000	0.047619	0.095238	0.000000	0.000000	0.000000	0.000000	0.586517	2.160572	0.000000	0.006674	0.084332	0.000000	0.000000	5.791810	0.770382
153928a81c3811f0bd08ad1dbed0c6c950c1ca702134b6629b95a4ec488143ab	photo	CID22-512px	/home/lilith/work/codec-corpus/CID22/CID22-512/training/33162.png	small	64	64	64	4452.038086	0.644243	0.136352	0.047307	0.039611	0.000000	0.000000	58.121639	0.535706	0.654941	1644.000000	0.401367	0.104840	0.094190	4.000000	0.500890	0.405880	14.000000	0.307121	4.611088	70.109375	38.640625	0.000000	0.000000	0.000000	0.000000	0.000000	0.000000	0.032715	4.841572	0.370323	0.943730	0.298391	0.062500	0.593994	33.337021	0.000000	0.293403	0.070685	0.000000	4096.000000	8.317766	64.000000	64.000000	12288.000000	1.000000	0.000000	0.000000	0.000000	3.000000														44.000000	96.000000	155.000000	255.000000	255.000000									0.000000	2.000000	5.000000									0.957981	0.739243
2344bcc115e4361c8752ed9816e0becb8b236b9d54138eb5f305993698d33f48	photo	CID22-512px	/home/lilith/work/codec-corpus/CID22/CID22-512/training/53435.png	medium	256	256	256	4019.359131	0.375102	0.193967	0.025621	0.010502	0.130859	0.000000	66.490211	0.814609	0.992052	2680.000000	0.081787	0.043030	0.059510	3.000000	0.038050	0.044920	2.000000	0.311721	4.627882	31.292969	16.268555	0.000000	0.000000	0.000000	0.000000	0.000000	0.000000	0.013062	4.084502	0.773035	0.201531	0.083875	0.286133	0.007523	24.945784	0.000000	0.159071	0.030366	0.000000	65536.000000	11.090355	256.000000	256.000000	196608.000000	1.000000	0.000000	0.000000	0.000000	3.000000	4.134192	4.690392	5.009754	5.149708	5.317283	0.441662	0.812020	1.000000	1.000000	0.162672	0.283132	0.481073	0.690079	17.000000	45.000000	89.000000	211.000000	255.000000	0.015873	0.063492	0.126984	0.253968	0.000000	0.015873	0.015873	0.047619	0.000000	0.000000	1.000000	2.195900	2.513800	2.843194	0.096420	0.143434	0.201531	0.000000	0.015873	6.015021	0.757534
40e41a7b02325fe8a3cf7fc2adcd82ee73065c7b4baf7d09290562cd73d99e9b	photo	CID22-512px	/home/lilith/work/codec-corpus/CID22/CID22-512/validation/2670327.png	small	64	64	64	2828.315430	0.395062	0.121618	0.028886	0.018069	0.015625	0.000000	45.703503	0.255571	0.714717	904.000000	0.220703	0.048870	0.051590	2.000000	0.116610	0.154970	6.000000	0.221198	4.305512	47.406250	22.812500	0.000000	0.000000	0.000000	0.000000	0.000000	0.000000	0.097412	4.536787	0.540383	0.562299	0.170895	0.406250	0.394043	33.039894	0.000000	0.203869	0.043899	0.000000	4096.000000	8.317766	64.000000	64.000000	12288.000000	1.000000	0.000000	0.000000	0.000000	3.000000														20.000000	48.000000	94.000000	253.000000	255.000000									0.000000	1.000000	2.000000									6.414103	0.812790
0d1322274a51490648354bf55222ab7dfea3e78fba82209ea98b67704f3264ba	photo	clic2025-1024px-resized	/home/lilith/work/codec-corpus/clic2025-1024/7e499613c3e376ea93afb3649719abeb.png	large	1024	1024	1024	4089.131104	0.134577	0.102907	0.004822	0.003132	0.525269	0.299194	50.851051	1.054195	1.257774	2030.000000	0.061951	0.000870	0.000700	0.000000	0.002480	0.001890	0.000000	0.217049	4.237402	16.938477	4.166992	0.013672	0.000000	0.000000	0.000000	0.000000	0.000000	0.001008	2.908288	1.482997	0.021235	0.000000	0.292969	0.766939	25.124144	0.067383	0.073490	0.008758	0.000000	1048576.000000	13.862944	1024.000000	1024.000000	3145728.000000	1.000000	0.000000	0.000000	0.000000	3.000000	3.062482	4.284467	4.783324	5.058354	5.218997	0.032810	0.247293	1.000000	1.000000	0.019631	0.064788	0.164926	0.274266	2.000000	11.000000	38.000000	148.000000	255.000000	0.000000	0.000000	0.015873	0.111111	0.000000	0.000000	0.000000	0.015873	0.000000	0.000000	0.000000	0.000000	0.676693	1.031409	0.000000	0.010842	0.021235	0.000000	0.000000	21.778419	0.732599
34bb0b11368c8c073b5129e760124d387bdf83428d8369e9a8d1b36772fb5edb	photo	CID22-512px	/home/lilith/work/codec-corpus/CID22/CID22-512/training/2504911.png	small	64	64	64	3894.220947	0.655833	0.077094	0.023877	0.020164	0.000000	0.000000	39.693977	0.348899	0.686796	587.000000	0.143311	0.027450	0.022790	0.000000	0.135160	0.107180	4.000000	0.208929	4.588507	64.812500	10.859375	0.000000	0.000000	0.000000	0.000000	0.000000	0.000000	0.063721	4.766470	0.391932	0.843081	0.132987	0.250000	0.786865	27.049635	0.000000	0.261905	0.026290	0.000000	4096.000000	8.317766	64.000000	64.000000	12288.000000	1.000000	0.000000	0.000000	0.000000	3.000000														41.000000	76.000000	118.000000	223.000000	255.000000									0.000000	3.000000	6.000000									2.530900	0.764642
50dd442c664f917a3cd013f9cf9e2dae1f02b1d2429d22a58d71f4b4c584b2f1	photo	CID22-512px	/home/lilith/work/codec-corpus/CID22/CID22-512/validation/2190188.png	small	64	64	64	4570.540039	0.573948	0.230214	0.051515	0.018708	0.046875	0.000000	81.244057	0.409540	0.596916	1192.000000	0.291016	0.262710	0.277790	20.000000	0.165860	0.189310	10.000000	0.179639	4.510360	80.843750	64.906250	0.000000	0.000000	0.000000	0.000000	0.000000	0.000000	0.215576	4.803990	0.736755	0.914090	0.106813	0.187500	0.132812	33.764698	0.000000	0.271081	0.087550	0.000000	4096.000000	8.317766	64.000000	64.000000	12288.000000	1.000000	0.000000	0.000000	0.000000	3.000000														33.000000	76.000000	134.000000	255.000000	255.000000									0.000000	1.000000	2.000000									2.155588	0.816478
3718d228fbc85a2bc6040b83358b51b67ca68e3521337bf18e2e1b43c7c30c72	photo	gb82-photos	/home/lilith/work/codec-corpus/gb82/flowers-lossless.png	medium	256	256	256	2327.820068	0.411780	0.123480	0.027553	0.012573	0.049805	0.000000	38.924931	0.760702	0.827110	3270.000000	0.099792	0.043900	0.040950	4.000000	0.041650	0.038240	3.000000	0.339342	4.139366	29.536133	18.344727	0.000000	0.000000	0.000000	0.000000	0.000000	0.000000	0.018311	4.209981	0.597375	0.368151	0.080665	0.074219	0.046570	21.389950	0.000000	0.173611	0.038814	0.000000	65536.000000	11.090355	256.000000	256.000000	196608.000000	1.000000	0.000000	0.000000	0.000000	3.000000	4.252121	4.659563	4.918590	5.018043	5.197598	0.575762	0.924362	1.000000	1.000000	0.132274	0.212925	0.616933	0.881535	22.000000	50.000000	87.000000	189.000000	255.000000	0.047619	0.095238	0.158730	0.238095	0.000000	0.000000	0.031746	0.063492	0.000000	1.000000	2.000000	2.335959	3.104098	3.520383	0.086609	0.233227	0.368151	0.000000	0.015873	5.246097	0.719420
00f5340b9d27a7cc87c7a6c98c7344eeef4cfb596919113aa00a0bad60e5e9f0	photo	clic2025-1024px-resized	/home/lilith/work/codec-corpus/clic2025-1024/100f17892cf7bb12beb12479641fcc4c.png	medium	256	256	256	420.752808	0.033925	0.019056	0.003210	0.002786	0.655273	0.199219	11.087660	0.052254	1.780644	259.000000	0.007904	0.000640	0.000620	0.000000	0.003080	0.003310	0.000000	0.211050	2.645482	3.945312	0.490234	0.000000	0.000000	0.000000	0.000000	0.000000	0.000000	0.003769	2.566303	0.945421	0.027691	0.009555	0.204102	0.117737	14.003372	0.004883	0.023422	0.000651	0.000000	65536.000000	11.090355	256.000000	256.000000	196608.000000	1.000000	0.000000	0.000000	0.000000	3.000000	2.602060	3.336782	3.782934	4.049963	4.658498	0.049821	0.141945	0.319001	0.545303	0.017918	0.030768	0.057345	0.084586	2.000000	7.000000	19.000000	59.000000	236.000000	0.000000	0.000000	0.000000	0.031746	0.000000	0.000000	0.000000	0.000000	0.000000	0.000000	0.000000	0.808717	1.168796	1.350976	0.011593	0.020324	0.027691	0.000000	0.000000	32.573460	0.710374
40e41a7b02325fe8a3cf7fc2adcd82ee73065c7b4baf7d09290562cd73d99e9b	photo	CID22-512px	/home/lilith/work/codec-corpus/CID22/CID22-512/validation/2670327.png	medium	256	256	256	3099.458984	0.179992	0.126714	0.014739	0.009380	0.236328	0.019531	47.345432	0.314662	1.262445	2536.000000	0.077393	0.018170	0.021830	3.000000	0.047320	0.053280	13.000000	0.119747	4.307281	24.379883	12.124023	0.003906	0.000000	0.000000	0.000000	0.000000	0.000000	0.099792	3.749831	0.973308	0.114908	0.031416	0.427734	0.375595	30.653950	0.001953	0.097966	0.021717	0.000000	65536.000000	11.090355	256.000000	256.000000	196608.000000	1.000000	0.000000	0.000000	0.000000	3.000000	3.891022	4.462157	4.904428	5.172687	5.558555	0.268914	0.638624	1.000000	1.000000	0.069671	0.175828	0.357315	0.652767	6.000000	20.000000	47.000000	152.000000	255.000000	0.000000	0.031746	0.079365	0.158730	0.000000	0.000000	0.015873	0.031746	0.000000	0.000000	0.000000	1.337147	1.907144	2.393465	0.026687	0.061047	0.114908	0.000000	0.000000	15.580320	0.839516
153928a81c3811f0bd08ad1dbed0c6c950c1ca702134b6629b95a4ec488143ab	photo	CID22-512px	/home/lilith/work/codec-corpus/CID22/CID22-512/training/33162.png	medium	256	256	256	5093.232422	0.420792	0.148713	0.030043	0.022178	0.083984	0.000977	62.116634	1.143399	0.888600	5433.000000	0.165802	0.045910	0.042320	3.000000	0.182110	0.157650	22.000000	0.243827	4.631362	43.788086	24.157227	0.007812	0.000000	0.000000	0.000000	0.000000	0.000000	0.042725	4.372698	0.788618	0.296491	0.095225	0.233398	0.533020	31.158155	0.001953	0.193406	0.047588	0.000000	65536.000000	11.090355	256.000000	256.000000	196608.000000	1.000000	0.000000	0.000000	0.000000	3.000000	4.554355	4.946217	5.190670	5.324775	5.516762	0.638425	1.000000	1.000000	1.000000	0.177926	0.339271	0.570186	0.904968	20.000000	56.000000	109.000000	240.000000	255.000000	0.031746	0.095238	0.206349	0.285714	0.000000	0.015873	0.047619	0.079365	0.000000	0.000000	1.000000	1.907143	2.762948	3.243500	0.052407	0.184480	0.296491	0.000000	0.015873	3.980713	0.754456
3a1ea0e13aac5baa902e88b7e74ccd5a64a42db30cb8ffea2a7d0244b4a11b9b	mixed	kadid10k-distortion-set	/home/lilith/work/codec-corpus/kadid10k/I80.png	tiny	64	64	48	1000.850098	0.263087	0.081441	0.023486	0.017238	0.145833	0.000000	34.911343	0.089530	0.935072	572.000000	0.186198	0.035140	0.035870	1.000000	0.158510	0.121090	5.000000	0.277759	3.752185	20.645834	18.208334	0.000000	0.000000	0.000000	0.000000	0.000000	0.000000	0.003255	3.913872	0.636637	0.205943	0.091614	0.145833	0.182292	18.643543	0.000000	0.108466	0.032407	0.000000	3072.000000	8.030084	48.000000	64.000000	9216.000000	0.750000	0.287682	0.000000	0.333333	3.000000														13.000000	33.000000	62.000000	144.000000	255.000000									0.000000	0.000000	2.000000									10.012112	0.743015
5ed2ddbf31810914fdabc65d3136f31e2cd2e3d3e007775a17ddfa6683ce7d64	photo	CID22-512px	/home/lilith/work/codec-corpus/CID22/CID22-512/training/3363331.png	small	64	64	64	4663.597168	0.294029	0.067896	0.009887	0.007832	0.171875	0.000000	25.216618	0.139095	0.822949	428.000000	0.104492	0.009780	0.011560	0.000000	0.040350	0.046580	3.000000	0.112617	4.460296	39.468750	6.875000	0.000000	0.000000	0.000000	0.000000	0.000000	0.000000	0.224609	4.164097	0.843973	0.172834	0.036702	0.328125	0.316406	27.117485	0.000000	0.138145	0.013393	0.000000	4096.000000	8.317766	64.000000	64.000000	12288.000000	1.000000	0.000000	0.000000	0.000000	3.000000														13.000000	38.000000	83.000000	160.000000	255.000000									0.000000	0.000000	1.000000									4.424547	0.796927
23853b548b24c4c6ff5c1a9aa88542373ce24a7bc89d14e2944ca80c4ab737ad	photo	clic2025-native	/home/lilith/work/codec-corpus/clic2025/final-test/b0b3744cc6b5ad6426b1ac02909b4389ea7fc4140d72a888ccdfb21f573a6db4.png	tiny	64	64	43	2882.509277	0.367460	0.160443	0.032302	0.015897	0.000000	0.000000	58.861710	0.146137	0.677171	1245.000000	0.452398	0.081620	0.141040	2.000000	0.102180	0.222150	5.000000	0.193599	4.479074	41.900002	28.174999	0.000000	0.000000	0.000000	0.000000	0.000000	0.000000	0.009448	4.411610	0.470237	0.631819	0.104019	0.400000	0.167578	28.134508	0.050000	0.138492	0.051984	0.000000	2752.000000	7.920083	43.000000	64.000000	8256.000000	0.671875	0.397683	0.116279	0.488372	3.000000														18.000000	46.000000	90.000000	183.000000	255.000000									0.000000	0.000000	0.000000									4.403483	0.838593
371c77a6905254258a38d0158331bf77dbc9ff47d21ecebec3db8909a907bc4b	mixed	kadid10k-distortion-set	/home/lilith/work/codec-corpus/kadid10k/I51.png	tiny	64	64	48	2252.497070	0.510638	0.165421	0.028484	0.024419	0.020833	0.000000	64.138802	0.266468	0.667664	852.000000	0.277344	0.052840	0.103370	7.000000	0.296630	0.557280	37.000000	0.320799	4.360147	48.333332	29.166666	0.000000	0.000000	0.000000	0.000000	0.000000	0.000000	0.041992	4.491396	0.618102	0.353773	0.109754	0.270833	0.163086	25.447601	0.041667	0.229167	0.070767	0.000000	3072.000000	8.030084	48.000000	64.000000	9216.000000	0.750000	0.287682	0.000000	0.333333	3.000000														26.000000	70.000000	117.000000	227.000000	255.000000									0.000000	0.000000	0.000000									2.375941	0.788436
50dd442c664f917a3cd013f9cf9e2dae1f02b1d2429d22a58d71f4b4c584b2f1	photo	CID22-512px	/home/lilith/work/codec-corpus/CID22/CID22-512/validation/2190188.png	medium	256	256	256	5043.343262	0.260654	0.240554	0.021086	0.008450	0.163086	0.050781	84.353172	0.604300	0.946184	3186.000000	0.097229	0.048020	0.059390	10.000000	0.041090	0.045070	7.000000	0.147387	4.544663	40.096680	28.160156	0.000000	0.000000	0.000000	0.000000	0.000000	0.000000	0.241211	4.060614	1.079395	0.118581	0.021877	0.482422	0.117569	33.481323	0.005859	0.140020	0.037745	0.000000	65536.000000	11.090355	256.000000	256.000000	196608.000000	1.000000	0.000000	0.000000	0.000000	3.000000	4.337561	4.867146	5.199342	5.346382	5.527863	0.417262	1.000000	1.000000	1.000000	0.066287	0.216896	0.567601	1.000000	7.000000	27.000000	70.000000	202.000000	255.000000	0.000000	0.047619	0.111111	0.222222	0.000000	0.000000	0.015873	0.047619	0.000000	0.000000	0.000000	1.316691	1.515215	2.436341	0.018382	0.028993	0.118581	0.000000	0.000000	10.046419	0.829609
34bb0b11368c8c073b5129e760124d387bdf83428d8369e9a8d1b36772fb5edb	photo	CID22-512px	/home/lilith/work/codec-corpus/CID22/CID22-512/training/2504911.png	medium	256	256	256	4578.394043	0.485183	0.085308	0.018284	0.015353	0.016602	0.005859	42.414875	0.966242	0.966063	1417.000000	0.043243	0.019750	0.014420	1.000000	0.090910	0.069580	6.000000	0.201687	4.642169	45.498047	9.954102	0.000000	0.000000	0.000000	0.000000	0.000000	0.000000	0.088608	4.508009	0.594954	0.532756	0.079484	0.312500	0.735855	26.193020	0.005859	0.192693	0.020942	0.000000	65536.000000	11.090355	256.000000	256.000000	196608.000000	1.000000	0.000000	0.000000	0.000000	3.000000	4.590497	4.903371	5.123835	5.248772	5.402062	0.847131	1.000000	1.000000	1.000000	0.125452	0.221392	0.331861	0.461056	27.000000	57.000000	97.000000	214.000000	255.000000	0.079365	0.111111	0.174603	0.269841	0.000000	0.000000	0.015873	0.031746	0.000000	0.000000	2.000000	2.611457	3.584329	3.865149	0.146866	0.381905	0.532756	0.000000	0.063492	4.749825	0.780088
41dc4c2f2b80dc97a8703e25d03da1af7634bb6c57154c6fcf094d684e6bcc30	photo	CID22-512px	/home/lilith/work/codec-corpus/CID22/CID22-512/training/pexels-photo-4672246.png	small	64	64	64	1745.490967	0.260771	0.190059	0.030545	0.022553	0.046875	0.000000	71.153893	0.101998	0.854139	733.000000	0.178955	0.073250	0.042430	4.000000	0.270320	0.161730	12.000000	0.173405	3.997299	25.593750	27.421875	0.000000	0.000000	0.000000	0.000000	0.000000	0.000000	0.094727	4.013605	0.780785	0.291379	0.105082	0.265625	0.178223	21.121000	0.000000	0.135665	0.048859	0.000000	4096.000000	8.317766	64.000000	64.000000	12288.000000	1.000000	0.000000	0.000000	0.000000	3.000000														10.000000	28.000000	62.000000	147.000000	255.000000									0.000000	0.000000	0.000000									10.304188	0.829346
3a1ea0e13aac5baa902e88b7e74ccd5a64a42db30cb8ffea2a7d0244b4a11b9b	mixed	kadid10k-distortion-set	/home/lilith/work/codec-corpus/kadid10k/I80.png	small	256	256	192	1284.026978	0.210635	0.086657	0.015540	0.009104	0.248698	0.000000	36.438381	0.483116	1.200854	1932.000000	0.058960	0.012090	0.014880	0.000000	0.025740	0.025350	2.000000	0.424309	3.844438	17.955729	9.726562	0.000000	0.000000	0.000000	0.000000	0.000000	0.000000	0.005900	3.703843	0.749213	0.153924	0.083495	0.080729	0.177083	28.867329	0.000000	0.102265	0.017795	0.000000	49152.000000	10.802672	192.000000	256.000000	147456.000000	0.750000	0.287682	0.000000	0.000000	3.000000	3.641617	4.334205	4.754134	4.942326	5.311247	0.227607	0.441064	0.954453	1.000000	0.106530	0.157975	0.270303	0.534695	10.000000	26.000000	67.000000	194.000000	255.000000	0.000000	0.015873	0.063492	0.158730	0.000000	0.000000	0.015873	0.031746	0.000000	0.000000	1.000000	2.428034	2.590769	2.770288	0.089156	0.123565	0.153924	0.000000	0.000000	10.690029	0.698190
5162e90dc7ae0d8c6c1469d544e6d56f352ca630861cfa2566fd87dd85be8b9b	photo	CID22-512px	/home/lilith/work/codec-corpus/CID22/CID22-512/training/Abstract-Art-1.png	small	64	64	64	2155.703125	0.266818	0.071637	0.008651	0.010225	0.046875	0.000000	29.851730	0.111918	0.783587	197.000000	0.048096	0.007670	0.014770	0.000000	0.078720	0.118980	5.000000	0.166828	3.740762	30.156250	10.250000	0.000000	0.000000	0.000000	0.000000	8.000000	1.000000	0.627930	4.304924	0.547031	0.463063	0.000000	0.421875	0.000000	21.732834	0.046875	0.134921	0.026538	0.000000	4096.000000	8.317766	64.000000	64.000000	12288.000000	1.000000	0.000000	0.000000	0.000000	3.000000														7.000000	34.000000	69.000000	151.000000	255.000000									0.000000	0.000000	0.000000									5.053815	0.853180
5ed2ddbf31810914fdabc65d3136f31e2cd2e3d3e007775a17ddfa6683ce7d64	photo	CID22-512px	/home/lilith/work/codec-corpus/CID22/CID22-512/training/3363331.png	medium	256	256	256	4848.187988	0.186497	0.071075	0.007687	0.005745	0.350586	0.013672	26.225193	0.294383	1.233422	870.000000	0.026550	0.008920	0.006280	1.000000	0.031230	0.024390	8.000000	0.170315	4.477099	18.130859	3.620117	0.000000	0.000000	0.000000	0.000000	0.000000	0.000000	0.216736	3.519310	0.994834	0.079182	0.017113	0.210938	0.309937	21.637079	0.000000	0.088123	0.007425	0.000000	65536.000000	11.090355	256.000000	256.000000	196608.000000	1.000000	0.000000	0.000000	0.000000	3.000000	3.605425	4.312021	4.807044	4.969476	5.416571	0.152339	0.429764	0.993874	1.000000	0.028177	0.053300	0.149174	0.309687	6.000000	23.000000	53.000000	131.000000	255.000000	0.000000	0.015873	0.063492	0.158730	0.000000	0.000000	0.000000	0.015873	0.000000	0.000000	0.000000	1.524842	1.821902	2.093200	0.037929	0.056838	0.079182	0.000000	0.000000	9.467475	0.750785
371c77a6905254258a38d0158331bf77dbc9ff47d21ecebec3db8909a907bc4b	mixed	kadid10k-distortion-set	/home/lilith/work/codec-corpus/kadid10k/I51.png	small	256	256	192	2681.960205	0.279478	0.169949	0.012631	0.010323	0.308594	0.020833	65.672104	0.610533	1.095522	2850.000000	0.086975	0.010610	0.015780	4.000000	0.045780	0.082550	15.000000	0.220992	4.447930	33.082031	17.005209	0.007812	0.000000	0.000000	0.000000	0.000000	0.000000	0.052307	3.773643	1.223878	0.066297	0.023225	0.373698	0.145203	28.260891	0.000000	0.141865	0.028873	0.000000	49152.000000	10.802672	192.000000	256.000000	147456.000000	0.750000	0.287682	0.000000	0.000000	3.000000	4.228117	4.828612	5.040475	5.135301	5.315729	0.135098	0.915276	1.000000	1.000000	0.049273	0.193337	0.458711	0.757832	6.000000	35.000000	87.000000	199.000000	255.000000	0.000000	0.015873	0.126984	0.253968	0.000000	0.000000	0.015873	0.047619	0.000000	0.000000	0.000000	1.430357	1.694056	1.916372	0.030540	0.049475	0.066297	0.000000	0.000000	6.004992	0.826031
3273fdf6677387bc73bab5320dca299657cc5abd97e05007c4f7a655ec77654d	photo	clic2025-1024px-resized	/home/lilith/work/codec-corpus/clic2025-1024/79b1bb29124f590c2e99e6c71c18affe25115d594a821cadc58bf24bf94dae8d.png	large	1024	1024	1024	4801.427734	0.236882	0.223597	0.015987	0.012887	0.460938	0.004272	77.211983	3.281703	1.046935	12466.000000	0.380432	0.015680	0.023080	3.000000	0.063580	0.094830	16.000000	0.270296	4.444550	23.555664	16.010742	0.000000	0.000000	0.000000	0.000000	0.000000	0.000000	0.035501	3.418398	1.204705	0.052747	0.037269	0.126953	0.214937	35.320156	0.000000	0.094448	0.024554	0.000000	1048576.000000	13.862944	1024.000000	1024.000000	3145728.000000	1.000000	0.000000	0.000000	0.000000	3.000000	3.251695	4.594777	5.085355	5.242484	5.435791	0.093846	0.276352	1.000000	1.000000	0.072968	0.154660	0.376317	0.753022	7.000000	29.000000	90.000000	231.000000	255.000000	0.000000	0.000000	0.031746	0.174603	0.000000	0.000000	0.015873	0.047619	0.000000	0.000000	0.000000	1.534464	1.812914	1.929419	0.030077	0.043976	0.052747	0.000000	0.000000	6.849221	0.678406
5162e90dc7ae0d8c6c1469d544e6d56f352ca630861cfa2566fd87dd85be8b9b	photo	CID22-512px	/home/lilith/work/codec-corpus/CID22/CID22-512/training/Abstract-Art-1.png	medium	256	256	256	2325.607666	0.119339	0.076622	0.006051	0.003538	0.580078	0.329102	31.251822	0.251847	1.150534	262.000000	0.007996	0.010040	0.023170	1.000000	0.027320	0.045620	9.000000	0.201476	3.736470	13.972656	6.064453	0.318359	0.000000	0.000000	0.000000	0.000000	0.000000	0.718002	2.530807	1.798469	0.000000	0.000000	0.341797	0.000000	24.236082	0.414062	0.064267	0.013780	0.000000	65536.000000	11.090355	256.000000	256.000000	196608.000000	1.000000	0.000000	0.000000	0.000000	3.000000	2.541404	4.271143	4.807795	4.908590	5.136116	0.019787	0.137769	0.943012	1.000000	0.000000	0.000000	0.246724	0.440093	1.000000	3.000000	44.000000	141.000000	255.000000	0.000000	0.000000	0.015873	0.126984	0.000000	0.000000	0.000000	0.031746	0.000000	0.000000	0.000000	0.000000	0.000000	0.000000	0.000000	0.000000	0.000000	0.000000	0.000000	13.374080	0.603912
379b6af06e385904189cb7a0876209266b3ee117bc8e5a5f896f1ee349781c1a	mixed	kadid10k-distortion-set	/home/lilith/work/codec-corpus/kadid10k/I06.png	tiny	64	64	48	1043.574463	0.149274	0.191829	0.009688	0.006848	0.333333	0.000000	60.746357	0.042313	0.832327	396.000000	0.128906	0.004510	0.028410	0.000000	0.013390	0.071200	1.000000	0.154930	3.339724	15.041667	16.750000	0.000000	0.000000	0.000000	0.000000	0.000000	0.000000	0.009766	3.657717	0.776572	0.115797	0.033719	0.187500	0.559245	21.731136	0.000000	0.077712	0.019841	0.000000	3072.000000	8.030084	48.000000	64.000000	9216.000000	0.750000	0.287682	0.000000	0.333333	3.000000														9.000000	19.000000	38.000000	109.000000	243.000000									0.000000	0.000000	1.000000									15.453859	0.716434
518d95049a6ddd7dbc10a7792b69eaabf003266f0dc2b53216223c0a47f6470d	mixed	kadid10k-distortion-set	/home/lilith/work/codec-corpus/kadid10k/I75.png	tiny	64	64	48	2132.134277	0.355961	0.094260	0.017013	0.010544	0.125000	0.000000	47.317749	0.160192	0.779407	451.000000	0.146810	0.013950	0.008590	0.000000	0.036010	0.025130	1.000000	0.174063	4.017660	40.229168	12.000000	0.000000	0.000000	0.000000	0.000000	0.000000	0.000000	0.000977	4.254136	0.796967	0.210930	0.038430	0.562500	0.000326	29.552572	0.000000	0.172288	0.028439	0.000000	3072.000000	8.030084	48.000000	64.000000	9216.000000	0.750000	0.287682	0.000000	0.333333	3.000000														10.000000	35.000000	81.000000	228.000000	255.000000									0.000000	0.000000	0.000000									8.070544	0.883300
379b6af06e385904189cb7a0876209266b3ee117bc8e5a5f896f1ee349781c1a	mixed	kadid10k-distortion-set	/home/lilith/work/codec-corpus/kadid10k/I06.png	small	256	256	192	1124.533203	0.088266	0.192469	0.007122	0.005397	0.270833	0.000000	60.961685	0.122549	1.408917	1100.000000	0.033569	0.002700	0.004760	0.000000	0.010350	0.013910	1.000000	0.177276	3.548602	10.169271	7.055990	0.000000	0.000000	0.000000	0.000000	0.000000	0.000000	0.008443	3.391997	0.672711	0.124473	0.049769	0.432292	0.553955	21.587954	0.000000	0.044374	0.009528	0.000000	49152.000000	10.802672	192.000000	256.000000	147456.000000	0.750000	0.287682	0.000000	0.000000	3.000000	3.430234	3.713863	4.231013	4.670459	5.167321	0.218125	0.316432	0.470405	1.000000	0.075828	0.116064	0.220647	0.434408	5.000000	13.000000	34.000000	95.000000	255.000000	0.000000	0.015873	0.031746	0.047619	0.000000	0.000000	0.000000	0.015873	0.000000	0.000000	0.000000	1.798910	2.182513	2.526339	0.047679	0.088857	0.124473	0.000000	0.000000	22.983774	0.743162
1c9deabfbe43dfff391123ea0f008ab08d75e19da4a0dad59af521ccce2a1beb	screenshot	gb82-screens	/home/lilith/work/codec-corpus/gb82-sc/terminal.png	tiny	64	64	41	911.447388	0.209127	0.030786	0.003229	0.004192	0.025000	0.000000	11.655458	0.050961	0.874572	105.000000	0.040015	0.004620	0.002390	0.000000	0.043490	0.012520	3.000000	0.093130	2.719868	25.825001	3.700000	0.100000	0.000000	0.000000	0.000000	8.000000	1.000000	0.322027	4.140279	0.504166	0.408828	0.017629	0.600000	0.006641	21.341835	0.100000	0.093254	0.010714	0.000000	2624.000000	7.872455	41.000000	64.000000	7872.000000	0.640625	0.445311	0.170732	0.560976	3.000000														9.000000	27.000000	48.000000	106.000000	255.000000									0.000000	0.000000	0.000000									11.478928	0.847513
34bdd6e41b7250b7d79e5573a687a4cb27f2cc79b6c24424f31fbf0b7884b3a6	photo	CID22-512px	/home/lilith/work/codec-corpus/CID22/CID22-512/validation/3653963.png	small	64	64	64	3508.990723	0.417234	0.053800	0.007511	0.007550	0.000000	0.000000	22.294600	0.126850	0.634377	489.000000	0.119385	0.002750	0.004230	0.000000	0.016810	0.025820	1.000000	0.128899	4.565400	38.000000	5.796875	0.000000	0.000000	0.000000	0.000000	0.000000	0.000000	0.084717	4.421699	0.493862	0.541780	0.041898	0.359375	0.133301	19.406878	0.000000	0.158978	0.012153	0.000000	4096.000000	8.317766	64.000000	64.000000	12288.000000	1.000000	0.000000	0.000000	0.000000	3.000000														21.000000	42.000000	72.000000	149.000000	250.000000									0.000000	1.000000	3.000000									5.755364	0.852374
5f3e9cfe5a2c652d4ada06f9008c7776a78ab9df6423878037f3dab1a8b7bfd8	photo	CID22-512px	/home/lilith/work/codec-corpus/CID22/CID22-512/training/3836671.png	small	64	64	64	3711.680176	0.274124	0.023790	0.002566	0.004231	0.250000	0.000000	10.170549	0.148951	0.984728	275.000000	0.067139	0.000330	0.000390	0.000000	0.007550	0.008200	0.000000	0.126539	4.223304	38.156250	2.750000	0.000000	0.000000	0.000000	0.000000	0.000000	0.000000	0.510498	3.904853	1.012938	0.157370	0.016950	0.359375	0.140869	34.795715	0.000000	0.134921	0.005952	0.000000	4096.000000	8.317766	64.000000	64.000000	12288.000000	1.000000	0.000000	0.000000	0.000000	3.000000														6.000000	30.000000	74.000000	205.000000	255.000000									0.000000	0.000000	1.000000									9.166240	0.849482
00f5340b9d27a7cc87c7a6c98c7344eeef4cfb596919113aa00a0bad60e5e9f0	photo	clic2025-1024px-resized	/home/lilith/work/codec-corpus/clic2025-1024/100f17892cf7bb12beb12479641fcc4c.png	large	1024	1024	1024	465.967468	0.083198	0.019578	0.002415	0.001694	0.668457	0.171631	11.251363	0.418102	1.778041	585.000000	0.017853	0.000350	0.000340	0.000000	0.001150	0.001140	0.000000	0.694774	2.646040	2.905273	0.188477	0.006836	0.000000	0.000000	0.000000	0.000000	0.000000	0.003908	2.552379	1.005740	0.027226	0.004253	0.024414	0.114702	9.853454	0.008789	0.029762	0.000341	0.000000	1048576.000000	13.862944	1024.000000	1024.000000	3145728.000000	1.000000	0.000000	0.000000	0.000000	3.000000	2.444045	3.467747	3.920018	4.128435	4.416780	0.043698	0.094018	0.293154	0.542244	0.014512	0.025553	0.046122	0.067838	3.000000	12.000000	30.000000	81.000000	255.000000	0.000000	0.000000	0.000000	0.031746	0.000000	0.000000	0.000000	0.000000	0.000000	0.000000	0.000000	0.467973	1.129830	1.399836	0.006314	0.018826	0.027226	0.000000	0.000000	13.401561	0.529671
32a51eda71fc5cf5e54b947814515311f676403a62a873b6297c21de9eabd142	photo	CID22-512px	/home/lilith/work/codec-corpus/CID22/CID22-512/training/7280783.png	small	64	64	64	850.237976	0.312421	0.102381	0.020036	0.012256	0.000000	0.000000	44.126934	0.094888	0.830242	532.000000	0.129883	0.024470	0.023260	1.000000	0.046580	0.043930	1.000000	0.200926	3.661814	24.531250	10.515625	0.000000	0.000000	0.000000	0.000000	0.000000	0.000000	0.002930	4.187477	0.369064	0.459267	0.099904	0.234375	0.874268	14.350810	0.000000	0.129216	0.022569	0.000000	4096.000000	8.317766	64.000000	64.000000	12288.000000	1.000000	0.000000	0.000000	0.000000	3.000000														20.000000	38.000000	59.000000	132.000000	209.000000									0.000000	1.000000	3.000000									6.956752	0.779629
41dc4c2f2b80dc97a8703e25d03da1af7634bb6c57154c6fcf094d684e6bcc30	photo	CID22-512px	/home/lilith/work/codec-corpus/CID22/CID22-512/training/pexels-photo-4672246.png	medium	256	256	256	1840.500610	0.110542	0.192997	0.011705	0.008761	0.445312	0.003906	72.108521	0.152717	1.330955	1788.000000	0.054565	0.013450	0.011660	2.000000	0.051760	0.042980	10.000000	0.164270	4.004962	12.253906	10.095703	0.000000	0.000000	0.000000	0.000000	0.000000	0.000000	0.081421	3.214927	1.000377	0.037910	0.018340	0.321289	0.176956	18.701096	0.000000	0.063368	0.017516	0.000000	65536.000000	11.090355	256.000000	256.000000	196608.000000	1.000000	0.000000	0.000000	0.000000	3.000000	3.271315	4.056273	4.569818	4.736431	5.070809	0.099269	0.320170	0.799182	1.000000	0.033990	0.092374	0.261646	0.572993	4.000000	10.000000	32.000000	105.000000	255.000000	0.000000	0.000000	0.031746	0.111111	0.000000	0.000000	0.000000	0.031746	0.000000	0.000000	0.000000	1.563592	1.694056	1.791954	0.026411	0.032666	0.037910	0.000000	0.000000	23.020863	0.749507
1ddc0ccbb098c223efbd415045a3ab55409730673f343263aab7dd2fea81e2a4	photo	clic2025-1024px-resized	/home/lilith/work/codec-corpus/clic2025-1024/b939ac34faa94b5d0e753d570edc7048.png	large	1024	1024	1024	4028.625977	0.146607	0.210954	0.006733	0.008949	0.496216	0.195068	84.845345	0.959545	1.184180	10880.000000	0.332031	0.002510	0.004580	1.000000	0.027640	0.039730	7.000000	0.088805	4.328885	22.297852	15.144531	0.053711	0.000000	0.000000	0.000000	0.000000	0.000000	0.026872	3.016373	1.584316	0.019532	0.000000	0.484375	0.155228	26.739346	0.106445	0.072467	0.022430	0.000000	1048576.000000	13.862944	1024.000000	1024.000000	3145728.000000	1.000000	0.000000	0.000000	0.000000	3.000000	2.958556	4.503525	5.071333	5.280913	5.425846	0.050986	0.228242	1.000000	1.000000	0.022477	0.094451	0.457728	0.819268	1.000000	11.000000	44.000000	131.000000	255.000000	0.000000	0.000000	0.015873	0.111111	0.000000	0.000000	0.000000	0.031746	0.000000	0.000000	0.000000	0.000000	0.000000	0.999323	0.000000	0.000000	0.019532	0.000000	0.000000	13.615552	0.787105
518d95049a6ddd7dbc10a7792b69eaabf003266f0dc2b53216223c0a47f6470d	mixed	kadid10k-distortion-set	/home/lilith/work/codec-corpus/kadid10k/I75.png	small	256	256	192	2308.276367	0.107320	0.095328	0.006762	0.005128	0.421875	0.015625	47.678108	0.253533	1.273764	1252.000000	0.038208	0.002350	0.001530	0.000000	0.010780	0.005050	2.000000	0.142735	4.090216	19.971354	4.846354	0.002604	0.000000	0.000000	0.000000	0.000000	0.000000	0.000936	3.314298	1.128325	0.051795	0.021520	0.488281	0.000407	33.276867	0.007812	0.071139	0.010479	0.000000	49152.000000	10.802672	192.000000	256.000000	147456.000000	0.750000	0.287682	0.000000	0.000000	3.000000	3.398523	4.201980	4.906863	5.131488	5.420004	0.099711	0.397705	0.961640	1.000000	0.030519	0.085436	0.178123	0.292140	3.000000	9.000000	29.000000	167.000000	255.000000	0.000000	0.000000	0.047619	0.095238	0.000000	0.000000	0.000000	0.015873	0.000000	0.000000	0.000000	1.393302	1.622602	1.800953	0.024459	0.036753	0.051795	0.000000	0.000000	24.100918	0.848855
37c03986c6efb7198ad1a327d70de9dff2c2a4c31d948638387f722768ab279e	mixed	kadid10k-distortion-set	/home/lilith/work/codec-corpus/kadid10k/I68.png	tiny	64	64	48	2830.357422	0.285377	0.189369	0.024673	0.016699	0.187500	0.000000	84.321106	0.111924	0.725289	808.000000	0.263021	0.068750	0.089590	5.000000	0.142470	0.348340	10.000000	0.167957	4.055089	30.208334	35.812500	0.000000	0.000000	0.000000	0.000000	0.000000	0.000000	0.009440	3.988632	0.842654	0.180179	0.103791	0.312500	0.047852	23.415298	0.000000	0.110780	0.052249	0.000000	3072.000000	8.030084	48.000000	64.000000	9216.000000	0.750000	0.287682	0.000000	0.333333	3.000000														12.000000	37.000000	71.000000	154.000000	255.000000									0.000000	0.000000	0.000000									7.094842	0.768000
4211dc9c8c6e4fb24a477f049943527113efada09bae6cb89ee4a061b533e271	mixed	kadid10k-distortion-set	/home/lilith/work/codec-corpus/kadid10k/I35.png	tiny	64	64	48	2864.390625	0.378926	0.114911	0.019364	0.016871	0.000000	0.000000	45.876915	0.205879	0.645193	1170.000000	0.380859	0.027470	0.031770	1.000000	0.173250	0.159190	10.000000	0.189677	4.315108	50.187500	21.625000	0.000000	0.000000	0.000000	0.000000	0.000000	0.000000	0.008138	4.534533	0.528868	0.601574	0.095489	0.458333	0.296224	28.086596	0.000000	0.189153	0.041997	0.000000	3072.000000	8.030084	48.000000	64.000000	9216.000000	0.750000	0.287682	0.000000	0.333333	3.000000														13.000000	50.000000	106.000000	228.000000	255.000000									0.000000	0.000000	1.000000									4.488131	0.841883
160eb5004cfa03cdf72c726f24f65d747cf67e932ce7b668e03d8d296b4737a2	photo	gb82-photos	/home/lilith/work/codec-corpus/gb82/haze-lossless.png	small	64	64	64	600.038940	0.038045	0.072108	0.008238	0.005379	0.656250	0.000000	24.876368	0.007440	1.263831	243.000000	0.059326	0.006670	0.009180	1.000000	0.011040	0.019940	2.000000	0.084118	3.010120	5.640625	5.906250	0.000000	0.000000	0.000000	0.000000	8.000000	1.000000	0.141846	2.746848	0.858498	0.050563	0.021354	0.546875	0.071045	13.493089	0.000000	0.033978	0.012153	0.000000	4096.000000	8.317766	64.000000	64.000000	12288.000000	1.000000	0.000000	0.000000	0.000000	3.000000														1.000000	4.000000	10.000000	49.000000	137.000000									0.000000	0.000000	0.000000									49.440300	0.882504
015162b1f6bbd3425d8c1b2978c2cd1bcb9f4b8efb68b79b3826e48504148c6c	photo	CID22-512px	/home/lilith/work/codec-corpus/CID22/CID22-512/training/pexels-photo-951408.png	small	64	64	64	3305.695068	0.573696	0.100405	0.034100	0.011730	0.046875	0.000000	32.748371	0.345623	0.537692	702.000000	0.171387	0.063270	0.024570	1.000000	0.061820	0.036380	3.000000	0.171178	4.426948	53.812500	15.312500	0.000000	0.000000	0.000000	0.000000	0.000000	0.000000	0.030518	4.608007	0.677643	0.336174	0.127007	0.421875	0.039795	28.441490	0.000000	0.217262	0.037450	0.000000	4096.000000	8.317766	64.000000	64.000000	12288.000000	1.000000	0.000000	0.000000	0.000000	3.000000														31.000000	76.000000	127.000000	227.000000	255.000000									0.000000	0.000000	1.000000									1.645668	0.826955
524b8b2eb40a0839da68c3383803dceca746b070b61093be250f59b1c6551df4	photo	CID22-512px	/home/lilith/work/codec-corpus/CID22/CID22-512/validation/5055743.png	small	64	64	64	3435.399658	0.425548	0.105050	0.021898	0.015961	0.000000	0.000000	43.945457	0.236975	0.690898	915.000000	0.223389	0.023400	0.033250	1.000000	0.104930	0.113280	9.000000	0.159104	4.482382	54.828125	19.203125	0.000000	0.000000	0.000000	0.000000	0.000000	0.000000	0.055908	4.605569	0.563941	0.526994	0.042185	0.390625	0.540283	29.205551	0.000000	0.212302	0.041419	0.000000	4096.000000	8.317766	64.000000	64.000000	12288.000000	1.000000	0.000000	0.000000	0.000000	3.000000														17.000000	52.000000	105.000000	207.000000	255.000000									0.000000	0.000000	1.000000									3.665005	0.864061
5f3e9cfe5a2c652d4ada06f9008c7776a78ab9df6423878037f3dab1a8b7bfd8	photo	CID22-512px	/home/lilith/work/codec-corpus/CID22/CID22-512/training/3836671.png	medium	256	256	256	3899.690674	0.106959	0.024147	0.001721	0.002213	0.548828	0.040039	10.301034	0.304852	1.460494	390.000000	0.011902	0.000190	0.000180	0.000000	0.002390	0.002040	0.000000	0.164752	4.245246	17.843750	0.828125	0.010742	0.000000	0.000000	0.000000	0.000000	0.000000	0.514923	3.163950	1.130437	0.067459	0.007074	0.467773	0.139984	35.485085	0.040039	0.069847	0.001674	0.000000	65536.000000	11.090355	256.000000	256.000000	196608.000000	1.000000	0.000000	0.000000	0.000000	3.000000	2.920091	4.203154	4.728241	5.013329	5.622710	0.107458	0.197334	0.894707	1.000000	0.013376	0.024633	0.058387	0.115891	2.000000	10.000000	31.000000	168.000000	255.000000	0.000000	0.000000	0.015873	0.111111	0.000000	0.000000	0.000000	0.000000	0.000000	0.000000	0.000000	0.767847	1.683358	1.909072	0.013614	0.049950	0.067459	0.000000	0.000000	24.815535	0.823451
23853b548b24c4c6ff5c1a9aa88542373ce24a7bc89d14e2944ca80c4ab737ad	photo	clic2025-native	/home/lilith/work/codec-corpus/clic2025/final-test/b0b3744cc6b5ad6426b1ac02909b4389ea7fc4140d72a888ccdfb21f573a6db4.png	small	256	256	170	3250.215820	0.361345	0.173154	0.039399	0.019019	0.252976	0.000000	62.575489	0.607101	1.202290	5452.000000	0.166382	0.140880	0.139530	11.000000	0.184170	0.168010	9.000000	0.355829	4.563565	24.116072	25.958334	0.005952	0.000000	0.000000	0.000000	0.000000	0.000000	0.010018	3.932870	0.799792	0.192025	0.033017	0.413690	0.127209	21.509705	0.000000	0.138818	0.045163	0.000000	43520.000000	10.680976	170.000000	256.000000	130560.000000	0.664062	0.409379	0.035294	0.129412	3.000000	4.180495	4.514452	4.854318	5.028810	5.233924	0.264883	0.741435	1.000000	1.000000	0.075570	0.391701	0.664975	0.902635	12.000000	45.000000	90.000000	194.000000	255.000000	0.015873	0.031746	0.126984	0.222222	0.000000	0.000000	0.031746	0.079365	0.000000	0.000000	0.000000	2.289478	2.624282	2.763229	0.105706	0.162937	0.192025	0.000000	0.015873	4.879718	0.756850
1eb0ef148019319318928284f5fee03fcb050ea25ab0aba4f6bc2cce63e09036	mixed	kadid10k-distortion-set	/home/lilith/work/codec-corpus/kadid10k/I56.png	tiny	64	64	48	657.570618	0.261398	0.108992	0.025397	0.017596	0.000000	0.000000	57.804958	0.081612	0.679727	741.000000	0.241211	0.039850	0.054310	2.000000	0.171570	0.186220	18.000000	0.270795	3.495438	18.833334	24.104166	0.000000	0.000000	0.000000	0.000000	0.000000	0.000000	0.001302	4.114365	0.377088	0.474924	0.143031	0.354167	0.067383	17.202505	0.000000	0.145503	0.042989	0.000000	3072.000000	8.030084	48.000000	64.000000	9216.000000	0.750000	0.287682	0.000000	0.333333	3.000000														13.000000	27.000000	61.000000	137.000000	255.000000									0.000000	1.000000	2.000000									9.639187	0.821072
34bdd6e41b7250b7d79e5573a687a4cb27f2cc79b6c24424f31fbf0b7884b3a6	photo	CID22-512px	/home/lilith/work/codec-corpus/CID22/CID22-512/validation/3653963.png	medium	256	256	256	3655.239014	0.211719	0.055359	0.006068	0.006859	0.105469	0.000000	22.820883	0.196779	0.999137	993.000000	0.030304	0.001980	0.002230	0.000000	0.016170	0.021670	2.000000	0.124980	4.587829	20.660156	2.464844	0.000000	0.000000	0.000000	0.000000	0.000000	0.000000	0.083221	3.915983	0.616495	0.255169	0.031264	0.508789	0.136261	13.608205	0.001953	0.094913	0.004929	0.000000	65536.000000	11.090355	256.000000	256.000000	196608.000000	1.000000	0.000000	0.000000	0.000000	3.000000	3.971107	4.393676	4.681839	4.839055	5.057102	0.410385	0.685424	1.000000	1.000000	0.048289	0.077792	0.133145	0.185982	9.000000	23.000000	45.000000	99.000000	255.000000	0.015873	0.047619	0.079365	0.126984	0.000000	0.000000	0.000000	0.000000	0.000000	0.000000	1.000000	2.400511	2.817224	3.054996	0.109470	0.183420	0.255169	0.000000	0.015873	8.803333	0.846975
32a51eda71fc5cf5e54b947814515311f676403a62a873b6297c21de9eabd142	photo	CID22-512px	/home/lilith/work/codec-corpus/CID22/CID22-512/training/7280783.png	medium	256	256	256	989.925903	0.231619	0.105930	0.017233	0.011966	0.069336	0.000000	45.298252	0.235303	1.010940	1350.000000	0.041199	0.013880	0.011260	1.000000	0.044270	0.037500	3.000000	0.248687	3.778577	14.440430	6.962891	0.000000	0.000000	0.000000	0.000000	0.000000	0.000000	0.002594	3.869091	0.512587	0.285614	0.076064	0.235352	0.862335	11.378213	0.000000	0.107701	0.014447	0.000000	65536.000000	11.090355	256.000000	256.000000	196608.000000	1.000000	0.000000	0.000000	0.000000	3.000000	3.933145	4.174346	4.448718	4.636223	4.884880	0.430126	0.620739	0.856147	1.000000	0.106674	0.142683	0.203435	0.349116	12.000000	28.000000	49.000000	102.000000	255.000000	0.031746	0.063492	0.095238	0.142857	0.000000	0.000000	0.015873	0.015873	0.000000	0.000000	1.000000	2.181799	2.959630	3.244675	0.084286	0.208631	0.285614	0.000000	0.015873	8.064411	0.755163
37c03986c6efb7198ad1a327d70de9dff2c2a4c31d948638387f722768ab279e	mixed	kadid10k-distortion-set	/home/lilith/work/codec-corpus/kadid10k/I68.png	small	256	256	192	3084.140381	0.301489	0.195042	0.017405	0.011529	0.317708	0.053385	86.145905	0.488329	1.180061	3821.000000	0.116608	0.027010	0.037820	7.000000	0.053230	0.103780	9.000000	0.358306	4.181768	17.769531	16.338541	0.005208	0.000000	0.000000	0.000000	0.000000	0.000000	0.009257	3.486184	1.197869	0.046886	0.032143	0.243490	0.044434	21.030474	0.000000	0.110760	0.027695	0.000000	49152.000000	10.802672	192.000000	256.000000	147456.000000	0.750000	0.287682	0.000000	0.000000	3.000000	3.958521	4.408431	4.711574	4.884626	5.314457	0.083795	0.528809	0.996344	1.000000	0.058040	0.205740	0.363244	0.643448	9.000000	38.000000	76.000000	171.000000	255.000000	0.000000	0.000000	0.095238	0.206349	0.000000	0.000000	0.015873	0.031746	0.000000	0.000000	0.000000	1.301028	1.491146	1.623091	0.027074	0.038274	0.046886	0.000000	0.000000	6.259702	0.689716
1fbc6c8d02b88a4107ff7043ff74d0b5f1852c9d3a8cec21da6de569c50b41ed	photo	clic2025-native	/home/lilith/work/codec-corpus/clic2025/training/b51d5fb537246482ef7a7ab63f093cab.png	tiny	64	64	35	1141.547119	0.148313	0.165122	0.011430	0.023965	0.406250	0.000000	79.428894	0.033254	0.834448	583.000000	0.260268	0.007390	0.007210	0.000000	0.210800	0.154950	19.000000	0.121591	3.669296	16.062500	31.375000	0.000000	0.000000	0.000000	0.000000	0.000000	0.000000	0.003571	3.450790	1.015281	0.106122	0.037360	0.593750	0.044922	16.593071	0.000000	0.085317	0.043651	0.000000	2240.000000	7.714231	35.000000	64.000000	6720.000000	0.546875	0.603535	0.142857	0.828571	3.000000														3.000000	12.000000	38.000000	106.000000	229.000000									0.000000	0.000000	0.000000									14.496862	0.899586
4211dc9c8c6e4fb24a477f049943527113efada09bae6cb89ee4a061b533e271	mixed	kadid10k-distortion-set	/home/lilith/work/codec-corpus/kadid10k/I35.png	small	256	256	192	3390.930176	0.250077	0.120451	0.012986	0.009413	0.354167	0.005208	47.621849	0.915607	0.940585	3858.000000	0.117737	0.010600	0.014050	1.000000	0.048380	0.058280	7.000000	0.329073	4.382452	34.531250	12.680989	0.006510	0.000000	0.000000	0.000000	0.000000	0.000000	0.011780	3.712589	1.157584	0.093715	0.031113	0.503906	0.295959	35.680088	0.032552	0.133743	0.024905	0.000000	49152.000000	10.802672	192.000000	256.000000	147456.000000	0.750000	0.287682	0.000000	0.000000	3.000000	3.583532	4.897199	5.143252	5.241411	5.407838	0.178865	0.476678	1.000000	1.000000	0.055219	0.126357	0.321638	0.656423	3.000000	27.000000	98.000000	255.000000	255.000000	0.000000	0.015873	0.031746	0.238095	0.000000	0.000000	0.015873	0.031746	0.000000	0.000000	0.000000	1.429098	1.918342	2.247360	0.036061	0.067336	0.093715	0.000000	0.000000	6.191922	0.827488
524b8b2eb40a0839da68c3383803dceca746b070b61093be250f59b1c6551df4	photo	CID22-512px	/home/lilith/work/codec-corpus/CID22/CID22-512/validation/5055743.png	medium	256	256	256	3633.237305	0.170842	0.108287	0.009712	0.007909	0.265625	0.028320	45.107296	0.243062	1.216743	1978.000000	0.060364	0.006750	0.006650	0.000000	0.051370	0.035480	17.000000	0.107399	4.498181	24.018555	9.055664	0.005859	0.000000	0.000000	0.000000	0.000000	0.000000	0.051056	3.690958	1.012402	0.097112	0.019698	0.619141	0.519470	24.572849	0.022461	0.091828	0.017966	0.000000	65536.000000	11.090355	256.000000	256.000000	196608.000000	1.000000	0.000000	0.000000	0.000000	3.000000	3.819610	4.485952	4.927319	5.136487	5.371145	0.245238	0.595129	1.000000	1.000000	0.031903	0.113891	0.292151	0.497328	4.000000	16.000000	43.000000	131.000000	255.000000	0.000000	0.015873	0.063492	0.142857	0.000000	0.000000	0.000000	0.031746	0.000000	0.000000	0.000000	1.354289	1.762960	2.200331	0.030470	0.056397	0.097112	0.000000	0.000000	16.202295	0.881247
1eb0ef148019319318928284f5fee03fcb050ea25ab0aba4f6bc2cce63e09036	mixed	kadid10k-distortion-set	/home/lilith/work/codec-corpus/kadid10k/I56.png	small	256	256	192	778.140381	0.116826	0.112449	0.009869	0.006820	0.276042	0.000000	58.879253	0.182965	1.228410	2686.000000	0.081970	0.004020	0.008300	1.000000	0.014730	0.023680	7.000000	0.211288	3.575816	14.115886	10.945312	0.000000	0.000000	0.000000	0.000000	0.000000	0.000000	0.001119	3.544468	0.676254	0.185909	0.054790	0.696615	0.066243	21.987320	0.005208	0.073681	0.019531	0.000000	49152.000000	10.802672	192.000000	256.000000	147456.000000	0.750000	0.287682	0.000000	0.000000	3.000000	3.405856	4.072835	4.600444	4.770295	5.081660	0.255565	0.400769	0.770907	1.000000	0.076686	0.116446	0.201817	0.595105	3.000000	8.000000	35.000000	129.000000	255.000000	0.015873	0.031746	0.047619	0.095238	0.000000	0.000000	0.015873	0.031746	0.000000	0.000000	0.000000	2.319854	2.611657	2.766366	0.106274	0.154193	0.185909	0.000000	0.000000	18.880518	0.900872
202bf14d9c3ed1e702a6468d58b8dcaaa6a77a0d4afc75ab790f8b2b22f3cb43	mixed	kadid10k-distortion-set	/home/lilith/work/codec-corpus/kadid10k/I65.png	tiny	64	64	48	3428.010010	0.505235	0.082377	0.020671	0.014591	0.000000	0.000000	36.177860	0.287786	0.659249	659.000000	0.214518	0.024400	0.025590	0.000000	0.078520	0.091220	3.000000	0.167732	4.576258	64.416664	14.333333	0.000000	0.000000	0.000000	0.000000	0.000000	0.000000	0.121745	4.758918	0.546050	0.721978	0.152726	0.333333	0.629232	33.188244	0.000000	0.243717	0.033399	0.000000	3072.000000	8.030084	48.000000	64.000000	9216.000000	0.750000	0.287682	0.000000	0.333333	3.000000														28.000000	66.000000	117.000000	254.000000	255.000000									0.000000	0.000000	2.000000									3.125052	0.841302
160eb5004cfa03cdf72c726f24f65d747cf67e932ce7b668e03d8d296b4737a2	photo	gb82-photos	/home/lilith/work/codec-corpus/gb82/haze-lossless.png	medium	256	256	256	608.577087	0.011719	0.073330	0.004676	0.004019	0.866211	0.003906	25.254068	0.012090	1.693307	658.000000	0.020081	0.002380	0.003560	3.000000	0.006160	0.007630	1.000000	0.104593	3.046695	2.206055	2.504883	0.000000	0.000000	0.000000	0.000000	0.000000	0.000000	0.111755	2.203011	0.752626	0.027889	0.029182	0.166016	0.072021	9.501186	0.000000	0.011517	0.003751	0.000000	65536.000000	11.090355	256.000000	256.000000	196608.000000	1.000000	0.000000	0.000000	0.000000	3.000000	1.944174	2.619876	3.333646	3.785383	4.460882	0.035817	0.061674	0.144898	0.346795	0.036994	0.046836	0.060790	0.127150	2.000000	3.000000	6.000000	27.000000	182.000000	0.000000	0.000000	0.000000	0.015873	0.000000	0.000000	0.000000	0.000000	0.000000	0.000000	0.000000	1.288640	1.427324	1.504301	0.020692	0.025095	0.027889	0.000000	0.000000	125.017799	0.647980
55b92efdce2a51e9e2a6fb2c1030ff8741ed085597a7fa20aba260aec4889eaa	photo	gb82-photos	/home/lilith/work/codec-corpus/gb82/sunset-lossless.png	small	64	64	64	2473.413330	0.059713	0.169586	0.007430	0.006088	0.468750	0.062500	69.841217	0.041159	1.121071	402.000000	0.098145	0.005980	0.032690	1.000000	0.016360	0.108530	2.000000	0.057807	3.337391	18.625000	21.515625	0.000000	0.000000	0.000000	0.000000	0.000000	0.000000	0.000000	3.242333	0.996954	0.064773	0.019417	0.343750	0.191406	37.172192	0.000000	0.047619	0.022569	0.000000	4096.000000	8.317766	64.000000	64.000000	12288.000000	1.000000	0.000000	0.000000	0.000000	3.000000														5.000000	11.000000	22.000000	121.000000	255.000000									0.000000	0.000000	0.000000									27.127979	0.817783
015162b1f6bbd3425d8c1b2978c2cd1bcb9f4b8efb68b79b3826e48504148c6c	photo	CID22-512px	/home/lilith/work/codec-corpus/CID22/CID22-512/training/pexels-photo-951408.png	medium	256	256	256	3715.457764	0.199354	0.104612	0.015550	0.006083	0.215820	0.032227	34.033298	0.719803	0.838191	1556.000000	0.047485	0.019770	0.013780	2.000000	0.020260	0.018060	3.000000	0.168435	4.363776	38.297852	10.850586	0.005859	0.000000	0.000000	0.000000	0.000000	0.000000	0.024063	3.967674	1.119808	0.088977	0.025408	0.672852	0.033905	36.823566	0.013672	0.125961	0.019190	0.000000	65536.000000	11.090355	256.000000	256.000000	196608.000000	1.000000	0.000000	0.000000	0.000000	3.000000	4.233868	4.953755	5.169151	5.264400	5.344373	0.357242	0.946718	1.000000	1.000000	0.073004	0.197645	0.387526	0.539871	4.000000	19.000000	73.000000	233.000000	255.000000	0.000000	0.031746	0.079365	0.206349	0.000000	0.000000	0.015873	0.031746	0.000000	0.000000	0.000000	1.292464	1.685605	2.118875	0.030851	0.052564	0.088977	0.000000	0.000000	10.007040	0.883226
202bf14d9c3ed1e702a6468d58b8dcaaa6a77a0d4afc75ab790f8b2b22f3cb43	mixed	kadid10k-distortion-set	/home/lilith/work/codec-corpus/kadid10k/I65.png	small	256	256	192	3892.204102	0.261041	0.085415	0.009882	0.007353	0.233073	0.001302	37.183056	0.615083	0.952531	1796.000000	0.054810	0.006210	0.005570	1.000000	0.022160	0.018440	5.000000	0.168918	4.593352	34.503906	7.308594	0.000000	0.000000	0.000000	0.000000	0.000000	0.000000	0.124186	3.931825	1.096236	0.085144	0.028576	0.468750	0.609049	32.160603	0.053385	0.123305	0.014323	0.000000	49152.000000	10.802672	192.000000	256.000000	147456.000000	0.750000	0.287682	0.000000	0.000000	3.000000	4.259927	4.810668	5.159946	5.348585	5.534073	0.274832	0.904716	1.000000	1.000000	0.047347	0.126420	0.261678	0.424802	7.000000	33.000000	82.000000	208.000000	255.000000	0.000000	0.015873	0.095238	0.206349	0.000000	0.000000	0.000000	0.015873	0.000000	0.000000	0.000000	1.589496	1.878575	2.113734	0.044833	0.065712	0.085144	0.000000	0.000000	7.278357	0.836678
5f3f81a1b4c6c3563024fec4e68aa3596bb5e5c9991c1a587a3d710c76f3eea3	photo	CID22-512px	/home/lilith/work/codec-corpus/CID22/CID22-512/validation/1279330.png	small	64	64	64	3920.635010	0.581759	0.129723	0.029056	0.022400	0.031250	0.000000	54.514961	0.397037	0.672846	1108.000000	0.270508	0.045890	0.046270	1.000000	0.168430	0.182210	6.000000	0.349351	4.529032	58.500000	18.343750	0.000000	0.000000	0.000000	0.000000	0.000000	0.000000	0.089844	4.634897	0.548635	0.712780	0.046562	0.156250	0.465820	28.870474	0.000000	0.260913	0.036954	0.000000	4096.000000	8.317766	64.000000	64.000000	12288.000000	1.000000	0.000000	0.000000	0.000000	3.000000														32.000000	77.000000	133.000000	243.000000	255.000000									0.000000	1.000000	2.000000									1.804862	0.751782
531f6ac968fd35a8ce8d9d1d5abb46b32ed55cda22b1541cf65ca715098f29c4	photo	CID22-512px	/home/lilith/work/codec-corpus/CID22/CID22-512/training/1459534.png	small	64	64	64	1516.464722	0.693374	0.078454	0.043086	0.016884	0.000000	0.000000	39.531719	0.286878	0.534242	708.000000	0.172852	0.075770	0.047520	1.000000	0.076320	0.056490	1.000000	0.243352	4.066065	45.390625	16.921875	0.000000	0.000000	0.000000	0.000000	0.000000	0.000000	0.003174	4.657955	0.236131	0.931137	0.256150	0.156250	0.872559	18.641882	0.000000	0.223214	0.037698	0.000000	4096.000000	8.317766	64.000000	64.000000	12288.000000	1.000000	0.000000	0.000000	0.000000	3.000000														43.000000	75.000000	110.000000	179.000000	255.000000									0.000000	4.000000	8.000000									1.433546	0.766918
1c9deabfbe43dfff391123ea0f008ab08d75e19da4a0dad59af521ccce2a1beb	screenshot	gb82-screens	/home/lilith/work/codec-corpus/gb82-sc/terminal.png	small	256	256	165	1197.197754	0.197721	0.035156	0.001568	0.002837	0.504687	0.484375	13.182903	0.453885	1.259682	344.000000	0.010498	0.002100	0.003210	2.000000	0.022510	0.018450	6.000000	0.274237	2.207404	17.893749	2.560937	0.570312	0.000000	0.000000	0.000000	0.000000	0.000000	0.321780	2.320502	2.173837	0.000000	0.000000	0.126563	0.003320	23.103884	0.565625	0.085466	0.005159	0.000000	42240.000000	10.651123	165.000000	256.000000	126720.000000	0.644531	0.439232	0.018182	0.163636	3.000000	2.927851	4.551082	4.736413	4.829546	5.162212	0.000000	0.177213	1.000000	1.000000	0.000000	0.005629	0.053607	0.179891	0.000000	18.000000	73.000000	194.000000	255.000000	0.000000	0.000000	0.000000	0.158730	0.000000	0.000000	0.000000	0.000000	0.000000	0.000000	0.000000	0.000000	0.000000	0.000000	0.000000	0.000000	0.000000	0.000000	0.000000	8.105509	0.407010
55b92efdce2a51e9e2a6fb2c1030ff8741ed085597a7fa20aba260aec4889eaa	photo	gb82-photos	/home/lilith/work/codec-corpus/gb82/sunset-lossless.png	medium	256	256	256	2532.352295	0.021792	0.172466	0.005013	0.003882	0.724609	0.088867	70.751488	0.051806	1.647070	907.000000	0.027679	0.004780	0.015250	5.000000	0.017570	0.045390	18.000000	0.061366	3.244764	6.573242	8.170898	0.000000	0.000000	0.000000	0.000000	0.000000	0.000000	0.000336	2.675132	0.860610	0.030367	0.010170	0.431641	0.181396	36.070984	0.000000	0.024197	0.011378	0.000000	65536.000000	11.090355	256.000000	256.000000	196608.000000	1.000000	0.000000	0.000000	0.000000	3.000000	2.680280	3.125517	3.649767	4.018240	5.416845	0.079881	0.167011	0.276505	0.493982	0.024536	0.089464	0.186806	0.332023	2.000000	5.000000	10.000000	65.000000	255.000000	0.000000	0.000000	0.015873	0.031746	0.000000	0.000000	0.000000	0.015873	0.000000	0.000000	0.000000	1.215839	1.388056	1.497446	0.017705	0.023778	0.030367	0.000000	0.000000	94.103149	0.788928
1f123b591c48962c292ced397abdbf6f73859d204d93ede0ee76a16ee2d0bea3	photo	CID22-512px	/home/lilith/work/codec-corpus/CID22/CID22-512/validation/2887497.png	small	64	64	64	2501.529541	0.103553	0.036690	0.002038	0.001904	0.359375	0.046875	20.959057	0.025290	0.770102	97.000000	0.023682	0.000230	0.000560	0.000000	0.001340	0.003980	0.000000	0.266725	3.977873	9.531250	0.312500	0.000000	0.000000	0.000000	0.000000	8.000000	1.000000	0.000000	3.193419	0.821886	0.053191	0.021049	0.500000	0.000000	8.421654	0.156250	0.044891	0.000000	0.000000	4096.000000	8.317766	64.000000	64.000000	12288.000000	1.000000	0.000000	0.000000	0.000000	3.000000														2.000000	11.000000	34.000000	76.000000	122.000000									0.000000	0.000000	0.000000									6.747879	0.872012
5f3f81a1b4c6c3563024fec4e68aa3596bb5e5c9991c1a587a3d710c76f3eea3	photo	CID22-512px	/home/lilith/work/codec-corpus/CID22/CID22-512/validation/1279330.png	medium	256	256	256	4172.864258	0.208981	0.133146	0.013633	0.009670	0.151367	0.035156	55.599590	0.202383	1.007179	3079.000000	0.093964	0.008090	0.005820	1.000000	0.028030	0.020610	5.000000	0.070387	4.575185	30.086914	11.656250	0.005859	0.000000	0.000000	0.000000	0.000000	0.000000	0.079544	3.992281	0.974901	0.163140	0.019447	0.810547	0.454361	23.630804	0.009766	0.110414	0.026166	0.000000	65536.000000	11.090355	256.000000	256.000000	196608.000000	1.000000	0.000000	0.000000	0.000000	3.000000	4.191044	4.738385	5.029771	5.163057	5.357934	0.447047	0.977753	1.000000	1.000000	0.042616	0.230790	0.402064	0.550523	5.000000	14.000000	34.000000	125.000000	255.000000	0.015873	0.047619	0.095238	0.158730	0.000000	0.000000	0.015873	0.047619	0.000000	0.000000	0.000000	1.121704	1.956574	2.645422	0.023347	0.074183	0.163140	0.000000	0.000000	26.372553	0.932325
205365b7ac403ec93bb90434d123181faa6672c5ec5282400b86bd1e433f0244	photo	CID22-512px	/home/lilith/work/codec-corpus/CID22/CID22-512/validation/844297.png	small	64	64	64	2704.059570	0.255480	0.111908	0.012630	0.017514	0.015625	0.000000	49.590675	0.057739	0.704536	746.000000	0.182129	0.005030	0.006320	0.000000	0.073180	0.082720	2.000000	0.072060	4.356384	37.156250	19.296875	0.000000	0.000000	0.000000	0.000000	0.000000	0.000000	0.000000	4.355916	0.512436	0.537669	0.181029	0.796875	0.513184	16.621225	0.000000	0.134425	0.041171	0.000000	4096.000000	8.317766	64.000000	64.000000	12288.000000	1.000000	0.000000	0.000000	0.000000	3.000000														9.000000	22.000000	47.000000	114.000000	191.000000									0.000000	0.000000	1.000000									9.617542	0.929553
5f76db296fe66a0226c95552f503c7fd4863a67fa06597198c3c61801d992e5c	photo	CID22-512px	/home/lilith/work/codec-corpus/CID22/CID22-512/training/Beam-Space-Processing.png	small	64	64	64	101.337555	0.085916	0.014005	0.000547	0.000668	0.609375	0.406250	5.113279	0.030734	0.937119	38.000000	0.009277	0.000190	0.000780	0.000000	0.001770	0.007340	1.000000	0.580974	1.292251	3.171875	0.984375	0.343750	0.000000	0.000000	0.000000	8.000000	1.000000	0.984863	2.046270	1.699430	0.000000	0.000000	0.015625	0.000000	14.440557	0.343750	0.036210	0.002976	0.000000	4096.000000	8.317766	64.000000	64.000000	12288.000000	1.000000	0.000000	0.000000	0.000000	3.000000														0.000000	11.000000	25.000000	95.000000	255.000000									0.000000	0.000000	0.000000									25.209318	0.385499
531f6ac968fd35a8ce8d9d1d5abb46b32ed55cda22b1541cf65ca715098f29c4	photo	CID22-512px	/home/lilith/work/codec-corpus/CID22/CID22-512/training/1459534.png	medium	256	256	256	2183.789062	0.633956	0.094399	0.042036	0.016704	0.010742	0.000000	44.167629	1.437683	0.707773	1971.000000	0.060150	0.082390	0.075150	2.000000	0.084740	0.075560	4.000000	0.384532	4.237963	45.271484	16.699219	0.000000	0.000000	0.000000	0.000000	0.000000	0.000000	0.007187	4.588758	0.370434	0.724173	0.207324	0.119141	0.786789	22.230768	0.000000	0.239707	0.035358	0.000000	65536.000000	11.090355	256.000000	256.000000	196608.000000	1.000000	0.000000	0.000000	0.000000	3.000000	4.670030	4.826426	4.958819	5.028580	5.179969	1.000000	1.000000	1.000000	1.000000	0.282905	0.362676	0.475105	0.590966	40.000000	79.000000	124.000000	225.000000	255.000000	0.126984	0.174603	0.238095	0.301587	0.015873	0.015873	0.031746	0.047619	0.000000	2.000000	4.000000	3.040182	3.932369	4.145732	0.228252	0.575761	0.724173	0.015873	0.095238	1.914685	0.696184
205365b7ac403ec93bb90434d123181faa6672c5ec5282400b86bd1e433f0244	photo	CID22-512px	/home/lilith/work/codec-corpus/CID22/CID22-512/validation/844297.png	medium	256	256	256	2733.412354	0.047505	0.112452	0.004534	0.006222	0.399414	0.007812	49.796669	0.033000	1.205147	1108.000000	0.033813	0.000790	0.000700	0.000000	0.010750	0.008600	2.000000	0.048539	4.373341	11.305664	6.861328	0.000000	0.000000	0.000000	0.000000	0.000000	0.000000	0.000122	3.282569	0.822239	0.090352	0.034017	0.778320	0.509399	11.698204	0.007812	0.049278	0.014602	0.000000	65536.000000	11.090355	256.000000	256.000000	196608.000000	1.000000	0.000000	0.000000	0.000000	3.000000	3.308508	3.873927	4.379458	4.597342	4.918188	0.175257	0.354217	0.684817	1.000000	0.059957	0.127672	0.246876	0.388356	2.000000	5.000000	12.000000	50.000000	218.000000	0.000000	0.015873	0.031746	0.063492	0.000000	0.000000	0.015873	0.031746	0.000000	0.000000	0.000000	1.453892	1.882863	2.164167	0.034371	0.064809	0.090352	0.000000	0.000000	41.959320	0.927542
5649526c6d79faf3abb980170a728b2ec06c2244d8f75a6ed5f1cb918ef15772	photo	CID22-512px	/home/lilith/work/codec-corpus/CID22/CID22-512/training/106399.png	small	64	64	64	3320.953369	0.346183	0.135466	0.021215	0.012485	0.093750	0.000000	49.597660	0.432476	0.683381	922.000000	0.225098	0.044050	0.057930	3.000000	0.077390	0.123010	4.000000	0.211160	4.346917	69.234375	27.109375	0.000000	0.000000	0.000000	0.000000	0.000000	0.000000	0.001953	4.473600	0.867349	0.273786	0.150246	0.484375	0.079102	41.807297	0.000000	0.203621	0.042163	0.000000	4096.000000	8.317766	64.000000	64.000000	12288.000000	1.000000	0.000000	0.000000	0.000000	3.000000														12.000000	67.000000	132.000000	255.000000	255.000000									0.000000	0.000000	1.000000									2.720458	0.843379
1f123b591c48962c292ced397abdbf6f73859d204d93ede0ee76a16ee2d0bea3	photo	CID22-512px	/home/lilith/work/codec-corpus/CID22/CID22-512/validation/2887497.png	medium	256	256	256	2612.880371	0.144129	0.037627	0.002477	0.002383	0.624023	0.262695	21.262144	0.166375	1.071920	285.000000	0.008698	0.000360	0.002870	0.000000	0.002270	0.010160	0.000000	0.389941	4.032187	7.101562	0.433594	0.017578	0.000000	0.000000	0.000000	0.000000	0.000000	0.000015	2.671387	1.226476	0.026731	0.005004	0.271484	0.000000	13.857000	0.114258	0.049092	0.000140	0.000000	65536.000000	11.090355	256.000000	256.000000	196608.000000	1.000000	0.000000	0.000000	0.000000	3.000000	2.406940	3.866214	4.410936	4.522871	4.726440	0.056938	0.117852	0.523250	1.000000	0.016015	0.026915	0.057728	0.082621	2.000000	14.000000	42.000000	100.000000	212.000000	0.000000	0.000000	0.015873	0.095238	0.000000	0.000000	0.000000	0.000000	0.000000	0.000000	0.000000	0.000000	0.965404	1.220352	0.000000	0.017989	0.026731	0.000000	0.000000	7.836661	0.726035
5f76db296fe66a0226c95552f503c7fd4863a67fa06597198c3c61801d992e5c	photo	CID22-512px	/home/lilith/work/codec-corpus/CID22/CID22-512/training/Beam-Space-Processing.png	medium	256	256	256	253.405167	0.121507	0.015834	0.000397	0.000477	0.657227	0.647461	5.755296	0.258583	1.392618	133.000000	0.004059	0.000250	0.000240	0.000000	0.002290	0.002070	1.000000	0.449026	0.923246	8.001953	0.479492	0.724609	0.000000	0.000000	0.000000	8.000000	1.000000	0.986450	1.477346	1.988606	0.000000	0.000000	0.060547	0.000000	27.101421	0.747070	0.054486	0.001442	0.000000	65536.000000	11.090355	256.000000	256.000000	196608.000000	1.000000	0.000000	0.000000	0.000000	3.000000	0.000000	3.943544	4.317383	4.718485	5.051392	0.000000	0.000000	0.648219	0.936069	0.000000	0.000000	0.000000	0.000000	0.000000	2.000000	39.000000	135.000000	255.000000	0.000000	0.000000	0.000000	0.079365	0.000000	0.000000	0.000000	0.000000	0.000000	0.000000	0.000000	0.000000	0.000000	0.000000	0.000000	0.000000	0.000000	0.000000	0.000000	25.093460	0.255056
533ac752a8b8f77e3bf784bad4d1ed1e16083a81e70010e7da62013033b844b1	photo	CID22-512px	/home/lilith/work/codec-corpus/CID22/CID22-512/training/146083.png	small	64	64	64	3169.645020	0.629126	0.099984	0.019955	0.015231	0.000000	0.000000	40.719872	0.269145	0.575441	1049.000000	0.256104	0.020650	0.020540	0.000000	0.078730	0.053840	5.000000	0.160650	4.547228	64.640625	16.093750	0.000000	0.000000	0.000000	0.000000	0.000000	0.000000	0.221191	4.842138	0.278242	1.000000	0.059832	0.359375	0.470215	23.175426	0.000000	0.245040	0.036458	0.000000	4096.000000	8.317766	64.000000	64.000000	12288.000000	1.000000	0.000000	0.000000	0.000000	3.000000														36.000000	68.000000	108.000000	188.000000	255.000000									0.000000	2.000000	5.000000									2.189827	0.842410
3b7ff164a43aeb87b3454fd1e7a2ade1cd7d03611cca6a768959128cd7b134f1	photo	CID22-512px	/home/lilith/work/codec-corpus/CID22/CID22-512/training/67216.png	small	64	64	64	3078.013184	0.339128	0.089680	0.027200	0.012598	0.015625	0.000000	39.803341	0.125764	0.796263	953.000000	0.232666	0.037520	0.040600	2.000000	0.047600	0.046090	1.000000	0.177107	4.233403	29.593750	16.265625	0.000000	0.000000	0.000000	0.000000	0.000000	0.000000	0.019531	4.220816	0.579910	0.298352	0.202952	0.187500	0.245605	21.587595	0.000000	0.152530	0.036210	0.000000	4096.000000	8.317766	64.000000	64.000000	12288.000000	1.000000	0.000000	0.000000	0.000000	3.000000														20.000000	39.000000	71.000000	157.000000	255.000000									0.000000	1.000000	3.000000									6.053837	0.758659
5649526c6d79faf3abb980170a728b2ec06c2244d8f75a6ed5f1cb918ef15772	photo	CID22-512px	/home/lilith/work/codec-corpus/CID22/CID22-512/training/106399.png	medium	256	256	256	3806.514893	0.207520	0.141725	0.012827	0.007123	0.462891	0.000977	51.540276	0.623181	1.005427	3035.000000	0.092621	0.028720	0.035200	7.000000	0.039400	0.058500	10.000000	0.159952	4.426548	28.994141	12.889648	0.005859	0.000000	0.000000	0.000000	0.000000	0.000000	0.003128	3.582268	1.174355	0.090702	0.043884	0.461914	0.074768	37.734745	0.010742	0.093378	0.021577	0.000000	65536.000000	11.090355	256.000000	256.000000	196608.000000	1.000000	0.000000	0.000000	0.000000	3.000000	3.255269	4.763757	5.246807	5.326221	5.480804	0.142616	0.296562	1.000000	1.000000	0.068813	0.134454	0.300100	0.619760	4.000000	23.000000	75.000000	214.000000	255.000000	0.000000	0.015873	0.031746	0.142857	0.000000	0.000000	0.015873	0.031746	0.000000	0.000000	0.000000	1.557620	1.943170	2.151092	0.041584	0.069553	0.090702	0.000000	0.000000	8.926445	0.831370
423223614f1853f105dd0af8eb1d681c978ca54f745d25436128256a8e6ba158	photo	clic2025-1024px-resized	/home/lilith/work/codec-corpus/clic2025-1024/1cba10ad9bb4ced57e42f7656c5f2a58d32dc6bad084957d2f8d1c78e0fcd224.png	small	64	64	64	3831.092529	0.259259	0.100347	0.011911	0.011173	0.296875	0.000000	38.579441	0.096560	0.852185	533.000000	0.130127	0.009830	0.010740	0.000000	0.072090	0.066940	5.000000	0.105721	3.693960	36.265625	12.125000	0.000000	0.000000	0.000000	0.000000	0.000000	0.000000	0.235840	3.909087	1.123001	0.077730	0.022866	0.468750	0.229736	23.410120	0.000000	0.125496	0.024306	0.000000	4096.000000	8.317766	64.000000	64.000000	12288.000000	1.000000	0.000000	0.000000	0.000000	3.000000														5.000000	23.000000	64.000000	155.000000	255.000000									0.000000	0.000000	0.000000									8.207640	0.845766
02f3e6786f4d8db7fda05dd92d1d0381eb6ff74883815751f7ddc89a93464e5d	photo	clic2025-1024px-resized	/home/lilith/work/codec-corpus/clic2025-1024/c80999cd5533e448167cd9b3ccfa2a37.png	small	64	64	64	2457.106201	0.552028	0.313952	0.051547	0.060906	0.000000	0.000000	143.413849	0.292452	0.687671	1308.000000	0.319336	0.146170	0.124380	4.000000	1.737920	1.629580	73.000000	0.260130	4.296487	47.312500	102.375000	0.000000	0.000000	0.000000	0.000000	0.000000	0.000000	0.000488	4.502614	0.552035	0.464492	0.130021	0.046875	0.027588	25.832588	0.000000	0.232639	0.119792	0.000000	4096.000000	8.317766	64.000000	64.000000	12288.000000	1.000000	0.000000	0.000000	0.000000	3.000000														34.000000	69.000000	113.000000	208.000000	255.000000									0.000000	2.000000	4.000000									2.756884	0.719833
579cdcd5b001aed17131ca0f6d1d04b035d36588121bf5289ff93552bc8998b3	photo	CID22-512px	/home/lilith/work/codec-corpus/CID22/CID22-512/training/2693212.png	small	64	64	64	1565.857544	0.572940	0.122688	0.022539	0.045935	0.000000	0.000000	62.265217	0.269489	0.563889	722.000000	0.176270	0.024970	0.029350	0.000000	0.691230	0.775240	21.000000	0.419942	4.044051	32.578125	39.437500	0.000000	0.000000	0.000000	0.000000	0.000000	0.000000	0.000732	4.488472	0.301606	0.642157	0.264295	0.031250	0.000000	20.086298	0.000000	0.211806	0.071181	0.000000	4096.000000	8.317766	64.000000	64.000000	12288.000000	1.000000	0.000000	0.000000	0.000000	3.000000														34.000000	70.000000	112.000000	188.000000	255.000000									0.000000	2.000000	4.000000									1.890541	0.674478
533ac752a8b8f77e3bf784bad4d1ed1e16083a81e70010e7da62013033b844b1	photo	CID22-512px	/home/lilith/work/codec-corpus/CID22/CID22-512/training/146083.png	medium	256	256	256	3498.295166	0.399616	0.102509	0.012447	0.007950	0.031250	0.000000	41.521008	0.576606	0.966132	2687.000000	0.082001	0.009340	0.007820	1.000000	0.025290	0.018310	2.000000	0.198291	4.613289	34.174805	7.707031	0.000000	0.000000	0.000000	0.000000	0.000000	0.000000	0.218964	4.327779	0.532270	0.462668	0.033933	0.369141	0.451416	19.636026	0.000000	0.162590	0.015842	0.000000	65536.000000	11.090355	256.000000	256.000000	196608.000000	1.000000	0.000000	0.000000	0.000000	3.000000	4.380753	4.728827	4.950524	5.096265	5.244314	0.698029	1.000000	1.000000	1.000000	0.055202	0.126750	0.240486	0.383710	18.000000	44.000000	77.000000	163.000000	255.000000	0.047619	0.095238	0.158730	0.222222	0.000000	0.000000	0.015873	0.031746	0.000000	1.000000	2.000000	2.779405	3.277520	3.647063	0.180384	0.316939	0.462668	0.015873	0.031746	5.656712	0.800017
604e2498d4128362a79306cb398351efdf26691ce5671cda03f0ea99f3799e11	mixed	kadid10k-distortion-set	/home/lilith/work/codec-corpus/kadid10k/I36.png	tiny	64	64	48	2666.133545	0.545086	0.179576	0.027010	0.046581	0.041667	0.000000	87.760918	0.298444	0.558107	1018.000000	0.331380	0.040200	0.061950	1.000000	0.808360	1.405840	30.000000	0.287712	4.257941	54.562500	67.145836	0.000000	0.000000	0.000000	0.000000	0.000000	0.000000	0.173503	4.522037	0.659526	0.408516	0.241546	0.104167	0.165039	26.647181	0.000000	0.231151	0.095899	0.000000	3072.000000	8.030084	48.000000	64.000000	9216.000000	0.750000	0.287682	0.000000	0.333333	3.000000														30.000000	70.000000	125.000000	234.000000	255.000000									0.000000	1.000000	2.000000									2.380959	0.749265
3b7ff164a43aeb87b3454fd1e7a2ade1cd7d03611cca6a768959128cd7b134f1	photo	CID22-512px	/home/lilith/work/codec-corpus/CID22/CID22-512/training/67216.png	medium	256	256	256	3269.394531	0.276940	0.099328	0.030914	0.015586	0.019531	0.000000	42.646027	0.355057	1.186348	2890.000000	0.088196	0.050100	0.038230	5.000000	0.072760	0.053830	4.000000	0.236101	4.315907	18.480469	11.829102	0.001953	0.000000	0.000000	0.000000	0.000000	0.000000	0.017242	3.987162	0.496339	0.300414	0.126863	0.120117	0.247437	16.122744	0.000000	0.118133	0.028103	0.000000	65536.000000	11.090355	256.000000	256.000000	196608.000000	1.000000	0.000000	0.000000	0.000000	3.000000	3.967080	4.310082	4.679126	4.884970	5.121317	0.410250	0.620875	0.979154	1.000000	0.173022	0.255270	0.360483	0.495439	17.000000	35.000000	59.000000	125.000000	255.000000	0.031746	0.063492	0.111111	0.158730	0.000000	0.015873	0.015873	0.047619	0.000000	1.000000	2.000000	2.971015	3.229358	3.344635	0.190806	0.247988	0.300414	0.000000	0.015873	7.834963	0.697926
5495af40b7097acc3705ab355d25d2cb327b5734e52382c712adfee18c75e04d	photo	CID22-512px	/home/lilith/work/codec-corpus/CID22/CID22-512/validation/2936831.png	small	64	64	64	4260.184082	0.181658	0.115001	0.011419	0.007826	0.031250	0.000000	40.451839	0.133570	0.871039	373.000000	0.091064	0.008770	0.014870	0.000000	0.026480	0.031020	1.000000	0.100188	4.482342	40.921875	8.437500	0.000000	0.000000	0.000000	0.000000	0.000000	0.000000	0.280029	4.223159	0.708207	0.355525	0.021349	0.531250	0.281982	40.043667	0.031250	0.125744	0.011905	0.000000	4096.000000	8.317766	64.000000	64.000000	12288.000000	1.000000	0.000000	0.000000	0.000000	3.000000														9.000000	25.000000	72.000000	177.000000	255.000000									0.000000	0.000000	1.000000									8.383864	0.849904
604e2498d4128362a79306cb398351efdf26691ce5671cda03f0ea99f3799e11	mixed	kadid10k-distortion-set	/home/lilith/work/codec-corpus/kadid10k/I36.png	small	256	256	192	3197.724609	0.347233	0.189207	0.014383	0.022326	0.162760	0.003906	91.163857	0.739233	0.836654	3907.000000	0.119232	0.010860	0.022260	3.000000	0.155350	0.378630	23.000000	0.238175	4.221451	36.152344	33.342449	0.002604	0.000000	0.000000	0.000000	0.000000	0.000000	0.200887	4.074840	1.039097	0.101214	0.050133	0.270833	0.130900	28.828827	0.002604	0.158172	0.048487	0.000000	49152.000000	10.802672	192.000000	256.000000	147456.000000	0.750000	0.287682	0.000000	0.000000	3.000000	4.329291	4.876437	5.104773	5.209888	5.361332	0.450859	1.000000	1.000000	1.000000	0.120565	0.439344	0.954490	1.000000	13.000000	42.000000	92.000000	219.000000	255.000000	0.000000	0.063492	0.142857	0.238095	0.000000	0.000000	0.047619	0.079365	0.000000	0.000000	1.000000	1.361726	1.848862	2.323768	0.029879	0.059013	0.101214	0.000000	0.000000	5.880691	0.776786
1fbc6c8d02b88a4107ff7043ff74d0b5f1852c9d3a8cec21da6de569c50b41ed	photo	clic2025-native	/home/lilith/work/codec-corpus/clic2025/training/b51d5fb537246482ef7a7ab63f093cab.png	small	256	256	140	1252.455078	0.043195	0.165246	0.005071	0.009329	0.617647	0.126838	78.989990	0.035492	1.326288	1376.000000	0.041992	0.001850	0.001540	0.000000	0.037190	0.031520	6.000000	0.087639	3.693540	7.766544	10.757353	0.042279	0.000000	0.000000	0.000000	0.000000	0.000000	0.002679	2.665022	1.176939	0.026481	0.018109	0.588235	0.045037	19.182941	0.071691	0.035568	0.019112	0.000000	35840.000000	10.486820	140.000000	256.000000	107520.000000	0.546875	0.603535	0.028571	0.142857	3.000000	2.665801	3.598871	4.242485	4.513070	4.952306	0.062204	0.171734	0.482345	1.000000	0.048278	0.153449	0.332292	0.593680	1.000000	3.000000	12.000000	60.000000	255.000000	0.000000	0.000000	0.015873	0.047619	0.000000	0.000000	0.015873	0.031746	0.000000	0.000000	0.000000	0.000000	0.748911	1.188580	0.000000	0.012449	0.026481	0.000000	0.000000	65.550690	0.837005
2bbfa289d5b9c786ff1a0bb3b44e4f45af6b9180089d3a5cc7975b3fee21c8c4	photo	clic2025-1024px-resized	/home/lilith/work/codec-corpus/clic2025-1024/4cd6910a0b7b39365fda5df87618d091.png	small	64	64	64	1079.499878	0.381456	0.125194	0.001196	0.000798	0.109375	0.000000	41.175880	0.124457	0.816842	54.000000	0.013184	0.000640	0.007800	0.000000	0.001170	0.010570	0.000000	0.164749	2.689999	29.453125	15.812500	0.062500	0.000000	0.000000	0.000000	8.000000	1.000000	0.910400	4.123559	0.705836	0.123935	0.008814	0.125000	0.000000	15.030008	0.031250	0.076141	0.008681	0.000000	4096.000000	8.317766	64.000000	64.000000	12288.000000	1.000000	0.000000	0.000000	0.000000	3.000000														24.000000	51.000000	79.000000	119.000000	171.000000									0.000000	1.000000	2.000000									0.585016	0.690924
579cdcd5b001aed17131ca0f6d1d04b035d36588121bf5289ff93552bc8998b3	photo	CID22-512px	/home/lilith/work/codec-corpus/CID22/CID22-512/training/2693212.png	medium	256	256	256	1875.839233	0.342191	0.132695	0.014936	0.026401	0.107422	0.000000	65.874146	0.545641	0.834698	1180.000000	0.036011	0.012160	0.015250	0.000000	0.245090	0.293230	16.000000	0.250908	4.139025	27.142578	25.362305	0.000000	0.000000	0.000000	0.000000	0.000000	0.000000	0.001160	4.127076	0.744867	0.235098	0.059383	0.269531	0.000275	19.322138	0.000000	0.139664	0.048828	0.000000	65536.000000	11.090355	256.000000	256.000000	196608.000000	1.000000	0.000000	0.000000	0.000000	3.000000	4.312108	4.651166	4.873315	4.974171	5.092590	0.566988	1.000000	1.000000	1.000000	0.251882	0.449893	0.730563	1.000000	16.000000	41.000000	75.000000	164.000000	255.000000	0.015873	0.079365	0.142857	0.190476	0.000000	0.015873	0.047619	0.079365	0.000000	0.000000	1.000000	1.935681	2.358143	3.045299	0.057374	0.103660	0.235098	0.000000	0.000000	5.896313	0.769013
3c22190ef30bb468cc1e5e77d59fd99024b8f15b287bf7df206f0155fd7837eb	photo	CID22-512px	/home/lilith/work/codec-corpus/CID22/CID22-512/training/1910225.png	small	64	64	64	2222.021484	0.237843	0.215463	0.026706	0.041524	0.218750	0.000000	87.070007	0.044590	0.844630	1421.000000	0.346924	0.043440	0.025390	2.000000	0.453590	0.852820	49.000000	0.072872	3.914870	27.015625	57.250000	0.000000	0.000000	0.000000	0.000000	0.000000	0.000000	0.001465	3.866913	1.075326	0.071676	0.053818	0.593750	0.012939	15.507872	0.000000	0.102927	0.074901	0.000000	4096.000000	8.317766	64.000000	64.000000	12288.000000	1.000000	0.000000	0.000000	0.000000	3.000000														7.000000	20.000000	42.000000	98.000000	178.000000									0.000000	0.000000	0.000000									9.089896	0.904238
5495af40b7097acc3705ab355d25d2cb327b5734e52382c712adfee18c75e04d	photo	CID22-512px	/home/lilith/work/codec-corpus/CID22/CID22-512/validation/2936831.png	medium	256	256	256	4454.071289	0.111434	0.117231	0.012747	0.008105	0.403320	0.002930	41.192551	0.240070	1.323342	920.000000	0.028076	0.013670	0.009390	1.000000	0.032760	0.017730	2.000000	0.114691	4.492142	15.180664	4.348633	0.000000	0.000000	0.000000	0.000000	0.000000	0.000000	0.285645	3.362971	0.903470	0.098276	0.010931	0.459961	0.266556	35.362225	0.039062	0.065585	0.009688	0.000000	65536.000000	11.090355	256.000000	256.000000	196608.000000	1.000000	0.000000	0.000000	0.000000	3.000000	3.360582	3.898889	4.583755	5.269337	5.498958	0.165560	0.323842	0.599148	1.000000	0.016882	0.065626	0.213330	0.310458	3.000000	16.000000	36.000000	141.000000	255.000000	0.000000	0.015873	0.031746	0.095238	0.000000	0.000000	0.000000	0.015873	0.000000	0.000000	0.000000	1.762373	2.046239	2.210478	0.055905	0.078696	0.098276	0.000000	0.000000	22.568747	0.822183
61469e73ec74a52b697aff7c88cca6852de3141faa4a0071a0506e6bf343e968	photo	CID22-512px	/home/lilith/work/codec-corpus/CID22/CID22-512/training/2866385.png	small	64	64	64	1495.195557	0.257748	0.194140	0.006986	0.005553	0.375000	0.000000	70.070732	0.106517	0.901428	398.000000	0.097168	0.004370	0.014410	0.000000	0.017160	0.057860	1.000000	0.212067	3.678111	21.687500	13.562500	0.000000	0.000000	0.000000	0.000000	0.000000	0.000000	0.003906	3.615438	0.951881	0.107038	0.063730	0.562500	0.352539	23.500092	0.000000	0.098214	0.014881	0.000000	4096.000000	8.317766	64.000000	64.000000	12288.000000	1.000000	0.000000	0.000000	0.000000	3.000000														1.000000	29.000000	68.000000	150.000000	255.000000									0.000000	0.000000	0.000000									6.245958	0.845903
423223614f1853f105dd0af8eb1d681c978ca54f745d25436128256a8e6ba158	photo	clic2025-1024px-resized	/home/lilith/work/codec-corpus/clic2025-1024/1cba10ad9bb4ced57e42f7656c5f2a58d32dc6bad084957d2f8d1c78e0fcd224.png	medium	256	256	256	3888.605957	0.073679	0.101625	0.007090	0.006628	0.550781	0.094727	39.014347	0.068468	1.313010	1372.000000	0.041870	0.003010	0.003410	1.000000	0.019020	0.020330	6.000000	0.062642	3.700211	12.781250	4.522461	0.010742	0.000000	0.000000	0.000000	0.000000	0.000000	0.239197	2.911951	1.226882	0.034745	0.015512	0.427734	0.223236	17.806692	0.031250	0.042798	0.009146	0.000000	65536.000000	11.090355	256.000000	256.000000	196608.000000	1.000000	0.000000	0.000000	0.000000	3.000000	2.821422	3.954649	4.627917	4.862178	5.243994	0.061007	0.188195	0.757476	1.000000	0.024802	0.044794	0.123964	0.325262	2.000000	6.000000	18.000000	73.000000	255.000000	0.000000	0.000000	0.015873	0.063492	0.000000	0.000000	0.000000	0.015873	0.000000	0.000000	0.000000	0.297628	1.213765	1.465893	0.004318	0.019269	0.034745	0.000000	0.000000	43.583538	0.799520
02f3e6786f4d8db7fda05dd92d1d0381eb6ff74883815751f7ddc89a93464e5d	photo	clic2025-1024px-resized	/home/lilith/work/codec-corpus/clic2025-1024/c80999cd5533e448167cd9b3ccfa2a37.png	medium	256	256	256	2879.610107	0.383022	0.325116	0.043240	0.030673	0.001953	0.000000	147.091400	0.609531	1.034310	3855.000000	0.117645	0.097110	0.058910	5.000000	0.435810	0.372060	57.000000	0.189063	4.417708	34.355469	54.475586	0.000000	0.000000	0.000000	0.000000	0.000000	0.000000	0.000488	4.345784	0.499131	0.460070	0.148485	0.172852	0.011063	22.690166	0.000000	0.173720	0.069320	0.000000	65536.000000	11.090355	256.000000	256.000000	196608.000000	1.000000	0.000000	0.000000	0.000000	3.000000	4.374498	4.719996	4.995542	5.134956	5.360879	0.645611	1.000000	1.000000	1.000000	0.251359	0.446407	0.855253	1.000000	21.000000	43.000000	78.000000	172.000000	255.000000	0.063492	0.095238	0.174603	0.238095	0.015873	0.031746	0.063492	0.095238	0.000000	1.000000	3.000000	3.322620	3.545431	3.674746	0.286105	0.377304	0.460070	0.031746	0.047619	6.498605	0.780207
3a4c7f92332d8e203aa345460e00fcf67bc39b185822a9c5f65d04d7fffb5897	photo	clic2025-native	/home/lilith/work/codec-corpus/clic2025/training/2a2420f929cd47122eae364a2bc27710.png	tiny	64	64	43	2151.435791	0.390476	0.081666	0.014446	0.013829	0.000000	0.000000	31.913624	0.078417	0.558264	407.000000	0.147892	0.007790	0.007680	0.000000	0.042500	0.054860	3.000000	0.132195	4.033787	32.549999	8.625000	0.000000	0.000000	0.000000	0.000000	0.000000	0.000000	0.160974	4.386604	0.422937	0.493880	0.101696	0.400000	0.513672	14.393970	0.000000	0.157143	0.024206	0.000000	2752.000000	7.920083	43.000000	64.000000	8256.000000	0.671875	0.397683	0.116279	0.488372	3.000000														18.000000	37.000000	63.000000	128.000000	210.000000									0.000000	1.000000	2.000000									5.175133	0.828149
57a45a3637b4c945796ea82e387c9317aa00b35ea17bcb7a9392b95d0be27780	photo	CID22-512px	/home/lilith/work/codec-corpus/CID22/CID22-512/training/2208891.png	small	64	64	64	4759.474609	0.636684	0.079763	0.031691	0.027648	0.000000	0.000000	36.990570	0.480437	0.576127	650.000000	0.158691	0.057490	0.022860	1.000000	0.283660	0.120500	7.000000	0.189604	4.515901	64.890625	13.484375	0.000000	0.000000	0.000000	0.000000	0.000000	0.000000	0.122070	4.801304	0.446953	0.955242	0.082103	0.343750	0.700439	33.084011	0.000000	0.218750	0.026042	0.000000	4096.000000	8.317766	64.000000	64.000000	12288.000000	1.000000	0.000000	0.000000	0.000000	3.000000														47.000000	94.000000	147.000000	250.000000	255.000000									0.000000	2.000000	6.000000									0.949740	0.836221
61469e73ec74a52b697aff7c88cca6852de3141faa4a0071a0506e6bf343e968	photo	CID22-512px	/home/lilith/work/codec-corpus/CID22/CID22-512/training/2866385.png	medium	256	256	256	1718.792725	0.245321	0.195623	0.008667	0.007358	0.591797	0.123047	70.527023	0.443712	1.162198	1276.000000	0.038940	0.006640	0.014130	1.000000	0.027440	0.049370	3.000000	0.323634	3.687335	16.097656	4.708008	0.011719	0.000000	0.000000	0.000000	0.000000	0.000000	0.002335	2.901073	1.418903	0.034107	0.022241	0.267578	0.349503	20.950720	0.005859	0.091998	0.008324	0.000000	65536.000000	11.090355	256.000000	256.000000	196608.000000	1.000000	0.000000	0.000000	0.000000	3.000000	2.290035	4.428926	4.742183	4.910261	5.192647	0.052833	0.109125	1.000000	1.000000	0.033415	0.076582	0.166024	0.318610	1.000000	25.000000	69.000000	162.000000	255.000000	0.000000	0.000000	0.015873	0.206349	0.000000	0.000000	0.000000	0.015873	0.000000	0.000000	0.000000	0.693508	1.144186	1.395490	0.008364	0.021388	0.034107	0.000000	0.000000	7.584350	0.761921
3c22190ef30bb468cc1e5e77d59fd99024b8f15b287bf7df206f0155fd7837eb	photo	CID22-512px	/home/lilith/work/codec-corpus/CID22/CID22-512/training/1910225.png	medium	256	256	256	2269.187012	0.067912	0.221942	0.015637	0.017536	0.484375	0.173828	89.038795	0.062446	1.261305	4503.000000	0.137421	0.050830	0.026500	10.000000	0.165330	0.130840	28.000000	0.090494	3.926110	11.452148	25.929688	0.018555	0.000000	0.000000	0.000000	0.000000	0.000000	0.001190	2.927941	1.216835	0.024695	0.024037	0.473633	0.010681	14.421899	0.036133	0.043186	0.035203	0.000000	65536.000000	11.090355	256.000000	256.000000	196608.000000	1.000000	0.000000	0.000000	0.000000	3.000000	3.158056	3.922038	4.477224	4.649905	4.870339	0.049422	0.277787	0.706681	1.000000	0.055019	0.278303	0.592789	1.000000	1.000000	6.000000	18.000000	71.000000	229.000000	0.000000	0.000000	0.031746	0.063492	0.000000	0.000000	0.015873	0.063492	0.000000	0.000000	0.000000	0.808715	1.096365	1.220353	0.011880	0.018865	0.024695	0.000000	0.000000	32.108852	0.809897
5544484f773f8dad36bdb0d4b91df282100c0e5ff71abbb8fefb2cdf88b1f030	photo	CID22-512px	/home/lilith/work/codec-corpus/CID22/CID22-512/training/Verkehrstote Deutschland 1953-2012.png	small	64	64	64	817.790039	0.230789	0.016942	0.001260	0.002955	0.375000	0.312500	6.638918	0.220059	0.731870	39.000000	0.009521	0.001070	0.001170	0.000000	0.038760	0.042190	5.000000	0.380459	1.594083	21.328125	1.281250	0.312500	0.000000	0.000000	0.000000	8.000000	1.000000	0.970947	2.924982	2.030666	0.000000	0.000000	0.031250	0.019531	35.833584	0.328125	0.119048	0.004216	0.000000	4096.000000	8.317766	64.000000	64.000000	12288.000000	1.000000	0.000000	0.000000	0.000000	3.000000														1.000000	31.000000	85.000000	255.000000	255.000000									0.000000	0.000000	0.000000									7.796861	0.472774
23853b548b24c4c6ff5c1a9aa88542373ce24a7bc89d14e2944ca80c4ab737ad	photo	clic2025-native	/home/lilith/work/codec-corpus/clic2025/final-test/b0b3744cc6b5ad6426b1ac02909b4389ea7fc4140d72a888ccdfb21f573a6db4.png	medium	1024	1024	680	3683.572998	0.312483	0.185099	0.030778	0.015794	0.374724	0.002757	66.223701	2.954693	1.065372	12566.000000	0.383484	0.073280	0.082560	10.000000	0.108160	0.128100	13.000000	0.459865	4.612813	25.906250	22.092831	0.000000	0.000000	0.000000	0.000000	0.000000	0.000000	0.013395	3.596982	1.177561	0.061253	0.019490	0.150735	0.113188	29.097630	0.000000	0.140669	0.039770	0.000000	696320.000000	13.453565	680.000000	1024.000000	2088960.000000	0.664062	0.409379	0.000000	0.035294	3.000000	3.966283	4.655965	4.965032	5.120896	5.317754	0.094368	0.606587	1.000000	1.000000	0.037045	0.227430	0.660758	1.000000	8.000000	40.000000	93.000000	238.000000	255.000000	0.000000	0.000000	0.079365	0.269841	0.000000	0.000000	0.015873	0.063492	0.000000	0.000000	1.000000	1.711280	1.875061	1.983330	0.038928	0.051987	0.061253	0.000000	0.000000	6.107522	0.698654
2bbfa289d5b9c786ff1a0bb3b44e4f45af6b9180089d3a5cc7975b3fee21c8c4	photo	clic2025-1024px-resized	/home/lilith/work/codec-corpus/clic2025-1024/4cd6910a0b7b39365fda5df87618d091.png	medium	256	256	256	1770.419312	0.248366	0.127886	0.001537	0.000833	0.418945	0.268555	41.953697	0.962705	0.703778	112.000000	0.003418	0.003260	0.020280	2.000000	0.004870	0.027810	3.000000	0.241600	2.141055	37.363281	3.396484	0.390625	0.000000	0.000000	0.000000	8.000000	1.000000	0.928146	3.265591	1.936792	0.000000	0.000000	0.061523	0.000000	29.069469	0.377930	0.131123	0.003209	0.000000	65536.000000	11.090355	256.000000	256.000000	196608.000000	1.000000	0.000000	0.000000	0.000000	3.000000	4.452844	4.891866	4.973654	5.028424	5.144537	0.021848	1.000000	1.000000	1.000000	0.000000	0.022541	0.026887	0.030360	2.000000	32.000000	103.000000	241.000000	255.000000	0.000000	0.000000	0.111111	0.253968	0.000000	0.000000	0.000000	0.000000	0.000000	0.000000	0.000000	0.000000	0.000000	0.000000	0.000000	0.000000	0.000000	0.000000	0.000000	5.069698	0.597446
3ce6f1afab7548fe137331028467f0d7514899f624f066b53bac75bdca1b5c32	photo	CID22-512px	/home/lilith/work/codec-corpus/CID22/CID22-512/training/1200348.png	small	64	64	64	2239.083984	0.190728	0.182653	0.029442	0.015373	0.156250	0.000000	64.975632	0.066212	0.924516	891.000000	0.217529	0.105360	0.033060	7.000000	0.194050	0.047660	13.000000	0.124214	3.716203	23.750000	24.359375	0.000000	0.000000	0.000000	0.000000	0.000000	0.000000	0.190430	3.858883	0.844549	0.214166	0.075359	0.546875	0.385986	20.644754	0.000000	0.112599	0.040923	0.000000	4096.000000	8.317766	64.000000	64.000000	12288.000000	1.000000	0.000000	0.000000	0.000000	3.000000														6.000000	20.000000	48.000000	129.000000	255.000000									0.000000	0.000000	0.000000									11.304955	0.881271
25765b75502ddaac4fe81890b19f5e3f721885f03aea884600bb9ee14232f7f9	photo	clic2025-native	/home/lilith/work/codec-corpus/clic2025/final-test/02809272b4ca9b08af45771501b741296187c7e26907efb44abbbfcb6cd804f7.png	tiny	64	43	64	3119.582031	0.663265	0.077978	0.023244	0.017371	0.000000	0.000000	29.082996	0.282082	0.507913	783.000000	0.284520	0.030550	0.044680	0.000000	0.150390	0.205490	11.000000	0.338875	4.468418	50.275002	11.025000	0.000000	0.000000	0.000000	0.000000	0.000000	0.000000	0.059956	4.706706	0.235662	1.000000	0.097247	0.100000	0.345567	20.613699	0.000000	0.258730	0.025794	0.000000	2752.000000	7.920083	43.000000	64.000000	8256.000000	0.671875	0.397683	0.116279	0.488372	3.000000														43.000000	81.000000	122.000000	199.000000	255.000000									0.000000	3.000000	6.000000									1.050386	0.728533
61502859dfb1c397569148158adb822ba1233715a79a819782c5b7db4e78ea9d	photo	CID22-512px	/home/lilith/work/codec-corpus/CID22/CID22-512/training/2599868.png	small	64	64	64	1397.268921	0.346939	0.028401	0.006473	0.007903	0.000000	0.000000	17.372704	0.099570	0.576357	223.000000	0.054443	0.002010	0.001920	0.000000	0.020040	0.018440	0.000000	0.136216	3.762617	32.312500	4.703125	0.031250	0.000000	0.000000	0.000000	8.000000	1.000000	0.002441	4.393076	0.349246	0.637332	0.051048	0.437500	0.000000	14.920225	0.000000	0.156994	0.012897	0.000000	4096.000000	8.317766	64.000000	64.000000	12288.000000	1.000000	0.000000	0.000000	0.000000	3.000000														15.000000	38.000000	68.000000	126.000000	197.000000									0.000000	0.000000	1.000000									2.868561	0.855855
02f3e6786f4d8db7fda05dd92d1d0381eb6ff74883815751f7ddc89a93464e5d	photo	clic2025-1024px-resized	/home/lilith/work/codec-corpus/clic2025-1024/c80999cd5533e448167cd9b3ccfa2a37.png	large	1024	1024	1024	2970.576660	0.143153	0.326811	0.018554	0.010564	0.143799	0.000244	147.686432	0.404893	1.292504	6846.000000	0.208923	0.009160	0.007740	1.000000	0.016650	0.018880	4.000000	0.073388	4.453012	17.522461	19.594727	0.001953	0.000000	0.000000	0.000000	0.000000	0.000000	0.000178	3.758314	0.714365	0.182068	0.083516	0.666992	0.008112	13.455424	0.013672	0.083922	0.033312	0.000000	1048576.000000	13.862944	1024.000000	1024.000000	3145728.000000	1.000000	0.000000	0.000000	0.000000	3.000000	3.861579	4.224583	4.611758	4.820587	5.130999	0.359321	0.620655	1.000000	1.000000	0.153310	0.242933	0.418375	0.681523	5.000000	15.000000	31.000000	73.000000	255.000000	0.015873	0.031746	0.079365	0.126984	0.000000	0.015873	0.031746	0.047619	0.000000	0.000000	0.000000	1.845098	2.389940	2.728354	0.063094	0.120676	0.182068	0.000000	0.000000	11.481602	0.897189
57a45a3637b4c945796ea82e387c9317aa00b35ea17bcb7a9392b95d0be27780	photo	CID22-512px	/home/lilith/work/codec-corpus/CID22/CID22-512/training/2208891.png	medium	256	256	256	5454.764648	0.328274	0.087863	0.016637	0.014318	0.109375	0.016602	39.657330	0.685573	0.786824	1946.000000	0.059387	0.015150	0.009810	1.000000	0.071000	0.052880	8.000000	0.083689	4.514542	50.780273	12.683594	0.001953	0.000000	0.000000	0.000000	0.000000	0.000000	0.159027	4.352511	0.986742	0.208695	0.051344	0.520508	0.669220	33.220245	0.003906	0.140020	0.021174	0.000000	65536.000000	11.090355	256.000000	256.000000	196608.000000	1.000000	0.000000	0.000000	0.000000	3.000000	4.660732	5.081635	5.293650	5.396708	5.532873	0.607500	1.000000	1.000000	1.000000	0.116936	0.221166	0.379461	0.618139	14.000000	41.000000	85.000000	188.000000	255.000000	0.015873	0.063492	0.111111	0.206349	0.000000	0.000000	0.015873	0.031746	0.000000	0.000000	1.000000	1.437105	2.025242	2.964547	0.030531	0.072924	0.208695	0.000000	0.000000	5.955882	0.859665
423223614f1853f105dd0af8eb1d681c978ca54f745d25436128256a8e6ba158	photo	clic2025-1024px-resized	/home/lilith/work/codec-corpus/clic2025-1024/1cba10ad9bb4ced57e42f7656c5f2a58d32dc6bad084957d2f8d1c78e0fcd224.png	large	1024	1024	1024	3909.247314	0.022496	0.102428	0.006335	0.006280	0.751465	0.152588	39.324249	0.107425	1.945196	3267.000000	0.099701	0.002420	0.002110	0.000000	0.018430	0.016620	3.000000	0.086062	3.705946	4.666016	2.201172	0.023438	0.000000	0.000000	0.000000	0.000000	0.000000	0.233922	2.443774	1.002796	0.023044	0.015454	0.291016	0.221863	13.154502	0.041016	0.019392	0.004216	0.000000	1048576.000000	13.862944	1024.000000	1024.000000	3145728.000000	1.000000	0.000000	0.000000	0.000000	3.000000	2.376575	3.106271	3.765593	4.276453	4.854009	0.041785	0.112814	0.267698	0.570722	0.024888	0.051802	0.109099	0.184929	2.000000	5.000000	11.000000	46.000000	255.000000	0.000000	0.000000	0.000000	0.031746	0.000000	0.000000	0.000000	0.000000	0.000000	0.000000	0.000000	0.000000	1.076918	1.277324	0.000000	0.018228	0.023044	0.000000	0.000000	55.265068	0.699905
031c5a00cfe597fb352b16851f1f26376c757ce6964df920f448cd1928745456	photo	CID22-512px	/home/lilith/work/codec-corpus/CID22/CID22-512/training/1454613116.png	small	64	64	64	2904.442627	0.349962	0.000000	0.000000	0.000000	0.171875	0.171875	0.000000	0.612555	0.884365	32.000000	0.007812	0.000000	0.000000	0.000000	0.000000	0.000000	0.000000	0.380906	2.180982	66.093750	0.000000	0.140625	0.000000	0.000000	0.000000	8.000000	1.000000	1.000000	3.946925	1.556590	0.020396	0.000000	0.125000	0.000000	57.557430	0.140625	0.203869	0.000000	1.000000	4096.000000	8.317766	64.000000	64.000000	12288.000000	1.000000	0.000000	0.000000	0.000000	3.000000														11.000000	56.000000	139.000000	255.000000	255.000000									0.000000	0.000000	0.000000									3.032806	0.618369
3ce6f1afab7548fe137331028467f0d7514899f624f066b53bac75bdca1b5c32	photo	CID22-512px	/home/lilith/work/codec-corpus/CID22/CID22-512/training/1200348.png	medium	256	256	256	2311.948242	0.067789	0.185602	0.011445	0.005857	0.581055	0.093750	65.912155	0.065231	1.305839	2648.000000	0.080811	0.017420	0.010400	4.000000	0.027250	0.015440	7.000000	0.073339	3.705134	10.246094	10.780273	0.000000	0.000000	0.000000	0.000000	0.000000	0.000000	0.192200	2.897909	1.094288	0.034178	0.019756	0.645508	0.378448	17.175209	0.045898	0.043604	0.016834	0.000000	65536.000000	11.090355	256.000000	256.000000	196608.000000	1.000000	0.000000	0.000000	0.000000	3.000000	2.835335	3.720499	4.464728	4.801815	5.062252	0.081780	0.205586	0.557983	1.000000	0.034734	0.075985	0.237483	0.617940	1.000000	4.000000	15.000000	75.000000	255.000000	0.000000	0.000000	0.015873	0.063492	0.000000	0.000000	0.000000	0.031746	0.000000	0.000000	0.000000	0.859406	1.204118	1.413928	0.012562	0.022275	0.034178	0.000000	0.000000	36.665161	0.870034
5544484f773f8dad36bdb0d4b91df282100c0e5ff71abbb8fefb2cdf88b1f030	photo	CID22-512px	/home/lilith/work/codec-corpus/CID22/CID22-512/training/Verkehrstote Deutschland 1953-2012.png	medium	256	256	256	1599.095703	0.110957	0.030009	0.001157	0.002713	0.721680	0.712891	11.515916	1.438188	1.018657	60.000000	0.001831	0.003660	0.002210	1.000000	0.131960	0.079760	61.000000	0.455671	0.815858	33.837891	2.728516	0.741211	0.000000	0.000000	0.000000	8.000000	1.000000	0.990524	1.488139	2.267328	0.000000	0.000000	0.009766	0.003342	59.043339	0.739258	0.098896	0.005673	0.000000	65536.000000	11.090355	256.000000	256.000000	196608.000000	1.000000	0.000000	0.000000	0.000000	3.000000	0.000000	4.473800	5.316491	5.565313	5.654026	0.000000	0.000000	1.000000	1.000000	0.000000	0.000000	0.000000	0.000000	0.000000	0.000000	73.000000	255.000000	255.000000	0.000000	0.000000	0.000000	0.190476	0.000000	0.000000	0.000000	0.000000	0.000000	0.000000	0.000000	0.000000	0.000000	0.000000	0.000000	0.000000	0.000000	0.000000	0.000000	8.209421	0.205633
61502859dfb1c397569148158adb822ba1233715a79a819782c5b7db4e78ea9d	photo	CID22-512px	/home/lilith/work/codec-corpus/CID22/CID22-512/training/2599868.png	medium	256	256	256	1540.813232	0.152618	0.029989	0.003955	0.004809	0.364258	0.014648	17.926035	0.206404	0.879689	393.000000	0.011993	0.000970	0.000900	0.000000	0.014020	0.009090	2.000000	0.184347	3.882474	15.395508	2.250000	0.009766	0.000000	0.000000	0.000000	0.000000	0.000000	0.006836	3.471788	0.996363	0.073249	0.015442	0.449219	0.000046	16.657267	0.010742	0.078745	0.004294	0.000000	65536.000000	11.090355	256.000000	256.000000	196608.000000	1.000000	0.000000	0.000000	0.000000	3.000000	3.722531	4.351631	4.632751	4.770698	4.874523	0.150710	0.552882	1.000000	1.000000	0.024859	0.051316	0.115220	0.210591	3.000000	13.000000	44.000000	119.000000	255.000000	0.000000	0.015873	0.047619	0.142857	0.000000	0.000000	0.000000	0.000000	0.000000	0.000000	0.000000	1.458402	1.770853	2.002638	0.035514	0.054054	0.073249	0.000000	0.000000	10.791922	0.845415
423e5a7a6a212346c354e860463e79c108dc353502c096b63bc606605befa5b3	mixed	kadid10k-distortion-set	/home/lilith/work/codec-corpus/kadid10k/I55.png	tiny	64	64	48	3079.249512	0.508274	0.083614	0.022695	0.011684	0.000000	0.000000	32.528378	0.260511	0.695030	696.000000	0.226562	0.038360	0.051810	9.000000	0.056560	0.091540	10.000000	0.164192	4.502777	55.708332	11.958333	0.000000	0.000000	0.000000	0.000000	0.000000	0.000000	0.053711	4.621570	0.531687	0.496425	0.087848	0.208333	0.370443	32.504036	0.000000	0.219907	0.025463	0.000000	3072.000000	8.030084	48.000000	64.000000	9216.000000	0.750000	0.287682	0.000000	0.333333	3.000000														30.000000	61.000000	110.000000	232.000000	255.000000									0.000000	2.000000	4.000000									4.020459	0.769103
031c5a00cfe597fb352b16851f1f26376c757ce6964df920f448cd1928745456	photo	CID22-512px	/home/lilith/work/codec-corpus/CID22/CID22-512/training/1454613116.png	medium	256	256	256	4021.459961	0.149158	0.000000	0.000000	0.000000	0.564453	0.559570	0.000000	1.240273	0.940636	32.000000	0.000977	0.000000	0.000000	0.000000	0.000000	0.000000	0.000000	0.168519	1.229988	46.075195	0.000000	0.719727	0.000000	0.000000	0.000000	8.000000	1.000000	1.000000	2.315762	2.471771	0.000000	0.000000	0.146484	0.000000	58.301422	0.735352	0.100136	0.000000	1.000000	65536.000000	11.090355	256.000000	256.000000	196608.000000	1.000000	0.000000	0.000000	0.000000	3.000000	0.942010	4.911903	5.611962	5.741059	5.812731	0.000000	0.014534	1.000000	1.000000	0.000000	0.000000	0.000000	0.000000	0.000000	4.000000	111.000000	255.000000	255.000000	0.000000	0.000000	0.000000	0.111111	0.000000	0.000000	0.000000	0.000000	0.000000	0.000000	0.000000	0.000000	0.000000	0.000000	0.000000	0.000000	0.000000	0.000000	0.000000	5.995863	0.380586
2bbfa289d5b9c786ff1a0bb3b44e4f45af6b9180089d3a5cc7975b3fee21c8c4	photo	clic2025-1024px-resized	/home/lilith/work/codec-corpus/clic2025-1024/4cd6910a0b7b39365fda5df87618d091.png	large	1024	1024	1024	2833.426270	0.139058	0.137649	0.001597	0.000845	0.673706	0.632935	45.307758	3.727461	0.982932	182.000000	0.005554	0.003020	0.007560	5.000000	0.004510	0.010380	8.000000	0.220374	1.713645	33.006836	0.661133	0.709961	0.000000	0.000000	0.000000	8.000000	1.000000	0.893524	1.767501	2.362030	0.000000	0.000000	0.071289	0.000000	51.192841	0.728516	0.104988	0.001659	0.000000	1048576.000000	13.862944	1024.000000	1024.000000	3145728.000000	1.000000	0.000000	0.000000	0.000000	3.000000	0.000000	4.670728	5.467335	5.525900	5.581043	0.000000	0.000000	1.000000	1.000000	0.000000	0.000000	0.030360	0.047727	0.000000	0.000000	80.000000	255.000000	255.000000	0.000000	0.000000	0.000000	0.253968	0.000000	0.000000	0.000000	0.000000	0.000000	0.000000	0.000000	0.000000	0.000000	0.000000	0.000000	0.000000	0.000000	0.000000	0.000000	8.454367	0.302400
242ad398f86782161b09811f0bcc69e8752a99773ba772bb55d7f40634329f0b	photo	clic2025-1024px-resized	/home/lilith/work/codec-corpus/clic2025-1024/8bb119b8ca17492392e1e3ea4b811b32.png	small	64	64	64	2873.572021	0.235576	0.066587	0.008171	0.010059	0.109375	0.046875	34.690228	0.054535	0.743382	394.000000	0.096191	0.003430	0.001920	0.000000	0.045980	0.019830	4.000000	0.074796	4.172909	30.515625	8.937500	0.000000	0.000000	0.000000	0.000000	0.000000	0.000000	0.176514	4.119072	0.851827	0.230724	0.047962	0.656250	0.759766	18.490746	0.000000	0.116319	0.019593	0.000000	4096.000000	8.317766	64.000000	64.000000	12288.000000	1.000000	0.000000	0.000000	0.000000	3.000000														8.000000	20.000000	44.000000	114.000000	251.000000									0.000000	0.000000	0.000000									13.415483	0.915360
559ba57cc3e4e4805becde3677ce721ed1c00a1f158d1f29693d2a56c969a071	photo	CID22-512px	/home/lilith/work/codec-corpus/CID22/CID22-512/training/7218572.png	small	64	64	64	2107.270752	0.342152	0.090218	0.020599	0.016862	0.062500	0.000000	30.294180	0.152664	0.599364	584.000000	0.142578	0.027580	0.010890	0.000000	0.135370	0.060380	6.000000	0.116346	4.124498	44.468750	15.546875	0.000000	0.000000	0.000000	0.000000	0.000000	0.000000	0.245117	4.343225	0.872667	0.330350	0.031172	0.562500	0.213379	24.934614	0.000000	0.161458	0.031002	0.000000	4096.000000	8.317766	64.000000	64.000000	12288.000000	1.000000	0.000000	0.000000	0.000000	3.000000														10.000000	48.000000	86.000000	161.000000	255.000000									0.000000	0.000000	0.000000									3.358409	0.878811
616b2a4c014d40f6222c78cf353e7609b6ed5448c4f2092186908ee352f751db	photo	CID22-512px	/home/lilith/work/codec-corpus/CID22/CID22-512/training/3952034.png	small	64	64	64	5163.667969	0.424792	0.078822	0.016014	0.013096	0.046875	0.000000	29.650099	0.238941	0.662721	721.000000	0.176025	0.014680	0.019520	0.000000	0.070220	0.070490	4.000000	0.094834	4.540533	71.343750	11.453125	0.000000	0.000000	0.000000	0.000000	0.000000	0.000000	0.277588	4.738842	0.720049	0.573884	0.057910	0.515625	0.316406	31.757961	0.000000	0.187252	0.026042	0.000000	4096.000000	8.317766	64.000000	64.000000	12288.000000	1.000000	0.000000	0.000000	0.000000	3.000000														22.000000	62.000000	107.000000	183.000000	255.000000									0.000000	0.000000	1.000000									2.388239	0.860863
423e5a7a6a212346c354e860463e79c108dc353502c096b63bc606605befa5b3	mixed	kadid10k-distortion-set	/home/lilith/work/codec-corpus/kadid10k/I55.png	small	256	256	192	3527.000732	0.452705	0.088946	0.012577	0.006587	0.033854	0.000000	34.174580	0.731478	1.129265	1865.000000	0.056915	0.008240	0.015170	3.000000	0.013160	0.029650	6.000000	0.249754	4.616706	32.467449	7.493490	0.000000	0.000000	0.000000	0.000000	0.000000	0.000000	0.060567	4.303121	0.569774	0.417860	0.065284	0.128906	0.358704	24.451157	0.000000	0.172082	0.014778	0.000000	49152.000000	10.802672	192.000000	256.000000	147456.000000	0.750000	0.287682	0.000000	0.000000	3.000000	4.298206	4.668025	5.021433	5.199418	5.546715	0.623429	0.878740	1.000000	1.000000	0.088896	0.132776	0.248938	0.400705	26.000000	55.000000	93.000000	190.000000	255.000000	0.063492	0.111111	0.174603	0.238095	0.000000	0.000000	0.000000	0.015873	0.000000	1.000000	3.000000	2.489057	3.348594	3.695695	0.098189	0.259204	0.417860	0.000000	0.031746	4.454655	0.671325
2c0f1781ea49def17195b3e954e500ead8b7cc493db8fcc99439b7e0fdb211c4	photo	CID22-512px	/home/lilith/work/codec-corpus/CID22/CID22-512/training/EPICA Delta D Plot.png	small	64	64	64	377.899292	0.261275	0.037169	0.006599	0.010704	0.250000	0.250000	14.058492	0.170675	0.654439	111.000000	0.027100	0.009690	0.009290	0.000000	0.149040	0.126980	7.000000	0.876619	1.877343	12.906250	6.093750	0.234375	0.000000	0.000000	0.000000	8.000000	1.000000	0.832031	3.141846	1.769174	0.000000	0.000000	0.000000	0.056396	24.874382	0.203125	0.130704	0.014633	0.000000	4096.000000	8.317766	64.000000	64.000000	12288.000000	1.000000	0.000000	0.000000	0.000000	3.000000														14.000000	35.000000	73.000000	219.000000	255.000000									0.000000	0.000000	0.000000									8.970741	0.384926
031ef607fd685c94b5100f5fc7b1d8e41be45acd401481ec6869d5d0a97e8c32	photo	CID22-512px	/home/lilith/work/codec-corpus/CID22/CID22-512/training/StockQuoteGraph-20120521.png	small	64	64	64	602.726990	0.145125	0.066536	0.006660	0.006953	0.296875	0.296875	30.526644	0.064952	1.094822	142.000000	0.034668	0.006340	0.004640	0.000000	0.054670	0.033490	7.000000	0.198817	2.409513	15.000000	8.609375	0.343750	0.000000	0.000000	0.000000	8.000000	1.000000	0.517334	2.866366	1.869380	0.000000	0.000000	0.171875	0.000000	26.251450	0.281250	0.079117	0.015377	0.000000	4096.000000	8.317766	64.000000	64.000000	12288.000000	1.000000	0.000000	0.000000	0.000000	3.000000														4.000000	17.000000	36.000000	139.000000	255.000000									0.000000	0.000000	0.000000									31.900249	0.547790
3d19240702fbad945c087d175a29c37774aa47b3250e63a1b509d39394569d14	mixed	kadid10k-distortion-set	/home/lilith/work/codec-corpus/kadid10k/I04.png	tiny	64	64	48	3411.985840	0.506923	0.136241	0.013711	0.010428	0.000000	0.000000	48.014988	0.221186	0.695193	603.000000	0.196289	0.014080	0.015480	0.000000	0.054410	0.064080	3.000000	0.162145	4.392850	56.604168	11.479167	0.000000	0.000000	0.000000	0.000000	0.000000	0.000000	0.068359	4.646633	0.547273	0.786840	0.080486	0.395833	0.424805	24.718128	0.000000	0.199405	0.022487	0.000000	3072.000000	8.030084	48.000000	64.000000	9216.000000	0.750000	0.287682	0.000000	0.333333	3.000000														26.000000	64.000000	105.000000	200.000000	255.000000									0.000000	0.000000	1.000000									2.539689	0.845821
559ba57cc3e4e4805becde3677ce721ed1c00a1f158d1f29693d2a56c969a071	photo	CID22-512px	/home/lilith/work/codec-corpus/CID22/CID22-512/training/7218572.png	medium	256	256	256	2334.944336	0.155294	0.094597	0.009050	0.007385	0.483398	0.100586	31.749746	0.275646	1.177498	1242.000000	0.037903	0.010150	0.004250	0.000000	0.040580	0.023470	8.000000	0.133623	4.094518	21.140625	7.034180	0.000000	0.000000	0.000000	0.000000	0.000000	0.000000	0.252945	3.271742	1.301537	0.033366	0.009300	0.458008	0.196762	25.182062	0.011719	0.083147	0.011657	0.000000	65536.000000	11.090355	256.000000	256.000000	196608.000000	1.000000	0.000000	0.000000	0.000000	3.000000	3.154956	4.591248	4.949251	5.098732	5.240367	0.080950	0.297721	1.000000	1.000000	0.022313	0.047539	0.239212	0.484563	2.000000	12.000000	49.000000	137.000000	255.000000	0.000000	0.000000	0.031746	0.158730	0.000000	0.000000	0.000000	0.015873	0.000000	0.000000	0.000000	1.215836	1.356981	1.458402	0.018299	0.025575	0.033366	0.000000	0.000000	12.702730	0.821649
43680e32a575b8b63e76c89a7ca3c8d6ac1c601ec1436018e8881eae1679b92a	photo	CID22-512px	/home/lilith/work/codec-corpus/CID22/CID22-512/training/3311574.png	small	64	64	64	4419.022949	0.280675	0.047212	0.005774	0.004387	0.046875	0.000000	17.765802	0.146775	0.714343	361.000000	0.088135	0.009170	0.010000	1.000000	0.028830	0.034820	3.000000	0.179150	4.561910	38.093750	2.875000	0.000000	0.000000	0.000000	0.000000	0.000000	0.000000	0.366211	4.161788	0.758651	0.302150	0.009672	0.468750	0.055908	26.961231	0.031250	0.132688	0.006200	0.000000	4096.000000	8.317766	64.000000	64.000000	12288.000000	1.000000	0.000000	0.000000	0.000000	3.000000														8.000000	34.000000	82.000000	173.000000	255.000000									0.000000	0.000000	0.000000									4.932736	0.865634
2c0f1781ea49def17195b3e954e500ead8b7cc493db8fcc99439b7e0fdb211c4	photo	CID22-512px	/home/lilith/work/codec-corpus/CID22/CID22-512/training/EPICA Delta D Plot.png	medium	256	256	256	773.282959	0.205198	0.052458	0.006856	0.011108	0.436523	0.410156	19.661032	0.743947	1.004218	346.000000	0.010559	0.016440	0.004060	2.000000	0.280840	0.076300	47.000000	0.358829	1.485967	20.448242	7.250977	0.604492	0.000000	0.000000	0.000000	0.000000	0.000000	0.910034	2.598760	2.078693	0.000000	0.000000	0.072266	0.031036	33.149235	0.594727	0.106383	0.016323	0.000000	65536.000000	11.090355	256.000000	256.000000	196608.000000	1.000000	0.000000	0.000000	0.000000	3.000000	3.506234	4.433631	5.010313	5.147631	5.257253	0.000000	0.414430	1.000000	1.000000	0.000000	0.000000	0.056484	0.594519	0.000000	23.000000	73.000000	236.000000	255.000000	0.000000	0.000000	0.047619	0.190476	0.000000	0.000000	0.000000	0.000000	0.000000	0.000000	0.000000	0.000000	0.000000	0.000000	0.000000	0.000000	0.000000	0.000000	0.000000	9.037228	0.451507
242ad398f86782161b09811f0bcc69e8752a99773ba772bb55d7f40634329f0b	photo	clic2025-1024px-resized	/home/lilith/work/codec-corpus/clic2025-1024/8bb119b8ca17492392e1e3ea4b811b32.png	medium	256	256	256	2923.947266	0.077770	0.067640	0.005838	0.006664	0.329102	0.157227	35.061314	0.093046	1.361552	767.000000	0.023407	0.001710	0.002010	0.000000	0.015390	0.016280	1.000000	0.104134	4.201184	11.621094	3.059570	0.006836	0.000000	0.000000	0.000000	0.000000	0.000000	0.174576	3.189961	1.098374	0.024580	0.012479	0.308594	0.755325	12.891701	0.018555	0.045759	0.005410	0.000000	65536.000000	11.090355	256.000000	256.000000	196608.000000	1.000000	0.000000	0.000000	0.000000	3.000000	3.372149	3.926027	4.429093	4.644815	4.993970	0.167406	0.321977	0.683702	1.000000	0.049961	0.076432	0.120828	0.210299	6.000000	15.000000	28.000000	71.000000	215.000000	0.000000	0.015873	0.031746	0.063492	0.000000	0.000000	0.000000	0.000000	0.000000	0.000000	0.000000	0.297625	1.058332	1.230052	0.004318	0.018180	0.024580	0.000000	0.000000	14.699319	0.724138
031ef607fd685c94b5100f5fc7b1d8e41be45acd401481ec6869d5d0a97e8c32	photo	CID22-512px	/home/lilith/work/codec-corpus/CID22/CID22-512/training/StockQuoteGraph-20120521.png	medium	256	256	256	832.583435	0.158401	0.071710	0.007975	0.008108	0.567383	0.533203	32.165791	0.470087	1.564556	459.000000	0.014008	0.018810	0.008000	1.000000	0.138320	0.016920	13.000000	0.447926	2.169043	13.320312	4.954102	0.659180	0.000000	0.000000	0.000000	0.000000	0.000000	0.528717	1.953133	2.086890	0.000000	0.000000	0.106445	0.000000	34.109261	0.675781	0.072126	0.010262	0.000000	65536.000000	11.090355	256.000000	256.000000	196608.000000	1.000000	0.000000	0.000000	0.000000	3.000000	0.000000	4.101979	4.559787	4.798034	5.304007	0.000000	0.000000	0.775015	1.000000	0.000000	0.000000	0.203167	0.400495	0.000000	8.000000	53.000000	199.000000	255.000000	0.000000	0.000000	0.000000	0.126984	0.000000	0.000000	0.000000	0.015873	0.000000	0.000000	0.000000	0.000000	0.000000	0.000000	0.000000	0.000000	0.000000	0.000000	0.000000	17.761202	0.353295
3d19240702fbad945c087d175a29c37774aa47b3250e63a1b509d39394569d14	mixed	kadid10k-distortion-set	/home/lilith/work/codec-corpus/kadid10k/I04.png	small	256	256	192	3902.515381	0.340437	0.137332	0.006579	0.005036	0.229167	0.000000	48.380245	0.812726	0.911677	1484.000000	0.045288	0.002690	0.003350	0.000000	0.010490	0.015920	13.000000	0.285953	4.511346	34.813801	4.869792	0.000000	0.000000	0.000000	0.000000	0.000000	0.000000	0.061096	3.998593	0.982173	0.110610	0.028485	0.317708	0.406413	28.515791	0.000000	0.149905	0.009259	0.000000	49152.000000	10.802672	192.000000	256.000000	147456.000000	0.750000	0.287682	0.000000	0.000000	3.000000	4.283628	4.841072	5.054440	5.166052	5.394185	0.281998	0.943886	1.000000	1.000000	0.042575	0.074712	0.140374	0.335652	12.000000	45.000000	103.000000	221.000000	255.000000	0.015873	0.031746	0.111111	0.253968	0.000000	0.000000	0.000000	0.015873	0.000000	0.000000	1.000000	1.995567	2.159822	2.368169	0.069107	0.090005	0.110610	0.000000	0.000000	4.335104	0.783998
616b2a4c014d40f6222c78cf353e7609b6ed5448c4f2092186908ee352f751db	photo	CID22-512px	/home/lilith/work/codec-corpus/CID22/CID22-512/training/3952034.png	medium	256	256	256	5460.186035	0.182899	0.082835	0.009695	0.008195	0.280273	0.041016	30.992329	0.343646	0.978048	1850.000000	0.056458	0.008640	0.008730	2.000000	0.041830	0.036750	5.000000	0.092539	4.462291	27.937500	7.053711	0.005859	0.000000	0.000000	0.000000	0.000000	0.000000	0.291122	3.757359	1.101033	0.104694	0.012912	0.538086	0.311798	29.238274	0.054688	0.095812	0.013656	0.000000	65536.000000	11.090355	256.000000	256.000000	196608.000000	1.000000	0.000000	0.000000	0.000000	3.000000	3.905982	4.642024	5.087873	5.274631	5.456962	0.225281	0.666062	1.000000	1.000000	0.042025	0.114239	0.235776	0.390286	5.000000	19.000000	55.000000	149.000000	255.000000	0.000000	0.015873	0.063492	0.142857	0.000000	0.000000	0.000000	0.015873	0.000000	0.000000	0.000000	0.859403	1.711280	2.317247	0.011703	0.051306	0.104694	0.000000	0.000000	10.343642	0.850108
559dcb9f61e50666a568d93153c6adc9ba9961e74a4d40ec1940e48acba8caaa	photo	CID22-512px	/home/lilith/work/codec-corpus/CID22/CID22-512/training/2387876.png	small	64	64	64	3448.649170	0.480978	0.090309	0.022045	0.007951	0.046875	0.000000	32.429047	0.218766	0.733299	698.000000	0.170410	0.027660	0.060540	1.000000	0.018420	0.041030	0.000000	0.279400	4.331855	34.531250	16.218750	0.000000	0.000000	0.000000	0.000000	0.000000	0.000000	0.034668	4.368031	0.596808	0.383442	0.086559	0.140625	0.047119	22.419958	0.000000	0.185764	0.028770	0.000000	4096.000000	8.317766	64.000000	64.000000	12288.000000	1.000000	0.000000	0.000000	0.000000	3.000000														27.000000	60.000000	95.000000	186.000000	255.000000									0.000000	0.000000	2.000000									3.729912	0.747126
03414239b746eccc4dd13ecf3b8eb2990a05180c5b4ac47fe8f746b590c60d27	photo	CID22-512px	/home/lilith/work/codec-corpus/CID22/CID22-512/training/2062426.png	small	64	64	64	2258.153564	0.331066	0.071642	0.013734	0.010988	0.093750	0.000000	28.167303	0.207430	0.868260	551.000000	0.134521	0.015090	0.027480	1.000000	0.069000	0.119470	6.000000	0.176078	3.755280	46.406250	11.046875	0.000000	0.000000	0.000000	0.000000	0.000000	0.000000	0.299805	4.281368	0.788203	0.207875	0.044673	0.328125	0.363281	31.353418	0.000000	0.158730	0.022073	0.000000	4096.000000	8.317766	64.000000	64.000000	12288.000000	1.000000	0.000000	0.000000	0.000000	3.000000														17.000000	42.000000	91.000000	213.000000	255.000000									0.000000	1.000000	2.000000									6.017075	0.773008
43680e32a575b8b63e76c89a7ca3c8d6ac1c601ec1436018e8881eae1679b92a	photo	CID22-512px	/home/lilith/work/codec-corpus/CID22/CID22-512/training/3311574.png	medium	256	256	256	4652.065430	0.152880	0.053413	0.004772	0.003255	0.503906	0.004883	19.653536	0.363142	1.177567	1074.000000	0.032776	0.015580	0.015670	12.000000	0.027780	0.033170	18.000000	0.208855	4.599952	18.500000	2.857422	0.007812	0.000000	0.000000	0.000000	0.000000	0.000000	0.371536	3.403977	1.024847	0.089485	0.003260	0.341797	0.047470	30.486418	0.001953	0.079148	0.005611	0.000000	65536.000000	11.090355	256.000000	256.000000	196608.000000	1.000000	0.000000	0.000000	0.000000	3.000000	3.064248	4.333273	4.908955	5.103653	5.335584	0.120434	0.231975	1.000000	1.000000	0.009077	0.023006	0.049345	0.150516	5.000000	17.000000	48.000000	159.000000	255.000000	0.000000	0.000000	0.015873	0.126984	0.000000	0.000000	0.000000	0.000000	0.000000	0.000000	0.000000	1.873610	2.025049	2.177491	0.056599	0.073245	0.089485	0.000000	0.000000	16.933983	0.767152
626f3abacd8a5c33127a4cbb1650e910f6b1d0aab421fd16de4589d5031fa440	mixed	kadid10k-distortion-set	/home/lilith/work/codec-corpus/kadid10k/I44.png	tiny	64	64	48	1842.058960	0.511989	0.145017	0.025237	0.018770	0.000000	0.000000	48.841778	0.203161	0.660722	580.000000	0.188802	0.035000	0.022060	0.000000	0.127580	0.078850	3.000000	0.389116	4.122958	36.020832	18.875000	0.000000	0.000000	0.000000	0.000000	0.000000	0.000000	0.093099	4.456359	0.425228	0.491409	0.079835	0.083333	0.263672	22.707029	0.000000	0.214616	0.036376	0.000000	3072.000000	8.030084	48.000000	64.000000	9216.000000	0.750000	0.287682	0.000000	0.333333	3.000000														27.000000	58.000000	101.000000	199.000000	255.000000									0.000000	1.000000	3.000000									3.732037	0.702853
3dbae819fbf9623f47e7bd4bf3780373a1a713107ab52e2acd67c4eb92ca87d6	photo	CID22-512px	/home/lilith/work/codec-corpus/CID22/CID22-512/training/5184684.png	small	64	64	64	1921.022949	0.374150	0.102894	0.015613	0.017090	0.109375	0.000000	40.382153	0.187244	0.684567	749.000000	0.182861	0.016150	0.016720	0.000000	0.193720	0.168530	13.000000	0.249861	3.873521	36.562500	12.062500	0.000000	0.000000	0.000000	0.000000	0.000000	0.000000	0.013184	4.284317	0.777560	0.259534	0.028243	0.359375	0.314453	23.676018	0.000000	0.183780	0.025794	0.000000	4096.000000	8.317766	64.000000	64.000000	12288.000000	1.000000	0.000000	0.000000	0.000000	3.000000														16.000000	50.000000	95.000000	177.000000	255.000000									0.000000	0.000000	1.000000									2.898220	0.810342
559dcb9f61e50666a568d93153c6adc9ba9961e74a4d40ec1940e48acba8caaa	photo	CID22-512px	/home/lilith/work/codec-corpus/CID22/CID22-512/training/2387876.png	medium	256	256	256	3863.694580	0.458731	0.097217	0.019414	0.010193	0.137695	0.040039	34.566422	0.956807	1.132603	1667.000000	0.050873	0.020590	0.038100	2.000000	0.036190	0.057280	1.000000	0.403050	4.422849	29.294922	10.515625	0.001953	0.000000	0.000000	0.000000	0.000000	0.000000	0.037643	4.072065	0.931096	0.167710	0.039573	0.099609	0.072235	22.050007	0.000000	0.172697	0.022058	0.000000	65536.000000	11.090355	256.000000	256.000000	196608.000000	1.000000	0.000000	0.000000	0.000000	3.000000	4.366169	4.677550	4.880986	5.006588	5.245852	0.549057	0.955052	1.000000	1.000000	0.102444	0.203014	0.398202	0.573348	23.000000	57.000000	100.000000	211.000000	255.000000	0.015873	0.079365	0.174603	0.253968	0.000000	0.000000	0.015873	0.031746	0.000000	0.000000	1.000000	1.030777	1.810291	2.674158	0.013732	0.056609	0.167710	0.000000	0.000000	4.031476	0.682955
5805ed68a5db1b43837b2ded3d00929474876a685cf227891a3337d3b02c3532	photo	clic2025-1024px-resized	/home/lilith/work/codec-corpus/clic2025-1024/a365e6541bab5c0f4e01bf43a0c3a655d88292a8ac45403a889c308d11854555.png	small	64	64	64	4980.823242	0.598891	0.095779	0.029880	0.023182	0.000000	0.000000	32.723267	0.548760	0.576021	931.000000	0.227295	0.049050	0.033610	2.000000	0.232490	0.128120	16.000000	0.257093	4.709949	83.906250	14.796875	0.000000	0.000000	0.000000	0.000000	0.000000	0.000000	0.061035	4.879517	0.499956	0.839628	0.154526	0.250000	0.237549	33.265800	0.000000	0.282986	0.036210	0.000000	4096.000000	8.317766	64.000000	64.000000	12288.000000	1.000000	0.000000	0.000000	0.000000	3.000000														41.000000	91.000000	156.000000	255.000000	255.000000									0.000000	1.000000	4.000000									1.124953	0.784121
3a4c7f92332d8e203aa345460e00fcf67bc39b185822a9c5f65d04d7fffb5897	photo	clic2025-native	/home/lilith/work/codec-corpus/clic2025/training/2a2420f929cd47122eae364a2bc27710.png	small	256	256	171	2194.880615	0.112092	0.082335	0.007418	0.007304	0.111607	0.000000	31.990259	0.085231	1.012742	851.000000	0.025970	0.002340	0.002100	0.000000	0.016270	0.016950	2.000000	0.100489	4.090333	15.976191	4.312500	0.005952	0.000000	0.000000	0.000000	0.000000	0.000000	0.159128	3.766301	0.555834	0.238626	0.041438	0.563988	0.511277	12.266521	0.002976	0.073106	0.008503	0.000000	43776.000000	10.686841	171.000000	256.000000	131328.000000	0.667969	0.403514	0.029240	0.122807	3.000000	3.768546	4.156791	4.509024	4.659216	4.891610	0.368981	0.583283	0.921688	1.000000	0.067352	0.107891	0.166254	0.241316	7.000000	16.000000	29.000000	74.000000	255.000000	0.015873	0.031746	0.063492	0.095238	0.000000	0.000000	0.000000	0.015873	0.000000	0.000000	0.000000	2.445969	2.818721	3.029733	0.122825	0.188506	0.238626	0.000000	0.015873	21.925848	0.880209
55b4107398d82da21a95a70d42e4acacba21e9f50ed66afbe2fdea9282ed2f1c	photo	CID22-512px	/home/lilith/work/codec-corpus/CID22/CID22-512/training/newplot (1).png	small	64	64	64	85.178986	0.040564	0.020833	0.002277	0.003063	0.593750	0.406250	10.267412	0.014097	0.683314	80.000000	0.019531	0.000550	0.003350	0.000000	0.007210	0.035150	1.000000	0.433208	1.296906	3.531250	2.062500	0.062500	0.000000	0.000000	0.000000	8.000000	1.000000	0.172852	2.495875	1.041831	0.027080	0.014004	0.218750	0.000488	7.109021	0.156250	0.023065	0.004216	0.000000	4096.000000	8.317766	64.000000	64.000000	12288.000000	1.000000	0.000000	0.000000	0.000000	3.000000														1.000000	7.000000	20.000000	65.000000	113.000000									0.000000	0.000000	0.000000									12.521853	0.655713
03414239b746eccc4dd13ecf3b8eb2990a05180c5b4ac47fe8f746b590c60d27	photo	CID22-512px	/home/lilith/work/codec-corpus/CID22/CID22-512/training/2062426.png	medium	256	256	256	2605.268799	0.238800	0.076901	0.010512	0.008141	0.106445	0.004883	29.881636	0.495689	1.045943	1717.000000	0.052399	0.010070	0.015430	1.000000	0.040020	0.057650	6.000000	0.176031	3.816374	25.687500	7.404297	0.005859	0.000000	0.000000	0.000000	0.000000	0.000000	0.269333	3.955599	0.799817	0.214626	0.045468	0.222656	0.365097	29.375721	0.000000	0.121729	0.012401	0.000000	65536.000000	11.090355	256.000000	256.000000	196608.000000	1.000000	0.000000	0.000000	0.000000	3.000000	3.983947	4.495081	5.062251	5.195046	5.396244	0.353822	0.685007	1.000000	1.000000	0.085636	0.145468	0.229580	0.425972	10.000000	29.000000	63.000000	179.000000	255.000000	0.015873	0.047619	0.095238	0.174603	0.000000	0.000000	0.000000	0.015873	0.000000	0.000000	1.000000	1.797613	2.525612	3.042969	0.047049	0.112383	0.214626	0.000000	0.000000	11.400702	0.751772
626f3abacd8a5c33127a4cbb1650e910f6b1d0aab421fd16de4589d5031fa440	mixed	kadid10k-distortion-set	/home/lilith/work/codec-corpus/kadid10k/I44.png	small	256	256	192	2022.332520	0.194580	0.146081	0.009123	0.006906	0.135417	0.014323	49.185120	0.198043	1.029629	1225.000000	0.037384	0.002490	0.001160	0.000000	0.009970	0.004080	1.000000	0.114705	4.212689	23.445312	7.781250	0.000000	0.000000	0.000000	0.000000	0.000000	0.000000	0.092000	3.915981	0.820318	0.180097	0.032446	0.626302	0.260478	20.154030	0.000000	0.110284	0.016328	0.000000	49152.000000	10.802672	192.000000	256.000000	147456.000000	0.750000	0.287682	0.000000	0.000000	3.000000	4.073622	4.490112	4.807371	4.991122	5.207952	0.463258	0.836455	1.000000	1.000000	0.065621	0.135962	0.254009	0.433164	7.000000	18.000000	41.000000	126.000000	255.000000	0.015873	0.047619	0.095238	0.142857	0.000000	0.000000	0.015873	0.031746	0.000000	0.000000	0.000000	1.438345	2.091447	2.758048	0.038151	0.078551	0.180097	0.000000	0.000000	16.337780	0.891633
43c0923f686fe51e247db42ffba45b797f0d73803574a95da58b521d83dd64ea	photo	CID22-512px	/home/lilith/work/codec-corpus/CID22/CID22-512/training/7394483.png	small	64	64	64	1351.931641	0.226505	0.056396	0.012110	0.010602	0.031250	0.000000	23.343224	0.083786	0.936890	475.000000	0.115967	0.009890	0.004930	0.000000	0.051960	0.031990	3.000000	0.115884	3.777110	30.078125	7.984375	0.000000	0.000000	0.000000	0.000000	0.000000	0.000000	0.125244	4.070271	0.634848	0.370029	0.045715	0.531250	0.302246	21.010918	0.000000	0.120040	0.018601	0.000000	4096.000000	8.317766	64.000000	64.000000	12288.000000	1.000000	0.000000	0.000000	0.000000	3.000000														9.000000	28.000000	60.000000	133.000000	255.000000									0.000000	0.000000	0.000000									7.758345	0.860890
3dbae819fbf9623f47e7bd4bf3780373a1a713107ab52e2acd67c4eb92ca87d6	photo	CID22-512px	/home/lilith/work/codec-corpus/CID22/CID22-512/training/5184684.png	medium	256	256	256	2053.651367	0.172426	0.107280	0.008953	0.010246	0.309570	0.018555	42.006889	0.238988	1.175169	1669.000000	0.050934	0.005800	0.007450	1.000000	0.095530	0.119130	24.000000	0.140822	3.914527	19.583008	8.619141	0.000000	0.000000	0.000000	0.000000	0.000000	0.000000	0.020828	3.602748	1.007066	0.081453	0.021585	0.504883	0.287064	18.846809	0.014648	0.086279	0.017098	0.000000	65536.000000	11.090355	256.000000	256.000000	196608.000000	1.000000	0.000000	0.000000	0.000000	3.000000	3.765776	4.483900	4.825219	4.949731	5.101346	0.201054	0.517299	1.000000	1.000000	0.031237	0.092465	0.202249	0.514378	5.000000	18.000000	47.000000	122.000000	255.000000	0.000000	0.015873	0.063492	0.142857	0.000000	0.000000	0.000000	0.015873	0.000000	0.000000	0.000000	1.430357	1.769008	2.109747	0.031944	0.054639	0.081453	0.000000	0.000000	10.683076	0.841084
1fbc6c8d02b88a4107ff7043ff74d0b5f1852c9d3a8cec21da6de569c50b41ed	photo	clic2025-native	/home/lilith/work/codec-corpus/clic2025/training/b51d5fb537246482ef7a7ab63f093cab.png	medium	1024	1024	559	1282.348633	0.009720	0.165129	0.002526	0.003684	0.844656	0.247396	78.811714	0.033105	2.046392	2058.000000	0.062805	0.000320	0.000300	0.000000	0.004470	0.004160	3.000000	0.059162	3.697386	2.379529	3.182065	0.088768	0.000000	0.000000	0.000000	0.000000	0.000000	0.002425	1.857140	1.057156	0.007473	0.000000	0.222826	0.047924	16.261061	0.131341	0.010438	0.005823	0.000000	572416.000000	13.257621	559.000000	1024.000000	1717248.000000	0.545898	0.605322	0.001789	0.030411	3.000000	1.698969	2.585460	3.283468	3.693727	4.743454	0.026446	0.050146	0.142206	0.325485	0.026353	0.056722	0.111407	0.207431	1.000000	2.000000	6.000000	27.000000	255.000000	0.000000	0.000000	0.000000	0.015873	0.000000	0.000000	0.000000	0.000000	0.000000	0.000000	0.000000	0.000000	0.000000	0.467980	0.000000	0.000000	0.007473	0.000000	0.000000	139.712585	0.666322
55b4107398d82da21a95a70d42e4acacba21e9f50ed66afbe2fdea9282ed2f1c	photo	CID22-512px	/home/lilith/work/codec-corpus/CID22/CID22-512/training/newplot (1).png	medium	256	256	256	140.652603	0.051103	0.028558	0.002360	0.003211	0.773438	0.459961	13.294992	0.154496	1.433280	368.000000	0.011230	0.001320	0.006150	1.000000	0.021740	0.113810	28.000000	0.983323	1.141863	2.927734	1.876953	0.701172	0.000000	0.000000	0.000000	0.000000	0.000000	0.174469	1.667172	1.560017	0.000000	0.000000	0.075195	0.007095	22.313250	0.727539	0.026832	0.005255	0.000000	65536.000000	11.090355	256.000000	256.000000	196608.000000	1.000000	0.000000	0.000000	0.000000	3.000000	2.060639	2.471636	4.111661	4.294906	4.648643	0.000000	0.077713	0.116592	0.595574	0.000000	0.015799	0.032338	0.190045	0.000000	2.000000	10.000000	128.000000	255.000000	0.000000	0.000000	0.000000	0.000000	0.000000	0.000000	0.000000	0.000000	0.000000	0.000000	0.000000	0.000000	0.000000	0.000000	0.000000	0.000000	0.000000	0.000000	0.000000	32.212379	0.408390
1c9deabfbe43dfff391123ea0f008ab08d75e19da4a0dad59af521ccce2a1beb	screenshot	gb82-screens	/home/lilith/work/codec-corpus/gb82-sc/terminal.png	medium	1024	1024	661	1642.496094	0.089561	0.036862	0.000800	0.001714	0.748571	0.721608	13.818880	1.838736	1.243082	547.000000	0.016693	0.000870	0.000730	3.000000	0.008620	0.009930	5.000000	0.322712	1.765774	17.200953	1.530476	0.751429	0.000000	0.000000	0.000000	0.000000	0.000000	0.336394	1.293638	2.100702	0.000000	0.000000	0.042857	0.002220	48.165810	0.753333	0.069342	0.003477	0.000000	676864.000000	13.425225	661.000000	1024.000000	2030592.000000	0.645508	0.437718	0.004539	0.016641	3.000000	0.000000	3.002140	5.104256	5.198712	5.499063	0.000000	0.000000	0.189025	1.000000	0.000000	0.000000	0.007262	0.115168	0.000000	0.000000	30.000000	233.000000	255.000000	0.000000	0.000000	0.000000	0.015873	0.000000	0.000000	0.000000	0.000000	0.000000	0.000000	0.000000	0.000000	0.000000	0.000000	0.000000	0.000000	0.000000	0.000000	0.000000	16.006330	0.214028
242ad398f86782161b09811f0bcc69e8752a99773ba772bb55d7f40634329f0b	photo	clic2025-1024px-resized	/home/lilith/work/codec-corpus/clic2025-1024/8bb119b8ca17492392e1e3ea4b811b32.png	large	1024	1024	1024	2955.104980	0.034246	0.067966	0.002971	0.003126	0.486694	0.184814	35.180511	0.186858	1.721298	1130.000000	0.034485	0.000350	0.000580	0.000000	0.002170	0.004060	0.000000	0.173931	4.216935	5.231445	1.352539	0.008789	0.000000	0.000000	0.000000	0.000000	0.000000	0.162477	2.878987	0.988834	0.023811	0.000000	0.147461	0.755642	10.589934	0.009766	0.035854	0.002170	0.000000	1048576.000000	13.862944	1024.000000	1024.000000	3145728.000000	1.000000	0.000000	0.000000	0.000000	3.000000	3.120486	3.465306	3.898657	4.137951	4.623063	0.137229	0.253305	0.391881	0.650091	0.036996	0.063399	0.093926	0.136649	4.000000	11.000000	19.000000	49.000000	255.000000	0.000000	0.000000	0.031746	0.047619	0.000000	0.000000	0.000000	0.000000	0.000000	0.000000	0.000000	0.297622	1.031409	1.203695	0.003403	0.017861	0.023811	0.000000	0.000000	33.355766	0.704312
43c0923f686fe51e247db42ffba45b797f0d73803574a95da58b521d83dd64ea	photo	CID22-512px	/home/lilith/work/codec-corpus/CID22/CID22-512/training/7394483.png	medium	256	256	256	1474.558716	0.129473	0.059386	0.006441	0.007747	0.404297	0.029297	24.421413	0.186913	1.301046	992.000000	0.030273	0.003280	0.002240	0.000000	0.058990	0.024440	6.000000	0.191032	3.817020	13.432617	4.476562	0.000000	0.000000	0.000000	0.000000	0.000000	0.000000	0.112625	3.292887	0.964791	0.069238	0.012617	0.573242	0.300247	18.843512	0.031250	0.067538	0.009022	0.000000	65536.000000	11.090355	256.000000	256.000000	196608.000000	1.000000	0.000000	0.000000	0.000000	3.000000	3.349542	4.094890	4.606634	4.828372	5.076973	0.133089	0.366644	0.759994	1.000000	0.025567	0.062757	0.166964	0.321450	3.000000	10.000000	36.000000	116.000000	255.000000	0.000000	0.015873	0.031746	0.111111	0.000000	0.000000	0.000000	0.015873	0.000000	0.000000	0.000000	1.443018	1.755875	1.929419	0.035308	0.055012	0.069238	0.000000	0.000000	14.673067	0.867819
0641a95c9d3641b791a2262a97895da215a523b5a0b8cb4f5634da5e573dbcd5	photo	CID22-512px	/home/lilith/work/codec-corpus/CID22/CID22-512/training/1661950.png	small	64	64	64	3177.774658	0.455278	0.102022	0.026425	0.020722	0.109375	0.000000	45.748852	0.204982	0.747758	944.000000	0.230469	0.039380	0.037280	1.000000	0.172810	0.181910	5.000000	0.318634	4.233214	30.640625	14.421875	0.000000	0.000000	0.000000	0.000000	0.000000	0.000000	0.057373	4.184637	0.715285	0.247127	0.104336	0.203125	0.241211	20.822462	0.000000	0.176835	0.030506	0.000000	4096.000000	8.317766	64.000000	64.000000	12288.000000	1.000000	0.000000	0.000000	0.000000	3.000000														22.000000	54.000000	93.000000	185.000000	255.000000									0.000000	1.000000	2.000000									3.750265	0.702159
444f230715928f9f489bd93df07b4a224ca0552568b7c066b3c4e8039ec6bcee	photo	CID22-512px	/home/lilith/work/codec-corpus/CID22/CID22-512/training/Temperament-pie-chart-according-to-Eysenck.png	small	64	64	64	4721.494629	0.436634	0.194411	0.026381	0.021921	0.046875	0.046875	81.825783	0.391955	0.784212	556.000000	0.135742	0.060580	0.081580	2.000000	0.228590	0.519550	17.000000	0.182767	3.874467	72.531250	37.171875	0.046875	0.000000	0.000000	0.000000	0.000000	0.000000	0.394775	4.618777	1.113292	0.767285	0.033915	0.296875	0.256348	37.162090	0.046875	0.235615	0.059524	0.000000	4096.000000	8.317766	64.000000	64.000000	12288.000000	1.000000	0.000000	0.000000	0.000000	3.000000														29.000000	82.000000	136.000000	221.000000	255.000000									0.000000	0.000000	0.000000									0.811604	0.716280
25af4760cd403b050a6c4c046e1bf254b0e58361037b13d1961090ee2fd309fe	photo	CID22-512px	/home/lilith/work/codec-corpus/CID22/CID22-512/training/3623285.png	small	64	64	64	2491.469482	0.231544	0.180368	0.013427	0.010739	0.296875	0.000000	67.446068	0.120373	0.839280	292.000000	0.071289	0.029000	0.015270	1.000000	0.115400	0.068210	6.000000	0.209456	3.828880	25.671875	8.078125	0.000000	0.000000	0.000000	0.000000	0.000000	0.000000	0.016357	3.744877	1.055344	0.102859	0.044970	0.375000	0.255859	25.770798	0.000000	0.111111	0.014881	0.000000	4096.000000	8.317766	64.000000	64.000000	12288.000000	1.000000	0.000000	0.000000	0.000000	3.000000														10.000000	32.000000	64.000000	167.000000	255.000000									0.000000	0.000000	0.000000									11.862044	0.832080
25765b75502ddaac4fe81890b19f5e3f721885f03aea884600bb9ee14232f7f9	photo	clic2025-native	/home/lilith/work/codec-corpus/clic2025/final-test/02809272b4ca9b08af45771501b741296187c7e26907efb44abbbfcb6cd804f7.png	small	256	170	256	3830.167725	0.576076	0.090563	0.023074	0.016497	0.004464	0.001488	33.222569	1.326408	0.672117	2668.000000	0.081421	0.035150	0.042050	2.000000	0.126700	0.144070	18.000000	0.445025	4.564900	46.431549	12.114583	0.000000	0.000000	0.000000	0.000000	0.000000	0.000000	0.103355	4.551660	0.487428	0.498755	0.073758	0.062500	0.331296	25.555761	0.000000	0.248512	0.026172	0.000000	43520.000000	10.680976	170.000000	256.000000	130560.000000	0.664062	0.409379	0.035294	0.129412	3.000000	4.716812	4.907446	5.013485	5.061704	5.183731	0.920713	1.000000	1.000000	1.000000	0.131519	0.212346	0.350761	0.489301	37.000000	80.000000	135.000000	252.000000	255.000000	0.079365	0.158730	0.253968	0.333333	0.000000	0.000000	0.015873	0.047619	0.000000	1.000000	4.000000	3.299494	3.574581	3.814912	0.247261	0.353379	0.498755	0.015873	0.047619	1.868623	0.674318
245f6563c03d0d2728d679c5195b80e7d1ccdff3ee118648e910a42cadec7525	photo	CID22-512px	/home/lilith/work/codec-corpus/CID22/CID22-512/validation/1189261.png	small	64	64	64	2631.887939	0.475435	0.210116	0.045043	0.029526	0.093750	0.000000	94.791771	0.249273	0.648695	1559.000000	0.380615	0.116870	0.195120	8.000000	0.403860	0.284120	18.000000	0.189627	4.286975	50.390625	51.859375	0.000000	0.000000	0.000000	0.000000	0.000000	0.000000	0.010742	4.481408	0.798279	0.344177	0.111644	0.234375	0.439697	27.444687	0.000000	0.222222	0.070437	0.000000	4096.000000	8.317766	64.000000	64.000000	12288.000000	1.000000	0.000000	0.000000	0.000000	3.000000														23.000000	62.000000	104.000000	198.000000	255.000000									0.000000	0.000000	1.000000									3.314824	0.828786
636340df96281e069100277e7f0e311d447a6afc27d7e9279702973f83e4a2ee	photo	clic2025-1024px-resized	/home/lilith/work/codec-corpus/clic2025-1024/e0d8e29cadfc99663c7d1a4a5afe20c454ec54d0d873776ec397c59405c74790.png	small	64	64	64	4434.574219	0.162509	0.058825	0.007513	0.007145	0.265625	0.015625	24.362314	0.082008	0.851464	306.000000	0.074707	0.005280	0.003180	0.000000	0.036090	0.024120	2.000000	0.098328	3.759088	28.593750	5.078125	0.000000	0.000000	0.000000	0.000000	0.000000	0.000000	0.351074	3.719900	1.101393	0.076337	0.008249	0.484375	0.188477	27.337921	0.000000	0.105903	0.011905	0.000000	4096.000000	8.317766	64.000000	64.000000	12288.000000	1.000000	0.000000	0.000000	0.000000	3.000000														4.000000	15.000000	49.000000	153.000000	255.000000									0.000000	0.000000	0.000000									11.704911	0.864863
5805ed68a5db1b43837b2ded3d00929474876a685cf227891a3337d3b02c3532	photo	clic2025-1024px-resized	/home/lilith/work/codec-corpus/clic2025-1024/a365e6541bab5c0f4e01bf43a0c3a655d88292a8ac45403a889c308d11854555.png	medium	256	256	256	5667.530762	0.422222	0.104115	0.021359	0.015621	0.079102	0.014648	35.378227	1.202680	0.905119	2364.000000	0.072144	0.028310	0.021400	9.000000	0.099310	0.074640	28.000000	0.220599	4.696421	49.542969	11.452148	0.012695	0.000000	0.000000	0.000000	0.000000	0.000000	0.047958	4.364650	0.931428	0.212293	0.047449	0.150391	0.242630	32.135925	0.010742	0.199374	0.025685	0.000000	65536.000000	11.090355	256.000000	256.000000	196608.000000	1.000000	0.000000	0.000000	0.000000	3.000000	4.609641	5.015858	5.234632	5.330179	5.496590	0.583143	1.000000	1.000000	1.000000	0.101567	0.205211	0.335008	0.520753	24.000000	60.000000	116.000000	234.000000	255.000000	0.015873	0.095238	0.206349	0.285714	0.000000	0.000000	0.015873	0.031746	0.000000	0.000000	1.000000	0.297623	2.838289	3.186952	0.005629	0.139310	0.212293	0.000000	0.000000	3.300570	0.702852
25af4760cd403b050a6c4c046e1bf254b0e58361037b13d1961090ee2fd309fe	photo	CID22-512px	/home/lilith/work/codec-corpus/CID22/CID22-512/training/3623285.png	medium	256	256	256	2686.879395	0.159293	0.182099	0.007650	0.006259	0.372070	0.130859	68.023659	0.315736	1.256568	1114.000000	0.033997	0.009920	0.005420	2.000000	0.045920	0.026110	12.000000	0.207507	3.878322	17.101562	4.558594	0.001953	0.000000	0.000000	0.000000	0.000000	0.000000	0.027435	3.107047	1.381033	0.026583	0.024147	0.137695	0.249634	26.465666	0.007812	0.078559	0.007812	0.000000	65536.000000	11.090355	256.000000	256.000000	196608.000000	1.000000	0.000000	0.000000	0.000000	3.000000	3.446838	4.282171	4.735541	4.995486	5.336364	0.036041	0.352369	0.938471	1.000000	0.030349	0.048267	0.099914	0.260234	5.000000	19.000000	48.000000	140.000000	255.000000	0.000000	0.000000	0.047619	0.126984	0.000000	0.000000	0.000000	0.000000	0.000000	0.000000	0.000000	0.895388	1.144184	1.220352	0.014830	0.023356	0.026583	0.000000	0.000000	17.732653	0.731086
444f230715928f9f489bd93df07b4a224ca0552568b7c066b3c4e8039ec6bcee	photo	CID22-512px	/home/lilith/work/codec-corpus/CID22/CID22-512/training/Temperament-pie-chart-according-to-Eysenck.png	medium	256	256	256	5425.220703	0.206044	0.201399	0.012631	0.012435	0.426758	0.354492	84.188255	1.353574	1.047661	1478.000000	0.045105	0.035920	0.032930	7.000000	0.247750	0.226850	45.000000	0.276604	3.619809	42.988281	18.165039	0.382812	0.000000	0.000000	0.000000	0.000000	0.000000	0.421799	2.941521	2.236985	0.000000	0.000000	0.118164	0.230728	43.863953	0.375977	0.151073	0.028382	0.000000	65536.000000	11.090355	256.000000	256.000000	196608.000000	1.000000	0.000000	0.000000	0.000000	3.000000	4.099335	4.992880	5.232450	5.337334	5.515578	0.000000	0.680492	1.000000	1.000000	0.000000	0.064958	0.518900	0.897269	0.000000	21.000000	114.000000	255.000000	255.000000	0.000000	0.000000	0.111111	0.269841	0.000000	0.000000	0.000000	0.047619	0.000000	0.000000	0.000000	0.000000	0.000000	0.000000	0.000000	0.000000	0.000000	0.000000	0.000000	5.105522	0.474082
245f6563c03d0d2728d679c5195b80e7d1ccdff3ee118648e910a42cadec7525	photo	CID22-512px	/home/lilith/work/codec-corpus/CID22/CID22-512/validation/1189261.png	medium	256	256	256	3009.262695	0.271572	0.221260	0.024782	0.015204	0.245117	0.000000	98.093147	0.500126	1.042178	4857.000000	0.148224	0.045090	0.121820	16.000000	0.147320	0.152400	42.000000	0.146225	4.331499	32.708984	29.631836	0.000000	0.000000	0.000000	0.000000	0.000000	0.000000	0.016495	3.910231	1.059384	0.090182	0.054673	0.395508	0.405106	25.829845	0.003906	0.123744	0.044565	0.000000	65536.000000	11.090355	256.000000	256.000000	196608.000000	1.000000	0.000000	0.000000	0.000000	3.000000	4.217399	4.810050	5.081567	5.194241	5.364366	0.243846	0.904178	1.000000	1.000000	0.092814	0.343508	0.676908	1.000000	9.000000	31.000000	71.000000	168.000000	255.000000	0.000000	0.031746	0.111111	0.190476	0.000000	0.000000	0.031746	0.063492	0.000000	0.000000	0.000000	1.769008	1.985650	2.184513	0.050816	0.066982	0.090182	0.000000	0.000000	8.002304	0.817740
1617c01d1279e23c298d99665949c0ddd5b111e71dbff01a1dd524b9dc46e702	screenshot	gb82-screens	/home/lilith/work/codec-corpus/gb82-sc/gmessages.png	tiny	64	30	64	415.478424	0.236453	0.015777	0.001771	0.000986	0.291667	0.125000	9.127686	0.058720	0.782690	76.000000	0.039583	0.001160	0.001990	0.000000	0.002850	0.004430	0.000000	0.296482	2.503480	18.875000	0.916667	0.125000	0.000000	0.000000	0.000000	8.000000	1.000000	0.002604	3.467421	1.449707	0.000000	0.000000	0.083333	0.000000	17.922997	0.125000	0.096561	0.001984	0.000000	1920.000000	7.560081	30.000000	64.000000	5760.000000	0.468750	0.757686	0.066667	0.066667	3.000000														6.000000	23.000000	54.000000	150.000000	255.000000									0.000000	0.000000	0.000000									14.512910	0.649024
0641a95c9d3641b791a2262a97895da215a523b5a0b8cb4f5634da5e573dbcd5	photo	CID22-512px	/home/lilith/work/codec-corpus/CID22/CID22-512/training/1661950.png	medium	256	256	256	3458.559326	0.276678	0.111281	0.021114	0.018005	0.214844	0.000977	49.029469	0.431296	1.058857	2836.000000	0.086548	0.032800	0.021160	2.000000	0.160220	0.125920	17.000000	0.229953	4.230377	23.309570	12.858398	0.000000	0.000000	0.000000	0.000000	0.000000	0.000000	0.073181	3.827004	0.953417	0.103252	0.050377	0.545898	0.273056	20.463278	0.004883	0.127806	0.030924	0.000000	65536.000000	11.090355	256.000000	256.000000	196608.000000	1.000000	0.000000	0.000000	0.000000	3.000000	4.101678	4.589771	4.835348	4.932589	5.214327	0.307072	0.829011	1.000000	1.000000	0.084811	0.213948	0.405513	0.557200	6.000000	25.000000	61.000000	170.000000	255.000000	0.000000	0.031746	0.111111	0.206349	0.000000	0.000000	0.031746	0.047619	0.000000	0.000000	0.000000	1.501530	1.944481	2.261115	0.038435	0.069438	0.103252	0.000000	0.000000	10.273191	0.844430
453419a2c080f7874bcca6eac7fc141b7398f74663b7c215cc6c7efe2f670083	photo	CID22-512px	/home/lilith/work/codec-corpus/CID22/CID22-512/training/2020432.png	small	64	64	64	2525.426270	0.042328	0.134079	0.007714	0.007609	0.125000	0.000000	55.863846	0.016146	0.894013	702.000000	0.171387	0.002820	0.001330	0.000000	0.018820	0.020410	2.000000	0.072017	4.256064	16.906250	10.203125	0.000000	0.000000	0.000000	0.000000	0.000000	0.000000	0.000488	3.729202	0.513314	0.245821	0.066505	0.843750	0.185791	22.067533	0.000000	0.057788	0.019841	0.000000	4096.000000	8.317766	64.000000	64.000000	12288.000000	1.000000	0.000000	0.000000	0.000000	3.000000														3.000000	7.000000	14.000000	61.000000	255.000000									0.000000	0.000000	0.000000									96.821938	0.942191
453419a2c080f7874bcca6eac7fc141b7398f74663b7c215cc6c7efe2f670083	photo	CID22-512px	/home/lilith/work/codec-corpus/CID22/CID22-512/training/2020432.png	medium	256	256	256	2540.698242	0.012364	0.134492	0.003797	0.004059	0.784180	0.002930	56.015690	0.020496	2.027504	1158.000000	0.035339	0.001780	0.001090	1.000000	0.012450	0.008570	7.000000	0.103102	4.281826	3.983398	2.318359	0.003906	0.000000	0.000000	0.000000	0.000000	0.000000	0.001602	2.728479	0.596866	0.073932	0.025649	0.613281	0.184631	18.579229	0.005859	0.021903	0.004325	0.000000	65536.000000	11.090355	256.000000	256.000000	196608.000000	1.000000	0.000000	0.000000	0.000000	3.000000	2.693713	3.026942	3.446032	3.760328	4.600658	0.112890	0.170247	0.251399	0.406844	0.036487	0.057639	0.094096	0.137718	2.000000	3.000000	7.000000	38.000000	218.000000	0.000000	0.000000	0.015873	0.031746	0.000000	0.000000	0.000000	0.000000	0.000000	0.000000	0.000000	1.515208	1.846550	2.011187	0.038378	0.059651	0.073932	0.000000	0.000000	125.807198	0.886660
636340df96281e069100277e7f0e311d447a6afc27d7e9279702973f83e4a2ee	photo	clic2025-1024px-resized	/home/lilith/work/codec-corpus/clic2025-1024/e0d8e29cadfc99663c7d1a4a5afe20c454ec54d0d873776ec397c59405c74790.png	medium	256	256	256	4489.425293	0.069296	0.059864	0.004120	0.003531	0.620117	0.235352	24.714867	0.092460	1.351763	682.000000	0.020813	0.001360	0.001000	0.000000	0.008390	0.006710	3.000000	0.096831	3.820878	9.666992	2.188477	0.003906	0.000000	0.000000	0.000000	0.000000	0.000000	0.349594	2.720708	1.194262	0.023490	0.007583	0.278320	0.188080	20.054300	0.010742	0.039125	0.004263	0.000000	65536.000000	11.090355	256.000000	256.000000	196608.000000	1.000000	0.000000	0.000000	0.000000	3.000000	2.693933	3.542045	4.525025	4.865829	5.165469	0.038097	0.158506	0.385980	1.000000	0.014976	0.025794	0.058596	0.167341	2.000000	8.000000	24.000000	85.000000	217.000000	0.000000	0.000000	0.015873	0.047619	0.000000	0.000000	0.000000	0.000000	0.000000	0.000000	0.000000	0.748914	1.096367	1.210436	0.011935	0.019406	0.023490	0.000000	0.000000	21.524311	0.715353
455d5217d3587c60d885bc45142b1ce1cb4982b099227664f853eb1179fd588a	photo	CID22-512px	/home/lilith/work/codec-corpus/CID22/CID22-512/training/1943411.png	small	64	64	64	2581.689209	0.325271	0.189854	0.032376	0.032383	0.125000	0.000000	84.951187	0.187587	0.759491	1210.000000	0.295410	0.076090	0.088030	3.000000	0.531440	0.693480	47.000000	0.172295	3.851676	37.187500	51.187500	0.000000	0.000000	0.000000	0.000000	0.000000	0.000000	0.000977	4.132792	0.985656	0.211043	0.157391	0.343750	0.004883	27.637394	0.000000	0.163442	0.062252	0.000000	4096.000000	8.317766	64.000000	64.000000	12288.000000	1.000000	0.000000	0.000000	0.000000	3.000000														8.000000	41.000000	91.000000	194.000000	255.000000									0.000000	0.000000	0.000000									5.098752	0.837368
064ca9083dbfd1b77147e03e38484ce5328bb65427be1d2412c7ba9e8d5ad32c	photo	CID22-512px	/home/lilith/work/codec-corpus/CID22/CID22-512/training/1454804.png	small	64	64	64	1170.283081	0.194004	0.019072	0.004287	0.002591	0.062500	0.000000	10.807630	0.049759	0.923156	188.000000	0.045898	0.001200	0.000890	0.000000	0.002620	0.002260	0.000000	0.094856	3.839827	21.406250	1.125000	0.000000	0.000000	0.000000	0.000000	8.000000	1.000000	0.021729	4.029516	0.597381	0.280678	0.022283	0.562500	0.000000	18.060863	0.000000	0.105903	0.002480	0.000000	4096.000000	8.317766	64.000000	64.000000	12288.000000	1.000000	0.000000	0.000000	0.000000	3.000000														7.000000	21.000000	44.000000	103.000000	255.000000									0.000000	0.000000	0.000000									12.300632	0.887660
0361106edaa80377dd9892831f6aa0c75dd35a9ee7f5d3ebaaa3fc0dc8f5b56d	photo	clic2025-native	/home/lilith/work/codec-corpus/clic2025/final-test/86127fbdb368eb28c3039cf61aff1c4cfdc4ade24070c8f2389968d5ead681e1.png	tiny	64	64	31	1117.643066	0.550265	0.023935	0.012403	0.006647	0.000000	0.000000	7.750798	0.223206	0.552349	188.000000	0.094758	0.008770	0.007530	0.000000	0.016510	0.018030	1.000000	0.644468	3.676392	26.708334	1.500000	0.000000	0.000000	0.000000	0.000000	8.000000	1.000000	0.520665	4.420299	0.260918	0.582109	0.034744	0.000000	0.014323	22.491714	0.000000	0.232143	0.001984	0.000000	1984.000000	7.592870	31.000000	64.000000	5952.000000	0.484375	0.724896	0.032258	0.032258	3.000000														37.000000	68.000000	106.000000	221.000000	255.000000									0.000000	3.000000	6.000000									3.782724	0.564580
0da74d8b94ff3c89f3578296ea87305ce1623d890f0c5cb8e54b907428675f15	photo	clic2025-native	/home/lilith/work/codec-corpus/clic2025/training/8bb119b8ca17492392e1e3ea4b811b32.png	tiny	64	43	64	2821.881836	0.348450	0.063180	0.008962	0.010747	0.000000	0.000000	32.891197	0.074324	0.574914	407.000000	0.147892	0.003690	0.002920	0.000000	0.046470	0.026030	3.000000	0.094869	4.304501	35.025002	8.125000	0.000000	0.000000	0.000000	0.000000	0.000000	0.000000	0.132631	4.415802	0.446189	0.679189	0.093087	0.650000	0.746730	17.741980	0.000000	0.150794	0.017857	0.000000	2752.000000	7.920083	43.000000	64.000000	8256.000000	0.671875	0.397683	0.116279	0.488372	3.000000														12.000000	32.000000	62.000000	123.000000	255.000000									0.000000	0.000000	1.000000									8.534529	0.890511
455d5217d3587c60d885bc45142b1ce1cb4982b099227664f853eb1179fd588a	photo	CID22-512px	/home/lilith/work/codec-corpus/CID22/CID22-512/training/1943411.png	medium	256	256	256	2873.401123	0.204398	0.203102	0.028529	0.024444	0.425781	0.000000	89.495346	0.507987	1.168428	4851.000000	0.148041	0.065230	0.072450	6.000000	0.418860	0.545710	79.000000	0.260675	3.834899	21.265625	27.502930	0.001953	0.000000	0.000000	0.000000	0.000000	0.000000	0.006165	3.410448	1.192583	0.042285	0.047872	0.242188	0.002808	28.108770	0.003906	0.103299	0.045139	0.000000	65536.000000	11.090355	256.000000	256.000000	196608.000000	1.000000	0.000000	0.000000	0.000000	3.000000	3.479051	4.493589	4.908439	5.074983	5.358078	0.103623	0.373229	1.000000	1.000000	0.078507	0.224834	0.613001	1.000000	4.000000	21.000000	65.000000	189.000000	255.000000	0.000000	0.000000	0.047619	0.190476	0.000000	0.000000	0.031746	0.063492	0.000000	0.000000	0.000000	1.360545	1.540760	1.711675	0.020637	0.030885	0.042285	0.000000	0.000000	10.472452	0.722773
32be6616b7e3e301b8c237f76ef1d97feda01815384ff39f13469ecd54044245	photo	clic2025-native	/home/lilith/work/codec-corpus/clic2025/final-test/e0d8e29cadfc99663c7d1a4a5afe20c454ec54d0d873776ec397c59405c74790.png	tiny	64	43	64	4991.032715	0.190854	0.050915	0.007756	0.007283	0.225000	0.000000	20.789673	0.088637	0.743422	236.000000	0.085756	0.007680	0.003060	0.000000	0.048860	0.024680	3.000000	0.075489	3.963565	43.849998	5.575000	0.000000	0.000000	0.000000	0.000000	8.000000	1.000000	0.349927	4.074000	1.084598	0.118468	0.014590	0.525000	0.160610	27.039011	0.000000	0.137302	0.011508	0.000000	2752.000000	7.920083	43.000000	64.000000	8256.000000	0.671875	0.397683	0.116279	0.488372	3.000000														6.000000	20.000000	67.000000	164.000000	255.000000									0.000000	0.000000	0.000000									9.002573	0.854782
25b4bc7c5557aa82806c36c018043a98baba9270bfdf4be1bd2fdd483e11a895	photo	clic2025-1024px-resized	/home/lilith/work/codec-corpus/clic2025-1024/2397c73f8feeb8f630fe055da5551c671794afae80528e8612dc62fc0cf61294.png	small	64	64	64	4977.907715	0.414462	0.094521	0.017123	0.026040	0.203125	0.000000	40.483517	0.185688	0.759379	679.000000	0.165771	0.027410	0.020400	1.000000	0.382490	0.285320	15.000000	0.256579	4.074416	34.312500	19.578125	0.000000	0.000000	0.000000	0.000000	0.000000	0.000000	0.003906	4.084635	0.954749	0.102588	0.008462	0.187500	0.582031	20.901525	0.000000	0.174355	0.033730	0.000000	4096.000000	8.317766	64.000000	64.000000	12288.000000	1.000000	0.000000	0.000000	0.000000	3.000000														19.000000	51.000000	91.000000	174.000000	255.000000									0.000000	0.000000	1.000000									3.282864	0.784202
44576e15457e325fe8c68048806a698e4b3e348338d16c1ba837dcbf860ada6a	photo	clic2025-1024px-resized	/home/lilith/work/codec-corpus/clic2025-1024/eda6d42794b0d0140628fa90fc0c14a7ba88159b8474d0077027c32ee2ddf6f0.png	small	64	64	64	3468.598877	0.626858	0.093212	0.026084	0.024885	0.000000	0.000000	41.141376	0.372611	0.591776	947.000000	0.231201	0.041580	0.044080	3.000000	0.272570	0.299820	21.000000	0.232293	4.408225	59.515625	20.312500	0.000000	0.000000	0.000000	0.000000	0.000000	0.000000	0.013428	4.822600	0.287334	1.000000	0.139365	0.171875	0.507324	26.382757	0.000000	0.269097	0.040179	0.000000	4096.000000	8.317766	64.000000	64.000000	12288.000000	1.000000	0.000000	0.000000	0.000000	3.000000														38.000000	80.000000	130.000000	225.000000	255.000000									0.000000	1.000000	4.000000									1.575105	0.770983
636340df96281e069100277e7f0e311d447a6afc27d7e9279702973f83e4a2ee	photo	clic2025-1024px-resized	/home/lilith/work/codec-corpus/clic2025-1024/e0d8e29cadfc99663c7d1a4a5afe20c454ec54d0d873776ec397c59405c74790.png	large	1024	1024	1024	4534.549805	0.070444	0.059871	0.002320	0.001915	0.705688	0.208130	24.682625	0.432579	1.745251	1213.000000	0.037018	0.000320	0.000290	0.000000	0.001610	0.001380	0.000000	0.334494	3.834974	4.674805	0.510742	0.002930	0.000000	0.000000	0.000000	0.000000	0.000000	0.341197	2.494084	1.067448	0.023122	0.000000	0.099609	0.189774	15.597622	0.008789	0.034164	0.000977	0.000000	1048576.000000	13.862944	1024.000000	1024.000000	3145728.000000	1.000000	0.000000	0.000000	0.000000	3.000000	2.247014	3.349590	4.093702	4.366549	4.842755	0.031551	0.090311	0.317427	0.693401	0.013820	0.028763	0.050056	0.069005	2.000000	7.000000	22.000000	95.000000	255.000000	0.000000	0.000000	0.000000	0.047619	0.000000	0.000000	0.000000	0.000000	0.000000	0.000000	0.000000	0.859401	1.277323	1.388889	0.010738	0.019025	0.023122	0.000000	0.000000	33.451176	0.585807
064ca9083dbfd1b77147e03e38484ce5328bb65427be1d2412c7ba9e8d5ad32c	photo	CID22-512px	/home/lilith/work/codec-corpus/CID22/CID22-512/training/1454804.png	medium	256	256	256	1244.046021	0.073218	0.019765	0.002651	0.001845	0.520508	0.069336	11.029857	0.086190	1.443634	285.000000	0.008698	0.000560	0.000550	0.000000	0.001710	0.001600	0.000000	0.113614	3.818977	9.637695	0.480469	0.001953	0.000000	0.000000	0.000000	0.000000	0.000000	0.026154	3.052320	0.972262	0.055372	0.006218	0.558594	0.000000	19.346989	0.081055	0.044767	0.000713	0.000000	65536.000000	11.090355	256.000000	256.000000	196608.000000	1.000000	0.000000	0.000000	0.000000	3.000000	3.026916	3.820750	4.385462	4.601413	5.036037	0.112031	0.233248	0.597682	1.000000	0.013633	0.023655	0.048464	0.089451	2.000000	7.000000	23.000000	80.000000	255.000000	0.000000	0.000000	0.015873	0.063492	0.000000	0.000000	0.000000	0.000000	0.000000	0.000000	0.000000	1.031408	1.496366	1.770391	0.018320	0.040118	0.055372	0.000000	0.000000	30.749739	0.860943
464e9852a5109144a2437b0fe51a8ce27fc35558443a3603989bb1eeb42699b8	photo	gb82-photos	/home/lilith/work/codec-corpus/gb82/sand-lossless.png	small	64	64	64	798.391541	0.404132	0.054691	0.020376	0.012474	0.000000	0.000000	24.039476	0.186329	0.624490	264.000000	0.064453	0.022550	0.028810	1.000000	0.052670	0.069530	2.000000	0.396980	3.606223	24.359375	7.765625	0.000000	0.000000	0.000000	0.000000	0.000000	0.000000	0.047852	4.210189	0.449603	0.334328	0.082410	0.062500	0.734131	19.352465	0.000000	0.154018	0.018849	0.000000	4096.000000	8.317766	64.000000	64.000000	12288.000000	1.000000	0.000000	0.000000	0.000000	3.000000														24.000000	50.000000	85.000000	179.000000	255.000000									0.000000	2.000000	4.000000									6.187311	0.657111
2c3bee67c5454f971564178f15bf81150306bfc6c664c41e94b41702e0cd816e	photo	clic2025-native	/home/lilith/work/codec-corpus/clic2025/training/28d24b9c83de066597ff96a68769884f.png	tiny	64	64	42	3820.451416	0.191667	0.165420	0.016935	0.007930	0.275000	0.000000	73.352798	0.085851	0.866937	300.000000	0.111607	0.024990	0.015070	1.000000	0.035590	0.030520	2.000000	0.139010	4.016180	27.600000	15.375000	0.000000	0.000000	0.000000	0.000000	0.000000	0.000000	0.233631	3.788462	1.135908	0.081965	0.020265	0.475000	0.391797	33.073635	0.100000	0.123810	0.031349	0.000000	2688.000000	7.896553	42.000000	64.000000	8064.000000	0.656250	0.421213	0.142857	0.523810	3.000000														3.000000	22.000000	60.000000	171.000000	243.000000									0.000000	0.000000	0.000000									9.457265	0.831701
25b4bc7c5557aa82806c36c018043a98baba9270bfdf4be1bd2fdd483e11a895	photo	clic2025-1024px-resized	/home/lilith/work/codec-corpus/clic2025-1024/2397c73f8feeb8f630fe055da5551c671794afae80528e8612dc62fc0cf61294.png	medium	256	256	256	5318.471680	0.323891	0.104261	0.012820	0.019562	0.318359	0.178711	44.009212	0.661334	0.914153	1524.000000	0.046509	0.015370	0.014860	1.000000	0.232350	0.222860	16.000000	0.314279	4.109535	24.214844	14.881836	0.035156	0.000000	0.000000	0.000000	0.000000	0.000000	0.006104	3.511964	1.442832	0.027946	0.000000	0.089844	0.550293	21.958849	0.097656	0.140423	0.028956	0.000000	65536.000000	11.090355	256.000000	256.000000	196608.000000	1.000000	0.000000	0.000000	0.000000	3.000000	4.157576	4.645126	4.871603	4.990839	5.195631	0.096379	0.800996	1.000000	1.000000	0.020812	0.158766	0.532595	0.834791	9.000000	41.000000	86.000000	186.000000	255.000000	0.000000	0.000000	0.142857	0.238095	0.000000	0.000000	0.015873	0.063492	0.000000	0.000000	0.000000	0.000000	0.881349	1.188583	0.000000	0.017065	0.027946	0.000000	0.000000	5.090742	0.677473
5805ed68a5db1b43837b2ded3d00929474876a685cf227891a3337d3b02c3532	photo	clic2025-1024px-resized	/home/lilith/work/codec-corpus/clic2025-1024/a365e6541bab5c0f4e01bf43a0c3a655d88292a8ac45403a889c308d11854555.png	large	1024	1024	1024	6304.059082	0.372027	0.108981	0.015095	0.011392	0.158691	0.035034	36.887939	4.901817	1.038301	5259.000000	0.160492	0.012640	0.013860	2.000000	0.040890	0.046230	12.000000	0.375978	4.680398	34.516602	7.339844	0.051758	0.000000	0.000000	0.000000	0.000000	0.000000	0.041840	3.809177	1.378811	0.038349	0.035600	0.112305	0.228565	35.687935	0.054688	0.162512	0.015206	0.000000	1048576.000000	13.862944	1024.000000	1024.000000	3145728.000000	1.000000	0.000000	0.000000	0.000000	3.000000	4.170851	4.730208	5.202141	5.324093	5.453476	0.306315	0.751840	1.000000	1.000000	0.068233	0.127690	0.265937	0.404190	18.000000	50.000000	105.000000	255.000000	255.000000	0.000000	0.031746	0.142857	0.253968	0.000000	0.000000	0.000000	0.031746	0.000000	0.000000	1.000000	0.000000	0.000000	1.669782	0.000000	0.000000	0.038349	0.000000	0.000000	5.096817	0.608248
636f149a620c73a0dac0496523ebeda24578c1d63140136f7630fda208090258	photo	CID22-512px	/home/lilith/work/codec-corpus/CID22/CID22-512/training/167491.png	small	64	64	64	2228.838623	0.533888	0.167567	0.047297	0.035151	0.000000	0.000000	69.910721	0.271468	0.645895	1062.000000	0.259277	0.112860	0.126340	7.000000	0.377620	0.307250	10.000000	0.316983	4.197819	37.843750	36.500000	0.000000	0.000000	0.000000	0.000000	0.000000	0.000000	0.025391	4.566303	0.335842	0.770593	0.238960	0.156250	0.453613	24.423033	0.000000	0.225446	0.069940	0.000000	4096.000000	8.317766	64.000000	64.000000	12288.000000	1.000000	0.000000	0.000000	0.000000	3.000000														29.000000	60.000000	108.000000	213.000000	255.000000									0.000000	2.000000	4.000000									3.605971	0.749013
58664d54e416413055dc41a4da2b7c779c51c0a3ca43a43017ba904fbac027ac	photo	CID22-512px	/home/lilith/work/codec-corpus/CID22/CID22-512/training/160577.png	small	64	64	64	4851.184570	0.419249	0.087001	0.014948	0.010667	0.015625	0.000000	29.637691	0.291728	0.689889	864.000000	0.210938	0.014330	0.012890	0.000000	0.110850	0.082160	17.000000	0.136820	4.692810	70.500000	14.406250	0.000000	0.000000	0.000000	0.000000	0.000000	0.000000	0.144531	4.762500	0.600817	0.749777	0.072460	0.515625	0.138184	37.531948	0.000000	0.225198	0.031746	0.000000	4096.000000	8.317766	64.000000	64.000000	12288.000000	1.000000	0.000000	0.000000	0.000000	3.000000														17.000000	49.000000	117.000000	235.000000	255.000000									0.000000	1.000000	2.000000									3.806979	0.878982
464e9852a5109144a2437b0fe51a8ce27fc35558443a3603989bb1eeb42699b8	photo	gb82-photos	/home/lilith/work/codec-corpus/gb82/sand-lossless.png	medium	256	256	256	1276.869141	0.627697	0.068266	0.029536	0.017443	0.000977	0.000000	28.284372	1.157985	0.875045	1114.000000	0.033997	0.039800	0.049540	1.000000	0.087720	0.111440	4.000000	0.558064	3.960351	27.043945	7.873047	0.000000	0.000000	0.000000	0.000000	0.000000	0.000000	0.043610	4.377456	0.340158	0.463339	0.111931	0.017578	0.686066	18.587025	0.000000	0.212798	0.016865	0.000000	65536.000000	11.090355	256.000000	256.000000	196608.000000	1.000000	0.000000	0.000000	0.000000	3.000000	4.361756	4.631863	4.829001	4.941803	5.103007	0.614799	0.881522	1.000000	1.000000	0.147593	0.209535	0.307562	0.419577	40.000000	72.000000	109.000000	194.000000	255.000000	0.111111	0.158730	0.206349	0.269841	0.000000	0.000000	0.015873	0.031746	0.000000	3.000000	7.000000	3.576449	3.849834	3.971884	0.295419	0.404479	0.463339	0.031746	0.079365	2.222232	0.546474
44576e15457e325fe8c68048806a698e4b3e348338d16c1ba837dcbf860ada6a	photo	clic2025-1024px-resized	/home/lilith/work/codec-corpus/clic2025-1024/eda6d42794b0d0140628fa90fc0c14a7ba88159b8474d0077027c32ee2ddf6f0.png	medium	256	256	256	4068.364502	0.434971	0.104180	0.018621	0.017114	0.130859	0.000000	44.817703	0.916191	0.850533	3047.000000	0.092987	0.025280	0.022160	4.000000	0.175630	0.140360	28.000000	0.197678	4.504241	43.450195	14.700195	0.001953	0.000000	0.000000	0.000000	0.000000	0.000000	0.017303	4.334440	0.819685	0.208772	0.041885	0.268555	0.470856	25.384205	0.000000	0.181548	0.027235	0.000000	65536.000000	11.090355	256.000000	256.000000	196608.000000	1.000000	0.000000	0.000000	0.000000	3.000000	4.621357	4.902403	5.092153	5.193186	5.344496	0.745434	1.000000	1.000000	1.000000	0.102029	0.197419	0.380490	0.620398	21.000000	57.000000	100.000000	201.000000	255.000000	0.015873	0.095238	0.190476	0.269841	0.000000	0.000000	0.015873	0.031746	0.000000	1.000000	2.000000	2.113473	2.540329	2.893727	0.069980	0.118120	0.208772	0.000000	0.000000	3.626719	0.803477
58664d54e416413055dc41a4da2b7c779c51c0a3ca43a43017ba904fbac027ac	photo	CID22-512px	/home/lilith/work/codec-corpus/CID22/CID22-512/training/160577.png	medium	256	256	256	5110.966309	0.118401	0.089217	0.007772	0.006409	0.308594	0.014648	30.489870	0.348632	1.224021	1826.000000	0.055725	0.003750	0.002810	0.000000	0.033080	0.017290	18.000000	0.107233	4.661582	28.791992	7.141602	0.013672	0.000000	0.000000	0.000000	0.000000	0.000000	0.135300	3.645063	1.119411	0.084377	0.026241	0.673828	0.128189	39.880840	0.043945	0.087922	0.013300	0.000000	65536.000000	11.090355	256.000000	256.000000	196608.000000	1.000000	0.000000	0.000000	0.000000	3.000000	3.731327	4.474431	5.129338	5.292531	5.566685	0.199040	0.574788	1.000000	1.000000	0.040771	0.086365	0.176678	0.318120	2.000000	8.000000	34.000000	173.000000	255.000000	0.000000	0.015873	0.047619	0.126984	0.000000	0.000000	0.000000	0.015873	0.000000	0.000000	0.000000	0.881349	1.750003	2.101875	0.016478	0.051987	0.084377	0.000000	0.000000	20.809156	0.887942
25b4bc7c5557aa82806c36c018043a98baba9270bfdf4be1bd2fdd483e11a895	photo	clic2025-1024px-resized	/home/lilith/work/codec-corpus/clic2025-1024/2397c73f8feeb8f630fe055da5551c671794afae80528e8612dc62fc0cf61294.png	large	1024	1024	1024	5574.156738	0.208091	0.108016	0.007616	0.011281	0.447998	0.269287	45.348057	1.354876	1.141089	2526.000000	0.077087	0.004430	0.003880	0.000000	0.066750	0.054490	8.000000	0.229387	4.056723	17.178711	8.692383	0.064453	0.000000	0.000000	0.000000	0.000000	0.000000	0.008286	2.971138	1.655006	0.006842	0.000000	0.173828	0.531801	22.363041	0.098633	0.096571	0.018834	0.000000	1048576.000000	13.862944	1024.000000	1024.000000	3145728.000000	1.000000	0.000000	0.000000	0.000000	3.000000	3.526848	4.443974	4.848164	4.973196	5.172568	0.026483	0.389796	1.000000	1.000000	0.005629	0.077954	0.318093	0.646626	3.000000	21.000000	57.000000	145.000000	255.000000	0.000000	0.000000	0.063492	0.174603	0.000000	0.000000	0.000000	0.031746	0.000000	0.000000	0.000000	0.000000	0.000000	0.477119	0.000000	0.000000	0.006842	0.000000	0.000000	9.850430	0.608035
3a4c7f92332d8e203aa345460e00fcf67bc39b185822a9c5f65d04d7fffb5897	photo	clic2025-native	/home/lilith/work/codec-corpus/clic2025/training/2a2420f929cd47122eae364a2bc27710.png	medium	1024	1024	683	2223.317383	0.054924	0.083204	0.005473	0.005598	0.471875	0.016176	32.254391	0.254698	1.861514	1508.000000	0.046021	0.001920	0.002090	0.000000	0.016970	0.018240	5.000000	0.235511	4.096985	6.431985	1.826287	0.001838	0.000000	0.000000	0.000000	0.000000	0.000000	0.152086	3.068264	0.756404	0.076973	0.023168	0.574449	0.510856	14.206149	0.027574	0.041010	0.003647	0.000000	699392.000000	13.457967	683.000000	1024.000000	2098176.000000	0.666992	0.404977	0.007321	0.030747	3.000000	3.118094	3.625427	4.038098	4.220072	4.643203	0.141279	0.269526	0.450970	0.761309	0.033205	0.057078	0.105709	0.181016	2.000000	7.000000	20.000000	76.000000	255.000000	0.000000	0.015873	0.031746	0.047619	0.000000	0.000000	0.000000	0.000000	0.000000	0.000000	0.000000	1.324475	1.773490	2.017034	0.028412	0.056509	0.076973	0.000000	0.000000	38.398979	0.851994
636f149a620c73a0dac0496523ebeda24578c1d63140136f7630fda208090258	photo	CID22-512px	/home/lilith/work/codec-corpus/CID22/CID22-512/training/167491.png	medium	256	256	256	2502.869385	0.272464	0.175400	0.024813	0.019960	0.076172	0.000000	72.491478	0.430238	0.984238	2762.000000	0.084290	0.034490	0.038920	6.000000	0.180220	0.144540	22.000000	0.190868	4.271255	26.960938	22.580078	0.000000	0.000000	0.000000	0.000000	0.000000	0.000000	0.022690	4.102078	0.708323	0.284272	0.085744	0.324219	0.416809	22.807753	0.001953	0.135045	0.043279	0.000000	65536.000000	11.090355	256.000000	256.000000	196608.000000	1.000000	0.000000	0.000000	0.000000	3.000000	4.210502	4.604015	4.901077	5.038367	5.248938	0.525969	0.925859	1.000000	1.000000	0.179128	0.319658	0.540279	0.850061	12.000000	31.000000	61.000000	156.000000	255.000000	0.031746	0.063492	0.111111	0.190476	0.000000	0.015873	0.031746	0.063492	0.000000	0.000000	1.000000	1.762373	2.658831	3.213978	0.051652	0.152680	0.284272	0.000000	0.015873	10.868002	0.803434
0926a0b43c5e2a578d80ef9d6d039a14bb173f7b3d559446ad738678473737b3	photo	CID22-512px	/home/lilith/work/codec-corpus/CID22/CID22-512/validation/792079.png	small	64	64	64	984.729614	0.173847	0.151173	0.028264	0.027968	0.250000	0.000000	69.730759	0.101025	0.910836	628.000000	0.153320	0.085450	0.030730	4.000000	0.461390	0.197770	24.000000	0.213491	3.400579	24.453125	35.093750	0.000000	0.000000	0.000000	0.000000	0.000000	0.000000	0.020752	3.712827	0.853718	0.147674	0.104581	0.734375	0.021240	25.791323	0.000000	0.094494	0.044643	0.000000	4096.000000	8.317766	64.000000	64.000000	12288.000000	1.000000	0.000000	0.000000	0.000000	3.000000														2.000000	12.000000	54.000000	183.000000	255.000000									0.000000	0.000000	0.000000									14.689049	0.914268
0361106edaa80377dd9892831f6aa0c75dd35a9ee7f5d3ebaaa3fc0dc8f5b56d	photo	clic2025-native	/home/lilith/work/codec-corpus/clic2025/final-test/86127fbdb368eb28c3039cf61aff1c4cfdc4ade24070c8f2389968d5ead681e1.png	small	256	256	122	1783.249268	0.555261	0.032426	0.013399	0.007091	0.000000	0.000000	10.569543	0.937569	0.828778	462.000000	0.014793	0.009860	0.009210	1.000000	0.020610	0.019910	9.000000	0.435499	4.039277	36.152084	2.514583	0.000000	0.000000	0.000000	0.000000	0.000000	0.000000	0.419025	4.525629	0.360651	0.553922	0.044200	0.022917	0.054525	25.313963	0.000000	0.238294	0.004398	0.000000	31232.000000	10.349198	122.000000	256.000000	93696.000000	0.476562	0.741156	0.049180	0.049180	3.000000	4.545789	4.762444	5.013752	5.106083	5.238334	0.808471	1.000000	1.000000	1.000000	0.063768	0.098264	0.156270	0.213058	36.000000	73.000000	118.000000	231.000000	255.000000	0.126984	0.190476	0.238095	0.301587	0.000000	0.000000	0.000000	0.000000	0.000000	2.000000	5.000000	3.632660	3.842202	4.076358	0.305109	0.438172	0.553922	0.047619	0.079365	2.715293	0.610483
4722832e637265d0c281574269b660e8d36425fd5d4c8e79a9da4fe7d5fcdb7a	photo	CID22-512px	/home/lilith/work/codec-corpus/CID22/CID22-512/training/3DPieChart.png	small	64	64	64	1832.345825	0.313429	0.199089	0.018469	0.012593	0.046875	0.000000	75.353134	0.152624	0.570327	420.000000	0.102539	0.058450	0.047660	5.000000	0.221260	0.168940	16.000000	0.169014	3.369320	36.984375	36.765625	0.125000	0.000000	0.000000	0.000000	0.000000	0.000000	0.593750	4.289875	0.771234	0.371488	0.000000	0.250000	0.070801	23.198738	0.125000	0.163938	0.054812	0.000000	4096.000000	8.317766	64.000000	64.000000	12288.000000	1.000000	0.000000	0.000000	0.000000	3.000000														8.000000	32.000000	82.000000	182.000000	255.000000									0.000000	0.000000	0.000000									6.805764	0.835984
0926a0b43c5e2a578d80ef9d6d039a14bb173f7b3d559446ad738678473737b3	photo	CID22-512px	/home/lilith/work/codec-corpus/CID22/CID22-512/validation/792079.png	medium	256	256	256	1087.223633	0.075694	0.155975	0.013206	0.011491	0.710938	0.102539	71.258308	0.123327	1.370171	3050.000000	0.093079	0.023980	0.009800	4.000000	0.092900	0.035680	15.000000	0.122370	3.472545	10.254883	12.842773	0.007812	0.000000	0.000000	0.000000	0.000000	0.000000	0.020554	2.636190	1.145965	0.034998	0.024919	0.602539	0.016052	25.540447	0.067383	0.040411	0.016943	0.000000	65536.000000	11.090355	256.000000	256.000000	196608.000000	1.000000	0.000000	0.000000	0.000000	3.000000	2.308265	3.469341	4.600585	4.916351	5.213636	0.057144	0.112362	0.394722	1.000000	0.037475	0.073865	0.183609	0.734861	1.000000	2.000000	16.000000	104.000000	255.000000	0.000000	0.000000	0.015873	0.031746	0.000000	0.000000	0.000000	0.015873	0.000000	0.000000	0.000000	1.031409	1.265696	1.408397	0.018325	0.028481	0.034998	0.000000	0.000000	43.515743	0.881470
0da74d8b94ff3c89f3578296ea87305ce1623d890f0c5cb8e54b907428675f15	photo	clic2025-native	/home/lilith/work/codec-corpus/clic2025/training/8bb119b8ca17492392e1e3ea4b811b32.png	small	256	171	256	2910.035645	0.135848	0.064275	0.006342	0.007077	0.257440	0.083333	33.269405	0.149017	1.162050	763.000000	0.023285	0.002000	0.001890	0.000000	0.018060	0.014420	2.000000	0.153999	4.349740	16.005953	3.470238	0.000000	0.000000	0.000000	0.000000	0.000000	0.000000	0.135805	3.508131	0.974194	0.099657	0.022253	0.345238	0.743832	15.162646	0.007440	0.067366	0.006189	0.000000	43776.000000	10.686841	171.000000	256.000000	131328.000000	0.667969	0.403514	0.029240	0.122807	3.000000	3.612996	4.252437	4.578422	4.731978	5.021385	0.232816	0.465409	0.973375	1.000000	0.050741	0.077156	0.122575	0.223413	7.000000	17.000000	37.000000	108.000000	255.000000	0.000000	0.015873	0.047619	0.095238	0.000000	0.000000	0.000000	0.015873	0.000000	0.000000	0.000000	0.808719	1.230449	2.421501	0.012460	0.027137	0.099657	0.000000	0.000000	14.832211	0.784370
59264dcb0d06ec3862d060308bc4f612227871d4a8ef929842d0d91bc1c08613	photo	CID22-512px	/home/lilith/work/codec-corpus/CID22/CID22-512/training/2272939.png	small	64	64	64	2605.978760	0.699672	0.072029	0.020633	0.018773	0.000000	0.000000	31.138956	0.329561	0.528425	750.000000	0.183105	0.020520	0.024100	0.000000	0.160010	0.131640	13.000000	0.240619	4.393979	56.656250	14.546875	0.000000	0.000000	0.000000	0.000000	0.000000	0.000000	0.093262	4.740674	0.306729	0.840748	0.135182	0.125000	0.636230	22.097906	0.000000	0.257440	0.032490	0.000000	4096.000000	8.317766	64.000000	64.000000	12288.000000	1.000000	0.000000	0.000000	0.000000	3.000000														41.000000	77.000000	117.000000	209.000000	255.000000									0.000000	3.000000	7.000000									2.049974	0.760840
09271fa831e37b2933145d9c2d6e1f904399d0c474a180ebfa90527bab5b2fe1	photo	CID22-512px	/home/lilith/work/codec-corpus/CID22/CID22-512/training/2123337.png	small	64	64	64	2773.323486	0.432351	0.081009	0.017994	0.020763	0.046875	0.000000	42.950108	0.203803	0.684523	546.000000	0.133301	0.025370	0.034400	0.000000	0.139370	0.163690	4.000000	0.230468	4.106345	35.234375	18.437500	0.031250	0.000000	0.000000	0.000000	0.000000	0.000000	0.032715	4.380366	0.558828	0.397413	0.184979	0.250000	0.583496	23.761572	0.000000	0.164931	0.037450	0.000000	4096.000000	8.317766	64.000000	64.000000	12288.000000	1.000000	0.000000	0.000000	0.000000	3.000000														23.000000	53.000000	95.000000	179.000000	255.000000									0.000000	1.000000	3.000000									3.408583	0.766855
63dd5ae48dbe90125829a3727cd02968f185679b34778a470052711f220e7b7a	mixed	kadid10k-distortion-set	/home/lilith/work/codec-corpus/kadid10k/I59.png	tiny	64	64	48	2996.248291	0.584262	0.121683	0.028879	0.012312	0.000000	0.000000	43.645695	0.416096	0.649338	850.000000	0.276693	0.031490	0.043740	1.000000	0.047030	0.053510	1.000000	0.461129	4.255057	49.416668	17.187500	0.000000	0.000000	0.000000	0.000000	0.000000	0.000000	0.093424	4.581120	0.430509	0.574821	0.141161	0.208333	0.228516	30.493284	0.000000	0.253638	0.035384	0.000000	3072.000000	8.030084	48.000000	64.000000	9216.000000	0.750000	0.287682	0.000000	0.333333	3.000000														33.000000	75.000000	148.000000	255.000000	255.000000									0.000000	2.000000	4.000000									2.167298	0.647725
4722832e637265d0c281574269b660e8d36425fd5d4c8e79a9da4fe7d5fcdb7a	photo	CID22-512px	/home/lilith/work/codec-corpus/CID22/CID22-512/training/3DPieChart.png	medium	256	256	256	2584.999756	0.133456	0.202955	0.006663	0.003987	0.506836	0.393555	76.545326	1.254012	0.940390	828.000000	0.025269	0.018870	0.018400	5.000000	0.051300	0.052030	15.000000	0.400480	3.264850	30.293945	10.836914	0.550781	0.000000	0.000000	0.000000	0.000000	0.000000	0.639221	2.548920	2.149721	0.000000	0.000000	0.224609	0.057129	59.423473	0.558594	0.092370	0.015408	0.000000	65536.000000	11.090355	256.000000	256.000000	196608.000000	1.000000	0.000000	0.000000	0.000000	3.000000	3.038316	4.643953	5.383792	5.495296	5.533200	0.000000	0.237441	1.000000	1.000000	0.000000	0.000000	0.111632	0.608631	0.000000	6.000000	71.000000	255.000000	255.000000	0.000000	0.000000	0.031746	0.111111	0.000000	0.000000	0.000000	0.000000	0.000000	0.000000	0.000000	0.000000	0.000000	0.000000	0.000000	0.000000	0.000000	0.000000	0.000000	8.716515	0.490056
32be6616b7e3e301b8c237f76ef1d97feda01815384ff39f13469ecd54044245	photo	clic2025-native	/home/lilith/work/codec-corpus/clic2025/final-test/e0d8e29cadfc99663c7d1a4a5afe20c454ec54d0d873776ec397c59405c74790.png	small	256	170	256	5056.850586	0.070078	0.052286	0.004037	0.003511	0.581845	0.235119	21.257999	0.076291	1.192489	578.000000	0.017639	0.001710	0.001130	0.000000	0.010820	0.008200	3.000000	0.077064	3.956440	12.465774	2.257441	0.000000	0.000000	0.000000	0.000000	0.000000	0.000000	0.360248	2.817062	1.227743	0.028552	0.007719	0.379464	0.160110	22.328730	0.008929	0.044572	0.004488	0.000000	43520.000000	10.680976	170.000000	256.000000	130560.000000	0.664062	0.409379	0.035294	0.129412	3.000000	2.827439	3.544206	4.761604	5.002678	5.195040	0.043321	0.195221	0.430093	1.000000	0.015251	0.024219	0.054340	0.165681	2.000000	7.000000	22.000000	90.000000	255.000000	0.000000	0.000000	0.015873	0.047619	0.000000	0.000000	0.000000	0.000000	0.000000	0.000000	0.000000	0.941232	1.168792	1.266805	0.015277	0.023671	0.028552	0.000000	0.000000	29.200743	0.801015
09271fa831e37b2933145d9c2d6e1f904399d0c474a180ebfa90527bab5b2fe1	photo	CID22-512px	/home/lilith/work/codec-corpus/CID22/CID22-512/training/2123337.png	medium	256	256	256	3238.540527	0.302299	0.087288	0.012817	0.013262	0.195312	0.007812	44.931465	0.639916	1.046756	1235.000000	0.037689	0.012700	0.013770	0.000000	0.073620	0.078490	4.000000	0.196684	4.157097	28.240234	11.745117	0.005859	0.000000	0.000000	0.000000	0.000000	0.000000	0.043915	3.991414	0.944252	0.109664	0.040063	0.232422	0.534409	27.612953	0.000000	0.112165	0.019500	0.000000	65536.000000	11.090355	256.000000	256.000000	196608.000000	1.000000	0.000000	0.000000	0.000000	3.000000	4.255514	4.705990	5.064019	5.184554	5.369503	0.315607	0.951204	1.000000	1.000000	0.085039	0.224153	0.403219	0.532969	14.000000	38.000000	81.000000	182.000000	255.000000	0.000000	0.031746	0.095238	0.174603	0.000000	0.000000	0.015873	0.031746	0.000000	0.000000	1.000000	1.606784	2.177356	2.507498	0.037478	0.071036	0.109664	0.000000	0.000000	6.223090	0.743375
63dd5ae48dbe90125829a3727cd02968f185679b34778a470052711f220e7b7a	mixed	kadid10k-distortion-set	/home/lilith/work/codec-corpus/kadid10k/I59.png	small	256	256	192	3599.950195	0.469829	0.124068	0.014029	0.006356	0.074219	0.016927	44.391720	0.688712	0.786217	2218.000000	0.067688	0.004310	0.005400	0.000000	0.006950	0.008050	0.000000	0.210388	4.530899	38.044270	10.091146	0.011719	0.000000	0.000000	0.000000	0.000000	0.000000	0.106059	4.306584	0.879323	0.349063	0.097964	0.388021	0.226847	21.959465	0.022135	0.181279	0.022487	0.000000	49152.000000	10.802672	192.000000	256.000000	147456.000000	0.750000	0.287682	0.000000	0.000000	3.000000	4.458259	4.955095	5.131083	5.197689	5.324862	0.631198	1.000000	1.000000	1.000000	0.141013	0.218124	0.334484	0.450892	22.000000	55.000000	95.000000	180.000000	255.000000	0.031746	0.079365	0.190476	0.269841	0.000000	0.000000	0.015873	0.031746	0.000000	0.000000	1.000000	0.297622	2.832259	3.304693	0.005629	0.206328	0.349063	0.000000	0.015873	2.943793	0.769618
59264dcb0d06ec3862d060308bc4f612227871d4a8ef929842d0d91bc1c08613	photo	CID22-512px	/home/lilith/work/codec-corpus/CID22/CID22-512/training/2272939.png	medium	256	256	256	3223.834717	0.466190	0.080354	0.016152	0.013867	0.013672	0.000000	33.935162	0.889494	0.798167	1927.000000	0.058807	0.014790	0.015710	2.000000	0.093010	0.080230	27.000000	0.196813	4.581047	41.991211	10.048828	0.000000	0.000000	0.000000	0.000000	0.000000	0.000000	0.095612	4.503072	0.511083	0.550728	0.075697	0.287109	0.599152	25.492098	0.000000	0.189856	0.021391	0.000000	65536.000000	11.090355	256.000000	256.000000	196608.000000	1.000000	0.000000	0.000000	0.000000	3.000000	4.605477	4.878757	5.068602	5.150842	5.337939	0.902098	1.000000	1.000000	1.000000	0.124140	0.190471	0.309936	0.414716	25.000000	54.000000	96.000000	197.000000	255.000000	0.079365	0.111111	0.190476	0.253968	0.000000	0.000000	0.015873	0.031746	0.000000	1.000000	3.000000	2.998259	3.517144	3.783528	0.221686	0.384671	0.550728	0.015873	0.047619	4.342469	0.804458
44576e15457e325fe8c68048806a698e4b3e348338d16c1ba837dcbf860ada6a	photo	clic2025-1024px-resized	/home/lilith/work/codec-corpus/clic2025-1024/eda6d42794b0d0140628fa90fc0c14a7ba88159b8474d0077027c32ee2ddf6f0.png	large	1024	1024	1024	4462.085449	0.270770	0.108480	0.009791	0.008900	0.239990	0.000000	46.282345	2.697915	1.087863	7226.000000	0.220520	0.006310	0.005470	4.000000	0.044760	0.031850	17.000000	0.204507	4.513452	30.939453	8.878906	0.000000	0.000000	0.000000	0.000000	0.000000	0.000000	0.018414	4.008350	0.889433	0.116216	0.019761	0.222656	0.450903	28.253078	0.000000	0.128271	0.015222	0.000000	1048576.000000	13.862944	1024.000000	1024.000000	3145728.000000	1.000000	0.000000	0.000000	0.000000	3.000000	4.285445	4.787694	5.030539	5.137536	5.358754	0.208069	0.965184	1.000000	1.000000	0.040770	0.111467	0.238003	0.501348	15.000000	36.000000	80.000000	198.000000	255.000000	0.000000	0.015873	0.111111	0.206349	0.000000	0.000000	0.000000	0.015873	0.000000	1.000000	2.000000	2.454845	2.580337	2.676222	0.072193	0.090607	0.116216	0.000000	0.000000	7.946602	0.699037
06597cde948ec9f543e9a452bc16ffcff69e01c0e943a6fd12f03051a12d179b	photo	clic2025-1024px-resized	/home/lilith/work/codec-corpus/clic2025-1024/d1a9be98d1936065967adac50a6fb750.png	small	64	64	64	2933.090820	0.221466	0.084730	0.009586	0.008216	0.406250	0.062500	34.086491	0.119135	0.841178	367.000000	0.089600	0.009490	0.008840	0.000000	0.046830	0.044480	2.000000	0.173777	4.060568	27.218750	7.593750	0.000000	0.000000	0.000000	0.000000	0.000000	0.000000	0.608154	3.640501	1.176344	0.093447	0.000000	0.500000	0.331787	28.632090	0.140625	0.120784	0.019841	0.000000	4096.000000	8.317766	64.000000	64.000000	12288.000000	1.000000	0.000000	0.000000	0.000000	3.000000														3.000000	24.000000	68.000000	172.000000	255.000000									0.000000	0.000000	0.000000									8.100422	0.879225
2e95a28331bb245121a3fac19859764e651d50d1e0dcb3008f45420eb3d3012b	mixed	kadid10k-distortion-set	/home/lilith/work/codec-corpus/kadid10k/I20.png	tiny	64	64	48	805.196167	0.271868	0.190867	0.034349	0.022685	0.187500	0.000000	66.058945	0.073741	0.596520	468.000000	0.152344	0.103790	0.084020	4.000000	0.302340	0.206910	11.000000	0.348898	3.501428	15.708333	24.708334	0.000000	0.000000	0.000000	0.000000	0.000000	0.000000	0.020833	3.858695	0.637577	0.185483	0.057557	0.166667	0.277018	13.269163	0.000000	0.122354	0.046958	0.000000	3072.000000	8.030084	48.000000	64.000000	9216.000000	0.750000	0.287682	0.000000	0.333333	3.000000														12.000000	34.000000	61.000000	126.000000	221.000000									0.000000	0.000000	1.000000									5.580601	0.762851
4853ac426467bca500aab0e778795bcea2b436d3c635fb9c45639c5164e4fd05	photo	CID22-512px	/home/lilith/work/codec-corpus/CID22/CID22-512/training/144428.png	small	64	64	64	2220.274170	0.416226	0.250793	0.031887	0.035466	0.062500	0.000000	105.989723	0.181665	0.767984	1566.000000	0.382324	0.050580	0.033570	1.000000	0.453070	0.260250	24.000000	0.190795	4.052058	37.875000	41.984375	0.000000	0.000000	0.000000	0.000000	0.000000	0.000000	0.006592	4.393925	0.704259	0.317842	0.162289	0.421875	0.115723	23.086937	0.000000	0.179812	0.068700	0.000000	4096.000000	8.317766	64.000000	64.000000	12288.000000	1.000000	0.000000	0.000000	0.000000	3.000000														17.000000	46.000000	86.000000	189.000000	255.000000									0.000000	0.000000	1.000000									5.011638	0.825290
5b6c609e7aafd797f68349218fa51cc1f46554370c622b59f4d4fa84adaf37a0	photo	CID22-512px	/home/lilith/work/codec-corpus/CID22/CID22-512/training/3004909.png	small	64	64	64	2437.164062	0.401612	0.059004	0.015229	0.012783	0.062500	0.000000	30.397692	0.221095	0.734496	638.000000	0.155762	0.015580	0.013380	0.000000	0.084470	0.055870	7.000000	0.185951	4.200599	46.640625	10.406250	0.000000	0.000000	0.000000	0.000000	0.000000	0.000000	0.008057	4.388684	0.684900	0.315528	0.098805	0.312500	0.613525	27.797039	0.000000	0.175843	0.023313	0.000000	4096.000000	8.317766	64.000000	64.000000	12288.000000	1.000000	0.000000	0.000000	0.000000	3.000000														16.000000	47.000000	95.000000	211.000000	255.000000									0.000000	0.000000	1.000000									5.324183	0.838476
64e3a762376a848b0833ca7d2c91229f4874233b6b6e58656345896fc02c1a13	mixed	kadid10k-distortion-set	/home/lilith/work/codec-corpus/kadid10k/I73.png	tiny	64	64	48	3066.023438	0.530564	0.158881	0.032960	0.017097	0.041667	0.000000	62.924061	0.351032	0.734774	666.000000	0.216797	0.052920	0.077700	3.000000	0.087710	0.147280	4.000000	0.245700	4.418520	55.833332	26.166666	0.000000	0.000000	0.000000	0.000000	0.000000	0.000000	0.055013	4.638056	0.688179	0.515593	0.127265	0.208333	0.068685	31.261576	0.000000	0.227183	0.051257	0.000000	3072.000000	8.030084	48.000000	64.000000	9216.000000	0.750000	0.287682	0.000000	0.333333	3.000000														27.000000	71.000000	141.000000	255.000000	255.000000									0.000000	0.000000	1.000000									1.960589	0.769003
2e95a28331bb245121a3fac19859764e651d50d1e0dcb3008f45420eb3d3012b	mixed	kadid10k-distortion-set	/home/lilith/work/codec-corpus/kadid10k/I20.png	small	256	256	192	929.674744	0.170249	0.194938	0.014687	0.009974	0.343750	0.000000	67.357292	0.165498	1.057799	1343.000000	0.040985	0.015670	0.014180	3.000000	0.042450	0.033650	6.000000	0.215290	3.601760	12.414062	13.354167	0.000000	0.000000	0.000000	0.000000	0.000000	0.000000	0.025187	3.427074	0.959087	0.066593	0.032248	0.171875	0.237630	14.781842	0.000000	0.081763	0.023065	0.000000	49152.000000	10.802672	192.000000	256.000000	147456.000000	0.750000	0.287682	0.000000	0.000000	3.000000	3.790205	4.192086	4.478725	4.627826	4.896155	0.120210	0.527787	0.907535	1.000000	0.047153	0.124825	0.476282	0.829949	7.000000	23.000000	43.000000	99.000000	255.000000	0.000000	0.015873	0.079365	0.126984	0.000000	0.000000	0.000000	0.047619	0.000000	0.000000	0.000000	1.702754	1.858744	1.990950	0.043833	0.054080	0.066593	0.000000	0.000000	12.116037	0.780039
5b6c609e7aafd797f68349218fa51cc1f46554370c622b59f4d4fa84adaf37a0	photo	CID22-512px	/home/lilith/work/codec-corpus/CID22/CID22-512/training/3004909.png	medium	256	256	256	2826.069092	0.212380	0.063316	0.009299	0.006687	0.300781	0.001953	31.748993	0.582813	1.129449	1534.000000	0.046814	0.008310	0.007320	1.000000	0.030820	0.024390	10.000000	0.202837	4.230888	26.289062	6.124023	0.005859	0.000000	0.000000	0.000000	0.000000	0.000000	0.012589	3.745874	1.012516	0.104811	0.026533	0.333984	0.572098	34.911205	0.011719	0.101485	0.011610	0.000000	65536.000000	11.090355	256.000000	256.000000	196608.000000	1.000000	0.000000	0.000000	0.000000	3.000000	3.850875	4.607956	5.007700	5.230130	5.475704	0.193813	0.605438	1.000000	1.000000	0.039973	0.089583	0.209437	0.340522	6.000000	23.000000	68.000000	202.000000	255.000000	0.000000	0.015873	0.063492	0.158730	0.000000	0.000000	0.000000	0.015873	0.000000	0.000000	0.000000	1.672098	2.059752	2.381990	0.040724	0.069931	0.104811	0.000000	0.000000	10.487245	0.804796
1da209a2eb8d1a3ef3a344d661ad2ce2ebd0c7874b1be1fe75ace1ddada68150	photo	clic2025-native	/home/lilith/work/codec-corpus/clic2025/final-test/50fe4c3d47d864858e1aaa60fecef5c453b4e18d2b368718eeb5c1e249e0c902.png	tiny	64	64	41	1311.394287	0.718254	0.091489	0.041267	0.025986	0.000000	0.000000	37.077316	0.320621	0.461470	819.000000	0.312119	0.087800	0.071500	2.000000	0.265350	0.179440	17.000000	0.621533	3.965324	38.275002	16.750000	0.000000	0.000000	0.000000	0.000000	0.000000	0.000000	0.040777	4.605394	0.232004	0.934204	0.201638	0.025000	0.584766	21.035479	0.000000	0.291270	0.038889	0.000000	2624.000000	7.872455	41.000000	64.000000	7872.000000	0.640625	0.445311	0.170732	0.560976	3.000000														49.000000	87.000000	132.000000	215.000000	255.000000									0.000000	4.000000	8.000000									1.226256	0.610375
4853ac426467bca500aab0e778795bcea2b436d3c635fb9c45639c5164e4fd05	photo	CID22-512px	/home/lilith/work/codec-corpus/CID22/CID22-512/training/144428.png	medium	256	256	256	2349.817627	0.152203	0.253319	0.014422	0.016502	0.278320	0.025391	106.988457	0.175448	1.188524	3620.000000	0.110474	0.010090	0.006980	1.000000	0.111070	0.059270	12.000000	0.121491	4.131025	18.106445	17.212891	0.009766	0.000000	0.000000	0.000000	0.000000	0.000000	0.006912	3.513201	1.105498	0.055337	0.042051	0.505859	0.110489	19.270144	0.023438	0.080946	0.035373	0.000000	65536.000000	11.090355	256.000000	256.000000	196608.000000	1.000000	0.000000	0.000000	0.000000	3.000000	3.752620	4.356684	4.740849	4.900465	5.212515	0.203304	0.557821	1.000000	1.000000	0.089130	0.220213	0.452800	0.765558	4.000000	15.000000	35.000000	109.000000	255.000000	0.000000	0.015873	0.063492	0.126984	0.000000	0.015873	0.031746	0.063492	0.000000	0.000000	0.000000	0.829302	1.301033	1.755759	0.013896	0.028410	0.055337	0.000000	0.000000	22.296045	0.836482
64e3a762376a848b0833ca7d2c91229f4874233b6b6e58656345896fc02c1a13	mixed	kadid10k-distortion-set	/home/lilith/work/codec-corpus/kadid10k/I73.png	small	256	256	192	3793.843018	0.351052	0.163461	0.015566	0.008491	0.187500	0.061198	64.356483	1.148963	0.917091	1528.000000	0.046631	0.008460	0.020730	1.000000	0.015350	0.040850	1.000000	0.315665	4.514914	43.290363	13.881511	0.005208	0.000000	0.000000	0.000000	0.000000	0.000000	0.063131	4.039229	1.234844	0.051642	0.029150	0.279948	0.076416	34.394493	0.002604	0.160384	0.026600	0.000000	49152.000000	10.802672	192.000000	256.000000	147456.000000	0.750000	0.287682	0.000000	0.000000	3.000000	4.372168	5.015665	5.206148	5.322670	5.462037	0.361881	1.000000	1.000000	1.000000	0.083834	0.212574	0.472820	0.687009	12.000000	55.000000	125.000000	255.000000	255.000000	0.000000	0.047619	0.142857	0.269841	0.000000	0.000000	0.015873	0.047619	0.000000	0.000000	0.000000	1.004725	1.317018	1.769815	0.016113	0.029055	0.051642	0.000000	0.000000	2.974564	0.750388
5b9660ff69edcc854a65bcf3ea1cee57b6c8ee7f0c0c44f9c811bf17dc0a3c64	photo	CID22-512px	/home/lilith/work/codec-corpus/CID22/CID22-512/training/7233401.png	small	64	64	64	2236.739990	0.279415	0.053691	0.007189	0.012528	0.234375	0.000000	22.531849	0.100401	0.958629	478.000000	0.116699	0.003040	0.003340	0.000000	0.062250	0.082070	3.000000	0.148231	3.695583	26.781250	9.531250	0.000000	0.000000	0.000000	0.000000	0.000000	0.000000	0.160889	3.908383	1.017808	0.075005	0.017816	0.484375	0.241943	20.396772	0.000000	0.132192	0.020833	0.000000	4096.000000	8.317766	64.000000	64.000000	12288.000000	1.000000	0.000000	0.000000	0.000000	3.000000														9.000000	31.000000	64.000000	148.000000	232.000000									0.000000	0.000000	0.000000									7.069239	0.831330
1617c01d1279e23c298d99665949c0ddd5b111e71dbff01a1dd524b9dc46e702	screenshot	gb82-screens	/home/lilith/work/codec-corpus/gb82-sc/gmessages.png	small	256	119	256	627.220093	0.130209	0.017007	0.000915	0.000492	0.560268	0.404018	9.518512	0.299814	1.277503	202.000000	0.006631	0.000760	0.001330	0.000000	0.001740	0.003260	0.000000	0.301652	2.236752	14.821428	0.544643	0.558036	0.000000	0.000000	0.000000	8.000000	1.000000	0.003841	2.291731	1.993640	0.000000	0.000000	0.145089	0.000000	29.430609	0.558036	0.072243	0.001205	0.000000	30464.000000	10.324301	119.000000	256.000000	91392.000000	0.464844	0.766054	0.008403	0.075630	3.000000	2.735598	4.298036	4.709718	4.814319	5.234200	0.000000	0.161461	0.896518	1.000000	0.000000	0.000000	0.017306	0.060711	0.000000	7.000000	49.000000	192.000000	255.000000	0.000000	0.000000	0.015873	0.111111	0.000000	0.000000	0.000000	0.000000	0.000000	0.000000	0.000000	0.000000	0.000000	0.000000	0.000000	0.000000	0.000000	0.000000	0.000000	15.244286	0.459318
06597cde948ec9f543e9a452bc16ffcff69e01c0e943a6fd12f03051a12d179b	photo	clic2025-1024px-resized	/home/lilith/work/codec-corpus/clic2025-1024/d1a9be98d1936065967adac50a6fb750.png	medium	256	256	256	3199.926025	0.272126	0.087039	0.008044	0.005994	0.530273	0.431641	34.819534	0.512437	1.151458	838.000000	0.025574	0.006290	0.006890	0.000000	0.023970	0.025880	2.000000	0.312133	4.094109	19.712891	3.683594	0.000000	0.000000	0.000000	0.000000	0.000000	0.000000	0.623428	2.913786	1.558839	0.025630	0.000000	0.248047	0.319138	20.243738	0.143555	0.099439	0.007208	0.000000	65536.000000	11.090355	256.000000	256.000000	196608.000000	1.000000	0.000000	0.000000	0.000000	3.000000	2.488881	4.564086	4.824036	4.988521	5.274855	0.038465	0.118052	1.000000	1.000000	0.000000	0.022434	0.161512	0.338660	2.000000	27.000000	76.000000	174.000000	255.000000	0.000000	0.000000	0.000000	0.222222	0.000000	0.000000	0.000000	0.000000	0.000000	0.000000	0.000000	0.676695	1.055354	1.189894	0.010884	0.019780	0.025630	0.000000	0.000000	6.313690	0.736880
2edc8b8cc93d7e09884c1793b0550be3c6a7dd60f4f7529e005d2f8aa1ac5b4e	photo	CID22-512px	/home/lilith/work/codec-corpus/CID22/CID22-512/training/pexels-photo-6096399.png	small	64	64	64	735.176819	0.170572	0.030603	0.005706	0.005549	0.093750	0.031250	15.831349	0.045616	0.740398	218.000000	0.053223	0.001680	0.003680	0.000000	0.009980	0.019430	1.000000	0.139613	3.351432	18.234375	3.328125	0.000000	0.000000	0.000000	0.000000	8.000000	1.000000	0.085938	3.886157	0.758273	0.275944	0.027200	0.562500	0.580322	16.598425	0.000000	0.104911	0.007192	0.000000	4096.000000	8.317766	64.000000	64.000000	12288.000000	1.000000	0.000000	0.000000	0.000000	3.000000														5.000000	16.000000	37.000000	99.000000	255.000000									0.000000	0.000000	0.000000									26.597748	0.880062
2c3bee67c5454f971564178f15bf81150306bfc6c664c41e94b41702e0cd816e	photo	clic2025-native	/home/lilith/work/codec-corpus/clic2025/training/28d24b9c83de066597ff96a68769884f.png	small	256	256	167	3929.704590	0.092623	0.166736	0.006111	0.003406	0.517187	0.256250	73.682167	0.121151	1.291978	720.000000	0.021973	0.004970	0.003860	0.000000	0.008100	0.009080	2.000000	0.119284	4.039259	13.051562	5.360938	0.006250	0.000000	0.000000	0.000000	0.000000	0.000000	0.235732	2.815714	1.349013	0.018997	0.012547	0.365625	0.390112	25.302540	0.142188	0.058259	0.009524	0.000000	42752.000000	10.663171	167.000000	256.000000	128256.000000	0.652344	0.427184	0.005988	0.149701	3.000000	3.003784	3.950849	4.510965	4.953900	5.388913	0.034546	0.238085	0.658971	1.000000	0.018726	0.029922	0.111968	0.332893	1.000000	6.000000	28.000000	115.000000	255.000000	0.000000	0.000000	0.015873	0.095238	0.000000	0.000000	0.000000	0.000000	0.000000	0.000000	0.000000	0.586516	0.941232	1.144185	0.006921	0.013840	0.018997	0.000000	0.000000	24.482082	0.732548
493a9d6c7f6e9ac7c57f921d202cea6d0c48d31875f56a1e94953cce481ebc08	photo	CID22-512px	/home/lilith/work/codec-corpus/CID22/CID22-512/training/ularapi_Semarang_City_Logo.png	small	64	64	64	8593.418945	0.543210	0.213584	0.034804	0.030988	0.125000	0.062500	84.766838	1.568546	0.494771	428.000000	0.104492	0.275760	0.124230	19.000000	0.737810	0.524390	34.000000	0.299415	3.854705	122.921875	64.828125	0.187500	0.000000	0.000000	0.000000	0.000000	0.000000	0.588623	4.815022	1.496886	0.139237	0.000000	0.218750	0.029541	62.078968	0.265625	0.291915	0.070437	0.000000	4096.000000	8.317766	64.000000	64.000000	12288.000000	1.000000	0.000000	0.000000	0.000000	3.000000														68.000000	178.000000	255.000000	255.000000	255.000000									0.000000	0.000000	0.000000									-1.242606	0.706918
5b9660ff69edcc854a65bcf3ea1cee57b6c8ee7f0c0c44f9c811bf17dc0a3c64	photo	CID22-512px	/home/lilith/work/codec-corpus/CID22/CID22-512/training/7233401.png	medium	256	256	256	2308.529785	0.078201	0.055376	0.004310	0.006115	0.446289	0.226562	23.160877	0.071498	1.498669	1176.000000	0.035889	0.000940	0.000990	0.000000	0.013790	0.016950	3.000000	0.075364	3.688593	12.409180	5.030273	0.003906	0.000000	0.000000	0.000000	0.000000	0.000000	0.174072	2.951195	1.284599	0.021466	0.012575	0.474609	0.245514	17.861977	0.002930	0.052006	0.011068	0.000000	65536.000000	11.090355	256.000000	256.000000	196608.000000	1.000000	0.000000	0.000000	0.000000	3.000000	3.311740	4.039488	4.529935	4.731616	5.163223	0.038496	0.350684	0.809029	1.000000	0.018567	0.078898	0.198876	0.344464	2.000000	7.000000	19.000000	73.000000	246.000000	0.000000	0.000000	0.031746	0.079365	0.000000	0.000000	0.000000	0.015873	0.000000	0.000000	0.000000	0.859401	1.113942	1.210436	0.011094	0.018020	0.021466	0.000000	0.000000	35.034962	0.789479
3ad760c9af98b273b50d2816db6b558b9cbe5afe93cbb8d8d2c8e10063f3146b	photo	clic2025-1024px-resized	/home/lilith/work/codec-corpus/clic2025-1024/ef576c4ed599d75d72145a8f34b58ccb.png	small	64	64	64	1820.760986	0.408919	0.121098	0.030394	0.032044	0.109375	0.000000	53.522697	0.247723	0.786705	1078.000000	0.263184	0.061870	0.054850	3.000000	0.416290	0.343520	25.000000	0.291905	3.882398	39.890625	23.781250	0.000000	0.000000	0.000000	0.000000	0.000000	0.000000	0.005371	4.218884	0.758883	0.223834	0.135009	0.171875	0.025635	25.900225	0.000000	0.184524	0.052827	0.000000	4096.000000	8.317766	64.000000	64.000000	12288.000000	1.000000	0.000000	0.000000	0.000000	3.000000														20.000000	53.000000	104.000000	222.000000	255.000000									0.000000	0.000000	1.000000									3.988114	0.736685
0361106edaa80377dd9892831f6aa0c75dd35a9ee7f5d3ebaaa3fc0dc8f5b56d	photo	clic2025-native	/home/lilith/work/codec-corpus/clic2025/final-test/86127fbdb368eb28c3039cf61aff1c4cfdc4ade24070c8f2389968d5ead681e1.png	medium	1024	1024	488	2338.191406	0.371481	0.038103	0.011595	0.005944	0.071721	0.002690	12.404099	2.368401	1.058359	837.000000	0.025543	0.008340	0.007120	2.000000	0.017890	0.012940	32.000000	0.235600	4.118897	36.393368	3.099462	0.003584	0.000000	0.000000	0.000000	0.000000	0.000000	0.374484	4.326748	0.707315	0.307734	0.027911	0.120072	0.077483	27.751820	0.001792	0.190362	0.006216	0.000000	499712.000000	13.121787	488.000000	1024.000000	1499136.000000	0.476562	0.741156	0.000000	0.049180	3.000000	4.433088	4.813287	5.069945	5.218417	5.421874	0.672812	1.000000	1.000000	1.000000	0.069977	0.116097	0.169533	0.226338	19.000000	47.000000	92.000000	215.000000	255.000000	0.047619	0.126984	0.190476	0.269841	0.000000	0.000000	0.000000	0.015873	0.000000	1.000000	2.000000	2.050607	2.836957	3.453462	0.055653	0.135845	0.307734	0.000000	0.000000	5.741371	0.710689
6508547e506810ec37cf875a40f65abd5c3c0db0db0dfc458326c33ba645599e	photo	CID22-512px	/home/lilith/work/codec-corpus/CID22/CID22-512/training/631317.png	small	64	64	64	2105.312500	0.441421	0.106497	0.020125	0.012116	0.000000	0.000000	42.942867	0.188184	0.718080	834.000000	0.203613	0.024690	0.030560	1.000000	0.052250	0.074770	2.000000	0.207230	4.260553	38.609375	13.609375	0.000000	0.000000	0.000000	0.000000	0.000000	0.000000	0.088379	4.464282	0.434915	0.564426	0.106469	0.203125	0.529541	22.212896	0.000000	0.189732	0.032986	0.000000	4096.000000	8.317766	64.000000	64.000000	12288.000000	1.000000	0.000000	0.000000	0.000000	3.000000														24.000000	50.000000	85.000000	189.000000	255.000000									0.000000	1.000000	3.000000									6.714652	0.779709
5d1fc759dd572a4431d1c866778b7c5ce560b984232d01bfa0fc031024fb383c	photo	CID22-512px	/home/lilith/work/codec-corpus/CID22/CID22-512/training/4843579.png	small	64	64	64	4701.620117	0.605190	0.087519	0.019140	0.019323	0.015625	0.000000	38.941189	0.313283	0.780682	616.000000	0.150391	0.021720	0.023300	1.000000	0.163240	0.108410	20.000000	0.328318	4.553919	44.812500	12.687500	0.000000	0.000000	0.000000	0.000000	0.000000	0.000000	0.077881	4.563486	0.455920	0.593428	0.087394	0.062500	0.593994	24.132553	0.000000	0.233879	0.025546	0.000000	4096.000000	8.317766	64.000000	64.000000	12288.000000	1.000000	0.000000	0.000000	0.000000	3.000000														37.000000	73.000000	112.000000	221.000000	255.000000									0.000000	2.000000	5.000000									3.021344	0.704413
2edc8b8cc93d7e09884c1793b0550be3c6a7dd60f4f7529e005d2f8aa1ac5b4e	photo	CID22-512px	/home/lilith/work/codec-corpus/CID22/CID22-512/training/pexels-photo-6096399.png	medium	256	256	256	772.205078	0.049027	0.031810	0.002748	0.002486	0.542969	0.179688	16.225883	0.060482	1.360104	571.000000	0.017426	0.000570	0.001320	0.000000	0.002560	0.004860	1.000000	0.109951	3.377262	7.993164	1.428711	0.031250	0.000000	0.000000	0.000000	0.000000	0.000000	0.087402	2.831339	1.144095	0.027914	0.003337	0.371094	0.577240	16.954430	0.043945	0.037280	0.003085	0.000000	65536.000000	11.090355	256.000000	256.000000	196608.000000	1.000000	0.000000	0.000000	0.000000	3.000000	2.941511	3.698643	4.211653	4.462595	4.848104	0.072651	0.214072	0.535288	0.991050	0.020866	0.039759	0.082347	0.141919	2.000000	8.000000	19.000000	60.000000	255.000000	0.000000	0.000000	0.015873	0.047619	0.000000	0.000000	0.000000	0.000000	0.000000	0.000000	0.000000	0.000000	0.881348	1.224014	0.000000	0.016471	0.027914	0.000000	0.000000	60.509296	0.775179
03b460c03ca480522dc69ada15162d6748f40e4ed7b06d0c0068eebedebec5f5	mixed	kadid10k-distortion-set	/home/lilith/work/codec-corpus/kadid10k/I12.png	tiny	64	64	48	2483.576660	0.795677	0.082221	0.031872	0.014068	0.000000	0.000000	34.838078	0.519148	0.520293	1103.000000	0.359049	0.053190	0.061510	1.000000	0.060500	0.068040	1.000000	0.368231	4.366412	66.895836	15.604167	0.000000	0.000000	0.000000	0.000000	0.000000	0.000000	0.024089	4.890355	0.257932	1.000000	0.161489	0.083333	0.029948	29.814423	0.000000	0.317460	0.037037	0.000000	3072.000000	8.030084	48.000000	64.000000	9216.000000	0.750000	0.287682	0.000000	0.333333	3.000000														57.000000	108.000000	161.000000	255.000000	255.000000									0.000000	3.000000	9.000000									0.546612	0.683381
5d1fc759dd572a4431d1c866778b7c5ce560b984232d01bfa0fc031024fb383c	photo	CID22-512px	/home/lilith/work/codec-corpus/CID22/CID22-512/training/4843579.png	medium	256	256	256	5294.362793	0.383514	0.093737	0.013236	0.011011	0.064453	0.000000	40.955990	0.936473	0.916948	1732.000000	0.052856	0.012670	0.017870	5.000000	0.055620	0.073940	23.000000	0.279138	4.495453	37.096680	10.205078	0.000000	0.000000	0.000000	0.000000	0.000000	0.000000	0.051010	4.326858	0.713188	0.294741	0.065230	0.206055	0.568344	30.466005	0.000000	0.177703	0.019655	0.000000	65536.000000	11.090355	256.000000	256.000000	196608.000000	1.000000	0.000000	0.000000	0.000000	3.000000	4.464445	4.798386	5.074555	5.264972	5.393507	0.732447	1.000000	1.000000	1.000000	0.110548	0.181123	0.272203	0.456763	20.000000	49.000000	94.000000	231.000000	255.000000	0.031746	0.095238	0.174603	0.253968	0.000000	0.000000	0.015873	0.031746	0.000000	1.000000	2.000000	2.040342	2.757965	3.342028	0.065801	0.160752	0.294741	0.000000	0.000000	5.885194	0.763109
25765b75502ddaac4fe81890b19f5e3f721885f03aea884600bb9ee14232f7f9	photo	clic2025-native	/home/lilith/work/codec-corpus/clic2025/final-test/02809272b4ca9b08af45771501b741296187c7e26907efb44abbbfcb6cd804f7.png	medium	1024	680	1024	4432.762207	0.356864	0.096118	0.013367	0.010105	0.097702	0.022978	35.020355	3.089197	0.735642	5477.000000	0.167145	0.010590	0.010920	1.000000	0.043680	0.042170	12.000000	0.258739	4.512593	40.545036	9.871324	0.003676	0.000000	0.000000	0.000000	0.000000	0.000000	0.132278	4.225036	0.941327	0.219784	0.034198	0.219669	0.329020	30.264774	0.000000	0.185662	0.021446	0.000000	696320.000000	13.453565	680.000000	1024.000000	2088960.000000	0.664062	0.409379	0.000000	0.035294	3.000000	4.476348	4.930140	5.135625	5.193325	5.265074	0.527075	1.000000	1.000000	1.000000	0.075468	0.171350	0.307980	0.481156	16.000000	47.000000	101.000000	225.000000	255.000000	0.015873	0.079365	0.174603	0.285714	0.000000	0.000000	0.015873	0.031746	0.000000	0.000000	1.000000	1.179248	2.113055	3.008600	0.019795	0.076150	0.219784	0.000000	0.000000	4.825582	0.761977
493a9d6c7f6e9ac7c57f921d202cea6d0c48d31875f56a1e94953cce481ebc08	photo	CID22-512px	/home/lilith/work/codec-corpus/CID22/CID22-512/training/ularapi_Semarang_City_Logo.png	medium	256	256	256	10561.298828	0.253010	0.228095	0.016420	0.014189	0.371094	0.347656	89.132225	2.179497	0.604324	918.000000	0.028015	0.090290	0.059730	17.000000	0.474720	0.149850	56.000000	0.119646	2.864783	91.083008	29.025391	0.569336	0.000000	0.000000	0.000000	0.000000	0.000000	0.634476	3.455638	2.559597	0.000000	0.000000	0.336914	0.007965	65.741455	0.571289	0.156328	0.030599	0.000000	65536.000000	11.090355	256.000000	256.000000	196608.000000	1.000000	0.000000	0.000000	0.000000	3.000000	5.141083	5.652920	5.745378	5.785075	5.822589	0.000000	1.000000	1.000000	1.000000	0.000000	0.000000	0.066074	1.000000	1.000000	49.000000	178.000000	255.000000	255.000000	0.000000	0.000000	0.111111	0.301587	0.000000	0.000000	0.000000	0.000000	0.000000	0.000000	0.000000	0.000000	0.000000	0.000000	0.000000	0.000000	0.000000	0.000000	0.000000	1.805453	0.551209
06597cde948ec9f543e9a452bc16ffcff69e01c0e943a6fd12f03051a12d179b	photo	clic2025-1024px-resized	/home/lilith/work/codec-corpus/clic2025-1024/d1a9be98d1936065967adac50a6fb750.png	large	1024	1024	1024	3277.912842	0.107155	0.087699	0.003656	0.002823	0.605713	0.514160	35.036686	0.292374	1.427233	1468.000000	0.044800	0.000820	0.000760	0.000000	0.003460	0.003510	1.000000	0.101212	4.092486	12.322266	2.509766	0.012695	0.000000	0.000000	0.000000	0.000000	0.000000	0.623960	2.626146	1.487072	0.016493	0.000000	0.381836	0.316435	12.327566	0.033203	0.055943	0.006448	0.000000	1048576.000000	13.862944	1024.000000	1024.000000	3145728.000000	1.000000	0.000000	0.000000	0.000000	3.000000	2.129530	4.157410	4.648989	4.792079	4.998602	0.022198	0.089050	0.926859	1.000000	0.000000	0.022240	0.122626	0.232013	2.000000	6.000000	23.000000	74.000000	255.000000	0.000000	0.000000	0.000000	0.095238	0.000000	0.000000	0.000000	0.000000	0.000000	0.000000	0.000000	0.000000	0.859399	1.094732	0.000000	0.012417	0.016493	0.000000	0.000000	20.002821	0.676631
6508547e506810ec37cf875a40f65abd5c3c0db0db0dfc458326c33ba645599e	photo	CID22-512px	/home/lilith/work/codec-corpus/CID22/CID22-512/training/631317.png	medium	256	256	256	2423.072021	0.327905	0.112302	0.019788	0.011908	0.038086	0.005859	44.676643	0.543970	1.059651	2169.000000	0.066193	0.025580	0.031650	3.000000	0.052170	0.063490	4.000000	0.243617	4.287722	26.551758	9.185547	0.000000	0.000000	0.000000	0.000000	0.000000	0.000000	0.103027	4.105529	0.644040	0.338736	0.062140	0.125977	0.525223	23.026297	0.000000	0.139912	0.020663	0.000000	65536.000000	11.090355	256.000000	256.000000	196608.000000	1.000000	0.000000	0.000000	0.000000	3.000000	4.109781	4.516783	4.884483	5.064746	5.333589	0.505747	0.764974	1.000000	1.000000	0.098973	0.168406	0.306290	0.494542	19.000000	39.000000	68.000000	167.000000	255.000000	0.047619	0.079365	0.126984	0.190476	0.000000	0.000000	0.015873	0.031746	0.000000	1.000000	2.000000	1.531279	3.233405	3.470116	0.037704	0.248429	0.338736	0.000000	0.015873	9.671866	0.734805
5dcdc26d02adf087826a0eccb0392b2ef4534e3146ccdedfc83285a758105336	mixed	kadid10k-distortion-set	/home/lilith/work/codec-corpus/kadid10k/I39.png	tiny	64	64	48	3767.540283	0.641675	0.121102	0.036067	0.045302	0.000000	0.000000	57.241009	0.564066	0.587228	868.000000	0.282552	0.079450	0.039170	2.000000	0.748370	0.343630	17.000000	0.368733	4.337763	71.583336	27.770834	0.000000	0.000000	0.000000	0.000000	0.000000	0.000000	0.155924	4.796288	0.498173	0.608608	0.161823	0.062500	0.622070	38.594734	0.000000	0.308862	0.058201	0.000000	3072.000000	8.030084	48.000000	64.000000	9216.000000	0.750000	0.287682	0.000000	0.333333	3.000000														44.000000	100.000000	173.000000	255.000000	255.000000									0.000000	1.000000	4.000000									0.673900	0.702350
03b460c03ca480522dc69ada15162d6748f40e4ed7b06d0c0068eebedebec5f5	mixed	kadid10k-distortion-set	/home/lilith/work/codec-corpus/kadid10k/I12.png	small	256	256	192	3482.436035	0.674962	0.090469	0.022229	0.010833	0.000000	0.000000	37.267349	1.591258	0.812875	3218.000000	0.098206	0.020620	0.025600	1.000000	0.030110	0.035600	2.000000	0.283049	4.603281	65.804688	13.161458	0.000000	0.000000	0.000000	0.000000	0.000000	0.000000	0.029439	4.786401	0.387115	0.876774	0.098096	0.126302	0.037720	29.712173	0.000000	0.273003	0.029969	0.000000	49152.000000	10.802672	192.000000	256.000000	147456.000000	0.750000	0.287682	0.000000	0.000000	3.000000	4.838509	5.070090	5.245790	5.344252	5.505111	1.000000	1.000000	1.000000	1.000000	0.160410	0.294158	0.428181	0.565299	44.000000	87.000000	140.000000	255.000000	255.000000	0.142857	0.206349	0.285714	0.333333	0.000000	0.015873	0.031746	0.047619	0.000000	3.000000	7.000000	3.712560	4.051847	4.292037	0.397946	0.639591	0.876774	0.079365	0.111111	1.653425	0.727636
5dcdc26d02adf087826a0eccb0392b2ef4534e3146ccdedfc83285a758105336	mixed	kadid10k-distortion-set	/home/lilith/work/codec-corpus/kadid10k/I39.png	small	256	256	192	4565.029297	0.400595	0.130211	0.018615	0.023593	0.095052	0.050781	60.370407	0.765725	0.897417	2183.000000	0.066620	0.015190	0.006900	0.000000	0.153110	0.063340	8.000000	0.127208	4.306217	53.493488	20.730469	0.024740	0.000000	0.000000	0.000000	0.000000	0.000000	0.187988	4.317093	1.162795	0.258149	0.050137	0.303385	0.552104	34.135227	0.020833	0.185330	0.039724	0.000000	49152.000000	10.802672	192.000000	256.000000	147456.000000	0.750000	0.287682	0.000000	0.000000	3.000000	4.566195	5.063975	5.358332	5.472601	5.644872	0.721782	1.000000	1.000000	1.000000	0.151138	0.381770	0.672141	0.927330	20.000000	49.000000	94.000000	215.000000	255.000000	0.015873	0.111111	0.190476	0.253968	0.000000	0.015873	0.031746	0.063492	0.000000	0.000000	0.000000	0.000000	1.289687	3.166129	0.000000	0.025474	0.258149	0.000000	0.000000	5.221279	0.773749
068251eba26a13e66e8d2ba1720a40ac452afc828e4422f35921c16053eb4d5f	mixed	kadid10k-distortion-set	/home/lilith/work/codec-corpus/kadid10k/I33.png	tiny	64	64	48	1679.277100	0.260385	0.186314	0.015123	0.009578	0.000000	0.000000	74.417183	0.117562	0.705157	624.000000	0.203125	0.023130	0.031360	0.000000	0.067210	0.046830	3.000000	0.148576	4.106448	38.958332	17.645834	0.000000	0.000000	0.000000	0.000000	0.000000	0.000000	0.004557	4.132040	0.728683	0.380003	0.133548	0.687500	0.126953	24.110512	0.000000	0.117725	0.036045	0.000000	3072.000000	8.030084	48.000000	64.000000	9216.000000	0.750000	0.287682	0.000000	0.333333	3.000000														2.000000	26.000000	78.000000	175.000000	255.000000									0.000000	0.000000	0.000000									6.628165	0.909153
5dea5d5c88af5d70616ce225ab1524481577f004bcf9e31ff888d3a552e85366	mixed	kadid10k-distortion-set	/home/lilith/work/codec-corpus/kadid10k/I26.png	tiny	64	64	48	1584.564331	0.560959	0.120152	0.036002	0.017344	0.000000	0.000000	46.599373	0.302799	0.894843	639.000000	0.208008	0.072190	0.127980	3.000000	0.127070	0.221740	5.000000	0.374726	3.802122	42.604168	21.208334	0.000000	0.000000	0.000000	0.000000	0.000000	0.000000	0.087240	4.533648	0.411667	0.607930	0.080012	0.020833	0.115234	29.167198	0.000000	0.251984	0.050595	0.000000	3072.000000	8.030084	48.000000	64.000000	9216.000000	0.750000	0.287682	0.000000	0.333333	3.000000														31.000000	64.000000	117.000000	255.000000	255.000000									0.000000	2.000000	5.000000									3.712313	0.663591
3ad760c9af98b273b50d2816db6b558b9cbe5afe93cbb8d8d2c8e10063f3146b	photo	clic2025-1024px-resized	/home/lilith/work/codec-corpus/clic2025-1024/ef576c4ed599d75d72145a8f34b58ccb.png	medium	256	256	256	2112.366455	0.251918	0.130654	0.018611	0.018475	0.260742	0.029297	56.740700	0.406513	1.024084	4310.000000	0.131531	0.026110	0.030530	4.000000	0.131370	0.178230	14.000000	0.186999	3.938982	24.523438	18.922852	0.000000	0.000000	0.000000	0.000000	0.000000	0.000000	0.007584	3.743254	1.040645	0.090794	0.051504	0.286133	0.024323	22.214191	0.005859	0.119342	0.035668	0.000000	65536.000000	11.090355	256.000000	256.000000	196608.000000	1.000000	0.000000	0.000000	0.000000	3.000000	3.908886	4.623094	4.958145	5.091419	5.237594	0.244432	0.639513	1.000000	1.000000	0.121429	0.266875	0.532936	0.796101	8.000000	28.000000	64.000000	155.000000	255.000000	0.000000	0.015873	0.095238	0.206349	0.000000	0.000000	0.031746	0.063492	0.000000	0.000000	0.000000	1.377663	1.646982	2.252853	0.031313	0.048067	0.090794	0.000000	0.000000	8.183398	0.810181
09b0f0f333e9993b4b8348f45b8a37be77d4f2b0db1b6b9d2d724c221190f813	photo	CID22-512px	/home/lilith/work/codec-corpus/CID22/CID22-512/training/1292115.png	small	64	64	64	7709.487305	0.115898	0.017297	0.002514	0.002878	0.421875	0.031250	8.061442	0.018977	0.882876	119.000000	0.029053	0.000440	0.000430	0.000000	0.003350	0.003150	0.000000	0.065698	4.019862	14.531250	0.750000	0.000000	0.000000	0.000000	0.000000	8.000000	1.000000	0.237061	3.405263	0.915774	0.091167	0.023795	0.609375	0.000244	10.910827	0.031250	0.064236	0.001240	0.000000	4096.000000	8.317766	64.000000	64.000000	12288.000000	1.000000	0.000000	0.000000	0.000000	3.000000														3.000000	12.000000	28.000000	63.000000	145.000000									0.000000	0.000000	0.000000									9.458835	0.885700
4c425f980eebf5289637b9de52aa18b6d6dbc3b70d48d6acd7c7c42b8e27ff8d	photo	CID22-512px	/home/lilith/work/codec-corpus/CID22/CID22-512/training/1963557.png	small	64	64	64	3277.703369	0.270597	0.234954	0.031080	0.038048	0.000000	0.000000	93.409943	0.138413	0.776171	1066.000000	0.260254	0.082770	0.046300	5.000000	0.712760	0.435330	58.000000	0.089643	4.487535	35.234375	33.875000	0.000000	0.000000	0.000000	0.000000	0.000000	0.000000	0.008301	4.357359	0.557629	0.428803	0.222660	0.312500	0.066406	32.998310	0.000000	0.134921	0.054067	0.000000	4096.000000	8.317766	64.000000	64.000000	12288.000000	1.000000	0.000000	0.000000	0.000000	3.000000														18.000000	39.000000	75.000000	162.000000	255.000000									0.000000	0.000000	1.000000									6.237272	0.792191
5dea5d5c88af5d70616ce225ab1524481577f004bcf9e31ff888d3a552e85366	mixed	kadid10k-distortion-set	/home/lilith/work/codec-corpus/kadid10k/I26.png	small	256	256	192	1980.780640	0.239975	0.123001	0.012905	0.006924	0.085938	0.000000	47.500553	0.582740	1.049007	2081.000000	0.063507	0.004550	0.009650	1.000000	0.008570	0.019420	2.000000	0.201249	3.902455	33.269531	13.348958	0.002604	0.000000	0.000000	0.000000	0.000000	0.000000	0.091593	4.134210	0.720213	0.289768	0.060767	0.615885	0.115560	35.429688	0.002604	0.132875	0.026558	0.000000	49152.000000	10.802672	192.000000	256.000000	147456.000000	0.750000	0.287682	0.000000	0.000000	3.000000	4.192400	4.676841	5.064940	5.298845	5.519821	0.472141	0.917702	1.000000	1.000000	0.098628	0.174243	0.414791	0.769301	7.000000	22.000000	71.000000	227.000000	255.000000	0.031746	0.047619	0.095238	0.190476	0.000000	0.000000	0.015873	0.047619	0.000000	0.000000	1.000000	2.647383	2.925755	3.167386	0.147373	0.222377	0.289768	0.000000	0.015873	10.510108	0.871061
068251eba26a13e66e8d2ba1720a40ac452afc828e4422f35921c16053eb4d5f	mixed	kadid10k-distortion-set	/home/lilith/work/codec-corpus/kadid10k/I33.png	small	256	256	192	1978.608521	0.218006	0.188668	0.010628	0.006057	0.645833	0.000000	75.132996	0.533030	0.997054	2345.000000	0.071564	0.011830	0.015210	2.000000	0.025170	0.023890	4.000000	0.332429	4.177726	21.148438	8.209636	0.005208	0.000000	0.000000	0.000000	0.000000	0.000000	0.005249	3.155256	1.177087	0.082586	0.030020	0.145833	0.123088	26.990356	0.000000	0.098876	0.015005	0.000000	49152.000000	10.802672	192.000000	256.000000	147456.000000	0.750000	0.287682	0.000000	0.000000	3.000000	2.434345	4.582721	4.960440	5.068703	5.234856	0.099274	0.123330	1.000000	1.000000	0.041420	0.061605	0.302609	0.580392	3.000000	15.000000	78.000000	205.000000	255.000000	0.000000	0.015873	0.015873	0.222222	0.000000	0.000000	0.000000	0.031746	0.000000	0.000000	0.000000	1.819544	2.051092	2.140224	0.042588	0.072415	0.082586	0.000000	0.000000	8.315093	0.788611
5ec00f6446a350a998f0bddb4674447ec771d9815328b353921377d19cab1ac7	mixed	kadid10k-distortion-set	/home/lilith/work/codec-corpus/kadid10k/I03.png	tiny	64	64	48	1692.570312	0.692671	0.297730	0.118324	0.047980	0.041667	0.000000	99.000572	0.540969	0.488575	1783.000000	0.580404	0.602360	0.740890	12.000000	0.619700	0.672640	12.000000	0.625394	3.921123	49.000000	119.729164	0.000000	0.000000	0.000000	0.000000	0.000000	0.000000	0.000326	4.604513	0.652488	0.276765	0.691471	0.000000	0.122721	29.299002	0.000000	0.295304	0.170966	0.000000	3072.000000	8.030084	48.000000	64.000000	9216.000000	0.750000	0.287682	0.000000	0.333333	3.000000														52.000000	105.000000	168.000000	255.000000	255.000000									0.000000	0.000000	2.000000									0.437434	0.576283
093af998fc083fcf4165ce77d58e4072face3ecff1ffc052dbac4a69c7ab61fb	photo	clic2025-native	/home/lilith/work/codec-corpus/clic2025/final-test/07b9f93f170a0381836bdf301280a5b80b2c4be6e66f793a3c335dc200fb4e5b.png	tiny	64	64	43	4338.099121	0.364286	0.208259	0.026606	0.017300	0.050000	0.000000	88.023949	0.211218	0.749478	1134.000000	0.412064	0.034370	0.062250	1.000000	0.104880	0.108440	4.000000	0.123955	4.667392	67.199997	32.775002	0.000000	0.000000	0.000000	0.000000	0.000000	0.000000	0.015988	4.479573	0.838025	0.422842	0.184787	0.500000	0.269922	35.083847	0.000000	0.190873	0.045635	0.000000	2752.000000	7.920083	43.000000	64.000000	8256.000000	0.671875	0.397683	0.116279	0.488372	3.000000														11.000000	53.000000	111.000000	227.000000	255.000000									0.000000	0.000000	0.000000									3.516414	0.882962
4c425f980eebf5289637b9de52aa18b6d6dbc3b70d48d6acd7c7c42b8e27ff8d	photo	CID22-512px	/home/lilith/work/codec-corpus/CID22/CID22-512/training/1963557.png	medium	256	256	256	3540.067871	0.277832	0.243228	0.018348	0.022376	0.176758	0.109375	96.247513	0.386013	1.080426	2858.000000	0.087219	0.044450	0.020120	9.000000	0.346300	0.202390	53.000000	0.153049	4.529203	22.291992	23.125977	0.019531	0.000000	0.000000	0.000000	0.000000	0.000000	0.009888	3.683562	1.195741	0.032004	0.026712	0.182617	0.051971	22.643589	0.041016	0.122303	0.034366	0.000000	65536.000000	11.090355	256.000000	256.000000	196608.000000	1.000000	0.000000	0.000000	0.000000	3.000000	4.018861	4.307598	4.883531	5.180247	5.440720	0.426719	0.688501	1.000000	1.000000	0.097531	0.264629	0.537841	1.000000	10.000000	33.000000	61.000000	144.000000	255.000000	0.000000	0.063492	0.126984	0.174603	0.000000	0.000000	0.015873	0.047619	0.000000	0.000000	0.000000	0.297626	1.144185	1.356978	0.005629	0.022221	0.032004	0.000000	0.000000	9.395260	0.742243
09b0f0f333e9993b4b8348f45b8a37be77d4f2b0db1b6b9d2d724c221190f813	photo	CID22-512px	/home/lilith/work/codec-corpus/CID22/CID22-512/training/1292115.png	medium	256	256	256	7734.472656	0.040308	0.018264	0.002886	0.003187	0.541016	0.203125	8.385557	0.052791	1.348054	205.000000	0.006256	0.000640	0.000590	0.000000	0.004460	0.004520	0.000000	0.169304	4.061180	5.464844	0.269531	0.000000	0.000000	0.000000	0.000000	8.000000	1.000000	0.240204	2.757158	1.003382	0.027830	0.003329	0.305664	0.000549	7.149383	0.001953	0.030366	0.000341	0.000000	65536.000000	11.090355	256.000000	256.000000	196608.000000	1.000000	0.000000	0.000000	0.000000	3.000000	2.928580	3.599527	3.976424	4.186571	4.602914	0.063028	0.178089	0.425060	0.715238	0.012983	0.028841	0.058479	0.078338	2.000000	10.000000	23.000000	52.000000	240.000000	0.000000	0.000000	0.015873	0.047619	0.000000	0.000000	0.000000	0.000000	0.000000	0.000000	0.000000	1.038918	1.215836	1.316694	0.014726	0.021993	0.027830	0.000000	0.000000	12.774182	0.740629
2f1ba6a3c196a9baea7ac09f791e2847417e13de5770e6dcf975583406f0224e	screenshot	gb82-screens	/home/lilith/work/codec-corpus/gb82-sc/graph.png	tiny	64	64	39	78.167892	0.080853	0.012457	0.002516	0.001944	0.375000	0.093750	6.719069	0.031073	0.779729	56.000000	0.022436	0.001080	0.003960	0.000000	0.007170	0.017170	1.000000	0.831753	1.476122	4.125000	0.500000	0.218750	0.000000	0.000000	0.000000	8.000000	1.000000	0.000801	2.961607	1.041970	0.090194	0.000000	0.000000	0.043945	14.022116	0.218750	0.042659	0.000000	0.000000	2496.000000	7.822445	39.000000	64.000000	7488.000000	0.609375	0.495321	0.025641	0.641026	3.000000														5.000000	16.000000	33.000000	114.000000	165.000000									0.000000	0.000000	0.000000									14.838858	0.542362
0b96c7a9e9caadd1db7e8ff99aaefa7d927496eaf0c53e792eb669c0b8062729	mixed	kadid10k-distortion-set	/home/lilith/work/codec-corpus/kadid10k/I40.png	tiny	64	64	48	1488.373535	0.710233	0.114845	0.049082	0.018760	0.000000	0.000000	44.319077	0.298237	0.618985	1046.000000	0.340495	0.118770	0.086440	3.000000	0.099340	0.086970	1.000000	0.434744	4.136501	35.166668	22.333334	0.000000	0.000000	0.000000	0.000000	0.000000	0.000000	0.033203	4.581892	0.231828	0.846721	0.258371	0.000000	0.077799	20.992672	0.000000	0.248016	0.049272	0.000000	3072.000000	8.030084	48.000000	64.000000	9216.000000	0.750000	0.287682	0.000000	0.333333	3.000000														47.000000	81.000000	121.000000	199.000000	255.000000									1.000000	4.000000	9.000000									1.307687	0.661722
5ec00f6446a350a998f0bddb4674447ec771d9815328b353921377d19cab1ac7	mixed	kadid10k-distortion-set	/home/lilith/work/codec-corpus/kadid10k/I03.png	small	256	256	192	2460.761719	0.430613	0.313909	0.050501	0.021301	0.132812	0.071615	103.614052	1.067704	0.754771	6730.000000	0.205383	0.080240	0.100220	5.000000	0.092420	0.104330	7.000000	0.249433	4.148932	51.337238	62.229168	0.009115	0.000000	0.000000	0.000000	0.000000	0.000000	0.003764	4.258984	1.237601	0.052980	0.040193	0.194010	0.117086	32.060230	0.013021	0.214430	0.084739	0.000000	49152.000000	10.802672	192.000000	256.000000	147456.000000	0.750000	0.287682	0.000000	0.000000	3.000000	4.748166	5.017589	5.194041	5.283957	5.410573	0.761465	1.000000	1.000000	1.000000	0.505205	0.900915	1.000000	1.000000	19.000000	59.000000	116.000000	248.000000	255.000000	0.000000	0.126984	0.222222	0.317460	0.000000	0.063492	0.095238	0.111111	0.000000	0.000000	0.000000	0.297624	1.220353	1.753966	0.004318	0.026338	0.052980	0.000000	0.000000	3.418282	0.757431
4c4b302fee5f591cae7eda62f9649a019399aa8ded1116ed16a868fdf4b88439	photo	CID22-512px	/home/lilith/work/codec-corpus/CID22/CID22-512/training/3214023.png	small	64	64	64	3336.250977	0.555304	0.066972	0.011519	0.009918	0.046875	0.000000	22.821411	0.269851	0.601085	777.000000	0.189697	0.011690	0.010560	1.000000	0.065210	0.063170	7.000000	0.204876	4.544260	54.625000	8.765625	0.000000	0.000000	0.000000	0.000000	0.000000	0.000000	0.177246	4.656601	0.574946	0.694992	0.041706	0.250000	0.105225	24.613701	0.000000	0.234375	0.021329	0.000000	4096.000000	8.317766	64.000000	64.000000	12288.000000	1.000000	0.000000	0.000000	0.000000	3.000000														31.000000	67.000000	109.000000	194.000000	255.000000									0.000000	1.000000	4.000000									2.342397	0.791787
0b96c7a9e9caadd1db7e8ff99aaefa7d927496eaf0c53e792eb669c0b8062729	mixed	kadid10k-distortion-set	/home/lilith/work/codec-corpus/kadid10k/I40.png	small	256	256	192	2341.585205	0.681018	0.125687	0.036610	0.015252	0.000000	0.000000	47.694847	1.309472	0.714575	3689.000000	0.112579	0.048990	0.041800	2.000000	0.052890	0.046440	3.000000	0.281098	4.325978	50.377605	20.257812	0.000000	0.000000	0.000000	0.000000	0.000000	0.000000	0.047729	4.680174	0.325766	0.797128	0.200797	0.079427	0.111267	24.808334	0.000000	0.240162	0.043217	0.000000	49152.000000	10.802672	192.000000	256.000000	147456.000000	0.750000	0.287682	0.000000	0.000000	3.000000	4.710852	4.915505	5.052179	5.141879	5.315906	1.000000	1.000000	1.000000	1.000000	0.296439	0.405948	0.564850	0.753851	43.000000	81.000000	126.000000	227.000000	255.000000	0.142857	0.190476	0.238095	0.285714	0.015873	0.031746	0.047619	0.063492	0.000000	3.000000	7.000000	3.853968	4.055025	4.211946	0.475347	0.670937	0.797128	0.079365	0.126984	1.926721	0.738640
3ad760c9af98b273b50d2816db6b558b9cbe5afe93cbb8d8d2c8e10063f3146b	photo	clic2025-1024px-resized	/home/lilith/work/codec-corpus/clic2025-1024/ef576c4ed599d75d72145a8f34b58ccb.png	large	1024	1024	1024	2173.972412	0.097492	0.133709	0.009175	0.008360	0.448975	0.041138	57.708225	0.346324	1.339210	10866.000000	0.331604	0.009420	0.011060	7.000000	0.027860	0.041420	13.000000	0.086975	3.945520	11.914062	10.244141	0.001953	0.000000	0.000000	0.000000	0.000000	0.000000	0.007444	3.135410	1.054791	0.038627	0.013557	0.314453	0.026148	15.205432	0.002930	0.054393	0.019035	0.000000	1048576.000000	13.862944	1024.000000	1024.000000	3145728.000000	1.000000	0.000000	0.000000	0.000000	3.000000	3.102042	4.021798	4.578628	4.825264	5.080242	0.080203	0.253690	0.774366	1.000000	0.042556	0.109582	0.277626	0.520490	5.000000	12.000000	26.000000	74.000000	255.000000	0.000000	0.000000	0.015873	0.095238	0.000000	0.000000	0.000000	0.031746	0.000000	0.000000	0.000000	1.168790	1.511048	1.725171	0.021027	0.030339	0.038627	0.000000	0.000000	19.113327	0.735098
1da209a2eb8d1a3ef3a344d661ad2ce2ebd0c7874b1be1fe75ace1ddada68150	photo	clic2025-native	/home/lilith/work/codec-corpus/clic2025/final-test/50fe4c3d47d864858e1aaa60fecef5c453b4e18d2b368718eeb5c1e249e0c902.png	small	256	256	162	2493.051270	0.671250	0.110484	0.034691	0.019532	0.001563	0.000000	42.717098	1.446557	0.651582	2842.000000	0.086731	0.065980	0.073040	3.000000	0.149100	0.134950	24.000000	0.303424	4.392570	58.571877	21.523438	0.000000	0.000000	0.000000	0.000000	0.000000	0.000000	0.064984	4.773765	0.393987	0.912415	0.194887	0.123438	0.496899	29.420143	0.000000	0.264087	0.043130	0.000000	41472.000000	10.632773	162.000000	256.000000	124416.000000	0.632812	0.457581	0.037037	0.185185	3.000000	4.860803	5.048604	5.155682	5.217342	5.323468	1.000000	1.000000	1.000000	1.000000	0.283050	0.403531	0.551990	0.733213	47.000000	89.000000	139.000000	251.000000	255.000000	0.111111	0.190476	0.269841	0.349206	0.015873	0.015873	0.047619	0.063492	0.000000	3.000000	6.000000	3.317093	4.054747	4.266608	0.339139	0.629957	0.912415	0.031746	0.095238	1.450150	0.751838
2f1ba6a3c196a9baea7ac09f791e2847417e13de5770e6dcf975583406f0224e	screenshot	gb82-screens	/home/lilith/work/codec-corpus/gb82-sc/graph.png	small	256	256	155	218.048828	0.077554	0.020985	0.001717	0.001273	0.608553	0.483553	9.484092	0.253806	1.323665	208.000000	0.006348	0.003630	0.009000	5.000000	0.014600	0.040980	22.000000	0.635348	1.077224	7.440790	1.317434	0.641447	0.000000	0.000000	0.000000	8.000000	1.000000	0.012954	1.938424	1.791888	0.000000	0.000000	0.011513	0.018066	33.619469	0.654605	0.047462	0.003603	0.000000	39680.000000	10.588603	155.000000	256.000000	119040.000000	0.605469	0.501752	0.032258	0.032258	3.000000	1.693370	3.354634	4.335358	4.708871	5.112720	0.000000	0.045708	0.296458	0.794562	0.000000	0.003403	0.021139	0.040334	0.000000	4.000000	30.000000	162.000000	255.000000	0.000000	0.000000	0.000000	0.047619	0.000000	0.000000	0.000000	0.000000	0.000000	0.000000	0.000000	0.000000	0.000000	0.000000	0.000000	0.000000	0.000000	0.000000	0.000000	26.869091	0.368949
2a38e71750c0fe268d630871cb6a237a58c0d65ef31c9201753773459a83460f	photo	CID22-512px	/home/lilith/work/codec-corpus/CID22/CID22-512/validation/6292444.png	small	64	64	64	3670.459961	0.401361	0.164179	0.024289	0.030279	0.171875	0.000000	62.465008	0.203767	0.748070	808.000000	0.197266	0.039470	0.027620	2.000000	0.472150	0.307810	33.000000	0.234579	4.234427	38.500000	35.718750	0.000000	0.000000	0.000000	0.000000	0.000000	0.000000	0.059082	4.153823	1.018206	0.075004	0.047749	0.156250	0.329590	26.314915	0.000000	0.189732	0.050347	0.000000	4096.000000	8.317766	64.000000	64.000000	12288.000000	1.000000	0.000000	0.000000	0.000000	3.000000														19.000000	48.000000	90.000000	197.000000	255.000000									0.000000	0.000000	0.000000									5.297758	0.784915
4c4b302fee5f591cae7eda62f9649a019399aa8ded1116ed16a868fdf4b88439	photo	CID22-512px	/home/lilith/work/codec-corpus/CID22/CID22-512/training/3214023.png	medium	256	256	256	3704.270020	0.263360	0.068872	0.006031	0.005610	0.123047	0.000000	23.477587	0.426477	0.924979	2057.000000	0.062775	0.002830	0.003930	1.000000	0.014800	0.022490	5.000000	0.135456	4.626412	32.842773	5.149414	0.000000	0.000000	0.000000	0.000000	0.000000	0.000000	0.153336	4.114499	0.798845	0.195599	0.016015	0.525391	0.102036	26.437025	0.007812	0.121171	0.009828	0.000000	65536.000000	11.090355	256.000000	256.000000	196608.000000	1.000000	0.000000	0.000000	0.000000	3.000000	4.249431	4.721857	5.067526	5.193763	5.411998	0.435854	0.995614	1.000000	1.000000	0.030044	0.073189	0.150779	0.310935	8.000000	28.000000	65.000000	159.000000	255.000000	0.015873	0.047619	0.111111	0.174603	0.000000	0.000000	0.000000	0.015873	0.000000	0.000000	1.000000	2.152098	2.641954	2.893762	0.086257	0.146533	0.195599	0.000000	0.000000	8.993048	0.854667
0bada1eb6a9f523e5e3a4d5c4742f6c21607c27996b314f47d837fdef7a8ee18	photo	CID22-512px	/home/lilith/work/codec-corpus/CID22/CID22-512/training/2232979.png	small	64	64	64	897.800049	0.054926	0.060940	0.008158	0.007638	0.187500	0.000000	37.653385	0.014090	0.992103	234.000000	0.057129	0.003320	0.003180	0.000000	0.013920	0.014020	0.000000	0.076357	3.440846	13.703125	7.156250	0.000000	0.000000	0.000000	0.000000	8.000000	1.000000	0.000000	3.543782	0.607219	0.180239	0.060768	0.687500	0.006592	14.831213	0.000000	0.058532	0.012649	0.000000	4096.000000	8.317766	64.000000	64.000000	12288.000000	1.000000	0.000000	0.000000	0.000000	3.000000														5.000000	9.000000	19.000000	59.000000	207.000000									0.000000	0.000000	0.000000									44.781704	0.913011
093af998fc083fcf4165ce77d58e4072face3ecff1ffc052dbac4a69c7ab61fb	photo	clic2025-native	/home/lilith/work/codec-corpus/clic2025/final-test/07b9f93f170a0381836bdf301280a5b80b2c4be6e66f793a3c335dc200fb4e5b.png	small	256	256	170	4627.833984	0.243604	0.211159	0.018205	0.012280	0.421131	0.000000	89.133415	0.522568	1.077817	3449.000000	0.105255	0.026610	0.037890	5.000000	0.076860	0.119750	12.000000	0.189848	4.718781	30.596725	14.598214	0.002976	0.000000	0.000000	0.000000	0.000000	0.000000	0.019347	3.574855	1.202556	0.082135	0.067373	0.458333	0.262463	33.915913	0.000000	0.117583	0.027896	0.000000	43520.000000	10.680976	170.000000	256.000000	130560.000000	0.664062	0.409379	0.035294	0.129412	3.000000	3.661610	4.677505	5.191405	5.313087	5.561140	0.132167	0.417574	1.000000	1.000000	0.103231	0.175422	0.422758	0.636671	4.000000	30.000000	76.000000	204.000000	255.000000	0.000000	0.015873	0.063492	0.222222	0.000000	0.000000	0.015873	0.047619	0.000000	0.000000	0.000000	1.492891	1.862951	2.058568	0.038282	0.064543	0.082135	0.000000	0.000000	7.999718	0.821292
4ce7ff45f98595f3c7d782e2e6abd97bacb88f284ffe170dbe33a25bcca62082	photo	gb82-photos	/home/lilith/work/codec-corpus/gb82/night-lossless.png	small	64	64	64	3149.499512	0.327538	0.001958	0.000861	0.000516	0.171875	0.156250	0.679010	0.168146	0.932370	58.000000	0.014160	0.000080	0.000080	0.000000	0.000260	0.000220	0.000000	0.183951	3.340046	32.265625	0.000000	0.000000	0.000000	0.000000	0.000000	8.000000	1.000000	1.000000	3.894779	1.254972	0.032415	0.000000	0.187500	0.000000	27.766592	0.000000	0.149802	0.000000	0.000000	4096.000000	8.317766	64.000000	64.000000	12288.000000	1.000000	0.000000	0.000000	0.000000	3.000000														14.000000	44.000000	85.000000	182.000000	255.000000									0.000000	0.000000	1.000000									5.534960	0.713722
651f873ff9fd4830f4ae09c4e954bea538aa306f04e400d561107985eb47e4c3	photo	clic2025-1024px-resized	/home/lilith/work/codec-corpus/clic2025-1024/2a760bf1ccea6998be3890dcc2371b23f35fe3006562884b45bc534a621d5c12.png	small	64	64	64	609.410461	0.122701	0.071035	0.006917	0.006313	0.609375	0.046875	34.701290	0.084716	1.131770	254.000000	0.062012	0.007690	0.015780	2.000000	0.011160	0.018370	3.000000	0.332469	2.620701	11.796875	8.906250	0.000000	0.000000	0.000000	0.000000	8.000000	1.000000	0.072021	3.151353	1.092694	0.086502	0.045494	0.468750	0.006104	30.723083	0.031250	0.068700	0.019593	0.000000	4096.000000	8.317766	64.000000	64.000000	12288.000000	1.000000	0.000000	0.000000	0.000000	3.000000														1.000000	4.000000	30.000000	176.000000	255.000000									0.000000	0.000000	0.000000									18.195383	0.771185
2a38e71750c0fe268d630871cb6a237a58c0d65ef31c9201753773459a83460f	photo	CID22-512px	/home/lilith/work/codec-corpus/CID22/CID22-512/validation/6292444.png	medium	256	256	256	3916.141846	0.196770	0.169158	0.011141	0.015192	0.313477	0.152344	64.264824	0.236399	1.177286	2233.000000	0.068146	0.012820	0.008080	2.000000	0.185500	0.107690	27.000000	0.112816	4.220638	22.551758	16.073242	0.008789	0.000000	0.000000	0.000000	0.000000	0.000000	0.049698	3.432907	1.394163	0.024752	0.016781	0.468750	0.334595	22.324308	0.015625	0.098493	0.023810	0.000000	65536.000000	11.090355	256.000000	256.000000	196608.000000	1.000000	0.000000	0.000000	0.000000	3.000000	3.912458	4.547405	4.906102	5.059597	5.282820	0.120324	0.683717	1.000000	1.000000	0.039663	0.138931	0.380666	0.857317	5.000000	19.000000	44.000000	123.000000	255.000000	0.000000	0.000000	0.079365	0.158730	0.000000	0.000000	0.000000	0.031746	0.000000	0.000000	0.000000	0.297621	0.974853	1.182825	0.004253	0.018299	0.024752	0.000000	0.000000	16.059061	0.810042
0bada1eb6a9f523e5e3a4d5c4742f6c21607c27996b314f47d837fdef7a8ee18	photo	CID22-512px	/home/lilith/work/codec-corpus/CID22/CID22-512/training/2232979.png	medium	256	256	256	913.294128	0.026959	0.061426	0.004580	0.004104	0.592773	0.000000	37.809662	0.052345	1.575122	424.000000	0.012939	0.001790	0.001890	0.000000	0.007600	0.008150	3.000000	0.266220	3.494839	3.650391	1.809570	0.000000	0.000000	0.000000	0.000000	0.000000	0.000000	0.000000	2.950299	0.562828	0.086533	0.027475	0.176758	0.007751	13.414706	0.000000	0.021655	0.003782	0.000000	65536.000000	11.090355	256.000000	256.000000	196608.000000	1.000000	0.000000	0.000000	0.000000	3.000000	2.921288	3.353601	3.672646	3.833848	4.381060	0.121751	0.179987	0.301322	0.486910	0.040225	0.059003	0.090355	0.142424	3.000000	8.000000	15.000000	57.000000	255.000000	0.000000	0.000000	0.015873	0.031746	0.000000	0.000000	0.000000	0.000000	0.000000	0.000000	0.000000	1.832109	2.100155	2.237419	0.047958	0.073051	0.086533	0.000000	0.000000	73.810532	0.689222
4ce7ff45f98595f3c7d782e2e6abd97bacb88f284ffe170dbe33a25bcca62082	photo	gb82-photos	/home/lilith/work/codec-corpus/gb82/night-lossless.png	medium	256	256	256	3469.558105	0.241984	0.002375	0.000809	0.000469	0.320312	0.166992	0.807106	0.383906	1.190169	124.000000	0.003784	0.000080	0.000090	0.000000	0.000230	0.000240	0.000000	0.164161	3.205925	21.910156	0.000000	0.007812	0.000000	0.000000	0.000000	8.000000	1.000000	1.000000	3.415045	1.333599	0.027039	0.000000	0.185547	0.000000	26.398968	0.009766	0.100586	0.000000	0.000000	65536.000000	11.090355	256.000000	256.000000	196608.000000	1.000000	0.000000	0.000000	0.000000	3.000000	3.844212	4.418226	4.848648	5.105377	5.527606	0.076900	0.561091	1.000000	1.000000	0.000000	0.003403	0.010905	0.018857	8.000000	29.000000	59.000000	150.000000	255.000000	0.000000	0.000000	0.079365	0.158730	0.000000	0.000000	0.000000	0.000000	0.000000	0.000000	0.000000	0.297626	1.224016	1.422221	0.004318	0.020415	0.027039	0.000000	0.000000	10.712425	0.700479
2a852da05751d574d41f1c7624b11fe8d9cd86ccf45b4facd2e5f85e990924ec	photo	CID22-512px	/home/lilith/work/codec-corpus/CID22/CID22-512/training/1147124.png	small	64	64	64	601.020386	0.551776	0.053449	0.017487	0.027277	0.000000	0.000000	64.959198	0.211974	0.506767	341.000000	0.083252	0.017720	0.024100	0.000000	0.197410	0.296540	4.000000	0.632023	3.234586	20.453125	11.046875	0.000000	0.000000	0.000000	0.000000	0.000000	0.000000	0.000000	4.324697	0.200180	0.580157	0.216059	0.000000	0.000000	15.221857	0.000000	0.206845	0.031994	0.000000	4096.000000	8.317766	64.000000	64.000000	12288.000000	1.000000	0.000000	0.000000	0.000000	3.000000														33.000000	63.000000	94.000000	161.000000	237.000000									0.000000	2.000000	5.000000									2.180119	0.590960
2a852da05751d574d41f1c7624b11fe8d9cd86ccf45b4facd2e5f85e990924ec	photo	CID22-512px	/home/lilith/work/codec-corpus/CID22/CID22-512/training/1147124.png	medium	256	256	256	952.995422	0.346190	0.069847	0.018257	0.018399	0.092773	0.000977	70.041000	0.570858	0.772153	1424.000000	0.043457	0.027880	0.049430	4.000000	0.116330	0.210550	11.000000	0.302865	3.360650	25.918945	13.994141	0.000000	0.000000	0.000000	0.000000	0.000000	0.000000	0.000000	4.167841	0.662358	0.281809	0.158655	0.176758	0.000000	19.137299	0.000000	0.162869	0.034490	0.000000	65536.000000	11.090355	256.000000	256.000000	196608.000000	1.000000	0.000000	0.000000	0.000000	3.000000	4.373772	4.634789	4.778939	4.846733	4.977071	0.633020	1.000000	1.000000	1.000000	0.236938	0.329825	0.424983	0.532125	13.000000	42.000000	79.000000	164.000000	255.000000	0.031746	0.095238	0.174603	0.222222	0.000000	0.015873	0.031746	0.047619	0.000000	0.000000	1.000000	2.074634	2.754623	3.166356	0.076936	0.173415	0.281809	0.000000	0.015873	4.725718	0.772303
4eb79a990611369371d79487e4dbb40ce5c53e08aa3149bcc8e15ebe68c5ab11	photo	gb82-photos	/home/lilith/work/codec-corpus/gb82/prudential-lossless.png	small	64	64	64	952.538086	0.133535	0.089428	0.014035	0.006601	0.390625	0.000000	29.841272	0.086143	1.000180	331.000000	0.080811	0.022760	0.020110	1.000000	0.022070	0.027170	2.000000	0.215563	2.944195	15.609375	7.468750	0.000000	0.000000	0.000000	0.000000	0.000000	0.000000	0.104736	3.435016	0.971815	0.096817	0.039732	0.281250	0.058594	34.090096	0.031250	0.089534	0.018849	0.000000	4096.000000	8.317766	64.000000	64.000000	12288.000000	1.000000	0.000000	0.000000	0.000000	3.000000														3.000000	13.000000	37.000000	157.000000	255.000000									0.000000	0.000000	0.000000									23.817709	0.789995
651f873ff9fd4830f4ae09c4e954bea538aa306f04e400d561107985eb47e4c3	photo	clic2025-1024px-resized	/home/lilith/work/codec-corpus/clic2025-1024/2a760bf1ccea6998be3890dcc2371b23f35fe3006562884b45bc534a621d5c12.png	medium	256	256	256	840.474243	0.045336	0.072766	0.002852	0.002062	0.823242	0.171875	35.175449	0.256936	1.439558	654.000000	0.019958	0.002530	0.004100	1.000000	0.003320	0.004650	2.000000	0.202140	2.562032	9.864258	3.375977	0.076172	0.000000	0.000000	0.000000	0.000000	0.000000	0.080856	2.169346	1.312800	0.019938	0.011350	0.312500	0.005020	48.504265	0.131836	0.031746	0.006278	0.000000	65536.000000	11.090355	256.000000	256.000000	196608.000000	1.000000	0.000000	0.000000	0.000000	3.000000	1.863325	2.434943	4.706468	5.044014	5.550784	0.034047	0.061898	0.122962	1.000000	0.027422	0.053048	0.088055	0.227582	0.000000	1.000000	4.000000	167.000000	255.000000	0.000000	0.000000	0.000000	0.015873	0.000000	0.000000	0.000000	0.000000	0.000000	0.000000	0.000000	0.000000	0.000000	1.076914	0.000000	0.000000	0.019938	0.000000	0.000000	39.753273	0.721403
2a9e0816ab021540f0380ea3cdb9e5f88cc3c854395ce8d6004dd87020b8ca6f	photo	CID22-512px	/home/lilith/work/codec-corpus/CID22/CID22-512/validation/3156482.png	small	64	64	64	4475.372070	0.347947	0.090576	0.014909	0.010938	0.000000	0.000000	38.202568	0.161134	0.695471	1009.000000	0.246338	0.015170	0.019630	1.000000	0.050500	0.089580	3.000000	0.182195	4.215769	33.890625	13.687500	0.000000	0.000000	0.000000	0.000000	0.000000	0.000000	0.004883	4.363095	0.492569	0.487351	0.128874	0.359375	0.033447	23.633808	0.000000	0.148313	0.027034	0.000000	4096.000000	8.317766	64.000000	64.000000	12288.000000	1.000000	0.000000	0.000000	0.000000	3.000000														17.000000	45.000000	84.000000	168.000000	255.000000									0.000000	0.000000	1.000000									4.942526	0.749519
4eb79a990611369371d79487e4dbb40ce5c53e08aa3149bcc8e15ebe68c5ab11	photo	gb82-photos	/home/lilith/work/codec-corpus/gb82/prudential-lossless.png	medium	256	256	256	1086.703125	0.077893	0.093587	0.010865	0.005803	0.666992	0.000000	31.111435	0.177414	1.525542	1341.000000	0.040924	0.009080	0.011950	3.000000	0.012840	0.018810	4.000000	0.162810	2.950591	10.372070	4.987305	0.005859	0.000000	0.000000	0.000000	0.000000	0.000000	0.102356	2.705637	1.130609	0.025261	0.029411	0.172852	0.047668	33.656643	0.002930	0.048038	0.010091	0.000000	65536.000000	11.090355	256.000000	256.000000	196608.000000	1.000000	0.000000	0.000000	0.000000	3.000000	2.521138	3.497998	4.402584	4.920846	5.429813	0.044695	0.127213	0.383199	1.000000	0.037921	0.051433	0.112990	0.353651	2.000000	6.000000	23.000000	121.000000	255.000000	0.000000	0.000000	0.000000	0.047619	0.000000	0.000000	0.000000	0.015873	0.000000	0.000000	0.000000	1.144185	1.292462	1.397939	0.014925	0.020825	0.025261	0.000000	0.000000	40.913597	0.684042
2a9e0816ab021540f0380ea3cdb9e5f88cc3c854395ce8d6004dd87020b8ca6f	photo	CID22-512px	/home/lilith/work/codec-corpus/CID22/CID22-512/validation/3156482.png	medium	256	256	256	4839.144043	0.170980	0.094525	0.008826	0.006832	0.279297	0.019531	39.456997	0.608478	1.027038	2841.000000	0.086700	0.012460	0.012130	2.000000	0.045210	0.052160	7.000000	0.293830	4.136742	20.519531	6.790039	0.003906	0.000000	0.000000	0.000000	0.000000	0.000000	0.005844	3.623453	1.069010	0.074245	0.031605	0.251953	0.034073	35.315079	0.016602	0.100307	0.013315	0.000000	65536.000000	11.090355	256.000000	256.000000	196608.000000	1.000000	0.000000	0.000000	0.000000	3.000000	3.749925	4.461900	4.974299	5.146391	5.314348	0.199652	0.522955	1.000000	1.000000	0.058938	0.115664	0.212390	0.363587	4.000000	20.000000	70.000000	212.000000	255.000000	0.000000	0.015873	0.063492	0.158730	0.000000	0.000000	0.000000	0.015873	0.000000	0.000000	0.000000	1.295224	1.723763	1.975361	0.027903	0.052871	0.074245	0.000000	0.000000	10.092969	0.759268
03f7d79eef173285da85326bb02ec3fb16a1962f48ffc27b4bcfcfdbad732068	photo	clic2025-native	/home/lilith/work/codec-corpus/clic2025/final-test/d0208a1e9b4fde642b9752da2907d82d5b530a6e2e6e18ef71d5524a92d1cf9a.png	tiny	64	43	64	1806.668213	0.573696	0.092641	0.038299	0.011982	0.000000	0.000000	37.154411	0.166938	0.695067	692.000000	0.251453	0.062350	0.067090	1.000000	0.041620	0.037610	1.000000	0.197997	4.143390	42.299999	21.475000	0.000000	0.000000	0.000000	0.000000	0.000000	0.000000	0.023983	4.526903	0.369739	0.748194	0.295016	0.175000	0.011628	18.716717	0.000000	0.200794	0.044444	0.000000	2752.000000	7.920083	43.000000	64.000000	8256.000000	0.671875	0.397683	0.116279	0.488372	3.000000														32.000000	59.000000	91.000000	168.000000	255.000000									0.000000	2.000000	5.000000									3.378362	0.752103
2aaf7b7fb20f013290b4e68bb5955da41ed32e94afe57629b36c57114574a0ef	photo	CID22-512px	/home/lilith/work/codec-corpus/CID22/CID22-512/training/nicubunu_Game_baddie_Policeman.png	small	64	64	64	9221.734375	0.293525	0.081714	0.013584	0.001748	0.312500	0.265625	27.206633	0.317437	0.644947	209.000000	0.051025	0.025320	0.020280	4.000000	0.002810	0.002250	0.000000	0.119043	3.360564	65.921875	13.562500	0.156250	0.000000	0.000000	0.000000	8.000000	1.000000	0.571045	3.738077	2.092707	0.000000	0.000000	0.296875	0.001953	47.021896	0.281250	0.180556	0.029018	0.000000	4096.000000	8.317766	64.000000	64.000000	12288.000000	1.000000	0.000000	0.000000	0.000000	3.000000														4.000000	36.000000	124.000000	255.000000	255.000000									0.000000	0.000000	0.000000									3.711498	0.695787
32be6616b7e3e301b8c237f76ef1d97feda01815384ff39f13469ecd54044245	photo	clic2025-native	/home/lilith/work/codec-corpus/clic2025/final-test/e0d8e29cadfc99663c7d1a4a5afe20c454ec54d0d873776ec397c59405c74790.png	medium	1024	680	1024	5099.821289	0.075198	0.052630	0.002583	0.002174	0.726287	0.256066	21.374535	0.372537	1.800087	1049.000000	0.032013	0.000440	0.000350	0.000000	0.002470	0.001810	1.000000	0.356753	3.958541	4.215074	0.609375	0.011029	0.000000	0.000000	0.000000	0.000000	0.000000	0.354307	2.317730	1.147070	0.017612	0.000000	0.089154	0.160876	14.352313	0.025735	0.030097	0.001007	0.000000	696320.000000	13.453565	680.000000	1024.000000	2088960.000000	0.664062	0.409379	0.000000	0.035294	3.000000	2.161368	3.182701	4.082794	4.344371	4.733855	0.025308	0.080123	0.244314	0.655583	0.014279	0.027331	0.045396	0.066280	2.000000	6.000000	24.000000	98.000000	255.000000	0.000000	0.000000	0.000000	0.031746	0.000000	0.000000	0.000000	0.000000	0.000000	0.000000	0.000000	0.000000	0.895387	1.144184	0.000000	0.012599	0.017612	0.000000	0.000000	25.047476	0.569589
2aaf7b7fb20f013290b4e68bb5955da41ed32e94afe57629b36c57114574a0ef	photo	CID22-512px	/home/lilith/work/codec-corpus/CID22/CID22-512/training/nicubunu_Game_baddie_Policeman.png	medium	256	256	256	9470.108398	0.067297	0.083818	0.004043	0.000520	0.628906	0.427734	27.793924	0.257385	1.135375	291.000000	0.008881	0.005840	0.005240	6.000000	0.000640	0.000580	0.000000	0.077269	3.319406	24.110352	5.130859	0.381836	0.000000	0.000000	0.000000	0.000000	0.000000	0.601776	2.165833	2.042950	0.000000	0.000000	0.338867	0.001602	45.043079	0.522461	0.057710	0.008743	0.000000	65536.000000	11.090355	256.000000	256.000000	196608.000000	1.000000	0.000000	0.000000	0.000000	3.000000	1.548503	4.287039	5.133801	5.467476	5.683841	0.000000	0.043721	1.000000	1.000000	0.000000	0.004222	0.061632	0.393399	0.000000	2.000000	16.000000	169.000000	255.000000	0.000000	0.000000	0.000000	0.063492	0.000000	0.000000	0.000000	0.000000	0.000000	0.000000	0.000000	0.000000	0.000000	0.000000	0.000000	0.000000	0.000000	0.000000	0.000000	25.300409	0.558559
0d13217e6a93999fd3f3b28796df8b3dd12522984644376de00915fa78d39b8c	photo	clic2025-1024px-resized	/home/lilith/work/codec-corpus/clic2025-1024/0c49a5cce349020bbba2f97ae41e90ba.png	small	64	64	64	3582.173584	0.400605	0.213807	0.026510	0.028026	0.109375	0.000000	90.230339	0.199363	0.720018	640.000000	0.156250	0.067680	0.072240	2.000000	0.508390	0.547610	21.000000	0.193233	4.180963	42.265625	39.906250	0.000000	0.000000	0.000000	0.000000	0.000000	0.000000	0.140625	4.313736	0.828022	0.189431	0.036773	0.187500	0.011963	28.454857	0.000000	0.166667	0.055804	0.000000	4096.000000	8.317766	64.000000	64.000000	12288.000000	1.000000	0.000000	0.000000	0.000000	3.000000														19.000000	50.000000	100.000000	174.000000	255.000000									0.000000	0.000000	1.000000									2.686649	0.771227
651f873ff9fd4830f4ae09c4e954bea538aa306f04e400d561107985eb47e4c3	photo	clic2025-1024px-resized	/home/lilith/work/codec-corpus/clic2025-1024/2a760bf1ccea6998be3890dcc2371b23f35fe3006562884b45bc534a621d5c12.png	large	1024	1024	1024	871.403625	0.019146	0.073494	0.001200	0.000713	0.933350	0.846558	35.421947	0.240830	1.788277	1288.000000	0.039307	0.000460	0.000590	1.000000	0.000600	0.000770	1.000000	0.075593	2.525156	6.633789	1.303711	0.277344	0.000000	0.000000	0.000000	0.000000	0.000000	0.085846	1.252121	1.295669	0.000000	0.000000	0.131836	0.004803	46.984341	0.492188	0.015051	0.002077	0.000000	1048576.000000	13.862944	1024.000000	1024.000000	3145728.000000	1.000000	0.000000	0.000000	0.000000	3.000000	1.144185	1.427325	3.064458	4.650742	5.523778	0.004222	0.025822	0.037349	0.222056	0.000000	0.021150	0.029670	0.047035	0.000000	0.000000	1.000000	75.000000	255.000000	0.000000	0.000000	0.000000	0.000000	0.000000	0.000000	0.000000	0.000000	0.000000	0.000000	0.000000	0.000000	0.000000	0.000000	0.000000	0.000000	0.000000	0.000000	0.000000	116.192261	0.492277
2b7280cc6f4564a2fc7dc9c7f7cfad1030a4f24afef3614277ba2576eb748748	photo	CID22-512px	/home/lilith/work/codec-corpus/CID22/CID22-512/validation/162520.png	small	64	64	64	2172.063232	0.432351	0.169584	0.023104	0.014174	0.000000	0.000000	60.305458	0.231599	0.741138	712.000000	0.173828	0.030350	0.025150	0.000000	0.074890	0.068920	3.000000	0.213382	4.334312	42.859375	16.890625	0.000000	0.000000	0.000000	0.000000	0.000000	0.000000	0.005859	4.478552	0.454205	0.592232	0.175518	0.281250	0.595947	26.826551	0.000000	0.187252	0.033234	0.000000	4096.000000	8.317766	64.000000	64.000000	12288.000000	1.000000	0.000000	0.000000	0.000000	3.000000														23.000000	53.000000	98.000000	207.000000	255.000000									0.000000	0.000000	1.000000									4.658735	0.816388
0910db09552278e888de6e772cf5584837c52f0fc763df08783e7b516fc28a49	photo	CID22-512px	/home/lilith/work/codec-corpus/CID22/CID22-512/training/adriankierman-report-page.png	small	64	64	64	1556.420654	0.428068	0.152438	0.019632	0.010575	0.000000	0.000000	68.325081	0.340684	0.496831	85.000000	0.020752	0.035180	0.044620	0.000000	0.143030	0.130590	12.000000	0.218256	3.044255	39.015625	13.218750	0.187500	0.000000	0.000000	0.000000	8.000000	1.000000	0.188477	4.570848	0.551324	0.415910	0.073491	0.250000	0.427979	37.143711	0.250000	0.125744	0.029266	0.000000	4096.000000	8.317766	64.000000	64.000000	12288.000000	1.000000	0.000000	0.000000	0.000000	3.000000														25.000000	82.000000	142.000000	181.000000	255.000000									0.000000	0.000000	0.000000									0.194314	0.626554
4f1f079b6df07baa8dc055f79491caee90d1a1a21ead5ef590dc13d821147766	photo	CID22-512px	/home/lilith/work/codec-corpus/CID22/CID22-512/training/1618269.png	small	64	64	64	4142.611816	0.555304	0.131684	0.030587	0.029933	0.000000	0.000000	48.168304	0.542465	0.702759	1311.000000	0.320068	0.053090	0.051530	1.000000	0.596420	0.331570	40.000000	0.232246	4.592782	90.671875	32.718750	0.000000	0.000000	0.000000	0.000000	0.000000	0.000000	0.061279	4.842626	0.585498	0.466029	0.107283	0.203125	0.150879	39.698296	0.000000	0.281250	0.065476	0.000000	4096.000000	8.317766	64.000000	64.000000	12288.000000	1.000000	0.000000	0.000000	0.000000	3.000000														35.000000	82.000000	150.000000	255.000000	255.000000									0.000000	2.000000	4.000000									1.761730	0.776422
0da74d8b94ff3c89f3578296ea87305ce1623d890f0c5cb8e54b907428675f15	photo	clic2025-native	/home/lilith/work/codec-corpus/clic2025/training/8bb119b8ca17492392e1e3ea4b811b32.png	medium	1024	683	1024	2992.522217	0.092719	0.064934	0.003775	0.004072	0.435294	0.120129	33.494453	0.449297	1.599413	1168.000000	0.035645	0.000530	0.000940	0.000000	0.004000	0.007880	0.000000	0.288057	4.376178	7.675551	1.534926	0.004596	0.000000	0.000000	0.000000	0.000000	0.000000	0.127506	3.106634	0.973201	0.027928	0.020445	0.153493	0.741694	17.715088	0.007353	0.051967	0.001970	0.000000	699392.000000	13.457967	683.000000	1024.000000	2098176.000000	0.666992	0.404977	0.007321	0.030747	3.000000	3.207567	3.700828	4.243509	4.543927	4.858105	0.158080	0.281968	0.492882	0.974171	0.048203	0.072420	0.103856	0.140142	6.000000	14.000000	29.000000	96.000000	255.000000	0.000000	0.000000	0.031746	0.079365	0.000000	0.000000	0.000000	0.000000	0.000000	0.000000	0.000000	0.467976	1.157136	1.306089	0.004735	0.021098	0.027928	0.000000	0.000000	29.770330	0.699380
65cca30a9fef8c0cd9929730a2dd5028e200da455dd191bc53fad88959a92518	photo	CID22-512px	/home/lilith/work/codec-corpus/CID22/CID22-512/validation/3637739.png	small	64	64	64	3281.253906	0.403376	0.023771	0.003884	0.004810	0.015625	0.000000	11.421329	0.264251	0.540332	293.000000	0.071533	0.001220	0.001630	0.000000	0.017840	0.022000	2.000000	0.164931	4.449183	54.343750	2.453125	0.000000	0.000000	0.000000	0.000000	0.000000	0.000000	0.112305	4.667391	0.547838	0.607509	0.037169	0.390625	0.008545	30.486679	0.000000	0.213790	0.004216	0.000000	4096.000000	8.317766	64.000000	64.000000	12288.000000	1.000000	0.000000	0.000000	0.000000	3.000000														20.000000	63.000000	111.000000	208.000000	255.000000									0.000000	0.000000	1.000000									2.454930	0.842823
2b7280cc6f4564a2fc7dc9c7f7cfad1030a4f24afef3614277ba2576eb748748	photo	CID22-512px	/home/lilith/work/codec-corpus/CID22/CID22-512/validation/162520.png	medium	256	256	256	2473.079346	0.299100	0.171888	0.016291	0.010126	0.196289	0.000000	61.036297	0.510949	0.978479	1583.000000	0.048309	0.017320	0.009400	0.000000	0.042600	0.024370	4.000000	0.204212	4.407295	27.567383	8.514648	0.001953	0.000000	0.000000	0.000000	0.000000	0.000000	0.003891	3.952351	0.840728	0.152049	0.046828	0.399414	0.587769	23.004114	0.000000	0.133448	0.017795	0.000000	65536.000000	11.090355	256.000000	256.000000	196608.000000	1.000000	0.000000	0.000000	0.000000	3.000000	4.120966	4.555215	4.967226	5.160087	5.340637	0.376597	0.787984	1.000000	1.000000	0.093269	0.180538	0.296521	0.431340	11.000000	34.000000	72.000000	167.000000	255.000000	0.015873	0.047619	0.111111	0.206349	0.000000	0.000000	0.015873	0.031746	0.000000	0.000000	1.000000	2.142575	2.432869	2.583695	0.087583	0.126836	0.152049	0.000000	0.015873	7.777862	0.813781
4f1f079b6df07baa8dc055f79491caee90d1a1a21ead5ef590dc13d821147766	photo	CID22-512px	/home/lilith/work/codec-corpus/CID22/CID22-512/training/1618269.png	medium	256	256	256	4621.376953	0.237570	0.140721	0.016328	0.017966	0.144531	0.000000	51.443596	0.627970	1.014513	4274.000000	0.130432	0.017510	0.018150	1.000000	0.243070	0.163520	32.000000	0.132314	4.611662	42.721680	20.901367	0.000000	0.000000	0.000000	0.000000	0.000000	0.000000	0.072952	4.164023	0.891319	0.188989	0.055397	0.530273	0.142792	36.969585	0.000000	0.145554	0.034319	0.000000	65536.000000	11.090355	256.000000	256.000000	196608.000000	1.000000	0.000000	0.000000	0.000000	3.000000	4.262848	4.924951	5.269855	5.392095	5.583818	0.399721	1.000000	1.000000	1.000000	0.087719	0.197712	0.421436	0.889971	8.000000	26.000000	72.000000	212.000000	255.000000	0.015873	0.047619	0.111111	0.238095	0.000000	0.000000	0.015873	0.047619	0.000000	0.000000	1.000000	2.122983	2.638925	2.845989	0.083814	0.151252	0.188989	0.000000	0.000000	9.561954	0.858498
2c3bee67c5454f971564178f15bf81150306bfc6c664c41e94b41702e0cd816e	photo	clic2025-native	/home/lilith/work/codec-corpus/clic2025/training/28d24b9c83de066597ff96a68769884f.png	medium	1024	1024	666	4012.530518	0.037556	0.169234	0.003114	0.002025	0.753200	0.293298	73.909714	0.194775	1.660819	1458.000000	0.044495	0.000870	0.000720	0.000000	0.002710	0.002570	1.000000	0.137091	4.020789	5.492945	1.091251	0.001881	0.000000	0.000000	0.000000	0.000000	0.000000	0.223974	2.253371	1.128721	0.017101	0.010882	0.292568	0.382468	23.708475	0.021637	0.027281	0.001568	0.000000	681984.000000	13.432761	666.000000	1024.000000	2045952.000000	0.650391	0.430182	0.009009	0.009009	3.000000	1.934499	3.038366	3.942410	4.565942	5.086288	0.026201	0.066209	0.246456	0.714632	0.017044	0.025063	0.039606	0.070309	1.000000	3.000000	9.000000	74.000000	255.000000	0.000000	0.000000	0.000000	0.031746	0.000000	0.000000	0.000000	0.000000	0.000000	0.000000	0.000000	0.767851	0.993850	1.128318	0.009000	0.013629	0.017101	0.000000	0.000000	72.703789	0.687858
0d13217e6a93999fd3f3b28796df8b3dd12522984644376de00915fa78d39b8c	photo	clic2025-1024px-resized	/home/lilith/work/codec-corpus/clic2025-1024/0c49a5cce349020bbba2f97ae41e90ba.png	medium	256	256	256	3914.443115	0.280923	0.224680	0.016865	0.018131	0.261719	0.021484	93.899864	0.430852	1.003274	1345.000000	0.041046	0.055250	0.064120	6.000000	0.393500	0.519160	42.000000	0.160315	4.206809	25.605469	23.091797	0.003906	0.000000	0.000000	0.000000	0.000000	0.000000	0.182114	3.827957	1.009727	0.093258	0.019254	0.309570	0.010345	21.537745	0.002930	0.103252	0.033389	0.000000	65536.000000	11.090355	256.000000	256.000000	196608.000000	1.000000	0.000000	0.000000	0.000000	3.000000	4.218128	4.634108	4.880756	5.061247	5.258441	0.232594	0.892986	1.000000	1.000000	0.040257	0.163669	0.709139	1.000000	9.000000	35.000000	67.000000	149.000000	255.000000	0.000000	0.015873	0.079365	0.174603	0.000000	0.000000	0.015873	0.063492	0.000000	0.000000	0.000000	1.230051	1.958742	2.317248	0.026812	0.063288	0.093258	0.000000	0.000000	6.871874	0.793926
0910db09552278e888de6e772cf5584837c52f0fc763df08783e7b516fc28a49	photo	CID22-512px	/home/lilith/work/codec-corpus/CID22/CID22-512/training/adriankierman-report-page.png	medium	256	256	256	2857.624756	0.236571	0.161937	0.018780	0.009391	0.468750	0.457031	71.813560	1.949556	0.875312	261.000000	0.007965	0.069750	0.034870	2.000000	0.206240	0.198150	89.000000	0.246332	2.465954	48.443359	17.906250	0.550781	0.000000	0.000000	0.000000	0.000000	0.000000	0.238708	2.736762	2.462358	0.000000	0.000000	0.109375	0.206345	48.404495	0.548828	0.157847	0.023624	0.000000	65536.000000	11.090355	256.000000	256.000000	196608.000000	1.000000	0.000000	0.000000	0.000000	3.000000	4.263402	5.009965	5.709081	5.714760	5.717185	0.000000	0.811059	1.000000	1.000000	0.000000	0.146829	0.360816	1.000000	0.000000	42.000000	164.000000	255.000000	255.000000	0.000000	0.000000	0.111111	0.333333	0.000000	0.000000	0.015873	0.031746	0.000000	0.000000	0.000000	0.000000	0.000000	0.000000	0.000000	0.000000	0.000000	0.000000	0.000000	2.139981	0.364729
0efb4acbd4e177966da578024a952fe2ace2fb6cf2ca9f21a2c6d8dd6166fa2f	photo	gb82-photos	/home/lilith/work/codec-corpus/gb82/rain-lossless.png	small	64	64	64	1502.679565	0.105064	0.015805	0.002997	0.002084	0.484375	0.046875	5.479470	0.025378	1.243603	158.000000	0.038574	0.000780	0.000770	0.000000	0.001710	0.002570	0.000000	0.090750	2.831450	11.468750	0.625000	0.000000	0.000000	0.000000	0.000000	8.000000	1.000000	0.795654	3.157248	0.968386	0.065055	0.000000	0.593750	0.008057	11.704241	0.046875	0.045635	0.000744	0.000000	4096.000000	8.317766	64.000000	64.000000	12288.000000	1.000000	0.000000	0.000000	0.000000	3.000000														2.000000	7.000000	25.000000	86.000000	218.000000									0.000000	0.000000	0.000000									24.260988	0.810691
65cca30a9fef8c0cd9929730a2dd5028e200da455dd191bc53fad88959a92518	photo	CID22-512px	/home/lilith/work/codec-corpus/CID22/CID22-512/validation/3637739.png	medium	256	256	256	3718.707275	0.199216	0.025532	0.002383	0.002862	0.362305	0.045898	12.047973	0.468292	0.952349	636.000000	0.019409	0.000640	0.000730	0.000000	0.008320	0.008620	4.000000	0.117073	4.464983	31.261719	1.818359	0.001953	0.000000	0.000000	0.000000	0.000000	0.000000	0.111328	3.697807	1.199507	0.079279	0.006296	0.480469	0.010056	32.639629	0.007812	0.095192	0.003240	0.000000	65536.000000	11.090355	256.000000	256.000000	196608.000000	1.000000	0.000000	0.000000	0.000000	3.000000	3.766557	4.906375	5.169363	5.273317	5.416640	0.153581	0.571521	1.000000	1.000000	0.018895	0.039925	0.090284	0.155917	4.000000	21.000000	69.000000	173.000000	255.000000	0.000000	0.015873	0.063492	0.142857	0.000000	0.000000	0.000000	0.000000	0.000000	0.000000	0.000000	1.242650	1.723763	2.123852	0.025804	0.049181	0.079279	0.000000	0.000000	9.219332	0.844933
280665498758e01701bccc1b91833bda3f5860fc9d5eadc4d3b691c011c575ed	photo	clic2025-native	/home/lilith/work/codec-corpus/clic2025/training/d79d465ac77c36518e0f0d626bf97ec4.png	tiny	64	51	64	6443.815918	0.316190	0.050779	0.003069	0.001921	0.020833	0.000000	17.929497	0.184621	0.791894	208.000000	0.063725	0.000460	0.000870	0.000000	0.001220	0.001700	0.000000	0.106163	4.264702	54.458332	2.833333	0.000000	0.000000	0.000000	0.000000	8.000000	1.000000	0.697610	4.511273	0.704262	0.575672	0.010066	0.604167	0.000306	39.153057	0.000000	0.200397	0.006614	0.000000	3264.000000	8.090709	51.000000	64.000000	9792.000000	0.796875	0.227057	0.098039	0.254902	3.000000														11.000000	33.000000	95.000000	223.000000	255.000000									0.000000	0.000000	1.000000									6.225029	0.871284
4f35f46b9029e963fd49d24ab1fd0235234e037caf436a2e241e35aa418102b6	photo	CID22-512px	/home/lilith/work/codec-corpus/CID22/CID22-512/training/110472.png	small	64	64	64	4388.400391	0.381204	0.268402	0.055111	0.037725	0.015625	0.000000	100.195114	0.161758	0.744342	2158.000000	0.526855	0.238300	0.164000	10.000000	0.610400	0.726600	35.000000	0.127274	4.528975	51.703125	79.156250	0.000000	0.000000	0.000000	0.000000	0.000000	0.000000	0.005371	4.532309	0.592772	0.550539	0.238908	0.437500	0.206787	26.517889	0.000000	0.194692	0.095238	0.000000	4096.000000	8.317766	64.000000	64.000000	12288.000000	1.000000	0.000000	0.000000	0.000000	3.000000														16.000000	43.000000	80.000000	180.000000	255.000000									0.000000	1.000000	2.000000									5.918148	0.860823
03f7d79eef173285da85326bb02ec3fb16a1962f48ffc27b4bcfcfdbad732068	photo	clic2025-native	/home/lilith/work/codec-corpus/clic2025/final-test/d0208a1e9b4fde642b9752da2907d82d5b530a6e2e6e18ef71d5524a92d1cf9a.png	small	256	170	256	2183.076904	0.545841	0.104569	0.034792	0.011338	0.005952	0.000000	40.698814	0.654912	0.843540	1877.000000	0.057281	0.059910	0.076860	3.000000	0.036580	0.042440	1.000000	0.329834	4.286463	29.586309	15.144345	0.000000	0.000000	0.000000	0.000000	0.000000	0.000000	0.035754	4.375323	0.374763	0.551305	0.111028	0.133929	0.023254	15.935429	0.002976	0.184477	0.035596	0.000000	43520.000000	10.680976	170.000000	256.000000	130560.000000	0.664062	0.409379	0.035294	0.129412	3.000000	4.414100	4.607262	4.800673	4.937651	5.130596	0.749924	1.000000	1.000000	1.000000	0.217657	0.334230	0.478797	0.618130	31.000000	59.000000	93.000000	165.000000	255.000000	0.095238	0.142857	0.190476	0.238095	0.000000	0.015873	0.031746	0.047619	0.000000	2.000000	4.000000	3.186386	3.709512	3.940239	0.260995	0.453065	0.551305	0.015873	0.063492	2.497571	0.692901
6703b5f4017b3310e940c5dd4a95e84f918eba3aa428165e52d16c028dc97375	photo	CID22-512px	/home/lilith/work/codec-corpus/CID22/CID22-512/validation/1418519.png	small	64	64	64	1528.555420	0.210632	0.098277	0.008710	0.008473	0.078125	0.000000	36.566151	0.090023	0.859449	679.000000	0.165771	0.004840	0.007040	0.000000	0.031690	0.040310	3.000000	0.113352	3.837785	30.593750	12.515625	0.000000	0.000000	0.000000	0.000000	0.000000	0.000000	0.130371	4.095144	0.649804	0.328390	0.105843	0.671875	0.160889	26.526928	0.000000	0.117808	0.024306	0.000000	4096.000000	8.317766	64.000000	64.000000	12288.000000	1.000000	0.000000	0.000000	0.000000	3.000000														7.000000	20.000000	52.000000	163.000000	255.000000									0.000000	0.000000	0.000000									13.969030	0.909994
0efb4acbd4e177966da578024a952fe2ace2fb6cf2ca9f21a2c6d8dd6166fa2f	photo	gb82-photos	/home/lilith/work/codec-corpus/gb82/rain-lossless.png	medium	256	256	256	1557.621460	0.071311	0.016610	0.002026	0.001635	0.663086	0.193359	5.755386	0.145239	1.282191	339.000000	0.010345	0.000500	0.000440	0.000000	0.001490	0.001670	0.000000	0.403110	2.939184	5.175781	0.286133	0.000000	0.000000	0.000000	0.000000	0.000000	0.000000	0.769089	2.571886	1.077253	0.025152	0.000000	0.162109	0.009476	18.568396	0.002930	0.036210	0.000372	0.000000	65536.000000	11.090355	256.000000	256.000000	196608.000000	1.000000	0.000000	0.000000	0.000000	3.000000	2.296529	3.572695	4.135117	4.422284	4.713913	0.039601	0.103030	0.375977	0.776620	0.000000	0.024558	0.040915	0.078635	2.000000	6.000000	21.000000	115.000000	255.000000	0.000000	0.000000	0.000000	0.047619	0.000000	0.000000	0.000000	0.000000	0.000000	0.000000	0.000000	0.993846	1.233232	1.366133	0.014862	0.020668	0.025152	0.000000	0.000000	35.353527	0.657979
0d13217e6a93999fd3f3b28796df8b3dd12522984644376de00915fa78d39b8c	photo	clic2025-1024px-resized	/home/lilith/work/codec-corpus/clic2025-1024/0c49a5cce349020bbba2f97ae41e90ba.png	large	1024	1024	1024	4060.910645	0.104550	0.230787	0.007437	0.008038	0.484131	0.078003	96.164703	0.746274	1.298799	2334.000000	0.071228	0.007870	0.009240	1.000000	0.058790	0.086910	13.000000	0.145874	4.145649	14.994141	12.866211	0.000000	0.000000	0.000000	0.000000	0.000000	0.000000	0.204333	3.084720	1.198321	0.031497	0.000000	0.329102	0.009501	26.735691	0.001953	0.055292	0.015780	0.000000	1048576.000000	13.862944	1024.000000	1024.000000	3145728.000000	1.000000	0.000000	0.000000	0.000000	3.000000	2.885785	4.191248	4.746999	4.994906	5.171936	0.067727	0.199164	0.935061	1.000000	0.023019	0.051774	0.316294	0.961538	3.000000	9.000000	27.000000	126.000000	255.000000	0.000000	0.000000	0.015873	0.079365	0.000000	0.000000	0.000000	0.031746	0.000000	0.000000	0.000000	1.004724	1.397668	1.610127	0.013983	0.023442	0.031497	0.000000	0.000000	35.120037	0.748350
2b76992d7b0578d0ca333c61cf3dac4938f3ae2c8c7a613dc3179fc3125ec7c4	photo	CID22-512px	/home/lilith/work/codec-corpus/CID22/CID22-512/training/1001682.png	small	64	64	64	4153.468262	0.289746	0.090993	0.005892	0.008426	0.203125	0.000000	42.888988	0.085588	0.721431	238.000000	0.058105	0.001880	0.009680	0.000000	0.025970	0.122770	3.000000	0.237728	4.217816	17.937500	7.531250	0.000000	0.000000	0.000000	0.000000	8.000000	1.000000	0.047119	3.826838	0.794881	0.122958	0.098279	0.265625	0.054199	14.137404	0.000000	0.095238	0.015873	0.000000	4096.000000	8.317766	64.000000	64.000000	12288.000000	1.000000	0.000000	0.000000	0.000000	3.000000														12.000000	35.000000	60.000000	127.000000	222.000000									0.000000	0.000000	0.000000									4.988136	0.785455
4f35f46b9029e963fd49d24ab1fd0235234e037caf436a2e241e35aa418102b6	photo	CID22-512px	/home/lilith/work/codec-corpus/CID22/CID22-512/training/110472.png	medium	256	256	256	4527.877441	0.130719	0.276479	0.023054	0.016002	0.274414	0.004883	102.785057	0.153681	1.186979	8316.000000	0.253784	0.057420	0.041530	10.000000	0.134620	0.106620	26.000000	0.078170	4.528791	20.649414	34.037109	0.000000	0.000000	0.000000	0.000000	0.000000	0.000000	0.005798	3.636685	0.915780	0.115135	0.072572	0.688477	0.192032	22.031706	0.020508	0.078730	0.046937	0.000000	65536.000000	11.090355	256.000000	256.000000	196608.000000	1.000000	0.000000	0.000000	0.000000	3.000000	3.690971	4.366960	4.812900	5.014433	5.298905	0.242636	0.521676	1.000000	1.000000	0.145563	0.287900	0.593456	1.000000	3.000000	11.000000	31.000000	109.000000	255.000000	0.000000	0.015873	0.047619	0.126984	0.000000	0.015873	0.031746	0.063492	0.000000	0.000000	0.000000	1.427068	2.088080	2.359835	0.035080	0.079226	0.115135	0.000000	0.000000	22.220789	0.906889
6703b5f4017b3310e940c5dd4a95e84f918eba3aa428165e52d16c028dc97375	photo	CID22-512px	/home/lilith/work/codec-corpus/CID22/CID22-512/validation/1418519.png	medium	256	256	256	1605.867798	0.062745	0.099022	0.004190	0.003733	0.547852	0.004883	36.813557	0.109997	1.424484	1373.000000	0.041901	0.001330	0.001740	0.000000	0.006940	0.009370	3.000000	0.121974	3.810241	11.701172	4.459961	0.005859	0.000000	0.000000	0.000000	0.000000	0.000000	0.131653	3.081690	0.914827	0.074778	0.029673	0.850586	0.155685	25.081898	0.031250	0.047464	0.009130	0.000000	65536.000000	11.090355	256.000000	256.000000	196608.000000	1.000000	0.000000	0.000000	0.000000	3.000000	2.951792	3.772101	4.443118	4.837173	5.154912	0.119522	0.238574	0.595071	1.000000	0.046587	0.081106	0.162328	0.269865	1.000000	3.000000	12.000000	109.000000	255.000000	0.000000	0.015873	0.015873	0.047619	0.000000	0.000000	0.000000	0.015873	0.000000	0.000000	0.000000	1.491144	1.839540	1.967316	0.039177	0.062769	0.074778	0.000000	0.000000	44.083405	0.944033
2b76992d7b0578d0ca333c61cf3dac4938f3ae2c8c7a613dc3179fc3125ec7c4	photo	CID22-512px	/home/lilith/work/codec-corpus/CID22/CID22-512/training/1001682.png	medium	256	256	256	4413.863770	0.313064	0.094807	0.007022	0.010490	0.328125	0.067383	44.271103	0.429870	1.023414	511.000000	0.015594	0.003030	0.010890	0.000000	0.044390	0.157480	8.000000	0.353107	4.305723	17.995117	6.640625	0.003906	0.000000	0.000000	0.000000	0.000000	0.000000	0.046448	3.486115	1.209796	0.044200	0.022100	0.169922	0.059830	17.080416	0.006836	0.104756	0.012091	0.000000	65536.000000	11.090355	256.000000	256.000000	196608.000000	1.000000	0.000000	0.000000	0.000000	3.000000	4.014331	4.447529	4.697592	4.819189	5.000669	0.113176	0.630662	1.000000	1.000000	0.036901	0.176077	0.278602	0.372824	11.000000	37.000000	69.000000	141.000000	255.000000	0.000000	0.000000	0.095238	0.174603	0.000000	0.000000	0.000000	0.015873	0.000000	0.000000	0.000000	0.974859	1.361726	1.565259	0.019108	0.033232	0.044200	0.000000	0.000000	4.751460	0.729442
6708b9fcd9949feae2031455c1820842da30c2d4c5d6e6de6f7180d3b27474d5	mixed	kadid10k-distortion-set	/home/lilith/work/codec-corpus/kadid10k/I53.png	tiny	64	64	48	1945.631836	0.235731	0.179648	0.014213	0.015168	0.270833	0.020833	76.864944	0.104974	0.707972	702.000000	0.228516	0.025420	0.018130	1.000000	0.178590	0.121770	11.000000	0.140998	3.577290	34.270832	27.437500	0.000000	0.000000	0.000000	0.000000	0.000000	0.000000	0.011068	3.696360	1.411750	0.036737	0.035071	0.479167	0.151042	27.005915	0.000000	0.119048	0.039021	0.000000	3072.000000	8.030084	48.000000	64.000000	9216.000000	0.750000	0.287682	0.000000	0.333333	3.000000														4.000000	18.000000	69.000000	180.000000	255.000000									0.000000	0.000000	0.000000									8.840194	0.849708
2f7d79fb9c7df690b159c078fb0c692a30a120ec093d56d4247ca984ca1e7038	photo	CID22-512px	/home/lilith/work/codec-corpus/CID22/CID22-512/training/708587.png	small	64	64	64	5250.889160	0.387503	0.105719	0.017988	0.020564	0.078125	0.000000	43.652897	0.290014	0.763262	931.000000	0.227295	0.027540	0.032990	1.000000	0.215060	0.244660	11.000000	0.140638	4.517698	61.968750	18.781250	0.000000	0.000000	0.000000	0.000000	0.000000	0.000000	0.130127	4.597256	0.824139	0.305766	0.085773	0.375000	0.200439	36.094418	0.000000	0.214286	0.032986	0.000000	4096.000000	8.317766	64.000000	64.000000	12288.000000	1.000000	0.000000	0.000000	0.000000	3.000000														16.000000	58.000000	120.000000	221.000000	255.000000									0.000000	0.000000	1.000000									2.609305	0.819009
1617c01d1279e23c298d99665949c0ddd5b111e71dbff01a1dd524b9dc46e702	screenshot	gb82-screens	/home/lilith/work/codec-corpus/gb82-sc/gmessages.png	medium	1024	478	1024	989.290466	0.059237	0.018728	0.000630	0.000339	0.839513	0.786017	10.038351	1.297243	1.337822	387.000000	0.011810	0.000440	0.000710	0.000000	0.001070	0.001930	0.000000	0.312372	1.920808	13.474513	0.365153	0.817424	0.000000	0.000000	0.000000	0.000000	0.000000	0.005140	0.961673	1.830669	0.000000	0.000000	0.056534	0.000000	51.143505	0.820204	0.048752	0.000809	0.000000	489472.000000	13.101083	478.000000	1024.000000	1468416.000000	0.466797	0.761861	0.004184	0.004184	3.000000	0.000000	0.767847	4.994925	5.328372	5.475451	0.000000	0.000000	0.011258	1.000000	0.000000	0.000000	0.000000	0.020945	0.000000	0.000000	7.000000	236.000000	255.000000	0.000000	0.000000	0.000000	0.000000	0.000000	0.000000	0.000000	0.000000	0.000000	0.000000	0.000000	0.000000	0.000000	0.000000	0.000000	0.000000	0.000000	0.000000	0.000000	22.146324	0.178085
0f247f2be3de720839248db3928bf5ff007092f2c1c6dc1c9d42d22972783bc1	photo	CID22-512px	/home/lilith/work/codec-corpus/CID22/CID22-512/training/1545529.png	small	64	64	64	3912.295898	0.212396	0.104236	0.013029	0.008908	0.359375	0.125000	35.643414	0.243667	0.835066	483.000000	0.117920	0.020330	0.023030	1.000000	0.087880	0.074210	12.000000	0.140551	3.098070	56.812500	12.921875	0.000000	0.000000	0.000000	0.000000	0.000000	0.000000	0.216553	3.661731	1.498722	0.051155	0.007977	0.390625	0.137207	50.567394	0.031250	0.161706	0.021577	0.000000	4096.000000	8.317766	64.000000	64.000000	12288.000000	1.000000	0.000000	0.000000	0.000000	3.000000														3.000000	23.000000	92.000000	255.000000	255.000000									0.000000	0.000000	0.000000									6.733001	0.832909
28d565117cff9242f93becf420081b1b117296719b2ff1a37e170e09640fe7cb	photo	clic2025-1024px-resized	/home/lilith/work/codec-corpus/clic2025-1024/28d24b9c83de066597ff96a68769884f.png	small	64	64	64	3478.700928	0.224742	0.172551	0.014694	0.007162	0.109375	0.000000	70.065437	0.105807	0.895993	391.000000	0.095459	0.019210	0.015160	1.000000	0.029640	0.034260	3.000000	0.109579	4.178709	33.921875	17.109375	0.000000	0.000000	0.000000	0.000000	0.000000	0.000000	0.344238	4.091912	0.791504	0.275659	0.016509	0.515625	0.330566	28.722586	0.125000	0.132688	0.029018	0.000000	4096.000000	8.317766	64.000000	64.000000	12288.000000	1.000000	0.000000	0.000000	0.000000	3.000000														5.000000	27.000000	64.000000	161.000000	255.000000									0.000000	0.000000	0.000000									8.216412	0.846125
2d243a0030e4fa59d1142b7586e9094a8d463b4e67fa4f6c18d3298cd204ae3b	photo	clic2025-1024px-resized	/home/lilith/work/codec-corpus/clic2025-1024/937476dd72f98638f34299dda5e9c252621b5e809c364692fc2934e000583286.png	small	64	64	64	877.841248	0.002520	0.000000	0.000000	0.000000	0.312500	0.000000	0.000000	0.009184	0.599265	15.000000	0.003662	0.000000	0.000000	0.000000	0.000000	0.000000	0.000000	0.260094	3.485208	4.375000	0.000000	0.000000	0.000000	0.000000	0.000000	4.000000	1.000000	1.000000	3.195790	0.213644	0.184062	0.000000	0.078125	0.000000	1.543186	0.000000	0.025794	0.000000	1.000000	4096.000000	8.317766	64.000000	64.000000	12288.000000	1.000000	0.000000	0.000000	0.000000	3.000000														8.000000	14.000000	20.000000	31.000000	49.000000									0.000000	1.000000	1.000000									1.074318	0.756856
1da209a2eb8d1a3ef3a344d661ad2ce2ebd0c7874b1be1fe75ace1ddada68150	photo	clic2025-native	/home/lilith/work/codec-corpus/clic2025/final-test/50fe4c3d47d864858e1aaa60fecef5c453b4e18d2b368718eeb5c1e249e0c902.png	medium	1024	1024	648	3217.819336	0.464170	0.118154	0.020484	0.011389	0.024691	0.000868	44.959297	2.296000	0.867529	5536.000000	0.168945	0.022480	0.023740	2.000000	0.046760	0.045840	14.000000	0.111315	4.539514	49.778206	16.449373	0.000000	0.000000	0.000000	0.000000	0.000000	0.000000	0.077988	4.561383	0.586699	0.525097	0.098875	0.467695	0.463608	25.289299	0.000000	0.168373	0.028731	0.000000	663552.000000	13.405362	648.000000	1024.000000	1990656.000000	0.632812	0.457581	0.000000	0.037037	3.000000	4.679646	4.990230	5.191921	5.285312	5.421383	0.990146	1.000000	1.000000	1.000000	0.177986	0.307551	0.472034	0.679335	23.000000	51.000000	88.000000	173.000000	255.000000	0.063492	0.095238	0.158730	0.222222	0.000000	0.015873	0.031746	0.047619	0.000000	1.000000	2.000000	2.767109	3.377645	3.742155	0.175138	0.350717	0.525097	0.015873	0.031746	4.176083	0.862506
093af998fc083fcf4165ce77d58e4072face3ecff1ffc052dbac4a69c7ab61fb	photo	clic2025-native	/home/lilith/work/codec-corpus/clic2025/final-test/07b9f93f170a0381836bdf301280a5b80b2c4be6e66f793a3c335dc200fb4e5b.png	medium	1024	1024	680	4835.304199	0.204377	0.213592	0.015920	0.007789	0.500184	0.016544	89.875725	1.324412	1.360062	6305.000000	0.192413	0.024500	0.025930	5.000000	0.030890	0.032600	13.000000	0.227508	4.727686	18.070772	8.864890	0.000000	0.000000	0.000000	0.000000	0.000000	0.000000	0.022692	3.101896	1.277157	0.034847	0.021212	0.076287	0.256363	26.613316	0.000000	0.085026	0.018076	0.000000	696320.000000	13.453565	680.000000	1024.000000	2088960.000000	0.664062	0.409379	0.000000	0.035294	3.000000	3.014940	4.252560	4.816973	5.166322	5.412477	0.048309	0.219954	0.887476	1.000000	0.033965	0.075755	0.291608	0.510920	5.000000	23.000000	60.000000	159.000000	255.000000	0.000000	0.000000	0.015873	0.158730	0.000000	0.000000	0.000000	0.031746	0.000000	0.000000	0.000000	1.414976	1.650793	1.723763	0.022732	0.029893	0.034847	0.000000	0.000000	11.517452	0.598266
2f7d79fb9c7df690b159c078fb0c692a30a120ec093d56d4247ca984ca1e7038	photo	CID22-512px	/home/lilith/work/codec-corpus/CID22/CID22-512/training/708587.png	medium	256	256	256	5559.487305	0.192372	0.114018	0.015263	0.014748	0.434570	0.008789	46.383842	0.436659	1.043234	3202.000000	0.097717	0.022060	0.028370	4.000000	0.115800	0.148730	18.000000	0.144958	4.470595	26.678711	11.088867	0.012695	0.000000	0.000000	0.000000	0.000000	0.000000	0.151306	3.544470	1.213450	0.071161	0.026423	0.358398	0.166824	31.608280	0.007812	0.107592	0.024430	0.000000	65536.000000	11.090355	256.000000	256.000000	196608.000000	1.000000	0.000000	0.000000	0.000000	3.000000	3.591133	4.693841	5.077507	5.268426	5.524222	0.118934	0.441517	1.000000	1.000000	0.042359	0.097234	0.399202	0.670653	3.000000	18.000000	59.000000	175.000000	255.000000	0.000000	0.000000	0.047619	0.206349	0.000000	0.000000	0.000000	0.047619	0.000000	0.000000	0.000000	1.427323	1.869232	2.054936	0.030559	0.053289	0.071161	0.000000	0.000000	11.675925	0.808173
6708b9fcd9949feae2031455c1820842da30c2d4c5d6e6de6f7180d3b27474d5	mixed	kadid10k-distortion-set	/home/lilith/work/codec-corpus/kadid10k/I53.png	small	256	256	192	2056.923584	0.081942	0.180936	0.005437	0.005739	0.580729	0.092448	77.327721	0.143391	1.443838	2047.000000	0.062469	0.003310	0.002670	1.000000	0.023600	0.018310	7.000000	0.133190	3.613747	14.104167	8.829427	0.000000	0.000000	0.000000	0.000000	0.000000	0.000000	0.010579	2.735267	1.347903	0.022092	0.029769	0.472656	0.144491	27.534584	0.028646	0.051215	0.014096	0.000000	49152.000000	10.802672	192.000000	256.000000	147456.000000	0.750000	0.287682	0.000000	0.000000	3.000000	2.630539	3.896835	4.659537	4.959485	5.283720	0.032171	0.161466	0.677536	1.000000	0.041173	0.083890	0.241756	0.460749	1.000000	2.000000	19.000000	128.000000	255.000000	0.000000	0.000000	0.015873	0.047619	0.000000	0.000000	0.000000	0.015873	0.000000	0.000000	0.000000	0.748911	1.041393	1.200287	0.009173	0.017846	0.022092	0.000000	0.000000	26.590118	0.788143
0f247f2be3de720839248db3928bf5ff007092f2c1c6dc1c9d42d22972783bc1	photo	CID22-512px	/home/lilith/work/codec-corpus/CID22/CID22-512/training/1545529.png	medium	256	256	256	4147.127930	0.090704	0.107961	0.007325	0.004978	0.621094	0.431641	36.930321	0.255590	1.298708	1763.000000	0.053802	0.007160	0.008740	1.000000	0.034350	0.032040	28.000000	0.088546	3.033659	20.070312	5.955078	0.008789	0.000000	0.000000	0.000000	0.000000	0.000000	0.197891	2.604794	1.524419	0.018295	0.000000	0.189453	0.135086	42.824959	0.002930	0.059043	0.010696	0.000000	65536.000000	11.090355	256.000000	256.000000	196608.000000	1.000000	0.000000	0.000000	0.000000	3.000000	2.145303	3.848862	4.975540	5.386223	5.712833	0.026362	0.081743	0.625422	1.000000	0.009214	0.024863	0.128713	0.373831	1.000000	6.000000	28.000000	162.000000	255.000000	0.000000	0.000000	0.000000	0.079365	0.000000	0.000000	0.000000	0.000000	0.000000	0.000000	0.000000	0.586513	0.859405	1.076916	0.007314	0.012867	0.018295	0.000000	0.000000	25.758938	0.660708
0f35e280adbb008743b24d13eb0400b229aa1639c6cf66599078db017a08c7ae	photo	CID22-512px	/home/lilith/work/codec-corpus/CID22/CID22-512/training/pexels-photo-1130297.png	small	64	64	64	3305.885254	0.577223	0.053463	0.013779	0.012665	0.000000	0.000000	18.259430	0.377649	0.610937	459.000000	0.112061	0.012580	0.009220	0.000000	0.066200	0.047880	4.000000	0.253202	4.247317	60.156250	6.156250	0.000000	0.000000	0.000000	0.000000	0.000000	0.000000	0.190918	4.757770	0.350811	0.926081	0.059667	0.140625	0.126709	28.322350	0.000000	0.255704	0.013145	0.000000	4096.000000	8.317766	64.000000	64.000000	12288.000000	1.000000	0.000000	0.000000	0.000000	3.000000														39.000000	81.000000	126.000000	226.000000	255.000000									0.000000	1.000000	4.000000									1.689410	0.764169
3f52e59c075c0db318234891d84ddda07511a4895ebde43f63e2ba5a8f55947e	photo	CID22-512px	/home/lilith/work/codec-corpus/CID22/CID22-512/training/3316926_opo25u.png	small	64	64	64	2703.908447	0.254976	0.111758	0.012621	0.017351	0.015625	0.000000	48.848019	0.057815	0.704373	766.000000	0.187012	0.005040	0.006270	0.000000	0.071900	0.080070	2.000000	0.072126	4.355900	37.187500	19.109375	0.000000	0.000000	0.000000	0.000000	0.000000	0.000000	0.000732	4.355991	0.512302	0.541993	0.181989	0.812500	0.507568	16.600136	0.000000	0.134921	0.040427	0.000000	4096.000000	8.317766	64.000000	64.000000	12288.000000	1.000000	0.000000	0.000000	0.000000	3.000000														9.000000	22.000000	47.000000	113.000000	191.000000									0.000000	0.000000	1.000000									9.586615	0.929185
1666e6fa3175c5b0ccffdf21e54fabfd8da038d9f556ebb0fac5731d9f935755	photo	CID22-512px	/home/lilith/work/codec-corpus/CID22/CID22-512/training/pexels-photo-7438498.png	small	64	64	64	4772.512695	0.395818	0.128342	0.018588	0.023559	0.046875	0.000000	55.432064	0.276567	0.679061	961.000000	0.234619	0.019950	0.022310	1.000000	0.250540	0.372040	16.000000	0.147133	4.527785	57.875000	27.406250	0.000000	0.000000	0.000000	0.000000	0.000000	0.000000	0.094482	4.538468	0.826033	0.289533	0.065806	0.359375	0.400146	33.544754	0.000000	0.209573	0.044395	0.000000	4096.000000	8.317766	64.000000	64.000000	12288.000000	1.000000	0.000000	0.000000	0.000000	3.000000														18.000000	55.000000	111.000000	225.000000	255.000000									0.000000	0.000000	1.000000									3.497840	0.844552
0f35e280adbb008743b24d13eb0400b229aa1639c6cf66599078db017a08c7ae	photo	CID22-512px	/home/lilith/work/codec-corpus/CID22/CID22-512/training/pexels-photo-1130297.png	medium	256	256	256	3952.739258	0.417809	0.059163	0.009849	0.009051	0.107422	0.032227	20.175417	0.987951	0.822495	1366.000000	0.041687	0.009600	0.006190	1.000000	0.046180	0.028500	7.000000	0.217867	4.324221	43.656250	4.691406	0.003906	0.000000	0.000000	0.000000	0.000000	0.000000	0.215561	4.253193	0.988158	0.145027	0.029416	0.209961	0.128555	29.116735	0.000000	0.182416	0.009146	0.000000	65536.000000	11.090355	256.000000	256.000000	196608.000000	1.000000	0.000000	0.000000	0.000000	3.000000	4.501381	4.902372	5.219562	5.290482	5.407583	0.624054	1.000000	1.000000	1.000000	0.053912	0.094618	0.161930	0.285409	21.000000	57.000000	103.000000	213.000000	255.000000	0.000000	0.095238	0.174603	0.269841	0.000000	0.000000	0.000000	0.015873	0.000000	0.000000	1.000000	1.478702	1.722223	2.657951	0.034588	0.053092	0.145027	0.000000	0.000000	3.754766	0.768398
1666e6fa3175c5b0ccffdf21e54fabfd8da038d9f556ebb0fac5731d9f935755	photo	CID22-512px	/home/lilith/work/codec-corpus/CID22/CID22-512/training/pexels-photo-7438498.png	medium	256	256	256	5055.475586	0.200046	0.132910	0.009118	0.012202	0.301758	0.038086	57.086399	0.427205	1.170065	2695.000000	0.082245	0.005440	0.006740	0.000000	0.089100	0.103620	11.000000	0.156298	4.503005	26.840820	12.758789	0.003906	0.000000	0.000000	0.000000	0.000000	0.000000	0.091232	3.657715	1.117805	0.064329	0.010314	0.365234	0.382935	29.382635	0.021484	0.104322	0.024213	0.000000	65536.000000	11.090355	256.000000	256.000000	196608.000000	1.000000	0.000000	0.000000	0.000000	3.000000	3.746848	4.633523	5.070411	5.246141	5.449119	0.177420	0.534368	1.000000	1.000000	0.030121	0.090817	0.408664	0.755726	6.000000	22.000000	60.000000	172.000000	255.000000	0.000000	0.015873	0.063492	0.174603	0.000000	0.000000	0.000000	0.047619	0.000000	0.000000	0.000000	1.404140	1.707571	1.974210	0.028588	0.041016	0.064329	0.000000	0.000000	11.386609	0.781726
3f52e59c075c0db318234891d84ddda07511a4895ebde43f63e2ba5a8f55947e	photo	CID22-512px	/home/lilith/work/codec-corpus/CID22/CID22-512/training/3316926_opo25u.png	medium	256	256	256	2733.114258	0.047505	0.112315	0.004824	0.006307	0.395508	0.003906	49.054176	0.033166	1.204353	1172.000000	0.035767	0.000840	0.000750	0.000000	0.010130	0.008450	1.000000	0.048864	4.374127	11.332031	6.851562	0.005859	0.000000	0.000000	0.000000	0.000000	0.000000	0.000626	3.289174	0.810682	0.091174	0.036018	0.766602	0.502014	11.667663	0.003906	0.049169	0.014571	0.000000	65536.000000	11.090355	256.000000	256.000000	196608.000000	1.000000	0.000000	0.000000	0.000000	3.000000	3.302842	3.879096	4.377720	4.596171	4.918526	0.173857	0.354495	0.688017	1.000000	0.063570	0.127606	0.245652	0.382837	2.000000	5.000000	13.000000	50.000000	214.000000	0.000000	0.015873	0.031746	0.063492	0.000000	0.000000	0.015873	0.015873	0.000000	0.000000	0.000000	1.569483	1.929420	2.187477	0.040354	0.066172	0.091174	0.000000	0.000000	41.546680	0.925474
28d565117cff9242f93becf420081b1b117296719b2ff1a37e170e09640fe7cb	photo	clic2025-1024px-resized	/home/lilith/work/codec-corpus/clic2025-1024/28d24b9c83de066597ff96a68769884f.png	medium	256	256	256	3589.808105	0.104344	0.173230	0.005656	0.003188	0.410156	0.096680	70.284508	0.168486	1.338308	881.000000	0.026886	0.003710	0.003240	0.000000	0.006880	0.008160	2.000000	0.146337	4.175764	12.908203	4.069336	0.006836	0.000000	0.000000	0.000000	0.000000	0.000000	0.339157	3.164783	1.131034	0.033521	0.013928	0.435547	0.326935	23.182064	0.137695	0.069041	0.007999	0.000000	65536.000000	11.090355	256.000000	256.000000	196608.000000	1.000000	0.000000	0.000000	0.000000	3.000000	3.304585	4.070608	4.506073	4.795218	5.341954	0.105815	0.331967	0.787205	1.000000	0.021807	0.036300	0.107338	0.240968	2.000000	10.000000	32.000000	117.000000	255.000000	0.000000	0.000000	0.031746	0.111111	0.000000	0.000000	0.000000	0.000000	0.000000	0.000000	0.000000	0.808717	1.196849	1.467748	0.010388	0.019636	0.033521	0.000000	0.000000	22.008566	0.796754
12cc3e74ca3a4ff2e2fff105dfaa575c361f1028d91fd3a8ea7260631461c768	photo	gb82-photos	/home/lilith/work/codec-corpus/gb82/path-lossless.png	small	64	64	64	4348.093262	0.181658	0.049428	0.006222	0.004912	0.062500	0.000000	21.762985	0.074933	0.839508	245.000000	0.059814	0.002210	0.002000	0.000000	0.008320	0.011880	0.000000	0.084949	4.198536	32.406250	3.562500	0.000000	0.000000	0.000000	0.000000	8.000000	1.000000	0.000977	3.993974	0.690794	0.209451	0.041101	0.421875	0.263428	20.844446	0.000000	0.092262	0.006944	0.000000	4096.000000	8.317766	64.000000	64.000000	12288.000000	1.000000	0.000000	0.000000	0.000000	3.000000														10.000000	23.000000	50.000000	138.000000	255.000000									0.000000	0.000000	1.000000									13.957476	0.811856
0f47e28fd10ab01ca129fafefec9ac3efdd749d9be83d0b9d877054ee168ddfe	mixed	kadid10k-distortion-set	/home/lilith/work/codec-corpus/kadid10k/I63.png	tiny	64	64	48	2259.283691	0.571429	0.085774	0.022877	0.012804	0.000000	0.000000	34.904381	0.204751	0.660108	856.000000	0.278646	0.030620	0.034810	1.000000	0.064030	0.085390	3.000000	0.129203	4.290695	62.666668	15.083333	0.000000	0.000000	0.000000	0.000000	0.000000	0.000000	0.020833	4.774089	0.364739	0.962604	0.120264	0.333333	0.452148	22.388035	0.000000	0.217923	0.033069	0.000000	3072.000000	8.030084	48.000000	64.000000	9216.000000	0.750000	0.287682	0.000000	0.333333	3.000000														34.000000	67.000000	96.000000	195.000000	255.000000									0.000000	2.000000	5.000000									3.479265	0.846631
2d243a0030e4fa59d1142b7586e9094a8d463b4e67fa4f6c18d3298cd204ae3b	photo	clic2025-1024px-resized	/home/lilith/work/codec-corpus/clic2025-1024/937476dd72f98638f34299dda5e9c252621b5e809c364692fc2934e000583286.png	medium	256	256	256	936.107300	0.120953	0.000000	0.000000	0.000000	0.030273	0.000000	0.000000	0.185664	0.657038	19.000000	0.000580	0.000000	0.000000	0.000000	0.000000	0.000000	0.000000	0.842606	3.616147	4.356445	0.000000	0.000000	0.000000	0.000000	0.000000	8.000000	1.000000	1.000000	3.481602	0.183778	0.216141	0.000000	0.000000	0.000000	4.650664	0.000000	0.041651	0.000000	1.000000	65536.000000	11.090355	256.000000	256.000000	196608.000000	1.000000	0.000000	0.000000	0.000000	3.000000	3.501940	3.602576	3.702505	3.753181	3.875232	0.261217	0.317288	0.386825	0.451479	0.000000	0.000000	0.000000	0.000000	17.000000	30.000000	44.000000	72.000000	164.000000	0.015873	0.015873	0.031746	0.063492	0.000000	0.000000	0.000000	0.000000	0.000000	2.000000	3.000000	2.974159	3.149445	3.248080	0.152107	0.186318	0.216141	0.000000	0.000000	1.470887	0.516951
0f47e28fd10ab01ca129fafefec9ac3efdd749d9be83d0b9d877054ee168ddfe	mixed	kadid10k-distortion-set	/home/lilith/work/codec-corpus/kadid10k/I63.png	small	256	256	192	2784.419434	0.423920	0.090658	0.013871	0.008095	0.010417	0.000000	36.382191	0.743660	0.854197	2674.000000	0.081604	0.010970	0.013330	2.000000	0.023740	0.028900	2.000000	0.230755	4.409908	36.947918	10.420573	0.000000	0.000000	0.000000	0.000000	0.000000	0.000000	0.020935	4.404488	0.525441	0.425094	0.067061	0.230469	0.418559	25.452911	0.000000	0.161603	0.019738	0.000000	49152.000000	10.802672	192.000000	256.000000	147456.000000	0.750000	0.287682	0.000000	0.000000	3.000000	4.461618	4.802402	5.031725	5.114636	5.306837	0.745655	1.000000	1.000000	1.000000	0.107206	0.191913	0.317988	0.463701	24.000000	53.000000	95.000000	192.000000	255.000000	0.047619	0.095238	0.142857	0.222222	0.000000	0.000000	0.015873	0.031746	0.000000	1.000000	3.000000	3.029834	3.396720	3.616574	0.199609	0.335889	0.425094	0.015873	0.031746	4.440093	0.761813
67739501da6516887f379f1c3415b1074352790d3134dfe96ef393527cd58342	photo	CID22-512px	/home/lilith/work/codec-corpus/CID22/CID22-512/validation/382297.png	small	64	64	64	815.932983	0.465860	0.245510	0.055497	0.023557	0.000000	0.000000	97.120888	0.206539	0.747904	1619.000000	0.395264	0.192730	0.220300	7.000000	0.246460	0.403380	14.000000	0.440223	3.591358	24.750000	50.609375	0.000000	0.000000	0.000000	0.000000	0.000000	0.000000	0.000000	4.224751	0.421759	0.402833	0.319474	0.078125	0.101074	19.059278	0.000000	0.169643	0.073661	0.000000	4096.000000	8.317766	64.000000	64.000000	12288.000000	1.000000	0.000000	0.000000	0.000000	3.000000														25.000000	54.000000	90.000000	193.000000	255.000000									0.000000	1.000000	2.000000									4.979681	0.660480
16ab8d15b113784e7a06f59d8b046c0aae029146785d8b5231e4ec88ff25ff35	photo	CID22-512px	/home/lilith/work/codec-corpus/CID22/CID22-512/training/pexels-photo-7078290.png	small	64	64	64	512.819580	0.168808	0.096245	0.011109	0.012671	0.140625	0.000000	40.786983	0.070706	0.851796	334.000000	0.081543	0.006800	0.006890	0.000000	0.063860	0.050610	1.000000	0.217784	3.006408	15.390625	9.265625	0.000000	0.000000	0.000000	0.000000	0.000000	0.000000	0.017578	3.787979	0.662346	0.163302	0.055061	0.218750	0.612549	22.187757	0.000000	0.081349	0.010913	0.000000	4096.000000	8.317766	64.000000	64.000000	12288.000000	1.000000	0.000000	0.000000	0.000000	3.000000														11.000000	24.000000	47.000000	131.000000	255.000000									0.000000	0.000000	1.000000									11.799547	0.703195
1004ba77cab86bdbf351198617026039cbdbb826c25c32d4bc8bf0e7c7e8bb36	photo	clic2025-1024px-resized	/home/lilith/work/codec-corpus/clic2025-1024/50d13125b665e0c4c1673264807bfc3cc7a217819329696843fea4c69aff8b91.png	small	64	64	64	1783.607178	0.149408	0.253418	0.012456	0.014841	0.515625	0.265625	114.870094	0.071457	0.752451	110.000000	0.026855	0.030700	0.014030	1.000000	0.281100	0.137480	9.000000	0.149609	2.791720	20.343750	29.750000	0.125000	0.000000	0.000000	0.000000	8.000000	1.000000	0.469238	2.826410	1.789753	0.000000	0.000000	0.203125	0.007812	22.452372	0.140625	0.091022	0.032490	0.000000	4096.000000	8.317766	64.000000	64.000000	12288.000000	1.000000	0.000000	0.000000	0.000000	3.000000														1.000000	7.000000	55.000000	127.000000	255.000000									0.000000	0.000000	0.000000									12.665691	0.657943
326aa56a8af032657fe37a8bee062f9114568dc0dc916baaa32061498f7d3ee5	mixed	kadid10k-distortion-set	/home/lilith/work/codec-corpus/kadid10k/I15.png	tiny	64	64	48	4222.450684	0.502533	0.083470	0.012593	0.009990	0.125000	0.000000	33.097675	0.308525	0.655531	448.000000	0.145833	0.009750	0.012640	0.000000	0.041230	0.045170	3.000000	0.297184	4.394913	48.750000	9.687500	0.000000	0.000000	0.000000	0.000000	0.000000	0.000000	0.102865	4.426603	0.738458	0.259156	0.113111	0.229167	0.080404	28.386696	0.000000	0.229828	0.018188	0.000000	3072.000000	8.030084	48.000000	64.000000	9216.000000	0.750000	0.287682	0.000000	0.333333	3.000000														27.000000	71.000000	127.000000	241.000000	255.000000									0.000000	0.000000	0.000000									2.238150	0.782220
12cc3e74ca3a4ff2e2fff105dfaa575c361f1028d91fd3a8ea7260631461c768	photo	gb82-photos	/home/lilith/work/codec-corpus/gb82/path-lossless.png	medium	256	256	256	4545.312012	0.186451	0.050881	0.007390	0.004888	0.207031	0.000000	22.173594	0.371496	1.295467	530.000000	0.016174	0.003590	0.002200	0.000000	0.008890	0.007310	1.000000	0.344936	4.296082	14.688477	1.796875	0.000000	0.000000	0.000000	0.000000	0.000000	0.000000	0.002625	3.610794	0.706527	0.155076	0.029214	0.258789	0.236755	24.668266	0.000000	0.084062	0.002542	0.000000	65536.000000	11.090355	256.000000	256.000000	196608.000000	1.000000	0.000000	0.000000	0.000000	3.000000	3.600401	3.987727	4.603607	4.860446	5.228582	0.261674	0.411685	0.685704	1.000000	0.043036	0.067610	0.094636	0.139007	9.000000	26.000000	54.000000	158.000000	255.000000	0.015873	0.015873	0.047619	0.111111	0.000000	0.000000	0.000000	0.000000	0.000000	0.000000	1.000000	2.064224	2.427907	2.650065	0.067969	0.117843	0.155076	0.000000	0.000000	14.239088	0.731086
16ab8d15b113784e7a06f59d8b046c0aae029146785d8b5231e4ec88ff25ff35	photo	CID22-512px	/home/lilith/work/codec-corpus/CID22/CID22-512/training/pexels-photo-7078290.png	medium	256	256	256	942.058044	0.353495	0.098710	0.007804	0.008300	0.093750	0.000000	41.615971	0.392141	0.879571	960.000000	0.029297	0.003230	0.005350	0.000000	0.025770	0.039690	2.000000	0.139304	3.533590	22.623047	5.561523	0.001953	0.000000	0.000000	0.000000	0.000000	0.000000	0.012543	4.042307	0.641045	0.204278	0.057127	0.286133	0.612183	17.127783	0.001953	0.099222	0.008340	0.000000	65536.000000	11.090355	256.000000	256.000000	196608.000000	1.000000	0.000000	0.000000	0.000000	3.000000	4.087706	4.566216	4.863244	4.974659	5.093880	0.387057	0.730486	1.000000	1.000000	0.093235	0.144241	0.219318	0.309399	19.000000	41.000000	65.000000	116.000000	255.000000	0.015873	0.047619	0.095238	0.142857	0.000000	0.000000	0.000000	0.015873	0.000000	1.000000	2.000000	2.578568	2.852089	3.105425	0.103961	0.160673	0.204278	0.000000	0.000000	3.321910	0.727358
67739501da6516887f379f1c3415b1074352790d3134dfe96ef393527cd58342	photo	CID22-512px	/home/lilith/work/codec-corpus/CID22/CID22-512/validation/382297.png	medium	256	256	256	1468.566772	0.301084	0.263231	0.038278	0.018313	0.152344	0.001953	102.726677	1.235495	0.886088	6156.000000	0.187866	0.120960	0.211920	12.000000	0.189030	0.391120	51.000000	0.455261	3.806933	32.882812	39.625977	0.001953	0.000000	0.000000	0.000000	0.000000	0.000000	0.001068	4.109668	0.877001	0.151705	0.104587	0.154297	0.068573	39.208694	0.000000	0.179563	0.064732	0.000000	65536.000000	11.090355	256.000000	256.000000	196608.000000	1.000000	0.000000	0.000000	0.000000	3.000000	4.285754	4.817843	5.068504	5.187835	5.301951	0.421229	0.946606	1.000000	1.000000	0.253931	0.531453	0.941727	1.000000	12.000000	39.000000	104.000000	255.000000	255.000000	0.015873	0.047619	0.142857	0.317460	0.000000	0.015873	0.047619	0.095238	0.000000	0.000000	1.000000	2.076857	2.399863	2.697610	0.055008	0.095664	0.151705	0.000000	0.000000	5.624407	0.695446
326aa56a8af032657fe37a8bee062f9114568dc0dc916baaa32061498f7d3ee5	mixed	kadid10k-distortion-set	/home/lilith/work/codec-corpus/kadid10k/I15.png	small	256	256	192	4774.607422	0.409629	0.085184	0.007612	0.005980	0.266927	0.042969	33.688671	0.908299	0.929873	1123.000000	0.034271	0.002630	0.003280	0.000000	0.010360	0.011460	1.000000	0.278578	4.527482	36.549480	3.928385	0.005208	0.000000	0.000000	0.000000	0.000000	0.000000	0.094645	3.823467	1.346290	0.051105	0.034121	0.214844	0.094076	27.796036	0.002604	0.162388	0.007999	0.000000	49152.000000	10.802672	192.000000	256.000000	147456.000000	0.750000	0.287682	0.000000	0.000000	3.000000	4.409525	4.835019	5.103136	5.237416	5.417781	0.106861	0.988231	1.000000	1.000000	0.053129	0.104746	0.164859	0.241575	19.000000	57.000000	109.000000	219.000000	255.000000	0.000000	0.015873	0.174603	0.253968	0.000000	0.000000	0.000000	0.015873	0.000000	0.000000	0.000000	0.748914	1.384431	1.672097	0.013727	0.035328	0.051105	0.000000	0.000000	3.193906	0.738787
13fb77f61e513cc13c98f18cb7343598503a4b8f70eaea1bada47c68dd2339b6	photo	CID22-512px	/home/lilith/work/codec-corpus/CID22/CID22-512/validation/2079234.png	small	64	64	64	1168.824463	0.364827	0.135421	0.011756	0.012699	0.265625	0.031250	53.909229	0.149358	0.696982	491.000000	0.119873	0.008190	0.016750	0.000000	0.063140	0.131100	3.000000	0.313063	3.737093	26.578125	15.140625	0.000000	0.000000	0.000000	0.000000	0.000000	0.000000	0.031006	3.775180	1.220902	0.057803	0.029797	0.234375	0.168945	19.281691	0.000000	0.147073	0.024802	0.000000	4096.000000	8.317766	64.000000	64.000000	12288.000000	1.000000	0.000000	0.000000	0.000000	3.000000														11.000000	44.000000	84.000000	160.000000	255.000000									0.000000	0.000000	0.000000									3.527555	0.725902
31ecaf91b689092188cbc9763b67133485c37a8a03a382222bd1850c4c0b1d2a	photo	clic2025-1024px-resized	/home/lilith/work/codec-corpus/clic2025-1024/0369d229ba4c9965d5caeb38c359a027a810968eee930b81520b604e76b4df14.png	small	64	64	64	3748.841064	0.359536	0.303092	0.033417	0.034635	0.031250	0.000000	116.182610	0.085012	0.663543	803.000000	0.196045	0.054180	0.035100	1.000000	0.538620	0.301020	18.000000	0.054521	4.416341	55.531250	62.187500	0.000000	0.000000	0.000000	0.000000	0.000000	0.000000	0.003906	4.645090	0.549374	0.854462	0.138732	0.765625	0.359863	20.461874	0.000000	0.154762	0.065476	0.000000	4096.000000	8.317766	64.000000	64.000000	12288.000000	1.000000	0.000000	0.000000	0.000000	3.000000														13.000000	33.000000	56.000000	124.000000	255.000000									0.000000	0.000000	1.000000									9.878809	0.928918
28d565117cff9242f93becf420081b1b117296719b2ff1a37e170e09640fe7cb	photo	clic2025-1024px-resized	/home/lilith/work/codec-corpus/clic2025-1024/28d24b9c83de066597ff96a68769884f.png	large	1024	1024	1024	3618.704834	0.038974	0.173369	0.002842	0.001837	0.727905	0.140869	70.218300	0.174688	1.665630	1709.000000	0.052155	0.000540	0.000480	0.000000	0.001970	0.001960	0.000000	0.092976	4.169629	4.708984	1.013672	0.000000	0.000000	0.000000	0.000000	0.000000	0.000000	0.321518	2.402670	0.955361	0.025050	0.007257	0.281250	0.326298	20.636572	0.001953	0.022352	0.001736	0.000000	1048576.000000	13.862944	1024.000000	1024.000000	3145728.000000	1.000000	0.000000	0.000000	0.000000	3.000000	2.159680	3.055707	3.764246	4.395724	5.050493	0.039451	0.087328	0.255289	0.585111	0.018108	0.028435	0.044779	0.071346	2.000000	4.000000	9.000000	63.000000	255.000000	0.000000	0.000000	0.000000	0.015873	0.000000	0.000000	0.000000	0.000000	0.000000	0.000000	0.000000	1.083122	1.275529	1.384431	0.014430	0.019368	0.025050	0.000000	0.000000	64.422195	0.734108
06b5950cef7618d226a14cbf7de9e4f4230896439479386c7eea38021c3c885c	photo	clic2025-native	/home/lilith/work/codec-corpus/clic2025/final-test/608cb09e6ffc66d4bc838d4088bf4c0ab889d7e83d4f5d78805cbc4497e432a1.png	tiny	64	51	64	1632.377808	0.538095	0.127132	0.041942	0.044372	0.000000	0.000000	48.491955	0.184051	0.542782	1232.000000	0.377451	0.103710	0.123850	4.000000	0.766090	1.040990	26.000000	0.361853	4.006973	31.395834	31.770834	0.000000	0.000000	0.000000	0.000000	0.000000	0.000000	0.014400	4.387949	0.346535	0.590796	0.210588	0.041667	0.166360	16.804583	0.000000	0.200728	0.061508	0.000000	3264.000000	8.090709	51.000000	64.000000	9792.000000	0.796875	0.227057	0.098039	0.254902	3.000000														31.000000	60.000000	93.000000	168.000000	255.000000									0.000000	2.000000	5.000000									2.748201	0.720964
16e282da0e8b0b84e40bf8a5a6f61134893b6e99f47e2aa399d9b108c9e8488a	photo	CID22-512px	/home/lilith/work/codec-corpus/CID22/CID22-512/training/1722183.png	small	64	64	64	3934.811035	0.292517	0.049039	0.009484	0.008368	0.062500	0.000000	17.330139	0.130881	0.895823	291.000000	0.071045	0.007260	0.004260	0.000000	0.034730	0.019250	1.000000	0.115923	4.272995	38.671875	4.812500	0.000000	0.000000	0.000000	0.000000	0.000000	0.000000	0.389648	4.248191	0.720373	0.201168	0.015608	0.375000	0.138916	25.479879	0.000000	0.141865	0.009425	0.000000	4096.000000	8.317766	64.000000	64.000000	12288.000000	1.000000	0.000000	0.000000	0.000000	3.000000														15.000000	38.000000	73.000000	163.000000	255.000000									0.000000	0.000000	1.000000									6.619509	0.777938
29f637ce7934a542c116049d4e74f1885d88dc08f689d557d599aa95fc5049de	photo	clic2025-1024px-resized	/home/lilith/work/codec-corpus/clic2025-1024/097cb426910ba8ce2525dd8bb7fb1777.png	small	64	64	64	810.602905	0.129000	0.042568	0.006092	0.005233	0.484375	0.187500	15.424571	0.049559	1.028200	208.000000	0.050781	0.004270	0.002890	0.000000	0.021340	0.013100	1.000000	0.145097	3.035655	14.984375	3.000000	0.000000	0.000000	0.000000	0.000000	8.000000	1.000000	0.091064	3.027499	1.292941	0.040464	0.010674	0.546875	0.067139	22.969675	0.078125	0.069196	0.007440	0.000000	4096.000000	8.317766	64.000000	64.000000	12288.000000	1.000000	0.000000	0.000000	0.000000	3.000000														1.000000	12.000000	36.000000	119.000000	255.000000									0.000000	0.000000	0.000000									16.560678	0.846776
2d243a0030e4fa59d1142b7586e9094a8d463b4e67fa4f6c18d3298cd204ae3b	photo	clic2025-1024px-resized	/home/lilith/work/codec-corpus/clic2025-1024/937476dd72f98638f34299dda5e9c252621b5e809c364692fc2934e000583286.png	large	1024	1024	1024	2600.516357	0.930097	0.000000	0.000000	0.000000	0.000000	0.000000	0.000000	18.835104	0.516895	32.000000	0.000977	0.000000	0.000000	0.000000	0.000000	0.000000	0.000000	2.020521	4.475355	65.723633	0.000000	0.000000	0.000000	0.000000	0.000000	8.000000	1.000000	1.000000	4.897015	0.148929	0.874813	0.000000	0.000000	0.000000	31.576733	0.000000	0.334961	0.000000	1.000000	1048576.000000	13.862944	1024.000000	1024.000000	3145728.000000	1.000000	0.000000	0.000000	0.000000	3.000000	4.917042	4.996144	5.057734	5.093854	5.151040	1.000000	1.000000	1.000000	1.000000	0.000000	0.000000	0.000000	0.000000	90.000000	153.000000	221.000000	255.000000	255.000000	0.269841	0.301587	0.333333	0.365079	0.000000	0.000000	0.000000	0.000000	2.000000	8.000000	17.000000	4.338844	4.637552	4.718644	0.588163	0.755063	0.874813	0.190476	0.253968	-0.679520	0.326310
16e282da0e8b0b84e40bf8a5a6f61134893b6e99f47e2aa399d9b108c9e8488a	photo	CID22-512px	/home/lilith/work/codec-corpus/CID22/CID22-512/training/1722183.png	medium	256	256	256	4255.146484	0.262007	0.054745	0.011356	0.009668	0.278320	0.018555	19.170143	0.671584	1.172457	725.000000	0.022125	0.019280	0.009250	1.000000	0.087930	0.036480	5.000000	0.327849	4.331493	21.651367	3.452148	0.007812	0.000000	0.000000	0.000000	0.000000	0.000000	0.363937	3.690218	0.983393	0.099811	0.007951	0.313477	0.125839	27.079685	0.001953	0.108104	0.005735	0.000000	65536.000000	11.090355	256.000000	256.000000	196608.000000	1.000000	0.000000	0.000000	0.000000	3.000000	3.884986	4.526086	4.904449	5.050068	5.267764	0.193745	0.575892	1.000000	1.000000	0.021563	0.041004	0.152405	0.304123	9.000000	33.000000	79.000000	211.000000	255.000000	0.000000	0.015873	0.079365	0.174603	0.000000	0.000000	0.000000	0.000000	0.000000	0.000000	0.000000	1.623087	1.991226	2.281850	0.040725	0.074721	0.099811	0.000000	0.000000	7.892227	0.750600
13fb77f61e513cc13c98f18cb7343598503a4b8f70eaea1bada47c68dd2339b6	photo	CID22-512px	/home/lilith/work/codec-corpus/CID22/CID22-512/validation/2079234.png	medium	256	256	256	1529.526367	0.349296	0.136912	0.007264	0.007247	0.333984	0.167969	54.424061	0.687460	0.994596	940.000000	0.028687	0.002570	0.006360	0.000000	0.018620	0.036060	3.000000	0.435634	3.828816	23.416016	6.489258	0.003906	0.000000	0.000000	0.000000	0.000000	0.000000	0.049500	3.419928	1.524657	0.019410	0.018010	0.177734	0.169739	19.472757	0.007812	0.112692	0.011889	0.000000	65536.000000	11.090355	256.000000	256.000000	196608.000000	1.000000	0.000000	0.000000	0.000000	3.000000	4.238657	4.636876	4.841472	4.965611	5.067269	0.028821	0.583890	1.000000	1.000000	0.024959	0.068990	0.227155	0.403673	10.000000	45.000000	98.000000	159.000000	255.000000	0.000000	0.000000	0.111111	0.190476	0.000000	0.000000	0.000000	0.015873	0.000000	0.000000	0.000000	0.777019	1.058331	1.176091	0.009878	0.015643	0.019410	0.000000	0.000000	2.005856	0.581601
1133a2ec4aebc96fb881186d5443128bd31bcb105569e87218883a9fd4ef7aad	photo	CID22-512px	/home/lilith/work/codec-corpus/CID22/CID22-512/training/pexels-photo-1544724.png	small	64	64	64	1728.444946	0.557067	0.232068	0.073636	0.083893	0.000000	0.000000	99.278374	0.301155	0.521629	1777.000000	0.433838	0.530960	0.142020	16.000000	2.726940	0.867020	63.000000	0.307552	4.060718	43.718750	89.718750	0.000000	0.000000	0.000000	0.000000	0.000000	0.000000	0.015381	4.600753	0.294010	0.825145	0.347872	0.140625	0.215332	23.023243	0.000000	0.230903	0.115079	0.000000	4096.000000	8.317766	64.000000	64.000000	12288.000000	1.000000	0.000000	0.000000	0.000000	3.000000														31.000000	68.000000	116.000000	211.000000	255.000000									0.000000	1.000000	3.000000									2.487307	0.749944
29f637ce7934a542c116049d4e74f1885d88dc08f689d557d599aa95fc5049de	photo	clic2025-1024px-resized	/home/lilith/work/codec-corpus/clic2025-1024/097cb426910ba8ce2525dd8bb7fb1777.png	medium	256	256	256	847.793396	0.048043	0.043392	0.002977	0.002583	0.679688	0.529297	15.697084	0.051933	1.484990	457.000000	0.013947	0.000910	0.000700	0.000000	0.004610	0.003330	1.000000	0.103130	3.032485	6.526367	1.424805	0.041016	0.000000	0.000000	0.000000	0.000000	0.000000	0.083588	2.166188	1.366869	0.013670	0.005221	0.230469	0.063278	17.380781	0.069336	0.030645	0.002728	0.000000	65536.000000	11.090355	256.000000	256.000000	196608.000000	1.000000	0.000000	0.000000	0.000000	3.000000	1.427073	3.436955	4.109287	4.532917	5.030279	0.023357	0.035320	0.399512	0.845906	0.011940	0.021515	0.039356	0.102133	1.000000	4.000000	14.000000	63.000000	255.000000	0.000000	0.000000	0.000000	0.047619	0.000000	0.000000	0.000000	0.000000	0.000000	0.000000	0.000000	0.000000	0.297625	0.829304	0.000000	0.005121	0.013670	0.000000	0.000000	57.407978	0.656776
1004ba77cab86bdbf351198617026039cbdbb826c25c32d4bc8bf0e7c7e8bb36	photo	clic2025-1024px-resized	/home/lilith/work/codec-corpus/clic2025-1024/50d13125b665e0c4c1673264807bfc3cc7a217819329696843fea4c69aff8b91.png	medium	256	256	256	1847.904053	0.054410	0.255452	0.003405	0.004116	0.774414	0.597656	115.532639	0.075782	1.346779	138.000000	0.004211	0.006810	0.003220	1.000000	0.061650	0.030900	8.000000	0.099307	2.679352	7.837891	7.304688	0.289062	0.000000	0.000000	0.000000	8.000000	1.000000	0.491104	1.608140	1.601507	0.000000	0.000000	0.115234	0.001602	20.488691	0.345703	0.029018	0.008247	0.000000	65536.000000	11.090355	256.000000	256.000000	196608.000000	1.000000	0.000000	0.000000	0.000000	3.000000	1.224015	1.798907	4.548008	4.814301	5.038939	0.000000	0.026032	0.055823	1.000000	0.000000	0.000000	0.027687	0.071879	0.000000	1.000000	13.000000	85.000000	255.000000	0.000000	0.000000	0.000000	0.000000	0.000000	0.000000	0.000000	0.000000	0.000000	0.000000	0.000000	0.000000	0.000000	0.000000	0.000000	0.000000	0.000000	0.000000	0.000000	37.136116	0.466196
148a172697c4ed4495678c36824c01685c4c5aead61a4a4fd5744980e5b60f53	photo	clic2025-1024px-resized	/home/lilith/work/codec-corpus/clic2025-1024/ebfd571f1c6824316047a29cb5f376eec15f56dd51821119c1842be068a8b950.png	small	64	64	64	414.542480	0.116654	0.020203	0.004970	0.002370	0.453125	0.250000	6.616742	0.056442	1.239680	106.000000	0.025879	0.005470	0.015420	1.000000	0.019350	0.015260	2.000000	0.192658	2.134387	12.390625	1.406250	0.421875	0.000000	0.000000	0.000000	8.000000	1.000000	0.860840	2.638469	1.653703	0.000000	0.000000	0.250000	0.000977	34.033241	0.421875	0.056796	0.002480	0.000000	4096.000000	8.317766	64.000000	64.000000	12288.000000	1.000000	0.000000	0.000000	0.000000	3.000000														2.000000	17.000000	37.000000	127.000000	255.000000									0.000000	0.000000	0.000000									32.437637	0.589418
1133a2ec4aebc96fb881186d5443128bd31bcb105569e87218883a9fd4ef7aad	photo	CID22-512px	/home/lilith/work/codec-corpus/CID22/CID22-512/training/pexels-photo-1544724.png	medium	256	256	256	2186.721680	0.286936	0.252071	0.037779	0.034519	0.117188	0.001953	105.208603	0.675623	0.820611	5835.000000	0.178070	0.120840	0.039190	10.000000	0.425820	0.149380	37.000000	0.210409	4.236664	32.586914	53.583984	0.001953	0.000000	0.000000	0.000000	0.000000	0.000000	0.026749	4.124627	0.819434	0.216655	0.066856	0.438477	0.175217	28.369457	0.000000	0.136657	0.063802	0.000000	65536.000000	11.090355	256.000000	256.000000	196608.000000	1.000000	0.000000	0.000000	0.000000	3.000000	4.251892	4.793674	5.069638	5.162891	5.258166	0.466139	0.983548	1.000000	1.000000	0.160210	0.521212	1.000000	1.000000	10.000000	35.000000	82.000000	203.000000	255.000000	0.015873	0.047619	0.111111	0.206349	0.000000	0.015873	0.047619	0.095238	0.000000	0.000000	1.000000	1.896252	2.506653	2.934499	0.063415	0.125569	0.216655	0.000000	0.000000	7.102659	0.827780
69e2f6bb3869b69a0027091a55b7451c57486b988fed90d7813fba44191005cc	mixed	kadid10k-distortion-set	/home/lilith/work/codec-corpus/kadid10k/I34.png	tiny	64	64	48	2682.640625	0.320838	0.118996	0.016062	0.008358	0.083333	0.000000	51.553902	0.113265	0.754870	448.000000	0.145833	0.016240	0.020510	0.000000	0.029620	0.029820	1.000000	0.101275	4.201865	44.125000	13.229167	0.000000	0.000000	0.000000	0.000000	0.000000	0.000000	0.007161	4.260154	0.870080	0.181104	0.064906	0.333333	0.737305	24.618946	0.000000	0.149471	0.022487	0.000000	3072.000000	8.030084	48.000000	64.000000	9216.000000	0.750000	0.287682	0.000000	0.333333	3.000000														16.000000	38.000000	71.000000	146.000000	255.000000									0.000000	0.000000	1.000000									7.826673	0.816206
689a2e60e74dfcda68bc95eec0713ee5c6a117ded33aa77d166e30fc87ab509e	photo	CID22-512px	/home/lilith/work/codec-corpus/CID22/CID22-512/training/5894435.png	small	64	64	64	8681.944336	0.235576	0.062391	0.014029	0.005176	0.187500	0.062500	22.844761	0.093354	0.953530	389.000000	0.094971	0.011210	0.008570	0.000000	0.009850	0.010050	0.000000	0.124989	4.106372	26.968750	5.937500	0.031250	0.000000	0.000000	0.000000	0.000000	0.000000	0.374023	3.808254	1.180974	0.104845	0.014774	0.406250	0.120117	25.182138	0.031250	0.124504	0.013393	0.000000	4096.000000	8.317766	64.000000	64.000000	12288.000000	1.000000	0.000000	0.000000	0.000000	3.000000														11.000000	30.000000	59.000000	149.000000	255.000000									0.000000	0.000000	0.000000									10.159102	0.789815
31ecaf91b689092188cbc9763b67133485c37a8a03a382222bd1850c4c0b1d2a	photo	clic2025-1024px-resized	/home/lilith/work/codec-corpus/clic2025-1024/0369d229ba4c9965d5caeb38c359a027a810968eee930b81520b604e76b4df14.png	medium	256	256	256	3803.630859	0.085736	0.305321	0.013868	0.013412	0.315430	0.022461	117.008232	0.074124	1.341812	2127.000000	0.064911	0.010220	0.006500	1.000000	0.094320	0.045570	20.000000	0.062090	4.434484	15.744141	18.219727	0.012695	0.000000	0.000000	0.000000	0.000000	0.000000	0.003662	3.441252	0.947146	0.070958	0.032697	0.540039	0.361038	14.422915	0.022461	0.055122	0.023562	0.000000	65536.000000	11.090355	256.000000	256.000000	196608.000000	1.000000	0.000000	0.000000	0.000000	3.000000	3.600204	4.154963	4.565056	4.797664	5.077675	0.181324	0.480120	0.926641	1.000000	0.054750	0.142702	0.351930	0.837521	4.000000	11.000000	24.000000	67.000000	209.000000	0.000000	0.015873	0.047619	0.079365	0.000000	0.000000	0.015873	0.031746	0.000000	0.000000	0.000000	1.251866	1.579783	2.039166	0.023613	0.041657	0.070958	0.000000	0.000000	22.341249	0.855473
69e2f6bb3869b69a0027091a55b7451c57486b988fed90d7813fba44191005cc	mixed	kadid10k-distortion-set	/home/lilith/work/codec-corpus/kadid10k/I34.png	small	256	256	192	2864.032471	0.228190	0.120357	0.009414	0.004437	0.157552	0.059896	51.950912	0.288467	1.394802	1214.000000	0.037048	0.004590	0.005210	0.000000	0.005460	0.005650	0.000000	0.196154	4.249099	18.395834	5.095052	0.002604	0.000000	0.000000	0.000000	0.000000	0.000000	0.006470	3.655335	1.027853	0.033964	0.034031	0.128906	0.727010	19.574841	0.000000	0.099392	0.010107	0.000000	49152.000000	10.802672	192.000000	256.000000	147456.000000	0.750000	0.287682	0.000000	0.000000	3.000000	3.820755	4.273279	4.692448	4.903090	5.300370	0.320360	0.520333	0.977145	1.000000	0.067201	0.105521	0.190253	0.353147	14.000000	32.000000	56.000000	129.000000	255.000000	0.000000	0.031746	0.095238	0.142857	0.000000	0.000000	0.000000	0.015873	0.000000	0.000000	1.000000	0.982695	1.272640	1.454607	0.013351	0.022780	0.033964	0.000000	0.000000	8.915700	0.676282
129fdfc9e99161836c65a6cd59afa8708d79b3920d7dc5362bed71a63cbcba3b	photo	CID22-512px	/home/lilith/work/codec-corpus/CID22/CID22-512/training/7062227.png	small	64	64	64	1036.299316	0.335349	0.075307	0.014400	0.018221	0.125000	0.000000	33.481182	0.176580	0.750747	722.000000	0.176270	0.018720	0.026490	1.000000	0.207740	0.268440	13.000000	0.336214	3.518491	26.421875	15.078125	0.000000	0.000000	0.000000	0.000000	0.000000	0.000000	0.120117	4.063159	0.733150	0.235967	0.075630	0.203125	0.425293	25.215166	0.000000	0.153522	0.035218	0.000000	4096.000000	8.317766	64.000000	64.000000	12288.000000	1.000000	0.000000	0.000000	0.000000	3.000000														15.000000	40.000000	82.000000	211.000000	255.000000									0.000000	0.000000	1.000000									7.452966	0.782806
170a099e5c4b447675a1b541ded370a0645b41174578597836a3ecb407fb2beb	photo	clic2025-1024px-resized	/home/lilith/work/codec-corpus/clic2025-1024/5e5ce43575fa67fdc0dd37146d7f479e.png	small	64	64	64	2212.514160	0.292013	0.149614	0.020821	0.011469	0.187500	0.000000	52.548931	0.235009	0.861161	1012.000000	0.247070	0.097770	0.063730	15.000000	0.079730	0.113610	5.000000	0.358597	4.289354	28.765625	19.406250	0.000000	0.000000	0.000000	0.000000	0.000000	0.000000	0.093506	3.977151	0.840753	0.209401	0.089271	0.390625	0.143066	32.829182	0.000000	0.148810	0.037450	0.000000	4096.000000	8.317766	64.000000	64.000000	12288.000000	1.000000	0.000000	0.000000	0.000000	3.000000														4.000000	43.000000	98.000000	242.000000	255.000000									0.000000	0.000000	0.000000									5.220730	0.810926
689a2e60e74dfcda68bc95eec0713ee5c6a117ded33aa77d166e30fc87ab509e	photo	CID22-512px	/home/lilith/work/codec-corpus/CID22/CID22-512/training/5894435.png	medium	256	256	256	8792.023438	0.129381	0.064800	0.009772	0.003524	0.346680	0.141602	23.584980	0.203688	1.325852	841.000000	0.025665	0.008430	0.004220	1.000000	0.007140	0.004880	1.000000	0.192292	4.160127	13.140625	3.903320	0.130859	0.000000	0.000000	0.000000	0.000000	0.000000	0.364365	3.062007	1.471256	0.000000	0.000000	0.379883	0.126572	20.853563	0.164062	0.071537	0.008758	0.000000	65536.000000	11.090355	256.000000	256.000000	196608.000000	1.000000	0.000000	0.000000	0.000000	3.000000	3.571066	4.094300	4.489092	4.742482	5.208927	0.099536	0.429903	0.763208	1.000000	0.026888	0.079881	0.196635	0.291943	3.000000	13.000000	39.000000	120.000000	255.000000	0.000000	0.000000	0.047619	0.111111	0.000000	0.000000	0.000000	0.015873	0.000000	0.000000	0.000000	0.000000	0.000000	0.000000	0.000000	0.000000	0.000000	0.000000	0.000000	17.684671	0.704356
148a172697c4ed4495678c36824c01685c4c5aead61a4a4fd5744980e5b60f53	photo	clic2025-1024px-resized	/home/lilith/work/codec-corpus/clic2025-1024/ebfd571f1c6824316047a29cb5f376eec15f56dd51821119c1842be068a8b950.png	medium	256	256	256	697.801270	0.233064	0.032229	0.003337	0.001471	0.577148	0.484375	10.261436	0.639786	1.473991	539.000000	0.016449	0.008100	0.027340	4.000000	0.008340	0.031640	7.000000	0.916709	2.130861	13.926758	3.000977	0.544922	0.000000	0.000000	0.000000	0.000000	0.000000	0.928085	2.115803	2.113290	0.000000	0.000000	0.085938	0.001724	21.988523	0.559570	0.057710	0.006309	0.000000	65536.000000	11.090355	256.000000	256.000000	196608.000000	1.000000	0.000000	0.000000	0.000000	3.000000	2.459393	4.477967	4.625906	4.667798	5.256962	0.000000	0.134717	0.785667	1.000000	0.000000	0.000000	0.026948	0.283955	0.000000	24.000000	93.000000	182.000000	255.000000	0.000000	0.000000	0.000000	0.111111	0.000000	0.000000	0.000000	0.000000	0.000000	0.000000	0.000000	0.000000	0.000000	0.000000	0.000000	0.000000	0.000000	0.000000	0.000000	4.119675	0.281992
6ae75dd293458291c2a8f9f4b01602e30739f60ce13723b7eeacadcac31ca678	mixed	kadid10k-distortion-set	/home/lilith/work/codec-corpus/kadid10k/I24.png	tiny	64	64	48	2673.044189	0.497467	0.284007	0.079808	0.027852	0.062500	0.000000	100.826172	0.196459	0.616108	1117.000000	0.363607	0.380680	0.183630	15.000000	0.257100	0.161250	9.000000	0.231222	4.319324	40.666668	80.770836	0.000000	0.000000	0.000000	0.000000	0.000000	0.000000	0.000651	4.466962	0.657816	0.480828	0.326246	0.208333	0.036458	23.124512	0.000000	0.209656	0.101521	0.000000	3072.000000	8.030084	48.000000	64.000000	9216.000000	0.750000	0.287682	0.000000	0.333333	3.000000														26.000000	61.000000	95.000000	197.000000	255.000000									0.000000	0.000000	1.000000									3.466002	0.766253
129fdfc9e99161836c65a6cd59afa8708d79b3920d7dc5362bed71a63cbcba3b	photo	CID22-512px	/home/lilith/work/codec-corpus/CID22/CID22-512/training/7062227.png	medium	256	256	256	1325.245850	0.200308	0.084747	0.009436	0.011495	0.334961	0.036133	36.820843	0.396113	1.193267	3062.000000	0.093445	0.010290	0.014070	1.000000	0.100690	0.148600	19.000000	0.192965	3.532855	21.838867	12.557617	0.000000	0.000000	0.000000	0.000000	0.000000	0.000000	0.139908	3.557203	1.103853	0.074640	0.016663	0.289062	0.424393	27.890104	0.001953	0.097269	0.022786	0.000000	65536.000000	11.090355	256.000000	256.000000	196608.000000	1.000000	0.000000	0.000000	0.000000	3.000000	3.794558	4.432279	4.884415	5.119932	5.356903	0.146500	0.567657	1.000000	1.000000	0.039266	0.173397	0.384679	0.673349	6.000000	22.000000	55.000000	165.000000	255.000000	0.000000	0.015873	0.063492	0.142857	0.000000	0.000000	0.015873	0.031746	0.000000	0.000000	0.000000	0.965407	1.703155	2.081886	0.015203	0.045358	0.074640	0.000000	0.000000	13.793280	0.789446
06b5950cef7618d226a14cbf7de9e4f4230896439479386c7eea38021c3c885c	photo	clic2025-native	/home/lilith/work/codec-corpus/clic2025/final-test/608cb09e6ffc66d4bc838d4088bf4c0ab889d7e83d4f5d78805cbc4497e432a1.png	small	256	204	256	2007.807251	0.437883	0.158688	0.037850	0.041525	0.032500	0.000000	59.594036	0.561344	0.832065	5547.000000	0.169281	0.101390	0.098370	9.000000	0.842090	0.802540	63.000000	0.269427	4.126715	28.346251	39.378750	0.005000	0.000000	0.000000	0.000000	0.000000	0.000000	0.013366	4.276200	0.509826	0.446898	0.139331	0.120000	0.160156	16.937603	0.000000	0.175595	0.070774	0.000000	52224.000000	10.863297	204.000000	256.000000	156672.000000	0.796875	0.227057	0.019608	0.098039	3.000000	4.395095	4.669205	4.806937	4.881911	5.029846	0.685509	1.000000	1.000000	1.000000	0.255490	0.543773	0.927204	1.000000	23.000000	49.000000	82.000000	158.000000	255.000000	0.063492	0.111111	0.174603	0.238095	0.000000	0.015873	0.063492	0.111111	0.000000	1.000000	3.000000	2.502064	3.263636	3.628413	0.126654	0.296967	0.446898	0.000000	0.031746	3.935048	0.758522
29f637ce7934a542c116049d4e74f1885d88dc08f689d557d599aa95fc5049de	photo	clic2025-1024px-resized	/home/lilith/work/codec-corpus/clic2025-1024/097cb426910ba8ce2525dd8bb7fb1777.png	large	1024	1024	1024	854.043274	0.016263	0.043439	0.001575	0.001480	0.798584	0.595703	15.716163	0.101150	2.052464	949.000000	0.028961	0.000190	0.000190	0.000000	0.001200	0.001110	0.000000	0.182079	3.036953	2.202148	0.290039	0.005859	0.000000	0.000000	0.000000	0.000000	0.000000	0.069452	1.892191	1.063154	0.011544	0.000000	0.089844	0.062576	13.129968	0.019531	0.012323	0.000605	0.000000	1048576.000000	13.862944	1024.000000	1024.000000	3145728.000000	1.000000	0.000000	0.000000	0.000000	3.000000	1.370779	2.919004	3.518446	3.876809	4.320167	0.017228	0.024606	0.171405	0.410686	0.003329	0.020945	0.032580	0.052027	2.000000	4.000000	13.000000	41.000000	255.000000	0.000000	0.000000	0.000000	0.015873	0.000000	0.000000	0.000000	0.000000	0.000000	0.000000	0.000000	0.297622	0.698969	0.895389	0.003329	0.008558	0.011544	0.000000	0.000000	44.478706	0.467578
6ae75dd293458291c2a8f9f4b01602e30739f60ce13723b7eeacadcac31ca678	mixed	kadid10k-distortion-set	/home/lilith/work/codec-corpus/kadid10k/I24.png	small	256	256	192	2891.042236	0.261862	0.288395	0.030456	0.010423	0.221354	0.046875	102.097984	0.209761	1.133672	3635.000000	0.110931	0.029800	0.015300	4.000000	0.020510	0.015140	2.000000	0.100961	4.385287	23.786459	29.975260	0.000000	0.000000	0.000000	0.000000	0.000000	0.000000	0.001261	3.742707	1.169335	0.040694	0.029469	0.493490	0.036153	16.763849	0.000000	0.115617	0.048198	0.000000	49152.000000	10.802672	192.000000	256.000000	147456.000000	0.750000	0.287682	0.000000	0.000000	3.000000	4.160570	4.529055	4.805355	4.982762	5.273633	0.423006	0.897965	1.000000	1.000000	0.185083	0.518556	0.880954	1.000000	9.000000	23.000000	44.000000	122.000000	255.000000	0.000000	0.063492	0.126984	0.158730	0.000000	0.000000	0.047619	0.079365	0.000000	0.000000	0.000000	1.281246	1.446187	1.584756	0.022078	0.032415	0.040694	0.000000	0.000000	15.109379	0.838235
68e92e972c8445fccc600723bb883b3511a09d3a2b54a615da53a3b2dcbc27db	photo	gb82-photos	/home/lilith/work/codec-corpus/gb82/house-lossless.png	small	64	64	64	5884.833984	0.148400	0.163422	0.014020	0.011689	0.359375	0.000000	61.829933	0.079345	0.975260	630.000000	0.153809	0.019120	0.048560	2.000000	0.078330	0.207450	9.000000	0.112621	4.006926	27.281250	18.156250	0.000000	0.000000	0.000000	0.000000	0.000000	0.000000	0.223145	3.688188	1.058342	0.108825	0.028063	0.484375	0.153320	31.327934	0.000000	0.120040	0.038938	0.000000	4096.000000	8.317766	64.000000	64.000000	12288.000000	1.000000	0.000000	0.000000	0.000000	3.000000														4.000000	15.000000	50.000000	146.000000	255.000000									0.000000	0.000000	0.000000									13.160566	0.853574
148a172697c4ed4495678c36824c01685c4c5aead61a4a4fd5744980e5b60f53	photo	clic2025-1024px-resized	/home/lilith/work/codec-corpus/clic2025-1024/ebfd571f1c6824316047a29cb5f376eec15f56dd51821119c1842be068a8b950.png	large	1024	1024	1024	983.305725	0.123858	0.041924	0.003507	0.001569	0.699829	0.661865	13.073344	2.312258	1.264135	1734.000000	0.052917	0.013570	0.014040	5.000000	0.015070	0.012410	5.000000	0.306145	1.882810	23.976562	4.204102	0.666992	0.000000	0.000000	0.000000	0.000000	0.000000	0.958712	1.519959	2.210037	0.000000	0.000000	0.019531	0.001951	33.232880	0.676758	0.084155	0.005053	0.000000	1048576.000000	13.862944	1024.000000	1024.000000	3145728.000000	1.000000	0.000000	0.000000	0.000000	3.000000	0.000000	4.636943	5.040112	5.102257	5.248748	0.000000	0.000000	1.000000	1.000000	0.000000	0.000000	0.005173	0.102647	0.000000	1.000000	53.000000	228.000000	255.000000	0.000000	0.000000	0.000000	0.190476	0.000000	0.000000	0.000000	0.000000	0.000000	0.000000	0.000000	0.000000	0.000000	0.000000	0.000000	0.000000	0.000000	0.000000	0.000000	13.265063	0.247274
2a1d70b387662023765bd19ad16c93a18547798b5add9c6935498eb91dfa2245	mixed	kadid10k-distortion-set	/home/lilith/work/codec-corpus/kadid10k/I01.png	tiny	64	64	48	2500.725586	0.290105	0.091218	0.016796	0.009309	0.062500	0.000000	48.161449	0.136680	0.840922	512.000000	0.166667	0.014830	0.035960	1.000000	0.036210	0.068210	2.000000	0.177886	4.279444	37.687500	12.812500	0.000000	0.000000	0.000000	0.000000	0.000000	0.000000	0.010417	4.210707	0.662351	0.325438	0.109744	0.375000	0.000000	29.119055	0.000000	0.147487	0.024140	0.000000	3072.000000	8.030084	48.000000	64.000000	9216.000000	0.750000	0.287682	0.000000	0.333333	3.000000														13.000000	32.000000	76.000000	190.000000	255.000000									0.000000	0.000000	2.000000									8.844557	0.817886
17f8c63bfa056e9ebbb732f82d90d2167e0b9baecb7afb60ac275a5d182aee55	photo	CID22-512px	/home/lilith/work/codec-corpus/CID22/CID22-512/training/4666751.png	small	64	64	64	4803.708008	0.210380	0.142603	0.013898	0.015259	0.296875	0.000000	70.136856	0.111020	0.940898	460.000000	0.112305	0.011570	0.017190	0.000000	0.086230	0.124500	4.000000	0.152314	4.316689	28.187500	15.671875	0.000000	0.000000	0.000000	0.000000	0.000000	0.000000	0.030762	3.815861	0.912979	0.155092	0.064041	0.453125	0.004883	27.019297	0.031250	0.110367	0.031498	0.000000	4096.000000	8.317766	64.000000	64.000000	12288.000000	1.000000	0.000000	0.000000	0.000000	3.000000														5.000000	24.000000	63.000000	169.000000	255.000000									0.000000	0.000000	0.000000									8.087226	0.826850
19b7c15ad86a7d2bb9712e7a716aa14409f95bed7e2fe2a85b769368b04a19d6	mixed	kadid10k-distortion-set	/home/lilith/work/codec-corpus/kadid10k/I43.png	tiny	64	64	48	3182.663086	0.184397	0.160932	0.024086	0.006142	0.083333	0.000000	67.799995	0.119439	0.756152	343.000000	0.111654	0.050910	0.050190	1.000000	0.011010	0.014500	0.000000	0.158941	3.870625	32.583332	24.333334	0.000000	0.000000	0.000000	0.000000	0.000000	0.000000	0.001628	4.096353	0.743856	0.211796	0.078351	0.395833	0.000000	34.036728	0.000000	0.133267	0.041667	0.000000	3072.000000	8.030084	48.000000	64.000000	9216.000000	0.750000	0.287682	0.000000	0.333333	3.000000														8.000000	28.000000	75.000000	179.000000	255.000000									0.000000	0.000000	0.000000									7.204408	0.771679
1004ba77cab86bdbf351198617026039cbdbb826c25c32d4bc8bf0e7c7e8bb36	photo	clic2025-1024px-resized	/home/lilith/work/codec-corpus/clic2025-1024/50d13125b665e0c4c1673264807bfc3cc7a217819329696843fea4c69aff8b91.png	large	1024	1024	1024	1891.145264	0.052480	0.255691	0.000965	0.001143	0.860596	0.722168	115.755081	0.405456	2.013638	248.000000	0.007568	0.000890	0.000400	0.000000	0.007470	0.003500	5.000000	0.440559	2.627313	3.606445	1.481445	0.405273	0.000000	0.000000	0.000000	8.000000	1.000000	0.494801	1.097313	1.388199	0.000000	0.000000	0.027344	0.000668	20.152956	0.520508	0.023344	0.002201	0.000000	1048576.000000	13.862944	1024.000000	1024.000000	3145728.000000	1.000000	0.000000	0.000000	0.000000	3.000000	0.777019	1.306089	3.881412	4.456873	4.870958	0.000000	0.013038	0.030119	0.481074	0.000000	0.000000	0.015312	0.036627	0.000000	1.000000	8.000000	98.000000	255.000000	0.000000	0.000000	0.000000	0.000000	0.000000	0.000000	0.000000	0.000000	0.000000	0.000000	0.000000	0.000000	0.000000	0.000000	0.000000	0.000000	0.000000	0.000000	0.000000	49.779476	0.302115
2a1d70b387662023765bd19ad16c93a18547798b5add9c6935498eb91dfa2245	mixed	kadid10k-distortion-set	/home/lilith/work/codec-corpus/kadid10k/I01.png	small	256	256	192	2712.705078	0.124792	0.094568	0.008298	0.005009	0.296875	0.000000	49.227329	0.258495	1.135301	1206.000000	0.036804	0.003590	0.009120	1.000000	0.010550	0.020640	5.000000	0.191581	4.353083	19.145834	6.627604	0.000000	0.000000	0.000000	0.000000	0.000000	0.000000	0.011027	3.573235	0.870478	0.119945	0.040652	0.470052	0.000448	31.559778	0.000000	0.088707	0.014426	0.000000	49152.000000	10.802672	192.000000	256.000000	147456.000000	0.750000	0.287682	0.000000	0.000000	3.000000	3.531790	4.166933	4.862777	5.112679	5.344537	0.227928	0.443770	0.879549	1.000000	0.070119	0.121480	0.221065	0.452663	4.000000	13.000000	39.000000	154.000000	255.000000	0.000000	0.015873	0.047619	0.126984	0.000000	0.000000	0.000000	0.015873	0.000000	0.000000	0.000000	1.811239	2.130133	2.448320	0.048005	0.081574	0.119945	0.000000	0.000000	20.086380	0.854060
68e92e972c8445fccc600723bb883b3511a09d3a2b54a615da53a3b2dcbc27db	photo	gb82-photos	/home/lilith/work/codec-corpus/gb82/house-lossless.png	medium	256	256	256	5938.227539	0.042015	0.165076	0.005307	0.004293	0.698242	0.182617	62.377712	0.040224	1.431937	1325.000000	0.040436	0.003280	0.006340	0.000000	0.014920	0.027580	4.000000	0.037079	4.004007	9.483398	7.163086	0.011719	0.000000	0.000000	0.000000	0.000000	0.000000	0.232254	2.641207	1.115865	0.034927	0.016562	0.485352	0.134033	23.737368	0.022461	0.031917	0.012137	0.000000	65536.000000	11.090355	256.000000	256.000000	196608.000000	1.000000	0.000000	0.000000	0.000000	3.000000	2.418897	3.274374	4.420991	4.835299	5.345378	0.053225	0.121766	0.342940	1.000000	0.024589	0.042811	0.148510	0.480275	1.000000	3.000000	9.000000	63.000000	212.000000	0.000000	0.000000	0.000000	0.031746	0.000000	0.000000	0.000000	0.015873	0.000000	0.000000	0.000000	0.974857	1.269728	1.446915	0.013417	0.026954	0.034927	0.000000	0.000000	43.482281	0.841636
170a099e5c4b447675a1b541ded370a0645b41174578597836a3ecb407fb2beb	photo	clic2025-1024px-resized	/home/lilith/work/codec-corpus/clic2025-1024/5e5ce43575fa67fdc0dd37146d7f479e.png	medium	256	256	256	2492.523438	0.181530	0.155203	0.012921	0.007072	0.563477	0.000000	54.149872	0.456986	1.175335	3001.000000	0.091583	0.032180	0.032240	6.000000	0.035010	0.049240	4.000000	0.203699	4.409555	21.182617	10.779297	0.001953	0.000000	0.000000	0.000000	0.000000	0.000000	0.096970	3.181882	1.236260	0.052329	0.030841	0.189453	0.133743	29.873924	0.000000	0.088123	0.016028	0.000000	65536.000000	11.090355	256.000000	256.000000	196608.000000	1.000000	0.000000	0.000000	0.000000	3.000000	2.747363	4.465281	4.975146	5.158588	5.437897	0.073397	0.175996	1.000000	1.000000	0.042666	0.067339	0.181398	0.617140	4.000000	15.000000	61.000000	184.000000	255.000000	0.000000	0.000000	0.015873	0.174603	0.000000	0.000000	0.000000	0.015873	0.000000	0.000000	0.000000	1.584755	1.747704	1.856955	0.030168	0.041611	0.052329	0.000000	0.000000	12.029736	0.748789
17f8c63bfa056e9ebbb732f82d90d2167e0b9baecb7afb60ac275a5d182aee55	photo	CID22-512px	/home/lilith/work/codec-corpus/CID22/CID22-512/training/4666751.png	medium	256	256	256	4936.799316	0.148635	0.145491	0.010104	0.012713	0.518555	0.069336	71.193016	0.234245	1.251660	1067.000000	0.032562	0.009350	0.007390	1.000000	0.097880	0.073400	9.000000	0.226947	4.334164	11.592773	6.953125	0.005859	0.000000	0.000000	0.000000	0.000000	0.000000	0.035919	3.019317	1.168096	0.044698	0.022528	0.248047	0.005325	20.273861	0.005859	0.064825	0.015191	0.000000	65536.000000	11.090355	256.000000	256.000000	196608.000000	1.000000	0.000000	0.000000	0.000000	3.000000	2.951998	4.042840	4.625446	4.899004	5.219534	0.063097	0.199474	0.668812	1.000000	0.034691	0.081331	0.263233	0.493623	3.000000	14.000000	42.000000	129.000000	255.000000	0.000000	0.000000	0.015873	0.111111	0.000000	0.000000	0.000000	0.031746	0.000000	0.000000	0.000000	1.204122	1.487844	1.645759	0.024804	0.036906	0.044698	0.000000	0.000000	16.235697	0.735797
31ecaf91b689092188cbc9763b67133485c37a8a03a382222bd1850c4c0b1d2a	photo	clic2025-1024px-resized	/home/lilith/work/codec-corpus/clic2025-1024/0369d229ba4c9965d5caeb38c359a027a810968eee930b81520b604e76b4df14.png	large	1024	1024	1024	3825.373291	0.044248	0.306596	0.007229	0.006664	0.606079	0.013062	117.576927	0.241109	1.759340	4120.000000	0.125732	0.002920	0.002090	0.000000	0.017200	0.009670	13.000000	0.222238	4.449780	5.120117	4.916992	0.001953	0.000000	0.000000	0.000000	0.000000	0.000000	0.003468	2.755058	0.882710	0.031004	0.026860	0.210938	0.361212	10.802460	0.000000	0.028103	0.008340	0.000000	1048576.000000	13.862944	1024.000000	1024.000000	3145728.000000	1.000000	0.000000	0.000000	0.000000	3.000000	2.815484	3.445971	3.937148	4.129883	4.713460	0.060199	0.176861	0.367181	0.627842	0.039261	0.064248	0.139708	0.262112	3.000000	8.000000	19.000000	65.000000	255.000000	0.000000	0.000000	0.015873	0.031746	0.000000	0.000000	0.000000	0.015873	0.000000	0.000000	0.000000	1.292464	1.491362	1.579783	0.018794	0.025811	0.031004	0.000000	0.000000	31.214218	0.691173
03f7d79eef173285da85326bb02ec3fb16a1962f48ffc27b4bcfcfdbad732068	photo	clic2025-native	/home/lilith/work/codec-corpus/clic2025/final-test/d0208a1e9b4fde642b9752da2907d82d5b530a6e2e6e18ef71d5524a92d1cf9a.png	medium	1024	680	1024	2620.819824	0.503476	0.114875	0.028924	0.009708	0.042096	0.002022	43.744331	3.096381	0.922298	4203.000000	0.128265	0.044740	0.063870	5.000000	0.026180	0.035380	2.000000	0.431419	4.383758	29.002758	14.144301	0.000000	0.000000	0.000000	0.000000	0.000000	0.000000	0.034705	4.290772	0.559193	0.420472	0.058082	0.124081	0.032387	20.059258	0.011949	0.193263	0.033292	0.000000	696320.000000	13.453565	680.000000	1024.000000	2088960.000000	0.664062	0.409379	0.000000	0.035294	3.000000	4.410958	4.632814	4.830193	4.921356	5.084075	0.724186	1.000000	1.000000	1.000000	0.156875	0.300283	0.465352	0.648783	28.000000	60.000000	101.000000	196.000000	255.000000	0.047619	0.126984	0.206349	0.253968	0.000000	0.000000	0.031746	0.047619	0.000000	1.000000	2.000000	2.109748	3.182683	3.628670	0.077652	0.252678	0.420472	0.000000	0.031746	3.382046	0.689745
2dfa37b91226d946ca8f9a6eaeb1835b8c1931aeb853f8c0fbdf299db1cc3fec	photo	CID22-512px	/home/lilith/work/codec-corpus/CID22/CID22-512/validation/7552578.png	small	64	64	64	3924.334717	0.166289	0.105419	0.007553	0.005420	0.296875	0.109375	41.192738	0.086656	0.844739	328.000000	0.080078	0.007140	0.011160	0.000000	0.021100	0.046830	1.000000	0.114556	3.526134	31.109375	7.984375	0.000000	0.000000	0.000000	0.000000	0.000000	0.000000	0.484863	3.610264	1.304688	0.044171	0.005349	0.421875	0.333740	32.846180	0.000000	0.112847	0.014385	0.000000	4096.000000	8.317766	64.000000	64.000000	12288.000000	1.000000	0.000000	0.000000	0.000000	3.000000														3.000000	17.000000	56.000000	160.000000	246.000000									0.000000	0.000000	0.000000									13.143835	0.843987
178cc5a51fa10b0f0a8f779e93c54b5d05de827253b0aa34bf909cf95a5cc6d3	mixed	kadid10k-distortion-set	/home/lilith/work/codec-corpus/kadid10k/I52.png	tiny	64	64	48	1312.848633	0.462344	0.280857	0.064925	0.046144	0.020833	0.000000	103.963379	0.239353	0.610324	1242.000000	0.404297	0.236070	0.384060	8.000000	0.842670	0.932520	23.000000	0.422593	3.689624	36.270832	89.187500	0.000000	0.000000	0.000000	0.000000	0.000000	0.000000	0.009440	4.451525	0.469035	0.421675	0.600264	0.020833	0.192057	25.560307	0.000000	0.229828	0.121693	0.000000	3072.000000	8.030084	48.000000	64.000000	9216.000000	0.750000	0.287682	0.000000	0.333333	3.000000														21.000000	63.000000	112.000000	220.000000	255.000000									0.000000	0.000000	1.000000									2.595227	0.648434
051667c3aeca8a764580149aabf433e088a6b11f2e604fee19f75a52d9d249cf	mixed	kadid10k-distortion-set	/home/lilith/work/codec-corpus/kadid10k/I38.png	tiny	64	64	48	556.001404	0.155691	0.062231	0.007331	0.003684	0.500000	0.145833	28.483137	0.072975	1.063114	214.000000	0.069661	0.005950	0.013620	0.000000	0.009920	0.023790	0.000000	0.266801	2.970943	15.458333	6.520833	0.000000	0.000000	0.000000	0.000000	8.000000	1.000000	0.015299	3.110023	1.337098	0.035447	0.013914	0.291667	0.000977	27.603025	0.125000	0.086971	0.012897	0.000000	3072.000000	8.030084	48.000000	64.000000	9216.000000	0.750000	0.287682	0.000000	0.333333	3.000000														1.000000	10.000000	54.000000	163.000000	255.000000									0.000000	0.000000	0.000000									12.796423	0.789192
19b7c15ad86a7d2bb9712e7a716aa14409f95bed7e2fe2a85b769368b04a19d6	mixed	kadid10k-distortion-set	/home/lilith/work/codec-corpus/kadid10k/I43.png	small	256	256	192	3384.010010	0.197146	0.163032	0.012691	0.003163	0.446615	0.006510	68.408661	0.323057	1.245372	1016.000000	0.031006	0.010870	0.008930	1.000000	0.002950	0.003030	0.000000	0.271941	4.076547	14.563802	7.618490	0.002604	0.000000	0.000000	0.000000	0.000000	0.000000	0.000936	3.382253	1.037772	0.079991	0.029350	0.429688	0.000000	24.010839	0.057292	0.095383	0.012917	0.000000	49152.000000	10.802672	192.000000	256.000000	147456.000000	0.750000	0.287682	0.000000	0.000000	3.000000	3.450711	4.266672	4.615539	5.022164	5.364789	0.135864	0.293250	0.813296	1.000000	0.043267	0.089399	0.192378	0.532430	3.000000	25.000000	59.000000	153.000000	255.000000	0.000000	0.015873	0.031746	0.190476	0.000000	0.000000	0.000000	0.015873	0.000000	0.000000	0.000000	1.480499	1.774062	2.037364	0.036239	0.057780	0.079991	0.000000	0.000000	9.000497	0.749463
19466f93874c752ccb5508c089e4864bf3e164a2f51698d5cd32b4f7537ed86d	photo	CID22-512px	/home/lilith/work/codec-corpus/CID22/CID22-512/validation/7062219.png	small	64	64	64	4107.143066	0.656085	0.115125	0.030029	0.034806	0.000000	0.000000	46.300461	0.421747	0.615360	1569.000000	0.383057	0.049380	0.044870	1.000000	0.418470	0.382930	13.000000	0.217939	4.614484	76.500000	33.453125	0.000000	0.000000	0.000000	0.000000	0.000000	0.000000	0.123291	4.878169	0.392126	1.000000	0.180327	0.281250	0.344727	29.222582	0.000000	0.278026	0.058036	0.000000	4096.000000	8.317766	64.000000	64.000000	12288.000000	1.000000	0.000000	0.000000	0.000000	3.000000														45.000000	88.000000	138.000000	232.000000	255.000000									0.000000	3.000000	6.000000									1.109679	0.805112
2dfa37b91226d946ca8f9a6eaeb1835b8c1931aeb853f8c0fbdf299db1cc3fec	photo	CID22-512px	/home/lilith/work/codec-corpus/CID22/CID22-512/validation/7552578.png	medium	256	256	256	4047.556152	0.060223	0.106805	0.003187	0.002367	0.709961	0.365234	41.626324	0.125099	1.438350	834.000000	0.025452	0.001590	0.004140	0.000000	0.005270	0.016460	4.000000	0.083215	3.545468	11.827148	3.275391	0.089844	0.000000	0.000000	0.000000	0.000000	0.000000	0.500565	2.386891	1.483746	0.006763	0.000000	0.336914	0.331223	34.058632	0.208984	0.036210	0.004914	0.000000	65536.000000	11.090355	256.000000	256.000000	196608.000000	1.000000	0.000000	0.000000	0.000000	3.000000	2.349247	3.432225	4.564523	5.095632	5.439487	0.027173	0.095009	0.404798	1.000000	0.004318	0.021633	0.053432	0.279435	1.000000	4.000000	14.000000	115.000000	255.000000	0.000000	0.000000	0.000000	0.031746	0.000000	0.000000	0.000000	0.000000	0.000000	0.000000	0.000000	0.000000	0.000000	0.467978	0.000000	0.000000	0.006763	0.000000	0.000000	44.439926	0.676132
19466f93874c752ccb5508c089e4864bf3e164a2f51698d5cd32b4f7537ed86d	photo	CID22-512px	/home/lilith/work/codec-corpus/CID22/CID22-512/validation/7062219.png	medium	256	256	256	4775.422852	0.390281	0.126704	0.017792	0.020534	0.052734	0.000977	50.275623	0.753740	0.778960	4272.000000	0.130371	0.025560	0.025560	3.000000	0.222760	0.238490	37.000000	0.123539	4.657652	46.621094	20.580078	0.003906	0.000000	0.000000	0.000000	0.000000	0.000000	0.134888	4.444894	0.747456	0.303787	0.052824	0.463867	0.287186	27.823771	0.001953	0.161706	0.037218	0.000000	65536.000000	11.090355	256.000000	256.000000	196608.000000	1.000000	0.000000	0.000000	0.000000	3.000000	4.683573	4.987047	5.191778	5.279997	5.412867	0.714113	1.000000	1.000000	1.000000	0.159317	0.373319	0.614468	0.864216	19.000000	49.000000	92.000000	185.000000	255.000000	0.031746	0.095238	0.158730	0.238095	0.000000	0.015873	0.031746	0.047619	0.000000	0.000000	1.000000	2.003173	2.997714	3.370741	0.075834	0.205739	0.303787	0.000000	0.015873	4.137297	0.831696
178cc5a51fa10b0f0a8f779e93c54b5d05de827253b0aa34bf909cf95a5cc6d3	mixed	kadid10k-distortion-set	/home/lilith/work/codec-corpus/kadid10k/I52.png	small	256	256	192	1683.601196	0.250426	0.289472	0.025924	0.018471	0.355469	0.082031	106.702324	0.546119	0.928246	5024.000000	0.153320	0.041940	0.056470	3.000000	0.149230	0.168790	19.000000	0.237062	3.772660	28.437500	36.307293	0.010417	0.000000	0.000000	0.000000	0.000000	0.000000	0.014547	3.501577	1.457220	0.033917	0.025782	0.132812	0.154867	27.756596	0.003906	0.132626	0.052269	0.000000	49152.000000	10.802672	192.000000	256.000000	147456.000000	0.750000	0.287682	0.000000	0.000000	3.000000	4.218808	4.716047	5.023140	5.135962	5.285388	0.049545	0.882136	1.000000	1.000000	0.042309	0.442092	1.000000	1.000000	3.000000	31.000000	81.000000	194.000000	255.000000	0.000000	0.000000	0.142857	0.222222	0.000000	0.000000	0.047619	0.095238	0.000000	0.000000	0.000000	0.965407	1.317018	1.469593	0.016171	0.026577	0.033917	0.000000	0.000000	6.799223	0.724209
051667c3aeca8a764580149aabf433e088a6b11f2e604fee19f75a52d9d249cf	mixed	kadid10k-distortion-set	/home/lilith/work/codec-corpus/kadid10k/I38.png	small	256	256	192	630.253662	0.063648	0.062952	0.002769	0.001454	0.718750	0.584635	28.702927	0.114449	1.481107	478.000000	0.014587	0.000710	0.001520	0.000000	0.001340	0.002600	0.000000	0.161580	2.954969	8.654948	2.325521	0.058594	0.000000	0.000000	0.000000	0.000000	0.000000	0.016581	2.073967	1.450354	0.012142	0.000000	0.165365	0.001587	26.411615	0.134115	0.037244	0.004836	0.000000	49152.000000	10.802672	192.000000	256.000000	147456.000000	0.750000	0.287682	0.000000	0.000000	3.000000	1.380213	3.396872	4.517918	4.722675	5.209881	0.024305	0.033356	0.360953	1.000000	0.000000	0.018839	0.074001	0.217940	1.000000	3.000000	16.000000	112.000000	255.000000	0.000000	0.000000	0.000000	0.047619	0.000000	0.000000	0.000000	0.000000	0.000000	0.000000	0.000000	0.000000	0.000000	0.748914	0.000000	0.000000	0.012142	0.000000	0.000000	35.864601	0.641792
4c50810f6b7032d617447f313a696712654ddad679df0e693a22e849d0d2ab4d	photo	clic2025-native	/home/lilith/work/codec-corpus/clic2025/final-test/8426ed2245c791232862b0a0b2a62a1f17031e8e6e38921fe939df0b3a05ac41.png	small	64	64	64	2402.057861	0.189468	0.074098	0.007412	0.006866	0.203125	0.000000	29.169077	0.050806	0.889351	356.000000	0.086914	0.004310	0.002200	0.000000	0.026080	0.014600	1.000000	0.088398	4.129562	25.406250	5.984375	0.000000	0.000000	0.000000	0.000000	0.000000	0.000000	0.608154	3.818502	0.888367	0.176121	0.010950	0.765625	0.238281	18.637577	0.140625	0.104167	0.013145	0.000000	4096.000000	8.317766	64.000000	64.000000	12288.000000	1.000000	0.000000	0.000000	0.000000	3.000000														1.000000	16.000000	45.000000	111.000000	222.000000									0.000000	0.000000	0.000000									10.381180	0.926051
280665498758e01701bccc1b91833bda3f5860fc9d5eadc4d3b691c011c575ed	photo	clic2025-native	/home/lilith/work/codec-corpus/clic2025/training/d79d465ac77c36518e0f0d626bf97ec4.png	small	256	205	256	6623.733887	0.102211	0.050873	0.001265	0.000845	0.365000	0.076250	17.959465	0.210890	1.185564	314.000000	0.009583	0.000150	0.000170	0.000000	0.000470	0.000470	0.000000	0.095042	4.223174	20.977501	0.715000	0.026250	0.000000	0.000000	0.000000	0.000000	0.000000	0.692683	3.388417	1.165137	0.068651	0.000000	0.587500	0.000095	35.206337	0.088750	0.070159	0.001230	0.000000	52480.000000	10.868187	205.000000	256.000000	157440.000000	0.800781	0.222167	0.014634	0.092683	3.000000	3.519547	4.125481	4.831796	5.303572	5.520097	0.151186	0.399623	0.871799	1.000000	0.000000	0.013557	0.028613	0.077534	2.000000	10.000000	33.000000	136.000000	255.000000	0.000000	0.015873	0.031746	0.095238	0.000000	0.000000	0.000000	0.000000	0.000000	0.000000	0.000000	0.000000	1.289686	1.908150	0.000000	0.029022	0.068651	0.000000	0.000000	23.979580	0.847090
170a099e5c4b447675a1b541ded370a0645b41174578597836a3ecb407fb2beb	photo	clic2025-1024px-resized	/home/lilith/work/codec-corpus/clic2025-1024/5e5ce43575fa67fdc0dd37146d7f479e.png	large	1024	1024	1024	2699.889893	0.113855	0.155568	0.007127	0.004631	0.622925	0.000000	54.189293	1.130565	1.408971	5749.000000	0.175446	0.008780	0.011760	5.000000	0.015520	0.025620	8.000000	0.229968	4.453157	12.391602	4.774414	0.000000	0.000000	0.000000	0.000000	0.000000	0.000000	0.095569	3.313300	0.804987	0.081365	0.011464	0.062500	0.126034	29.255056	0.000000	0.055664	0.008929	0.000000	1048576.000000	13.862944	1024.000000	1024.000000	3145728.000000	1.000000	0.000000	0.000000	0.000000	3.000000	2.926077	3.615751	4.808481	5.001766	5.398243	0.099786	0.130248	0.441670	1.000000	0.022357	0.031461	0.069282	0.361151	12.000000	22.000000	40.000000	143.000000	255.000000	0.000000	0.000000	0.000000	0.063492	0.000000	0.000000	0.000000	0.000000	0.000000	1.000000	2.000000	2.366889	2.557488	2.637474	0.054152	0.071767	0.081365	0.000000	0.000000	20.261354	0.446560
2d74383267345922b4afb34f04d6249ca9a39869d9954008e24a7794263b9415	photo	clic2025-native	/home/lilith/work/codec-corpus/clic2025/training/0c49a5cce349020bbba2f97ae41e90ba.png	tiny	64	64	42	3503.349854	0.391667	0.198627	0.026341	0.027058	0.125000	0.000000	82.895279	0.172644	0.654169	536.000000	0.199405	0.064400	0.110110	2.000000	0.445230	0.748340	15.000000	0.224950	4.164974	39.500000	48.049999	0.000000	0.000000	0.000000	0.000000	0.000000	0.000000	0.110491	4.366460	0.728796	0.189419	0.037411	0.225000	0.015625	27.961456	0.000000	0.176984	0.060714	0.000000	2688.000000	7.896553	42.000000	64.000000	8064.000000	0.656250	0.421213	0.142857	0.523810	3.000000														20.000000	53.000000	101.000000	191.000000	255.000000									0.000000	1.000000	2.000000									3.174578	0.744612
3f14ec46d7e5b41f1792aac72f7eae58863e3d13330baf220bd0925f057fe772	photo	clic2025-native	/home/lilith/work/codec-corpus/clic2025/training/60430844748882ff66b9a5598ef06dd6.png	tiny	64	45	64	3723.816895	0.240981	0.283852	0.034795	0.043638	0.300000	0.000000	120.504311	0.102895	0.591161	414.000000	0.143750	0.080260	0.056730	2.000000	0.812850	0.480140	25.000000	0.093177	3.897474	48.599998	73.625000	0.000000	0.000000	0.000000	0.000000	0.000000	0.000000	0.006597	4.112185	1.157090	0.125557	0.029289	0.650000	0.090278	27.008726	0.000000	0.138095	0.079365	0.000000	2880.000000	7.965546	45.000000	64.000000	8640.000000	0.703125	0.352221	0.066667	0.422222	3.000000														3.000000	25.000000	74.000000	164.000000	255.000000									0.000000	0.000000	0.000000									6.172668	0.884071
1761db9c5778e37ed12454c3314d1d970285ed454ee293772112c5eec1c6a875	photo	clic2025-1024px-resized	/home/lilith/work/codec-corpus/clic2025-1024/2c1f84548ef99faec2b4f9bf12227c83.png	small	64	64	64	7096.491211	0.398589	0.087982	0.015901	0.014668	0.046875	0.000000	34.936184	0.269438	0.638951	728.000000	0.177734	0.014590	0.012870	0.000000	0.135960	0.128600	10.000000	0.185011	4.540729	58.843750	14.984375	0.000000	0.000000	0.000000	0.000000	0.000000	0.000000	0.023193	4.496067	0.795146	0.419680	0.029807	0.359375	0.272217	30.811375	0.000000	0.208085	0.029018	0.000000	4096.000000	8.317766	64.000000	64.000000	12288.000000	1.000000	0.000000	0.000000	0.000000	3.000000														18.000000	52.000000	106.000000	228.000000	255.000000									0.000000	0.000000	1.000000									4.112884	0.818465
05726ce1eee2384d106db2a875fedf6c0a76ee44ace06aa95bed51979cbdd244	photo	clic2025-1024px-resized	/home/lilith/work/codec-corpus/clic2025-1024/22ea12c903e41583b7c469cb86040157.png	small	64	64	64	1165.568115	0.230033	0.239130	0.015474	0.020462	0.312500	0.031250	101.985794	0.076389	0.845883	600.000000	0.146484	0.043030	0.046890	2.000000	0.453510	0.679200	23.000000	0.142000	3.439084	23.265625	54.921875	0.000000	0.000000	0.000000	0.000000	0.000000	0.000000	0.011719	3.713644	1.122611	0.071303	0.132462	0.468750	0.067627	24.529402	0.000000	0.100942	0.060268	0.000000	4096.000000	8.317766	64.000000	64.000000	12288.000000	1.000000	0.000000	0.000000	0.000000	3.000000														4.000000	25.000000	60.000000	120.000000	222.000000									0.000000	0.000000	0.000000									5.360848	0.858942
680003ddef09a61e8604c6f681e27482892f6f1edf3f86c62a03c22e200c534a	photo	clic2025-native	/home/lilith/work/codec-corpus/clic2025/training/d1a9be98d1936065967adac50a6fb750.png	tiny	64	64	40	1994.856689	0.213675	0.072468	0.009225	0.007993	0.375000	0.000000	28.101677	0.099462	0.785023	278.000000	0.108594	0.010520	0.010710	0.000000	0.055070	0.057330	2.000000	0.227831	3.888874	31.000000	7.400000	0.000000	0.000000	0.000000	0.000000	0.000000	0.000000	0.722266	3.731786	1.014844	0.136782	0.000000	0.650000	0.225781	28.110630	0.350000	0.125000	0.016270	0.000000	2560.000000	7.847763	40.000000	64.000000	7680.000000	0.625000	0.470004	0.000000	0.600000	3.000000														2.000000	18.000000	67.000000	203.000000	255.000000									0.000000	0.000000	0.000000									10.069040	0.898305
05726ce1eee2384d106db2a875fedf6c0a76ee44ace06aa95bed51979cbdd244	photo	clic2025-1024px-resized	/home/lilith/work/codec-corpus/clic2025-1024/22ea12c903e41583b7c469cb86040157.png	medium	256	256	256	1323.407837	0.115986	0.246406	0.008414	0.011419	0.549805	0.132812	104.662849	0.153167	1.214833	1656.000000	0.050537	0.017340	0.018680	5.000000	0.194940	0.244690	40.000000	0.097862	3.444364	12.954102	19.986328	0.004883	0.000000	0.000000	0.000000	0.000000	0.000000	0.007324	2.808229	1.381961	0.024010	0.024806	0.263672	0.050949	23.174450	0.004883	0.048518	0.022259	0.000000	65536.000000	11.090355	256.000000	256.000000	196608.000000	1.000000	0.000000	0.000000	0.000000	3.000000	2.661577	4.062553	4.675934	4.963653	5.230568	0.037744	0.149009	0.797077	1.000000	0.040634	0.072145	0.505406	1.000000	2.000000	10.000000	35.000000	108.000000	255.000000	0.000000	0.000000	0.015873	0.079365	0.000000	0.000000	0.000000	0.031746	0.000000	0.000000	0.000000	0.467976	1.004724	1.202420	0.005629	0.016956	0.024010	0.000000	0.000000	14.803699	0.737740
1761db9c5778e37ed12454c3314d1d970285ed454ee293772112c5eec1c6a875	photo	clic2025-1024px-resized	/home/lilith/work/codec-corpus/clic2025-1024/2c1f84548ef99faec2b4f9bf12227c83.png	medium	256	256	256	7279.670898	0.159785	0.090227	0.007368	0.006420	0.290039	0.087891	35.696697	0.182717	1.053219	1883.000000	0.057465	0.002990	0.003260	0.000000	0.013090	0.013490	2.000000	0.075606	4.538317	23.621094	7.077148	0.014648	0.000000	0.000000	0.000000	0.000000	0.000000	0.018082	3.582327	1.192160	0.065079	0.003483	0.506836	0.266769	21.069628	0.041016	0.092122	0.014788	0.000000	65536.000000	11.090355	256.000000	256.000000	196608.000000	1.000000	0.000000	0.000000	0.000000	3.000000	3.684586	4.537458	5.011840	5.148667	5.340883	0.212208	0.537438	1.000000	1.000000	0.027421	0.070051	0.197684	0.358078	5.000000	14.000000	35.000000	115.000000	255.000000	0.000000	0.015873	0.063492	0.158730	0.000000	0.000000	0.000000	0.015873	0.000000	0.000000	0.000000	0.000000	1.168792	1.931649	0.000000	0.027918	0.065079	0.000000	0.000000	20.060173	0.846157
05726ce1eee2384d106db2a875fedf6c0a76ee44ace06aa95bed51979cbdd244	photo	clic2025-1024px-resized	/home/lilith/work/codec-corpus/clic2025-1024/22ea12c903e41583b7c469cb86040157.png	large	1024	1024	1024	1378.323242	0.071332	0.248152	0.003765	0.005225	0.751831	0.277832	105.391502	0.381211	1.441464	2737.000000	0.083527	0.002250	0.002850	1.000000	0.030790	0.043310	17.000000	0.122967	3.514500	6.655273	6.918945	0.000000	0.000000	0.000000	0.000000	0.000000	0.000000	0.015687	2.354861	1.153686	0.019264	0.006551	0.150391	0.049360	20.798307	0.000000	0.024802	0.007378	0.000000	1048576.000000	13.862944	1024.000000	1024.000000	3145728.000000	1.000000	0.000000	0.000000	0.000000	3.000000	1.985651	2.895837	4.330959	4.614269	5.174831	0.025488	0.063313	0.209821	1.000000	0.020767	0.034829	0.089644	0.353644	2.000000	5.000000	19.000000	91.000000	255.000000	0.000000	0.000000	0.000000	0.015873	0.000000	0.000000	0.000000	0.000000	0.000000	0.000000	0.000000	0.974857	1.224015	1.299671	0.011583	0.016832	0.019264	0.000000	0.000000	26.960957	0.601868
4c50810f6b7032d617447f313a696712654ddad679df0e693a22e849d0d2ab4d	photo	clic2025-native	/home/lilith/work/codec-corpus/clic2025/final-test/8426ed2245c791232862b0a0b2a62a1f17031e8e6e38921fe939df0b3a05ac41.png	medium	256	256	256	2432.258789	0.049919	0.074601	0.004699	0.003863	0.649414	0.016602	29.335951	0.040381	1.279914	773.000000	0.023590	0.001190	0.001160	0.000000	0.005270	0.004930	1.000000	0.066975	4.187290	8.281250	2.027344	0.005859	0.000000	0.000000	0.000000	0.000000	0.000000	0.571457	2.692342	1.066312	0.043980	0.014420	0.555664	0.234116	13.796736	0.079102	0.032056	0.003968	0.000000	65536.000000	11.090355	256.000000	256.000000	196608.000000	1.000000	0.000000	0.000000	0.000000	3.000000	2.169481	3.624525	4.380912	4.654560	4.955779	0.066839	0.093171	0.495421	1.000000	0.019548	0.026009	0.074450	0.175565	1.000000	4.000000	14.000000	54.000000	255.000000	0.000000	0.000000	0.000000	0.047619	0.000000	0.000000	0.000000	0.000000	0.000000	0.000000	0.000000	1.144185	1.397940	1.582454	0.018841	0.031963	0.043980	0.000000	0.000000	43.566654	0.860089
1761db9c5778e37ed12454c3314d1d970285ed454ee293772112c5eec1c6a875	photo	clic2025-1024px-resized	/home/lilith/work/codec-corpus/clic2025-1024/2c1f84548ef99faec2b4f9bf12227c83.png	large	1024	1024	1024	7289.934082	0.036333	0.090464	0.003235	0.002854	0.575439	0.141724	35.734409	0.137484	1.559129	2714.000000	0.082825	0.000510	0.000590	0.000000	0.003120	0.002980	1.000000	0.060703	4.539135	7.421875	1.874023	0.039062	0.000000	0.000000	0.000000	0.000000	0.000000	0.017711	2.673238	1.194816	0.017585	0.000000	0.398438	0.264879	13.652411	0.082031	0.031405	0.003705	0.000000	1048576.000000	13.862944	1024.000000	1024.000000	3145728.000000	1.000000	0.000000	0.000000	0.000000	3.000000	2.831190	3.470537	4.245326	4.568437	4.888700	0.065665	0.193242	0.406073	1.000000	0.010276	0.031443	0.067099	0.141086	2.000000	5.000000	13.000000	48.000000	255.000000	0.000000	0.000000	0.015873	0.047619	0.000000	0.000000	0.000000	0.000000	0.000000	0.000000	0.000000	0.000000	0.467977	0.993851	0.000000	0.006045	0.017585	0.000000	0.000000	55.728485	0.754639
2d74383267345922b4afb34f04d6249ca9a39869d9954008e24a7794263b9415	photo	clic2025-native	/home/lilith/work/codec-corpus/clic2025/training/0c49a5cce349020bbba2f97ae41e90ba.png	small	256	256	170	3877.687012	0.309734	0.206610	0.016905	0.017847	0.223214	0.020833	85.105621	0.456897	0.964258	1322.000000	0.040344	0.045710	0.056580	5.000000	0.316280	0.395020	32.000000	0.212265	4.215075	28.299107	21.787203	0.002976	0.000000	0.000000	0.000000	0.000000	0.000000	0.142601	3.907475	0.978985	0.117218	0.023099	0.248512	0.015323	22.130493	0.000000	0.107875	0.031675	0.000000	43520.000000	10.680976	170.000000	256.000000	130560.000000	0.664062	0.409379	0.035294	0.129412	3.000000	4.159815	4.657787	5.019790	5.199260	5.453847	0.263967	0.704415	1.000000	1.000000	0.043153	0.143865	0.650124	1.000000	12.000000	40.000000	82.000000	160.000000	255.000000	0.000000	0.031746	0.079365	0.174603	0.000000	0.000000	0.015873	0.063492	0.000000	0.000000	1.000000	1.188573	2.188884	2.492041	0.026791	0.079470	0.117218	0.000000	0.000000	4.304711	0.714001
680003ddef09a61e8604c6f681e27482892f6f1edf3f86c62a03c22e200c534a	photo	clic2025-native	/home/lilith/work/codec-corpus/clic2025/training/d1a9be98d1936065967adac50a6fb750.png	small	256	256	159	2228.465332	0.197343	0.075773	0.006298	0.004713	0.631579	0.264803	29.325506	0.344813	1.255109	657.000000	0.020050	0.004850	0.007090	0.000000	0.019040	0.026350	2.000000	0.339446	3.919835	14.794408	3.238487	0.006579	0.000000	0.000000	0.000000	0.000000	0.000000	0.740345	2.781858	1.340004	0.034331	0.000000	0.383224	0.221089	21.407661	0.269737	0.067878	0.007754	0.000000	40704.000000	10.614081	159.000000	256.000000	122112.000000	0.621094	0.476273	0.006289	0.006289	3.000000	2.155290	4.321655	4.748579	4.985063	5.245908	0.053069	0.090488	0.644944	1.000000	0.000000	0.015906	0.077694	0.354024	2.000000	12.000000	67.000000	171.000000	255.000000	0.000000	0.000000	0.000000	0.142857	0.000000	0.000000	0.000000	0.000000	0.000000	0.000000	0.000000	1.055355	1.241484	1.379080	0.023385	0.028831	0.034331	0.000000	0.000000	8.610579	0.776555
06b5950cef7618d226a14cbf7de9e4f4230896439479386c7eea38021c3c885c	photo	clic2025-native	/home/lilith/work/codec-corpus/clic2025/final-test/608cb09e6ffc66d4bc838d4088bf4c0ab889d7e83d4f5d78805cbc4497e432a1.png	medium	1024	816	1024	2272.725342	0.250591	0.170043	0.018638	0.020451	0.154335	0.000843	63.582870	1.216417	0.996156	13274.000000	0.405090	0.022360	0.026670	4.000000	0.203430	0.218660	52.000000	0.178478	4.168510	21.602022	24.292280	0.000000	0.000000	0.000000	0.000000	0.000000	0.000000	0.013154	3.889531	0.808557	0.133581	0.038191	0.341912	0.156901	19.333210	0.000000	0.114583	0.038953	0.000000	835584.000000	13.635886	816.000000	1024.000000	2506752.000000	0.796875	0.227057	0.000000	0.019608	3.000000	4.074916	4.510967	4.772831	4.908156	5.064184	0.369632	0.806019	1.000000	1.000000	0.089002	0.305890	0.651712	1.000000	11.000000	28.000000	57.000000	136.000000	255.000000	0.000000	0.047619	0.095238	0.174603	0.000000	0.000000	0.031746	0.063492	0.000000	0.000000	1.000000	1.742210	2.252512	2.635216	0.038664	0.075837	0.133581	0.000000	0.000000	9.664405	0.801239
3f14ec46d7e5b41f1792aac72f7eae58863e3d13330baf220bd0925f057fe772	photo	clic2025-native	/home/lilith/work/codec-corpus/clic2025/training/60430844748882ff66b9a5598ef06dd6.png	small	256	181	256	3830.153320	0.084248	0.288664	0.012682	0.014706	0.636364	0.352273	122.102722	0.077812	1.160105	1183.000000	0.036102	0.017410	0.011120	3.000000	0.165670	0.068680	22.000000	0.060609	3.816654	13.980114	21.163353	0.046875	0.000000	0.000000	0.000000	0.000000	0.000000	0.002762	2.588442	1.467566	0.020614	0.000000	0.465909	0.074909	22.644529	0.103693	0.044169	0.028161	0.000000	46336.000000	10.743674	181.000000	256.000000	139008.000000	0.707031	0.346680	0.016575	0.060773	3.000000	2.190288	3.818101	4.803949	5.063118	5.266794	0.033753	0.095340	0.636179	1.000000	0.004318	0.049726	0.357046	1.000000	1.000000	3.000000	15.000000	92.000000	255.000000	0.000000	0.000000	0.000000	0.063492	0.000000	0.000000	0.000000	0.047619	0.000000	0.000000	0.000000	0.000000	0.698972	1.096368	0.000000	0.009826	0.020614	0.000000	0.000000	27.497610	0.791237
280665498758e01701bccc1b91833bda3f5860fc9d5eadc4d3b691c011c575ed	photo	clic2025-native	/home/lilith/work/codec-corpus/clic2025/training/d79d465ac77c36518e0f0d626bf97ec4.png	medium	1024	819	1024	6735.015137	0.095825	0.050889	0.000558	0.000393	0.665058	0.173407	17.964731	1.026767	1.622150	441.000000	0.013458	0.000050	0.000050	0.000000	0.000200	0.000210	0.000000	0.267412	4.192943	10.436581	0.113971	0.050551	0.000000	0.000000	0.000000	0.000000	0.000000	0.689372	2.676079	1.260930	0.025553	0.000000	0.284007	0.000094	30.069963	0.074449	0.050187	0.000233	0.000000	838656.000000	13.639556	819.000000	1024.000000	2515968.000000	0.799805	0.223388	0.006105	0.015873	3.000000	2.484099	3.565122	4.503284	4.808159	5.426929	0.046877	0.125268	0.431310	1.000000	0.000000	0.000000	0.018764	0.031840	3.000000	8.000000	25.000000	164.000000	255.000000	0.000000	0.000000	0.015873	0.047619	0.000000	0.000000	0.000000	0.000000	0.000000	0.000000	0.000000	0.000000	0.297619	1.213764	0.000000	0.003337	0.025553	0.000000	0.000000	29.406744	0.640445
19c10346e6fed9f7af6b1f956bc38cad9edaa99ecd3844cc9fa1389741caf840	screenshot	gb82-screens	/home/lilith/work/codec-corpus/gb82-sc/codec_wiki.png	tiny	64	64	42	952.862427	0.205159	0.302236	0.001846	0.003621	0.175000	0.025000	144.589798	0.055301	0.927170	143.000000	0.053199	0.001490	0.007070	0.000000	0.088840	1.292150	18.000000	0.207613	2.953369	17.450001	40.025002	0.150000	0.000000	0.000000	0.000000	8.000000	1.000000	0.226190	3.656419	1.101441	0.023476	0.022077	0.350000	0.001172	20.427612	0.125000	0.090079	0.051587	0.000000	2688.000000	7.896553	42.000000	64.000000	8064.000000	0.656250	0.421213	0.142857	0.523810	3.000000														4.000000	27.000000	55.000000	105.000000	255.000000									0.000000	0.000000	0.000000									11.427670	0.735584
2f3d5b9b639bbf5b382f47af437f57f86e1a3c4299f982ea81cc55fb396f9666	photo	clic2025-native	/home/lilith/work/codec-corpus/clic2025/training/7e499613c3e376ea93afb3649719abeb.png	tiny	64	48	64	4209.547852	0.403918	0.105333	0.023145	0.013628	0.104167	0.000000	51.591602	0.141275	0.721891	378.000000	0.123047	0.033920	0.036930	1.000000	0.070770	0.070350	2.000000	0.188035	4.323972	35.708332	14.270833	0.000000	0.000000	0.000000	0.000000	0.000000	0.000000	0.002279	4.276249	0.740686	0.257259	0.042201	0.333333	0.704427	20.152811	0.000000	0.173611	0.028770	0.000000	3072.000000	8.030084	48.000000	64.000000	9216.000000	0.750000	0.287682	0.000000	0.333333	3.000000														18.000000	49.000000	85.000000	167.000000	255.000000									0.000000	0.000000	0.000000									3.817285	0.807318
6866cd5068686b4f4920de8cc77d9790f87db7894b5727bf015dc10f59265875	photo	clic2025-native	/home/lilith/work/codec-corpus/clic2025/training/5dbdb989cf026f7ab3dd7167d7fc0fe2.png	tiny	64	43	64	1225.782471	0.726379	0.123126	0.067291	0.047610	0.000000	0.000000	49.219582	0.307347	0.468480	931.000000	0.338299	0.234120	0.245240	6.000000	0.860480	0.665490	27.000000	0.492734	3.855653	39.474998	33.000000	0.000000	0.000000	0.000000	0.000000	0.000000	0.000000	0.020349	4.672044	0.122792	1.000000	0.411586	0.025000	0.685320	21.282133	0.000000	0.271032	0.074206	0.000000	2752.000000	7.920083	43.000000	64.000000	8256.000000	0.671875	0.397683	0.116279	0.488372	3.000000														46.000000	83.000000	123.000000	218.000000	255.000000									1.000000	4.000000	8.000000									1.829394	0.651378
2d74383267345922b4afb34f04d6249ca9a39869d9954008e24a7794263b9415	photo	clic2025-native	/home/lilith/work/codec-corpus/clic2025/training/0c49a5cce349020bbba2f97ae41e90ba.png	medium	1024	1024	679	4077.772949	0.140298	0.214751	0.008639	0.009268	0.433780	0.068545	88.061302	0.762913	1.243373	2372.000000	0.072388	0.013060	0.021380	2.000000	0.095250	0.188680	21.000000	0.122201	4.140310	18.607807	15.125464	0.000000	0.000000	0.000000	0.000000	0.000000	0.000000	0.171579	3.342049	1.187780	0.044855	0.006706	0.369888	0.015041	24.140959	0.003717	0.064908	0.020254	0.000000	695296.000000	13.452093	679.000000	1024.000000	2085888.000000	0.663086	0.410851	0.001473	0.036819	3.000000	3.417552	4.407032	4.877470	5.064287	5.226152	0.111727	0.373906	1.000000	1.000000	0.025936	0.071202	0.420153	1.000000	4.000000	13.000000	39.000000	132.000000	255.000000	0.000000	0.000000	0.047619	0.095238	0.000000	0.000000	0.000000	0.031746	0.000000	0.000000	0.000000	0.808718	1.356981	1.718994	0.010818	0.025063	0.044855	0.000000	0.000000	20.121134	0.785360
680003ddef09a61e8604c6f681e27482892f6f1edf3f86c62a03c22e200c534a	photo	clic2025-native	/home/lilith/work/codec-corpus/clic2025/training/d1a9be98d1936065967adac50a6fb750.png	medium	1024	1024	635	2266.916260	0.110455	0.075564	0.003691	0.002720	0.703619	0.517108	29.113625	0.326070	1.519562	1217.000000	0.037140	0.001360	0.001250	0.000000	0.005370	0.005490	2.000000	0.122487	3.920204	9.772242	1.886121	0.008007	0.000000	0.000000	0.000000	0.000000	0.000000	0.741720	2.266523	1.441059	0.014649	0.000000	0.208185	0.209862	15.201743	0.047153	0.046080	0.004406	0.000000	650240.000000	13.385097	635.000000	1024.000000	1950720.000000	0.620117	0.477847	0.007874	0.007874	3.000000	1.496367	3.675956	4.655503	4.799664	5.010096	0.021537	0.038531	0.530285	1.000000	0.000000	0.012921	0.049859	0.225202	1.000000	4.000000	24.000000	93.000000	255.000000	0.000000	0.000000	0.000000	0.063492	0.000000	0.000000	0.000000	0.000000	0.000000	0.000000	0.000000	0.000000	0.777019	0.999318	0.000000	0.011345	0.014649	0.000000	0.000000	20.230101	0.643073
3f14ec46d7e5b41f1792aac72f7eae58863e3d13330baf220bd0925f057fe772	photo	clic2025-native	/home/lilith/work/codec-corpus/clic2025/training/60430844748882ff66b9a5598ef06dd6.png	medium	1024	723	1024	3836.981934	0.017540	0.289137	0.004284	0.004400	0.844097	0.507031	122.241013	0.034065	1.863850	2972.000000	0.090698	0.001770	0.001730	1.000000	0.009220	0.007090	5.000000	0.037114	3.813155	3.490458	5.807252	0.041985	0.000000	0.000000	0.000000	0.000000	0.000000	0.002441	1.833223	1.110381	0.011195	0.000000	0.216603	0.073400	11.752848	0.081107	0.011829	0.007891	0.000000	740352.000000	13.514881	723.000000	1024.000000	2221056.000000	0.706055	0.348063	0.006916	0.017981	3.000000	1.454607	2.351428	3.726767	4.186446	4.821713	0.019959	0.031032	0.107034	0.579255	0.000000	0.021511	0.069054	0.287653	1.000000	2.000000	5.000000	27.000000	199.000000	0.000000	0.000000	0.000000	0.000000	0.000000	0.000000	0.000000	0.000000	0.000000	0.000000	0.000000	0.000000	0.297625	0.767851	0.000000	0.004255	0.011195	0.000000	0.000000	94.097183	0.573760
4c50810f6b7032d617447f313a696712654ddad679df0e693a22e849d0d2ab4d	photo	clic2025-native	/home/lilith/work/codec-corpus/clic2025/final-test/8426ed2245c791232862b0a0b2a62a1f17031e8e6e38921fe939df0b3a05ac41.png	large	1024	1024	1024	2454.125732	0.010781	0.074786	0.002948	0.002222	0.810181	0.005737	29.405441	0.064489	1.983690	1393.000000	0.042511	0.000370	0.000590	0.000000	0.001450	0.002220	0.000000	0.122138	4.202409	2.775391	0.643555	0.000000	0.000000	0.000000	0.000000	0.000000	0.000000	0.505820	2.289769	0.823741	0.030030	0.019423	0.166016	0.234823	10.059074	0.001953	0.013362	0.001318	0.000000	1048576.000000	13.862944	1024.000000	1024.000000	3145728.000000	1.000000	0.000000	0.000000	0.000000	3.000000	1.805756	2.892503	3.601923	3.971853	4.372571	0.035548	0.045634	0.195105	0.489704	0.028182	0.039091	0.051067	0.087678	2.000000	4.000000	8.000000	32.000000	255.000000	0.000000	0.000000	0.000000	0.015873	0.000000	0.000000	0.000000	0.000000	0.000000	0.000000	0.000000	1.464032	1.540955	1.590890	0.023603	0.027759	0.030030	0.000000	0.000000	85.894386	0.600477
2f3d5b9b639bbf5b382f47af437f57f86e1a3c4299f982ea81cc55fb396f9666	photo	clic2025-native	/home/lilith/work/codec-corpus/clic2025/training/7e499613c3e376ea93afb3649719abeb.png	small	256	192	256	4491.947266	0.206919	0.108864	0.012905	0.008268	0.338542	0.061198	52.626156	0.328366	0.944937	871.000000	0.026581	0.009090	0.010450	1.000000	0.024890	0.024830	3.000000	0.172781	4.311395	22.309896	8.981771	0.002604	0.000000	0.000000	0.000000	0.000000	0.000000	0.002360	3.492159	1.261942	0.045861	0.010320	0.507812	0.699422	24.458302	0.031250	0.102431	0.019387	0.000000	49152.000000	10.802672	192.000000	256.000000	147456.000000	0.750000	0.287682	0.000000	0.000000	3.000000	3.972825	4.452995	4.945464	5.088774	5.214861	0.102593	0.710954	1.000000	1.000000	0.030360	0.166066	0.353425	0.515976	3.000000	21.000000	59.000000	158.000000	255.000000	0.000000	0.000000	0.079365	0.174603	0.000000	0.000000	0.015873	0.031746	0.000000	0.000000	0.000000	1.096364	1.397938	1.579606	0.024430	0.036287	0.045861	0.000000	0.000000	11.485427	0.853731
6866cd5068686b4f4920de8cc77d9790f87db7894b5727bf015dc10f59265875	photo	clic2025-native	/home/lilith/work/codec-corpus/clic2025/training/5dbdb989cf026f7ab3dd7167d7fc0fe2.png	small	256	171	256	1920.660278	0.574671	0.149431	0.035727	0.024871	0.000000	0.000000	57.498844	0.938032	0.744271	3678.000000	0.112244	0.102380	0.093190	6.000000	0.295260	0.289610	29.000000	0.279266	4.113676	45.244049	37.360119	0.000000	0.000000	0.000000	0.000000	0.000000	0.000000	0.037144	4.640760	0.323524	0.766868	0.118820	0.056548	0.609329	23.785686	0.000000	0.247992	0.070531	0.000000	43776.000000	10.686841	171.000000	256.000000	131328.000000	0.667969	0.403514	0.029240	0.122807	3.000000	4.725381	4.874023	4.991550	5.073895	5.194479	1.000000	1.000000	1.000000	1.000000	0.229580	0.533773	0.924139	1.000000	35.000000	68.000000	111.000000	206.000000	255.000000	0.142857	0.206349	0.253968	0.301587	0.000000	0.015873	0.079365	0.111111	0.000000	2.000000	5.000000	3.808564	4.009774	4.130000	0.482954	0.666115	0.766868	0.079365	0.111111	2.808159	0.747091
19c10346e6fed9f7af6b1f956bc38cad9edaa99ecd3844cc9fa1389741caf840	screenshot	gb82-screens	/home/lilith/work/codec-corpus/gb82-sc/codec_wiki.png	small	256	256	166	1147.548340	0.112059	0.307566	0.001455	0.004011	0.587500	0.518750	146.427887	0.214439	1.142491	317.000000	0.009674	0.002500	0.005310	2.000000	0.194240	0.626210	79.000000	0.187231	2.744238	15.407812	28.028126	0.689062	0.000000	0.000000	0.000000	0.000000	0.000000	0.275932	2.000305	2.131546	0.000000	0.000000	0.201562	0.000684	28.180407	0.696875	0.058309	0.018651	0.000000	42496.000000	10.657166	166.000000	256.000000	127488.000000	0.648438	0.433190	0.012048	0.156627	3.000000	0.467975	4.433732	4.638618	4.841046	5.301515	0.000000	0.009255	1.000000	1.000000	0.000000	0.000000	0.078010	1.000000	0.000000	6.000000	41.000000	149.000000	255.000000	0.000000	0.000000	0.000000	0.079365	0.000000	0.000000	0.000000	0.000000	0.000000	0.000000	0.000000	0.000000	0.000000	0.000000	0.000000	0.000000	0.000000	0.000000	0.000000	21.767073	0.408901
2f3d5b9b639bbf5b382f47af437f57f86e1a3c4299f982ea81cc55fb396f9666	photo	clic2025-native	/home/lilith/work/codec-corpus/clic2025/training/7e499613c3e376ea93afb3649719abeb.png	medium	1024	768	1024	4633.344238	0.116559	0.109487	0.005245	0.003361	0.563558	0.324544	52.807537	0.865530	1.261677	1839.000000	0.056122	0.001240	0.001220	0.000000	0.003160	0.002940	1.000000	0.225765	4.292666	14.765625	4.370117	0.007812	0.000000	0.000000	0.000000	0.000000	0.000000	0.002290	2.786625	1.418841	0.022906	0.000000	0.315430	0.697187	25.640968	0.052734	0.063678	0.009223	0.000000	786432.000000	13.575261	768.000000	1024.000000	2359296.000000	0.750000	0.287682	0.000000	0.000000	3.000000	2.872119	4.100981	4.681042	5.007021	5.214204	0.032793	0.202479	0.807187	1.000000	0.005629	0.069592	0.179195	0.282682	2.000000	8.000000	34.000000	146.000000	255.000000	0.000000	0.000000	0.015873	0.095238	0.000000	0.000000	0.000000	0.015873	0.000000	0.000000	0.000000	0.000000	0.895388	1.105510	0.000000	0.015079	0.022906	0.000000	0.000000	24.200853	0.752820
19c10346e6fed9f7af6b1f956bc38cad9edaa99ecd3844cc9fa1389741caf840	screenshot	gb82-screens	/home/lilith/work/codec-corpus/gb82-sc/codec_wiki.png	medium	1024	1024	666	1311.239014	0.048920	0.307849	0.000920	0.002077	0.830855	0.798946	145.619110	1.183089	1.589313	722.000000	0.022034	0.001290	0.001190	3.000000	0.071930	0.113480	66.000000	0.357159	2.503693	10.925682	7.963311	0.861712	0.000000	0.000000	0.000000	0.000000	0.000000	0.301874	0.861358	1.758119	0.000000	0.000000	0.082785	0.000182	52.609955	0.867357	0.036644	0.005659	0.000000	681984.000000	13.432761	666.000000	1024.000000	2045952.000000	0.650391	0.430182	0.009009	0.009009	3.000000	0.000000	0.000000	4.556266	4.988191	5.484503	0.000000	0.000000	0.000000	1.000000	0.000000	0.000000	0.000000	0.061982	0.000000	0.000000	3.000000	205.000000	255.000000	0.000000	0.000000	0.000000	0.000000	0.000000	0.000000	0.000000	0.000000	0.000000	0.000000	0.000000	0.000000	0.000000	0.000000	0.000000	0.000000	0.000000	0.000000	0.000000	37.013996	0.155107
6866cd5068686b4f4920de8cc77d9790f87db7894b5727bf015dc10f59265875	photo	clic2025-native	/home/lilith/work/codec-corpus/clic2025/training/5dbdb989cf026f7ab3dd7167d7fc0fe2.png	medium	1024	683	1024	2254.103271	0.294478	0.156835	0.016123	0.011692	0.027574	0.000460	59.858925	1.399646	1.006352	7849.000000	0.239532	0.025480	0.023480	4.000000	0.075850	0.076650	19.000000	0.145747	4.190323	29.702206	18.754595	0.000000	0.000000	0.000000	0.000000	0.000000	0.000000	0.044017	4.212577	0.596515	0.368235	0.041814	0.302390	0.578058	21.544689	0.000000	0.143864	0.029222	0.000000	699392.000000	13.457967	683.000000	1024.000000	2098176.000000	0.666992	0.404977	0.007321	0.030747	3.000000	4.205982	4.710815	4.965502	5.064244	5.211299	0.596211	0.939193	1.000000	1.000000	0.067341	0.141888	0.487762	0.985383	16.000000	34.000000	65.000000	147.000000	255.000000	0.047619	0.079365	0.126984	0.206349	0.000000	0.000000	0.015873	0.047619	0.000000	1.000000	2.000000	2.521711	3.217484	3.453739	0.117464	0.276129	0.368235	0.000000	0.031746	7.571475	0.826286
	grayscale_nonpow2_small	png-8/wm_upload_wikimedia_org_38c42a775651a093.png	grayscale/gray_049_47x47.png	tiny	47	47	47	1464.866333	0.531522	0.000000	0.000000	0.000000	0.040000	0.000000	0.000000	0.300805	0.482165	23.000000	0.010412	0.000000	0.000000	0.000000	0.000000	0.000000	0.000000	0.573019	3.594289	32.040001	0.000000	0.000000	0.000000	0.000000	0.000000	8.000000	1.000000	1.000000	4.416540	0.548693	0.475601	0.000000	0.040000	0.000000	25.107883	0.000000	0.219683	0.000000	1.000000	2209.000000	7.700295	47.000000	47.000000	6627.000000	1.000000	0.000000	0.043006	0.854233	3.000000														35.000000	75.000000	134.000000	255.000000	255.000000									0.000000	0.000000	0.000000									2.244810	0.637999
	grayscale_nonpow2_small	png-8/wm_upload_wikimedia_org_cc43754d9e73389c.png	grayscale/gray_000_73x73.png	small	73	73	73	10104.276367	0.264468	0.000000	0.000000	0.000000	0.333333	0.320988	0.000000	0.951554	0.527714	32.000000	0.006005	0.000000	0.000000	0.000000	0.000000	0.000000	0.000000	0.146663	1.924440	117.962959	0.000000	0.246914	0.000000	0.000000	0.000000	8.000000	1.000000	1.000000	3.870348	2.393208	0.000000	0.000000	0.283951	0.000000	67.475410	0.308642	0.189888	0.000000	1.000000	5329.000000	8.580919	73.000000	73.000000	15987.000000	1.000000	0.000000	0.200976	0.729405	3.000000														4.000000	91.000000	208.000000	255.000000	255.000000									0.000000	0.000000	0.000000									0.285771	0.630579
	grayscale_nonpow2_small	png-8/wm_icon_ef81ea41c8b17fec.png	grayscale/gray_038_91x91.png	small	91	91	91	7742.958496	0.305682	0.000000	0.000000	0.000000	0.429752	0.404959	0.000000	1.398211	0.612038	32.000000	0.003864	0.000000	0.000000	0.000000	0.000000	0.000000	0.000000	0.253345	2.162559	107.140495	0.000000	0.355372	0.000000	0.000000	0.000000	8.000000	1.000000	1.000000	3.215659	2.657215	0.000000	0.000000	0.173554	0.000000	61.917206	0.388430	0.217237	0.000000	1.000000	8281.000000	9.021719	91.000000	91.000000	24843.000000	1.000000	0.000000	0.112909	0.112909	3.000000	5.103964	5.640035	5.749368	5.785545	5.806809	0.000000	1.000000	1.000000	1.000000	0.000000	0.000000	0.000000	0.000000	0.000000	107.000000	231.000000	255.000000	255.000000	0.000000	0.000000	0.253968	0.412698	0.000000	0.000000	0.000000	0.000000	0.000000	0.000000	0.000000	0.000000	0.000000	0.000000	0.000000	0.000000	0.000000	0.000000	0.000000	-0.021794	0.441228
	grayscale_nonpow2_small	png-8/wm_upload_wikimedia_org_345ccd75d997ef99.png	grayscale/gray_028_73x73.png	small	73	73	73	603.836060	0.215085	0.000000	0.000000	0.000000	0.382716	0.000000	0.000000	0.106527	0.787704	20.000000	0.003753	0.000000	0.000000	0.000000	0.000000	0.000000	0.000000	0.311218	2.752999	16.135803	0.000000	0.000000	0.000000	0.000000	0.000000	8.000000	1.000000	1.000000	3.590121	0.861975	0.098179	0.000000	0.037037	0.000000	17.204576	0.000000	0.097786	0.000000	1.000000	5329.000000	8.580919	73.000000	73.000000	15987.000000	1.000000	0.000000	0.200976	0.729405	3.000000														9.000000	24.000000	58.000000	152.000000	255.000000									0.000000	1.000000	1.000000									10.225712	0.686355
	grayscale_nonpow2_small	png-8/wm_upload_wikimedia_org_e99fb77ab7918f33.png	grayscale/gray_042_73x73.png	small	73	73	73	1199.448730	0.270255	0.000000	0.000000	0.000000	0.296296	0.271605	0.000000	0.464670	0.633048	26.000000	0.004879	0.000000	0.000000	0.000000	0.000000	0.000000	0.000000	0.615258	1.687268	32.296295	0.000000	0.259259	0.000000	0.000000	0.000000	8.000000	1.000000	1.000000	3.484512	2.001467	0.000000	0.000000	0.049383	0.000000	36.106102	0.197531	0.161278	0.000000	1.000000	5329.000000	8.580919	73.000000	73.000000	15987.000000	1.000000	0.000000	0.200976	0.729405	3.000000														2.000000	55.000000	141.000000	255.000000	255.000000									0.000000	0.000000	0.000000									2.355290	0.508686
	indexed_palette_smalledge	png-8/g8_650c4147f447cba7.png	palette/palette_020_p7_200x100.png	small	200	200	100	601.572266	0.021043	0.026161	0.001045	0.001408	0.846667	0.846667	19.517595	0.093508	1.042770	2.000000	0.000100	0.001240	0.000490	0.000000	0.014660	0.005810	0.000000	0.156584	0.362931	9.670000	1.866667	0.880000	0.000000	0.000000	0.000000	2.000000	1.000000	0.069000	0.733156	1.727140	0.000000	0.000000	0.036667	0.000000	13.131356	0.933333	0.032116	0.003862	0.000000	20000.000000	9.903487	100.000000	200.000000	60000.000000	0.500000	0.693147	0.040000	0.433600	3.000000	0.000000	0.000000	4.774780	5.016894	5.052258	0.000000	0.000000	0.000000	1.000000	0.000000	0.000000	0.000000	0.284190	0.000000	0.000000	0.000000	194.000000	255.000000	0.000000	0.000000	0.000000	0.000000	0.000000	0.000000	0.000000	0.000000	0.000000	0.000000	0.000000	0.000000	0.000000	0.000000	0.000000	0.000000	0.000000	0.000000	0.000000	37.361607	0.127581
	grayscale_nonpow2_small	png-8/wm_upload_wikimedia_org_0f290ed75bd9b0af.png	grayscale/gray_035_73x73.png	small	73	73	73	9207.870117	0.373650	0.000000	0.000000	0.000000	0.271605	0.259259	0.000000	1.176506	0.462184	32.000000	0.006005	0.000000	0.000000	0.000000	0.000000	0.000000	0.000000	0.171552	2.358407	137.851852	0.000000	0.098765	0.000000	0.000000	0.000000	8.000000	1.000000	1.000000	4.276107	2.038585	0.012098	0.000000	0.320988	0.000000	64.726524	0.000000	0.253772	0.000000	1.000000	5329.000000	8.580919	73.000000	73.000000	15987.000000	1.000000	0.000000	0.200976	0.729405	3.000000														10.000000	148.000000	235.000000	255.000000	255.000000									0.000000	0.000000	0.000000									-0.676922	0.668784
	indexed_palette_smalledge	png-8/wm_upload_wikimedia_org_cb4ee4eca22f62da.png	palette/palette_049_p32_200x100.png	small	200	200	100	1360.373169	0.107988	0.202292	0.012210	0.005371	0.593333	0.583333	72.776817	1.676608	0.951577	30.000000	0.001500	0.063940	0.052680	6.000000	0.136780	0.096240	16.000000	0.930124	1.496438	34.586666	10.400000	0.586667	0.000000	0.000000	0.000000	8.000000	1.000000	0.033500	1.945682	2.348961	0.000000	0.000000	0.000000	0.719896	85.333633	0.620000	0.141640	0.015767	0.000000	20000.000000	9.903487	100.000000	200.000000	60000.000000	0.500000	0.693147	0.040000	0.433600	3.000000	0.000000	4.647018	5.298224	5.388271	5.503377	0.000000	0.000000	1.000000	1.000000	0.000000	0.000000	0.276492	0.500059	0.000000	0.000000	93.000000	255.000000	255.000000	0.000000	0.000000	0.000000	0.333333	0.000000	0.000000	0.000000	0.015873	0.000000	0.000000	0.000000	0.000000	0.000000	0.000000	0.000000	0.000000	0.000000	0.000000	0.000000	6.511993	0.187062
	alpha_nonpow2_portrait	png-24-32/wm_upload_wikimedia_org_1463fc57b0c1e7cb.png	alpha/alpha_036_91x137.png	small	137	91	137	8291.066406	0.308415	0.088028	0.010894	0.008598	0.272727	0.208556	32.083397	1.455457	0.590112	350.000000	0.028074	0.008800	0.006540	0.000000	0.028460	0.009720	1.000000	0.116891	2.812389	104.513367	9.443851	0.299465	0.000000	0.000000	0.000000	0.000000	0.000000	0.292051	4.031886	2.280734	0.000000	0.000000	0.438503	0.066176	64.005646	0.331551	0.201256	0.018504	0.000000	12467.000000	9.430840	91.000000	137.000000	37401.000000	0.664234	0.409121	0.108847	0.232053	3.000000	5.267955	5.674656	5.763175	5.767079	5.836286	0.041288	1.000000	1.000000	1.000000	0.008469	0.064498	0.348946	0.881621	8.000000	87.000000	168.000000	255.000000	255.000000	0.000000	0.000000	0.174603	0.317460	0.000000	0.000000	0.000000	0.031746	0.000000	0.000000	0.000000	0.000000	0.000000	0.000000	0.000000	0.000000	0.000000	0.000000	0.000000	0.764943	0.675295
	alpha_nonpow2_portrait	png-24-32/wm_upload_wikimedia_org_2c09c3c64faf0ff8.png	alpha/alpha_003_91x137.png	small	137	91	137	6294.915039	0.374183	0.215349	0.050022	0.018111	0.401070	0.390374	74.392410	1.298910	0.797184	1558.000000	0.124970	0.331350	0.281790	36.000000	0.401540	0.234510	157.000000	0.344501	2.963372	81.352943	53.219250	0.368984	0.000000	0.000000	0.000000	0.000000	0.000000	0.653485	3.156270	2.475097	0.000000	0.000000	0.085561	0.144716	50.161572	0.379679	0.223920	0.062558	0.000000	12467.000000	9.430840	91.000000	137.000000	37401.000000	0.664234	0.409121	0.108847	0.232053	3.000000	4.808463	5.293799	5.469344	5.626772	5.737561	0.000000	1.000000	1.000000	1.000000	0.000000	0.157372	1.000000	1.000000	0.000000	81.000000	176.000000	255.000000	255.000000	0.000000	0.000000	0.238095	0.428571	0.000000	0.000000	0.000000	0.126984	0.000000	0.000000	0.000000	0.000000	0.000000	0.000000	0.000000	0.000000	0.000000	0.000000	0.000000	1.032884	0.430521
	alpha_nonpow2_portrait	png-24-32/wm_upload_wikimedia_org_5c31bb1793cc1564.png	alpha/alpha_000_91x137.png	small	137	91	137	1181.529175	0.206618	0.149670	0.026636	0.033689	0.433155	0.433155	54.256813	1.142584	0.918833	145.000000	0.011631	0.215020	0.324590	18.000000	1.976510	3.098220	157.000000	0.997215	1.231894	32.005348	47.219250	0.438503	0.000000	0.000000	0.000000	8.000000	1.000000	0.847598	2.590353	2.290676	0.000000	0.000000	0.000000	0.000081	50.985844	0.443850	0.148629	0.070113	0.000000	12467.000000	9.430840	91.000000	137.000000	37401.000000	0.664234	0.409121	0.108847	0.232053	3.000000	4.046941	4.675767	4.940207	5.324355	5.420455	0.000000	0.523989	1.000000	1.000000	0.000000	0.010753	0.912566	1.000000	0.000000	50.000000	149.000000	255.000000	255.000000	0.000000	0.000000	0.095238	0.301587	0.000000	0.000000	0.000000	0.142857	0.000000	0.000000	0.000000	0.000000	0.000000	0.000000	0.000000	0.000000	0.000000	0.000000	0.000000	2.610782	0.287197
	grayscale_nonpow2_small	png-8/wm_upload_wikimedia_org_eeeacfe98a39b7e4.png	grayscale/gray_039_137x137.png	small	137	137	137	1666.343750	0.222156	0.000000	0.000000	0.000000	0.532872	0.512111	0.000000	0.657821	1.036295	32.000000	0.001705	0.000000	0.000000	0.000000	0.000000	0.000000	0.000000	0.381835	1.638025	31.439445	0.000000	0.453287	0.000000	0.000000	0.000000	8.000000	1.000000	1.000000	2.333160	2.332012	0.000000	0.000000	0.017301	0.000000	36.692375	0.449827	0.123853	0.000000	1.000000	18769.000000	9.839962	137.000000	137.000000	56307.000000	1.000000	0.000000	0.104800	0.363951	3.000000	0.942006	4.833718	5.154612	5.247776	5.453050	0.000000	0.017428	1.000000	1.000000	0.000000	0.000000	0.000000	0.000000	0.000000	23.000000	114.000000	255.000000	255.000000	0.000000	0.000000	0.000000	0.238095	0.000000	0.000000	0.000000	0.000000	0.000000	0.000000	0.000000	0.000000	0.000000	0.000000	0.000000	0.000000	0.000000	0.000000	0.000000	4.670010	0.343751
	grayscale_nonpow2_small	png-8/g8_df2cf502c39bf79d.png	grayscale/gray_001_47x47.png	tiny	47	47	47	7644.406738	0.729891	0.000000	0.000000	0.000000	0.120000	0.000000	0.000000	2.346090	0.389686	32.000000	0.014486	0.000000	0.000000	0.000000	0.000000	0.000000	0.000000	3.254623	4.226504	114.160004	0.000000	0.000000	0.000000	0.000000	0.000000	8.000000	1.000000	1.000000	4.999181	1.058364	0.222202	0.000000	0.120000	0.000000	66.609566	0.000000	0.314286	0.000000	1.000000	2209.000000	7.700295	47.000000	47.000000	6627.000000	1.000000	0.000000	0.043006	0.854233	3.000000														144.000000	250.000000	255.000000	255.000000	255.000000									0.000000	1.000000	2.000000									-1.441621	0.356479
	grayscale_nonpow2_small	png-8/wm_upload_wikimedia_org_a1ab87590706988e.png	grayscale/gray_043_47x47.png	tiny	47	47	47	1477.039429	0.755978	0.000000	0.000000	0.000000	0.000000	0.000000	0.000000	0.492765	0.474493	23.000000	0.010412	0.000000	0.000000	0.000000	0.000000	0.000000	0.000000	0.835936	3.498816	46.880001	0.000000	0.000000	0.000000	0.000000	0.000000	8.000000	1.000000	1.000000	4.688191	0.202109	0.789755	0.000000	0.040000	0.000000	25.992487	0.000000	0.266667	0.000000	1.000000	2209.000000	7.700295	47.000000	47.000000	6627.000000	1.000000	0.000000	0.043006	0.854233	3.000000														65.000000	111.000000	161.000000	255.000000	255.000000									0.000000	2.000000	5.000000									0.362865	0.512426
	grayscale_nonpow2_small	png-8/wm_upload_wikimedia_org_4e8ae3ce71eca3f6.png	grayscale/gray_029_73x73.png	small	73	73	73	674.634583	0.158758	0.000000	0.000000	0.000000	0.469136	0.432099	0.000000	0.264034	0.708174	26.000000	0.004879	0.000000	0.000000	0.000000	0.000000	0.000000	0.000000	0.478752	1.041054	20.296297	0.000000	0.481481	0.000000	0.000000	0.000000	8.000000	1.000000	1.000000	2.621247	2.203839	0.000000	0.000000	0.123457	0.000000	37.258629	0.530864	0.122085	0.000000	1.000000	5329.000000	8.580919	73.000000	73.000000	15987.000000	1.000000	0.000000	0.200976	0.729405	3.000000														0.000000	4.000000	87.000000	255.000000	255.000000									0.000000	0.000000	0.000000									7.733000	0.418889
	content_illustration	wikimedia-webshapes/Illustration/c06de990a65ebec03c3de54acdcaffbb1662e904.png	illustration-screen/illustration_026_256x243.png	small	256	256	243	6077.787598	0.173088	0.018066	0.000782	0.000473	0.481250	0.470833	5.763227	1.037120	1.020931	447.000000	0.013641	0.000360	0.000790	0.000000	0.000910	0.002050	0.000000	0.210590	2.613479	39.844791	0.561458	0.475000	0.000000	0.000000	0.000000	0.000000	0.000000	0.948045	2.497739	2.379126	0.000000	0.000000	0.139583	0.013558	58.329819	0.468750	0.125248	0.001009	0.000000	62208.000000	11.038239	243.000000	256.000000	186624.000000	0.949219	0.052116	0.020576	0.053498	3.000000	3.699556	4.689849	5.471787	5.564749	5.695056	0.000000	0.500371	1.000000	1.000000	0.000000	0.000000	0.000000	0.021081	0.000000	16.000000	71.000000	255.000000	255.000000	0.000000	0.000000	0.047619	0.269841	0.000000	0.000000	0.000000	0.000000	0.000000	0.000000	0.000000	0.000000	0.000000	0.000000	0.000000	0.000000	0.000000	0.000000	0.000000	8.640880	0.418968
	hdr_widegamut	ultrahdr-conformance/awesome-gain-maps/cats/gm-Cat_(44744745484).jpg	hdr/hdr_015_gm-Cat_(44744745484).jpg	medium	600	600	450	3705.361328	0.037604	0.025380	0.000699	0.000729	0.663571	0.269524	10.071096	0.112223	1.737547	1012.000000	0.030884	0.000080	0.000100	0.000000	0.000470	0.000560	0.000000	0.067108	4.446799	8.878096	0.638095	0.125714	0.000000	0.000000	0.000000	0.000000	0.000000	0.238089	2.619559	1.176543	0.030473	0.000000	0.804762	0.046775	26.878677	0.429524	0.031534	0.001285	0.000000	270000.000000	12.506177	450.000000	600.000000	810000.000000	0.750000	0.287682	0.013333	0.080889	3.000000	2.612188	3.372587	4.104405	4.574679	5.334612	0.067295	0.156309	0.382231	0.883431	0.000000	0.000000	0.030654	0.073386	1.000000	3.000000	8.000000	63.000000	255.000000	0.000000	0.000000	0.015873	0.031746	0.000000	0.000000	0.000000	0.000000	0.000000	0.000000	0.000000	0.000000	0.000000	1.204125	0.000000	0.000000	0.030473	0.000000	0.000000	110.976265	0.885191
	alpha_nonpow2_portrait	png-24-32/wm_upload_wikimedia_org_0148ff7adda3ff19.png	alpha/alpha_007_91x137.png	small	137	91	137	6620.833984	0.438807	0.310955	0.086606	0.059739	0.203209	0.160428	110.173882	2.066276	0.779549	2209.000000	0.177188	0.680950	0.653920	42.000000	2.228160	2.949860	165.000000	0.479731	3.599635	88.240639	127.433159	0.171123	0.000000	0.000000	0.000000	0.000000	0.000000	0.378439	4.096671	1.934030	0.000000	0.000000	0.032086	0.119748	56.322960	0.181818	0.289194	0.147950	0.000000	12467.000000	9.430840	91.000000	137.000000	37401.000000	0.664234	0.409121	0.108847	0.232053	3.000000	5.033778	5.263124	5.426041	5.477353	5.717330	0.687365	1.000000	1.000000	1.000000	0.449771	1.000000	1.000000	1.000000	19.000000	109.000000	203.000000	255.000000	255.000000	0.000000	0.111111	0.333333	0.428571	0.000000	0.063492	0.158730	0.222222	0.000000	0.000000	0.000000	0.000000	0.000000	0.000000	0.000000	0.000000	0.000000	0.000000	0.000000	0.075407	0.550801
	content_illustration	wikimedia-webshapes/Illustration/f80358c7b8c1a333ed1924c19db43438be600359.jpg	illustration-screen/illustration_084_256x192.png	small	256	256	192	2022.281982	0.186962	0.058424	0.007425	0.004159	0.220052	0.007812	19.054342	0.274785	1.222949	1422.000000	0.043396	0.005580	0.005830	3.000000	0.012990	0.013150	6.000000	0.129975	3.872230	25.502604	6.964844	0.002604	0.000000	0.000000	0.000000	0.000000	0.000000	0.319010	3.833583	0.932662	0.096515	0.027438	0.423177	0.086731	26.338326	0.000000	0.110057	0.014530	0.000000	49152.000000	10.802672	192.000000	256.000000	147456.000000	0.750000	0.287682	0.000000	0.000000	3.000000	3.986612	4.509777	4.920247	5.095755	5.418973	0.309975	0.722753	1.000000	1.000000	0.043650	0.096587	0.244629	0.398058	6.000000	20.000000	54.000000	137.000000	255.000000	0.000000	0.031746	0.079365	0.174603	0.000000	0.000000	0.000000	0.015873	0.000000	0.000000	0.000000	1.540956	2.073491	2.327838	0.037356	0.070794	0.096515	0.000000	0.000000	12.863011	0.836936
	grayscale_nonpow2_small	png-8/wm_upload_wikimedia_org_d33d83ecb3af4cfc.png	grayscale/gray_036_73x73.png	small	73	73	73	2877.399902	0.262346	0.000000	0.000000	0.000000	0.432099	0.407407	0.000000	1.473490	0.637872	32.000000	0.006005	0.000000	0.000000	0.000000	0.000000	0.000000	0.000000	0.717988	1.684578	71.407410	0.000000	0.370370	0.000000	0.000000	0.000000	8.000000	1.000000	1.000000	3.057377	2.490267	0.000000	0.000000	0.012346	0.000000	65.449661	0.370370	0.225750	0.000000	1.000000	5329.000000	8.580919	73.000000	73.000000	15987.000000	1.000000	0.000000	0.200976	0.729405	3.000000														0.000000	77.000000	255.000000	255.000000	255.000000									0.000000	0.000000	0.000000									0.389288	0.380098
	alpha_nonpow2_portrait	png-24-32/wm_upload_wikimedia_org_2890048369151ca6.png	alpha/alpha_037_91x137.png	small	137	91	137	0.000000	0.000000	0.000000	0.000000	0.000000	1.000000	1.000000	0.000000	0.000000	0.000000	1.000000	0.000080	0.000000	0.000000	0.000000	0.000000	0.000000	0.000000	0.000000	0.000000	0.000000	0.000000	1.000000	0.000000	0.000000	0.000000	2.000000	1.000000	1.000000	-0.000001	0.000000	0.000000	0.000000	0.000000	0.000000	0.000000	1.000000	0.000000	0.000000	1.000000	12467.000000	9.430840	91.000000	137.000000	37401.000000	0.664234	0.409121	0.108847	0.232053	3.000000	0.000000	0.000000	0.000000	0.000000	0.000000	0.000000	0.000000	0.000000	0.000000	0.000000	0.000000	0.000000	0.000000	0.000000	0.000000	0.000000	0.000000	0.000000	0.000000	0.000000	0.000000	0.000000	0.000000	0.000000	0.000000	0.000000	0.000000	0.000000	0.000000	0.000000	0.000000	0.000000	0.000000	0.000000	0.000000	0.000000	0.000000	0.000000	0.000000
	alpha_nonpow2_portrait	png-24-32/wm_upload_wikimedia_org_ed680c048dc66c67.png	alpha/alpha_004_91x137.png	small	137	91	137	0.000000	0.000000	0.000000	0.000000	0.000000	1.000000	1.000000	0.000000	0.000000	0.000000	1.000000	0.000080	0.000000	0.000000	0.000000	0.000000	0.000000	0.000000	0.000000	0.000000	0.000000	0.000000	1.000000	0.000000	0.000000	0.000000	2.000000	1.000000	1.000000	-0.000001	0.000000	0.000000	0.000000	0.000000	0.000000	0.000000	1.000000	0.000000	0.000000	1.000000	12467.000000	9.430840	91.000000	137.000000	37401.000000	0.664234	0.409121	0.108847	0.232053	3.000000	0.000000	0.000000	0.000000	0.000000	0.000000	0.000000	0.000000	0.000000	0.000000	0.000000	0.000000	0.000000	0.000000	0.000000	0.000000	0.000000	0.000000	0.000000	0.000000	0.000000	0.000000	0.000000	0.000000	0.000000	0.000000	0.000000	0.000000	0.000000	0.000000	0.000000	0.000000	0.000000	0.000000	0.000000	0.000000	0.000000	0.000000	0.000000	0.000000
	indexed_palette_smalledge	png-8/wm_upload_wikimedia_org_baa2197c29486109.png	palette/palette_021_p256_200x100.png	small	200	200	100	1125.706299	0.130182	0.015581	0.000116	0.000272	0.630000	0.620000	5.863178	1.274258	0.973377	44.000000	0.002200	0.000310	0.000490	0.000000	0.011180	0.017790	30.000000	1.140231	0.837463	30.296667	0.606667	0.640000	0.000000	0.000000	0.000000	8.000000	1.000000	0.998750	1.827458	2.349556	0.000000	0.000000	0.000000	0.000104	59.061836	0.646667	0.144021	0.001270	0.000000	20000.000000	9.903487	100.000000	200.000000	60000.000000	0.500000	0.693147	0.040000	0.433600	3.000000	0.000000	4.752116	5.152442	5.331281	5.504879	0.000000	0.000000	1.000000	1.000000	0.000000	0.000000	0.000000	0.000000	0.000000	0.000000	114.000000	255.000000	255.000000	0.000000	0.000000	0.000000	0.333333	0.000000	0.000000	0.000000	0.000000	0.000000	0.000000	0.000000	0.000000	0.000000	0.000000	0.000000	0.000000	0.000000	0.000000	0.000000	5.772894	0.192125
	grayscale_nonpow2_small	png-8/wm_upload_wikimedia_org_11be68e2a7916f56.png	grayscale/gray_002_91x91.png	small	91	91	91	4181.447754	0.218813	0.000000	0.000000	0.000000	0.396694	0.363636	0.000000	1.525391	0.689000	32.000000	0.003864	0.000000	0.000000	0.000000	0.000000	0.000000	0.000000	0.441783	1.607470	76.123970	0.000000	0.355372	0.000000	0.000000	0.000000	8.000000	1.000000	1.000000	3.316031	2.376873	0.000000	0.000000	0.057851	0.000000	64.136681	0.355372	0.226551	0.000000	1.000000	8281.000000	9.021719	91.000000	91.000000	24843.000000	1.000000	0.000000	0.112909	0.112909	3.000000	4.852915	5.417241	5.530580	5.632337	5.707945	0.005629	1.000000	1.000000	1.000000	0.000000	0.000000	0.000000	0.000000	0.000000	43.000000	228.000000	255.000000	255.000000	0.000000	0.000000	0.222222	0.428571	0.000000	0.000000	0.000000	0.000000	0.000000	0.000000	0.000000	0.000000	0.000000	0.000000	0.000000	0.000000	0.000000	0.000000	0.000000	1.116258	0.490741
	alpha_nonpow2_portrait	png-24-32/web_quora_com_d71be969a4f64259.png	alpha/alpha_001_91x137.png	small	137	91	137	10599.205078	0.137745	0.119498	0.004230	0.002573	0.534759	0.524064	41.678516	0.426086	0.680668	227.000000	0.018208	0.011370	0.035440	1.000000	0.035010	0.119190	6.000000	0.056742	1.743020	81.133690	15.219252	0.524064	0.000000	0.000000	0.000000	8.000000	1.000000	0.920590	2.719353	2.611572	0.000000	0.000000	0.379679	0.000000	59.163830	0.561497	0.101944	0.012987	0.000000	12467.000000	9.430840	91.000000	137.000000	37401.000000	0.664234	0.409121	0.108847	0.232053	3.000000	1.511676	5.594296	5.803961	5.826448	5.837509	0.000000	0.032631	1.000000	1.000000	0.000000	0.000000	0.000000	1.000000	0.000000	8.000000	109.000000	246.000000	255.000000	0.000000	0.000000	0.000000	0.158730	0.000000	0.000000	0.000000	0.000000	0.000000	0.000000	0.000000	0.000000	0.000000	0.000000	0.000000	0.000000	0.000000	0.000000	0.000000	4.938363	0.489777
	grayscale_nonpow2_small	png-8/wm_upload_wikimedia_org_213d789f83f7d3b6.png	grayscale/gray_040_73x73.png	small	73	73	73	1747.980103	0.086420	0.000000	0.000000	0.000000	0.703704	0.691358	0.000000	0.315614	0.887635	32.000000	0.006005	0.000000	0.000000	0.000000	0.000000	0.000000	0.000000	0.236878	0.649613	26.580246	0.000000	0.691358	0.000000	0.000000	0.000000	8.000000	1.000000	1.000000	1.563967	2.296118	0.000000	0.000000	0.061728	0.000000	67.293076	0.654321	0.074466	0.000000	1.000000	5329.000000	8.580919	73.000000	73.000000	15987.000000	1.000000	0.000000	0.200976	0.729405	3.000000														0.000000	0.000000	34.000000	255.000000	255.000000									0.000000	0.000000	0.000000									9.985490	0.257323
	grayscale_nonpow2_small	png-8/wm_upload_wikimedia_org_bebb0c08fafeb80e.png	grayscale/gray_044_91x91.png	small	91	91	91	2754.931396	0.416540	0.000000	0.000000	0.000000	0.297521	0.297521	0.000000	2.160232	0.439318	30.000000	0.003623	0.000000	0.000000	0.000000	0.000000	0.000000	0.000000	0.904367	2.167415	83.727272	0.000000	0.206612	0.000000	0.000000	0.000000	8.000000	1.000000	1.000000	3.712332	2.251212	0.000000	0.000000	0.000000	0.000000	43.928734	0.247934	0.319166	0.000000	1.000000	8281.000000	9.021719	91.000000	91.000000	24843.000000	1.000000	0.000000	0.112909	0.112909	3.000000	5.156331	5.195886	5.236567	5.251821	5.264044	0.015851	1.000000	1.000000	1.000000	0.000000	0.000000	0.000000	0.000000	23.000000	155.000000	250.000000	255.000000	255.000000	0.000000	0.000000	0.412698	0.476190	0.000000	0.000000	0.000000	0.000000	0.000000	0.000000	0.000000	0.000000	0.000000	0.000000	0.000000	0.000000	0.000000	0.000000	0.000000	-0.982811	0.394713
	grayscale_nonpow2_small	png-8/wm_upload_wikimedia_org_9064782fede367c5.png	grayscale/gray_030_73x73.png	small	73	73	73	3919.985596	0.298804	0.000000	0.000000	0.000000	0.086420	0.000000	0.000000	0.161725	0.679016	31.000000	0.005817	0.000000	0.000000	0.000000	0.000000	0.000000	0.000000	0.108394	4.450084	47.135803	0.000000	0.000000	0.000000	0.000000	0.000000	8.000000	1.000000	1.000000	4.363523	0.787450	0.298681	0.000000	0.493827	0.000000	26.047281	0.000000	0.154419	0.000000	1.000000	5329.000000	8.580919	73.000000	73.000000	15987.000000	1.000000	0.000000	0.200976	0.729405	3.000000														13.000000	39.000000	80.000000	164.000000	255.000000									0.000000	1.000000	1.000000									5.611150	0.859207
	content_illustration	wikimedia-webshapes/Illustration/889474f8ed36573e4af6a9392cc70a079a744287.jpg	illustration-screen/illustration_027_256x47.png	small	256	256	47	10645.307617	0.342843	0.000000	0.000000	0.000000	0.243750	0.187500	0.000000	1.419814	0.487076	32.000000	0.002660	0.000000	0.000000	0.000000	0.000000	0.000000	0.000000	0.112028	2.307458	172.056244	0.000000	0.131250	0.000000	0.000000	0.000000	8.000000	1.000000	1.000000	4.415570	2.142468	0.000000	0.000000	0.450000	0.000000	62.028526	0.137500	0.288393	0.000000	1.000000	12032.000000	9.395325	47.000000	256.000000	36096.000000	0.183594	1.695030	0.021277	0.361702	3.000000	5.607084	5.729564	5.782610	5.796419	5.818712	1.000000	1.000000	1.000000	1.000000	0.000000	0.000000	0.000000	0.000000	10.000000	121.000000	208.000000	255.000000	255.000000	0.000000	0.111111	0.349206	0.428571	0.000000	0.000000	0.000000	0.000000	0.000000	0.000000	0.000000	0.000000	0.000000	0.000000	0.000000	0.000000	0.000000	0.000000	0.000000	-0.276632	0.722802
	alpha_nonpow2_portrait	png-24-32/wm_upload_wikimedia_org_16f09e0985dae9b7.png	alpha/alpha_008_91x137.png	small	137	91	137	5364.689453	0.400409	0.014063	0.001223	0.001318	0.122995	0.122995	5.186686	5.745518	0.508387	73.000000	0.005855	0.002180	0.003910	3.000000	0.022720	0.068890	129.000000	1.192890	2.202961	144.556152	0.561497	0.122995	0.000000	0.000000	0.000000	8.000000	1.000000	0.991337	4.605486	1.740207	0.000000	0.000000	0.000000	0.000889	62.610554	0.149733	0.434513	0.000509	0.000000	12467.000000	9.430840	91.000000	137.000000	37401.000000	0.664234	0.409121	0.108847	0.232053	3.000000	5.295293	5.380096	5.445117	5.481555	5.535363	1.000000	1.000000	1.000000	1.000000	0.000000	0.010873	0.023811	0.043773	40.000000	254.000000	255.000000	255.000000	255.000000	0.000000	0.380952	0.507937	0.555556	0.000000	0.000000	0.000000	0.000000	0.000000	0.000000	0.000000	0.000000	0.000000	0.000000	0.000000	0.000000	0.000000	0.000000	0.000000	-1.509304	0.400304
	content_illustration	wikimedia-webshapes/Illustration/579ddbe5db58d26442604ec05e99499a4f647f02.jpg	illustration-screen/illustration_055_256x256.png	medium	256	256	256	7583.977539	0.312265	0.233242	0.040746	0.009312	0.405273	0.267578	80.289101	0.619905	0.744411	1474.000000	0.044983	0.065090	0.074800	3.000000	0.025190	0.024690	3.000000	0.094859	3.135428	47.788086	36.951172	0.219727	0.000000	0.000000	0.000000	0.000000	0.000000	0.452087	3.333672	2.167216	0.000000	0.000000	0.350586	0.011871	29.598761	0.234375	0.135835	0.058950	0.000000	65536.000000	11.090355	256.000000	256.000000	196608.000000	1.000000	0.000000	0.000000	0.000000	3.000000	4.425582	5.303874	5.415107	5.486522	5.571754	0.027715	1.000000	1.000000	1.000000	0.004222	0.583251	1.000000	1.000000	5.000000	42.000000	90.000000	166.000000	255.000000	0.000000	0.000000	0.142857	0.253968	0.000000	0.000000	0.063492	0.111111	0.000000	0.000000	0.000000	0.000000	0.000000	0.000000	0.000000	0.000000	0.000000	0.000000	0.000000	2.555901	0.655414
	grayscale_nonpow2_small	png-8/wm_upload_wikimedia_org_1fa8ccc912617e64.png	grayscale/gray_037_47x47.png	tiny	47	47	47	4434.716797	0.662500	0.000000	0.000000	0.000000	0.000000	0.000000	0.000000	1.352570	0.390750	31.000000	0.014033	0.000000	0.000000	0.000000	0.000000	0.000000	0.000000	0.692959	3.158309	109.599998	0.000000	0.080000	0.000000	0.000000	0.000000	8.000000	1.000000	1.000000	5.291063	0.081621	1.000000	0.000000	0.000000	0.000000	47.815514	0.120000	0.240000	0.000000	1.000000	2209.000000	7.700295	47.000000	47.000000	6627.000000	1.000000	0.000000	0.043006	0.854233	3.000000														124.000000	171.000000	255.000000	255.000000	255.000000									0.000000	4.000000	16.000000									-1.010416	0.592720
	alpha_nonpow2_portrait	png-24-32/wm_upload_wikimedia_org_db0000f2ff24aace.png	alpha/alpha_038_91x137.png	small	137	91	137	7925.653809	0.168709	0.314549	0.043391	0.010905	0.486631	0.438503	116.778000	0.644935	0.864633	262.000000	0.021015	0.448990	0.130500	36.000000	0.401480	0.232800	157.000000	0.275889	2.213668	37.572193	43.064171	0.470588	0.000000	0.000000	0.000000	0.000000	0.000000	0.473330	2.574923	2.259693	0.000000	0.000000	0.197861	0.047188	55.595718	0.556150	0.115610	0.046600	0.000000	12467.000000	9.430840	91.000000	137.000000	37401.000000	0.664234	0.409121	0.108847	0.232053	3.000000	3.355835	4.833523	5.378397	5.466047	5.523611	0.000000	0.257948	1.000000	1.000000	0.000000	0.143257	1.000000	1.000000	0.000000	10.000000	93.000000	255.000000	255.000000	0.000000	0.000000	0.031746	0.206349	0.000000	0.000000	0.000000	0.079365	0.000000	0.000000	0.000000	0.000000	0.000000	0.000000	0.000000	0.000000	0.000000	0.000000	0.000000	7.514619	0.445212
	alpha_nonpow2_portrait	png-24-32/wm_upload_wikimedia_org_fb5700ab71ebd7b3.png	alpha/alpha_005_91x137.png	small	137	91	137	0.000000	0.000000	0.000000	0.000000	0.000000	1.000000	1.000000	0.000000	0.000000	0.000000	1.000000	0.000080	0.000000	0.000000	0.000000	0.000000	0.000000	0.000000	0.000000	0.000000	0.000000	0.000000	1.000000	0.000000	0.000000	0.000000	2.000000	1.000000	1.000000	-0.000001	0.000000	0.000000	0.000000	0.000000	0.000000	0.000000	1.000000	0.000000	0.000000	1.000000	12467.000000	9.430840	91.000000	137.000000	37401.000000	0.664234	0.409121	0.108847	0.232053	3.000000	0.000000	0.000000	0.000000	0.000000	0.000000	0.000000	0.000000	0.000000	0.000000	0.000000	0.000000	0.000000	0.000000	0.000000	0.000000	0.000000	0.000000	0.000000	0.000000	0.000000	0.000000	0.000000	0.000000	0.000000	0.000000	0.000000	0.000000	0.000000	0.000000	0.000000	0.000000	0.000000	0.000000	0.000000	0.000000	0.000000	0.000000	0.000000	0.000000
	indexed_palette_smalledge	png-8/g8_3270e61109e0ef7f.png	palette/palette_022_p17_200x100.png	small	200	200	100	1064.924683	0.102701	0.155413	0.014609	0.012328	0.563333	0.163333	90.294846	0.251523	1.237826	17.000000	0.000850	0.072600	0.042270	5.000000	0.210390	0.159190	18.000000	0.200535	2.835982	17.083334	19.440001	0.166667	0.000000	0.000000	0.000000	8.000000	1.000000	0.075500	2.720816	1.556170	0.000000	0.000000	0.026667	0.045729	46.273891	0.170000	0.055661	0.022593	0.000000	20000.000000	9.903487	100.000000	200.000000	60000.000000	0.500000	0.693147	0.040000	0.433600	3.000000	2.761176	3.622052	4.886883	5.207924	5.388507	0.042477	0.120244	0.381406	1.000000	0.016472	0.068636	0.214587	1.000000	4.000000	18.000000	41.000000	208.000000	255.000000	0.000000	0.000000	0.000000	0.047619	0.000000	0.000000	0.000000	0.015873	0.000000	0.000000	0.000000	0.000000	0.000000	0.000000	0.000000	0.000000	0.000000	0.000000	0.000000	19.041248	0.395748
	grayscale_nonpow2_small	png-8/wm_upload_wikimedia_org_8629ba2cf787e170.png	grayscale/gray_003_137x137.png	small	137	137	137	6420.478027	0.075043	0.000000	0.000000	0.000000	0.750865	0.709343	0.000000	0.081126	0.990499	32.000000	0.001705	0.000000	0.000000	0.000000	0.000000	0.000000	0.000000	0.029273	1.108686	27.252596	0.000000	0.695502	0.000000	0.000000	0.000000	8.000000	1.000000	1.000000	1.410764	2.251409	0.000000	0.000000	0.200692	0.000000	38.712421	0.709343	0.052947	0.000000	1.000000	18769.000000	9.839962	137.000000	137.000000	56307.000000	1.000000	0.000000	0.104800	0.363951	3.000000	0.000000	2.278717	5.594059	5.713859	5.799604	0.000000	0.000000	0.098934	1.000000	0.000000	0.000000	0.000000	0.000000	0.000000	0.000000	13.000000	122.000000	243.000000	0.000000	0.000000	0.000000	0.000000	0.000000	0.000000	0.000000	0.000000	0.000000	0.000000	0.000000	0.000000	0.000000	0.000000	0.000000	0.000000	0.000000	0.000000	0.000000	17.571220	0.269578
	alpha_nonpow2_portrait	png-24-32/web_quora_com_efa846cc8a47ae88.png	alpha/alpha_002_91x137.png	small	137	91	137	2959.955322	0.179984	0.229632	0.016330	0.017580	0.197861	0.122995	95.799034	0.282008	1.024571	466.000000	0.037379	0.068650	0.170840	36.000000	0.561850	1.050850	157.000000	0.262607	3.159360	23.721926	34.561497	0.096257	0.000000	0.000000	0.000000	0.000000	0.000000	0.207989	3.591217	1.434756	0.015264	0.000000	0.262032	0.006626	33.710613	0.096257	0.113063	0.049147	0.000000	12467.000000	9.430840	91.000000	137.000000	37401.000000	0.664234	0.409121	0.108847	0.232053	3.000000	4.066566	4.466089	4.922583	5.061756	5.374003	0.318925	0.773263	1.000000	1.000000	0.056327	0.174723	0.594623	1.000000	3.000000	16.000000	57.000000	232.000000	255.000000	0.000000	0.031746	0.095238	0.174603	0.000000	0.000000	0.015873	0.079365	0.000000	0.000000	0.000000	0.000000	0.000000	1.396853	0.000000	0.000000	0.015264	0.000000	0.000000	13.440089	0.674780
	grayscale_nonpow2_small	png-8/wm_upload_wikimedia_org_f4bf7cdf36f51465.png	grayscale/gray_041_73x73.png	small	73	73	73	1592.234253	0.175733	0.000000	0.000000	0.000000	0.469136	0.432099	0.000000	0.602874	0.684417	29.000000	0.005442	0.000000	0.000000	0.000000	0.000000	0.000000	0.000000	0.442969	1.150789	49.209877	0.000000	0.296296	0.000000	0.000000	0.000000	8.000000	1.000000	1.000000	2.799510	2.259563	0.000000	0.000000	0.037037	0.000000	48.802658	0.308642	0.168528	0.000000	1.000000	5329.000000	8.580919	73.000000	73.000000	15987.000000	1.000000	0.000000	0.200976	0.729405	3.000000														0.000000	8.000000	138.000000	255.000000	255.000000									0.000000	0.000000	0.000000									4.062425	0.433392
	content_illustration	wikimedia-webshapes/Illustration/aceff09e5ae3cc67bcc803ad834ee07ef13b5151.jpg	illustration-screen/illustration_085_256x192.png	small	256	256	192	1197.627930	0.121794	0.115436	0.011355	0.007477	0.580729	0.475260	40.626690	0.258763	1.214880	619.000000	0.018890	0.029540	0.035780	1.000000	0.083950	0.104850	5.000000	0.099545	3.470854	17.725260	16.071615	0.609375	0.000000	0.000000	0.000000	0.000000	0.000000	0.800435	2.791341	1.432807	0.030360	0.000000	0.493490	0.112081	36.198597	0.677083	0.045904	0.018167	0.000000	49152.000000	10.802672	192.000000	256.000000	147456.000000	0.750000	0.287682	0.000000	0.000000	3.000000	2.041331	4.190612	4.966384	5.236670	5.460207	0.048687	0.066711	0.931438	1.000000	0.000000	0.000000	0.547093	1.000000	1.000000	5.000000	39.000000	145.000000	255.000000	0.000000	0.000000	0.000000	0.079365	0.000000	0.000000	0.000000	0.031746	0.000000	0.000000	0.000000	1.113943	1.204115	1.204121	0.026508	0.030360	0.030360	0.000000	0.000000	23.333502	0.877738
	grayscale_nonpow2_small	png-8/wm_upload_wikimedia_org_4d0fe0b399ec851b.png	grayscale/gray_031_47x47.png	tiny	47	47	47	290.310791	0.290761	0.000000	0.000000	0.000000	0.120000	0.080000	0.000000	0.070923	0.559912	16.000000	0.007243	0.000000	0.000000	0.000000	0.000000	0.000000	0.000000	0.611589	1.776735	11.400000	0.000000	0.000000	0.000000	0.000000	0.000000	4.000000	1.000000	1.000000	3.681726	1.024076	0.172402	0.000000	0.000000	0.000000	12.361897	0.000000	0.123810	0.000000	1.000000	2209.000000	7.700295	47.000000	47.000000	6627.000000	1.000000	0.000000	0.043006	0.854233	3.000000														9.000000	39.000000	67.000000	121.000000	220.000000									0.000000	0.000000	0.000000									3.033838	0.594712
	grayscale_nonpow2_small	png-8/wm_icon_257219060b44eedf.png	grayscale/gray_045_137x137.png	small	137	137	137	9719.945312	0.488646	0.000000	0.000000	0.000000	0.235294	0.224913	0.000000	4.386524	0.481906	32.000000	0.001705	0.000000	0.000000	0.000000	0.000000	0.000000	0.000000	0.505210	2.784585	162.314880	0.000000	0.183391	0.000000	0.000000	0.000000	8.000000	1.000000	1.000000	4.328641	2.226429	0.000000	0.000000	0.038062	0.000000	65.806137	0.176471	0.346076	0.000000	1.000000	18769.000000	9.839962	137.000000	137.000000	56307.000000	1.000000	0.000000	0.104800	0.363951	3.000000	5.617729	5.681053	5.717335	5.729031	5.766243	0.775095	1.000000	1.000000	1.000000	0.000000	0.000000	0.000000	0.000000	57.000000	215.000000	255.000000	255.000000	255.000000	0.000000	0.190476	0.428571	0.523810	0.000000	0.000000	0.000000	0.000000	0.000000	0.000000	0.000000	0.000000	0.000000	0.000000	0.000000	0.000000	0.000000	0.000000	0.000000	-1.534696	0.542767
	alpha_nonpow2_portrait	png-24-32/wm_upload_wikimedia_org_e4b96f17e6c4728c.png	alpha/alpha_009_91x137.png	small	137	91	137	957.005371	0.116503	0.009253	0.000707	0.000857	0.620321	0.598930	3.576370	1.126145	0.963823	103.000000	0.008262	0.002470	0.001520	3.000000	0.006440	0.015550	29.000000	1.277884	1.340234	24.823530	0.192513	0.641711	0.000000	0.000000	0.000000	8.000000	1.000000	0.976338	1.865535	2.311878	0.000000	0.000000	0.010695	0.000808	76.877899	0.625668	0.131313	0.000085	0.000000	12467.000000	9.430840	91.000000	137.000000	37401.000000	0.664234	0.409121	0.108847	0.232053	3.000000	0.000000	4.689325	5.093391	5.177256	5.327641	0.000000	0.000000	1.000000	1.000000	0.000000	0.000000	0.042413	0.057511	0.000000	0.000000	52.000000	255.000000	255.000000	0.000000	0.000000	0.000000	0.285714	0.000000	0.000000	0.000000	0.000000	0.000000	0.000000	0.000000	0.000000	0.000000	0.000000	0.000000	0.000000	0.000000	0.000000	0.000000	9.800440	0.200091
	alpha_nonpow2_portrait	png-24-32/wm_upload_wikimedia_org_0c112294f5a3dc8f.png	alpha/alpha_039_91x137.png	small	137	91	137	5885.206543	0.411846	0.010269	0.001497	0.000542	0.213904	0.171123	4.034000	3.567205	0.491590	88.000000	0.007059	0.005210	0.003390	2.000000	0.000700	0.000470	0.000000	0.399156	3.445287	104.021393	0.128342	0.475936	0.000000	0.000000	0.000000	8.000000	1.000000	0.274645	4.369189	1.977562	0.000000	0.000000	0.283422	0.000000	65.128899	0.497326	0.241915	0.000000	0.000000	12467.000000	9.430840	91.000000	137.000000	37401.000000	0.664234	0.409121	0.108847	0.232053	3.000000	5.437315	5.477359	5.539755	5.581987	5.616525	1.000000	1.000000	1.000000	1.000000	0.000000	0.020778	0.027207	0.053896	30.000000	143.000000	255.000000	255.000000	255.000000	0.000000	0.079365	0.111111	0.412698	0.000000	0.000000	0.000000	0.000000	0.000000	0.000000	0.000000	0.000000	0.000000	0.000000	0.000000	0.000000	0.000000	0.000000	0.000000	-0.798722	0.629056
	content_illustration	wikimedia-webshapes/Illustration/d206dd2a7702658f54ef0f58fca6b2c00e69af48.png	illustration-screen/illustration_040_256x195.png	small	256	256	195	997.837036	0.036765	0.295333	0.002399	0.004324	0.796875	0.776042	137.346085	0.033637	1.692011	152.000000	0.004639	0.003720	0.006510	1.000000	0.106790	0.210270	56.000000	0.059591	1.573014	5.894531	17.561197	0.809896	0.000000	0.000000	0.000000	8.000000	1.000000	0.589764	0.927251	1.702960	0.000000	0.000000	0.164062	0.010763	19.990017	0.828125	0.018911	0.016183	0.000000	49920.000000	10.818177	195.000000	256.000000	149760.000000	0.761719	0.272178	0.025641	0.148718	3.000000	0.000000	0.903084	4.318063	4.528910	5.092682	0.000000	0.000000	0.016249	1.000000	0.000000	0.000000	0.000000	1.000000	0.000000	0.000000	5.000000	58.000000	255.000000	0.000000	0.000000	0.000000	0.000000	0.000000	0.000000	0.000000	0.000000	0.000000	0.000000	0.000000	0.000000	0.000000	0.000000	0.000000	0.000000	0.000000	0.000000	0.000000	64.445404	0.209833
	content_illustration	wikimedia-webshapes/Illustration/6a9e3588d7a3360cd8980785594c4389e8b56e6d.png	illustration-screen/illustration_028_256x256.png	medium	256	256	256	4456.734863	0.031957	0.256702	0.003326	0.004849	0.845703	0.821289	118.256859	0.099699	1.190237	119.000000	0.003632	0.007080	0.005790	2.000000	0.092440	0.063920	12.000000	0.080197	1.327072	9.196289	12.146484	0.813477	0.000000	0.000000	0.000000	8.000000	1.000000	0.559341	0.810508	1.740130	0.000000	0.000000	0.100586	0.003571	31.101351	0.804688	0.029111	0.014896	0.000000	65536.000000	11.090355	256.000000	256.000000	196608.000000	1.000000	0.000000	0.000000	0.000000	3.000000	0.000000	0.000000	4.675309	5.120886	5.294425	0.000000	0.000000	0.000000	1.000000	0.000000	0.000000	0.000000	0.863499	0.000000	0.000000	0.000000	118.000000	255.000000	0.000000	0.000000	0.000000	0.000000	0.000000	0.000000	0.000000	0.000000	0.000000	0.000000	0.000000	0.000000	0.000000	0.000000	0.000000	0.000000	0.000000	0.000000	0.000000	36.171749	0.154031
	alpha_nonpow2_portrait	png-24-32/wm_upload_wikimedia_org_bac401dd107e6ed2.png	alpha/alpha_006_91x137.png	small	137	91	137	7282.166992	0.149101	0.272478	0.039904	0.023596	0.443850	0.262032	100.490410	2.315340	0.929861	423.000000	0.033930	0.308510	0.265960	36.000000	0.967380	0.855180	157.000000	1.003682	2.516333	57.620319	64.737968	0.267380	0.000000	0.000000	0.000000	0.000000	0.000000	0.451432	3.012487	2.050451	0.000000	0.000000	0.026738	0.000162	103.131958	0.256684	0.184959	0.068415	0.000000	12467.000000	9.430840	91.000000	137.000000	37401.000000	0.664234	0.409121	0.108847	0.232053	3.000000	3.240534	4.826971	5.439415	5.561477	5.691649	0.005629	0.273055	1.000000	1.000000	0.000000	0.384538	1.000000	1.000000	0.000000	15.000000	88.000000	255.000000	255.000000	0.000000	0.000000	0.047619	0.412698	0.000000	0.000000	0.047619	0.126984	0.000000	0.000000	0.000000	0.000000	0.000000	0.000000	0.000000	0.000000	0.000000	0.000000	0.000000	5.570076	0.429319
	indexed_palette_smalledge	png-8/g8_c5ee6491e3e2c49a.png	palette/palette_034_p148_200x100.png	small	200	200	100	288.945862	0.015389	0.003908	0.000375	0.000277	0.940000	0.940000	1.263483	0.098726	1.707123	45.000000	0.002250	0.000460	0.000520	0.000000	0.001780	0.001490	0.000000	0.241180	0.135319	7.086667	0.013333	0.940000	0.000000	0.000000	0.000000	8.000000	1.000000	0.995450	0.346542	1.107214	0.000000	0.000000	0.003333	0.000885	74.408165	0.940000	0.015238	0.000000	0.000000	20000.000000	9.903487	100.000000	200.000000	60000.000000	0.500000	0.693147	0.040000	0.433600	3.000000	0.000000	0.000000	0.903094	3.593603	5.590433	0.000000	0.000000	0.000000	0.015799	0.000000	0.000000	0.000000	0.000000	0.000000	0.000000	0.000000	123.000000	255.000000	0.000000	0.000000	0.000000	0.000000	0.000000	0.000000	0.000000	0.000000	0.000000	0.000000	0.000000	0.000000	0.000000	0.000000	0.000000	0.000000	0.000000	0.000000	0.000000	90.200317	0.054375
	indexed_palette_smalledge	png-8/g8_d73291556b07c212.png	palette/palette_023_p35_200x100.png	small	200	200	100	2642.080322	0.106575	0.167151	0.012723	0.007019	0.006667	0.003333	60.879238	0.451026	1.076384	30.000000	0.001500	0.042240	0.021880	3.000000	0.098390	0.043250	10.000000	0.238568	2.429355	31.593334	13.573334	0.476667	0.000000	0.000000	0.000000	8.000000	1.000000	0.754950	3.901444	0.763907	0.368802	0.000000	0.116667	0.135156	53.865250	0.523333	0.122381	0.021799	0.000000	20000.000000	9.903487	100.000000	200.000000	60000.000000	0.500000	0.693147	0.040000	0.433600	3.000000	3.496514	4.725035	5.082614	5.258990	5.550061	0.396634	0.406768	1.000000	1.000000	0.000000	0.000000	0.502032	0.830745	11.000000	16.000000	47.000000	255.000000	255.000000	0.031746	0.047619	0.047619	0.222222	0.000000	0.000000	0.000000	0.047619	0.000000	0.000000	0.000000	3.137670	3.331376	3.371622	0.252514	0.324835	0.368802	0.031746	0.031746	12.634059	0.805074
	content_illustration	wikimedia-webshapes/Illustration/c5ec9ffd10faa0e2684612c142af6d6d839751f9.png	illustration-screen/illustration_056_256x96.png	small	256	256	96	5009.375977	0.253003	0.134801	0.011870	0.013561	0.255208	0.205729	55.254208	1.235190	0.795486	677.000000	0.027547	0.022890	0.016960	2.000000	0.235870	0.360020	15.000000	0.192082	3.320233	64.713539	25.549479	0.513021	0.000000	0.000000	0.000000	0.000000	0.000000	0.409180	3.823963	2.074799	0.000000	0.000000	0.236979	0.000000	54.128418	0.541667	0.180721	0.039931	0.000000	24576.000000	10.109526	96.000000	256.000000	73728.000000	0.375000	0.980829	0.000000	0.000000	3.000000	4.887687	5.248206	5.546401	5.660932	5.735316	0.263035	1.000000	1.000000	1.000000	0.000000	0.469141	0.750789	1.000000	3.000000	55.000000	160.000000	255.000000	255.000000	0.000000	0.047619	0.111111	0.317460	0.000000	0.000000	0.031746	0.063492	0.000000	0.000000	0.000000	0.000000	0.000000	0.000000	0.000000	0.000000	0.000000	0.000000	0.000000	2.122677	0.637375
	grayscale_nonpow2_small	png-8/wm_upload_wikimedia_org_3b6e37c886715ab1.png	grayscale/gray_033_137x137.png	small	137	137	137	441.777893	0.073529	0.000000	0.000000	0.000000	0.782007	0.771626	0.000000	0.344639	1.192535	30.000000	0.001598	0.000000	0.000000	0.000000	0.000000	0.000000	0.000000	0.583782	0.540056	10.487889	0.000000	0.726644	0.000000	0.000000	0.000000	8.000000	1.000000	1.000000	1.087034	1.905244	0.000000	0.000000	0.003460	0.000000	46.623726	0.747405	0.058604	0.000000	1.000000	18769.000000	9.839962	137.000000	137.000000	56307.000000	1.000000	0.000000	0.104800	0.363951	3.000000	0.000000	0.942010	4.768659	5.061659	5.326516	0.000000	0.000000	0.014726	1.000000	0.000000	0.000000	0.000000	0.000000	0.000000	0.000000	7.000000	255.000000	255.000000	0.000000	0.000000	0.000000	0.000000	0.000000	0.000000	0.000000	0.000000	0.000000	0.000000	0.000000	0.000000	0.000000	0.000000	0.000000	0.000000	0.000000	0.000000	0.000000	19.890879	0.156621
	hdr_widegamut	ultrahdr-conformance/awesome-gain-maps/cats/gm-Cat_Sergio_fooling_around.jpg	hdr/hdr_016_gm-Cat_Sergio_fooling_around.jpg	medium	600	600	360	4911.586426	0.199627	0.046003	0.001935	0.001540	0.212148	0.063407	17.358576	0.618390	1.193366	1485.000000	0.045319	0.000220	0.000230	0.000000	0.000910	0.001000	0.000000	0.255287	4.661572	17.107555	1.704889	0.032889	0.000000	0.000000	0.000000	0.000000	0.000000	0.231431	3.619610	1.022992	0.106188	0.000000	0.472889	0.194884	21.613611	0.085333	0.094603	0.003076	0.000000	216000.000000	12.283033	360.000000	600.000000	648000.000000	0.600000	0.510826	0.000000	0.080889	3.000000	3.858047	4.253413	4.626086	4.834363	5.112627	0.320727	0.576963	0.965917	1.000000	0.011258	0.034494	0.067020	0.112373	8.000000	22.000000	49.000000	153.000000	255.000000	0.000000	0.031746	0.079365	0.142857	0.000000	0.000000	0.000000	0.000000	0.000000	0.000000	0.000000	0.000000	1.690194	2.252702	0.000000	0.054607	0.106188	0.000000	0.000000	16.543062	0.794784
	grayscale_nonpow2_small	png-8/wm_upload_wikimedia_org_ec8afb8bb9798e44.png	grayscale/gray_004_73x73.png	small	73	73	73	7457.416992	0.221836	0.000000	0.000000	0.000000	0.320988	0.259259	0.000000	0.443476	0.527967	32.000000	0.006005	0.000000	0.000000	0.000000	0.000000	0.000000	0.000000	0.107215	2.582970	83.716049	0.000000	0.185185	0.000000	0.000000	0.000000	8.000000	1.000000	1.000000	3.782191	2.228425	0.000000	0.000000	0.283951	0.000000	49.670845	0.123457	0.167744	0.000000	1.000000	5329.000000	8.580919	73.000000	73.000000	15987.000000	1.000000	0.000000	0.200976	0.729405	3.000000														3.000000	49.000000	151.000000	255.000000	255.000000									0.000000	0.000000	0.000000									1.729400	0.611926
	grayscale_nonpow2_small	png-8/wm_upload_wikimedia_org_5432cfb716720949.png	grayscale/gray_032_91x91.png	small	91	91	91	1487.760498	0.205429	0.000000	0.000000	0.000000	0.396694	0.355372	0.000000	0.895193	0.703415	32.000000	0.003864	0.000000	0.000000	0.000000	0.000000	0.000000	0.000000	0.618012	1.253488	33.578514	0.000000	0.454545	0.000000	0.000000	0.000000	8.000000	1.000000	1.000000	3.125660	2.242647	0.000000	0.000000	0.000000	0.000000	53.460613	0.396694	0.151253	0.000000	1.000000	8281.000000	9.021719	91.000000	91.000000	24843.000000	1.000000	0.000000	0.112909	0.112909	3.000000	4.505975	5.030926	5.349994	5.353170	5.365139	0.000000	0.978404	1.000000	1.000000	0.000000	0.000000	0.000000	0.000000	0.000000	29.000000	161.000000	255.000000	255.000000	0.000000	0.000000	0.111111	0.285714	0.000000	0.000000	0.000000	0.000000	0.000000	0.000000	0.000000	0.000000	0.000000	0.000000	0.000000	0.000000	0.000000	0.000000	0.000000	2.502948	0.414556
	indexed_palette_smalledge	png-8/web_popsci_com_3818ff2f7f1c36c9.png	palette/palette_035_p256_200x100.png	small	200	200	100	3945.819580	0.125523	0.172797	0.002431	0.024921	0.400000	0.343333	99.654472	0.828360	0.685126	121.000000	0.006050	0.008810	0.008460	3.000000	0.867630	0.678820	45.000000	0.169433	1.497362	56.580002	54.279999	0.376667	0.000000	0.000000	0.000000	8.000000	1.000000	0.164800	3.062061	2.356652	0.000000	0.000000	0.183333	0.000000	58.500439	0.493333	0.155926	0.062328	0.000000	20000.000000	9.903487	100.000000	200.000000	60000.000000	0.500000	0.693147	0.040000	0.433600	3.000000	4.246622	5.257410	5.421196	5.437047	5.477689	0.000000	1.000000	1.000000	1.000000	0.000000	0.942327	1.000000	1.000000	0.000000	1.000000	151.000000	255.000000	255.000000	0.000000	0.000000	0.095238	0.317460	0.000000	0.000000	0.079365	0.111111	0.000000	0.000000	0.000000	0.000000	0.000000	0.000000	0.000000	0.000000	0.000000	0.000000	0.000000	4.237462	0.521074
	content_illustration	wikimedia-webshapes/Illustration/f18d6bce4fb0cafb660f84b1729e6aea05b7996e.png	illustration-screen/illustration_041_157x256.png	small	256	157	256	9865.477539	0.029311	0.002348	0.000166	0.000077	0.838816	0.815789	0.798559	0.370824	1.106294	61.000000	0.001862	0.000020	0.000020	0.000000	0.000030	0.000030	0.000000	0.100707	0.786345	20.513159	0.000000	0.953947	0.000000	0.000000	0.000000	8.000000	1.000000	1.000000	0.942243	1.956068	0.000000	0.000000	0.108553	0.000000	62.417019	0.930921	0.042633	0.000000	0.000000	40192.000000	10.601423	157.000000	256.000000	120576.000000	0.613281	0.488932	0.019108	0.019108	3.000000	0.000000	0.000000	5.258927	5.663888	5.826018	0.000000	0.000000	0.000000	1.000000	0.000000	0.000000	0.000000	0.017157	0.000000	0.000000	0.000000	255.000000	255.000000	0.000000	0.000000	0.000000	0.000000	0.000000	0.000000	0.000000	0.000000	0.000000	0.000000	0.000000	0.000000	0.000000	0.000000	0.000000	0.000000	0.000000	0.000000	0.000000	30.766668	0.163045
	alpha_nonpow2_portrait	png-24-32/wm_upload_wikimedia_org_a6cb2475bd920602.png	alpha/alpha_040_91x137.png	small	137	91	137	9103.059570	0.296487	0.210020	0.041979	0.016388	0.112299	0.085561	78.086525	0.815308	0.626370	888.000000	0.071228	0.116220	0.094190	4.000000	0.182840	0.186790	35.000000	0.160679	3.751971	90.438499	50.320854	0.101604	0.000000	0.000000	0.000000	0.000000	0.000000	0.452154	4.369887	1.545041	0.147191	0.000000	0.283422	0.099709	54.115112	0.112299	0.242764	0.078856	0.000000	12467.000000	9.430840	91.000000	137.000000	37401.000000	0.664234	0.409121	0.108847	0.232053	3.000000	4.965135	5.479000	5.591911	5.618880	5.674706	0.574711	1.000000	1.000000	1.000000	0.252707	0.777645	1.000000	1.000000	8.000000	54.000000	152.000000	255.000000	255.000000	0.000000	0.063492	0.285714	0.365079	0.000000	0.015873	0.095238	0.126984	0.000000	0.000000	0.000000	0.000000	0.000000	2.689254	0.000000	0.000000	0.147191	0.000000	0.000000	2.190082	0.739606
	indexed_palette_smalledge	png-8/wm_upload_wikimedia_org_3471bd3de9fc78ca.png	palette/palette_024_p256_200x100.png	small	200	200	100	1618.388672	0.257014	0.012440	0.000274	0.000642	0.210000	0.183333	4.702048	1.510297	0.731562	46.000000	0.002300	0.000340	0.000260	0.000000	0.012430	0.009710	2.000000	0.544835	1.503038	40.673332	0.600000	0.203333	0.000000	0.000000	0.000000	8.000000	1.000000	0.998300	3.849621	1.898834	0.000000	0.000000	0.056667	0.000052	48.733109	0.240000	0.196349	0.000741	0.000000	20000.000000	9.903487	100.000000	200.000000	60000.000000	0.500000	0.693147	0.040000	0.433600	3.000000	4.848521	5.033861	5.194625	5.244532	5.316251	0.415381	1.000000	1.000000	1.000000	0.000000	0.006720	0.010539	0.014542	0.000000	80.000000	164.000000	255.000000	255.000000	0.000000	0.095238	0.174603	0.301587	0.000000	0.000000	0.000000	0.000000	0.000000	0.000000	0.000000	0.000000	0.000000	0.000000	0.000000	0.000000	0.000000	0.000000	0.000000	1.231360	0.538641
	grayscale_nonpow2_small	png-8/google_i_sstatic_net_a4cfb5683a6c20d9.png	grayscale/gray_046_73x73.png	small	73	73	73	4478.409668	0.543210	0.000000	0.000000	0.000000	0.000000	0.000000	0.000000	0.278785	0.866899	32.000000	0.006005	0.000000	0.000000	0.000000	0.000000	0.000000	0.000000	0.167391	3.149072	51.543209	0.000000	0.074074	0.000000	0.000000	0.000000	8.000000	1.000000	1.000000	4.588938	0.477818	0.968637	0.000000	0.086420	0.000000	33.773254	0.074074	0.161474	0.000000	1.000000	5329.000000	8.580919	73.000000	73.000000	15987.000000	1.000000	0.000000	0.200976	0.729405	3.000000														35.000000	60.000000	85.000000	227.000000	255.000000									0.000000	2.000000	5.000000									7.096046	0.751866
	alpha_nonpow2_portrait	png-24-32/wm_upload_wikimedia_org_fc8ebaf92499e562.png	alpha/alpha_010_91x137.png	small	137	91	137	6775.496582	0.173121	0.316334	0.010546	0.024725	0.358289	0.267380	158.881592	0.469192	0.930890	117.000000	0.009385	0.032630	0.060010	4.000000	1.174810	2.160580	157.000000	0.210472	3.019662	36.737968	64.652405	0.272727	0.000000	0.000000	0.000000	8.000000	1.000000	0.406433	3.142097	2.093014	0.000000	0.000000	0.176471	0.000000	53.182579	0.304813	0.126475	0.064001	0.000000	12467.000000	9.430840	91.000000	137.000000	37401.000000	0.664234	0.409121	0.108847	0.232053	3.000000	4.127524	4.816817	5.323608	5.558988	5.682811	0.000000	0.729955	1.000000	1.000000	0.000000	0.018037	1.000000	1.000000	0.000000	13.000000	95.000000	255.000000	255.000000	0.000000	0.000000	0.095238	0.238095	0.000000	0.000000	0.000000	0.142857	0.000000	0.000000	0.000000	0.000000	0.000000	0.000000	0.000000	0.000000	0.000000	0.000000	0.000000	7.004832	0.548805
	grayscale_nonpow2_small	png-8/wm_upload_wikimedia_org_59624fe8a1f765b7.png	grayscale/gray_034_73x73.png	small	73	73	73	2348.916992	0.180363	0.000000	0.000000	0.000000	0.518519	0.469136	0.000000	0.746366	0.759388	32.000000	0.006005	0.000000	0.000000	0.000000	0.000000	0.000000	0.000000	0.362382	1.187067	51.530865	0.000000	0.370370	0.000000	0.000000	0.000000	8.000000	1.000000	1.000000	2.658409	2.422330	0.000000	0.000000	0.000000	0.000000	59.784607	0.382716	0.153243	0.000000	1.000000	5329.000000	8.580919	73.000000	73.000000	15987.000000	1.000000	0.000000	0.200976	0.729405	3.000000														0.000000	12.000000	162.000000	255.000000	255.000000									0.000000	0.000000	0.000000									2.636672	0.412415
	alpha_nonpow2_portrait	png-24-32/web_metmuseum_org_3dfb060e6e9403f4.png	alpha/alpha_041_91x137.png	small	137	91	137	33.237823	0.020997	0.130564	0.017382	0.002509	0.828877	0.775401	40.753895	0.010829	0.960210	44.000000	0.003529	0.279490	0.206610	36.000000	0.034170	0.038510	15.000000	0.474624	0.572677	0.983957	23.657755	0.775401	0.000000	0.000000	0.000000	8.000000	1.000000	0.899976	0.752603	1.406679	0.000000	0.000000	0.016043	0.000000	5.840512	0.780749	0.008828	0.031576	0.000000	12467.000000	9.430840	91.000000	137.000000	37401.000000	0.664234	0.409121	0.108847	0.232053	3.000000	0.000000	0.000000	3.518350	3.614152	3.703365	0.000000	0.000000	0.000000	0.369585	0.000000	0.000000	0.000000	1.000000	0.000000	0.000000	1.000000	50.000000	117.000000	0.000000	0.000000	0.000000	0.000000	0.000000	0.000000	0.000000	0.000000	0.000000	0.000000	0.000000	0.000000	0.000000	0.000000	0.000000	0.000000	0.000000	0.000000	0.000000	43.824017	0.149655
	grayscale_nonpow2_small	png-8/wm_upload_wikimedia_org_ba24a3b4821ca17e.png	grayscale/gray_005_73x73.png	small	73	73	73	4963.720215	0.167631	0.000000	0.000000	0.000000	0.456790	0.370370	0.000000	0.252629	0.730520	28.000000	0.005254	0.000000	0.000000	0.000000	0.000000	0.000000	0.000000	0.129111	1.901929	48.259258	0.000000	0.419753	0.000000	0.000000	0.000000	8.000000	1.000000	1.000000	2.931689	2.263389	0.000000	0.000000	0.160494	0.000000	50.223877	0.456790	0.141877	0.000000	1.000000	5329.000000	8.580919	73.000000	73.000000	15987.000000	1.000000	0.000000	0.200976	0.729405	3.000000														0.000000	10.000000	92.000000	247.000000	255.000000									0.000000	0.000000	0.000000									6.733316	0.564980
	indexed_palette_smalledge	png-8/wm_upload_wikimedia_org_37c16a60098f7eff.png	palette/palette_025_p256_200x100.png	small	200	200	100	920.304810	0.053026	0.000000	0.000000	0.000000	0.790000	0.790000	0.000000	0.550962	1.288202	5.000000	0.000250	0.000000	0.000000	0.000000	0.000000	0.000000	0.000000	0.304464	0.242753	16.406666	0.000000	0.910000	0.000000	0.000000	0.000000	4.000000	1.000000	1.000000	1.040288	2.033111	0.000000	0.000000	0.026667	0.000000	56.074703	0.920000	0.050794	0.000000	1.000000	20000.000000	9.903487	100.000000	200.000000	60000.000000	0.500000	0.693147	0.040000	0.433600	3.000000	0.000000	0.000000	4.919956	5.505654	5.604677	0.000000	0.000000	0.000000	1.000000	0.000000	0.000000	0.000000	0.000000	0.000000	0.000000	0.000000	255.000000	255.000000	0.000000	0.000000	0.000000	0.000000	0.000000	0.000000	0.000000	0.000000	0.000000	0.000000	0.000000	0.000000	0.000000	0.000000	0.000000	0.000000	0.000000	0.000000	0.000000	15.970513	0.128920
	content_illustration	wikimedia-webshapes/Illustration/d2219ec2ff8c103ac409c11f7f2938d41800190a.jpg	illustration-screen/illustration_086_192x256.png	small	256	192	256	3365.983154	0.227020	0.059782	0.004789	0.003352	0.273438	0.000000	24.999001	0.483407	1.130358	677.000000	0.020660	0.001860	0.002250	0.000000	0.004800	0.007110	2.000000	0.261477	4.387381	21.460938	2.781250	0.002604	0.000000	0.000000	0.000000	0.000000	0.000000	0.101074	3.722231	0.916097	0.102497	0.019345	0.326823	0.570862	21.549549	0.005208	0.094391	0.005291	0.000000	49152.000000	10.802672	192.000000	256.000000	147456.000000	0.750000	0.287682	0.000000	0.000000	3.000000	3.881263	4.514102	4.788852	5.024579	5.328089	0.222573	0.542178	1.000000	1.000000	0.029449	0.058963	0.138058	0.235001	7.000000	24.000000	71.000000	193.000000	255.000000	0.000000	0.015873	0.079365	0.158730	0.000000	0.000000	0.000000	0.015873	0.000000	0.000000	0.000000	1.816966	2.122165	2.370027	0.051215	0.076025	0.102497	0.000000	0.000000	8.253157	0.751167
	indexed_palette_smalledge	png-8/web_behance_net_fa4f03718ab680e0.png	palette/palette_036_p256_200x100.png	small	200	200	100	1629.946899	0.326214	0.292832	0.057619	0.090086	0.120000	0.000000	121.476219	0.751372	1.174417	253.000000	0.012650	0.276540	0.213390	10.000000	4.668290	3.904360	160.000000	0.456629	3.574198	29.260000	154.666672	0.000000	0.000000	0.000000	0.000000	8.000000	1.000000	0.082300	4.003303	0.763193	0.179963	0.152452	0.053333	0.052083	35.598160	0.000000	0.141005	0.134550	0.000000	20000.000000	9.903487	100.000000	200.000000	60000.000000	0.500000	0.693147	0.040000	0.433600	3.000000	4.065832	4.474575	4.940961	5.194859	5.557765	0.368145	0.630506	1.000000	1.000000	0.436593	1.000000	1.000000	1.000000	18.000000	51.000000	108.000000	255.000000	255.000000	0.000000	0.047619	0.111111	0.206349	0.000000	0.047619	0.126984	0.206349	0.000000	0.000000	1.000000	1.938269	2.506822	2.931967	0.036542	0.081884	0.179963	0.000000	0.000000	4.925341	0.552667
	content_illustration	wikimedia-webshapes/Illustration/097ef96b8bc36a5adf04f5b8bf4c854a6b375bea.png	illustration-screen/illustration_042_256x143.png	small	256	256	143	571.668091	0.051326	0.025470	0.001262	0.000819	0.880515	0.753676	8.458923	0.303462	1.370442	282.000000	0.008606	0.002570	0.002840	2.000000	0.007920	0.008430	5.000000	0.297685	2.491454	11.159926	1.205882	0.003676	0.000000	0.000000	0.000000	0.000000	0.000000	0.985823	1.964370	1.146958	0.023546	0.000000	0.125000	0.000000	55.798824	0.038603	0.037786	0.003005	0.000000	36608.000000	10.508022	143.000000	256.000000	109824.000000	0.558594	0.582333	0.006993	0.118881	3.000000	1.588277	1.826784	3.921998	5.108848	5.573156	0.034279	0.045071	0.060994	0.666396	0.000000	0.000000	0.000000	0.000000	1.000000	2.000000	4.000000	211.000000	255.000000	0.000000	0.000000	0.000000	0.000000	0.000000	0.000000	0.000000	0.000000	0.000000	0.000000	0.000000	0.767851	1.004725	1.215835	0.010318	0.019202	0.023546	0.000000	0.000000	28.588640	0.739819
	content_illustration	wikimedia-webshapes/Illustration/52fa80a31f8e3cd672f08758d208c0e07c6615df.png	illustration-screen/illustration_033_181x255.png	small	255	181	255	0.000000	0.000000	0.000000	0.000000	0.000000	1.000000	1.000000	0.000000	0.000000	0.000000	1.000000	0.000031	0.000000	0.000000	0.000000	0.000000	0.000000	0.000000	0.000000	0.000000	0.000000	0.000000	1.000000	0.000000	0.000000	0.000000	2.000000	1.000000	1.000000	-0.000001	0.000000	0.000000	0.000000	0.000000	0.000000	0.000000	1.000000	0.000000	0.000000	1.000000	46155.000000	10.739760	181.000000	255.000000	138465.000000	0.709804	0.342767	0.020561	0.064933	3.000000	0.000000	0.000000	0.000000	0.000000	0.000000	0.000000	0.000000	0.000000	0.000000	0.000000	0.000000	0.000000	0.000000	0.000000	0.000000	0.000000	0.000000	0.000000	0.000000	0.000000	0.000000	0.000000	0.000000	0.000000	0.000000	0.000000	0.000000	0.000000	0.000000	0.000000	0.000000	0.000000	0.000000	0.000000	0.000000	0.000000	0.000000	0.000000	0.000000
	grayscale_nonpow2_small	png-8/wm_upload_wikimedia_org_de14ec693eeab5c1.png	grayscale/gray_047_73x73.png	small	73	73	73	1598.478760	0.405671	0.000000	0.000000	0.000000	0.049383	0.000000	0.000000	0.369657	0.507504	27.000000	0.005067	0.000000	0.000000	0.000000	0.000000	0.000000	0.000000	0.279788	3.184143	45.172840	0.000000	0.024691	0.000000	0.000000	0.000000	8.000000	1.000000	1.000000	4.444483	0.719695	0.401434	0.000000	0.160494	0.000000	31.740656	0.000000	0.169116	0.000000	1.000000	5329.000000	8.580919	73.000000	73.000000	15987.000000	1.000000	0.000000	0.200976	0.729405	3.000000														24.000000	70.000000	117.000000	245.000000	255.000000									0.000000	0.000000	0.000000									2.783692	0.738709
	alpha_nonpow2_portrait	png-24-32/wm_upload_wikimedia_org_af4f25fe99282759.png	alpha/alpha_011_91x137.png	small	137	91	137	5780.739746	0.158905	0.245479	0.011532	0.012075	0.550802	0.475936	98.881294	0.087002	0.980976	297.000000	0.023823	0.015640	0.030140	1.000000	0.108210	0.207710	9.000000	0.034404	2.210220	37.951870	25.796791	0.417112	0.000000	0.000000	0.000000	0.000000	0.000000	0.700489	2.452941	2.371984	0.000000	0.000000	0.379679	0.039916	31.497875	0.427807	0.083270	0.032765	0.000000	12467.000000	9.430840	91.000000	137.000000	37401.000000	0.664234	0.409121	0.108847	0.232053	3.000000	1.851258	5.080768	5.306868	5.462227	5.760191	0.000000	0.049700	1.000000	1.000000	0.000000	0.000000	0.945870	1.000000	0.000000	10.000000	42.000000	120.000000	255.000000	0.000000	0.000000	0.000000	0.174603	0.000000	0.000000	0.000000	0.079365	0.000000	0.000000	0.000000	0.000000	0.000000	0.000000	0.000000	0.000000	0.000000	0.000000	0.000000	14.287634	0.479376
	grayscale_nonpow2_small	png-8/wm_upload_wikimedia_org_899624e51aca08af.png	grayscale/gray_006_73x73.png	small	73	73	73	11861.795898	0.514660	0.000000	0.000000	0.000000	0.000000	0.000000	0.000000	1.405215	0.398862	32.000000	0.006005	0.000000	0.000000	0.000000	0.000000	0.000000	0.000000	0.084861	3.090722	194.259262	0.000000	0.049383	0.000000	0.000000	0.000000	8.000000	1.000000	1.000000	5.652669	0.129158	1.000000	0.000000	0.703704	0.000000	60.105846	0.049383	0.284930	0.000000	1.000000	5329.000000	8.580919	73.000000	73.000000	15987.000000	1.000000	0.000000	0.200976	0.729405	3.000000														88.000000	174.000000	216.000000	255.000000	255.000000									0.000000	2.000000	4.000000									-1.174416	0.915039
	content_illustration	wikimedia-webshapes/Illustration/e0339750522e7129f6419aa08588235be3ec3917.png	illustration-screen/illustration_057_256x194.png	small	256	256	194	6716.088379	0.489011	0.000000	0.000000	0.000000	0.167969	0.151042	0.000000	5.553456	0.576643	32.000000	0.000977	0.000000	0.000000	0.000000	0.000000	0.000000	0.000000	0.426036	3.035017	149.888016	0.000000	0.123698	0.000000	0.000000	0.000000	8.000000	1.000000	1.000000	4.549825	1.844881	0.007951	0.000000	0.041667	0.000000	56.839188	0.123698	0.372169	0.000000	1.000000	49664.000000	10.813036	194.000000	256.000000	148992.000000	0.757812	0.277319	0.030928	0.154639	3.000000	5.408150	5.519585	5.604681	5.652217	5.729015	1.000000	1.000000	1.000000	1.000000	0.000000	0.000000	0.000000	0.000000	42.000000	170.000000	255.000000	255.000000	255.000000	0.000000	0.285714	0.444444	0.523810	0.000000	0.000000	0.000000	0.000000	0.000000	0.000000	0.000000	0.000000	0.000000	0.467977	0.000000	0.000000	0.007951	0.000000	0.000000	-1.131193	0.608618
	alpha_nonpow2_portrait	png-24-32/web_nationalgeographic_com_e65eff9e177ff17b.png	alpha/alpha_042_91x137.png	small	137	91	137	7945.527832	0.108905	0.000000	0.000000	0.000000	0.673797	0.625668	0.000000	0.357260	0.864480	32.000000	0.002567	0.000000	0.000000	0.000000	0.000000	0.000000	0.000000	0.093275	1.193313	43.882355	0.000000	0.684492	0.000000	0.000000	0.000000	8.000000	1.000000	1.000000	1.850620	2.478280	0.000000	0.000000	0.144385	0.000000	72.885368	0.705882	0.083100	0.000000	1.000000	12467.000000	9.430840	91.000000	137.000000	37401.000000	0.664234	0.409121	0.108847	0.232053	3.000000	0.000000	5.027933	5.644737	5.801353	5.815981	0.000000	0.000000	1.000000	1.000000	0.000000	0.000000	0.000000	0.000000	0.000000	0.000000	46.000000	255.000000	255.000000	0.000000	0.000000	0.000000	0.111111	0.000000	0.000000	0.000000	0.000000	0.000000	0.000000	0.000000	0.000000	0.000000	0.000000	0.000000	0.000000	0.000000	0.000000	0.000000	12.116535	0.316755
	indexed_palette_smalledge	png-8/wm_upload_wikimedia_org_5978d26df327eaff.png	palette/palette_026_p3_200x100.png	small	200	200	100	12785.199219	0.280570	0.000000	0.000000	0.000000	0.253333	0.253333	0.000000	12.744462	0.482866	2.000000	0.000100	0.000000	0.000000	0.000000	0.000000	0.000000	0.000000	0.992260	0.835373	260.823334	0.000000	0.263333	0.000000	0.000000	0.000000	2.000000	1.000000	1.000000	4.218618	2.466711	0.000000	0.000000	0.013333	0.000000	41.892330	0.320000	0.460053	0.000000	1.000000	20000.000000	9.903487	100.000000	200.000000	60000.000000	0.500000	0.693147	0.040000	0.433600	3.000000	5.640378	5.806675	5.863713	5.878170	5.884584	0.000000	1.000000	1.000000	1.000000	0.000000	0.000000	0.000000	0.000000	0.000000	255.000000	255.000000	255.000000	255.000000	0.000000	0.000000	0.571429	0.698413	0.000000	0.000000	0.000000	0.000000	0.000000	0.000000	0.000000	0.000000	0.000000	0.000000	0.000000	0.000000	0.000000	0.000000	0.000000	-1.858527	0.372358
	content_illustration	wikimedia-webshapes/Illustration/6f437e27f5b66959e0bcf50158e11dd0e9cff2d1.png	illustration-screen/illustration_087_256x247.png	small	256	256	247	5822.660156	0.028464	0.478334	0.003612	0.006918	0.852083	0.827083	217.583435	0.107665	1.328221	152.000000	0.004639	0.007100	0.018180	3.000000	0.193370	0.294410	52.000000	0.076998	1.671353	9.952084	22.862499	0.832292	0.000000	0.000000	0.000000	8.000000	1.000000	0.257971	0.778046	1.732283	0.000000	0.000000	0.089583	0.002230	41.571480	0.821875	0.028125	0.019825	0.000000	63232.000000	11.054565	247.000000	256.000000	189696.000000	0.964844	0.035789	0.004049	0.036437	3.000000	0.000000	0.000000	4.655146	5.131827	5.521294	0.000000	0.000000	0.000000	1.000000	0.000000	0.000000	0.000000	1.000000	0.000000	0.000000	0.000000	117.000000	245.000000	0.000000	0.000000	0.000000	0.000000	0.000000	0.000000	0.000000	0.000000	0.000000	0.000000	0.000000	0.000000	0.000000	0.000000	0.000000	0.000000	0.000000	0.000000	0.000000	53.990639	0.146458
	grayscale_nonpow2_small	png-8/wm_upload_wikimedia_org_8a08d8477035f845.png	grayscale/gray_048_73x73.png	small	73	73	73	1010.564758	0.179205	0.000000	0.000000	0.000000	0.481481	0.469136	0.000000	0.201569	0.804617	26.000000	0.004879	0.000000	0.000000	0.000000	0.000000	0.000000	0.000000	0.224028	1.236275	26.901234	0.000000	0.407407	0.000000	0.000000	0.000000	8.000000	1.000000	1.000000	2.511357	2.288069	0.000000	0.000000	0.074074	0.000000	31.969891	0.493827	0.111895	0.000000	1.000000	5329.000000	8.580919	73.000000	73.000000	15987.000000	1.000000	0.000000	0.200976	0.729405	3.000000														0.000000	10.000000	76.000000	224.000000	255.000000									0.000000	0.000000	0.000000									8.678292	0.440675
	hdr_widegamut	ultrahdr-conformance/awesome-gain-maps/cats/gm-Cat_in_Kathmandu,_Nepal-070A3190.jpg	hdr/hdr_017_gm-Cat_in_Kathmandu,_Nepal-070A3190.jpg	medium	600	600	400	2540.679688	0.095071	0.043098	0.002154	0.001211	0.232000	0.008000	20.905867	0.197148	1.468206	976.000000	0.029785	0.000250	0.000260	0.000000	0.000770	0.000820	0.000000	0.115710	4.306421	12.686400	1.376800	0.001600	0.000000	0.000000	0.000000	0.000000	0.000000	0.029767	3.539360	0.671006	0.170395	0.000000	0.608800	0.000104	15.597644	0.019200	0.068190	0.002819	0.000000	240000.000000	12.388394	400.000000	600.000000	720000.000000	0.666667	0.405465	0.000000	0.053867	3.000000	3.525432	4.000466	4.406235	4.648446	5.112541	0.269439	0.423688	0.760620	1.000000	0.018854	0.040685	0.073230	0.118815	5.000000	12.000000	25.000000	83.000000	255.000000	0.000000	0.031746	0.047619	0.095238	0.000000	0.000000	0.000000	0.000000	0.000000	0.000000	0.000000	1.903090	2.462374	2.726409	0.070456	0.130056	0.170395	0.000000	0.000000	38.940620	0.879044
	content_illustration	wikimedia-webshapes/Illustration/cf5d985cbdcaf040390e9be22b1930b1b98bd5bb.png	illustration-screen/illustration_043_256x96.png	small	256	256	96	3949.808350	0.033024	0.279993	0.003352	0.007859	0.078125	0.072917	118.885574	0.096280	1.091569	60.000000	0.002441	0.006290	0.005180	0.000000	0.226570	0.186790	22.000000	0.065777	2.015248	17.380209	23.007812	0.221354	0.000000	0.000000	0.000000	8.000000	1.000000	0.818563	3.406551	1.112943	0.308412	0.000000	0.164062	0.005452	42.190338	0.221354	0.071057	0.017898	0.000000	24576.000000	10.109526	96.000000	256.000000	73728.000000	0.375000	0.980829	0.000000	0.000000	3.000000	3.439017	3.461010	5.199494	5.435491	5.487700	0.346702	0.398119	0.404975	1.000000	0.000000	0.000000	0.000000	1.000000	6.000000	12.000000	20.000000	134.000000	242.000000	0.015873	0.047619	0.047619	0.079365	0.000000	0.000000	0.000000	0.000000	0.000000	0.000000	0.000000	0.000000	0.000000	3.308084	0.000000	0.000000	0.308412	0.000000	0.000000	32.585842	0.784347
	indexed_palette_smalledge	png-8/g8_e3cc43e18d91dc67.png	palette/palette_037_p256_200x100.png	small	200	200	100	2341.636719	0.215191	0.112933	0.019837	0.012640	0.573333	0.570000	45.818802	0.786209	0.904439	218.000000	0.010900	0.065460	0.066480	6.000000	0.175500	0.171270	12.000000	0.246793	2.290047	43.040001	17.780001	0.570000	0.000000	0.000000	0.000000	8.000000	1.000000	0.071000	2.104230	2.461652	0.000000	0.000000	0.016667	0.108542	51.250954	0.570000	0.128201	0.030053	0.000000	20000.000000	9.903487	100.000000	200.000000	60000.000000	0.500000	0.693147	0.040000	0.433600	3.000000	0.000000	4.909253	5.380217	5.512737	5.615430	0.000000	0.000000	1.000000	1.000000	0.000000	0.000000	0.499040	0.971432	0.000000	28.000000	118.000000	255.000000	255.000000	0.000000	0.000000	0.000000	0.285714	0.000000	0.000000	0.000000	0.063492	0.000000	0.000000	0.000000	0.000000	0.000000	0.000000	0.000000	0.000000	0.000000	0.000000	0.000000	4.579657	0.301555
	content_illustration	wikimedia-webshapes/Illustration/ff39637dd0fdd1e027ebd493255d4bece2dcc2a8.jpg	illustration-screen/illustration_034_256x46.png	small	256	256	46	1010.935791	0.509118	0.143998	0.033682	0.032637	0.062500	0.000000	66.643875	0.322067	0.584317	1460.000000	0.123981	0.046820	0.042860	2.000000	0.339170	0.165530	11.000000	0.337208	3.766217	28.381250	26.918751	0.000000	0.000000	0.000000	0.000000	0.000000	0.000000	0.004501	4.282506	0.588494	0.542995	0.197534	0.075000	0.657715	16.099361	0.000000	0.181548	0.052083	0.000000	11776.000000	9.373818	46.000000	256.000000	35328.000000	0.179688	1.716536	0.043478	0.391304	3.000000	4.463496	4.616462	4.739804	4.794617	4.918940	0.765087	1.000000	1.000000	1.000000	0.341196	0.490811	0.654447	0.874049	29.000000	58.000000	91.000000	160.000000	255.000000	0.079365	0.111111	0.190476	0.238095	0.015873	0.031746	0.047619	0.063492	0.000000	1.000000	3.000000	1.913483	2.943981	3.825037	0.055342	0.218234	0.542995	0.000000	0.015873	2.347557	0.716172
	grayscale_nonpow2_small	png-8/wm_upload_wikimedia_org_d61ce434f39d09be.png	grayscale/gray_007_47x47.png	tiny	47	47	47	11690.576172	0.559239	0.000000	0.000000	0.000000	0.000000	0.000000	0.000000	1.024206	0.388501	32.000000	0.014486	0.000000	0.000000	0.000000	0.000000	0.000000	0.000000	0.127334	3.102759	236.160004	0.000000	0.000000	0.000000	0.000000	0.000000	8.000000	1.000000	1.000000	5.643070	0.153035	1.000000	0.000000	0.600000	0.000000	64.266167	0.000000	0.400000	0.000000	1.000000	2209.000000	7.700295	47.000000	47.000000	6627.000000	1.000000	0.000000	0.043006	0.854233	3.000000														79.000000	162.000000	246.000000	255.000000	255.000000									0.000000	1.000000	3.000000									-1.153468	0.865892
	alpha_nonpow2_portrait	png-24-32/wm_upload_wikimedia_org_233b0f7ca05a8696.png	alpha/alpha_012_91x137.png	small	137	91	137	0.000000	0.000000	0.000000	0.000000	0.000000	1.000000	1.000000	0.000000	0.000000	0.000000	1.000000	0.000080	0.000000	0.000000	0.000000	0.000000	0.000000	0.000000	0.000000	0.000000	0.000000	0.000000	1.000000	0.000000	0.000000	0.000000	2.000000	1.000000	1.000000	-0.000001	0.000000	0.000000	0.000000	0.000000	0.000000	0.000000	1.000000	0.000000	0.000000	1.000000	12467.000000	9.430840	91.000000	137.000000	37401.000000	0.664234	0.409121	0.108847	0.232053	3.000000	0.000000	0.000000	0.000000	0.000000	0.000000	0.000000	0.000000	0.000000	0.000000	0.000000	0.000000	0.000000	0.000000	0.000000	0.000000	0.000000	0.000000	0.000000	0.000000	0.000000	0.000000	0.000000	0.000000	0.000000	0.000000	0.000000	0.000000	0.000000	0.000000	0.000000	0.000000	0.000000	0.000000	0.000000	0.000000	0.000000	0.000000	0.000000	0.000000
	indexed_palette_smalledge	png-8/wm_upload_wikimedia_org_bef23be9827e2fac.png	palette/palette_027_p2_200x100.png	small	200	200	100	15791.611328	0.293185	0.000000	0.000000	0.000000	0.106667	0.106667	0.000000	11.472218	0.400834	2.000000	0.000100	0.000000	0.000000	0.000000	0.000000	0.000000	0.000000	0.612257	0.973130	340.059998	0.000000	0.120000	0.000000	0.000000	0.000000	2.000000	1.000000	1.000000	5.097341	1.776470	0.000000	0.000000	0.013333	0.000000	40.980633	0.213333	0.536667	0.000000	1.000000	20000.000000	9.903487	100.000000	200.000000	60000.000000	0.500000	0.693147	0.040000	0.433600	3.000000	5.777256	5.849221	5.881175	5.884584	5.885009	1.000000	1.000000	1.000000	1.000000	0.000000	0.000000	0.000000	0.000000	0.000000	255.000000	255.000000	255.000000	255.000000	0.000000	0.492063	0.603175	0.666667	0.000000	0.000000	0.000000	0.000000	0.000000	0.000000	0.000000	0.000000	0.000000	0.000000	0.000000	0.000000	0.000000	0.000000	0.000000	-1.968766	0.554693
	content_illustration	wikimedia-webshapes/Illustration/1dcad79cbb439234f6add23cb5000832d7a628f7.jpg	illustration-screen/illustration_029_256x170.png	small	256	256	170	4175.235840	0.511438	0.127566	0.031816	0.029412	0.017857	0.000000	48.892593	1.249598	0.759949	4676.000000	0.142700	0.058310	0.041170	5.000000	0.377570	0.234660	40.000000	0.207054	4.466449	64.790176	23.967262	0.000000	0.000000	0.000000	0.000000	0.000000	0.000000	0.060179	4.642343	0.650483	0.469613	0.098603	0.223214	0.219331	33.947075	0.000000	0.234859	0.044454	0.000000	43520.000000	10.680976	170.000000	256.000000	130560.000000	0.664062	0.409379	0.035294	0.129412	3.000000	4.826354	5.156188	5.332641	5.435398	5.536006	0.774493	1.000000	1.000000	1.000000	0.166656	0.316387	0.535172	0.921013	30.000000	70.000000	128.000000	255.000000	255.000000	0.079365	0.126984	0.222222	0.333333	0.000000	0.015873	0.031746	0.063492	0.000000	1.000000	4.000000	2.828408	3.516137	3.750586	0.156983	0.351533	0.469613	0.000000	0.047619	2.770177	0.755057
	content_illustration	wikimedia-webshapes/Illustration/8600cebfbfc6d7867b927a9a9b858dbdf6ad88dd.png	illustration-screen/illustration_058_256x18.png	small	256	256	18	190.461655	0.043137	0.023699	0.002908	0.001378	0.937500	0.875000	14.638871	0.028394	1.267464	78.000000	0.016927	0.006800	0.006420	1.000000	0.010640	0.009800	2.000000	0.349591	0.385405	4.312500	1.468750	0.875000	0.000000	0.000000	0.000000	8.000000	1.000000	0.015191	0.383172	1.182409	0.000000	0.000000	0.000000	0.007324	17.037497	0.875000	0.015625	0.003968	0.000000	4608.000000	8.435549	18.000000	256.000000	13824.000000	0.070312	2.654806	0.333333	0.777778	3.000000														0.000000	0.000000	0.000000	119.000000	218.000000									0.000000	0.000000	0.000000									38.428822	0.072794
	content_illustration	wikimedia-webshapes/Illustration/a9810b051491fa840faa468b67cc988aa6a747a5.png	illustration-screen/illustration_069_256x256.png	medium	256	256	256	9000.642578	0.055625	0.169885	0.004274	0.002999	0.680664	0.638672	66.106377	0.253832	1.259889	476.000000	0.014526	0.007530	0.006620	1.000000	0.019880	0.018980	8.000000	0.078877	2.608663	19.629883	8.875000	0.672852	0.000000	0.000000	0.000000	0.000000	0.000000	0.426926	1.576162	2.145145	0.000000	0.000000	0.189453	0.293213	48.972649	0.635742	0.053153	0.014540	0.000000	65536.000000	11.090355	256.000000	256.000000	196608.000000	1.000000	0.000000	0.000000	0.000000	3.000000	0.000000	3.845671	5.094914	5.416024	5.629797	0.000000	0.000000	0.657548	1.000000	0.000000	0.000000	0.115736	0.618034	0.000000	0.000000	13.000000	165.000000	255.000000	0.000000	0.000000	0.000000	0.079365	0.000000	0.000000	0.000000	0.000000	0.000000	0.000000	0.000000	0.000000	0.000000	0.000000	0.000000	0.000000	0.000000	0.000000	0.000000	28.169168	0.314519
	alpha_nonpow2_portrait	png-24-32/wm_upload_wikimedia_org_26fd18b71d5136b5.png	alpha/alpha_043_91x137.png	small	137	91	137	2931.983154	0.642892	0.291006	0.073247	0.033418	0.016043	0.016043	90.954590	1.205822	0.563098	1923.000000	0.154247	0.211560	0.317630	9.000000	0.294330	0.505020	157.000000	0.405408	4.307317	67.106949	79.909088	0.016043	0.000000	0.000000	0.000000	0.000000	0.000000	0.128900	4.703740	0.812470	0.339119	0.179056	0.064171	0.196509	38.880428	0.016043	0.265512	0.095493	0.000000	12467.000000	9.430840	91.000000	137.000000	37401.000000	0.664234	0.409121	0.108847	0.232053	3.000000	4.978906	5.181564	5.285817	5.318748	5.400351	1.000000	1.000000	1.000000	1.000000	0.467113	1.000000	1.000000	1.000000	45.000000	94.000000	160.000000	255.000000	255.000000	0.063492	0.174603	0.285714	0.349206	0.000000	0.047619	0.095238	0.142857	0.000000	0.000000	4.000000	0.000000	3.581535	3.742341	0.000000	0.267271	0.339119	0.000000	0.031746	1.074241	0.625283
	alpha_nonpow2_portrait	png-24-32/wm_upload_wikimedia_org_7e1a271b8b2dcedc.png	alpha/alpha_013_91x137.png	small	137	91	137	1592.307129	0.083415	0.097583	0.009349	0.007340	0.695187	0.636364	37.354286	0.496593	1.010667	96.000000	0.007700	0.067270	0.193920	36.000000	0.345280	1.155560	157.000000	0.543958	1.418826	19.438503	16.390375	0.636364	0.000000	0.000000	0.000000	8.000000	1.000000	0.803962	1.603565	2.190433	0.000000	0.000000	0.026738	0.000000	39.832439	0.636364	0.069094	0.022918	0.000000	12467.000000	9.430840	91.000000	137.000000	37401.000000	0.664234	0.409121	0.108847	0.232053	3.000000	0.000000	4.442621	4.948912	5.117157	5.292143	0.000000	0.000000	0.956275	1.000000	0.000000	0.000000	0.266225	0.689273	0.000000	0.000000	70.000000	255.000000	255.000000	0.000000	0.000000	0.000000	0.111111	0.000000	0.000000	0.000000	0.031746	0.000000	0.000000	0.000000	0.000000	0.000000	0.000000	0.000000	0.000000	0.000000	0.000000	0.000000	10.289481	0.236962
	indexed_palette_smalledge	png-8/wm_upload_wikimedia_org_94a340056c3a2cbd.png	palette/palette_038_p32_200x100.png	small	200	200	100	1453.926147	0.369975	0.100737	0.026798	0.018609	0.073333	0.043333	46.444920	2.367974	0.789451	32.000000	0.001600	0.123020	0.117820	4.000000	0.233070	0.216760	5.000000	1.197178	2.783131	47.580002	11.513333	0.043333	0.000000	0.000000	0.000000	8.000000	1.000000	0.023950	4.249969	1.127503	0.173617	0.057010	0.006667	0.000000	58.306999	0.046667	0.267672	0.021534	0.000000	20000.000000	9.903487	100.000000	200.000000	60000.000000	0.500000	0.693147	0.040000	0.433600	3.000000	4.519920	4.970973	5.226943	5.316952	5.427605	0.401735	0.910120	1.000000	1.000000	0.125671	0.197341	0.313597	0.420085	25.000000	91.000000	208.000000	255.000000	255.000000	0.000000	0.095238	0.253968	0.428571	0.000000	0.000000	0.015873	0.031746	0.000000	0.000000	0.000000	0.000000	1.934420	3.285332	0.000000	0.039734	0.173617	0.000000	0.000000	0.502777	0.370756
	content_illustration	wikimedia-webshapes/Illustration/d88e9ec57ef8856c35ffe37f81dae67b3475fc64.jpg	illustration-screen/illustration_035_256x256.png	medium	256	256	256	7314.022949	0.076171	0.088056	0.003151	0.002160	0.659180	0.616211	31.845093	0.430439	1.028755	197.000000	0.006012	0.005650	0.004870	0.000000	0.016710	0.016790	1.000000	0.047889	1.677852	30.910156	4.935547	0.807617	0.000000	0.000000	0.000000	8.000000	1.000000	0.819427	1.813196	2.343368	0.000000	0.000000	0.298828	0.165741	58.438133	0.795898	0.046658	0.005580	0.000000	65536.000000	11.090355	256.000000	256.000000	196608.000000	1.000000	0.000000	0.000000	0.000000	3.000000	0.000000	4.525718	5.602425	5.653707	5.771857	0.000000	0.000000	1.000000	1.000000	0.000000	0.000000	0.000000	0.573120	0.000000	1.000000	40.000000	193.000000	255.000000	0.000000	0.000000	0.000000	0.079365	0.000000	0.000000	0.000000	0.000000	0.000000	0.000000	0.000000	0.000000	0.000000	0.000000	0.000000	0.000000	0.000000	0.000000	0.000000	15.523839	0.353768
	indexed_palette_smalledge	png-8/g8_5279945db8d75db3.png	palette/palette_028_p57_200x100.png	small	200	200	100	5997.083008	0.116572	0.058874	0.001947	0.001036	0.503333	0.473333	20.182653	1.430158	0.692836	45.000000	0.002250	0.006350	0.039050	3.000000	0.025560	0.147630	14.000000	0.177501	0.935800	63.990002	8.796667	0.256667	0.000000	0.000000	0.000000	8.000000	1.000000	0.862750	3.121521	2.236183	0.006805	0.000000	0.120000	0.000885	77.697227	0.370000	0.107778	0.013386	0.000000	20000.000000	9.903487	100.000000	200.000000	60000.000000	0.500000	0.693147	0.040000	0.433600	3.000000	2.566861	5.442806	5.757107	5.773798	5.798584	0.011768	0.124734	1.000000	1.000000	0.000000	0.003310	0.368562	0.546883	0.000000	3.000000	224.000000	255.000000	255.000000	0.000000	0.000000	0.000000	0.111111	0.000000	0.000000	0.000000	0.031746	0.000000	0.000000	0.000000	0.000000	0.000000	0.693506	0.000000	0.000000	0.006805	0.000000	0.000000	2.521259	0.450183
	grayscale_nonpow2_small	png-8/wm_upload_wikimedia_org_0313748c44df23ed.png	grayscale/gray_008_91x91.png	small	91	91	91	368.335114	0.228914	0.000000	0.000000	0.000000	0.272727	0.256198	0.000000	0.124602	0.809271	27.000000	0.003260	0.000000	0.000000	0.000000	0.000000	0.000000	0.000000	0.370054	1.576777	13.950413	0.000000	0.256198	0.000000	0.000000	0.000000	8.000000	1.000000	1.000000	3.085739	1.798490	0.000000	0.000000	0.099174	0.000000	22.733730	0.314050	0.102191	0.000000	1.000000	8281.000000	9.021719	91.000000	91.000000	24843.000000	1.000000	0.000000	0.112909	0.112909	3.000000	3.995245	4.337698	4.486923	4.659676	4.798904	0.021343	0.592699	1.000000	1.000000	0.000000	0.000000	0.000000	0.000000	2.000000	26.000000	59.000000	121.000000	255.000000	0.000000	0.000000	0.095238	0.142857	0.000000	0.000000	0.000000	0.000000	0.000000	0.000000	0.000000	0.000000	0.000000	0.000000	0.000000	0.000000	0.000000	0.000000	0.000000	10.930688	0.537655
	content_illustration	wikimedia-webshapes/Illustration/cae79f6f63fd9cd34aedfd2295ea766eb6926877.jpg	illustration-screen/illustration_088_256x192.png	small	256	256	192	616.677795	0.167396	0.113080	0.007095	0.009640	0.475260	0.110677	38.032433	0.331036	0.954893	778.000000	0.023743	0.011500	0.020240	1.000000	0.185680	0.178050	23.000000	0.251323	2.797939	17.768229	15.289062	0.000000	0.000000	0.000000	0.000000	0.000000	0.000000	0.086711	3.200109	1.300313	0.034099	0.009139	0.240885	0.202840	23.370302	0.000000	0.078662	0.020089	0.000000	49152.000000	10.802672	192.000000	256.000000	147456.000000	0.750000	0.287682	0.000000	0.000000	3.000000	3.399501	4.465665	4.660163	4.880471	5.098726	0.061377	0.381301	1.000000	1.000000	0.018452	0.045361	0.524731	0.903387	3.000000	15.000000	51.000000	174.000000	255.000000	0.000000	0.000000	0.047619	0.126984	0.000000	0.000000	0.000000	0.031746	0.000000	0.000000	0.000000	1.018597	1.310427	1.510001	0.017697	0.025976	0.034099	0.000000	0.000000	14.311032	0.744101
	content_illustration	wikimedia-webshapes/Illustration/3366bbe45ef1351f60e8a5d0f9ee1ef644d2dea9.png	illustration-screen/illustration_070_256x76.png	small	256	256	76	597.363403	0.158824	0.022713	0.001494	0.001043	0.628472	0.243056	7.622543	0.405723	1.210007	203.000000	0.010434	0.003330	0.004700	2.000000	0.012090	0.016010	7.000000	0.566751	2.795717	15.968750	1.173611	0.000000	0.000000	0.000000	0.000000	8.000000	1.000000	0.983758	2.811768	1.321662	0.033702	0.000000	0.347222	0.000109	40.386234	0.000000	0.084436	0.002425	0.000000	19456.000000	9.875911	76.000000	256.000000	58368.000000	0.296875	1.214444	0.052632	0.263158	3.000000	2.133888	4.250162	4.681818	5.102053	5.422258	0.062125	0.091989	0.851364	1.000000	0.000000	0.000000	0.000000	0.000000	2.000000	8.000000	68.000000	254.000000	255.000000	0.000000	0.000000	0.000000	0.142857	0.000000	0.000000	0.000000	0.000000	0.000000	0.000000	0.000000	0.859401	1.224013	1.393576	0.014635	0.023615	0.033702	0.000000	0.000000	11.127750	0.743156
	indexed_palette_smalledge	png-8/web_nypost_com_136b51ca6e4514ef.png	palette/palette_039_p256_200x100.png	small	200	200	100	6660.733887	0.227806	0.362721	0.015457	0.013546	0.340000	0.280000	127.931839	1.180045	0.827159	167.000000	0.008350	0.093910	0.119070	4.000000	0.577850	0.471960	59.000000	0.210318	3.824971	67.639999	47.693333	0.230000	0.000000	0.000000	0.000000	8.000000	1.000000	0.372050	3.520217	2.175605	0.000000	0.000000	0.176667	0.086354	63.882820	0.273333	0.174392	0.046243	0.000000	20000.000000	9.903487	100.000000	200.000000	60000.000000	0.500000	0.693147	0.040000	0.433600	3.000000	4.770550	5.288790	5.439837	5.511822	5.631791	0.029826	1.000000	1.000000	1.000000	0.000000	0.026900	0.878839	1.000000	3.000000	45.000000	163.000000	255.000000	255.000000	0.000000	0.000000	0.126984	0.333333	0.000000	0.000000	0.000000	0.095238	0.000000	0.000000	0.000000	0.000000	0.000000	0.000000	0.000000	0.000000	0.000000	0.000000	0.000000	2.048817	0.612394
	content_illustration	wikimedia-webshapes/Illustration/49835d929ae87a2de5da912accb558bbec12d0bc.png	illustration-screen/illustration_030_255x235.png	small	255	255	235	4108.177246	0.207728	0.214233	0.010806	0.015112	0.493882	0.427141	113.860138	0.059831	1.067927	780.000000	0.023804	0.004640	0.002850	0.000000	0.057100	0.035680	3.000000	0.009991	2.885664	30.443827	26.575083	0.510567	0.000000	0.000000	0.000000	0.000000	0.000000	0.220042	2.650997	2.229846	0.000000	0.000000	0.488320	0.059787	17.087900	0.552836	0.059043	0.027544	0.000000	59925.000000	11.000849	235.000000	255.000000	179775.000000	0.921569	0.081678	0.025282	0.093634	3.000000	3.049606	4.916348	5.125003	5.237134	5.714185	0.000000	0.270000	1.000000	1.000000	0.000000	0.054038	1.000000	1.000000	0.000000	10.000000	25.000000	62.000000	116.000000	0.000000	0.000000	0.031746	0.111111	0.000000	0.000000	0.000000	0.047619	0.000000	0.000000	0.000000	0.000000	0.000000	0.000000	0.000000	0.000000	0.000000	0.000000	0.000000	7.674889	0.584505
	content_illustration	wikimedia-webshapes/Illustration/6d5851b1232816771565a32252f564ecb89bd93e.png	illustration-screen/illustration_036_160x160.png	small	160	160	160	9183.042969	0.045449	0.275781	0.013291	0.006730	0.502500	0.477500	114.573761	0.263078	0.894927	8.000000	0.000312	0.117930	0.120260	4.000000	0.194300	0.199000	6.000000	0.096671	2.243349	25.434999	37.452499	0.782500	0.000000	0.000000	0.000000	4.000000	1.000000	0.281250	2.206997	2.227551	0.000000	0.000000	0.270000	0.437500	63.522491	0.972500	0.049286	0.038571	0.000000	25600.000000	10.150348	160.000000	160.000000	76800.000000	1.000000	0.000000	0.000000	0.000000	3.000000	2.989450	4.482531	5.413817	5.447976	5.530124	0.000000	0.237613	1.000000	1.000000	0.000000	0.329172	1.000000	1.000000	0.000000	0.000000	17.000000	171.000000	255.000000	0.000000	0.000000	0.015873	0.079365	0.000000	0.000000	0.015873	0.063492	0.000000	0.000000	0.000000	0.000000	0.000000	0.000000	0.000000	0.000000	0.000000	0.000000	0.000000	13.543337	0.475288
	alpha_nonpow2_portrait	png-24-32/wm_upload_wikimedia_org_a85261050af155ec.png	alpha/alpha_044_91x137.png	small	137	91	137	4524.609375	0.550082	0.157888	0.011538	0.021686	0.048128	0.042781	66.640282	0.908106	0.596095	1163.000000	0.093286	0.019620	0.020840	32.000000	0.207390	0.193370	39.000000	0.403312	4.439610	59.454544	25.652407	0.042781	0.000000	0.000000	0.000000	0.000000	0.000000	0.108527	4.512272	1.095762	0.333573	0.036841	0.064171	0.076196	38.024456	0.053476	0.265003	0.044733	0.000000	12467.000000	9.430840	91.000000	137.000000	37401.000000	0.664234	0.409121	0.108847	0.232053	3.000000	4.712518	5.110957	5.344027	5.369554	5.389809	1.000000	1.000000	1.000000	1.000000	0.076706	0.136749	1.000000	1.000000	36.000000	79.000000	141.000000	255.000000	255.000000	0.047619	0.190476	0.269841	0.349206	0.000000	0.000000	0.015873	0.095238	0.000000	0.000000	1.000000	0.000000	3.088491	3.614311	0.000000	0.159667	0.333573	0.000000	0.000000	2.267256	0.644647
	alpha_nonpow2_portrait	png-24-32/wm_upload_wikimedia_org_1646ca4e5bb4a26e.png	alpha/alpha_014_91x137.png	small	137	91	137	25.028345	0.018873	0.017417	0.002199	0.001393	0.850267	0.336898	5.654487	0.036705	1.669291	60.000000	0.004813	0.014040	0.010420	18.000000	0.038790	0.025970	37.000000	2.010667	0.229373	0.454545	0.609626	0.331551	0.000000	0.000000	0.000000	8.000000	1.000000	0.976418	1.862723	1.316313	0.000000	0.000000	0.021390	0.000000	39.404686	0.417112	0.007809	0.000934	0.000000	12467.000000	9.430840	91.000000	137.000000	37401.000000	0.664234	0.409121	0.108847	0.232053	3.000000	2.394452	2.878198	3.222911	3.440867	4.371679	0.000000	0.087755	0.140756	0.214101	0.000000	0.010771	0.024304	0.049182	0.000000	1.000000	9.000000	61.000000	255.000000	0.000000	0.000000	0.000000	0.000000	0.000000	0.000000	0.000000	0.000000	0.000000	0.000000	0.000000	0.000000	0.000000	0.000000	0.000000	0.000000	0.000000	0.000000	0.000000	124.442734	0.348044
	indexed_palette_smalledge	png-8/wm_upload_wikimedia_org_cd16e434de3ba973.png	palette/palette_029_p47_200x100.png	small	200	200	100	1576.030640	0.225398	0.015609	0.000136	0.000318	0.256667	0.213333	5.869167	1.765139	0.783885	41.000000	0.002050	0.000310	0.000490	0.000000	0.011260	0.017770	30.000000	0.768320	1.286609	44.696667	0.936667	0.270000	0.000000	0.000000	0.000000	8.000000	1.000000	0.998050	3.654207	2.021162	0.000000	0.000000	0.036667	0.000000	54.474415	0.300000	0.241587	0.002169	0.000000	20000.000000	9.903487	100.000000	200.000000	60000.000000	0.500000	0.693147	0.040000	0.433600	3.000000	4.729582	5.044672	5.177678	5.287343	5.496263	0.096232	1.000000	1.000000	1.000000	0.000000	0.000000	0.000000	0.010801	0.000000	60.000000	177.000000	255.000000	255.000000	0.000000	0.000000	0.269841	0.396825	0.000000	0.000000	0.000000	0.000000	0.000000	0.000000	0.000000	0.000000	0.000000	0.000000	0.000000	0.000000	0.000000	0.000000	0.000000	1.512156	0.441578
	content_illustration	wikimedia-webshapes/Illustration/e47bc8c195b08c70a603b2a92ca94712ef2f1cf0.png	illustration-screen/illustration_044_256x256.png	medium	256	256	256	5463.020996	0.218085	0.147622	0.009001	0.014377	0.358398	0.249023	63.988590	0.641136	0.719944	487.000000	0.014862	0.004810	0.004130	0.000000	0.101620	0.081990	7.000000	0.088279	2.373067	52.096680	23.494141	0.244141	0.000000	0.000000	0.000000	0.000000	0.000000	0.600876	3.428836	2.125838	0.000000	0.000000	0.402344	0.080872	38.418457	0.226562	0.135556	0.029498	0.000000	65536.000000	11.090355	256.000000	256.000000	196608.000000	1.000000	0.000000	0.000000	0.000000	3.000000	4.608618	5.200147	5.470269	5.520009	5.555277	0.021791	1.000000	1.000000	1.000000	0.011258	0.102158	1.000000	1.000000	3.000000	32.000000	85.000000	188.000000	255.000000	0.000000	0.000000	0.142857	0.238095	0.000000	0.000000	0.000000	0.063492	0.000000	0.000000	0.000000	0.000000	0.000000	0.000000	0.000000	0.000000	0.000000	0.000000	0.000000	4.863533	0.617906
	content_illustration	wikimedia-webshapes/Illustration/8e1de167e4bb8ad0653e012cc6562b4b751d4c48.png	illustration-screen/illustration_059_231x256.png	small	256	231	256	6716.913086	0.152822	0.380324	0.038240	0.011860	0.561384	0.270089	139.786407	0.339498	0.773397	2585.000000	0.078888	0.056320	0.046350	5.000000	0.027100	0.031340	3.000000	0.101307	3.078347	28.637278	50.622768	0.285714	0.000000	0.000000	0.000000	0.000000	0.000000	0.243422	2.566831	2.123421	0.000000	0.000000	0.216518	0.041768	28.406527	0.295759	0.083865	0.047513	0.000000	59136.000000	10.987596	231.000000	256.000000	177408.000000	0.902344	0.102760	0.004329	0.108225	3.000000	2.123647	4.956101	5.195941	5.270991	5.307351	0.000000	0.058427	1.000000	1.000000	0.000000	0.194495	1.000000	1.000000	0.000000	13.000000	63.000000	149.000000	255.000000	0.000000	0.000000	0.000000	0.174603	0.000000	0.000000	0.015873	0.095238	0.000000	0.000000	0.000000	0.000000	0.000000	0.000000	0.000000	0.000000	0.000000	0.000000	0.000000	8.010709	0.502139
	indexed_palette_smalledge	png-8/wm_upload_wikimedia_org_f23965d3a333f41a.png	palette/palette_030_p243_200x100.png	small	200	200	100	2827.857666	0.171796	0.120099	0.007001	0.012234	0.406667	0.386667	48.039780	3.738536	0.700089	229.000000	0.011450	0.006500	0.004780	0.000000	0.102310	0.044630	11.000000	1.183216	1.357342	72.033333	20.956667	0.393333	0.000000	0.000000	0.000000	8.000000	1.000000	0.832300	3.076100	2.484184	0.000000	0.000000	0.010000	0.018229	88.751160	0.400000	0.284497	0.025344	0.000000	20000.000000	9.903487	100.000000	200.000000	60000.000000	0.500000	0.693147	0.040000	0.433600	3.000000	4.815038	5.221894	5.405638	5.479908	5.570106	0.000000	1.000000	1.000000	1.000000	0.000000	0.019518	0.321550	1.000000	0.000000	22.000000	236.000000	255.000000	255.000000	0.000000	0.000000	0.333333	0.523810	0.000000	0.000000	0.000000	0.047619	0.000000	0.000000	0.000000	0.000000	0.000000	0.000000	0.000000	0.000000	0.000000	0.000000	0.000000	1.455796	0.285056
	hdr_widegamut	ultrahdr-conformance/awesome-gain-maps/cats/gm-Cat_liquid.jpg	hdr/hdr_018_gm-Cat_liquid.jpg	medium	600	600	450	1308.639038	0.114376	0.140728	0.004055	0.002615	0.254762	0.036429	64.031219	0.280732	1.486515	2191.000000	0.066864	0.000460	0.000510	0.000000	0.001520	0.001740	0.000000	0.235548	3.852100	9.306666	3.985714	0.007619	0.000000	0.000000	0.000000	0.000000	0.000000	0.019548	3.350307	0.801295	0.094569	0.017843	0.340000	0.810301	14.356916	0.025714	0.063613	0.007286	0.000000	270000.000000	12.506177	450.000000	600.000000	810000.000000	0.750000	0.287682	0.013333	0.080889	3.000000	3.487563	3.811772	4.170071	4.459056	4.948302	0.226930	0.356213	0.540678	0.899867	0.037621	0.066243	0.113564	0.193573	7.000000	18.000000	35.000000	85.000000	255.000000	0.000000	0.015873	0.047619	0.095238	0.000000	0.000000	0.000000	0.015873	0.000000	0.000000	0.000000	0.586517	1.791953	2.177355	0.010873	0.060841	0.094569	0.000000	0.000000	19.855345	0.753579
	indexed_palette_smalledge	png-8/wm_upload_wikimedia_org_86ae4545dcaad4c1.png	palette/palette_040_p256_200x100.png	small	200	200	100	1623.785645	0.257381	0.015664	0.000303	0.000710	0.210000	0.183333	5.921024	1.515629	0.732597	46.000000	0.002300	0.000320	0.000510	0.000000	0.011680	0.018410	30.000000	0.545804	1.506594	40.930000	0.756667	0.180000	0.000000	0.000000	0.000000	8.000000	1.000000	0.998150	3.880584	1.849607	0.000000	0.000000	0.056667	0.000052	48.760754	0.190000	0.196349	0.001640	0.000000	20000.000000	9.903487	100.000000	200.000000	60000.000000	0.500000	0.693147	0.040000	0.433600	3.000000	4.848521	5.034880	5.200003	5.247388	5.316251	0.415381	1.000000	1.000000	1.000000	0.000000	0.006551	0.010476	0.014570	1.000000	80.000000	164.000000	255.000000	255.000000	0.000000	0.095238	0.174603	0.301587	0.000000	0.000000	0.000000	0.000000	0.000000	0.000000	0.000000	0.000000	0.000000	0.000000	0.000000	0.000000	0.000000	0.000000	0.000000	1.217328	0.554151
	grayscale_nonpow2_small	png-8/wm_upload_wikimedia_org_c6f84f9c461bdfab.png	grayscale/gray_009_137x137.png	small	137	137	137	4119.589844	0.483834	0.000000	0.000000	0.000000	0.044983	0.020761	0.000000	0.805163	0.711383	30.000000	0.001598	0.000000	0.000000	0.000000	0.000000	0.000000	0.000000	0.226482	4.095162	65.186852	0.000000	0.000000	0.000000	0.000000	0.000000	8.000000	1.000000	1.000000	4.685875	0.730084	0.663748	0.000000	0.152249	0.000000	31.892611	0.000000	0.262646	0.000000	1.000000	18769.000000	9.839962	137.000000	137.000000	56307.000000	1.000000	0.000000	0.104800	0.363951	3.000000	4.873297	5.133858	5.261919	5.318354	5.430124	1.000000	1.000000	1.000000	1.000000	0.000000	0.000000	0.000000	0.000000	27.000000	75.000000	135.000000	245.000000	255.000000	0.095238	0.206349	0.285714	0.333333	0.000000	0.000000	0.000000	0.000000	0.000000	0.000000	1.000000	1.359065	3.155317	4.081216	0.032951	0.241823	0.663748	0.000000	0.015873	1.749497	0.758129
	content_illustration	wikimedia-webshapes/Illustration/70545fa17fd3408af81dd5427ec279eab06b269c.jpg	illustration-screen/illustration_089_256x55.png	small	256	256	55	1184.325806	0.469771	0.144041	0.034039	0.031087	0.161458	0.000000	68.337601	0.339123	0.674888	1413.000000	0.100355	0.047480	0.033810	1.000000	0.310080	0.132120	12.000000	0.336220	3.817255	26.723959	25.296875	0.010417	0.000000	0.000000	0.000000	0.000000	0.000000	0.009020	4.093236	0.888444	0.088148	0.096237	0.098958	0.642415	17.590412	0.000000	0.164931	0.049686	0.000000	14080.000000	9.552510	55.000000	256.000000	42240.000000	0.214844	1.537844	0.018182	0.163636	3.000000	4.453279	4.631004	4.769914	4.821592	4.998185	0.730934	1.000000	1.000000	1.000000	0.250236	0.452778	0.643429	0.872210	24.000000	56.000000	89.000000	165.000000	255.000000	0.000000	0.095238	0.174603	0.238095	0.000000	0.031746	0.047619	0.079365	0.000000	0.000000	2.000000	1.802346	2.033361	2.249771	0.042179	0.063202	0.088148	0.000000	0.000000	2.761445	0.707392
	content_illustration	wikimedia-webshapes/Illustration/6f066c7c9b9ad1923b33340768fe9147c2699e3d.png	illustration-screen/illustration_071_256x108.png	small	256	256	108	4372.370117	0.345890	0.062378	0.010274	0.006063	0.237981	0.194712	21.215164	0.702416	1.011131	1137.000000	0.041124	0.014620	0.021820	3.000000	0.038190	0.044770	10.000000	0.214527	3.238320	46.444710	8.956731	0.230769	0.000000	0.000000	0.000000	0.000000	0.000000	0.675926	3.675184	1.846675	0.000000	0.000000	0.137019	0.003493	33.265118	0.228365	0.163576	0.016980	0.000000	27648.000000	10.227308	108.000000	256.000000	82944.000000	0.421875	0.863046	0.037037	0.185185	3.000000	4.595170	4.805401	5.172377	5.341609	5.570641	0.253630	1.000000	1.000000	1.000000	0.022225	0.073412	0.385921	0.506332	9.000000	51.000000	106.000000	242.000000	255.000000	0.000000	0.047619	0.174603	0.253968	0.000000	0.000000	0.000000	0.031746	0.000000	0.000000	0.000000	0.000000	0.000000	0.000000	0.000000	0.000000	0.000000	0.000000	0.000000	4.195541	0.654460
	alpha_nonpow2_portrait	png-24-32/web_nytimes_com_0b5d8d61200d33d4.png	alpha/alpha_045_91x137.png	small	137	91	137	3254.179932	0.135948	0.183510	0.009249	0.004772	0.454545	0.406417	61.635735	0.248195	0.998407	177.000000	0.014197	0.021490	0.027380	3.000000	0.038350	0.049060	6.000000	0.115472	3.106567	40.545456	17.614973	0.540107	0.000000	0.000000	0.000000	8.000000	1.000000	0.432422	2.698411	2.316233	0.000000	0.000000	0.299465	0.000000	44.397217	0.529412	0.106867	0.022579	0.000000	12467.000000	9.430840	91.000000	137.000000	37401.000000	0.664234	0.409121	0.108847	0.232053	3.000000	3.607348	4.890062	5.210894	5.596817	5.695391	0.000000	0.485667	1.000000	1.000000	0.000000	0.009310	0.539187	1.000000	0.000000	11.000000	68.000000	208.000000	255.000000	0.000000	0.000000	0.063492	0.190476	0.000000	0.000000	0.000000	0.047619	0.000000	0.000000	0.000000	0.000000	0.000000	0.000000	0.000000	0.000000	0.000000	0.000000	0.000000	11.079459	0.498927
	alpha_nonpow2_portrait	png-24-32/wm_upload_wikimedia_org_550d739a81ecddf9.png	alpha/alpha_015_91x137.png	small	137	91	137	5459.550293	0.678105	0.278528	0.101668	0.048711	0.000000	0.000000	112.623100	3.076916	0.635627	1176.000000	0.094329	0.722890	0.782410	39.000000	1.117000	1.201860	157.000000	0.640474	4.156496	124.336899	118.385025	0.000000	0.000000	0.000000	0.000000	0.000000	0.000000	0.235020	5.042148	0.375605	1.000000	0.449734	0.026738	0.205074	56.176136	0.000000	0.401070	0.147780	0.000000	12467.000000	9.430840	91.000000	137.000000	37401.000000	0.664234	0.409121	0.108847	0.232053	3.000000	5.032764	5.340152	5.497287	5.543977	5.637631	1.000000	1.000000	1.000000	1.000000	0.733570	1.000000	1.000000	1.000000	72.000000	144.000000	234.000000	255.000000	255.000000	0.238095	0.301587	0.396825	0.492063	0.063492	0.095238	0.142857	0.190476	0.000000	0.000000	0.000000	3.651805	4.474857	4.603661	0.368333	0.876237	1.000000	0.079365	0.206349	-0.648098	0.584974
	content_illustration	wikimedia-webshapes/Illustration/daed589d3d09fd355977cc6ecad3060d7e7f35f4.png	illustration-screen/illustration_060_256x49.png	small	256	256	49	0.000000	0.000000	0.000000	0.000000	0.000000	1.000000	1.000000	0.000000	0.000000	0.000000	1.000000	0.000080	0.000000	0.000000	0.000000	0.000000	0.000000	0.000000	0.000000	0.000000	0.000000	0.000000	1.000000	0.000000	0.000000	0.000000	2.000000	1.000000	1.000000	-0.000001	0.000000	0.000000	0.000000	0.000000	0.000000	0.000000	1.000000	0.000000	0.000000	1.000000	12544.000000	9.436997	49.000000	256.000000	37632.000000	0.191406	1.653357	0.142857	0.306122	3.000000	0.000000	0.000000	0.000000	0.000000	0.000000	0.000000	0.000000	0.000000	0.000000	0.000000	0.000000	0.000000	0.000000	0.000000	0.000000	0.000000	0.000000	0.000000	0.000000	0.000000	0.000000	0.000000	0.000000	0.000000	0.000000	0.000000	0.000000	0.000000	0.000000	0.000000	0.000000	0.000000	0.000000	0.000000	0.000000	0.000000	0.000000	0.000000	0.000000
	indexed_palette_smalledge	png-8/web_patreon_com_8f39714b1c0b6ceb.png	palette/palette_041_p25_200x100.png	small	200	200	100	739.446899	0.103277	0.153893	0.012466	0.018814	0.680000	0.000000	65.756348	0.233947	1.198224	25.000000	0.001250	0.038760	0.042060	1.000000	1.267940	1.193130	47.000000	0.396130	3.115976	10.826667	42.230000	0.000000	0.000000	0.000000	0.000000	8.000000	1.000000	0.000000	3.053859	0.944619	0.058505	0.020926	0.086667	0.640573	30.663679	0.006667	0.056349	0.040529	0.000000	20000.000000	9.903487	100.000000	200.000000	60000.000000	0.500000	0.693147	0.040000	0.433600	3.000000	2.599320	4.020226	4.620677	4.827246	5.175130	0.085496	0.116679	0.739991	1.000000	0.034210	0.051989	0.323892	1.000000	5.000000	16.000000	39.000000	195.000000	255.000000	0.000000	0.000000	0.015873	0.063492	0.000000	0.000000	0.000000	0.031746	0.000000	0.000000	0.000000	1.762374	2.096040	2.202378	0.034239	0.052896	0.058505	0.000000	0.000000	17.914455	0.550695
	grayscale_nonpow2_small	png-8/wm_upload_wikimedia_org_01fbadfac29bb54e.png	grayscale/gray_010_73x73.png	small	73	73	73	1865.201416	0.250772	0.000000	0.000000	0.000000	0.407407	0.407407	0.000000	0.621667	0.702087	29.000000	0.005442	0.000000	0.000000	0.000000	0.000000	0.000000	0.000000	0.433645	1.436908	43.283951	0.000000	0.456790	0.000000	0.000000	0.000000	8.000000	1.000000	1.000000	3.284610	2.127239	0.000000	0.000000	0.074074	0.000000	46.839222	0.518519	0.144817	0.000000	1.000000	5329.000000	8.580919	73.000000	73.000000	15987.000000	1.000000	0.000000	0.200976	0.729405	3.000000														2.000000	54.000000	159.000000	255.000000	255.000000									0.000000	0.000000	0.000000									1.964237	0.595893
	indexed_palette_smalledge	png-8/web_techcrunch_com_83f17bb606d7e785.png	palette/palette_031_p214_200x100.png	small	200	200	100	1274.989136	0.108825	0.259714	0.007094	0.002465	0.576667	0.570000	85.204353	1.339636	0.959077	51.000000	0.002550	0.098630	0.199680	26.000000	0.075960	0.145690	24.000000	0.810526	1.002703	36.373333	18.473333	0.653333	0.000000	0.000000	0.000000	8.000000	1.000000	0.854400	2.070217	2.412060	0.000000	0.000000	0.080000	0.000052	68.487488	0.703333	0.147249	0.015556	0.000000	20000.000000	9.903487	100.000000	200.000000	60000.000000	0.500000	0.693147	0.040000	0.433600	3.000000	0.000000	4.755719	5.207580	5.327734	5.463327	0.000000	0.000000	1.000000	1.000000	0.000000	0.000000	0.000000	1.000000	0.000000	0.000000	76.000000	255.000000	255.000000	0.000000	0.000000	0.000000	0.349206	0.000000	0.000000	0.000000	0.000000	0.000000	0.000000	0.000000	0.000000	0.000000	0.000000	0.000000	0.000000	0.000000	0.000000	0.000000	6.671572	0.247933
	content_illustration	wikimedia-webshapes/Illustration/f909689e12e4c10ecf4286cdd86ae8e17611f91c.png	illustration-screen/illustration_045_256x256.png	medium	256	256	256	1725.608032	0.000246	0.265331	0.003688	0.002806	0.818359	0.388672	101.754059	0.000581	1.344229	1305.000000	0.039825	0.000790	0.001210	0.000000	0.003150	0.004210	1.000000	0.011075	2.739561	2.315430	5.976562	0.408203	0.000000	0.000000	0.000000	0.000000	0.000000	0.441086	1.594944	1.362454	0.000000	0.000000	0.480469	0.033798	1.497916	0.567383	0.009735	0.010727	0.000000	65536.000000	11.090355	256.000000	256.000000	196608.000000	1.000000	0.000000	0.000000	0.000000	3.000000	1.826075	2.841985	3.331111	3.557920	3.875834	0.000000	0.060860	0.208581	0.372831	0.000000	0.067179	0.168388	0.273899	0.000000	0.000000	1.000000	6.000000	36.000000	0.000000	0.000000	0.000000	0.015873	0.000000	0.000000	0.000000	0.015873	0.000000	0.000000	0.000000	0.000000	0.000000	0.000000	0.000000	0.000000	0.000000	0.000000	0.000000	119.799866	0.576746
	alpha_nonpow2_portrait	png-24-32/wm_upload_wikimedia_org_c3b5f8309bc202ea.png	alpha/alpha_016_91x137.png	small	137	91	137	5413.324219	0.134641	0.512251	0.032527	0.018495	0.459893	0.090909	188.816452	0.202046	0.841911	317.000000	0.025427	0.269760	0.570700	55.000000	0.565760	0.521200	63.000000	0.084003	3.753272	32.668449	99.299469	0.106952	0.000000	0.000000	0.000000	0.000000	0.000000	0.188257	3.446021	1.606511	0.019787	0.018854	0.486631	0.010181	37.653870	0.187166	0.095068	0.084288	0.000000	12467.000000	9.430840	91.000000	137.000000	37401.000000	0.664234	0.409121	0.108847	0.232053	3.000000	3.936481	4.873825	5.282731	5.378803	5.453692	0.136221	0.516296	1.000000	1.000000	0.076985	0.774827	1.000000	1.000000	1.000000	8.000000	74.000000	152.000000	255.000000	0.000000	0.000000	0.063492	0.174603	0.000000	0.000000	0.063492	0.158730	0.000000	0.000000	0.000000	0.000000	0.000000	1.265702	0.000000	0.000000	0.019787	0.000000	0.000000	7.171178	0.747953
	content_illustration	wikimedia-webshapes/Illustration/2a5935c73e23a2be3612ab9d9f840694639d84e9.png	illustration-screen/illustration_072_226x256.png	small	256	226	256	9280.631836	0.095024	0.002591	0.000211	0.000145	0.584821	0.562500	0.992515	0.751655	0.744541	87.000000	0.002655	0.000010	0.000010	0.000000	0.000040	0.000030	0.000000	0.086781	1.536176	49.457588	0.000000	0.597098	0.000000	0.000000	0.000000	8.000000	1.000000	1.000000	2.284317	2.518776	0.000000	0.000000	0.223214	0.000000	59.786655	0.549107	0.111005	0.000000	0.000000	57856.000000	10.965713	226.000000	256.000000	173568.000000	0.882812	0.124642	0.026549	0.132743	3.000000	0.693509	5.283353	5.635999	5.676383	5.689883	0.000000	0.012838	1.000000	1.000000	0.000000	0.000000	0.018188	0.027938	0.000000	2.000000	52.000000	255.000000	255.000000	0.000000	0.000000	0.000000	0.253968	0.000000	0.000000	0.000000	0.000000	0.000000	0.000000	0.000000	0.000000	0.000000	0.000000	0.000000	0.000000	0.000000	0.000000	0.000000	9.585687	0.398670
	alpha_nonpow2_portrait	png-24-32/wm_upload_wikimedia_org_16ce85d66e1e04c4.png	alpha/alpha_046_91x137.png	small	137	91	137	5415.448242	0.242647	0.353510	0.077801	0.053322	0.385027	0.358289	130.974213	3.787378	0.711291	42.000000	0.003369	1.264370	1.760730	36.000000	3.586720	4.778690	207.000000	1.164571	1.826052	81.267380	129.278076	0.358289	0.000000	0.000000	0.000000	8.000000	1.000000	0.634154	3.190669	2.441651	0.000000	0.000000	0.000000	0.000000	69.933357	0.379679	0.272558	0.153807	0.000000	12467.000000	9.430840	91.000000	137.000000	37401.000000	0.664234	0.409121	0.108847	0.232053	3.000000	4.789950	5.167231	5.529553	5.594520	5.627020	0.000000	1.000000	1.000000	1.000000	0.000000	0.669326	1.000000	1.000000	0.000000	93.000000	255.000000	255.000000	255.000000	0.000000	0.000000	0.349206	0.476190	0.000000	0.000000	0.158730	0.269841	0.000000	0.000000	0.000000	0.000000	0.000000	0.000000	0.000000	0.000000	0.000000	0.000000	0.000000	-0.185795	0.293975
	content_illustration	wikimedia-webshapes/Illustration/1552dec90ebf4e04ae0655b04fb83ce3097f0b43.jpg	illustration-screen/illustration_090_256x256.png	medium	256	256	256	2239.057617	0.081077	0.376221	0.018480	0.008481	0.693359	0.643555	135.079819	0.195986	1.000999	407.000000	0.012421	0.076700	0.037860	10.000000	0.146440	0.076270	13.000000	0.050218	2.353223	16.151367	28.216797	0.718750	0.000000	0.000000	0.000000	0.000000	0.000000	0.109329	1.571360	2.140833	0.000000	0.000000	0.214844	0.001648	34.293587	0.737305	0.041264	0.030785	0.000000	65536.000000	11.090355	256.000000	256.000000	196608.000000	1.000000	0.000000	0.000000	0.000000	3.000000	0.000000	4.053710	5.158855	5.309999	5.423077	0.000000	0.000000	0.812642	1.000000	0.000000	0.000000	0.433369	1.000000	0.000000	0.000000	29.000000	130.000000	255.000000	0.000000	0.000000	0.000000	0.079365	0.000000	0.000000	0.000000	0.047619	0.000000	0.000000	0.000000	0.000000	0.000000	0.000000	0.000000	0.000000	0.000000	0.000000	0.000000	13.145880	0.325609
	indexed_palette_smalledge	png-8/wm_upload_wikimedia_org_dbfb3a73b9202bf1.png	palette/palette_042_p256_200x100.png	small	200	200	100	7413.998047	0.277743	0.195726	0.015561	0.014089	0.350000	0.230000	73.592903	1.870891	0.687441	185.000000	0.009250	0.061400	0.046500	3.000000	0.275450	0.236470	41.000000	0.340758	2.824677	82.839996	23.816668	0.296667	0.000000	0.000000	0.000000	8.000000	1.000000	0.629900	3.497380	2.220543	0.000000	0.000000	0.113333	0.017083	60.025551	0.306667	0.214656	0.030317	0.000000	20000.000000	9.903487	100.000000	200.000000	60000.000000	0.500000	0.693147	0.040000	0.433600	3.000000	4.891439	5.303607	5.529878	5.577784	5.624096	0.031551	1.000000	1.000000	1.000000	0.000000	0.107884	0.745969	1.000000	0.000000	69.000000	190.000000	255.000000	255.000000	0.000000	0.000000	0.126984	0.396825	0.000000	0.000000	0.000000	0.063492	0.000000	0.000000	0.000000	0.000000	0.000000	0.000000	0.000000	0.000000	0.000000	0.000000	0.000000	1.175793	0.500554
	content_illustration	wikimedia-webshapes/Illustration/ffd642426ce8a86504b3fe53935e041d8133477d.jpg	illustration-screen/illustration_037_192x256.png	small	256	192	256	4145.071777	0.525942	0.098366	0.021245	0.031164	0.067708	0.011719	42.444889	1.123026	0.891222	2155.000000	0.065765	0.030560	0.012080	2.000000	0.521590	0.053900	15.000000	0.353608	4.542242	38.743488	15.811198	0.009115	0.000000	0.000000	0.000000	0.000000	0.000000	0.116516	4.321186	0.830139	0.233791	0.035621	0.195312	0.508586	23.639421	0.020833	0.151517	0.023396	0.000000	49152.000000	10.802672	192.000000	256.000000	147456.000000	0.750000	0.287682	0.000000	0.000000	3.000000	4.523967	4.849072	5.092589	5.184328	5.312043	0.491860	0.988461	1.000000	1.000000	0.111209	0.185534	0.343983	0.575385	36.000000	81.000000	124.000000	190.000000	255.000000	0.015873	0.079365	0.142857	0.206349	0.000000	0.000000	0.015873	0.031746	0.000000	0.000000	2.000000	0.297623	2.793746	3.345836	0.005629	0.149713	0.233791	0.000000	0.000000	0.610291	0.605347
	content_illustration	wikimedia-webshapes/Illustration/1ae3b566ffd040ff16c3192f56971e4d5ccf277b.jpg	illustration-screen/illustration_061_256x70.png	small	256	256	70	2077.341553	0.205882	0.000000	0.000000	0.000000	0.417969	0.402344	0.000000	0.945042	0.830216	32.000000	0.001786	0.000000	0.000000	0.000000	0.000000	0.000000	0.000000	0.295864	1.300459	36.687500	0.000000	0.503906	0.000000	0.000000	0.000000	8.000000	1.000000	1.000000	3.066969	2.274383	0.000000	0.000000	0.121094	0.000000	52.868725	0.566406	0.114459	0.000000	1.000000	17920.000000	9.793673	70.000000	256.000000	53760.000000	0.273438	1.296682	0.028571	0.371429	3.000000	4.459950	5.075809	5.392542	5.507047	5.640079	0.004377	1.000000	1.000000	1.000000	0.000000	0.000000	0.000000	0.000000	1.000000	36.000000	136.000000	255.000000	255.000000	0.000000	0.000000	0.095238	0.111111	0.000000	0.000000	0.000000	0.000000	0.000000	0.000000	0.000000	0.000000	0.000000	0.000000	0.000000	0.000000	0.000000	0.000000	0.000000	3.206096	0.537440
	alpha_nonpow2_portrait	png-24-32/web_heise_de_ba80ddb1b64fe434.png	alpha/alpha_017_91x137.png	small	137	91	137	5362.886719	0.211111	0.046457	0.003234	0.002525	0.508021	0.433155	15.920351	0.545876	0.748350	256.000000	0.020534	0.003110	0.001380	1.000000	0.020120	0.007980	9.000000	0.112606	2.536985	58.877007	2.764706	0.481283	0.000000	0.000000	0.000000	8.000000	1.000000	0.929895	2.712367	2.454908	0.000000	0.000000	0.315508	0.000000	59.074284	0.481283	0.118920	0.005517	0.000000	12467.000000	9.430840	91.000000	137.000000	37401.000000	0.664234	0.409121	0.108847	0.232053	3.000000	3.065743	5.309454	5.683048	5.695575	5.731855	0.000000	0.222410	1.000000	1.000000	0.000000	0.010857	0.026943	0.249116	0.000000	22.000000	130.000000	255.000000	255.000000	0.000000	0.000000	0.031746	0.269841	0.000000	0.000000	0.000000	0.000000	0.000000	0.000000	0.000000	0.000000	0.000000	0.000000	0.000000	0.000000	0.000000	0.000000	0.000000	3.906066	0.493616
	content_illustration	wikimedia-webshapes/Illustration/c2833a5e32a413679a08026f64205541fa58d8cd.png	illustration-screen/illustration_031_243x256.png	small	256	243	256	4651.194336	0.363118	0.280864	0.051479	0.011841	0.196875	0.147917	115.747993	1.660532	0.641569	1137.000000	0.034698	0.195830	0.219590	7.000000	0.060970	0.076250	3.000000	0.243299	3.857259	53.182293	58.564583	0.144792	0.000000	0.000000	0.000000	0.000000	0.000000	0.233636	4.043397	1.746651	0.000000	0.000000	0.191667	0.062227	32.403351	0.138542	0.208333	0.071147	0.000000	62208.000000	11.038239	243.000000	256.000000	186624.000000	0.949219	0.052116	0.020576	0.053498	3.000000	4.734824	5.157308	5.326120	5.361020	5.411647	0.656557	1.000000	1.000000	1.000000	0.279250	0.586197	1.000000	1.000000	15.000000	85.000000	145.000000	255.000000	255.000000	0.000000	0.158730	0.238095	0.285714	0.000000	0.015873	0.079365	0.111111	0.000000	0.000000	0.000000	0.000000	0.000000	0.000000	0.000000	0.000000	0.000000	0.000000	0.000000	1.029792	0.585217
	hdr_widegamut	ultrahdr-conformance/awesome-gain-maps/cats/gm-Cat_sitting_on_a_balcony_at_Castillo_de_Caravaca_de_la_Cruz_in_Caravaca_de_la_Cruz,_Noroeste,_Murcia,_Spain,_2025_February_-_2.jpg	hdr/hdr_019_gm-Cat_sitting_on_a_balcony_at_Castillo_de_Caravaca_de_la_Cruz_in_Caravaca_de_la_Cruz,_Noroeste,_Murcia,_Spain,_2025_February_-_2.jpg	medium	600	600	400	1545.855713	0.024397	0.095503	0.001119	0.001008	0.721600	0.256267	37.456402	0.072306	1.685940	1125.000000	0.034332	0.000130	0.000250	0.000000	0.000670	0.002080	0.000000	0.059594	3.812479	6.125600	1.548800	0.186400	0.000000	0.000000	0.000000	0.000000	0.000000	0.093667	2.383636	1.232816	0.000000	0.000000	0.766400	0.524875	28.234167	0.485600	0.020279	0.002489	0.000000	240000.000000	12.388394	400.000000	600.000000	720000.000000	0.666667	0.405465	0.000000	0.053867	3.000000	2.567026	3.120059	3.730575	4.349642	5.147549	0.057805	0.152627	0.288341	0.590817	0.000000	0.026948	0.053088	0.115544	1.000000	2.000000	4.000000	63.000000	255.000000	0.000000	0.000000	0.015873	0.015873	0.000000	0.000000	0.000000	0.000000	0.000000	0.000000	0.000000	0.000000	0.000000	0.000000	0.000000	0.000000	0.000000	0.000000	0.000000	81.235748	0.828212
	indexed_palette_smalledge	png-8/wm_upload_wikimedia_org_27bbd505a0d0c000.png	palette/palette_032_p256_200x100.png	small	200	200	100	787.006897	0.075377	0.000000	0.000000	0.000000	0.710000	0.710000	0.000000	0.876924	1.186032	28.000000	0.001400	0.000000	0.000000	0.000000	0.000000	0.000000	0.000000	0.807158	0.445830	21.886667	0.000000	0.716667	0.000000	0.000000	0.000000	8.000000	1.000000	1.000000	1.418221	2.227674	0.000000	0.000000	0.003333	0.000000	64.416733	0.740000	0.108519	0.000000	1.000000	20000.000000	9.903487	100.000000	200.000000	60000.000000	0.500000	0.693147	0.040000	0.433600	3.000000	0.000000	4.544222	5.003875	5.222599	5.576797	0.000000	0.000000	0.972968	1.000000	0.000000	0.000000	0.000000	0.000000	0.000000	0.000000	29.000000	255.000000	255.000000	0.000000	0.000000	0.000000	0.269841	0.000000	0.000000	0.000000	0.000000	0.000000	0.000000	0.000000	0.000000	0.000000	0.000000	0.000000	0.000000	0.000000	0.000000	0.000000	10.511697	0.149237
	indexed_palette_smalledge	png-8/wm_upload_wikimedia_org_c3d145e567664235.png	palette/palette_043_p256_200x100.png	small	200	200	100	1423.183472	0.236652	0.239923	0.020025	0.019707	0.186667	0.083333	86.627449	1.322700	0.993028	198.000000	0.009900	0.055760	0.093420	7.000000	0.337780	0.510510	54.000000	0.996031	3.518570	31.243334	27.636667	0.083333	0.000000	0.000000	0.000000	8.000000	1.000000	0.136800	3.743000	1.340870	0.078041	0.000000	0.043333	0.202240	57.798950	0.083333	0.165079	0.037778	0.000000	20000.000000	9.903487	100.000000	200.000000	60000.000000	0.500000	0.693147	0.040000	0.433600	3.000000	3.982191	4.699087	5.092348	5.183178	5.356585	0.298052	0.616253	1.000000	1.000000	0.106203	0.265472	0.669562	1.000000	14.000000	39.000000	112.000000	255.000000	255.000000	0.000000	0.031746	0.079365	0.317460	0.000000	0.000000	0.031746	0.063492	0.000000	0.000000	0.000000	0.000000	0.000000	2.579766	0.000000	0.000000	0.078041	0.000000	0.000000	5.026107	0.494402
	content_illustration	wikimedia-webshapes/Illustration/20afefca6c0a6c85336cd2278c554bface2332fe.png	illustration-screen/illustration_091_256x256.png	medium	256	256	256	1713.824219	0.048581	0.314398	0.007532	0.008108	0.742188	0.697266	175.121902	0.085703	0.905263	112.000000	0.003418	0.028610	0.052110	2.000000	0.244810	0.378230	19.000000	0.059604	1.012129	12.633789	31.249023	0.863281	0.000000	0.000000	0.000000	8.000000	1.000000	0.201584	1.355676	2.028368	0.000000	0.000000	0.179688	0.000000	21.956980	0.871094	0.032196	0.026848	0.000000	65536.000000	11.090355	256.000000	256.000000	196608.000000	1.000000	0.000000	0.000000	0.000000	3.000000	0.000000	3.738220	4.939120	5.024243	5.060006	0.000000	0.000000	0.513504	1.000000	0.000000	0.000000	0.582830	1.000000	0.000000	0.000000	5.000000	84.000000	175.000000	0.000000	0.000000	0.000000	0.063492	0.000000	0.000000	0.000000	0.063492	0.000000	0.000000	0.000000	0.000000	0.000000	0.000000	0.000000	0.000000	0.000000	0.000000	0.000000	15.452034	0.278057
	grayscale_nonpow2_small	png-8/wm_upload_wikimedia_org_63fe0585f4dbff99.png	grayscale/gray_011_73x73.png	small	73	73	73	9695.427734	0.347222	0.000000	0.000000	0.000000	0.049383	0.037037	0.000000	0.937608	0.412436	32.000000	0.006005	0.000000	0.000000	0.000000	0.000000	0.000000	0.000000	0.076351	2.263091	148.938278	0.000000	0.345679	0.000000	0.000000	0.000000	8.000000	1.000000	1.000000	5.232386	1.192235	1.000000	0.000000	0.666667	0.000000	62.407429	0.370370	0.242602	0.000000	1.000000	5329.000000	8.580919	73.000000	73.000000	15987.000000	1.000000	0.000000	0.200976	0.729405	3.000000														10.000000	139.000000	198.000000	255.000000	255.000000									0.000000	0.000000	0.000000									-0.621793	0.865899
	alpha_nonpow2_portrait	png-24-32/wm_upload_wikimedia_org_4d5737290074ae92.png	alpha/alpha_047_91x137.png	small	137	91	137	2834.725830	0.290441	0.341973	0.009056	0.019747	0.299465	0.203209	154.696793	2.846502	0.780454	864.000000	0.069303	0.011200	0.009760	3.000000	0.389990	0.396550	38.000000	1.102886	2.943138	72.240639	40.844921	0.197861	0.000000	0.000000	0.000000	0.000000	0.000000	0.453597	3.616519	2.070302	0.000000	0.000000	0.048128	0.023352	80.810547	0.208556	0.256685	0.035651	0.000000	12467.000000	9.430840	91.000000	137.000000	37401.000000	0.664234	0.409121	0.108847	0.232053	3.000000	4.674058	5.224995	5.453100	5.505796	5.641688	0.033466	1.000000	1.000000	1.000000	0.000000	0.058310	0.645049	1.000000	2.000000	59.000000	248.000000	255.000000	255.000000	0.000000	0.000000	0.253968	0.444444	0.000000	0.000000	0.000000	0.095238	0.000000	0.000000	0.000000	0.000000	0.000000	0.000000	0.000000	0.000000	0.000000	0.000000	0.000000	1.084942	0.436738
	content_illustration	wikimedia-webshapes/Illustration/8e5fd1ea88cff39b4f5aa0cfe67ab98dd4d9edec.png	illustration-screen/illustration_046_189x189.png	small	189	189	189	4736.502441	0.195826	0.086984	0.005999	0.002617	0.510397	0.457467	33.910641	0.602482	0.741823	500.000000	0.015259	0.003670	0.003650	0.000000	0.005560	0.005220	0.000000	0.089001	2.743350	47.327034	8.260870	0.482042	0.000000	0.000000	0.000000	0.000000	0.000000	0.405924	2.682170	2.531210	0.000000	0.000000	0.336484	0.517426	55.126610	0.519849	0.098329	0.014643	0.000000	35721.000000	10.483494	189.000000	189.000000	107163.000000	1.000000	0.000000	0.031998	0.031998	3.000000	2.949116	5.355509	5.549342	5.602161	5.645654	0.000000	0.193866	1.000000	1.000000	0.000000	0.000000	0.404872	0.536353	0.000000	10.000000	82.000000	239.000000	255.000000	0.000000	0.000000	0.000000	0.174603	0.000000	0.000000	0.000000	0.031746	0.000000	0.000000	0.000000	0.000000	0.000000	0.000000	0.000000	0.000000	0.000000	0.000000	0.000000	7.560332	0.492074
	content_illustration	wikimedia-webshapes/Illustration/7a1c9155a4d0edbae82da15d598bad4235af16c6.png	illustration-screen/illustration_073_256x170.png	small	256	256	170	4095.624268	0.163655	0.110844	0.005893	0.003352	0.348214	0.125000	41.020725	0.518878	0.952086	891.000000	0.027191	0.006480	0.013260	5.000000	0.011220	0.021870	8.000000	0.125387	4.361278	38.867561	7.675595	0.026786	0.000000	0.000000	0.000000	0.000000	0.000000	0.335915	3.644379	1.356993	0.046581	0.003483	0.583333	0.004720	43.589867	0.086310	0.101025	0.013511	0.000000	43520.000000	10.680976	170.000000	256.000000	130560.000000	0.664062	0.409379	0.035294	0.129412	3.000000	3.839651	4.844766	5.368971	5.469990	5.569463	0.136141	0.662806	1.000000	1.000000	0.006861	0.067566	0.203156	0.409318	1.000000	11.000000	74.000000	214.000000	255.000000	0.000000	0.015873	0.031746	0.158730	0.000000	0.000000	0.000000	0.015873	0.000000	0.000000	0.000000	1.207080	1.422991	1.647749	0.026588	0.035690	0.046581	0.000000	0.000000	9.161783	0.887424
	indexed_palette_smalledge	png-8/wm_upload_wikimedia_org_18625229f8c762fd.png	palette/palette_033_p143_200x100.png	small	200	200	100	770.573181	0.068886	0.044792	0.003193	0.003980	0.726667	0.726667	16.581493	0.864357	0.943735	54.000000	0.002700	0.029980	0.024230	14.000000	0.160020	0.245490	43.000000	0.841764	0.358409	21.303333	5.840000	0.840000	0.000000	0.000000	0.000000	8.000000	1.000000	0.979950	1.367938	2.233939	0.000000	0.000000	0.000000	0.005990	45.637218	0.853333	0.077937	0.010952	0.000000	20000.000000	9.903487	100.000000	200.000000	60000.000000	0.500000	0.693147	0.040000	0.433600	3.000000	0.000000	4.703804	5.063364	5.222270	5.365076	0.000000	0.000000	1.000000	1.000000	0.000000	0.000000	0.000000	0.394729	0.000000	0.000000	71.000000	255.000000	255.000000	0.000000	0.000000	0.000000	0.111111	0.000000	0.000000	0.000000	0.000000	0.000000	0.000000	0.000000	0.000000	0.000000	0.000000	0.000000	0.000000	0.000000	0.000000	0.000000	8.766699	0.146010
	content_illustration	wikimedia-webshapes/Illustration/54104fe21a3ab9923ff8f7fc096c6c4ba8f823b5.png	illustration-screen/illustration_062_256x256.png	medium	256	256	256	7513.279297	0.055548	0.200055	0.006273	0.007997	0.622070	0.556641	99.420670	0.197467	1.214274	295.000000	0.009003	0.011380	0.005420	2.000000	0.120770	0.060030	8.000000	0.061310	2.527146	18.564453	17.296875	0.682617	0.000000	0.000000	0.000000	0.000000	0.000000	0.243515	1.815535	2.113924	0.000000	0.000000	0.302734	0.302750	46.314964	0.749023	0.042984	0.019717	0.000000	65536.000000	11.090355	256.000000	256.000000	196608.000000	1.000000	0.000000	0.000000	0.000000	3.000000	0.000000	3.970905	5.145159	5.369909	5.490279	0.000000	0.000000	0.764423	1.000000	0.000000	0.000000	0.468797	1.000000	0.000000	1.000000	15.000000	144.000000	255.000000	0.000000	0.000000	0.000000	0.047619	0.000000	0.000000	0.000000	0.031746	0.000000	0.000000	0.000000	0.000000	0.000000	0.000000	0.000000	0.000000	0.000000	0.000000	0.000000	28.270191	0.401076
	alpha_nonpow2_portrait	png-24-32/wm_upload_wikimedia_org_5ee3e978ebaf1c7e.png	alpha/alpha_018_91x137.png	small	137	91	137	7683.945801	0.312255	0.184583	0.018529	0.054669	0.229947	0.187166	72.438286	0.992629	0.842972	566.000000	0.045400	0.092470	0.123730	20.000000	2.936900	4.368120	157.000000	0.464713	3.367810	44.048130	60.973263	0.176471	0.000000	0.000000	0.000000	0.000000	0.000000	0.257319	3.634812	1.883351	0.000000	0.000000	0.026738	0.002424	35.660561	0.197861	0.189118	0.108140	0.000000	12467.000000	9.430840	91.000000	137.000000	37401.000000	0.664234	0.409121	0.108847	0.232053	3.000000	4.493334	4.883339	5.206178	5.319851	5.520697	0.309221	1.000000	1.000000	1.000000	0.187329	0.726182	0.997770	1.000000	3.000000	73.000000	160.000000	255.000000	255.000000	0.000000	0.047619	0.206349	0.301587	0.000000	0.000000	0.095238	0.174603	0.000000	0.000000	0.000000	0.000000	0.000000	0.000000	0.000000	0.000000	0.000000	0.000000	0.000000	1.683404	0.467912
	indexed_palette_smalledge	png-8/wm_upload_wikimedia_org_5f3c297519e53583.png	palette/palette_044_p256_200x100.png	small	200	200	100	1611.548706	0.256805	0.001905	0.000211	0.000496	0.213333	0.183333	0.738845	1.506157	0.733358	45.000000	0.002250	0.000020	0.000030	0.000000	0.000850	0.001290	0.000000	0.546282	1.503038	40.376667	0.000000	0.203333	0.000000	0.000000	0.000000	8.000000	1.000000	0.998550	3.842234	1.898556	0.000000	0.000000	0.056667	0.000052	48.632591	0.240000	0.195079	0.000000	0.000000	20000.000000	9.903487	100.000000	200.000000	60000.000000	0.500000	0.693147	0.040000	0.433600	3.000000	4.846816	5.033861	5.194625	5.244532	5.316251	0.397694	1.000000	1.000000	1.000000	0.000000	0.006720	0.010476	0.014532	0.000000	79.000000	163.000000	255.000000	255.000000	0.000000	0.095238	0.174603	0.301587	0.000000	0.000000	0.000000	0.000000	0.000000	0.000000	0.000000	0.000000	0.000000	0.000000	0.000000	0.000000	0.000000	0.000000	0.000000	1.240910	0.538652
	alpha_nonpow2_portrait	png-24-32/wm_upload_wikimedia_org_c3da4db29d36f646.png	alpha/alpha_048_91x137.png	small	137	91	137	14308.437500	0.245016	0.171089	0.015758	0.003016	0.192513	0.165775	52.463230	1.142143	0.542394	153.000000	0.012272	0.096190	0.101240	5.000000	0.050760	0.041860	15.000000	0.121261	2.430244	130.550797	31.513369	0.139037	0.000000	0.000000	0.000000	8.000000	1.000000	0.923879	4.414085	1.992060	0.000000	0.000000	0.363636	0.004444	69.620132	0.149733	0.260080	0.031916	0.000000	12467.000000	9.430840	91.000000	137.000000	37401.000000	0.664234	0.409121	0.108847	0.232053	3.000000	5.332599	5.676978	5.784350	5.807237	5.828906	1.000000	1.000000	1.000000	1.000000	0.000000	0.000000	0.004253	1.000000	5.000000	50.000000	185.000000	255.000000	255.000000	0.000000	0.111111	0.301587	0.365079	0.000000	0.000000	0.000000	0.000000	0.000000	0.000000	0.000000	0.000000	0.000000	0.000000	0.000000	0.000000	0.000000	0.000000	0.000000	1.486871	0.707781
	hdr_widegamut	ultrahdr-conformance/awesome-gain-maps/cats/gm-Cats_2010-04-06_14.jpg	hdr/hdr_020_gm-Cats_2010-04-06_14.jpg	medium	600	600	401	2018.480957	0.391127	0.071608	0.002817	0.001897	0.048800	0.000000	32.938297	1.265092	0.916770	1523.000000	0.046478	0.000370	0.000580	0.000000	0.001340	0.001870	0.000000	0.272438	4.290176	29.924801	3.092000	0.000000	0.000000	0.000000	0.000000	0.000000	0.000000	0.036085	4.205324	0.558363	0.354423	0.000000	0.337600	0.693746	20.248520	0.000000	0.171441	0.006667	0.000000	240600.000000	12.390891	401.000000	600.000000	721800.000000	0.668333	0.402968	0.017456	0.051239	3.000000	4.277276	4.593429	4.930332	5.024870	5.125457	0.556825	0.899337	1.000000	1.000000	0.026948	0.060152	0.110309	0.177966	17.000000	43.000000	82.000000	182.000000	255.000000	0.031746	0.079365	0.158730	0.253968	0.000000	0.000000	0.000000	0.015873	0.000000	1.000000	2.000000	2.672097	3.187587	3.388590	0.170349	0.286221	0.354423	0.000000	0.031746	5.961828	0.766610
	content_illustration	wikimedia-webshapes/Illustration/6b4824fa5df357203a1362a431c95677143623bd.png	illustration-screen/illustration_038_256x215.png	small	256	256	215	5562.495605	0.223888	0.199417	0.015734	0.011946	0.364183	0.312500	66.212746	0.798015	0.996871	4273.000000	0.130402	0.032710	0.042150	8.000000	0.164860	0.167300	50.000000	0.136729	2.702758	44.515625	27.668270	0.230769	0.000000	0.000000	0.000000	0.000000	0.000000	0.709738	3.281066	2.016850	0.000000	0.000000	0.243990	0.050894	42.052769	0.262019	0.138755	0.036172	0.000000	55040.000000	10.915815	215.000000	256.000000	165120.000000	0.839844	0.174539	0.004651	0.041860	3.000000	4.231368	4.994566	5.373337	5.567541	5.711549	0.026841	0.911562	1.000000	1.000000	0.000000	0.029866	0.510522	1.000000	1.000000	27.000000	92.000000	231.000000	255.000000	0.000000	0.000000	0.111111	0.253968	0.000000	0.000000	0.000000	0.063492	0.000000	0.000000	0.000000	0.000000	0.000000	0.000000	0.000000	0.000000	0.000000	0.000000	0.000000	6.078193	0.632394
	grayscale_nonpow2_small	png-8/wm_upload_wikimedia_org_c7644d40910ca815.png	grayscale/gray_012_73x73.png	small	73	73	73	429.160797	0.428819	0.000000	0.000000	0.000000	0.000000	0.000000	0.000000	0.160121	0.569064	18.000000	0.003378	0.000000	0.000000	0.000000	0.000000	0.000000	0.000000	0.470943	2.079046	18.148148	0.000000	0.024691	0.000000	0.000000	0.000000	8.000000	1.000000	1.000000	4.171492	0.285946	0.455289	0.000000	0.000000	0.000000	13.772290	0.049383	0.145797	0.000000	1.000000	5329.000000	8.580919	73.000000	73.000000	15987.000000	1.000000	0.000000	0.200976	0.729405	3.000000														27.000000	53.000000	73.000000	125.000000	255.000000									0.000000	0.000000	0.000000									2.753747	0.639409
	content_illustration	wikimedia-webshapes/Illustration/6e091beeb7f2c24f528cd5632b803aaa5d697179.png	illustration-screen/illustration_074_256x186.png	small	256	256	186	2036.112793	0.050213	0.241286	0.016685	0.001392	0.835598	0.828804	82.352318	0.217979	1.002092	74.000000	0.002258	0.114740	0.068740	9.000000	0.006980	0.006570	0.000000	0.068958	0.827167	19.354620	38.805706	0.869565	0.000000	0.000000	0.000000	8.000000	1.000000	0.000000	0.885630	1.953405	0.000000	0.000000	0.131793	0.000000	43.549942	0.846467	0.043651	0.027303	0.000000	47616.000000	10.770925	186.000000	256.000000	142848.000000	0.726562	0.319431	0.032258	0.032258	3.000000	0.000000	0.000000	5.330513	5.473095	5.499738	0.000000	0.000000	0.000000	1.000000	0.000000	0.000000	0.000000	1.000000	0.000000	0.000000	7.000000	156.000000	255.000000	0.000000	0.000000	0.000000	0.000000	0.000000	0.000000	0.000000	0.000000	0.000000	0.000000	0.000000	0.000000	0.000000	0.000000	0.000000	0.000000	0.000000	0.000000	0.000000	21.863333	0.156048
	alpha_nonpow2_portrait	png-24-32/wm_upload_wikimedia_org_432e2f53cdda9947.png	alpha/alpha_049_91x137.png	small	137	91	137	4452.212891	0.088317	0.165144	0.006851	0.021079	0.764706	0.705882	78.184013	0.511680	0.842732	37.000000	0.002968	0.046550	0.016700	4.000000	2.096410	0.412020	157.000000	0.385983	1.360778	23.796791	20.304813	0.930481	0.000000	0.000000	0.000000	8.000000	1.000000	0.620839	1.408995	2.211097	0.000000	0.000000	0.000000	0.009373	52.583527	0.941176	0.035820	0.021390	0.000000	12467.000000	9.430840	91.000000	137.000000	37401.000000	0.664234	0.409121	0.108847	0.232053	3.000000	0.000000	1.812913	5.321660	5.466828	5.466828	0.000000	0.000000	0.054627	1.000000	0.000000	0.000000	0.027313	1.000000	0.000000	0.000000	76.000000	255.000000	255.000000	0.000000	0.000000	0.000000	0.000000	0.000000	0.000000	0.000000	0.000000	0.000000	0.000000	0.000000	0.000000	0.000000	0.000000	0.000000	0.000000	0.000000	0.000000	0.000000	7.803437	0.225941
	content_illustration	wikimedia-webshapes/Illustration/64e8bd31348f36749df4a35d3f3392f4d9adec37.png	illustration-screen/illustration_047_256x47.png	small	256	256	47	0.000000	0.000000	0.000000	0.000000	0.000000	1.000000	1.000000	0.000000	0.000000	0.000000	1.000000	0.000083	0.000000	0.000000	0.000000	0.000000	0.000000	0.000000	0.000000	0.000000	0.000000	0.000000	1.000000	0.000000	0.000000	0.000000	2.000000	1.000000	1.000000	-0.000001	0.000000	0.000000	0.000000	0.000000	0.000000	0.000000	1.000000	0.000000	0.000000	1.000000	12032.000000	9.395325	47.000000	256.000000	36096.000000	0.183594	1.695030	0.021277	0.361702	3.000000	0.000000	0.000000	0.000000	0.000000	0.000000	0.000000	0.000000	0.000000	0.000000	0.000000	0.000000	0.000000	0.000000	0.000000	0.000000	0.000000	0.000000	0.000000	0.000000	0.000000	0.000000	0.000000	0.000000	0.000000	0.000000	0.000000	0.000000	0.000000	0.000000	0.000000	0.000000	0.000000	0.000000	0.000000	0.000000	0.000000	0.000000	0.000000	0.000000
	alpha_nonpow2_portrait	png-24-32/wm_upload_wikimedia_org_2cc999b171962382.png	alpha/alpha_019_91x137.png	small	137	91	137	304.287262	0.097386	0.139841	0.027597	0.010432	0.556150	0.491979	54.186222	0.086477	0.702183	31.000000	0.002487	0.284340	0.253660	36.000000	0.236000	0.307600	32.000000	0.505556	1.337574	5.978610	21.417112	0.604278	0.000000	0.000000	0.000000	8.000000	1.000000	0.576482	1.898839	1.926934	0.000000	0.000000	0.064171	0.000000	13.631015	0.636364	0.038282	0.038961	0.000000	12467.000000	9.430840	91.000000	137.000000	37401.000000	0.664234	0.409121	0.108847	0.232053	3.000000	1.204117	3.965713	4.153045	4.201725	4.240087	0.000000	0.018031	0.639124	0.782009	0.000000	0.019787	0.698565	0.767944	0.000000	2.000000	35.000000	119.000000	255.000000	0.000000	0.000000	0.000000	0.079365	0.000000	0.000000	0.000000	0.079365	0.000000	0.000000	0.000000	0.000000	0.000000	0.000000	0.000000	0.000000	0.000000	0.000000	0.000000	22.850573	0.318657
	content_illustration	wikimedia-webshapes/Illustration/8ec86c445c7602d0e0ef9616ef06df8ccda7510c.jpg	illustration-screen/illustration_032_250x256.png	small	256	250	256	4132.926758	0.132672	0.231930	0.012065	0.010692	0.454637	0.394153	92.716202	0.418306	0.717347	197.000000	0.006012	0.024140	0.027830	1.000000	0.135090	0.162720	12.000000	0.081288	2.336577	40.484879	29.487904	0.440524	0.000000	0.000000	0.000000	8.000000	1.000000	0.454078	2.806515	2.343538	0.000000	0.000000	0.327621	0.000000	35.408703	0.379032	0.107735	0.034578	0.000000	64000.000000	11.066638	250.000000	256.000000	192000.000000	0.976562	0.023717	0.024000	0.024000	3.000000	4.108591	4.929368	5.358580	5.412600	5.426260	0.000000	0.770195	1.000000	1.000000	0.000000	0.047885	1.000000	1.000000	0.000000	7.000000	70.000000	166.000000	255.000000	0.000000	0.000000	0.095238	0.190476	0.000000	0.000000	0.000000	0.079365	0.000000	0.000000	0.000000	0.000000	0.000000	0.000000	0.000000	0.000000	0.000000	0.000000	0.000000	7.133511	0.515912
	alpha_nonpow2_portrait	png-24-32/wm_upload_wikimedia_org_675a291733f7c1e0.png	alpha/alpha_021_91x137.png	small	137	91	137	1283.372437	0.376144	0.085086	0.003231	0.004422	0.106952	0.074866	30.192034	0.522601	0.730286	315.000000	0.025267	0.006510	0.150260	7.000000	0.105470	1.183470	117.000000	0.305993	2.749155	37.989304	13.561498	0.187166	0.000000	0.000000	0.000000	0.000000	0.000000	0.902142	4.066873	1.080422	0.134361	0.000000	0.139037	0.002262	30.868677	0.197861	0.167728	0.022239	0.000000	12467.000000	9.430840	91.000000	137.000000	37401.000000	0.664234	0.409121	0.108847	0.232053	3.000000	4.246892	4.851043	5.074604	5.121175	5.254081	0.429117	0.876282	1.000000	1.000000	0.000000	0.000000	0.021413	0.834277	12.000000	53.000000	107.000000	255.000000	255.000000	0.000000	0.063492	0.126984	0.285714	0.000000	0.000000	0.000000	0.000000	0.000000	0.000000	0.000000	0.859401	1.351882	2.602059	0.018854	0.032611	0.134361	0.000000	0.000000	4.304520	0.740736
	indexed_palette_smalledge	png-8/wm_upload_wikimedia_org_cc701f47bf4dfb10.png	palette/palette_045_p6_200x100.png	small	200	200	100	3287.442871	0.182684	0.116195	0.018237	0.000807	0.440000	0.430000	43.054306	3.849997	0.740339	6.000000	0.000300	0.072850	0.074730	2.000000	0.000820	0.000830	0.000000	0.964600	1.595680	85.996666	11.153334	0.436667	0.000000	0.000000	0.000000	4.000000	1.000000	0.478650	2.940248	2.585958	0.000000	0.000000	0.000000	0.000000	75.196648	0.496667	0.288307	0.021640	0.000000	20000.000000	9.903487	100.000000	200.000000	60000.000000	0.500000	0.693147	0.040000	0.433600	3.000000	4.753168	5.337225	5.546139	5.587767	5.695522	0.000000	1.000000	1.000000	1.000000	0.000000	0.175291	0.397684	0.630711	0.000000	15.000000	255.000000	255.000000	255.000000	0.000000	0.000000	0.349206	0.555556	0.000000	0.000000	0.000000	0.047619	0.000000	0.000000	0.000000	0.000000	0.000000	0.000000	0.000000	0.000000	0.000000	0.000000	0.000000	0.671342	0.284118
	content_illustration	wikimedia-webshapes/Illustration/2516c116395691724e13336a045d832ca7bf7c2a.png	illustration-screen/illustration_063_256x45.png	small	256	256	45	421.152252	0.035784	0.630885	0.017287	0.013860	0.631250	0.443750	242.912094	0.015221	0.761531	122.000000	0.010590	0.136150	0.213380	10.000000	0.572360	0.784020	42.000000	0.234497	1.982545	3.368750	46.756248	0.587500	0.000000	0.000000	0.000000	8.000000	1.000000	0.000000	1.823576	1.714036	0.000000	0.000000	0.150000	0.000000	6.499303	0.600000	0.024702	0.057044	0.000000	11520.000000	9.351840	45.000000	256.000000	34560.000000	0.175781	1.738515	0.066667	0.422222	3.000000	2.403121	3.667453	3.878809	3.894801	4.010764	0.000000	0.118720	0.494575	0.645716	0.000000	0.251863	1.000000	1.000000	0.000000	4.000000	17.000000	53.000000	106.000000	0.000000	0.000000	0.000000	0.047619	0.000000	0.000000	0.047619	0.095238	0.000000	0.000000	0.000000	0.000000	0.000000	0.000000	0.000000	0.000000	0.000000	0.000000	0.000000	16.343803	0.417299
	content_illustration	wikimedia-webshapes/Illustration/9111f21c1ff38d37835b44895e7b61538dd4d957.jpg	illustration-screen/illustration_092_256x192.png	small	256	256	192	2992.068848	0.170188	0.037457	0.004358	0.003515	0.432292	0.161458	13.628153	0.229575	1.183809	935.000000	0.028534	0.003190	0.004350	1.000000	0.013080	0.031900	15.000000	0.143561	3.931765	19.354166	2.053385	0.000000	0.000000	0.000000	0.000000	0.000000	0.000000	0.581156	3.276437	1.275129	0.038008	0.006363	0.351562	0.124613	22.907574	0.015625	0.082651	0.003927	0.000000	49152.000000	10.802672	192.000000	256.000000	147456.000000	0.750000	0.287682	0.000000	0.000000	3.000000	3.592510	4.410998	4.800389	4.983227	5.294776	0.073908	0.435169	1.000000	1.000000	0.015912	0.031903	0.092843	0.155177	3.000000	16.000000	46.000000	137.000000	255.000000	0.000000	0.000000	0.047619	0.142857	0.000000	0.000000	0.000000	0.000000	0.000000	0.000000	0.000000	1.050552	1.337150	1.483409	0.020305	0.029455	0.038008	0.000000	0.000000	14.222751	0.806696
	content_illustration	wikimedia-webshapes/Illustration/187fd93282afe80df33a2cdd6ce9efafd45593ab.png	illustration-screen/illustration_075_256x230.png	small	256	256	230	3034.936768	0.031338	0.347027	0.005683	0.007071	0.825893	0.808036	151.988968	0.077460	1.198624	187.000000	0.005707	0.017050	0.014500	1.000000	0.177680	0.173150	21.000000	0.086286	1.949112	8.966517	21.119419	0.821429	0.000000	0.000000	0.000000	8.000000	1.000000	0.590540	1.198689	1.699510	0.000000	0.000000	0.131696	0.001221	26.848322	0.822545	0.030665	0.021790	0.000000	58880.000000	10.983256	230.000000	256.000000	176640.000000	0.898438	0.107098	0.008696	0.113043	3.000000	0.676699	1.204121	4.766126	4.991028	5.158195	0.000000	0.009751	0.030473	1.000000	0.000000	0.000000	0.030473	1.000000	0.000000	0.000000	1.000000	108.000000	189.000000	0.000000	0.000000	0.000000	0.000000	0.000000	0.000000	0.000000	0.000000	0.000000	0.000000	0.000000	0.000000	0.000000	0.000000	0.000000	0.000000	0.000000	0.000000	0.000000	34.236694	0.381543
	content_illustration	wikimedia-webshapes/Illustration/07367978d214dbf88cad588a193740f5564a299d.png	illustration-screen/illustration_039_256x80.png	small	256	256	80	11787.244141	0.505237	0.000000	0.000000	0.000000	0.118750	0.109375	0.000000	3.470433	0.488894	32.000000	0.001563	0.000000	0.000000	0.000000	0.000000	0.000000	0.000000	0.256354	3.113028	179.681244	0.000000	0.096875	0.000000	0.000000	0.000000	8.000000	1.000000	1.000000	4.904286	1.667591	0.032983	0.000000	0.115625	0.000000	63.354492	0.084375	0.358879	0.000000	1.000000	20480.000000	9.927204	80.000000	256.000000	61440.000000	0.312500	1.163151	0.000000	0.200000	3.000000	5.550579	5.686833	5.728270	5.747463	5.784108	1.000000	1.000000	1.000000	1.000000	0.000000	0.000000	0.000000	0.000000	64.000000	181.000000	255.000000	255.000000	255.000000	0.000000	0.269841	0.412698	0.476190	0.000000	0.000000	0.000000	0.000000	0.000000	0.000000	0.000000	0.000000	0.000000	1.487849	0.000000	0.000000	0.032983	0.000000	0.000000	-1.293964	0.696001
	hdr_widegamut	ultrahdr-conformance/awesome-gain-maps/cats/gm-Cats_dual_on_the_snowy_ground-01-Zenera.jpg	hdr/hdr_021_gm-Cats_dual_on_the_snowy_ground-01-Zenera.jpg	medium	600	600	419	3466.774414	0.358430	0.049206	0.005862	0.001486	0.146154	0.014103	15.216643	0.989731	1.156365	1495.000000	0.045624	0.000990	0.000810	0.000000	0.000860	0.000820	0.000000	0.268786	4.474163	24.938461	4.546154	0.008462	0.000000	0.000000	0.000000	0.000000	0.000000	0.094662	3.976981	0.829554	0.220949	0.013896	0.287692	0.102985	19.434113	0.011538	0.163712	0.009548	0.000000	251400.000000	12.434800	419.000000	600.000000	754200.000000	0.698333	0.359059	0.011933	0.083469	3.000000	4.168321	4.555626	4.846472	5.004522	5.302900	0.394215	0.812825	1.000000	1.000000	0.042259	0.092778	0.168269	0.263466	15.000000	39.000000	73.000000	157.000000	255.000000	0.015873	0.047619	0.174603	0.253968	0.000000	0.000000	0.000000	0.015873	0.000000	0.000000	1.000000	1.204118	2.632204	2.898725	0.030473	0.160781	0.220949	0.000000	0.000000	5.591413	0.775900
	grayscale_nonpow2_small	png-8/wm_upload_wikimedia_org_2bc9441ce0724070.png	grayscale/gray_013_47x47.png	tiny	47	47	47	3824.500732	0.461957	0.000000	0.000000	0.000000	0.200000	0.200000	0.000000	0.917655	0.524400	32.000000	0.014486	0.000000	0.000000	0.000000	0.000000	0.000000	0.000000	0.535136	2.408185	79.519997	0.000000	0.200000	0.000000	0.000000	0.000000	8.000000	1.000000	1.000000	4.159392	2.087151	0.000000	0.000000	0.000000	0.000000	46.779705	0.200000	0.252698	0.000000	1.000000	2209.000000	7.700295	47.000000	47.000000	6627.000000	1.000000	0.000000	0.043006	0.854233	3.000000														51.000000	160.000000	240.000000	255.000000	255.000000									0.000000	0.000000	0.000000									-1.125445	0.520300
	alpha_nonpow2_portrait	png-24-32/web_ebay_com_8980544a28eec207.png	alpha/alpha_020_91x137.png	small	137	91	137	5745.576172	0.267157	0.016316	0.001010	0.001966	0.406417	0.406417	6.297332	1.503024	0.992989	142.000000	0.011390	0.003680	0.001940	4.000000	0.116140	0.064740	157.000000	0.709461	3.078872	48.037434	0.545455	0.427807	0.000000	0.000000	0.000000	8.000000	1.000000	0.987968	2.840497	2.383098	0.000000	0.000000	0.048128	0.001454	73.165993	0.427807	0.180884	0.001188	0.000000	12467.000000	9.430840	91.000000	137.000000	37401.000000	0.664234	0.409121	0.108847	0.232053	3.000000	4.290380	4.909062	5.201611	5.610910	5.777581	0.000000	0.859807	1.000000	1.000000	0.000000	0.004377	0.023657	0.053907	0.000000	41.000000	130.000000	255.000000	255.000000	0.000000	0.000000	0.158730	0.317460	0.000000	0.000000	0.000000	0.000000	0.000000	0.000000	0.000000	0.000000	0.000000	0.000000	0.000000	0.000000	0.000000	0.000000	0.000000	3.761025	0.369657
	hdr_widegamut	wide-gamut/rec-2020-pq/flickr_2a68670c58131566.jpg	hdr/hdr_000_flickr_2a68670c58131566.jpg	medium	1023	1023	569	898.531555	0.124109	0.050426	0.001732	0.000787	0.586226	0.351558	16.529427	0.697111	1.143901	1322.000000	0.040344	0.000270	0.000310	0.000000	0.000550	0.000600	0.000000	0.292451	3.569252	10.422873	1.450355	0.070922	0.000000	0.000000	0.000000	0.000000	0.000000	0.159730	2.650614	1.403965	0.027594	0.000000	0.380319	0.017477	22.072435	0.262411	0.056921	0.002617	0.000000	582087.000000	13.274375	569.000000	1023.000000	1746261.000000	0.556207	0.586614	0.013292	0.013292	3.000000	2.540310	3.950169	4.617029	4.726902	4.950265	0.039819	0.141595	0.637320	1.000000	0.000000	0.004222	0.063500	0.129184	2.000000	10.000000	37.000000	136.000000	255.000000	0.000000	0.000000	0.015873	0.079365	0.000000	0.000000	0.000000	0.000000	0.000000	0.000000	0.000000	0.000000	0.000000	1.204115	0.000000	0.000000	0.027594	0.000000	0.000000	20.573364	0.777975
	alpha_nonpow2_portrait	png-24-32/web_quora_com_9377b1b53eb62eca.png	alpha/alpha_022_91x137.png	small	137	91	137	7242.210449	0.300408	0.292902	0.039460	0.023687	0.251337	0.229947	99.553177	5.558475	0.630518	708.000000	0.056790	0.403650	0.972530	36.000000	1.247220	1.676510	157.000000	0.851652	2.985543	143.112305	98.909088	0.251337	0.000000	0.000000	0.000000	0.000000	0.000000	0.526269	3.917280	2.236165	0.000000	0.000000	0.048128	0.007919	100.951340	0.267380	0.321704	0.093625	0.000000	12467.000000	9.430840	91.000000	137.000000	37401.000000	0.664234	0.409121	0.108847	0.232053	3.000000	5.110512	5.554937	5.698968	5.748927	5.780779	0.113418	1.000000	1.000000	1.000000	0.000000	0.513118	1.000000	1.000000	5.000000	113.000000	255.000000	255.000000	255.000000	0.000000	0.000000	0.317460	0.571429	0.000000	0.000000	0.063492	0.158730	0.000000	0.000000	0.000000	0.000000	0.000000	0.000000	0.000000	0.000000	0.000000	0.000000	0.000000	-0.335968	0.453532
	content_illustration	wikimedia-webshapes/Illustration/2d85b4ec755da1fb0c12f14c12aec1ffb17fd57d.png	illustration-screen/illustration_064_249x255.png	small	255	249	255	11996.588867	0.065069	0.102856	0.002837	0.002468	0.775234	0.643080	36.851494	0.256948	1.128980	137.000000	0.004181	0.007340	0.006130	1.000000	0.045180	0.037820	9.000000	0.057401	3.071687	18.250780	3.839750	0.679501	0.000000	0.000000	0.000000	8.000000	1.000000	0.953130	1.616864	1.925651	0.000000	0.000000	0.187305	0.002704	43.981098	0.824142	0.036553	0.004526	0.000000	63495.000000	11.058717	249.000000	255.000000	190485.000000	0.976471	0.023811	0.032144	0.032144	3.000000	0.974851	2.350248	5.132263	5.698830	5.720723	0.000000	0.020044	0.097257	1.000000	0.000000	0.000000	0.000000	0.030360	0.000000	1.000000	16.000000	156.000000	255.000000	0.000000	0.000000	0.000000	0.000000	0.000000	0.000000	0.000000	0.000000	0.000000	0.000000	0.000000	0.000000	0.000000	0.000000	0.000000	0.000000	0.000000	0.000000	0.000000	21.504805	0.426347
	indexed_palette_smalledge	png-8/g8_c66f802aba4106a7.png	palette/palette_046_p256_200x100.png	small	200	200	100	3012.805176	0.223827	0.055462	0.008902	0.007067	0.350000	0.320000	19.044146	3.331396	0.906966	209.000000	0.010450	0.014880	0.009810	2.000000	0.088030	0.068210	25.000000	0.823429	1.715746	72.419998	5.910000	0.376667	0.000000	0.000000	0.000000	8.000000	1.000000	0.786200	3.197664	2.314465	0.000000	0.000000	0.016667	0.011302	103.159210	0.370000	0.231376	0.012011	0.000000	20000.000000	9.903487	100.000000	200.000000	60000.000000	0.500000	0.693147	0.040000	0.433600	3.000000	4.083994	5.173099	5.590268	5.660038	5.831550	0.000000	0.709138	1.000000	1.000000	0.000000	0.027275	0.171772	0.352234	0.000000	29.000000	197.000000	255.000000	255.000000	0.000000	0.000000	0.142857	0.444444	0.000000	0.000000	0.000000	0.015873	0.000000	0.000000	0.000000	0.000000	0.000000	0.000000	0.000000	0.000000	0.000000	0.000000	0.000000	2.899666	0.383657
	hdr_widegamut	ultrahdr-conformance/awesome-gain-maps/rgba_uhdr.jpg	hdr/hdr_044_rgba_uhdr.jpg	tiny	32	31	32	178.139801	0.000000	0.079493	0.014748	0.008556	0.083333	0.000000	27.779474	0.000447	0.529487	276.000000	0.278226	0.001350	0.001390	0.000000	0.004450	0.004160	0.000000	0.005481	2.533947	9.833333	17.750000	0.000000	0.000000	0.000000	0.000000	0.000000	0.000000	0.035282	3.546680	0.291544	0.301633	0.119533	1.000000	0.212702	0.000000	0.000000	0.051587	0.031746	0.000000	992.000000	6.899723	31.000000	32.000000	2976.000000	0.968750	0.031749	0.032258	0.032258	3.000000																											0.000000	0.000000	0.000000										0.992026
	content_screencontent	wikimedia-webshapes/ScreenContent/3180be98baac96b4ceb5d5e2ce53d446ef5f4e46.jpg	illustration-screen/screencontent_142_182x256.png	small	256	182	256	6362.684082	0.411635	0.213824	0.009675	0.018837	0.116477	0.062500	89.192085	1.410385	0.798480	765.000000	0.023346	0.013640	0.018750	1.000000	0.485110	0.655470	64.000000	0.205187	3.661301	65.011360	32.693180	0.096591	0.000000	0.000000	0.000000	0.000000	0.000000	0.470145	4.388457	1.237846	0.152012	0.042974	0.240057	0.146549	41.611423	0.083807	0.209912	0.034407	0.000000	46592.000000	10.749184	182.000000	256.000000	139776.000000	0.710938	0.341171	0.010989	0.054945	3.000000	4.636311	5.133575	5.439022	5.511333	5.673018	1.000000	1.000000	1.000000	1.000000	0.105835	0.143305	0.525194	1.000000	19.000000	67.000000	131.000000	255.000000	255.000000	0.000000	0.095238	0.206349	0.285714	0.000000	0.000000	0.000000	0.047619	0.000000	0.000000	0.000000	0.000000	1.094733	2.690182	0.000000	0.015402	0.152012	0.000000	0.000000	2.557553	0.745701
	grayscale_nonpow2_small	png-8/wm_upload_wikimedia_org_6c92f6d413da73c6.png	grayscale/gray_014_91x91.png	small	91	91	91	1490.358765	0.741793	0.000000	0.000000	0.000000	0.016529	0.016529	0.000000	0.805938	0.638770	26.000000	0.003140	0.000000	0.000000	0.000000	0.000000	0.000000	0.000000	0.729417	3.409912	37.396694	0.000000	0.000000	0.000000	0.000000	0.000000	8.000000	1.000000	1.000000	4.544623	0.654003	0.475675	0.000000	0.107438	0.000000	29.787849	0.016529	0.171455	0.000000	1.000000	8281.000000	9.021719	91.000000	91.000000	24843.000000	1.000000	0.000000	0.112909	0.112909	3.000000	4.506245	4.877717	5.045611	5.195401	5.249703	0.614000	1.000000	1.000000	1.000000	0.000000	0.000000	0.000000	0.000000	60.000000	105.000000	148.000000	255.000000	255.000000	0.095238	0.126984	0.158730	0.190476	0.000000	0.000000	0.000000	0.000000	0.000000	0.000000	2.000000	0.297622	4.241365	4.302374	0.003329	0.418424	0.475675	0.000000	0.047619	0.828108	0.465403
	alpha_nonpow2_portrait	png-24-32/wm_upload_wikimedia_org_3c9b47e284aa5164.png	alpha/alpha_023_91x137.png	small	137	91	137	238.154648	0.020833	0.107999	0.001328	0.004588	0.903743	0.882353	43.970539	0.011563	1.363958	37.000000	0.002968	0.001530	0.001000	0.000000	0.120180	0.079040	17.000000	0.120907	0.363056	2.593583	9.122994	0.844920	0.000000	0.000000	0.000000	8.000000	1.000000	0.948263	0.469139	1.279063	0.000000	0.000000	0.026738	0.000000	16.101215	0.850267	0.012053	0.009761	0.000000	12467.000000	9.430840	91.000000	137.000000	37401.000000	0.664234	0.409121	0.108847	0.232053	3.000000	0.000000	0.000000	2.862988	4.499205	4.791492	0.000000	0.000000	0.000000	0.149734	0.000000	0.000000	0.000000	0.190479	0.000000	0.000000	0.000000	63.000000	160.000000	0.000000	0.000000	0.000000	0.000000	0.000000	0.000000	0.000000	0.000000	0.000000	0.000000	0.000000	0.000000	0.000000	0.000000	0.000000	0.000000	0.000000	0.000000	0.000000	65.277817	0.088679
	content_illustration	wikimedia-webshapes/Illustration/3d39ff625170c26110795d09ea5848fd90cb0127.png	illustration-screen/illustration_065_256x187.png	small	256	256	187	2169.852539	0.062724	0.049570	0.002604	0.001681	0.813859	0.808424	16.013544	0.452057	1.120922	134.000000	0.004089	0.011960	0.007570	4.000000	0.027490	0.011740	6.000000	0.104185	0.611770	25.354620	2.604620	0.834239	0.000000	0.000000	0.000000	8.000000	1.000000	0.988657	0.972510	2.022874	0.000000	0.000000	0.074728	0.000573	63.121502	0.827446	0.055361	0.004356	0.000000	47872.000000	10.776286	187.000000	256.000000	143616.000000	0.730469	0.314069	0.026738	0.026738	3.000000	0.000000	0.000000	5.261364	5.731326	5.794172	0.000000	0.000000	0.000000	1.000000	0.000000	0.000000	0.000000	0.000000	0.000000	0.000000	7.000000	235.000000	255.000000	0.000000	0.000000	0.000000	0.000000	0.000000	0.000000	0.000000	0.000000	0.000000	0.000000	0.000000	0.000000	0.000000	0.000000	0.000000	0.000000	0.000000	0.000000	0.000000	18.551214	0.159577
	indexed_palette_smalledge	png-8/web_deviantart_com_18b6908b38944a9c.png	palette/palette_047_p222_200x100.png	small	200	200	100	4567.368652	0.139290	0.134122	0.003094	0.004553	0.496667	0.453333	58.273506	0.131962	1.164342	89.000000	0.004450	0.003490	0.004600	0.000000	0.085000	0.073190	6.000000	0.106001	2.789652	22.616667	8.000000	0.550000	0.000000	0.000000	0.000000	8.000000	1.000000	0.430400	2.352468	2.224737	0.000000	0.000000	0.263333	0.000000	27.948378	0.686667	0.074974	0.014392	0.000000	20000.000000	9.903487	100.000000	200.000000	60000.000000	0.500000	0.693147	0.040000	0.433600	3.000000	3.332410	4.566071	4.908533	5.166696	5.496008	0.000000	0.322349	1.000000	1.000000	0.000000	0.025485	0.180314	0.567563	0.000000	14.000000	44.000000	123.000000	246.000000	0.000000	0.000000	0.031746	0.126984	0.000000	0.000000	0.000000	0.015873	0.000000	0.000000	0.000000	0.000000	0.000000	0.000000	0.000000	0.000000	0.000000	0.000000	0.000000	12.420811	0.458245
	content_illustration	wikimedia-webshapes/Illustration/2618ceaacebc523c0402280b3d343679e56981d6.jpg	illustration-screen/illustration_093_256x192.png	small	256	256	192	3385.586182	0.146802	0.090742	0.006743	0.007025	0.147135	0.000000	36.801178	0.141775	1.214286	1403.000000	0.042816	0.004330	0.002720	1.000000	0.025220	0.069630	10.000000	0.074130	4.235801	22.403646	8.164062	0.002604	0.000000	0.000000	0.000000	0.000000	0.000000	0.346659	3.810357	0.765264	0.201409	0.020531	0.449219	0.081055	21.981449	0.003906	0.092035	0.015852	0.000000	49152.000000	10.802672	192.000000	256.000000	147456.000000	0.750000	0.287682	0.000000	0.000000	3.000000	3.687672	4.394394	4.912923	5.083959	5.413615	0.314420	0.532289	1.000000	1.000000	0.028926	0.060317	0.179312	0.517606	7.000000	17.000000	35.000000	102.000000	255.000000	0.015873	0.031746	0.079365	0.142857	0.000000	0.000000	0.000000	0.031746	0.000000	0.000000	1.000000	1.999389	2.618293	2.881661	0.065985	0.140382	0.201409	0.000000	0.000000	16.528387	0.854290
	content_illustration	wikimedia-webshapes/Illustration/b7259bb30212a896be3b720a3cb5b40861a7630d.png	illustration-screen/illustration_076_253x256.png	small	256	253	256	5012.226074	0.191363	0.383163	0.059195	0.016026	0.307460	0.096774	132.835144	0.294118	0.831729	3090.000000	0.094299	0.066760	0.059260	2.000000	0.034900	0.032680	3.000000	0.076171	3.656239	32.668346	84.344757	0.110887	0.000000	0.000000	0.000000	0.000000	0.000000	0.169250	3.534455	1.653836	0.007925	0.024604	0.454637	0.108418	30.382248	0.117944	0.099862	0.070052	0.000000	64768.000000	11.078567	253.000000	256.000000	194304.000000	0.988281	0.011788	0.011858	0.011858	3.000000	4.302493	4.569338	5.290592	5.374978	5.443411	0.087077	1.000000	1.000000	1.000000	0.200572	1.000000	1.000000	1.000000	7.000000	25.000000	50.000000	135.000000	255.000000	0.000000	0.000000	0.095238	0.158730	0.000000	0.015873	0.079365	0.111111	0.000000	0.000000	0.000000	0.000000	0.000000	0.467978	0.000000	0.000000	0.007925	0.000000	0.000000	8.224005	0.708705
	hdr_widegamut	ultrahdr-conformance/awesome-gain-maps/cats/gm-Chinchilla_cat_(5833713404).jpg	hdr/hdr_022_gm-Chinchilla_cat_(5833713404).jpg	medium	600	600	401	5126.413086	0.140939	0.037059	0.001080	0.000825	0.359733	0.085067	12.924193	0.477752	1.384044	1094.000000	0.033386	0.000140	0.000160	0.000000	0.000530	0.000700	0.000000	0.253264	4.667192	12.804800	0.662400	0.024000	0.000000	0.000000	0.000000	0.000000	0.000000	0.241068	3.347065	0.980445	0.071526	0.000000	0.560000	0.040737	20.028112	0.121600	0.070921	0.001257	0.000000	240600.000000	12.390891	401.000000	600.000000	721800.000000	0.668333	0.402968	0.017456	0.051239	3.000000	3.480400	4.113776	4.500373	4.735363	5.031981	0.166859	0.396823	0.786271	1.000000	0.000000	0.022216	0.041555	0.068195	4.000000	16.000000	38.000000	133.000000	255.000000	0.000000	0.015873	0.047619	0.111111	0.000000	0.000000	0.000000	0.000000	0.000000	0.000000	0.000000	0.000000	1.690196	1.903092	0.000000	0.054607	0.071526	0.000000	0.000000	25.926134	0.841452
	content_illustration	wikimedia-webshapes/Illustration/3203d657776032b8f3877330c618de1867f64425.jpg	illustration-screen/illustration_048_231x256.png	small	256	231	256	4553.156738	0.525269	0.014881	0.002315	0.005030	0.279018	0.107143	6.107853	2.461689	0.645238	516.000000	0.015747	0.000580	0.000320	0.000000	0.014300	0.006410	1.000000	0.440731	3.935952	68.053574	1.151786	0.006696	0.000000	0.000000	0.000000	0.000000	0.000000	0.396425	4.189321	1.515288	0.048285	0.000000	0.101562	0.000135	34.670189	0.022321	0.267627	0.000779	0.000000	59136.000000	10.987596	231.000000	256.000000	177408.000000	0.902344	0.102760	0.004329	0.108225	3.000000	5.085540	5.236095	5.314342	5.362515	5.450742	0.106519	1.000000	1.000000	1.000000	0.012332	0.068594	0.106296	0.138416	33.000000	111.000000	181.000000	255.000000	255.000000	0.000000	0.000000	0.349206	0.412698	0.000000	0.000000	0.000000	0.000000	0.000000	0.000000	0.000000	0.808716	1.356985	1.647750	0.015716	0.032742	0.048285	0.000000	0.000000	-0.018213	0.676654
	wide_aspect_landscape_16x9	clic2025/training/22ea12c903e41583b7c469cb86040157.png	wide-aspect/wide_000_landscape_16x9_1280x720.png	medium	1280	1280	720	1328.830078	0.058318	0.273114	0.003688	0.005071	0.756597	0.405347	105.693413	0.244073	1.606627	2790.000000	0.085144	0.001450	0.001180	0.000000	0.020230	0.016420	9.000000	0.075066	2.885945	7.621963	9.210884	0.000000	0.000000	0.000000	0.000000	0.000000	0.000000	0.013407	2.292695	1.215640	0.019533	0.000000	0.203110	0.097722	18.949791	0.000000	0.023540	0.007944	0.000000	921600.000000	13.733867	720.000000	1280.000000	2764800.000000	0.562500	0.575364	0.000000	0.022222	3.000000	1.683357	2.924505	4.461858	4.703557	5.062389	0.024786	0.039697	0.207248	1.000000	0.000000	0.028131	0.101069	0.724795	2.000000	4.000000	14.000000	76.000000	255.000000	0.000000	0.000000	0.000000	0.015873	0.000000	0.000000	0.000000	0.000000	0.000000	0.000000	0.000000	0.777019	1.141744	1.253762	0.009410	0.015720	0.019533	0.000000	0.000000	33.248749	0.587023
	hdr_widegamut	wide-gamut/rec-2020-pq/flickr_c2d8824d6ffb6e60.jpg	hdr/hdr_001_flickr_c2d8824d6ffb6e60.jpg	medium	1024	756	1024	1468.555420	0.126928	0.096593	0.004284	0.002867	0.522357	0.385721	37.311359	0.533350	1.390862	1699.000000	0.051849	0.000750	0.000650	0.000000	0.002480	0.001880	0.000000	0.238182	3.965424	9.291591	4.060329	0.253199	0.000000	0.000000	0.000000	0.000000	0.000000	0.009559	2.600744	1.506731	0.019787	0.000000	0.280622	0.056902	15.634154	0.373857	0.058341	0.008415	0.000000	774144.000000	13.559513	756.000000	1024.000000	2322432.000000	0.738281	0.303430	0.005291	0.015873	3.000000	2.751748	4.084357	4.421884	4.623031	4.755758	0.030996	0.170977	0.765846	1.000000	0.000000	0.042979	0.136414	0.280184	2.000000	14.000000	37.000000	100.000000	255.000000	0.000000	0.000000	0.015873	0.095238	0.000000	0.000000	0.000000	0.015873	0.000000	0.000000	0.000000	0.000000	0.000000	0.903091	0.000000	0.000000	0.019787	0.000000	0.000000	15.195250	0.743772
	grayscale_nonpow2_small	png-8/wm_upload_wikimedia_org_8218fced06879ce3.png	grayscale/gray_015_137x137.png	small	137	137	137	1525.445068	0.290171	0.000000	0.000000	0.000000	0.262976	0.238754	0.000000	1.059495	0.630763	31.000000	0.001652	0.000000	0.000000	0.000000	0.000000	0.000000	0.000000	0.441262	1.752137	34.951557	0.000000	0.183391	0.000000	0.000000	0.000000	8.000000	1.000000	1.000000	3.671588	1.957804	0.000000	0.000000	0.065744	0.000000	40.944454	0.197232	0.157357	0.000000	1.000000	18769.000000	9.839962	137.000000	137.000000	56307.000000	1.000000	0.000000	0.104800	0.363951	3.000000	4.776159	5.030572	5.141933	5.182238	5.284357	0.057084	1.000000	1.000000	1.000000	0.000000	0.000000	0.000000	0.000000	3.000000	69.000000	153.000000	255.000000	255.000000	0.000000	0.000000	0.142857	0.238095	0.000000	0.000000	0.000000	0.000000	0.000000	0.000000	0.000000	0.000000	0.000000	0.000000	0.000000	0.000000	0.000000	0.000000	0.000000	1.738641	0.563269
	alpha_nonpow2_portrait	png-24-32/wm_upload_wikimedia_org_9ccd6d505d4c7bfc.png	alpha/alpha_024_91x137.png	small	137	91	137	252.511398	0.077369	0.000000	0.000000	0.000000	0.754011	0.727273	0.000000	0.341181	1.059500	22.000000	0.001765	0.000000	0.000000	0.000000	0.000000	0.000000	0.000000	1.212352	0.452794	8.411765	0.000000	0.727273	0.000000	0.000000	0.000000	8.000000	1.000000	1.000000	1.193641	1.921406	0.000000	0.000000	0.037433	0.000000	46.995914	0.716578	0.056786	0.000000	1.000000	12467.000000	9.430840	91.000000	137.000000	37401.000000	0.664234	0.409121	0.108847	0.232053	3.000000	0.000000	3.060503	4.707314	4.790776	5.006310	0.000000	0.000000	0.208420	1.000000	0.000000	0.000000	0.000000	0.000000	0.000000	0.000000	17.000000	255.000000	255.000000	0.000000	0.000000	0.000000	0.000000	0.000000	0.000000	0.000000	0.000000	0.000000	0.000000	0.000000	0.000000	0.000000	0.000000	0.000000	0.000000	0.000000	0.000000	0.000000	19.287634	0.153875
	content_screencontent	wikimedia-webshapes/ScreenContent/28d6faf27d3c986cd226c668d63d4199546cfa39.jpg	illustration-screen/screencontent_143_180x256.png	small	256	180	256	3696.539551	0.223332	0.055100	0.005784	0.004606	0.492898	0.241477	19.496531	0.823698	0.918806	800.000000	0.024414	0.003140	0.004530	0.000000	0.012640	0.018500	2.000000	0.156796	3.275380	42.116478	3.298295	0.207386	0.000000	0.000000	0.000000	0.000000	0.000000	0.068750	2.987781	1.964082	0.000000	0.000000	0.240057	0.196549	50.376595	0.211648	0.118709	0.006584	0.000000	46080.000000	10.738134	180.000000	256.000000	138240.000000	0.703125	0.352221	0.022222	0.066667	3.000000	3.218732	4.482019	5.580009	5.659935	5.711363	0.043210	0.310681	1.000000	1.000000	0.016711	0.052845	0.147999	0.254401	3.000000	25.000000	94.000000	255.000000	255.000000	0.000000	0.000000	0.031746	0.206349	0.000000	0.000000	0.000000	0.015873	0.000000	0.000000	0.000000	0.000000	0.000000	0.000000	0.000000	0.000000	0.000000	0.000000	0.000000	6.335292	0.607108
	content_illustration	wikimedia-webshapes/Illustration/873c3c805bf9955181c866eca8e52f723e1a5e19.jpg	illustration-screen/illustration_066_256x256.png	medium	256	256	256	8909.594727	0.088720	0.083463	0.000912	0.002078	0.605469	0.578125	33.166271	0.372842	0.945341	183.000000	0.005585	0.001240	0.000870	0.000000	0.043490	0.030270	13.000000	0.045110	1.745624	36.073242	3.094727	0.716797	0.000000	0.000000	0.000000	8.000000	1.000000	0.952087	2.089182	2.369323	0.000000	0.000000	0.312500	0.005417	49.660500	0.692383	0.062717	0.003705	0.000000	65536.000000	11.090355	256.000000	256.000000	196608.000000	1.000000	0.000000	0.000000	0.000000	3.000000	0.297628	4.525719	5.640880	5.759336	5.811084	0.000000	0.005629	1.000000	1.000000	0.000000	0.000000	0.000000	0.000000	0.000000	1.000000	55.000000	176.000000	255.000000	0.000000	0.000000	0.000000	0.095238	0.000000	0.000000	0.000000	0.000000	0.000000	0.000000	0.000000	0.000000	0.000000	0.000000	0.000000	0.000000	0.000000	0.000000	0.000000	12.752142	0.404775
	hdr_widegamut	ultrahdr-conformance/libultrahdr-benchmark/mountains.jpg	hdr/hdr_045_mountains_resized_640x481.jpg	medium	640	640	481	2806.998779	0.296740	0.247900	0.014169	0.006071	0.261667	0.144167	85.155647	0.980972	1.094872	3013.000000	0.091949	0.019000	0.018090	2.000000	0.020150	0.021630	4.000000	0.426305	4.309700	13.511666	9.126667	0.003333	0.000000	0.000000	0.000000	0.000000	0.000000	0.057186	3.446904	1.128943	0.044075	0.000000	0.196667	0.264720	15.282486	0.050000	0.098968	0.015251	0.000000	307840.000000	12.637336	481.000000	640.000000	923520.000000	0.751562	0.285601	0.014553	0.064449	3.000000	3.863171	4.230217	4.557817	4.717111	4.904887	0.124508	0.509653	0.845730	1.000000	0.042148	0.105917	0.275664	0.506348	14.000000	39.000000	69.000000	145.000000	255.000000	0.000000	0.015873	0.095238	0.158730	0.000000	0.000000	0.000000	0.031746	0.000000	0.000000	0.000000	1.179246	1.397940	1.543874	0.026958	0.036352	0.044075	0.000000	0.000000	5.348631	0.690854
	indexed_palette_smalledge	png-8/wm_upload_wikimedia_org_fc97e36047fcc6fc.png	palette/palette_048_p256_200x100.png	small	200	200	100	8018.848145	0.320299	0.092710	0.011724	0.005233	0.343333	0.256667	31.561365	1.955874	0.787610	189.000000	0.009450	0.046920	0.037470	9.000000	0.051210	0.040600	4.000000	0.408307	3.106140	78.059998	12.600000	0.310000	0.000000	0.000000	0.000000	8.000000	1.000000	0.633200	3.451047	2.208468	0.000000	0.000000	0.086667	0.004688	60.013332	0.343333	0.215556	0.019947	0.000000	20000.000000	9.903487	100.000000	200.000000	60000.000000	0.500000	0.693147	0.040000	0.433600	3.000000	4.681711	5.335599	5.501559	5.608627	5.705811	0.011258	1.000000	1.000000	1.000000	0.000000	0.034464	0.316682	0.852559	0.000000	77.000000	202.000000	255.000000	255.000000	0.000000	0.000000	0.111111	0.412698	0.000000	0.000000	0.000000	0.031746	0.000000	0.000000	0.000000	0.000000	0.000000	0.000000	0.000000	0.000000	0.000000	0.000000	0.000000	0.877644	0.463653
	content_illustration	wikimedia-webshapes/Illustration/3c4c7b01facd4582d413ad47e9e92d61bf777e61.png	illustration-screen/illustration_094_256x256.png	medium	256	256	256	6816.907227	0.026544	0.114072	0.003400	0.001148	0.880859	0.873047	57.223377	0.195170	1.159253	79.000000	0.002411	0.004990	0.002040	0.000000	0.004510	0.002480	0.000000	0.037566	0.841197	15.865234	5.255859	0.942383	0.000000	0.000000	0.000000	8.000000	1.000000	0.147552	0.706793	1.780352	0.000000	0.000000	0.099609	0.847809	54.106133	0.948242	0.021267	0.006789	0.000000	65536.000000	11.090355	256.000000	256.000000	196608.000000	1.000000	0.000000	0.000000	0.000000	3.000000	0.000000	0.000000	5.373320	5.563405	5.746099	0.000000	0.000000	0.000000	1.000000	0.000000	0.000000	0.000000	0.703617	0.000000	0.000000	0.000000	174.000000	255.000000	0.000000	0.000000	0.000000	0.000000	0.000000	0.000000	0.000000	0.000000	0.000000	0.000000	0.000000	0.000000	0.000000	0.000000	0.000000	0.000000	0.000000	0.000000	0.000000	45.449997	0.133004
	content_screencontent	wikimedia-webshapes/ScreenContent/4bb7538f308f4428b3778d1da86cf2b634096eeb.jpg	illustration-screen/screencontent_171_256x250.png	small	256	256	250	2090.964844	0.362777	0.041894	0.008767	0.006352	0.135081	0.000000	24.082796	1.386937	0.651963	394.000000	0.012024	0.003640	0.002830	0.000000	0.012000	0.009860	0.000000	0.281615	3.317495	44.827621	4.600806	0.006048	0.000000	0.000000	0.000000	0.000000	0.000000	0.003078	4.299159	0.887635	0.118735	0.035279	0.123992	0.828598	31.422800	0.000000	0.188956	0.009505	0.000000	64000.000000	11.066638	250.000000	256.000000	192000.000000	0.976562	0.023717	0.024000	0.024000	3.000000	4.699031	4.945502	5.122939	5.174372	5.244036	0.560988	1.000000	1.000000	1.000000	0.067351	0.152799	0.205579	0.274056	17.000000	65.000000	125.000000	255.000000	255.000000	0.000000	0.079365	0.190476	0.301587	0.000000	0.000000	0.000000	0.015873	0.000000	1.000000	2.000000	2.142233	2.323992	2.621160	0.055869	0.075079	0.118735	0.000000	0.000000	2.735603	0.697204
	content_illustration	wikimedia-webshapes/Illustration/520d23335f2c673dfb1f1a81deda4ef28c3aa961.jpg	illustration-screen/illustration_049_256x62.png	small	256	256	62	1289.956665	0.182633	0.156471	0.016535	0.012338	0.508929	0.000000	74.816673	0.103851	0.789734	1030.000000	0.064894	0.012870	0.024740	0.000000	0.094110	0.182190	11.000000	0.133495	3.187843	16.267857	17.267857	0.000000	0.000000	0.000000	0.000000	0.000000	0.000000	0.006489	3.196640	1.241588	0.043926	0.051889	0.196429	0.393276	17.348591	0.000000	0.074405	0.024802	0.000000	15872.000000	9.672312	62.000000	256.000000	47616.000000	0.242188	1.418043	0.032258	0.032258	3.000000	3.022113	4.571616	4.736036	4.809839	4.925054	0.059541	0.217633	1.000000	1.000000	0.066854	0.217054	0.497211	0.963672	4.000000	17.000000	49.000000	108.000000	198.000000	0.000000	0.000000	0.031746	0.142857	0.000000	0.000000	0.015873	0.047619	0.000000	0.000000	0.000000	1.690058	1.747703	1.816966	0.035375	0.039942	0.043926	0.000000	0.000000	7.860242	0.732897
	content_illustration	wikimedia-webshapes/Illustration/7a312bb5864db7305f70acfac4a05bf9327b83f4.png	illustration-screen/illustration_077_256x76.png	small	256	256	76	6295.623535	0.347658	0.000000	0.000000	0.000000	0.190972	0.006944	0.000000	1.497338	0.632958	32.000000	0.001645	0.000000	0.000000	0.000000	0.000000	0.000000	0.000000	0.150982	3.935803	101.545135	0.000000	0.225694	0.000000	0.000000	0.000000	8.000000	1.000000	1.000000	4.730978	1.151931	0.169880	0.000000	0.437500	0.000000	56.422916	0.378472	0.211861	0.000000	1.000000	19456.000000	9.875911	76.000000	256.000000	58368.000000	0.296875	1.214444	0.052632	0.263158	3.000000	5.149096	5.622494	5.752256	5.816500	5.850009	1.000000	1.000000	1.000000	1.000000	0.000000	0.000000	0.000000	0.000000	11.000000	99.000000	189.000000	255.000000	255.000000	0.015873	0.111111	0.111111	0.365079	0.000000	0.000000	0.000000	0.000000	0.000000	0.000000	0.000000	2.602060	2.627366	2.648360	0.160707	0.165327	0.169880	0.015873	0.015873	0.339230	0.800625
	hdr_widegamut	gainmap-samples/jpeg/apple_gainmap_new.jpg	hdr/hdr_002_apple_gainmap_new.jpg	medium	512	384	512	4616.245117	0.085768	0.103723	0.003130	0.002019	0.671875	0.414062	32.981297	0.292413	1.513817	1416.000000	0.043213	0.000610	0.000410	0.000000	0.002030	0.001350	0.000000	0.148262	3.984227	8.540039	2.160156	0.088867	0.000000	0.000000	0.000000	0.000000	0.000000	0.241603	2.194140	1.454722	0.008726	0.000000	0.311523	0.346161	30.916460	0.191406	0.031622	0.003922	0.000000	196608.000000	12.188967	384.000000	512.000000	589824.000000	0.750000	0.287682	0.000000	0.000000	3.000000	1.770852	3.321051	4.538070	4.868171	5.331093	0.027147	0.056901	0.335100	1.000000	0.000000	0.029016	0.062355	0.167089	1.000000	4.000000	24.000000	126.000000	255.000000	0.000000	0.000000	0.000000	0.031746	0.000000	0.000000	0.000000	0.000000	0.000000	0.000000	0.000000	0.000000	0.000000	0.467977	0.000000	0.000000	0.008726	0.000000	0.000000	26.929171	0.705594
	hdr_widegamut	ultrahdr-conformance/awesome-gain-maps/cats/gm-Kitten_with_paws_on_table_(square).jpg	hdr/hdr_023_gm-Kitten_with_paws_on_table_(square).jpg	medium	600	600	600	3252.428467	0.045228	0.000000	0.000000	0.000000	0.393600	0.006044	0.000000	0.093935	1.581898	32.000000	0.000977	0.000000	0.000000	0.000000	0.000000	0.000000	0.000000	0.063508	4.406043	9.690666	0.000000	0.002667	0.000000	0.000000	0.000000	8.000000	1.000000	1.000000	3.365435	0.631151	0.150255	0.000000	0.502222	0.000000	14.733504	0.006222	0.041961	0.000000	1.000000	360000.000000	12.793859	600.000000	600.000000	1080000.000000	1.000000	0.000000	0.000000	0.026844	3.000000	3.265746	3.791129	4.217714	4.459935	4.985358	0.191898	0.318247	0.605004	1.000000	0.000000	0.000000	0.000000	0.000000	5.000000	10.000000	18.000000	47.000000	255.000000	0.000000	0.015873	0.031746	0.063492	0.000000	0.000000	0.000000	0.000000	0.000000	0.000000	1.000000	2.261858	2.561623	2.669651	0.099226	0.125963	0.150255	0.000000	0.000000	34.343739	0.841927
	wide_aspect_landscape_16x9	clic2025/training/28d24b9c83de066597ff96a68769884f.png	wide-aspect/wide_013_landscape_16x9_1280x720.png	medium	1280	1280	720	3142.693604	0.025688	0.160921	0.002247	0.001466	0.772986	0.136528	68.507843	0.085656	1.862324	1582.000000	0.048279	0.000310	0.000270	0.000000	0.001200	0.001230	0.000000	0.070953	4.220441	4.256560	0.701652	0.000000	0.000000	0.000000	0.000000	0.000000	0.000000	0.210558	2.379807	0.943277	0.025484	0.000000	0.281827	0.461389	15.616703	0.001944	0.021025	0.001357	0.000000	921600.000000	13.733867	720.000000	1280.000000	2764800.000000	0.562500	0.575364	0.000000	0.022222	3.000000	2.077311	3.021286	3.809407	4.282367	4.873325	0.042656	0.077994	0.241965	0.624393	0.018018	0.028781	0.043663	0.069466	2.000000	4.000000	8.000000	41.000000	255.000000	0.000000	0.000000	0.000000	0.015873	0.000000	0.000000	0.000000	0.000000	0.000000	0.000000	0.000000	0.951216	1.253762	1.379928	0.013550	0.021707	0.025484	0.000000	0.000000	91.855644	0.729071
	grayscale_nonpow2_small	png-8/wm_upload_wikimedia_org_c383e1ac2e8f030b.png	grayscale/gray_016_73x73.png	small	73	73	73	13872.224609	0.305748	0.000000	0.000000	0.000000	0.160494	0.123457	0.000000	1.193768	0.514626	32.000000	0.006005	0.000000	0.000000	0.000000	0.000000	0.000000	0.000000	0.161685	2.471633	146.061722	0.000000	0.098765	0.000000	0.000000	0.000000	8.000000	1.000000	1.000000	4.681818	1.681261	0.021187	0.000000	0.296296	0.000000	61.459938	0.098765	0.280423	0.000000	1.000000	5329.000000	8.580919	73.000000	73.000000	15987.000000	1.000000	0.000000	0.200976	0.729405	3.000000														8.000000	120.000000	232.000000	255.000000	255.000000									0.000000	0.000000	0.000000									-0.261340	0.707808
	content_illustration	wikimedia-webshapes/Illustration/fcfc3a2e311bcd2946df8d661bcdd9eab8fe7bda.jpg	illustration-screen/illustration_067_80x80.png	small	80	80	80	1798.080078	0.233136	0.061168	0.002484	0.003824	0.390000	0.130000	23.173332	0.290236	0.690740	532.000000	0.083125	0.000410	0.000440	0.000000	0.005140	0.004070	0.000000	0.123909	2.883580	37.599998	5.330000	0.100000	0.000000	0.000000	0.000000	0.000000	0.000000	0.087812	3.295037	1.761705	0.025163	0.000000	0.480000	0.129531	41.761784	0.120000	0.102063	0.009048	0.000000	6400.000000	8.764053	80.000000	80.000000	19200.000000	1.000000	0.000000	0.000000	0.440000	3.000000	3.774517	5.124550	5.303479	5.331739	5.366389	0.052684	0.608363	1.000000	1.000000	0.035488	0.078829	0.157852	0.353449	4.000000	40.000000	114.000000	209.000000	255.000000	0.000000	0.000000	0.047619	0.190476	0.000000	0.000000	0.000000	0.015873	0.000000	0.000000	0.000000	0.000000	0.000000	1.113941	0.000000	0.000000	0.025163	0.000000	0.000000	3.235187	0.786677
	content_illustration	wikimedia-webshapes/Illustration/8da6c88301669d1d8e168626f3aa54eab3d46fbe.jpg	illustration-screen/illustration_078_255x96.png	small	255	255	96	894.609009	0.373021	0.143809	0.027132	0.019695	0.271505	0.000000	70.759674	0.337664	0.774005	1649.000000	0.067361	0.051010	0.038280	1.000000	0.175310	0.207360	12.000000	0.351234	3.555177	21.309139	20.341398	0.000000	0.000000	0.000000	0.000000	0.000000	0.000000	0.003717	3.790610	1.030369	0.069083	0.068486	0.083333	0.577696	16.368187	0.000000	0.123955	0.036866	0.000000	24480.000000	10.105612	96.000000	255.000000	73440.000000	0.376471	0.976915	0.003922	0.003922	3.000000	4.318233	4.531899	4.669923	4.734800	4.914475	0.142561	0.891312	1.000000	1.000000	0.124268	0.349269	0.615633	0.810170	15.000000	45.000000	81.000000	148.000000	255.000000	0.000000	0.015873	0.126984	0.206349	0.000000	0.000000	0.031746	0.063492	0.000000	0.000000	1.000000	1.679967	1.930615	2.069807	0.035188	0.055266	0.069083	0.000000	0.000000	3.279287	0.697088
	alpha_nonpow2_portrait	png-24-32/wm_upload_wikimedia_org_268936a7d77ab7ee.png	alpha/alpha_025_91x137.png	small	137	91	137	5746.366699	0.196078	0.128947	0.006393	0.005345	0.438503	0.390374	46.979137	0.349687	0.857675	423.000000	0.033930	0.012140	0.019610	5.000000	0.066190	0.202250	28.000000	0.134829	3.158988	46.550800	17.395721	0.401070	0.000000	0.000000	0.000000	0.000000	0.000000	0.823374	2.893631	2.409114	0.000000	0.000000	0.320856	0.018988	42.702652	0.422460	0.128088	0.024871	0.000000	12467.000000	9.430840	91.000000	137.000000	37401.000000	0.664234	0.409121	0.108847	0.232053	3.000000	4.065659	5.136785	5.426462	5.473345	5.682968	0.000000	0.817144	1.000000	1.000000	0.000000	0.000000	0.342189	0.805039	0.000000	19.000000	98.000000	224.000000	255.000000	0.000000	0.000000	0.111111	0.253968	0.000000	0.000000	0.000000	0.031746	0.000000	0.000000	0.000000	0.000000	0.000000	0.000000	0.000000	0.000000	0.000000	0.000000	0.000000	5.677795	0.528032
	content_illustration	wikimedia-webshapes/Illustration/5a3c26558483f20937c504e718c1eab1e88274b2.png	illustration-screen/illustration_068_256x143.png	small	256	256	143	8634.242188	0.102826	0.252073	0.003448	0.009234	0.580882	0.564338	120.897034	0.489243	0.840198	98.000000	0.002991	0.004730	0.005460	0.000000	0.224470	0.262450	11.000000	0.047432	1.971493	54.663605	27.240808	0.612132	0.000000	0.000000	0.000000	8.000000	1.000000	0.560123	2.391676	2.547642	0.000000	0.000000	0.363971	0.017435	52.568996	0.656250	0.083829	0.023255	0.000000	36608.000000	10.508022	143.000000	256.000000	109824.000000	0.558594	0.582333	0.006993	0.118881	3.000000	0.903090	5.344251	5.581555	5.776189	5.816399	0.000000	0.020778	1.000000	1.000000	0.000000	0.000000	0.297187	1.000000	0.000000	4.000000	87.000000	207.000000	255.000000	0.000000	0.000000	0.000000	0.111111	0.000000	0.000000	0.000000	0.015873	0.000000	0.000000	0.000000	0.000000	0.000000	0.000000	0.000000	0.000000	0.000000	0.000000	0.000000	7.416965	0.447647
	content_illustration	wikimedia-webshapes/Illustration/3db9857872279111c18acb448137a7d0435f2f42.png	illustration-screen/illustration_095_256x115.png	small	256	256	115	2408.061523	0.478116	0.101517	0.025862	0.018813	0.011161	0.000000	47.745087	0.727265	0.722115	1444.000000	0.049049	0.025070	0.020190	1.000000	0.086220	0.071510	6.000000	0.208723	4.248671	49.049107	17.915178	0.000000	0.000000	0.000000	0.000000	0.000000	0.000000	0.073064	4.600065	0.506923	0.635405	0.162985	0.160714	0.775286	28.103832	0.000000	0.216376	0.043438	0.000000	29440.000000	10.290110	115.000000	256.000000	88320.000000	0.449219	0.800245	0.043478	0.113043	3.000000	4.668062	4.958972	5.160084	5.268177	5.404975	1.000000	1.000000	1.000000	1.000000	0.246483	0.373989	0.540859	0.641370	30.000000	65.000000	109.000000	205.000000	255.000000	0.095238	0.142857	0.222222	0.285714	0.015873	0.015873	0.047619	0.063492	0.000000	2.000000	4.000000	3.015333	3.616566	3.989291	0.204737	0.421213	0.635405	0.000000	0.063492	2.803129	0.775655
	hdr_widegamut	ultrahdr-conformance/awesome-gain-maps/gain_mapped-photo-phi_falls.jpg	hdr/hdr_029_gain_mapped-photo-phi_falls_resized_640x426.jpg	medium	640	640	426	2362.564453	0.150471	0.091984	0.004268	0.002930	0.297642	0.011321	34.007717	0.523863	1.249588	2312.000000	0.070557	0.001180	0.002130	0.000000	0.003160	0.005710	1.000000	0.291051	4.247660	12.587736	3.866038	0.000000	0.000000	0.000000	0.000000	0.000000	0.000000	0.050994	3.462757	0.842080	0.095473	0.022567	0.409434	0.042726	19.103743	0.010377	0.075936	0.007323	0.000000	272640.000000	12.515907	426.000000	640.000000	817920.000000	0.665625	0.407029	0.014085	0.051643	3.000000	3.623036	4.066801	4.461520	4.680435	5.018909	0.203623	0.433841	0.748901	1.000000	0.037352	0.075276	0.142623	0.225274	5.000000	20.000000	45.000000	128.000000	255.000000	0.000000	0.015873	0.047619	0.111111	0.000000	0.000000	0.000000	0.015873	0.000000	0.000000	0.000000	1.427326	1.907730	2.192950	0.035665	0.065999	0.095473	0.000000	0.000000	17.510185	0.795121
	content_screencontent	wikimedia-webshapes/ScreenContent/0cac37b2d7ffb37eef3065406669e5b273f0072c.jpg	illustration-screen/screencontent_144_166x256.png	small	256	166	256	3399.546387	0.253001	0.288021	0.034318	0.024082	0.304688	0.054688	99.977402	0.863063	0.754099	2455.000000	0.074921	0.107640	0.060510	12.000000	0.306020	0.177170	27.000000	0.193096	3.839076	50.948437	43.504688	0.009375	0.000000	0.000000	0.000000	0.000000	0.000000	0.024543	3.880173	1.414352	0.046467	0.024523	0.298438	0.144814	41.896976	0.000000	0.166344	0.058532	0.000000	42496.000000	10.657166	166.000000	256.000000	127488.000000	0.648438	0.433190	0.012048	0.156627	3.000000	4.447204	5.126450	5.366722	5.412733	5.460626	0.122205	1.000000	1.000000	1.000000	0.055702	0.433478	0.907954	1.000000	6.000000	37.000000	109.000000	255.000000	255.000000	0.000000	0.000000	0.126984	0.301587	0.000000	0.000000	0.047619	0.095238	0.000000	0.000000	0.000000	1.031408	1.422989	1.637865	0.019247	0.031950	0.046467	0.000000	0.000000	4.870782	0.795399
	hdr_widegamut	gainmap-samples/jpeg/apple_gainmap_old.jpg	hdr/hdr_003_apple_gainmap_old.jpg	medium	512	384	512	4616.245117	0.085768	0.103723	0.003130	0.002019	0.671875	0.414062	32.981297	0.292413	1.513817	1416.000000	0.043213	0.000610	0.000410	0.000000	0.002030	0.001350	0.000000	0.148262	3.984227	8.540039	2.160156	0.088867	0.000000	0.000000	0.000000	0.000000	0.000000	0.241603	2.194140	1.454722	0.008726	0.000000	0.311523	0.346161	30.916460	0.191406	0.031622	0.003922	0.000000	196608.000000	12.188967	384.000000	512.000000	589824.000000	0.750000	0.287682	0.000000	0.000000	3.000000	1.770852	3.321051	4.538070	4.868171	5.331093	0.027147	0.056901	0.335100	1.000000	0.000000	0.029016	0.062355	0.167089	1.000000	4.000000	24.000000	126.000000	255.000000	0.000000	0.000000	0.000000	0.031746	0.000000	0.000000	0.000000	0.000000	0.000000	0.000000	0.000000	0.000000	0.000000	0.467977	0.000000	0.000000	0.008726	0.000000	0.000000	26.929171	0.705594
	content_screencontent	wikimedia-webshapes/ScreenContent/f2bbe690ccec2c908f875e36e99c8ff13315b944.png	illustration-screen/screencontent_172_256x218.png	small	256	256	218	5855.282227	0.381772	0.000000	0.000000	0.000000	0.190972	0.146991	0.000000	3.897463	0.576510	32.000000	0.000977	0.000000	0.000000	0.000000	0.000000	0.000000	0.000000	0.265138	2.726566	114.092590	0.000000	0.030093	0.000000	0.000000	0.000000	8.000000	1.000000	1.000000	4.510467	1.613071	0.026025	0.000000	0.172454	0.000000	61.605927	0.020833	0.275794	0.000000	1.000000	55808.000000	10.929672	218.000000	256.000000	167424.000000	0.851562	0.160682	0.027523	0.027523	3.000000	5.273339	5.526507	5.699271	5.722557	5.746832	1.000000	1.000000	1.000000	1.000000	0.000000	0.000000	0.000000	0.000000	12.000000	119.000000	216.000000	255.000000	255.000000	0.000000	0.095238	0.333333	0.444444	0.000000	0.000000	0.000000	0.000000	0.000000	0.000000	0.000000	0.477123	1.031410	1.388057	0.007233	0.015018	0.026025	0.000000	0.000000	-0.218750	0.679700
	hdr_widegamut	ultrahdr-conformance/libultrahdr-testdata/jpeg_image.jpg	hdr/hdr_046_jpeg_image.jpg	medium	1280	1280	720	1322.149292	0.003711	0.166419	0.001119	0.001035	0.965972	0.895139	62.447582	0.053333	2.311850	487.000000	0.014862	0.000550	0.000580	0.000000	0.003930	0.003260	1.000000	0.085952	2.290364	0.719145	3.153547	0.965986	0.000000	0.000000	0.000000	0.000000	0.000000	0.000428	0.207720	0.761876	0.000000	0.000000	0.036929	0.100368	61.475971	0.976676	0.002036	0.001774	0.000000	921600.000000	13.733867	720.000000	1280.000000	2764800.000000	0.562500	0.575364	0.000000	0.022222	3.000000	0.000000	0.000000	0.000000	1.230049	3.793511	0.000000	0.000000	0.000000	0.000000	0.000000	0.000000	0.000000	0.029720	0.000000	0.000000	0.000000	11.000000	255.000000	0.000000	0.000000	0.000000	0.000000	0.000000	0.000000	0.000000	0.000000	0.000000	0.000000	0.000000	0.000000	0.000000	0.000000	0.000000	0.000000	0.000000	0.000000	0.000000	467.232666	0.066641
	grayscale_nonpow2_small	png-8/wm_upload_wikimedia_org_298f3d1e5407c2bf.png	grayscale/gray_017_73x73.png	small	73	73	73	11446.833984	0.408951	0.000000	0.000000	0.000000	0.024691	0.024691	0.000000	1.329910	0.408469	32.000000	0.006005	0.000000	0.000000	0.000000	0.000000	0.000000	0.000000	0.125760	2.549755	229.197525	0.000000	0.000000	0.000000	0.000000	0.000000	8.000000	1.000000	1.000000	5.473210	0.700857	1.000000	0.000000	0.469136	0.000000	67.295059	0.000000	0.384676	0.000000	1.000000	5329.000000	8.580919	73.000000	73.000000	15987.000000	1.000000	0.000000	0.200976	0.729405	3.000000														33.000000	159.000000	238.000000	255.000000	255.000000									0.000000	0.000000	0.000000									-0.982822	0.860558
	hdr_widegamut	ultrahdr-conformance/awesome-gain-maps/gain_mapped-medical-z-line-0a6bdc13-99b5-4287-8380-b469e7a397cf.jpg	hdr/hdr_024_gain_mapped-medical-z-line-0a6bdc13-99b5-4287-8380-b469e7a397cf_resized_640x357.jpg	medium	640	640	357	3885.738770	0.021594	0.106476	0.001585	0.002603	0.726705	0.298580	55.107189	0.289768	1.808802	813.000000	0.024811	0.000280	0.000270	0.000000	0.007080	0.002890	2.000000	0.281902	3.604162	5.568995	1.479557	0.299830	0.000000	0.000000	0.000000	0.000000	0.000000	0.337990	2.174926	1.516776	0.000000	0.000000	0.063884	0.610272	51.898708	0.298126	0.027879	0.002934	0.000000	228480.000000	12.339204	357.000000	640.000000	685440.000000	0.557813	0.583732	0.008403	0.075630	3.000000	2.768222	3.106526	3.519927	4.437286	5.310954	0.000000	0.150095	0.249345	0.422475	0.000000	0.049597	0.081069	0.120246	3.000000	8.000000	14.000000	103.000000	255.000000	0.000000	0.000000	0.000000	0.031746	0.000000	0.000000	0.000000	0.000000	0.000000	0.000000	0.000000	0.000000	0.000000	0.000000	0.000000	0.000000	0.000000	0.000000	0.000000	85.110863	0.490493
	content_illustration	wikimedia-webshapes/Illustration/fd86b7e5c4b8729a4324d5868d90716b75c56ecd.jpg	illustration-screen/illustration_050_256x192.png	small	256	256	192	3063.038330	0.099353	0.059887	0.007969	0.006934	0.457031	0.000000	22.321863	0.098589	1.248740	1284.000000	0.039185	0.004150	0.004720	0.000000	0.031670	0.022500	9.000000	0.156555	4.259881	10.368489	4.167969	0.007812	0.000000	0.000000	0.000000	0.000000	0.000000	0.237874	3.187063	0.935379	0.049727	0.024681	0.334635	0.031881	15.969539	0.000000	0.058346	0.008619	0.000000	49152.000000	10.802672	192.000000	256.000000	147456.000000	0.750000	0.287682	0.000000	0.000000	3.000000	3.199207	3.911836	4.461618	4.669210	4.871170	0.110967	0.294395	0.666069	1.000000	0.031439	0.059560	0.133937	0.310120	3.000000	10.000000	29.000000	89.000000	237.000000	0.000000	0.000000	0.031746	0.079365	0.000000	0.000000	0.000000	0.015873	0.000000	0.000000	0.000000	1.536044	1.715481	1.824451	0.029463	0.040883	0.049727	0.000000	0.000000	18.180765	0.783316
	alpha_nonpow2_portrait	png-24-32/wm_upload_wikimedia_org_2491e95e076862f9.png	alpha/alpha_026_91x137.png	small	137	91	137	601.989563	0.257761	0.038634	0.003992	0.002321	0.165775	0.074866	12.597701	0.259420	0.825045	186.000000	0.014919	0.010290	0.011060	1.000000	0.021890	0.024280	3.000000	0.368812	2.274341	18.871658	2.668449	0.326203	0.000000	0.000000	0.000000	8.000000	1.000000	0.967274	3.738847	1.107875	0.059754	0.000000	0.053476	0.000000	25.785082	0.385027	0.113318	0.009167	0.000000	12467.000000	9.430840	91.000000	137.000000	37401.000000	0.664234	0.409121	0.108847	0.232053	3.000000	3.775970	4.602592	4.865373	4.902343	4.996121	0.456889	0.539472	1.000000	1.000000	0.000000	0.000000	0.000000	0.461714	6.000000	29.000000	71.000000	193.000000	255.000000	0.000000	0.063492	0.079365	0.142857	0.000000	0.000000	0.000000	0.000000	0.000000	0.000000	0.000000	0.000000	0.903084	1.862485	0.000000	0.019787	0.059754	0.000000	0.000000	9.087710	0.688430
	content_illustration	wikimedia-webshapes/Illustration/b95b8a435de4c3bec1b1fea0a19a52459cb32052.png	illustration-screen/illustration_079_256x256.png	medium	256	256	256	4304.439941	0.091334	0.000000	0.000000	0.000000	0.629883	0.605469	0.000000	0.438177	0.739022	23.000000	0.000702	0.000000	0.000000	0.000000	0.000000	0.000000	0.000000	0.085244	1.358172	33.611328	0.000000	0.613281	0.000000	0.000000	0.000000	8.000000	1.000000	1.000000	1.981371	2.419285	0.000000	0.000000	0.226562	0.000000	39.384117	0.591797	0.085007	0.000000	1.000000	65536.000000	11.090355	256.000000	256.000000	196608.000000	1.000000	0.000000	0.000000	0.000000	3.000000	0.000000	5.088483	5.370911	5.396934	5.412270	0.000000	0.000000	1.000000	1.000000	0.000000	0.000000	0.000000	0.000000	0.000000	2.000000	48.000000	185.000000	255.000000	0.000000	0.000000	0.000000	0.206349	0.000000	0.000000	0.000000	0.000000	0.000000	0.000000	0.000000	0.000000	0.000000	0.000000	0.000000	0.000000	0.000000	0.000000	0.000000	10.014799	0.346743
	content_illustration	wikimedia-webshapes/Illustration/aa756098e081bac1b49a84c298e52f591c76b59c.png	illustration-screen/illustration_096_255x254.png	small	255	255	254	7428.999512	0.095536	0.241479	0.005145	0.007478	0.634755	0.586889	101.798981	0.693564	0.955672	153.000000	0.004669	0.008040	0.009870	0.000000	0.110920	0.142970	9.000000	0.097659	1.672770	42.493237	19.221643	0.602497	0.000000	0.000000	0.000000	8.000000	1.000000	0.715779	2.052928	2.422206	0.000000	0.000000	0.199792	0.012887	54.899300	0.578564	0.096444	0.024396	0.000000	64770.000000	11.078598	254.000000	255.000000	194310.000000	0.996078	0.003929	0.011826	0.011826	3.000000	0.297623	5.054585	5.486581	5.673963	5.788274	0.000000	0.005363	1.000000	1.000000	0.000000	0.000000	0.081252	1.000000	0.000000	0.000000	52.000000	222.000000	255.000000	0.000000	0.000000	0.000000	0.222222	0.000000	0.000000	0.000000	0.000000	0.000000	0.000000	0.000000	0.000000	0.000000	0.000000	0.000000	0.000000	0.000000	0.000000	0.000000	10.400501	0.359620
	grayscale_nonpow2_small	png-8/g8_3aa497e41338e1a3.png	grayscale/gray_018_73x73.png	small	73	73	73	1250.615967	0.257137	0.000000	0.000000	0.000000	0.000000	0.000000	0.000000	1.409648	0.748673	25.000000	0.004691	0.000000	0.000000	0.000000	0.000000	0.000000	0.000000	1.702324	2.920042	21.234568	0.000000	0.024691	0.000000	0.000000	0.000000	8.000000	1.000000	1.000000	3.855292	0.633829	0.344465	0.000000	0.012346	0.000000	54.137642	0.000000	0.065844	0.000000	1.000000	5329.000000	8.580919	73.000000	73.000000	15987.000000	1.000000	0.000000	0.200976	0.729405	3.000000														13.000000	33.000000	217.000000	255.000000	255.000000									0.000000	0.000000	1.000000									1.695918	0.649657
	hdr_widegamut	ultrahdr-conformance/libultrahdr-testdata/minnie-320x240-rgb.jpg	hdr/hdr_047_minnie-320x240-rgb.jpg	medium	320	320	240	4341.978516	0.097743	0.035862	0.002811	0.001927	0.303333	0.043333	13.940920	0.235304	0.985016	816.000000	0.024902	0.000340	0.000340	0.000000	0.001210	0.000960	0.000000	0.067679	4.164514	27.799999	1.639167	0.001667	0.000000	0.000000	0.000000	0.000000	0.000000	0.056562	3.610033	1.160818	0.064470	0.017123	0.760833	0.040495	31.117426	0.031667	0.083029	0.002646	0.000000	76800.000000	11.248960	240.000000	320.000000	230400.000000	0.750000	0.287682	0.000000	0.066667	3.000000	3.666645	4.585347	5.135148	5.255902	5.362742	0.212113	0.533552	1.000000	1.000000	0.031518	0.053125	0.077691	0.113337	3.000000	9.000000	34.000000	128.000000	255.000000	0.000000	0.015873	0.047619	0.126984	0.000000	0.000000	0.000000	0.000000	0.000000	0.000000	0.000000	1.113942	1.487846	1.860993	0.022319	0.036976	0.064470	0.000000	0.000000	13.881200	0.920797
	hdr_widegamut	ultrahdr-conformance/awesome-gain-maps/gain_mapped-photo-tokyo.jpg	hdr/hdr_030_gain_mapped-photo-tokyo_resized_640x426.jpg	medium	640	640	426	2988.051270	0.362949	0.158037	0.023892	0.018751	0.195755	0.044340	59.406712	2.532270	0.946987	12726.000000	0.388367	0.055690	0.049490	15.000000	0.222610	0.189190	40.000000	0.301469	4.177671	40.541508	32.879246	0.001887	0.000000	0.000000	0.000000	0.000000	0.000000	0.118750	4.041405	1.091370	0.090806	0.000000	0.214151	0.221647	34.460175	0.000000	0.166667	0.038080	0.000000	272640.000000	12.515907	426.000000	640.000000	817920.000000	0.665625	0.407029	0.014085	0.051643	3.000000	4.361463	4.895157	5.161094	5.273750	5.414005	0.347602	1.000000	1.000000	1.000000	0.052435	0.154063	0.442371	1.000000	16.000000	52.000000	112.000000	255.000000	255.000000	0.000000	0.047619	0.142857	0.269841	0.000000	0.000000	0.015873	0.063492	0.000000	0.000000	1.000000	1.306090	1.672094	2.302622	0.028276	0.046382	0.090806	0.000000	0.000000	4.240273	0.742943
	content_illustration	wikimedia-webshapes/Illustration/b49e4b0c652897319e0541428e168e7638681bdb.png	illustration-screen/illustration_051_256x256.png	medium	256	256	256	919.420654	0.054748	0.000773	0.000142	0.000018	0.855469	0.845703	0.505597	0.740564	1.255767	52.000000	0.001587	0.000010	0.000010	0.000000	0.000000	0.000000	0.000000	0.272628	0.364242	16.158203	0.000000	0.924805	0.000000	0.000000	0.000000	8.000000	1.000000	1.000000	0.841709	1.866379	0.000000	0.000000	0.049805	0.000000	59.710888	0.924805	0.036644	0.000000	0.000000	65536.000000	11.090355	256.000000	256.000000	196608.000000	1.000000	0.000000	0.000000	0.000000	3.000000	0.000000	0.000000	5.199440	5.279633	5.685678	0.000000	0.000000	0.000000	1.000000	0.000000	0.000000	0.000000	0.000000	0.000000	0.000000	7.000000	255.000000	255.000000	0.000000	0.000000	0.000000	0.000000	0.000000	0.000000	0.000000	0.000000	0.000000	0.000000	0.000000	0.000000	0.000000	0.000000	0.000000	0.000000	0.000000	0.000000	0.000000	17.994356	0.151260
	hdr_widegamut	ultrahdr-conformance/awesome-gain-maps/gain_mapped-photo-airborne_by_christopher_klein.jpg	hdr/hdr_025_gain_mapped-photo-airborne_by_christopher_klein.jpg	medium	500	500	361	3287.574951	0.308166	0.037706	0.003514	0.001747	0.089606	0.001792	15.655724	1.004810	0.943075	1102.000000	0.033630	0.000440	0.000450	0.000000	0.001010	0.001040	0.000000	0.150269	4.490180	35.035126	2.852330	0.004301	0.000000	0.000000	0.000000	0.000000	0.000000	0.084593	4.187960	0.798539	0.279053	0.018859	0.386380	0.002039	26.048098	0.013620	0.150469	0.005632	0.000000	180500.000000	12.103486	361.000000	500.000000	541500.000000	0.722000	0.325730	0.027546	0.089241	3.000000	4.320868	4.843992	5.079711	5.178686	5.333279	0.455063	0.974829	1.000000	1.000000	0.038300	0.067324	0.108953	0.165807	15.000000	40.000000	80.000000	173.000000	255.000000	0.031746	0.063492	0.126984	0.222222	0.000000	0.000000	0.000000	0.015873	0.000000	0.000000	1.000000	1.798910	2.801361	3.183443	0.062265	0.182251	0.279053	0.000000	0.015873	5.815636	0.800749
	alpha_nonpow2_portrait	png-24-32/wm_upload_wikimedia_org_be3bac6ca41d3072.png	alpha/alpha_027_91x137.png	small	137	91	137	8921.029297	0.439624	0.260649	0.029065	0.022769	0.080214	0.053476	103.072990	2.171333	0.538272	1307.000000	0.104837	0.133060	0.189490	36.000000	0.495140	0.750270	155.000000	0.232451	3.689681	140.245987	62.941177	0.133690	0.000000	0.000000	0.000000	0.000000	0.000000	0.336007	4.989056	1.125873	0.591234	0.123825	0.213904	0.044118	57.485199	0.128342	0.315253	0.079959	0.000000	12467.000000	9.430840	91.000000	137.000000	37401.000000	0.664234	0.409121	0.108847	0.232053	3.000000	5.385207	5.513134	5.611102	5.733512	5.756838	1.000000	1.000000	1.000000	1.000000	0.298490	0.655282	1.000000	1.000000	32.000000	133.000000	232.000000	255.000000	255.000000	0.095238	0.111111	0.349206	0.460317	0.000000	0.047619	0.079365	0.111111	0.000000	0.000000	0.000000	0.808715	1.812911	4.029480	0.010973	0.037135	0.591234	0.000000	0.000000	-0.538749	0.732236
	content_illustration	wikimedia-webshapes/Illustration/2557164d9fa098a63d7272daab4897c9fc18dab1.png	illustration-screen/illustration_097_170x256.png	small	256	170	256	499.015533	0.011463	0.000000	0.000000	0.000000	0.934524	0.918155	0.000000	0.006538	1.742804	10.000000	0.000305	0.000000	0.000000	0.000000	0.000000	0.000000	0.000000	0.089011	1.317922	1.029762	0.000000	0.909226	0.000000	0.000000	0.000000	4.000000	1.000000	1.000000	0.376478	1.038720	0.000000	0.000000	0.037202	0.000000	12.590466	0.919643	0.006212	0.000000	1.000000	43520.000000	10.680976	170.000000	256.000000	130560.000000	0.664062	0.409379	0.035294	0.129412	3.000000	0.000000	0.000000	1.602059	3.508765	4.558690	0.000000	0.000000	0.000000	0.038487	0.000000	0.000000	0.000000	0.000000	0.000000	0.000000	0.000000	30.000000	93.000000	0.000000	0.000000	0.000000	0.000000	0.000000	0.000000	0.000000	0.000000	0.000000	0.000000	0.000000	0.000000	0.000000	0.000000	0.000000	0.000000	0.000000	0.000000	0.000000	98.699959	0.098654
	hdr_widegamut	gainmap-samples/jpeg/fullColor-fullRes-IDEAL.jpg	hdr/hdr_004_fullColor-fullRes-IDEAL.jpg	medium	1000	1000	671	2894.131836	0.108859	0.149963	0.004278	0.002811	0.643566	0.528000	53.225281	0.696787	1.407141	2797.000000	0.085358	0.000990	0.000750	0.000000	0.004900	0.004010	2.000000	0.192083	4.125834	11.579962	3.784200	0.458574	0.000000	0.000000	0.000000	0.000000	0.000000	0.054714	2.179946	1.733877	0.000000	0.000000	0.357418	0.228113	28.166533	0.532755	0.053430	0.007095	0.000000	671000.000000	13.416525	671.000000	1000.000000	2013000.000000	0.671000	0.398986	0.001490	0.025526	3.000000	1.690197	3.754920	4.650414	4.907376	5.348527	0.000000	0.054607	0.547888	1.000000	0.000000	0.000000	0.106716	0.309742	1.000000	8.000000	35.000000	136.000000	255.000000	0.000000	0.000000	0.000000	0.079365	0.000000	0.000000	0.000000	0.000000	0.000000	0.000000	0.000000	0.000000	0.000000	0.000000	0.000000	0.000000	0.000000	0.000000	0.000000	18.379354	0.626876
	content_screencontent	wikimedia-webshapes/ScreenContent/22491b6272cb010a18b18589bd698639ba2db0d3.png	illustration-screen/screencontent_173_256x216.png	small	256	256	216	4463.163086	0.449375	0.000000	0.000000	0.000000	0.076389	0.043981	0.000000	4.502970	0.575245	32.000000	0.000977	0.000000	0.000000	0.000000	0.000000	0.000000	0.000000	0.358009	2.850301	108.384262	0.000000	0.019676	0.000000	0.000000	0.000000	8.000000	1.000000	1.000000	4.906362	1.066037	0.872852	0.000000	0.108796	0.000000	55.211525	0.009259	0.346708	0.000000	1.000000	55296.000000	10.920456	216.000000	256.000000	165888.000000	0.843750	0.169899	0.000000	0.037037	3.000000	5.241169	5.412331	5.595510	5.628651	5.666072	1.000000	1.000000	1.000000	1.000000	0.000000	0.000000	0.000000	0.000000	31.000000	142.000000	244.000000	255.000000	255.000000	0.095238	0.253968	0.396825	0.460317	0.000000	0.000000	0.000000	0.000000	0.000000	0.000000	1.000000	0.903090	1.610128	4.402141	0.011064	0.033850	0.872852	0.000000	0.000000	-0.691292	0.654986
	grayscale_nonpow2_small	png-8/wm_upload_wikimedia_org_8d1b17087dc50cc9.png	grayscale/gray_019_47x47.png	tiny	47	47	47	235.665146	0.361413	0.000000	0.000000	0.000000	0.120000	0.000000	0.000000	0.096113	0.453204	11.000000	0.004980	0.000000	0.000000	0.000000	0.000000	0.000000	0.000000	1.101074	1.723923	12.160000	0.000000	0.000000	0.000000	0.000000	0.000000	4.000000	1.000000	1.000000	3.870055	0.438161	0.244977	0.000000	0.040000	0.000000	15.175356	0.000000	0.116190	0.000000	1.000000	2209.000000	7.700295	47.000000	47.000000	6627.000000	1.000000	0.000000	0.043006	0.854233	3.000000														19.000000	46.000000	70.000000	164.000000	243.000000									0.000000	0.000000	0.000000									6.534832	0.550622
	content_screencontent	wikimedia-webshapes/ScreenContent/556397c905079c42b1f1d717e7e2295d165dc2bd.jpg	illustration-screen/screencontent_145_193x256.png	small	256	193	256	5819.158203	0.379228	0.224060	0.019437	0.012385	0.131510	0.069010	80.992790	1.855762	0.840655	5442.000000	0.166077	0.024830	0.034060	3.000000	0.076980	0.076720	8.000000	0.274870	3.753917	73.920570	24.238281	0.080729	0.000000	0.000000	0.000000	0.000000	0.000000	0.499130	4.342838	1.380294	0.066720	0.000000	0.233073	0.098243	46.117821	0.080729	0.220672	0.038008	0.000000	49408.000000	10.807868	193.000000	256.000000	148224.000000	0.753906	0.282487	0.036269	0.160622	3.000000	4.827078	5.203981	5.435096	5.507001	5.740232	0.717861	1.000000	1.000000	1.000000	0.000000	0.213375	0.731744	1.000000	14.000000	74.000000	147.000000	255.000000	255.000000	0.000000	0.095238	0.222222	0.333333	0.000000	0.000000	0.015873	0.079365	0.000000	0.000000	0.000000	0.000000	0.808718	1.988933	0.000000	0.013836	0.066720	0.000000	0.000000	2.041260	0.711031
	content_illustration	wikimedia-webshapes/Illustration/251e3b4e1ebaabf43010bc6a1b2cd6c6a202f45e.png	illustration-screen/illustration_052_256x37.png	small	256	256	37	11789.359375	0.162623	0.005024	0.000220	0.000410	0.406250	0.273438	2.494794	0.434632	0.626955	79.000000	0.008340	0.000010	0.000010	0.000000	0.000190	0.000370	0.000000	0.079457	2.241281	82.117188	0.000000	0.320312	0.000000	0.000000	0.000000	8.000000	1.000000	0.994405	3.617892	2.187234	0.000000	0.000000	0.359375	0.000000	56.270241	0.296875	0.168775	0.000000	0.000000	9472.000000	9.156096	37.000000	256.000000	28416.000000	0.144531	1.934260	0.081081	0.729730	3.000000	4.852312	5.543057	5.667668	5.695865	5.723276	0.037431	1.000000	1.000000	1.000000	0.000000	0.019787	0.042023	0.050080	1.000000	12.000000	129.000000	253.000000	255.000000	0.000000	0.000000	0.142857	0.333333	0.000000	0.000000	0.000000	0.000000	0.000000	0.000000	0.000000	0.000000	0.000000	0.000000	0.000000	0.000000	0.000000	0.000000	0.000000	4.124037	0.673406
	content_illustration	wikimedia-webshapes/Illustration/c747d8cf7dd83e509bbcd1770f7a75b26b509b37.jpg	illustration-screen/illustration_080_163x256.png	small	256	163	256	4195.337891	0.779472	0.000000	0.000000	0.000000	0.009375	0.001563	0.000000	5.302319	0.512117	32.000000	0.000977	0.000000	0.000000	0.000000	0.000000	0.000000	0.000000	0.670860	4.206964	121.493752	0.000000	0.006250	0.000000	0.000000	0.000000	8.000000	1.000000	1.000000	5.147345	0.349885	1.000000	0.000000	0.007812	0.000000	43.426464	0.000000	0.427778	0.000000	1.000000	41728.000000	10.638927	163.000000	256.000000	125184.000000	0.636719	0.451427	0.030675	0.177914	3.000000	5.193550	5.286491	5.361732	5.405231	5.451899	1.000000	1.000000	1.000000	1.000000	0.000000	0.000000	0.000000	0.000000	104.000000	185.000000	255.000000	255.000000	255.000000	0.301587	0.380952	0.444444	0.492063	0.000000	0.000000	0.000000	0.000000	0.000000	2.000000	6.000000	4.127789	4.894047	4.968268	0.674623	1.000000	1.000000	0.095238	0.269841	-1.203975	0.580318
	wide_aspect_portrait_9x16	clic2025/final-test/f67f11de4ca9ebda3db52c41fd3d26c3105687b2d37571e54631a1e4486d0b30.png	wide-aspect/wide_028_portrait_9x16_720x1280.png	medium	1280	720	1280	2875.235596	0.021707	0.182968	0.005798	0.004613	0.760417	0.073056	73.239143	0.159784	2.018517	3909.000000	0.119293	0.001260	0.001000	0.000000	0.005210	0.004760	1.000000	0.256403	3.925133	2.656949	4.138970	0.000000	0.000000	0.000000	0.000000	0.000000	0.000000	0.002560	2.642302	0.717307	0.033279	0.007021	0.092323	0.134581	10.254429	0.003887	0.016043	0.007759	0.000000	921600.000000	13.733867	720.000000	1280.000000	2764800.000000	0.562500	0.575364	0.000000	0.022222	3.000000	2.619208	3.023503	3.652124	3.956696	4.514383	0.062853	0.106223	0.215953	0.436400	0.033929	0.068433	0.130546	0.254308	4.000000	10.000000	19.000000	47.000000	255.000000	0.000000	0.000000	0.000000	0.015873	0.000000	0.000000	0.000000	0.015873	0.000000	0.000000	0.000000	1.299670	1.540955	1.663789	0.020332	0.026613	0.033279	0.000000	0.000000	33.806957	0.534531
	hdr_widegamut	ultrahdr-conformance/awesome-gain-maps/gain_mapped-procedural_art-square_flows_mona_lisa.jpg	hdr/hdr_031_gain_mapped-procedural_art-square_flows_mona_lisa.jpg	medium	780	600	780	9702.321289	0.167263	0.000000	0.000000	0.000000	0.392440	0.375945	0.000000	5.000406	0.657745	32.000000	0.000977	0.000000	0.000000	0.000000	0.000000	0.000000	0.000000	0.096422	1.756104	102.524040	0.000000	0.466346	0.000000	0.000000	0.000000	8.000000	1.000000	1.000000	3.215272	2.634820	0.000000	0.000000	0.317308	0.000000	73.126297	0.391346	0.202778	0.000000	1.000000	468000.000000	13.056224	600.000000	780.000000	1404000.000000	0.769231	0.262364	0.005128	0.039316	3.000000	4.870701	5.652218	5.789643	5.808817	5.845490	0.000000	1.000000	1.000000	1.000000	0.000000	0.000000	0.000000	0.000000	6.000000	28.000000	151.000000	255.000000	255.000000	0.000000	0.000000	0.253968	0.365079	0.000000	0.000000	0.000000	0.000000	0.000000	0.000000	0.000000	0.000000	0.000000	0.000000	0.000000	0.000000	0.000000	0.000000	0.000000	3.618909	0.531289
	hdr_widegamut	ultrahdr-conformance/libultrahdr-testdata/minnie-320x240-yuv-icc.jpg	hdr/hdr_048_minnie-320x240-yuv-icc.jpg	medium	320	320	240	4341.836914	0.097756	0.035900	0.002819	0.001936	0.303333	0.043333	13.956814	0.235310	0.985022	819.000000	0.024994	0.000340	0.000350	0.000000	0.001210	0.000960	0.000000	0.067694	4.164823	27.796667	1.655000	0.001667	0.000000	0.000000	0.000000	0.000000	0.000000	0.056901	3.610077	1.160730	0.064470	0.017070	0.760833	0.040625	31.120646	0.033333	0.083029	0.002606	0.000000	76800.000000	11.248960	240.000000	320.000000	230400.000000	0.750000	0.287682	0.000000	0.066667	3.000000	3.666645	4.585347	5.135148	5.255902	5.362742	0.212113	0.533552	1.000000	1.000000	0.031461	0.053254	0.078025	0.115429	3.000000	9.000000	34.000000	128.000000	255.000000	0.000000	0.015873	0.047619	0.126984	0.000000	0.000000	0.000000	0.000000	0.000000	0.000000	0.000000	1.113942	1.487846	1.860993	0.022806	0.037518	0.064470	0.000000	0.000000	13.885769	0.920900
	alpha_nonpow2_portrait	png-24-32/wm_upload_wikimedia_org_87ad7a2816edddbd.png	alpha/alpha_028_91x137.png	small	137	91	137	6255.773926	0.301062	0.323006	0.013541	0.039647	0.187166	0.122995	137.122162	0.905114	0.594707	355.000000	0.028475	0.013810	0.007730	3.000000	0.725920	0.362240	22.000000	0.160245	3.605790	70.090912	68.208557	0.149733	0.000000	0.000000	0.000000	0.000000	0.000000	0.388225	4.184916	1.799429	0.000000	0.000000	0.459893	0.021978	52.938000	0.144385	0.202699	0.068585	0.000000	12467.000000	9.430840	91.000000	137.000000	37401.000000	0.664234	0.409121	0.108847	0.232053	3.000000	5.005167	5.364369	5.522562	5.561622	5.567255	0.677771	1.000000	1.000000	1.000000	0.026167	1.000000	1.000000	1.000000	6.000000	53.000000	122.000000	255.000000	255.000000	0.000000	0.095238	0.206349	0.269841	0.000000	0.000000	0.079365	0.126984	0.000000	0.000000	0.000000	0.000000	0.000000	0.000000	0.000000	0.000000	0.000000	0.000000	0.000000	3.837987	0.697582
	content_illustration	wikimedia-webshapes/Illustration/43e612dfba52988d9dfc153e2cddbd21fbf452f0.jpg	illustration-screen/illustration_098_256x97.png	small	256	256	97	3453.659424	0.278186	0.167091	0.020169	0.017389	0.252604	0.000000	62.741585	0.779250	0.924379	2317.000000	0.093307	0.028160	0.025960	2.000000	0.151230	0.158740	17.000000	0.266042	3.635653	46.419270	22.205729	0.005208	0.000000	0.000000	0.000000	0.000000	0.000000	0.381081	3.963605	1.245701	0.034097	0.023175	0.239583	0.053304	40.924992	0.000000	0.166501	0.037078	0.000000	24832.000000	10.119888	97.000000	256.000000	74496.000000	0.378906	0.970466	0.072165	0.319588	3.000000	4.380880	4.987518	5.197140	5.345642	5.598483	0.195583	1.000000	1.000000	1.000000	0.060470	0.213078	0.612845	0.859677	7.000000	36.000000	110.000000	255.000000	255.000000	0.000000	0.000000	0.142857	0.285714	0.000000	0.000000	0.031746	0.063492	0.000000	0.000000	1.000000	1.458403	1.584753	1.722222	0.019597	0.025914	0.034097	0.000000	0.000000	5.149211	0.676110
	grayscale_nonpow2_small	png-8/wm_upload_wikimedia_org_0d0513d3fa0260c6.png	grayscale/gray_020_91x91.png	small	91	91	91	802.073730	0.358712	0.000000	0.000000	0.000000	0.140496	0.123967	0.000000	0.379219	0.633932	27.000000	0.003260	0.000000	0.000000	0.000000	0.000000	0.000000	0.000000	0.546428	2.143837	27.669422	0.000000	0.107438	0.000000	0.000000	0.000000	8.000000	1.000000	1.000000	3.927183	1.392852	0.020778	0.000000	0.024793	0.000000	26.624073	0.140496	0.178145	0.000000	1.000000	8281.000000	9.021719	91.000000	91.000000	24843.000000	1.000000	0.000000	0.112909	0.112909	3.000000	4.415682	4.671501	4.792985	4.869844	5.006615	0.777526	1.000000	1.000000	1.000000	0.000000	0.000000	0.000000	0.000000	13.000000	58.000000	109.000000	217.000000	255.000000	0.000000	0.095238	0.174603	0.269841	0.000000	0.000000	0.000000	0.000000	0.000000	0.000000	0.000000	0.000000	0.297622	0.903090	0.000000	0.003260	0.020778	0.000000	0.000000	3.334231	0.592023
	hdr_widegamut	ultrahdr-conformance/libultrahdr-testdata/minnie-320x240-yuv.jpg	hdr/hdr_049_minnie-320x240-yuv.jpg	medium	320	320	240	4341.861328	0.097743	0.035918	0.002818	0.001936	0.303333	0.043333	13.964265	0.235310	0.985007	821.000000	0.025055	0.000350	0.000350	0.000000	0.001230	0.000960	0.000000	0.067688	4.164878	27.795000	1.655000	0.003333	0.000000	0.000000	0.000000	0.000000	0.000000	0.056875	3.609439	1.162204	0.064470	0.017070	0.761667	0.040625	31.117886	0.034167	0.083003	0.002606	0.000000	76800.000000	11.248960	240.000000	320.000000	230400.000000	0.750000	0.287682	0.000000	0.066667	3.000000	3.666645	4.585347	5.135148	5.255902	5.362742	0.212113	0.533552	1.000000	1.000000	0.031461	0.053254	0.078025	0.115429	3.000000	9.000000	34.000000	128.000000	255.000000	0.000000	0.015873	0.047619	0.126984	0.000000	0.000000	0.000000	0.000000	0.000000	0.000000	0.000000	1.113943	1.477119	1.860993	0.022806	0.037495	0.064470	0.000000	0.000000	13.885558	0.920671
	hdr_widegamut	ultrahdr-conformance/awesome-gain-maps/gain_mapped-photo-canada_national_football_team_wc2022.jpg	hdr/hdr_026_gain_mapped-photo-canada_national_football_team_wc2022.jpg	medium	799	799	528	4318.137695	0.312330	0.134890	0.007001	0.006098	0.091368	0.000765	49.291691	1.429092	1.107682	7384.000000	0.225342	0.001500	0.001180	0.000000	0.007410	0.006860	1.000000	0.180762	4.628881	32.015610	10.036731	0.000000	0.000000	0.000000	0.000000	0.000000	0.000000	0.089207	4.103516	0.754806	0.245734	0.030360	0.358127	0.158588	27.837103	0.000000	0.136327	0.017272	0.000000	421872.000000	12.952457	528.000000	799.000000	1265616.000000	0.660826	0.414265	0.001252	0.031593	3.000000	4.094414	4.678445	5.048065	5.248038	5.525933	0.411793	0.787664	1.000000	1.000000	0.050661	0.112253	0.242829	0.422978	15.000000	37.000000	71.000000	180.000000	255.000000	0.015873	0.063492	0.111111	0.190476	0.000000	0.000000	0.015873	0.031746	0.000000	0.000000	1.000000	2.080029	2.781351	3.136066	0.080390	0.165876	0.245734	0.000000	0.000000	9.306364	0.768568
	content_screencontent	wikimedia-webshapes/ScreenContent/ffde071e578b99e8e84435ca78fb50cfa0a392f4.png	illustration-screen/screencontent_174_256x163.png	small	256	256	163	7575.332031	0.530098	0.000000	0.000000	0.000000	0.082813	0.037500	0.000000	4.698590	0.529549	32.000000	0.000977	0.000000	0.000000	0.000000	0.000000	0.000000	0.000000	0.379535	3.371273	136.295319	0.000000	0.006250	0.000000	0.000000	0.000000	8.000000	1.000000	1.000000	4.995182	1.086110	0.629376	0.000000	0.050000	0.000000	59.108433	0.000000	0.378075	0.000000	1.000000	41728.000000	10.638927	163.000000	256.000000	125184.000000	0.636719	0.451427	0.030675	0.177914	3.000000	5.342810	5.564996	5.636079	5.669879	5.702055	1.000000	1.000000	1.000000	1.000000	0.000000	0.000000	0.000000	0.000000	55.000000	165.000000	255.000000	255.000000	255.000000	0.111111	0.317460	0.428571	0.492063	0.000000	0.000000	0.000000	0.000000	0.000000	0.000000	1.000000	1.050550	1.762960	4.027308	0.015653	0.040666	0.629376	0.000000	0.000000	-1.051793	0.670425
	content_screencontent	wikimedia-webshapes/ScreenContent/fb5b0d834276f37875141b5e426f5d04b29976a8.jpg	illustration-screen/screencontent_146_189x256.png	small	256	189	256	3743.983398	0.455966	0.001020	0.000140	0.000018	0.076087	0.012228	0.304966	2.598243	0.628397	56.000000	0.001709	0.000010	0.000010	0.000000	0.000000	0.000000	0.000000	0.253631	4.125050	81.239128	0.000000	0.005435	0.000000	0.000000	0.000000	8.000000	1.000000	1.000000	4.596150	1.012826	0.249687	0.000000	0.239130	0.000000	54.863121	0.016304	0.226363	0.000000	0.000000	48384.000000	10.786924	189.000000	256.000000	145152.000000	0.738281	0.303430	0.015873	0.015873	3.000000	5.024374	5.425895	5.550655	5.593103	5.639755	0.424456	1.000000	1.000000	1.000000	0.000000	0.000000	0.000000	0.009286	33.000000	104.000000	190.000000	255.000000	255.000000	0.015873	0.079365	0.222222	0.349206	0.000000	0.000000	0.000000	0.000000	0.000000	0.000000	1.000000	1.668473	2.603144	3.398480	0.050823	0.146309	0.249687	0.000000	0.015873	0.361003	0.699423
	content_illustration	wikimedia-webshapes/Illustration/5fa42ea12bdaab2c8f1fe9e4b7d77aa05b9b7085.webp	illustration-screen/illustration_099_256x256.png	medium	256	256	256	11168.605469	0.038324	0.000095	0.000004	0.000004	0.826172	0.818359	0.032899	0.302128	1.118500	34.000000	0.001038	0.000000	0.000000	0.000000	0.000000	0.000000	0.000000	0.063690	1.007617	22.014648	0.000000	0.850586	0.000000	0.000000	0.000000	8.000000	1.000000	1.000000	1.026077	2.004255	0.000000	0.000000	0.142578	0.000000	52.820873	0.832031	0.041961	0.000000	0.000000	65536.000000	11.090355	256.000000	256.000000	196608.000000	1.000000	0.000000	0.000000	0.000000	3.000000	0.000000	0.586521	5.286808	5.716367	5.814943	0.000000	0.000000	0.010610	1.000000	0.000000	0.000000	0.000000	0.000000	0.000000	0.000000	2.000000	214.000000	255.000000	0.000000	0.000000	0.000000	0.000000	0.000000	0.000000	0.000000	0.000000	0.000000	0.000000	0.000000	0.000000	0.000000	0.000000	0.000000	0.000000	0.000000	0.000000	0.000000	31.602997	0.191842
	hdr_widegamut	gainmap-samples/jpeg/luminosity-lowRes.jpg	hdr/hdr_005_luminosity-lowRes.jpg	medium	1000	1000	671	2978.117432	0.115252	0.149965	0.004277	0.002811	0.627855	0.515855	53.224319	0.823100	1.312742	2801.000000	0.085480	0.000990	0.000750	0.000000	0.004900	0.004010	2.000000	0.181331	4.144339	13.447014	3.784200	0.457611	0.000000	0.000000	0.000000	0.000000	0.000000	0.058876	2.231419	1.762072	0.000000	0.000000	0.354528	0.228124	32.016907	0.520231	0.058033	0.007095	0.000000	671000.000000	13.416525	671.000000	1000.000000	2013000.000000	0.671000	0.398986	0.001490	0.025526	3.000000	1.690197	3.827764	4.711883	5.010490	5.430429	0.000000	0.054607	0.584828	1.000000	0.000000	0.000000	0.106716	0.309742	1.000000	9.000000	39.000000	149.000000	255.000000	0.000000	0.000000	0.000000	0.079365	0.000000	0.000000	0.000000	0.000000	0.000000	0.000000	0.000000	0.000000	0.000000	0.000000	0.000000	0.000000	0.000000	0.000000	0.000000	17.030699	0.631155
	content_illustration	wikimedia-webshapes/Illustration/3ba9a1b70da90ae183371202264623c2000c6cd1.png	illustration-screen/illustration_081_254x256.png	small	256	254	256	4788.233887	0.052561	0.172814	0.005068	0.002944	0.735887	0.478831	82.389221	0.177988	1.108751	488.000000	0.014893	0.004390	0.016470	1.000000	0.010080	0.031790	3.000000	0.082564	3.776097	16.923388	10.149194	0.142137	0.000000	0.000000	0.000000	0.000000	0.000000	0.205478	2.347999	1.570629	0.022345	0.003329	0.315524	0.000000	36.311295	0.158266	0.049107	0.014993	0.000000	65024.000000	11.082512	254.000000	256.000000	195072.000000	0.992188	0.007843	0.007874	0.007874	3.000000	1.662610	3.554217	5.059489	5.312012	5.500611	0.030379	0.050247	0.384155	1.000000	0.015307	0.024486	0.101344	0.987970	0.000000	1.000000	9.000000	144.000000	235.000000	0.000000	0.000000	0.000000	0.063492	0.000000	0.000000	0.000000	0.000000	0.000000	0.000000	0.000000	0.000000	0.297625	1.083119	0.000000	0.005629	0.022345	0.000000	0.000000	23.748333	0.753706
	grayscale_nonpow2_small	png-8/wm_upload_wikimedia_org_0acce3d222021e10.png	grayscale/gray_021_137x137.png	small	137	137	137	1005.614014	0.299416	0.000000	0.000000	0.000000	0.186851	0.058824	0.000000	0.798749	0.682157	29.000000	0.001545	0.000000	0.000000	0.000000	0.000000	0.000000	0.000000	0.490572	2.603861	30.494810	0.000000	0.024221	0.000000	0.000000	0.000000	8.000000	1.000000	1.000000	3.904701	1.221046	0.071971	0.000000	0.072664	0.000000	39.711761	0.055363	0.170868	0.000000	1.000000	18769.000000	9.839962	137.000000	137.000000	56307.000000	1.000000	0.000000	0.104800	0.363951	3.000000	4.089507	4.898431	5.045933	5.067773	5.161479	0.386694	0.771633	1.000000	1.000000	0.000000	0.000000	0.000000	0.000000	10.000000	48.000000	121.000000	255.000000	255.000000	0.000000	0.063492	0.111111	0.317460	0.000000	0.000000	0.000000	0.000000	0.000000	0.000000	0.000000	0.000000	1.031411	2.133539	0.000000	0.018075	0.071971	0.000000	0.000000	4.068889	0.656108
	hdr_widegamut	ultrahdr-conformance/awesome-gain-maps/gain_mapped-test_chart-color_01.jpg	hdr/hdr_032_gain_mapped-test_chart-color_01.jpg	medium	700	700	700	6168.464844	0.023979	0.561037	0.008917	0.006546	0.808165	0.608931	186.352020	0.611165	1.267186	561.000000	0.017120	0.020950	0.020080	2.000000	0.089240	0.089870	9.000000	0.079601	2.369059	14.495378	27.263401	0.785582	0.000000	0.000000	0.000000	0.000000	0.000000	0.426073	1.233605	1.908330	0.000000	0.000000	0.198706	0.000000	67.123627	0.850277	0.019805	0.012470	0.000000	490000.000000	13.102160	700.000000	700.000000	1470000.000000	1.000000	0.000000	0.011461	0.011461	3.000000	0.000000	1.555548	4.969171	5.412970	5.640633	0.000000	0.000000	0.042962	1.000000	0.000000	0.000000	0.091622	1.000000	0.000000	0.000000	4.000000	166.000000	255.000000	0.000000	0.000000	0.000000	0.000000	0.000000	0.000000	0.000000	0.000000	0.000000	0.000000	0.000000	0.000000	0.000000	0.000000	0.000000	0.000000	0.000000	0.000000	0.000000	35.282516	0.316253
	content_illustration	wikimedia-webshapes/Illustration/fabf78a0c05da948cc9cacdb5089a18666985b29.jpg	illustration-screen/illustration_053_256x256.png	medium	256	256	256	4273.693359	0.186036	0.191765	0.009516	0.013313	0.372070	0.021484	79.592842	0.816456	0.926723	1965.000000	0.059967	0.010930	0.015070	1.000000	0.215490	0.228690	37.000000	0.121804	4.487229	42.593750	24.910156	0.000000	0.000000	0.000000	0.000000	0.000000	0.000000	0.067719	3.644069	1.397478	0.058172	0.032945	0.470703	0.070633	53.131435	0.017578	0.107732	0.032335	0.000000	65536.000000	11.090355	256.000000	256.000000	196608.000000	1.000000	0.000000	0.000000	0.000000	3.000000	3.791686	4.863444	5.507721	5.610542	5.720336	0.083606	0.567766	1.000000	1.000000	0.050940	0.185663	0.562116	1.000000	4.000000	20.000000	83.000000	243.000000	255.000000	0.000000	0.000000	0.063492	0.158730	0.000000	0.000000	0.015873	0.047619	0.000000	0.000000	0.000000	1.351880	1.672098	1.778151	0.032362	0.050724	0.058172	0.000000	0.000000	7.699780	0.846720
	alpha_nonpow2_portrait	png-24-32/wm_upload_wikimedia_org_667d583644c5eca9.png	alpha/alpha_029_91x137.png	small	137	91	137	0.000000	0.000000	0.000000	0.000000	0.000000	1.000000	1.000000	0.000000	0.000000	0.000000	1.000000	0.000080	0.000000	0.000000	0.000000	0.000000	0.000000	0.000000	0.000000	0.000000	0.000000	0.000000	1.000000	0.000000	0.000000	0.000000	2.000000	1.000000	1.000000	-0.000001	0.000000	0.000000	0.000000	0.000000	0.000000	0.000000	1.000000	0.000000	0.000000	1.000000	12467.000000	9.430840	91.000000	137.000000	37401.000000	0.664234	0.409121	0.108847	0.232053	3.000000	0.000000	0.000000	0.000000	0.000000	0.000000	0.000000	0.000000	0.000000	0.000000	0.000000	0.000000	0.000000	0.000000	0.000000	0.000000	0.000000	0.000000	0.000000	0.000000	0.000000	0.000000	0.000000	0.000000	0.000000	0.000000	0.000000	0.000000	0.000000	0.000000	0.000000	0.000000	0.000000	0.000000	0.000000	0.000000	0.000000	0.000000	0.000000	0.000000
	hdr_widegamut	gainmap-samples/jpeg/seine_sdr_gainmap_srgb.jpg	hdr/hdr_006_seine_sdr_gainmap_srgb.jpg	medium	400	400	300	3848.537842	0.363620	0.058093	0.004144	0.002135	0.462162	0.349189	18.803568	2.197856	1.047671	1804.000000	0.055054	0.002300	0.003220	0.000000	0.004070	0.006880	4.000000	0.664634	3.830128	30.851892	2.899459	0.245946	0.000000	0.000000	0.000000	0.000000	0.000000	0.041167	3.129888	1.779662	0.000000	0.000000	0.169189	0.192052	34.887325	0.317297	0.160386	0.005611	0.000000	120000.000000	11.695247	300.000000	400.000000	360000.000000	0.750000	0.287682	0.013333	0.109333	3.000000	3.419085	4.842244	5.091217	5.224551	5.410844	0.044704	0.290374	1.000000	1.000000	0.000000	0.000000	0.127841	0.248077	7.000000	63.000000	140.000000	255.000000	255.000000	0.000000	0.000000	0.031746	0.333333	0.000000	0.000000	0.000000	0.000000	0.000000	0.000000	0.000000	0.000000	0.000000	0.000000	0.000000	0.000000	0.000000	0.000000	0.000000	2.221213	0.596386
	hdr_widegamut	ultrahdr-conformance/pixel-ultrahdr/Ultra_HDR_Samples_Originals_01.jpg	hdr/hdr_050_Ultra_HDR_Samples_Originals_01_resized_640x481.jpg	medium	640	640	481	4040.109375	0.161639	0.058589	0.003873	0.002332	0.346042	0.008542	25.363201	0.738874	1.182154	1233.000000	0.037628	0.001180	0.002360	0.000000	0.003120	0.006520	1.000000	0.269580	4.356469	15.563334	2.185833	0.000000	0.000000	0.000000	0.000000	0.000000	0.000000	0.086893	3.485609	0.919622	0.092867	0.011555	0.356667	0.010439	24.758896	0.001667	0.082275	0.004563	0.000000	307840.000000	12.637336	481.000000	640.000000	923520.000000	0.751562	0.285601	0.014553	0.064449	3.000000	3.556152	4.189180	4.714698	4.949980	5.173319	0.173119	0.395530	0.856475	1.000000	0.029128	0.051534	0.114617	0.197404	5.000000	20.000000	51.000000	157.000000	255.000000	0.000000	0.015873	0.047619	0.126984	0.000000	0.000000	0.000000	0.000000	0.000000	0.000000	0.000000	1.642060	2.015923	2.216001	0.044384	0.074871	0.092867	0.000000	0.000000	14.118199	0.798082
	content_screencontent	wikimedia-webshapes/ScreenContent/fd68a49bfc9837e9ff32fd5815b6b1794ceac18c.png	illustration-screen/screencontent_147_187x256.png	small	256	187	256	6875.227051	0.478389	0.000000	0.000000	0.000000	0.230978	0.123641	0.000000	1.467319	0.543722	32.000000	0.000977	0.000000	0.000000	0.000000	0.000000	0.000000	0.000000	0.087200	3.342311	91.445656	0.000000	0.043478	0.000000	0.000000	0.000000	8.000000	1.000000	1.000000	4.409993	1.723020	0.025537	0.000000	0.505435	0.000000	38.533257	0.055707	0.204193	0.000000	1.000000	47872.000000	10.776286	187.000000	256.000000	143616.000000	0.730469	0.314069	0.026738	0.026738	3.000000	5.369863	5.496836	5.573499	5.606585	5.652749	0.720846	1.000000	1.000000	1.000000	0.000000	0.000000	0.000000	0.000000	27.000000	95.000000	146.000000	227.000000	255.000000	0.000000	0.079365	0.222222	0.333333	0.000000	0.000000	0.000000	0.000000	0.000000	0.000000	0.000000	0.000000	0.748916	1.301031	0.000000	0.012065	0.025537	0.000000	0.000000	0.140620	0.783295
	content_illustration	wikimedia-webshapes/Illustration/76545b4d2f69f21dcd3a2e2c4c1f6e30c5de0757.png	illustration-screen/illustration_082_200x205.png	small	205	200	205	6155.163574	0.256030	0.387300	0.071601	0.020999	0.313600	0.299200	139.664749	0.979869	0.595881	164.000000	0.005005	0.461190	0.446680	22.000000	0.253430	0.230060	12.000000	0.176247	2.858656	53.705601	137.769608	0.312000	0.000000	0.000000	0.000000	8.000000	1.000000	0.249171	3.459462	2.285326	0.000000	0.000000	0.240000	0.049000	36.118649	0.360000	0.176508	0.116419	0.000000	41000.000000	10.621327	200.000000	205.000000	123000.000000	0.975610	0.024693	0.014634	0.223805	3.000000	4.917495	5.179996	5.275422	5.296641	5.341393	0.000000	1.000000	1.000000	1.000000	0.000000	1.000000	1.000000	1.000000	0.000000	52.000000	122.000000	254.000000	255.000000	0.000000	0.000000	0.206349	0.285714	0.000000	0.000000	0.142857	0.190476	0.000000	0.000000	0.000000	0.000000	0.000000	0.000000	0.000000	0.000000	0.000000	0.000000	0.000000	2.898187	0.578102
	grayscale_nonpow2_small	png-8/wm_upload_wikimedia_org_7a3dc4c4ae165169.png	grayscale/gray_022_73x73.png	small	73	73	73	2240.889404	0.158758	0.000000	0.000000	0.000000	0.518519	0.518519	0.000000	0.916943	0.623816	32.000000	0.006005	0.000000	0.000000	0.000000	0.000000	0.000000	0.000000	0.491951	1.033681	49.271606	0.000000	0.444444	0.000000	0.000000	0.000000	8.000000	1.000000	1.000000	2.639697	2.527714	0.000000	0.000000	0.000000	0.000000	65.934242	0.432099	0.165785	0.000000	1.000000	5329.000000	8.580919	73.000000	73.000000	15987.000000	1.000000	0.000000	0.200976	0.729405	3.000000														0.000000	8.000000	189.000000	255.000000	255.000000									0.000000	0.000000	0.000000									2.725917	0.371872
	content_screencontent	wikimedia-webshapes/ScreenContent/364f237597afa4adc4249ae2236fbc80109c51c3.jpg	illustration-screen/screencontent_175_194x256.png	small	256	194	256	1536.041992	0.392685	0.000000	0.000000	0.000000	0.187500	0.000000	0.000000	0.791092	0.571461	19.000000	0.000580	0.000000	0.000000	0.000000	0.000000	0.000000	0.000000	0.217714	3.195677	35.002605	0.000000	0.000000	0.000000	0.000000	0.000000	8.000000	1.000000	1.000000	4.254898	0.848418	0.128877	0.000000	0.210938	0.000000	23.143444	0.000000	0.158834	0.000000	1.000000	49664.000000	10.813036	194.000000	256.000000	148992.000000	0.757812	0.277319	0.030928	0.154639	3.000000	4.677278	4.855244	4.920502	4.957840	5.009923	0.579691	1.000000	1.000000	1.000000	0.000000	0.000000	0.000000	0.000000	18.000000	64.000000	106.000000	179.000000	255.000000	0.000000	0.079365	0.174603	0.238095	0.000000	0.000000	0.000000	0.000000	0.000000	1.000000	2.000000	2.340661	2.487470	2.659307	0.077456	0.098380	0.128877	0.000000	0.000000	1.772125	0.731052
	wide_aspect_landscape_16x9	clic2025/training/ddcd24d99f48eaa369207882a6f37831.png	wide-aspect/wide_006_landscape_16x9_1280x720.png	medium	1280	1280	720	2334.700684	0.054306	0.110072	0.004987	0.003488	0.526667	0.025556	44.239029	0.217522	1.457272	5289.000000	0.161407	0.001160	0.002410	0.000000	0.003500	0.004030	2.000000	0.104510	4.276856	7.955297	5.157434	0.000000	0.000000	0.000000	0.000000	0.000000	0.000000	0.013666	3.084655	0.814813	0.073619	0.020217	0.228377	0.088078	12.797091	0.000000	0.038688	0.009641	0.000000	921600.000000	13.733867	720.000000	1280.000000	2764800.000000	0.562500	0.575364	0.000000	0.022222	3.000000	2.986653	3.670986	4.223830	4.488908	4.897268	0.111880	0.224412	0.512906	0.998348	0.028410	0.056073	0.179874	0.321163	5.000000	11.000000	21.000000	60.000000	254.000000	0.000000	0.000000	0.015873	0.063492	0.000000	0.000000	0.000000	0.015873	0.000000	0.000000	0.000000	1.189895	1.916124	2.221251	0.022555	0.050092	0.073619	0.000000	0.000000	16.539726	0.752462
	alpha_nonpow2_portrait	png-24-32/wm_upload_wikimedia_org_a1a0ff40205b347a.png	alpha/alpha_030_91x137.png	small	137	91	137	6683.290039	0.090850	0.322262	0.007564	0.007564	0.609626	0.550802	144.891510	0.086971	1.188189	92.000000	0.007379	0.008390	0.046100	4.000000	0.052490	0.288140	26.000000	0.079683	2.783479	19.593582	20.593582	0.540107	0.000000	0.000000	0.000000	8.000000	1.000000	0.405230	2.001175	2.059048	0.000000	0.000000	0.208556	0.000000	33.996254	0.550802	0.054410	0.026059	0.000000	12467.000000	9.430840	91.000000	137.000000	37401.000000	0.664234	0.409121	0.108847	0.232053	3.000000	1.204120	4.146042	4.920276	5.406271	5.627962	0.000000	0.030473	0.850258	1.000000	0.000000	0.020777	0.605236	1.000000	0.000000	2.000000	36.000000	144.000000	255.000000	0.000000	0.000000	0.000000	0.111111	0.000000	0.000000	0.000000	0.047619	0.000000	0.000000	0.000000	0.000000	0.000000	0.000000	0.000000	0.000000	0.000000	0.000000	0.000000	17.667505	0.458148
	content_illustration	wikimedia-webshapes/Illustration/c00468471b099ed18832e90423e0bbdd5cbcbf89.png	illustration-screen/illustration_054_256x256.png	medium	256	256	256	4821.090820	0.060208	0.150738	0.001387	0.005891	0.764648	0.750000	64.789291	0.340614	1.251362	216.000000	0.006592	0.001280	0.001260	0.000000	0.147300	0.159120	20.000000	0.096475	1.188153	19.851562	13.092773	0.776367	0.000000	0.000000	0.000000	8.000000	1.000000	0.876221	1.230754	2.059564	0.000000	0.000000	0.127930	0.000000	54.666622	0.771484	0.048115	0.014261	0.000000	65536.000000	11.090355	256.000000	256.000000	196608.000000	1.000000	0.000000	0.000000	0.000000	3.000000	0.000000	1.806180	5.128454	5.461150	5.765654	0.000000	0.000000	0.051509	1.000000	0.000000	0.000000	0.000000	0.610065	0.000000	0.000000	10.000000	199.000000	255.000000	0.000000	0.000000	0.000000	0.000000	0.000000	0.000000	0.000000	0.000000	0.000000	0.000000	0.000000	0.000000	0.000000	0.000000	0.000000	0.000000	0.000000	0.000000	0.000000	24.082031	0.218132
	hdr_widegamut	ultrahdr-conformance/awesome-gain-maps/gain_mapped-test_chart-color_02.jpg	hdr/hdr_033_gain_mapped-test_chart-color_02.jpg	medium	700	700	700	6168.464844	0.023979	0.561037	0.008917	0.006546	0.808165	0.608931	186.352020	0.611165	1.267186	561.000000	0.017120	0.020950	0.020080	2.000000	0.089240	0.089870	9.000000	0.079601	2.369059	14.495378	27.263401	0.785582	0.000000	0.000000	0.000000	0.000000	0.000000	0.426073	1.233605	1.908330	0.000000	0.000000	0.198706	0.000000	67.123627	0.850277	0.019805	0.012470	0.000000	490000.000000	13.102160	700.000000	700.000000	1470000.000000	1.000000	0.000000	0.011461	0.011461	3.000000	0.000000	1.555548	4.969171	5.412970	5.640633	0.000000	0.000000	0.042962	1.000000	0.000000	0.000000	0.091622	1.000000	0.000000	0.000000	4.000000	166.000000	255.000000	0.000000	0.000000	0.000000	0.000000	0.000000	0.000000	0.000000	0.000000	0.000000	0.000000	0.000000	0.000000	0.000000	0.000000	0.000000	0.000000	0.000000	0.000000	0.000000	35.282516	0.316253
	content_illustration	wikimedia-webshapes/Illustration/85adf50f143251b6cfa7069a889a4ed638acf4f8.png	illustration-screen/illustration_100_166x255.png	small	255	166	255	3806.535645	0.297067	0.089412	0.014170	0.008600	0.056452	0.000000	38.772812	0.304638	0.998714	1761.000000	0.053741	0.009630	0.012350	0.000000	0.024270	0.028570	3.000000	0.118581	4.528679	31.361290	9.403226	0.000000	0.000000	0.000000	0.000000	0.000000	0.000000	0.026908	4.181777	0.664759	0.282312	0.062518	0.304839	0.744632	20.541304	0.000000	0.129544	0.020123	0.000000	42330.000000	10.653252	166.000000	255.000000	126990.000000	0.650980	0.429276	0.016017	0.161162	3.000000	4.213912	4.706728	5.042650	5.174713	5.384777	0.479318	0.953028	1.000000	1.000000	0.093416	0.170827	0.333794	0.466197	16.000000	34.000000	61.000000	134.000000	255.000000	0.031746	0.063492	0.126984	0.190476	0.000000	0.000000	0.015873	0.031746	0.000000	1.000000	2.000000	2.666503	3.054230	3.279007	0.126418	0.217516	0.282312	0.000000	0.015873	8.069595	0.798808
	content_screencontent	wikimedia-webshapes/ScreenContent/fc375421dffae684ea7e4c22d2dec4f93bc25148.jpg	illustration-screen/screencontent_148_174x255.png	small	255	174	255	2569.841309	0.420590	0.000000	0.000000	0.000000	0.110599	0.019969	0.000000	1.968248	0.724538	32.000000	0.000977	0.000000	0.000000	0.000000	0.000000	0.000000	0.000000	0.426271	3.671645	65.264206	0.000000	0.003072	0.000000	0.000000	0.000000	8.000000	1.000000	1.000000	4.455461	0.993820	0.181729	0.000000	0.027650	0.000000	40.108517	0.004608	0.247214	0.000000	1.000000	44370.000000	10.700319	174.000000	255.000000	133110.000000	0.682353	0.382208	0.015461	0.107776	3.000000	4.927760	5.083750	5.201384	5.301569	5.473593	0.686157	1.000000	1.000000	1.000000	0.000000	0.000000	0.000000	0.000000	26.000000	87.000000	163.000000	255.000000	255.000000	0.015873	0.111111	0.285714	0.365079	0.000000	0.000000	0.000000	0.000000	0.000000	0.000000	1.000000	0.965407	2.147482	3.004644	0.016168	0.085358	0.181729	0.000000	0.000000	1.163215	0.676385
	content_illustration	wikimedia-webshapes/Illustration/a4a3e67b3abd74fa30a9487d701af326bc48b29c.png	illustration-screen/illustration_083_145x145.png	small	145	145	145	7751.961914	0.037905	0.303246	0.003029	0.007101	0.691358	0.691358	142.049988	1.491338	0.847803	3.000000	0.000143	0.011430	0.011550	0.000000	0.411520	0.415920	18.000000	0.178095	1.489485	51.086418	21.774691	0.993827	0.000000	0.000000	0.000000	2.000000	1.000000	0.582545	1.679006	2.520676	0.000000	0.000000	0.000000	0.000000	56.352882	0.993827	0.120223	0.025475	0.000000	21025.000000	9.953467	145.000000	145.000000	63075.000000	1.000000	0.000000	0.098882	0.217598	3.000000	0.000000	5.071067	5.589725	5.830397	5.830397	0.000000	0.000000	1.000000	1.000000	0.000000	0.000000	0.000000	1.000000	0.000000	0.000000	0.000000	255.000000	255.000000	0.000000	0.000000	0.000000	0.317460	0.000000	0.000000	0.000000	0.000000	0.000000	0.000000	0.000000	0.000000	0.000000	0.000000	0.000000	0.000000	0.000000	0.000000	0.000000	14.851666	0.243843
	grayscale_nonpow2_small	png-8/wm_upload_wikimedia_org_5941efcf98d8045e.png	grayscale/gray_023_73x73.png	small	73	73	73	2454.729980	0.071566	0.000000	0.000000	0.000000	0.790123	0.777778	0.000000	0.287970	1.001927	29.000000	0.005442	0.000000	0.000000	0.000000	0.000000	0.000000	0.000000	0.201976	0.542477	28.271605	0.000000	0.851852	0.000000	0.000000	0.000000	8.000000	1.000000	1.000000	1.172612	2.199191	0.000000	0.000000	0.037037	0.000000	60.351845	0.864198	0.046051	0.000000	1.000000	5329.000000	8.580919	73.000000	73.000000	15987.000000	1.000000	0.000000	0.200976	0.729405	3.000000														0.000000	0.000000	17.000000	255.000000	255.000000									0.000000	0.000000	0.000000									11.082895	0.181581
	alpha_nonpow2_portrait	png-24-32/wm_upload_wikimedia_org_74d517baa874dc24.png	alpha/alpha_031_91x137.png	small	137	91	137	242.069229	0.079739	0.000000	0.000000	0.000000	0.737968	0.716578	0.000000	0.306230	1.150370	20.000000	0.001604	0.000000	0.000000	0.000000	0.000000	0.000000	0.000000	1.202716	0.494424	7.951872	0.000000	0.727273	0.000000	0.000000	0.000000	8.000000	1.000000	1.000000	1.212132	1.920406	0.000000	0.000000	0.021390	0.000000	42.666721	0.727273	0.054495	0.000000	1.000000	12467.000000	9.430840	91.000000	137.000000	37401.000000	0.664234	0.409121	0.108847	0.232053	3.000000	0.000000	3.191171	4.607565	4.814617	4.996246	0.000000	0.000000	0.289275	1.000000	0.000000	0.000000	0.000000	0.000000	0.000000	0.000000	17.000000	255.000000	255.000000	0.000000	0.000000	0.000000	0.047619	0.000000	0.000000	0.000000	0.000000	0.000000	0.000000	0.000000	0.000000	0.000000	0.000000	0.000000	0.000000	0.000000	0.000000	0.000000	19.280220	0.159617
	content_screencontent	wikimedia-webshapes/ScreenContent/8f09fb60c72ebf63d2566e3fc5aef0161e4fd3fb.png	illustration-screen/screencontent_176_150x256.png	small	256	150	256	4192.187500	0.217239	0.084590	0.006296	0.003755	0.555556	0.494792	28.939781	0.828177	0.786832	1383.000000	0.042206	0.010330	0.015070	2.000000	0.021320	0.028060	4.000000	0.131174	2.092379	44.842014	5.248264	0.435764	0.000000	0.000000	0.000000	0.000000	0.000000	0.854375	2.441461	2.436124	0.000000	0.000000	0.197917	0.087682	44.116573	0.493056	0.106151	0.010279	0.000000	38400.000000	10.555813	150.000000	256.000000	115200.000000	0.585938	0.534542	0.013333	0.066667	3.000000	1.439088	5.205953	5.496044	5.561908	5.603484	0.000000	0.031688	1.000000	1.000000	0.000000	0.000000	0.011195	0.484437	0.000000	19.000000	99.000000	255.000000	255.000000	0.000000	0.000000	0.000000	0.190476	0.000000	0.000000	0.000000	0.000000	0.000000	0.000000	0.000000	0.000000	0.000000	0.000000	0.000000	0.000000	0.000000	0.000000	0.000000	6.321363	0.422631
	hdr_widegamut	ultrahdr-conformance/awesome-gain-maps/gain_mapped-photo-colorful_daisies.jpg	hdr/hdr_027_gain_mapped-photo-colorful_daisies.jpg	medium	800	800	600	2847.004395	0.115850	0.349601	0.018249	0.014972	0.095867	0.000267	126.404732	0.251768	1.287479	17122.000000	0.522522	0.008310	0.009200	2.000000	0.037930	0.040540	8.000000	0.061325	4.511201	20.167910	26.437500	0.000000	0.000000	0.000000	0.000000	0.000000	0.000000	0.004708	3.878386	0.615439	0.267620	0.102964	0.736940	0.120840	17.085634	0.003731	0.086872	0.043310	0.000000	480000.000000	13.081541	600.000000	800.000000	1440000.000000	0.750000	0.287682	0.000000	0.013333	3.000000	3.861292	4.321614	4.665534	4.921560	5.187316	0.398531	0.655130	1.000000	1.000000	0.162681	0.298857	0.521830	0.916801	6.000000	13.000000	26.000000	77.000000	255.000000	0.031746	0.047619	0.079365	0.126984	0.015873	0.015873	0.031746	0.063492	0.000000	0.000000	1.000000	2.481083	2.875495	3.095496	0.127543	0.209216	0.267620	0.000000	0.015873	23.354177	0.920641
	hdr_widegamut	ultrahdr-conformance/pixel-ultrahdr/Ultra_HDR_Samples_Originals_02.jpg	hdr/hdr_051_Ultra_HDR_Samples_Originals_02_resized_640x481.jpg	medium	640	640	481	2593.682861	0.179610	0.143428	0.006112	0.002880	0.442500	0.183958	57.189087	0.777011	1.274294	2287.000000	0.069794	0.004610	0.005540	1.000000	0.006890	0.007970	3.000000	0.254538	4.236605	15.928333	5.176667	0.007500	0.000000	0.000000	0.000000	0.000000	0.000000	0.037675	3.136349	1.288193	0.029077	0.000000	0.347500	0.067230	22.853491	0.050000	0.076429	0.008280	0.000000	307840.000000	12.637336	481.000000	640.000000	923520.000000	0.751562	0.285601	0.014553	0.064449	3.000000	3.321132	4.182486	4.775485	4.963801	5.167287	0.087493	0.329105	0.800739	1.000000	0.026551	0.071828	0.161996	0.339362	3.000000	18.000000	57.000000	155.000000	255.000000	0.000000	0.000000	0.031746	0.126984	0.000000	0.000000	0.000000	0.015873	0.000000	0.000000	0.000000	0.467978	1.096367	1.230449	0.009255	0.022318	0.029077	0.000000	0.000000	11.698378	0.762001
	hdr_widegamut	ultrahdr-conformance/awesome-gain-maps/gain_mapped-test_chart-gray_51.jpg	hdr/hdr_034_gain_mapped-test_chart-gray_51.jpg	medium	600	600	600	7907.178223	0.043411	0.000000	0.000000	0.000000	0.810667	0.810667	0.000000	1.457552	1.328010	32.000000	0.000977	0.000000	0.000000	0.000000	0.000000	0.000000	0.000000	0.201205	2.321267	18.608000	0.000000	1.000000	0.000000	0.000000	0.000000	8.000000	1.000000	1.000000	0.841782	1.859289	0.000000	0.000000	0.016000	0.000000	88.464935	1.000000	0.048381	0.000000	1.000000	360000.000000	12.793859	600.000000	600.000000	1080000.000000	1.000000	0.000000	0.000000	0.026844	3.000000	0.000000	0.000000	4.789551	5.390276	5.682941	0.000000	0.000000	0.000000	1.000000	0.000000	0.000000	0.000000	0.000000	0.000000	0.000000	18.000000	255.000000	255.000000	0.000000	0.000000	0.000000	0.000000	0.000000	0.000000	0.000000	0.000000	0.000000	0.000000	0.000000	0.000000	0.000000	0.000000	0.000000	0.000000	0.000000	0.000000	0.000000	29.307980	0.136147
	grayscale_nonpow2_small	png-8/wm_upload_wikimedia_org_dede951b77523cf9.png	grayscale/gray_024_73x73.png	small	73	73	73	7908.264648	0.117091	0.000000	0.000000	0.000000	0.604938	0.543210	0.000000	0.255946	0.731249	32.000000	0.006005	0.000000	0.000000	0.000000	0.000000	0.000000	0.000000	0.072108	1.318604	60.728394	0.000000	0.530864	0.000000	0.000000	0.000000	8.000000	1.000000	1.000000	2.317493	2.600470	0.000000	0.000000	0.320988	0.000000	58.747433	0.543210	0.114638	0.000000	1.000000	5329.000000	8.580919	73.000000	73.000000	15987.000000	1.000000	0.000000	0.200976	0.729405	3.000000														0.000000	4.000000	91.000000	249.000000	255.000000									0.000000	0.000000	0.000000									6.973251	0.406699
	alpha_nonpow2_portrait	png-24-32/wm_upload_wikimedia_org_6f41ee3571380120.png	alpha/alpha_032_91x137.png	small	137	91	137	0.000000	0.000000	0.000000	0.000000	0.000000	1.000000	1.000000	0.000000	0.000000	0.000000	1.000000	0.000080	0.000000	0.000000	0.000000	0.000000	0.000000	0.000000	0.000000	0.000000	0.000000	0.000000	1.000000	0.000000	0.000000	0.000000	2.000000	1.000000	1.000000	-0.000001	0.000000	0.000000	0.000000	0.000000	0.000000	0.000000	1.000000	0.000000	0.000000	1.000000	12467.000000	9.430840	91.000000	137.000000	37401.000000	0.664234	0.409121	0.108847	0.232053	3.000000	0.000000	0.000000	0.000000	0.000000	0.000000	0.000000	0.000000	0.000000	0.000000	0.000000	0.000000	0.000000	0.000000	0.000000	0.000000	0.000000	0.000000	0.000000	0.000000	0.000000	0.000000	0.000000	0.000000	0.000000	0.000000	0.000000	0.000000	0.000000	0.000000	0.000000	0.000000	0.000000	0.000000	0.000000	0.000000	0.000000	0.000000	0.000000	0.000000
	content_illustration	wikimedia-webshapes/Illustration/93c6f0dc2dda8a37de3b13f9db354152ddeba6b0.png	illustration-screen/illustration_101_256x246.png	small	256	256	246	5368.540039	0.258252	0.219859	0.006109	0.016570	0.375000	0.354167	95.843002	1.222703	0.642696	393.000000	0.011993	0.007960	0.005650	1.000000	0.365600	0.293380	38.000000	0.265349	3.180247	38.428123	31.701042	0.506250	0.000000	0.000000	0.000000	0.000000	0.000000	0.588827	3.110343	2.323258	0.000000	0.000000	0.131250	0.044710	36.470680	0.486458	0.152298	0.039468	0.000000	62976.000000	11.050509	246.000000	256.000000	188928.000000	0.960938	0.039846	0.008130	0.040650	3.000000	4.594870	5.035853	5.253948	5.287308	5.324493	0.000000	1.000000	1.000000	1.000000	0.000000	0.019291	0.872827	1.000000	1.000000	51.000000	121.000000	242.000000	255.000000	0.000000	0.000000	0.126984	0.285714	0.000000	0.000000	0.000000	0.079365	0.000000	0.000000	0.000000	0.000000	0.000000	0.000000	0.000000	0.000000	0.000000	0.000000	0.000000	2.766374	0.478553
	hdr_widegamut	ultrahdr-conformance/awesome-gain-maps/gain_mapped-test_chart-squares_b4_gm2.jpg	hdr/hdr_035_gain_mapped-test_chart-squares_b4_gm2.jpg	medium	700	700	700	2097.176514	0.039502	0.000000	0.000000	0.000000	0.841459	0.809750	0.000000	1.475417	1.192549	23.000000	0.000702	0.000000	0.000000	0.000000	0.000000	0.000000	0.000000	0.059041	0.656316	19.660812	0.000000	0.988909	0.000000	0.000000	0.000000	8.000000	1.000000	1.000000	0.931047	1.972027	0.000000	0.000000	0.172828	0.000000	72.702942	0.988909	0.012029	0.000000	1.000000	490000.000000	13.102160	700.000000	700.000000	1470000.000000	1.000000	0.000000	0.011461	0.011461	3.000000	0.000000	0.000000	5.098038	5.685234	5.883028	0.000000	0.000000	0.000000	1.000000	0.000000	0.000000	0.000000	0.000000	0.000000	0.000000	3.000000	254.000000	255.000000	0.000000	0.000000	0.000000	0.000000	0.000000	0.000000	0.000000	0.000000	0.000000	0.000000	0.000000	0.000000	0.000000	0.000000	0.000000	0.000000	0.000000	0.000000	0.000000	17.365358	0.179881
	content_screencontent	wikimedia-webshapes/ScreenContent/6ea2024b0eb63422fb3c08204df1cda79c6fc0b2.jpg	illustration-screen/screencontent_149_193x256.png	small	256	193	256	4598.970703	0.381904	0.091692	0.012053	0.007838	0.217448	0.003906	33.312374	0.999841	0.862847	3756.000000	0.114624	0.010940	0.007850	1.000000	0.067790	0.036270	22.000000	0.219266	3.786500	47.131512	11.160156	0.002604	0.000000	0.000000	0.000000	0.000000	0.000000	0.230368	4.124557	1.131483	0.077620	0.000000	0.180990	0.102291	32.456425	0.000000	0.173632	0.021226	0.000000	49408.000000	10.807868	193.000000	256.000000	148224.000000	0.753906	0.282487	0.036269	0.160622	3.000000	4.606900	4.897663	5.276200	5.379456	5.482329	0.423992	1.000000	1.000000	1.000000	0.050447	0.119970	0.332390	0.567307	15.000000	60.000000	113.000000	235.000000	255.000000	0.000000	0.047619	0.190476	0.285714	0.000000	0.000000	0.000000	0.031746	0.000000	0.000000	1.000000	1.694056	1.957771	2.148448	0.043090	0.063696	0.077620	0.000000	0.000000	3.251551	0.755466
	hdr_widegamut	ultrahdr-conformance/awesome-gain-maps/2503-hdr_multipage_app-01.jpg	hdr/hdr_013_2503-hdr_multipage_app-01.jpg	medium	500	500	298	1316.298828	0.135609	0.027027	0.001635	0.000980	0.428509	0.328248	10.866570	0.790645	1.262009	1106.000000	0.033752	0.000530	0.000370	0.000000	0.001480	0.003870	1.000000	0.388534	3.238714	15.396687	1.509154	0.371404	0.000000	0.000000	0.000000	0.000000	0.000000	0.059362	2.536067	1.885870	0.000000	0.000000	0.153444	0.007480	39.069218	0.380122	0.072141	0.002173	0.000000	149000.000000	11.911701	298.000000	500.000000	447000.000000	0.596000	0.517515	0.028295	0.099597	3.000000	3.284653	4.014623	4.668306	5.057912	5.355450	0.000000	0.254068	0.642045	1.000000	0.000000	0.023470	0.052957	0.086975	4.000000	17.000000	45.000000	221.000000	255.000000	0.000000	0.000000	0.031746	0.079365	0.000000	0.000000	0.000000	0.000000	0.000000	0.000000	0.000000	0.000000	0.000000	0.000000	0.000000	0.000000	0.000000	0.000000	0.000000	17.646404	0.444280
	indexed_palette_smalledge	png-8/g8_7deef5f4bc416953.png	palette/palette_005_p252_200x100.png	small	200	200	100	5025.844238	0.264552	0.090871	0.012813	0.011328	0.163333	0.163333	35.184475	6.205702	0.637849	208.000000	0.010400	0.025700	0.025120	2.000000	0.135080	0.137820	12.000000	0.800158	2.157003	119.050003	14.193334	0.356667	0.000000	0.000000	0.000000	8.000000	1.000000	0.735150	4.291954	1.943142	0.000000	0.000000	0.016667	0.231823	105.646973	0.376667	0.384974	0.030582	0.000000	20000.000000	9.903487	100.000000	200.000000	60000.000000	0.500000	0.693147	0.040000	0.433600	3.000000	5.143007	5.416289	5.575764	5.635067	5.719807	0.958520	1.000000	1.000000	1.000000	0.000000	0.226286	0.553698	0.732070	0.000000	81.000000	255.000000	255.000000	255.000000	0.000000	0.174603	0.444444	0.571429	0.000000	0.000000	0.031746	0.063492	0.000000	0.000000	0.000000	0.000000	0.000000	0.000000	0.000000	0.000000	0.000000	0.000000	0.000000	0.248686	0.481021
	hdr_widegamut	ultrahdr-conformance/pixel-ultrahdr/Ultra_HDR_Samples_Originals_05.jpg	hdr/hdr_052_Ultra_HDR_Samples_Originals_05_resized_640x481.jpg	medium	640	640	481	1889.369507	0.041396	0.034840	0.002182	0.001462	0.545000	0.012292	19.178190	0.160927	1.628891	572.000000	0.017456	0.000450	0.000470	0.000000	0.001400	0.001420	0.000000	0.157211	4.136400	6.693333	0.665833	0.003333	0.000000	0.000000	0.000000	0.000000	0.000000	0.034651	3.002844	0.776846	0.077338	0.000000	0.513333	0.000000	22.138123	0.010000	0.038558	0.001336	0.000000	307840.000000	12.637336	481.000000	640.000000	923520.000000	0.751562	0.285601	0.014553	0.064449	3.000000	2.931966	3.593335	4.068213	4.353620	4.791611	0.122821	0.218697	0.469543	0.800723	0.025924	0.032691	0.053542	0.098095	3.000000	7.000000	16.000000	78.000000	255.000000	0.000000	0.000000	0.015873	0.047619	0.000000	0.000000	0.000000	0.000000	0.000000	0.000000	0.000000	1.501531	1.861833	2.054757	0.038417	0.062172	0.077338	0.000000	0.000000	61.710003	0.866541
	content_illustration	wikimedia-webshapes/Illustration/22da382f6b50eab9b8d254371f75fb2918d8dc0a.png	illustration-screen/illustration_102_256x109.png	small	256	256	109	0.000000	0.000000	0.000000	0.000000	0.000000	1.000000	1.000000	0.000000	0.000000	0.000000	1.000000	0.000036	0.000000	0.000000	0.000000	0.000000	0.000000	0.000000	0.000000	0.000000	0.000000	0.000000	1.000000	0.000000	0.000000	0.000000	2.000000	1.000000	1.000000	-0.000001	0.000000	0.000000	0.000000	0.000000	0.000000	0.000000	1.000000	0.000000	0.000000	1.000000	27904.000000	10.236526	109.000000	256.000000	83712.000000	0.425781	0.853830	0.027523	0.174312	3.000000	0.000000	0.000000	0.000000	0.000000	0.000000	0.000000	0.000000	0.000000	0.000000	0.000000	0.000000	0.000000	0.000000	0.000000	0.000000	0.000000	0.000000	0.000000	0.000000	0.000000	0.000000	0.000000	0.000000	0.000000	0.000000	0.000000	0.000000	0.000000	0.000000	0.000000	0.000000	0.000000	0.000000	0.000000	0.000000	0.000000	0.000000	0.000000	0.000000
	grayscale_nonpow2_small	png-8/wm_upload_wikimedia_org_f026fbfe699ec206.png	grayscale/gray_025_47x47.png	tiny	47	47	47	11533.502930	0.420652	0.000000	0.000000	0.000000	0.040000	0.040000	0.000000	0.888822	0.377943	32.000000	0.014486	0.000000	0.000000	0.000000	0.000000	0.000000	0.000000	0.119096	2.641122	213.479996	0.000000	0.000000	0.000000	0.000000	0.000000	8.000000	1.000000	1.000000	5.460572	0.964555	1.000000	0.000000	0.480000	0.000000	66.366043	0.000000	0.332063	0.000000	1.000000	2209.000000	7.700295	47.000000	47.000000	6627.000000	1.000000	0.000000	0.043006	0.854233	3.000000														39.000000	174.000000	242.000000	255.000000	255.000000									0.000000	0.000000	0.000000									-1.275535	0.859838
	alpha_nonpow2_portrait	png-24-32/wm_upload_wikimedia_org_c3b0380800140c6c.png	alpha/alpha_033_91x137.png	small	137	91	137	2500.759521	0.203023	0.000000	0.000000	0.000000	0.385027	0.379679	0.000000	3.093390	0.810996	32.000000	0.002567	0.000000	0.000000	0.000000	0.000000	0.000000	0.000000	1.195059	1.156305	72.251335	0.000000	0.390374	0.000000	0.000000	0.000000	8.000000	1.000000	1.000000	3.148057	2.492243	0.000000	0.000000	0.026738	0.000000	96.809143	0.443850	0.278160	0.000000	1.000000	12467.000000	9.430840	91.000000	137.000000	37401.000000	0.664234	0.409121	0.108847	0.232053	3.000000	4.793207	5.277230	5.419375	5.489372	5.742867	0.000000	1.000000	1.000000	1.000000	0.000000	0.000000	0.000000	0.000000	0.000000	28.000000	245.000000	255.000000	255.000000	0.000000	0.000000	0.301587	0.507937	0.000000	0.000000	0.000000	0.000000	0.000000	0.000000	0.000000	0.000000	0.000000	0.000000	0.000000	0.000000	0.000000	0.000000	0.000000	1.271429	0.295842
	content_screencontent	wikimedia-webshapes/ScreenContent/cfa6ca00a13e4f88b64b052b164cd93a35986efa.jpg	illustration-screen/screencontent_177_195x256.png	small	256	195	256	4652.880371	0.584556	0.195350	0.045771	0.087626	0.067708	0.000000	92.457947	3.278410	0.556381	1723.000000	0.052582	0.126080	0.089100	3.000000	3.771680	2.803870	78.000000	0.361003	4.450387	89.255211	77.682289	0.000000	0.000000	0.000000	0.000000	0.000000	0.000000	0.047676	4.819625	0.902876	0.546644	0.083384	0.147135	0.495893	40.157955	0.000000	0.304791	0.126633	0.000000	49920.000000	10.818177	195.000000	256.000000	149760.000000	0.761719	0.272178	0.025641	0.148718	3.000000	5.116651	5.299853	5.382102	5.426515	5.516255	1.000000	1.000000	1.000000	1.000000	0.250348	0.940021	1.000000	1.000000	54.000000	134.000000	211.000000	255.000000	255.000000	0.079365	0.206349	0.333333	0.412698	0.000000	0.031746	0.126984	0.206349	0.000000	0.000000	2.000000	1.414713	2.122010	3.916214	0.027951	0.081976	0.546644	0.000000	0.000000	-0.485804	0.689197
	indexed_palette_smalledge	png-8/g8_f6b91d1f90ef9d1f.png	palette/palette_000_p256_200x100.png	small	200	200	100	4438.440430	0.356941	0.172758	0.041396	0.034170	0.090000	0.086667	60.065460	4.967259	0.669028	243.000000	0.012150	0.408470	0.420020	38.000000	2.101410	2.189290	149.000000	0.615290	1.903729	134.666672	67.983330	0.086667	0.000000	0.000000	0.000000	8.000000	1.000000	0.821900	4.775036	1.503478	0.935555	0.000000	0.000000	0.019063	73.224472	0.100000	0.426349	0.110952	0.000000	20000.000000	9.903487	100.000000	200.000000	60000.000000	0.500000	0.693147	0.040000	0.433600	3.000000	5.233171	5.447464	5.569314	5.636847	5.760070	1.000000	1.000000	1.000000	1.000000	0.181567	0.536980	0.947512	1.000000	19.000000	175.000000	255.000000	255.000000	255.000000	0.174603	0.380952	0.460317	0.539683	0.000000	0.015873	0.095238	0.174603	0.000000	0.000000	0.000000	0.000000	0.000000	4.412177	0.000000	0.000000	0.935555	0.000000	0.000000	-1.197737	0.547532
	indexed_palette_smalledge	png-8/web_ikea_com_327872d212175158.png	palette/palette_006_p256_200x100.png	small	200	200	100	3341.540283	0.223304	0.136527	0.022264	0.019260	0.033333	0.000000	53.488567	0.179848	0.808564	244.000000	0.012200	0.039280	0.044420	2.000000	0.195350	0.206290	14.000000	0.098035	4.532239	31.520000	15.283334	0.000000	0.000000	0.000000	0.000000	8.000000	1.000000	0.111300	4.218810	0.581753	0.385605	0.062127	0.493333	0.415260	22.348467	0.000000	0.112328	0.027566	0.000000	20000.000000	9.903487	100.000000	200.000000	60000.000000	0.500000	0.693147	0.040000	0.433600	3.000000	4.331718	4.644600	4.921638	5.104997	5.190161	0.578669	1.000000	1.000000	1.000000	0.101941	0.190624	0.422524	0.692334	14.000000	27.000000	49.000000	136.000000	255.000000	0.031746	0.063492	0.095238	0.158730	0.000000	0.000000	0.015873	0.047619	0.000000	0.000000	2.000000	2.858537	3.223869	3.432769	0.147620	0.273872	0.385605	0.000000	0.031746	16.704775	0.866578
	hdr_widegamut	ultrahdr-conformance/awesome-gain-maps/gain_mapped-text-sphinx_01.jpg	hdr/hdr_036_gain_mapped-text-sphinx_01.jpg	medium	600	600	400	1969.999512	0.034092	0.000000	0.000000	0.000000	0.912267	0.912000	0.000000	0.703630	1.257318	32.000000	0.000977	0.000000	0.000000	0.000000	0.000000	0.000000	0.000000	0.097775	0.449897	20.132799	0.000000	0.914400	0.000000	0.000000	0.000000	8.000000	1.000000	1.000000	0.488274	1.582852	0.000000	0.000000	0.048800	0.000000	69.277946	0.912800	0.033956	0.000000	1.000000	240000.000000	12.388394	400.000000	600.000000	720000.000000	0.666667	0.405465	0.000000	0.053867	3.000000	0.000000	0.000000	0.000000	5.660851	5.784013	0.000000	0.000000	0.000000	0.000000	0.000000	0.000000	0.000000	0.000000	0.000000	0.000000	0.000000	222.000000	255.000000	0.000000	0.000000	0.000000	0.000000	0.000000	0.000000	0.000000	0.000000	0.000000	0.000000	0.000000	0.000000	0.000000	0.000000	0.000000	0.000000	0.000000	0.000000	0.000000	33.171448	0.078777
	hdr_widegamut	ultrahdr-conformance/awesome-gain-maps/cats/gm-12_cats_eating_together_around_a_centrally_placed_lamp_in_cat_cafe.jpg	hdr/hdr_014_gm-12_cats_eating_together_around_a_centrally_placed_lamp_in_cat_cafe.jpg	medium	600	600	400	5356.152344	0.036561	0.080990	0.002367	0.001539	0.517067	0.150400	39.330452	0.044906	1.573732	853.000000	0.026031	0.000250	0.000260	0.000000	0.000960	0.001020	0.000000	0.041392	4.554592	8.753600	2.074400	0.113600	0.000000	0.000000	0.000000	0.000000	0.000000	0.121217	2.823573	1.275603	0.000000	0.000000	0.621600	0.695275	11.271341	0.161600	0.036419	0.004102	0.000000	240000.000000	12.388394	400.000000	600.000000	720000.000000	0.666667	0.405465	0.000000	0.053867	3.000000	3.042767	3.625801	4.288157	4.576469	4.937202	0.113221	0.238583	0.509460	1.000000	0.000000	0.031746	0.077639	0.161138	2.000000	6.000000	13.000000	38.000000	221.000000	0.000000	0.000000	0.015873	0.063492	0.000000	0.000000	0.000000	0.000000	0.000000	0.000000	0.000000	0.000000	0.000000	0.000000	0.000000	0.000000	0.000000	0.000000	0.000000	31.569670	0.801928
	grayscale_nonpow2_small	png-8/wm_upload_wikimedia_org_73d3bbf78c1d4d23.png	grayscale/gray_026_91x91.png	small	91	91	91	2406.521729	0.476515	0.000000	0.000000	0.000000	0.024793	0.000000	0.000000	0.220803	0.720651	27.000000	0.003260	0.000000	0.000000	0.000000	0.000000	0.000000	0.000000	0.158595	4.191913	39.628098	0.000000	0.000000	0.000000	0.000000	0.000000	8.000000	1.000000	1.000000	4.413708	0.603428	0.385446	0.000000	0.305785	0.000000	18.590475	0.000000	0.168831	0.000000	1.000000	8281.000000	9.021719	91.000000	91.000000	24843.000000	1.000000	0.000000	0.112909	0.112909	3.000000	4.523405	4.778288	4.998620	5.182793	5.244327	0.941451	1.000000	1.000000	1.000000	0.000000	0.000000	0.000000	0.000000	27.000000	53.000000	82.000000	145.000000	255.000000	0.031746	0.111111	0.174603	0.222222	0.000000	0.000000	0.000000	0.000000	0.000000	1.000000	3.000000	2.220108	3.209779	3.374493	0.080560	0.316227	0.385446	0.000000	0.031746	2.469806	0.814988
	content_illustration	wikimedia-webshapes/Illustration/d9c1a08d2a974c36f79a80e25701bb06c27e4ae7.JPEG	illustration-screen/illustration_103_256x168.png	small	256	256	168	7213.855469	0.417518	0.126655	0.015557	0.025124	0.052083	0.005952	55.520912	0.811341	0.788523	2470.000000	0.075378	0.013820	0.015310	2.000000	0.310720	0.284980	30.000000	0.131632	4.490678	63.504463	29.556547	0.000000	0.000000	0.000000	0.000000	0.000000	0.000000	0.228027	4.565409	0.812756	0.332850	0.058436	0.357143	0.311384	32.146152	0.002976	0.211026	0.048942	0.000000	43008.000000	10.669142	168.000000	256.000000	129024.000000	0.656250	0.421213	0.000000	0.142857	3.000000	4.811728	5.117461	5.344455	5.457265	5.606835	0.953133	1.000000	1.000000	1.000000	0.178725	0.458362	0.757843	1.000000	19.000000	56.000000	107.000000	212.000000	255.000000	0.047619	0.142857	0.222222	0.285714	0.000000	0.015873	0.047619	0.079365	0.000000	0.000000	1.000000	1.601381	3.011465	3.385425	0.043271	0.223168	0.332850	0.000000	0.015873	3.395059	0.826369
	content_screencontent	wikimedia-webshapes/ScreenContent/78a1b315c690206645fff1f121615c5116b07b6e.png	illustration-screen/screencontent_178_189x256.png	small	256	189	256	8247.008789	0.620463	0.000000	0.000000	0.000000	0.065217	0.044837	0.000000	1.990375	0.584415	32.000000	0.000977	0.000000	0.000000	0.000000	0.000000	0.000000	0.000000	0.147051	4.078567	107.172554	0.000000	0.024457	0.000000	0.000000	0.000000	8.000000	1.000000	1.000000	4.988099	1.105505	0.877303	0.000000	0.375000	0.000000	38.295486	0.032609	0.282479	0.000000	1.000000	48384.000000	10.786924	189.000000	256.000000	145152.000000	0.738281	0.303430	0.015873	0.015873	3.000000	5.335140	5.464289	5.541300	5.604937	5.680242	1.000000	1.000000	1.000000	1.000000	0.000000	0.000000	0.000000	0.000000	53.000000	111.000000	165.000000	251.000000	255.000000	0.111111	0.206349	0.317460	0.380952	0.000000	0.000000	0.000000	0.000000	0.000000	0.000000	1.000000	0.000000	1.977437	4.279795	0.000000	0.057819	0.877303	0.000000	0.000000	-0.142324	0.809141
	alpha_nonpow2_portrait	png-24-32/wm_upload_wikimedia_org_a33eeb0d58aa5a4c.png	alpha/alpha_034_91x137.png	small	137	91	137	6763.095703	0.112990	0.049315	0.005588	0.001883	0.647059	0.620321	15.506122	1.766535	0.966935	273.000000	0.021898	0.054760	0.042230	36.000000	0.041610	0.094380	42.000000	0.567405	1.579010	60.358288	4.882353	0.620321	0.000000	0.000000	0.000000	0.000000	0.000000	0.952916	1.830215	2.412460	0.000000	0.000000	0.021390	0.000808	97.830063	0.620321	0.138358	0.007215	0.000000	12467.000000	9.430840	91.000000	137.000000	37401.000000	0.664234	0.409121	0.108847	0.232053	3.000000	0.000000	4.674058	5.541790	5.641794	5.795355	0.000000	0.000000	1.000000	1.000000	0.000000	0.000000	0.000000	0.111570	0.000000	0.000000	79.000000	255.000000	255.000000	0.000000	0.000000	0.000000	0.253968	0.000000	0.000000	0.000000	0.000000	0.000000	0.000000	0.000000	0.000000	0.000000	0.000000	0.000000	0.000000	0.000000	0.000000	0.000000	6.963179	0.237803
	indexed_palette_smalledge	png-8/wm_upload_wikimedia_org_784f461eed95fa2a.png	palette/palette_001_p32_200x100.png	small	200	200	100	6268.704590	0.296221	0.447043	0.063567	0.034995	0.236667	0.233333	150.471802	1.566015	0.762123	30.000000	0.001500	0.589380	0.534630	28.000000	0.992690	1.124600	43.000000	0.371384	3.117283	66.866669	102.836670	0.220000	0.000000	0.000000	0.000000	8.000000	1.000000	0.221900	3.805670	2.110671	0.000000	0.000000	0.186667	0.038698	58.645473	0.256667	0.194233	0.099841	0.000000	20000.000000	9.903487	100.000000	200.000000	60000.000000	0.500000	0.693147	0.040000	0.433600	3.000000	4.871969	5.292621	5.419018	5.485959	5.557119	0.590265	1.000000	1.000000	1.000000	0.116638	0.856375	1.000000	1.000000	2.000000	60.000000	181.000000	255.000000	255.000000	0.000000	0.063492	0.126984	0.349206	0.000000	0.000000	0.079365	0.158730	0.000000	0.000000	0.000000	0.000000	0.000000	0.000000	0.000000	0.000000	0.000000	0.000000	0.000000	1.360955	0.587122
	indexed_palette_smalledge	png-8/g8_c9151407aea44518.png	palette/palette_007_p69_200x100.png	small	200	200	100	9431.020508	0.040201	0.166444	0.005821	0.001081	0.736667	0.736667	66.639053	0.484540	0.962909	6.000000	0.000300	0.035130	0.041840	4.000000	0.009290	0.027390	3.000000	0.124981	1.175322	26.303333	13.783334	0.906667	0.000000	0.000000	0.000000	4.000000	1.000000	0.350000	1.314048	2.225843	0.000000	0.000000	0.096667	0.000000	73.522903	0.933333	0.052434	0.018730	0.000000	20000.000000	9.903487	100.000000	200.000000	60000.000000	0.500000	0.693147	0.040000	0.433600	3.000000	0.000000	3.895022	5.546185	5.690197	5.690197	0.000000	0.000000	0.648635	1.000000	0.000000	0.000000	0.180130	1.000000	0.000000	0.000000	0.000000	255.000000	255.000000	0.000000	0.000000	0.000000	0.063492	0.000000	0.000000	0.000000	0.000000	0.000000	0.000000	0.000000	0.000000	0.000000	0.000000	0.000000	0.000000	0.000000	0.000000	0.000000	16.569351	0.217581
	content_screencontent	wikimedia-webshapes/ScreenContent/2a424a7634f8dd64a2062d08216e8df4a36c113a.jpeg	illustration-screen/screencontent_150_192x256.png	small	256	192	256	3504.724854	0.473730	0.113276	0.034737	0.019663	0.098958	0.078125	45.502289	1.284476	0.764898	949.000000	0.028961	0.107620	0.090870	3.000000	0.281820	0.239290	24.000000	0.318880	3.754375	44.532551	20.079428	0.095052	0.000000	0.000000	0.000000	0.000000	0.000000	0.132833	4.264668	1.234395	0.196965	0.029818	0.226562	0.278707	29.000809	0.113281	0.188368	0.035239	0.000000	49152.000000	10.802672	192.000000	256.000000	147456.000000	0.750000	0.287682	0.000000	0.000000	3.000000	4.611526	4.925971	5.055190	5.192145	5.360730	0.897600	1.000000	1.000000	1.000000	0.078675	0.403971	0.608219	1.000000	32.000000	76.000000	117.000000	255.000000	255.000000	0.015873	0.095238	0.190476	0.269841	0.000000	0.000000	0.031746	0.063492	0.000000	0.000000	0.000000	0.000000	0.676691	3.080575	0.000000	0.010699	0.196965	0.000000	0.000000	2.706775	0.672457
	content_screencontent	wikimedia-webshapes/ScreenContent/faca4ef0ceeb0274d618cc580b94cdb795c1540a.jpg	illustration-screen/screencontent_179_129x256.png	small	256	129	256	3893.718994	0.646906	0.000000	0.000000	0.000000	0.005859	0.000000	0.000000	2.469934	0.657464	32.000000	0.000977	0.000000	0.000000	0.000000	0.000000	0.000000	0.000000	0.343676	4.586921	96.533203	0.000000	0.000000	0.000000	0.000000	0.000000	8.000000	1.000000	1.000000	5.010306	0.374781	1.000000	0.000000	0.017578	0.000000	38.652100	0.000000	0.341115	0.000000	1.000000	33024.000000	10.404990	129.000000	256.000000	99072.000000	0.503906	0.685365	0.054264	0.240310	3.000000	5.048141	5.206758	5.360762	5.418059	5.528574	1.000000	1.000000	1.000000	1.000000	0.000000	0.000000	0.000000	0.000000	63.000000	125.000000	196.000000	255.000000	255.000000	0.206349	0.285714	0.365079	0.412698	0.000000	0.000000	0.000000	0.000000	1.000000	3.000000	6.000000	3.119256	4.420814	4.735742	0.209728	1.000000	1.000000	0.015873	0.111111	-0.207054	0.727285
	hdr_widegamut	ultrahdr-conformance/awesome-gain-maps/gain_mapped-photo-laser_milky_way.jpg	hdr/hdr_028_gain_mapped-photo-laser_milky_way.jpg	large	1320	1320	1198	922.535034	0.349691	0.042119	0.008948	0.006996	0.102783	0.000989	15.108052	5.153728	1.231975	5846.000000	0.178406	0.004000	0.003110	1.000000	0.014780	0.011640	3.000000	1.225515	3.370571	14.090732	4.901464	0.000000	0.000000	0.000000	0.000000	0.000000	0.000000	0.100821	3.868415	0.610204	0.157008	0.030456	0.022439	0.022752	29.907698	0.000000	0.129772	0.010468	0.000000	1581360.000000	14.273796	1198.000000	1320.000000	4744080.000000	0.907576	0.096978	0.001669	0.033480	3.000000	3.878346	4.336807	4.652081	4.778514	5.077256	0.238490	0.400081	0.716144	1.000000	0.056422	0.102593	0.169878	0.243152	23.000000	50.000000	89.000000	245.000000	255.000000	0.000000	0.015873	0.079365	0.222222	0.000000	0.000000	0.000000	0.015873	0.000000	1.000000	3.000000	2.411621	2.842570	3.067158	0.092802	0.126284	0.157008	0.000000	0.000000	7.252823	0.396207
	grayscale_nonpow2_small	png-8/wm_upload_wikimedia_org_1711b62d86af1884.png	grayscale/gray_027_137x137.png	small	137	137	137	9169.718750	0.148194	0.000000	0.000000	0.000000	0.602076	0.570934	0.000000	0.717035	0.870297	32.000000	0.001705	0.000000	0.000000	0.000000	0.000000	0.000000	0.000000	0.135339	1.626800	62.131489	0.000000	0.539792	0.000000	0.000000	0.000000	8.000000	1.000000	1.000000	2.186068	2.507665	0.000000	0.000000	0.141869	0.000000	58.213264	0.529412	0.132696	0.000000	1.000000	18769.000000	9.839962	137.000000	137.000000	56307.000000	1.000000	0.000000	0.104800	0.363951	3.000000	0.000000	5.185560	5.659294	5.739263	5.797840	0.000000	0.000000	1.000000	1.000000	0.000000	0.000000	0.000000	0.000000	0.000000	4.000000	109.000000	255.000000	255.000000	0.000000	0.000000	0.000000	0.333333	0.000000	0.000000	0.000000	0.000000	0.000000	0.000000	0.000000	0.000000	0.000000	0.000000	0.000000	0.000000	0.000000	0.000000	0.000000	5.806087	0.353706
	content_illustration	wikimedia-webshapes/Illustration/7466804768db5c81162f3062d9052399bef075cf.png	illustration-screen/illustration_104_256x256.png	medium	256	256	256	5380.050293	0.022976	0.038000	0.000551	0.000471	0.895508	0.880859	21.966349	0.178384	1.232237	76.000000	0.002319	0.000250	0.000440	0.000000	0.001140	0.002030	0.000000	0.069632	0.798185	13.307617	0.992188	0.878906	0.000000	0.000000	0.000000	8.000000	1.000000	0.144669	0.607089	1.641501	0.000000	0.000000	0.068359	0.000000	55.951496	0.876953	0.024926	0.002279	0.000000	65536.000000	11.090355	256.000000	256.000000	196608.000000	1.000000	0.000000	0.000000	0.000000	3.000000	0.000000	0.000000	4.212703	5.532052	5.660996	0.000000	0.000000	0.000000	0.755839	0.000000	0.000000	0.000000	0.044085	0.000000	0.000000	0.000000	165.000000	255.000000	0.000000	0.000000	0.000000	0.000000	0.000000	0.000000	0.000000	0.000000	0.000000	0.000000	0.000000	0.000000	0.000000	0.000000	0.000000	0.000000	0.000000	0.000000	0.000000	47.651859	0.107671
	alpha_nonpow2_portrait	png-24-32/wm_upload_wikimedia_org_f8452075936f09f0.png	alpha/alpha_035_91x137.png	small	137	91	137	554.435791	0.332108	0.235358	0.029244	0.068562	0.294118	0.267380	104.606712	0.423857	0.516212	31.000000	0.002487	0.176640	0.304470	4.000000	6.359130	10.961060	157.000000	0.905318	1.240869	17.481283	136.310165	0.427807	0.000000	0.000000	0.000000	8.000000	1.000000	0.706265	3.143841	1.939726	0.000000	0.000000	0.021390	0.000000	15.909196	0.433155	0.106188	0.147441	0.000000	12467.000000	9.430840	91.000000	137.000000	37401.000000	0.664234	0.409121	0.108847	0.232053	3.000000	4.336060	4.461350	4.546456	4.582019	4.608813	0.000000	0.833353	0.990820	1.000000	0.000000	1.000000	1.000000	1.000000	1.000000	52.000000	99.000000	222.000000	255.000000	0.000000	0.000000	0.095238	0.174603	0.000000	0.000000	0.126984	0.253968	0.000000	0.000000	0.000000	0.000000	0.000000	0.000000	0.000000	0.000000	0.000000	0.000000	0.000000	3.308329	0.386585
	hdr_widegamut	ultrahdr-conformance/awesome-gain-maps/gain_mapped-ui-demo_app.jpg	hdr/hdr_037_gain_mapped-ui-demo_app.jpg	medium	697	697	599	700.568848	0.042790	0.038529	0.000681	0.000858	0.837217	0.819975	13.270867	0.334801	1.381867	1573.000000	0.048004	0.000370	0.001220	0.000000	0.003690	0.008270	5.000000	0.167603	2.228245	6.369059	1.758621	0.888164	0.000000	0.000000	0.000000	0.000000	0.000000	0.835149	0.820984	1.555794	0.000000	0.000000	0.046598	0.041389	40.799469	0.898416	0.022042	0.002086	0.000000	417503.000000	12.942047	599.000000	697.000000	1252509.000000	0.859397	0.151524	0.011729	0.025219	3.000000	0.000000	0.926211	4.018410	4.824010	5.346071	0.000000	0.000000	0.015955	0.760435	0.000000	0.000000	0.000000	0.000000	0.000000	0.000000	6.000000	137.000000	255.000000	0.000000	0.000000	0.000000	0.000000	0.000000	0.000000	0.000000	0.000000	0.000000	0.000000	0.000000	0.000000	0.000000	0.000000	0.000000	0.000000	0.000000	0.000000	0.000000	37.117638	0.208056
	indexed_palette_smalledge	png-8/wm_upload_wikimedia_org_cd5a95e6dd2783a1.png	palette/palette_008_p256_200x100.png	small	200	200	100	1881.052490	0.260417	0.019144	0.000339	0.000795	0.210000	0.180000	7.240479	1.723952	0.711960	43.000000	0.002150	0.000620	0.000640	0.000000	0.022600	0.023100	30.000000	0.532331	1.523008	45.206665	0.490000	0.170000	0.000000	0.000000	0.000000	8.000000	1.000000	0.997800	3.947471	1.861590	0.000000	0.000000	0.056667	0.000052	51.297203	0.190000	0.206085	0.001164	0.000000	20000.000000	9.903487	100.000000	200.000000	60000.000000	0.500000	0.693147	0.040000	0.433600	3.000000	4.922214	5.100412	5.259480	5.297894	5.369164	0.462056	1.000000	1.000000	1.000000	0.000000	0.006720	0.010539	0.014920	1.000000	88.000000	178.000000	255.000000	255.000000	0.000000	0.095238	0.190476	0.317460	0.000000	0.000000	0.000000	0.000000	0.000000	0.000000	0.000000	0.000000	0.000000	0.000000	0.000000	0.000000	0.000000	0.000000	0.000000	0.829541	0.557971
	indexed_palette_smalledge	png-8/wm_upload_wikimedia_org_ee23fc6aeb0dc5ef.png	palette/palette_002_p256_200x100.png	small	200	200	100	5257.110352	0.150283	0.509278	0.035930	0.015958	0.416667	0.310000	169.016602	0.553041	0.845720	184.000000	0.009200	0.131270	0.072210	8.000000	0.359940	0.188110	12.000000	0.126569	2.382694	49.213333	62.303333	0.373333	0.000000	0.000000	0.000000	8.000000	1.000000	0.113900	3.034731	2.278982	0.000000	0.000000	0.266667	0.015469	56.344170	0.403333	0.130635	0.053810	0.000000	20000.000000	9.903487	100.000000	200.000000	60000.000000	0.500000	0.693147	0.040000	0.433600	3.000000	4.115924	5.141836	5.514149	5.562823	5.685299	0.000000	0.807935	1.000000	1.000000	0.000000	0.182273	1.000000	1.000000	0.000000	16.000000	90.000000	255.000000	255.000000	0.000000	0.000000	0.095238	0.238095	0.000000	0.000000	0.015873	0.111111	0.000000	0.000000	0.000000	0.000000	0.000000	0.000000	0.000000	0.000000	0.000000	0.000000	0.000000	6.336867	0.551545
	content_illustration	wikimedia-webshapes/Illustration/9be1a83e5d3cf4a046ca245052213dc49eb6d8ca.png	illustration-screen/illustration_105_180x256.png	small	256	180	256	0.064724	0.000000	0.000000	0.000000	0.000000	1.000000	0.988636	0.000000	0.000149	1.185157	2.000000	0.000061	0.000000	0.000000	0.000000	0.000000	0.000000	0.000000	0.828902	0.007369	0.000000	0.000000	0.970170	0.000000	0.000000	0.000000	2.000000	1.000000	1.000000	0.068632	0.315170	0.000000	0.000000	0.005682	0.000000	0.000000	0.977273	0.000000	0.000000	1.000000	46080.000000	10.738134	180.000000	256.000000	138240.000000	0.703125	0.352221	0.022222	0.066667	3.000000	0.000000	0.000000	0.000000	0.467981	1.653213	0.000000	0.000000	0.000000	0.000000	0.000000	0.000000	0.000000	0.000000	0.000000	0.000000	0.000000	1.000000	43.000000	0.000000	0.000000	0.000000	0.000000	0.000000	0.000000	0.000000	0.000000	0.000000	0.000000	0.000000	0.000000	0.000000	0.000000	0.000000	0.000000	0.000000	0.000000	0.000000	1088.533691	0.027690
	content_screencontent	wikimedia-webshapes/ScreenContent/bbcb67c84c1accc464ecf3ae6d9e421f04cbc9e5.jpg	illustration-screen/screencontent_156_192x256.png	small	256	192	256	4462.234863	0.431373	0.119498	0.019575	0.023467	0.169271	0.032552	59.856186	1.200298	0.826981	1130.000000	0.034485	0.038750	0.038400	1.000000	0.308240	0.275860	16.000000	0.226172	4.196420	45.746094	16.809896	0.040365	0.000000	0.000000	0.000000	0.000000	0.000000	0.037028	4.252829	1.188318	0.107881	0.028929	0.246094	0.656026	30.311682	0.049479	0.164703	0.028460	0.000000	49152.000000	10.802672	192.000000	256.000000	147456.000000	0.750000	0.287682	0.000000	0.000000	3.000000	4.671922	5.017629	5.161160	5.311285	5.494832	0.688879	1.000000	1.000000	1.000000	0.152740	0.323315	0.490637	0.688166	25.000000	76.000000	127.000000	228.000000	255.000000	0.000000	0.095238	0.158730	0.253968	0.000000	0.000000	0.031746	0.047619	0.000000	0.000000	1.000000	0.000000	1.647752	2.533053	0.000000	0.049463	0.107881	0.000000	0.000000	1.628194	0.700004
	indexed_palette_smalledge	png-8/g8_ed319ea90a93a6b3.png	palette/palette_009_p256_200x100.png	small	200	200	100	2422.488281	0.163892	0.077550	0.006337	0.004084	0.290000	0.273333	32.650448	1.484461	0.926334	51.000000	0.002550	0.015560	0.034170	0.000000	0.046550	0.047540	3.000000	0.456395	1.468225	51.610001	11.146667	0.470000	0.000000	0.000000	0.000000	8.000000	1.000000	0.058400	3.321076	2.094939	0.000000	0.000000	0.076667	0.000000	73.354607	0.623333	0.168254	0.022487	0.000000	20000.000000	9.903487	100.000000	200.000000	60000.000000	0.500000	0.693147	0.040000	0.433600	3.000000	4.366105	4.802606	5.390042	5.627419	5.698742	0.000000	1.000000	1.000000	1.000000	0.000000	0.265076	0.508996	0.537174	0.000000	51.000000	102.000000	255.000000	255.000000	0.000000	0.000000	0.095238	0.301587	0.000000	0.000000	0.031746	0.031746	0.000000	0.000000	0.000000	0.000000	0.000000	0.000000	0.000000	0.000000	0.000000	0.000000	0.000000	4.867109	0.545873
	content_screencontent	wikimedia-webshapes/ScreenContent/4540558fd4b21578a346f5dc35b21343bf0030a1.jpg	illustration-screen/screencontent_151_256x149.png	small	256	256	149	2640.379150	0.426280	0.095111	0.020050	0.016644	0.059028	0.000000	47.541870	0.662646	0.794434	2085.000000	0.063629	0.021410	0.018920	1.000000	0.087450	0.095460	5.000000	0.123990	4.308067	48.185764	15.156250	0.003472	0.000000	0.000000	0.000000	0.000000	0.000000	0.017696	4.522055	0.702963	0.460009	0.080485	0.307292	0.751112	30.375288	0.000000	0.175154	0.028604	0.000000	38144.000000	10.549124	149.000000	256.000000	114432.000000	0.582031	0.541231	0.020134	0.073826	3.000000	4.655991	4.996173	5.294649	5.401895	5.512201	0.837886	1.000000	1.000000	1.000000	0.143391	0.261309	0.392812	0.558638	23.000000	56.000000	99.000000	189.000000	255.000000	0.047619	0.095238	0.174603	0.253968	0.000000	0.015873	0.031746	0.047619	0.000000	1.000000	3.000000	2.269367	2.944906	3.625203	0.065567	0.190418	0.460009	0.000000	0.015873	3.445681	0.811045
	content_screencontent	wikimedia-webshapes/ScreenContent/56e6272d1bc48efd2a9081f780ad7732e195f451.jpg	illustration-screen/screencontent_180_256x167.png	small	256	256	167	1774.260132	0.298775	0.216095	0.046477	0.042519	0.101562	0.000000	100.706314	0.466326	0.858465	3863.000000	0.117889	0.136540	0.127090	7.000000	1.123670	0.734060	60.000000	0.174028	4.013970	31.915625	61.393749	0.009375	0.000000	0.000000	0.000000	0.000000	0.000000	0.001076	4.158382	0.784239	0.221334	0.205131	0.300000	0.290845	22.846090	0.000000	0.138021	0.088145	0.000000	42752.000000	10.663171	167.000000	256.000000	128256.000000	0.652344	0.427184	0.005988	0.149701	3.000000	4.339341	4.781134	4.983521	5.093349	5.177019	0.517351	1.000000	1.000000	1.000000	0.355366	0.604058	1.000000	1.000000	13.000000	38.000000	76.000000	178.000000	255.000000	0.015873	0.063492	0.111111	0.206349	0.015873	0.047619	0.079365	0.126984	0.000000	0.000000	1.000000	1.747096	2.562293	3.071859	0.050007	0.122272	0.221334	0.000000	0.000000	7.037302	0.789353
	indexed_palette_smalledge	png-8/g8_3e35ea9ef80ea5ef.png	palette/palette_003_p19_200x100.png	small	200	200	100	1266.769287	0.416091	0.054447	0.018384	0.025518	0.073333	0.073333	24.759066	1.591995	0.363696	2.000000	0.000100	0.031890	0.027960	0.000000	0.395280	0.346620	2.000000	1.038480	0.996131	40.790001	9.606667	0.073333	0.000000	0.000000	0.000000	2.000000	1.000000	0.479100	4.333351	1.230025	0.573817	0.129572	0.006667	0.000000	13.153286	0.083333	0.274656	0.017249	0.000000	20000.000000	9.903487	100.000000	200.000000	60000.000000	0.500000	0.693147	0.040000	0.433600	3.000000	4.738340	4.773302	4.780231	4.781298	4.783099	0.880703	1.000000	1.000000	1.000000	0.197265	0.282363	0.327359	0.360238	70.000000	142.000000	145.000000	255.000000	255.000000	0.142857	0.238095	0.301587	0.349206	0.000000	0.000000	0.015873	0.031746	0.000000	0.000000	0.000000	0.000000	0.000000	4.155358	0.000000	0.000000	0.573817	0.000000	0.000000	-0.659302	0.452656
	content_illustration	wikimedia-webshapes/Illustration/e830d29cfd393b83fbed18470ab4cc2e0957ed40.JPG	illustration-screen/illustration_106_256x246.png	small	256	256	246	11387.972656	0.071013	0.002078	0.000089	0.000221	0.722917	0.645833	0.919250	0.513562	0.856456	92.000000	0.002808	0.000000	0.000000	0.000000	0.000140	0.000100	0.000000	0.048345	1.223525	40.856251	0.000000	0.733333	0.000000	0.000000	0.000000	8.000000	1.000000	1.000000	1.805436	2.310019	0.000000	0.000000	0.229167	0.000000	66.307983	0.709375	0.055903	0.000000	0.000000	62976.000000	11.050509	246.000000	256.000000	188928.000000	0.960938	0.039846	0.008130	0.040650	3.000000	0.467982	4.158000	5.739856	5.803470	5.815772	0.000000	0.006494	0.859914	1.000000	0.000000	0.000000	0.011793	0.026812	0.000000	1.000000	24.000000	209.000000	255.000000	0.000000	0.000000	0.000000	0.111111	0.000000	0.000000	0.000000	0.000000	0.000000	0.000000	0.000000	0.000000	0.000000	0.000000	0.000000	0.000000	0.000000	0.000000	0.000000	12.191503	0.379437
	indexed_palette_smalledge	png-8/wm_upload_wikimedia_org_edd544791fabf53e.png	palette/palette_010_p256_200x100.png	small	200	200	100	1342.653442	0.070613	0.000101	0.000001	0.000000	0.636667	0.633333	0.028929	3.209783	0.872606	23.000000	0.001150	0.000000	0.000000	0.000000	0.000000	0.000000	0.000000	1.670596	0.282904	36.526669	0.000000	0.640000	0.000000	0.000000	0.000000	8.000000	1.000000	1.000000	1.864860	2.465561	0.000000	0.000000	0.003333	0.000000	88.405121	0.700000	0.180159	0.000000	0.000000	20000.000000	9.903487	100.000000	200.000000	60000.000000	0.500000	0.693147	0.040000	0.433600	3.000000	0.000000	5.022274	5.338355	5.424272	5.525988	0.000000	0.000000	1.000000	1.000000	0.000000	0.000000	0.000000	0.000000	0.000000	0.000000	52.000000	255.000000	255.000000	0.000000	0.000000	0.000000	0.460317	0.000000	0.000000	0.000000	0.000000	0.000000	0.000000	0.000000	0.000000	0.000000	0.000000	0.000000	0.000000	0.000000	0.000000	0.000000	6.232918	0.127788
	hdr_widegamut	ultrahdr-conformance/awesome-gain-maps/gain_mapped-video_games-guacamelee.jpg	hdr/hdr_038_gain_mapped-video_games-guacamelee.jpg	medium	700	700	394	3860.336182	0.048550	0.097051	0.003813	0.004034	0.536242	0.218391	42.198627	0.186304	1.671092	5585.000000	0.170441	0.001860	0.002530	1.000000	0.006770	0.013940	5.000000	0.107205	4.056379	10.516886	6.869606	0.066604	0.000000	0.000000	0.000000	0.000000	0.000000	0.068604	2.767188	1.302597	0.019316	0.000000	0.573171	0.006345	29.969776	0.157598	0.042527	0.010751	0.000000	275800.000000	12.527431	394.000000	700.000000	827400.000000	0.562857	0.574729	0.021030	0.061871	3.000000	2.982999	3.662296	4.376225	4.736085	5.220105	0.071591	0.239461	0.528757	1.000000	0.022759	0.053403	0.128728	0.316038	2.000000	5.000000	14.000000	85.000000	255.000000	0.000000	0.000000	0.015873	0.047619	0.000000	0.000000	0.000000	0.015873	0.000000	0.000000	0.000000	0.000000	0.000000	0.954243	0.000000	0.000000	0.019316	0.000000	0.000000	64.905739	0.809691
	indexed_palette_smalledge	png-8/web_vox_com_4a43cd50753202e1.png	palette/palette_004_p256_200x100.png	small	200	200	100	1580.045654	0.210427	0.054956	0.013522	0.005698	0.083333	0.000000	21.566406	0.123069	0.862317	210.000000	0.010500	0.012800	0.012670	1.000000	0.018560	0.016530	2.000000	0.148461	3.930710	18.836666	5.320000	0.000000	0.000000	0.000000	0.000000	8.000000	1.000000	0.018650	3.943299	0.557325	0.255120	0.040022	0.303333	0.233333	12.950682	0.000000	0.099630	0.012222	0.000000	20000.000000	9.903487	100.000000	200.000000	60000.000000	0.500000	0.693147	0.040000	0.433600	3.000000	4.024536	4.318324	4.632265	4.771622	4.967332	0.446218	0.747725	1.000000	1.000000	0.072340	0.125790	0.198629	0.340190	13.000000	27.000000	47.000000	98.000000	241.000000	0.015873	0.047619	0.095238	0.142857	0.000000	0.000000	0.000000	0.015873	0.000000	0.000000	1.000000	2.528193	2.797256	3.141900	0.102614	0.150502	0.255120	0.000000	0.000000	8.341172	0.795838
	content_illustration	wikimedia-webshapes/Illustration/ea54c6ac49184c7fb4409096c2f60e412dc6ae02.png	illustration-screen/illustration_107_217x256.png	small	256	217	256	6134.064453	0.205537	0.220959	0.004137	0.016552	0.402778	0.364583	99.635628	0.549531	0.747363	288.000000	0.008789	0.002940	0.002170	0.000000	0.344570	0.257370	22.000000	0.118570	2.792673	37.831020	32.612270	0.370370	0.000000	0.000000	0.000000	0.000000	0.000000	0.640841	2.961486	2.290530	0.000000	0.000000	0.237269	0.022195	32.125645	0.435185	0.117486	0.036872	0.000000	55552.000000	10.925075	217.000000	256.000000	166656.000000	0.847656	0.165280	0.032258	0.032258	3.000000	4.423651	4.982746	5.272697	5.306379	5.371403	0.000000	1.000000	1.000000	1.000000	0.000000	0.025085	0.995761	1.000000	1.000000	31.000000	89.000000	176.000000	255.000000	0.000000	0.000000	0.095238	0.222222	0.000000	0.000000	0.000000	0.079365	0.000000	0.000000	0.000000	0.000000	0.000000	0.000000	0.000000	0.000000	0.000000	0.000000	0.000000	4.193008	0.531644
	indexed_palette_smalledge	png-8/wm_upload_wikimedia_org_5b6d7afd0f62ff2c.png	palette/palette_011_p17_200x100.png	small	200	200	100	4752.819336	0.039102	0.291556	0.011115	0.012687	0.716667	0.713333	132.383469	0.303805	0.765364	4.000000	0.000200	0.076050	0.039410	1.000000	0.643560	0.332280	16.000000	0.105381	0.997080	26.833334	33.846668	0.880000	0.000000	0.000000	0.000000	2.000000	1.000000	0.476650	1.464882	2.329553	0.000000	0.000000	0.140000	0.000000	17.330309	0.933333	0.051005	0.031587	0.000000	20000.000000	9.903487	100.000000	200.000000	60000.000000	0.500000	0.693147	0.040000	0.433600	3.000000	0.000000	4.886499	5.319427	5.327187	5.347975	0.000000	0.000000	1.000000	1.000000	0.000000	0.000000	1.000000	1.000000	0.000000	0.000000	0.000000	255.000000	255.000000	0.000000	0.000000	0.000000	0.095238	0.000000	0.000000	0.000000	0.095238	0.000000	0.000000	0.000000	0.000000	0.000000	0.000000	0.000000	0.000000	0.000000	0.000000	0.000000	13.925340	0.249508
	content_screencontent	wikimedia-webshapes/ScreenContent/8a9a98f15a338e18961da6572211614130113e46.jpg	illustration-screen/screencontent_157_256x184.png	small	256	256	184	4857.112305	0.331748	0.167186	0.009265	0.016698	0.217391	0.000000	71.943886	1.423679	0.742985	981.000000	0.029938	0.009700	0.009570	1.000000	0.356600	0.328520	47.000000	0.193504	4.151816	67.873642	25.221468	0.002717	0.000000	0.000000	0.000000	0.000000	0.000000	0.252441	4.328064	1.167799	0.127545	0.024213	0.339674	0.173297	47.436073	0.000000	0.202014	0.029287	0.000000	47104.000000	10.760113	184.000000	256.000000	141312.000000	0.718750	0.330242	0.000000	0.043478	3.000000	4.797969	5.288152	5.465259	5.586597	5.674486	0.308453	1.000000	1.000000	1.000000	0.034492	0.057777	0.362708	1.000000	11.000000	63.000000	141.000000	255.000000	255.000000	0.000000	0.031746	0.190476	0.349206	0.000000	0.000000	0.000000	0.031746	0.000000	0.000000	1.000000	1.798909	2.132290	2.466659	0.052692	0.082414	0.127545	0.000000	0.000000	2.290733	0.818154
	content_screencontent	wikimedia-webshapes/ScreenContent/50c6ebc9ec3afead48acfcc7fa8f22b795bdaed0.jpg	illustration-screen/screencontent_152_188x256.png	small	256	188	256	4305.288086	0.255762	0.066167	0.012406	0.004154	0.341033	0.000000	33.478825	1.230518	0.800970	501.000000	0.015289	0.011220	0.008950	0.000000	0.007690	0.005110	1.000000	0.224154	3.751905	56.099186	6.891304	0.005435	0.000000	0.000000	0.000000	0.000000	0.000000	0.003387	4.059632	1.181206	0.098371	0.048700	0.154891	0.455909	46.336975	0.000000	0.177083	0.014795	0.000000	48128.000000	10.781619	188.000000	256.000000	144384.000000	0.734375	0.308735	0.021277	0.021277	3.000000	4.519523	5.042552	5.464773	5.527983	5.618470	0.162886	1.000000	1.000000	1.000000	0.070201	0.148864	0.273716	0.413006	9.000000	38.000000	125.000000	255.000000	255.000000	0.000000	0.015873	0.158730	0.301587	0.000000	0.000000	0.015873	0.031746	0.000000	0.000000	1.000000	1.800094	2.231048	2.465731	0.050282	0.077085	0.098371	0.000000	0.000000	4.149290	0.710225
	content_screencontent	wikimedia-webshapes/ScreenContent/cc091cd0a120b5c47eb565ed8d7807d60b5facb9.jpg	illustration-screen/screencontent_181_175x256.png	small	256	175	256	2607.394043	0.518887	0.085683	0.018205	0.010058	0.130952	0.022321	42.557076	1.509254	0.611884	823.000000	0.025116	0.019740	0.019160	0.000000	0.039390	0.035800	1.000000	0.496452	4.145897	42.575893	9.778274	0.002976	0.000000	0.000000	0.000000	0.000000	0.000000	0.008482	4.328175	1.022084	0.089176	0.044444	0.141369	0.828929	28.577957	0.002976	0.216482	0.014361	0.000000	44800.000000	10.709964	175.000000	256.000000	134400.000000	0.683594	0.380391	0.005714	0.097143	3.000000	4.714882	4.884835	5.008294	5.064664	5.152442	0.983320	1.000000	1.000000	1.000000	0.090748	0.184796	0.312506	0.618441	35.000000	86.000000	146.000000	255.000000	255.000000	0.000000	0.111111	0.222222	0.317460	0.000000	0.000000	0.015873	0.031746	0.000000	0.000000	1.000000	1.128317	1.750003	2.219739	0.018768	0.048529	0.089176	0.000000	0.000000	1.173979	0.657355
	indexed_palette_smalledge	png-8/g8_f563461e0904e0d8.png	palette/palette_012_p17_200x100.png	small	200	200	100	268.542786	0.050199	0.085970	0.003617	0.003672	0.866667	0.766667	33.664986	0.091122	1.306669	17.000000	0.000850	0.014040	0.013730	1.000000	0.086580	0.083070	5.000000	0.289575	1.172336	6.470000	6.683333	0.826667	0.000000	0.000000	0.000000	8.000000	1.000000	0.000000	0.902467	1.704870	0.000000	0.000000	0.056667	0.018021	29.077995	0.850000	0.034127	0.010952	0.000000	20000.000000	9.903487	100.000000	200.000000	60000.000000	0.500000	0.693147	0.040000	0.433600	3.000000	0.000000	0.000000	4.537529	4.767876	5.163045	0.000000	0.000000	0.000000	1.000000	0.000000	0.000000	0.000000	0.620214	0.000000	0.000000	9.000000	132.000000	255.000000	0.000000	0.000000	0.000000	0.000000	0.000000	0.000000	0.000000	0.000000	0.000000	0.000000	0.000000	0.000000	0.000000	0.000000	0.000000	0.000000	0.000000	0.000000	0.000000	22.957581	0.184988
	content_illustration	wikimedia-webshapes/Illustration/4c6a4f6066dc91c67fbae7f0a1268bea68aad821.jpg	illustration-screen/illustration_108_256x192.png	small	256	256	192	3038.121338	0.320296	0.068732	0.007488	0.006248	0.205729	0.067708	22.537479	0.588430	0.891115	975.000000	0.029755	0.004070	0.011970	0.000000	0.018920	0.038000	2.000000	0.289692	4.184526	28.252604	4.589844	0.062500	0.000000	0.000000	0.000000	0.000000	0.000000	0.236104	3.805304	1.322979	0.057206	0.018235	0.278646	0.168945	25.305668	0.066406	0.123574	0.007420	0.000000	49152.000000	10.802672	192.000000	256.000000	147456.000000	0.750000	0.287682	0.000000	0.000000	3.000000	4.309396	4.687390	4.937756	5.027698	5.297219	0.327282	0.949572	1.000000	1.000000	0.039914	0.090181	0.172059	0.283632	11.000000	40.000000	85.000000	193.000000	255.000000	0.000000	0.031746	0.111111	0.190476	0.000000	0.000000	0.000000	0.015873	0.000000	0.000000	0.000000	0.000000	0.000000	1.846550	0.000000	0.000000	0.057206	0.000000	0.000000	5.424940	0.721120
	content_screencontent	wikimedia-webshapes/ScreenContent/d93c80d5cb6f4dfce9cd8e7c800554a6211983ed.jpg	illustration-screen/screencontent_153_111x256.png	small	256	111	256	2465.820557	0.308734	0.005931	0.000886	0.000235	0.336538	0.298077	1.866490	1.023020	0.982355	213.000000	0.007496	0.000190	0.000180	0.000000	0.000160	0.000110	0.000000	0.326151	2.276507	49.463943	0.096154	0.240385	0.000000	0.000000	0.000000	8.000000	1.000000	0.948233	3.332692	2.141671	0.000000	0.000000	0.084135	0.000211	40.947517	0.240385	0.179067	0.000076	0.000000	28416.000000	10.254707	111.000000	256.000000	85248.000000	0.433594	0.835647	0.009009	0.153153	3.000000	4.594945	4.936562	5.261350	5.420485	5.672740	0.009897	1.000000	1.000000	1.000000	0.000000	0.000000	0.024929	0.052211	2.000000	53.000000	129.000000	255.000000	255.000000	0.000000	0.000000	0.190476	0.301587	0.000000	0.000000	0.000000	0.000000	0.000000	0.000000	0.000000	0.000000	0.000000	0.000000	0.000000	0.000000	0.000000	0.000000	0.000000	3.087099	0.510508
	content_illustration	wikimedia-webshapes/Illustration/5ba45496f81e8b647cdd89538f26e189c13d2822.jpg	illustration-screen/illustration_109_255x74.png	small	255	255	74	2763.945557	0.191000	0.113301	0.018406	0.014125	0.326165	0.017921	43.162922	0.536763	0.827671	1556.000000	0.082459	0.023820	0.026310	1.000000	0.079010	0.087170	6.000000	0.220944	2.825856	42.458782	17.795698	0.007168	0.000000	0.000000	0.000000	0.000000	0.000000	0.361049	3.764294	1.154961	0.112349	0.030530	0.469534	0.003595	45.312344	0.000000	0.140354	0.034136	0.000000	18870.000000	9.845328	74.000000	255.000000	56610.000000	0.290196	1.237198	0.085321	0.302385	3.000000	3.503510	5.059430	5.363524	5.481593	5.543687	0.210981	0.429507	1.000000	1.000000	0.090423	0.255011	0.532020	0.840846	4.000000	16.000000	97.000000	255.000000	255.000000	0.000000	0.015873	0.047619	0.285714	0.000000	0.000000	0.015873	0.063492	0.000000	0.000000	0.000000	1.621792	2.067254	2.392697	0.043922	0.077709	0.112349	0.000000	0.000000	6.944783	0.868168
	hdr_widegamut	ultrahdr-conformance/awesome-gain-maps/gain_mapped-video_games-nexuiz.jpg	hdr/hdr_039_gain_mapped-video_games-nexuiz.jpg	medium	700	700	525	2996.690918	0.148955	0.148673	0.006050	0.004919	0.256057	0.015738	62.451641	0.368436	1.405338	1894.000000	0.057800	0.001230	0.002040	0.000000	0.005300	0.007700	2.000000	0.143617	3.775419	15.013263	6.386384	0.000000	0.000000	0.000000	0.000000	0.000000	0.000000	0.109954	3.587165	0.806158	0.126816	0.025985	0.366932	0.000648	17.320765	0.006189	0.079548	0.012743	0.000000	367500.000000	12.814479	525.000000	700.000000	1102500.000000	0.750000	0.287682	0.011461	0.042112	3.000000	3.700367	4.134686	4.556310	4.801756	5.196400	0.238751	0.518810	0.862687	1.000000	0.044849	0.098669	0.201613	0.413297	8.000000	18.000000	36.000000	96.000000	255.000000	0.000000	0.015873	0.063492	0.126984	0.000000	0.000000	0.000000	0.015873	0.000000	0.000000	1.000000	1.557620	2.134685	2.522423	0.044760	0.085048	0.126816	0.000000	0.000000	16.858616	0.818169
	content_illustration	wikimedia-webshapes/Illustration/1e1cd0a32fb656f16b2390e9598edf4fe41e281c.png	illustration-screen/illustration_110_256x128.png	small	256	256	128	3677.601318	0.025567	0.000000	0.000000	0.000000	0.906250	0.906250	0.000000	0.115210	1.209847	8.000000	0.000244	0.000000	0.000000	0.000000	0.000000	0.000000	0.000000	0.039917	0.444876	15.843750	0.000000	1.000000	0.000000	0.000000	0.000000	4.000000	1.000000	1.000000	0.667411	1.650291	0.000000	0.000000	0.093750	0.000000	63.353493	1.000000	0.017361	0.000000	1.000000	32768.000000	10.397207	128.000000	256.000000	98304.000000	0.500000	0.693147	0.000000	0.000000	3.000000	0.000000	0.000000	1.806178	5.525984	5.778859	0.000000	0.000000	0.000000	0.059360	0.000000	0.000000	0.000000	0.000000	0.000000	0.000000	0.000000	145.000000	255.000000	0.000000	0.000000	0.000000	0.000000	0.000000	0.000000	0.000000	0.000000	0.000000	0.000000	0.000000	0.000000	0.000000	0.000000	0.000000	0.000000	0.000000	0.000000	0.000000	41.880829	0.163963
	content_screencontent	wikimedia-webshapes/ScreenContent/564b4ba36e13e650a3780d55dd79612cac0f6b34.jpeg	illustration-screen/screencontent_158_186x256.png	small	256	186	256	4977.979004	0.277944	0.020688	0.003286	0.002852	0.243207	0.059783	8.662150	1.095640	0.970686	391.000000	0.011932	0.000560	0.001030	0.000000	0.003320	0.004150	0.000000	0.192478	4.229642	50.316578	1.111413	0.021739	0.000000	0.000000	0.000000	0.000000	0.000000	0.447350	3.880390	1.432968	0.037237	0.014719	0.349185	0.001407	44.512897	0.017663	0.135675	0.001941	0.000000	47616.000000	10.770925	186.000000	256.000000	142848.000000	0.726562	0.319431	0.032258	0.032258	3.000000	4.232355	4.962483	5.417214	5.527764	5.749177	0.267874	0.902285	1.000000	1.000000	0.022101	0.031234	0.050901	0.088364	8.000000	36.000000	114.000000	255.000000	255.000000	0.000000	0.015873	0.095238	0.222222	0.000000	0.000000	0.000000	0.000000	0.000000	0.000000	0.000000	0.467974	1.058330	1.518515	0.007721	0.017770	0.037237	0.000000	0.000000	4.613819	0.743740
	indexed_palette_smalledge	png-8/web_pewresearch_org_03a8c127fc53950d.png	palette/palette_013_p256_200x100.png	small	200	200	100	897.698975	0.092860	0.067397	0.005523	0.007388	0.663333	0.373333	24.586542	0.343795	0.905412	98.000000	0.004900	0.020290	0.024610	2.000000	0.293570	0.360010	48.000000	0.294498	1.314990	21.299999	12.003333	0.383333	0.000000	0.000000	0.000000	8.000000	1.000000	0.949350	2.319034	1.958701	0.000000	0.000000	0.033333	0.001927	49.821194	0.430000	0.077302	0.021852	0.000000	20000.000000	9.903487	100.000000	200.000000	60000.000000	0.500000	0.693147	0.040000	0.433600	3.000000	2.703667	3.733037	5.175201	5.210617	5.299593	0.000000	0.118807	0.546652	1.000000	0.000000	0.005363	0.011482	0.944266	0.000000	6.000000	38.000000	242.000000	255.000000	0.000000	0.000000	0.000000	0.063492	0.000000	0.000000	0.000000	0.000000	0.000000	0.000000	0.000000	0.000000	0.000000	0.000000	0.000000	0.000000	0.000000	0.000000	0.000000	13.124408	0.399879
	content_screencontent	wikimedia-webshapes/ScreenContent/7853351065c32d7cc32bd15fa8eb730854987ce7.png	illustration-screen/screencontent_182_186x256.png	small	256	186	256	6603.022461	0.352051	0.217064	0.022970	0.012513	0.138587	0.008152	77.056931	0.959235	0.980493	3622.000000	0.110535	0.046970	0.029120	5.000000	0.106710	0.106380	17.000000	0.203833	4.339306	52.247284	26.748642	0.004076	0.000000	0.000000	0.000000	0.000000	0.000000	0.326046	4.327032	0.987638	0.122227	0.026948	0.228261	0.185799	34.503712	0.004076	0.191770	0.038173	0.000000	47616.000000	10.770925	186.000000	256.000000	142848.000000	0.726562	0.319431	0.032258	0.032258	3.000000	4.604976	5.009944	5.252380	5.400090	5.571873	0.761611	1.000000	1.000000	1.000000	0.051849	0.218445	0.728322	1.000000	12.000000	53.000000	107.000000	246.000000	255.000000	0.000000	0.095238	0.190476	0.301587	0.000000	0.000000	0.015873	0.063492	0.000000	0.000000	1.000000	1.356681	2.199858	2.496908	0.028905	0.083311	0.122227	0.000000	0.000000	4.133203	0.779912
	wide_aspect_portrait_9x16	clic2025/final-test/e0d8e29cadfc99663c7d1a4a5afe20c454ec54d0d873776ec397c59405c74790.png	wide-aspect/wide_020_portrait_9x16_720x1280.png	medium	1280	720	1280	2349.522217	0.046759	0.077927	0.002102	0.001742	0.716875	0.104583	32.436806	0.260546	1.796662	1254.000000	0.038269	0.000240	0.000210	0.000000	0.001120	0.001010	0.000000	0.305471	3.339101	3.585034	0.943635	0.001944	0.000000	0.000000	0.000000	0.000000	0.000000	0.443764	2.549507	0.921912	0.031143	0.000000	0.104956	0.242848	16.209320	0.007775	0.028275	0.001759	0.000000	921600.000000	13.733867	720.000000	1280.000000	2764800.000000	0.562500	0.575364	0.000000	0.022222	3.000000	2.388168	3.181768	3.959524	4.197018	4.748548	0.049815	0.110358	0.268370	0.602605	0.018079	0.030226	0.051339	0.087255	2.000000	6.000000	16.000000	74.000000	255.000000	0.000000	0.000000	0.000000	0.031746	0.000000	0.000000	0.000000	0.000000	0.000000	0.000000	0.000000	1.031408	1.360543	1.477121	0.016660	0.026066	0.031143	0.000000	0.000000	53.309063	0.675466
	content_screencontent	wikimedia-webshapes/ScreenContent/242e9b1eab9c88bff257b3a976c803c309f56404.jpg	illustration-screen/screencontent_154_185x255.png	small	255	185	255	4214.446289	0.254449	0.171187	0.029344	0.011141	0.218794	0.000000	61.449181	0.715663	0.895325	1746.000000	0.053284	0.060000	0.031770	4.000000	0.040070	0.026220	3.000000	0.297857	4.095899	30.740534	19.453016	0.005610	0.000000	0.000000	0.000000	0.000000	0.000000	0.104992	4.016704	0.919225	0.106113	0.051800	0.208976	0.468701	33.137661	0.000000	0.146775	0.035909	0.000000	47175.000000	10.761620	185.000000	255.000000	141525.000000	0.725490	0.320908	0.041908	0.041908	3.000000	4.349491	4.764239	4.981968	5.182526	5.290502	0.270977	1.000000	1.000000	1.000000	0.138076	0.368594	0.565045	0.747256	12.000000	38.000000	87.000000	234.000000	255.000000	0.000000	0.031746	0.126984	0.222222	0.000000	0.000000	0.031746	0.063492	0.000000	0.000000	1.000000	2.140223	2.388722	2.571108	0.055573	0.080466	0.106113	0.000000	0.000000	7.118753	0.711320
	content_screencontent	wikimedia-webshapes/ScreenContent/a8f18e84f044bdda95ba3d9b389e9f108e6139a7.png	illustration-screen/screencontent_159_184x256.png	small	256	184	256	3117.477539	0.542184	0.000000	0.000000	0.000000	0.118207	0.088315	0.000000	3.077846	0.789562	32.000000	0.000977	0.000000	0.000000	0.000000	0.000000	0.000000	0.000000	0.499645	2.979640	84.062500	0.000000	0.073370	0.000000	0.000000	0.000000	8.000000	1.000000	1.000000	4.547456	1.378789	0.082540	0.000000	0.014946	0.000000	41.917522	0.069293	0.297641	0.000000	1.000000	47104.000000	10.760113	184.000000	256.000000	141312.000000	0.718750	0.330242	0.000000	0.043478	3.000000	5.082314	5.167552	5.261026	5.328795	5.510481	1.000000	1.000000	1.000000	1.000000	0.000000	0.000000	0.000000	0.000000	51.000000	126.000000	205.000000	255.000000	255.000000	0.000000	0.238095	0.333333	0.396825	0.000000	0.000000	0.000000	0.000000	0.000000	0.000000	0.000000	0.000000	0.767852	2.413195	0.000000	0.011680	0.082540	0.000000	0.000000	-0.379211	0.618745
	indexed_palette_smalledge	png-8/google_blog_spoongraphics_c_2af9f4b7a1400bbf.png	palette/palette_014_p256_200x100.png	small	200	200	100	629.977112	0.388400	0.000964	0.000389	0.000269	0.076667	0.023333	0.335682	1.386653	0.992902	61.000000	0.003050	0.000030	0.000030	0.000000	0.000120	0.000130	0.000000	2.202863	1.878646	19.203333	0.000000	0.013333	0.000000	0.000000	0.000000	8.000000	1.000000	1.000000	4.023765	0.816778	0.171307	0.000000	0.000000	0.000000	41.776562	0.013333	0.178360	0.000000	0.000000	20000.000000	9.903487	100.000000	200.000000	60000.000000	0.500000	0.693147	0.040000	0.433600	3.000000	4.172450	4.522820	4.794154	4.898680	5.143275	0.307381	0.522984	0.798159	1.000000	0.000000	0.000000	0.000000	0.000000	25.000000	70.000000	140.000000	255.000000	255.000000	0.000000	0.047619	0.158730	0.285714	0.000000	0.000000	0.000000	0.000000	0.000000	0.000000	0.000000	0.000000	2.832788	3.229166	0.000000	0.110465	0.171307	0.000000	0.000000	2.496640	0.298723
	content_screencontent	wikimedia-webshapes/ScreenContent/4307ff6f43f6e538054c150c0c68a4e7f642735c.JPG	illustration-screen/screencontent_183_186x256.png	small	256	186	256	2941.219238	0.596227	0.173382	0.034676	0.037279	0.004076	0.000000	76.982773	1.335305	0.758646	3808.000000	0.116211	0.057220	0.049540	4.000000	0.495790	0.476680	31.000000	0.251047	4.454544	57.800270	44.667118	0.000000	0.000000	0.000000	0.000000	0.000000	0.000000	0.081800	4.775488	0.332047	0.993188	0.244187	0.199728	0.455498	27.670315	0.002717	0.255672	0.064031	0.000000	47616.000000	10.770925	186.000000	256.000000	142848.000000	0.726562	0.319431	0.032258	0.032258	3.000000	4.832930	5.004625	5.124923	5.187724	5.347320	1.000000	1.000000	1.000000	1.000000	0.360838	0.520249	0.883265	1.000000	38.000000	80.000000	129.000000	246.000000	255.000000	0.111111	0.190476	0.269841	0.333333	0.015873	0.031746	0.063492	0.079365	0.000000	1.000000	3.000000	3.788765	4.178313	4.344391	0.525014	0.868062	0.993188	0.063492	0.079365	1.947550	0.775726
	content_illustration	wikimedia-webshapes/Illustration/237d80a7ecc22b76a48ee291f29c3a4141ce6f00.png	illustration-screen/illustration_111_256x256.png	medium	256	256	256	6308.151855	0.114710	0.154536	0.014031	0.006295	0.642578	0.581055	62.873756	0.673829	0.828072	161.000000	0.004913	0.042810	0.016430	2.000000	0.050120	0.019410	2.000000	0.069028	2.015128	42.090820	15.374023	0.656250	0.000000	0.000000	0.000000	8.000000	1.000000	0.115692	2.029827	2.472053	0.000000	0.000000	0.247070	0.000000	53.635864	0.631836	0.081380	0.020539	0.000000	65536.000000	11.090355	256.000000	256.000000	196608.000000	1.000000	0.000000	0.000000	0.000000	3.000000	0.000000	5.126186	5.630085	5.680464	5.718959	0.000000	0.000000	1.000000	1.000000	0.000000	0.000000	0.351791	1.000000	0.000000	3.000000	76.000000	220.000000	255.000000	0.000000	0.000000	0.000000	0.174603	0.000000	0.000000	0.000000	0.031746	0.000000	0.000000	0.000000	0.000000	0.000000	0.000000	0.000000	0.000000	0.000000	0.000000	0.000000	8.888300	0.360860
	hdr_widegamut	ultrahdr-conformance/awesome-gain-maps/gain_mapped-video_games-speed_dreams.jpg	hdr/hdr_040_gain_mapped-video_games-speed_dreams.jpg	medium	700	700	394	3741.171387	0.286769	0.092385	0.003907	0.002778	0.168191	0.006568	31.351631	1.294150	1.336634	3373.000000	0.102936	0.000990	0.003490	1.000000	0.004330	0.006440	3.000000	0.304934	4.302026	22.696060	6.819888	0.000000	0.000000	0.000000	0.000000	0.000000	0.000000	0.514674	3.806542	0.867674	0.139025	0.000000	0.187617	0.129319	28.744638	0.003752	0.113851	0.010215	0.000000	275800.000000	12.527431	394.000000	700.000000	827400.000000	0.562857	0.574729	0.021030	0.061871	3.000000	3.857942	4.344313	4.949777	5.230021	5.451291	0.254251	0.464437	0.975113	1.000000	0.000000	0.037734	0.119522	0.332380	16.000000	39.000000	73.000000	192.000000	255.000000	0.000000	0.031746	0.095238	0.174603	0.000000	0.000000	0.000000	0.015873	0.000000	0.000000	1.000000	1.416796	2.266584	2.628501	0.036364	0.088909	0.139025	0.000000	0.000000	9.254314	0.627678
	wide_aspect_landscape_16x9	clic2025/training/0c49a5cce349020bbba2f97ae41e90ba.png	wide-aspect/wide_014_landscape_16x9_1280x720.png	medium	1280	1280	720	2612.411865	0.113178	0.252112	0.007755	0.008756	0.399028	0.038333	111.829323	0.909698	1.174669	2291.000000	0.069916	0.005850	0.006940	1.000000	0.045200	0.069900	9.000000	0.148536	4.057312	18.089407	17.232264	0.003887	0.000000	0.000000	0.000000	0.000000	0.000000	0.109251	3.401098	1.072597	0.042362	0.018072	0.463557	0.019672	30.628099	0.000000	0.063430	0.019591	0.000000	921600.000000	13.733867	720.000000	1280.000000	2764800.000000	0.562500	0.575364	0.000000	0.022222	3.000000	3.543750	4.288204	4.766553	4.985846	5.214849	0.117766	0.447945	1.000000	1.000000	0.035761	0.154613	0.499171	0.995220	5.000000	12.000000	30.000000	145.000000	255.000000	0.000000	0.000000	0.031746	0.079365	0.000000	0.000000	0.015873	0.031746	0.000000	0.000000	0.000000	1.128317	1.653213	1.885697	0.016682	0.031727	0.042362	0.000000	0.000000	29.640116	0.782657
	indexed_palette_smalledge	png-8/web_smashingmagazine_com_54c090394ab86dd0.png	palette/palette_015_p256_200x100.png	small	200	200	100	4194.496582	0.133951	0.061414	0.013456	0.004816	0.586667	0.540000	20.318504	1.711113	0.724062	159.000000	0.007950	0.022250	0.016860	1.000000	0.015360	0.011160	1.000000	0.294987	1.150656	73.036667	8.016666	0.536667	0.000000	0.000000	0.000000	8.000000	1.000000	0.820700	2.327749	2.627544	0.000000	0.000000	0.060000	0.000000	73.621056	0.556667	0.175185	0.022063	0.000000	20000.000000	9.903487	100.000000	200.000000	60000.000000	0.500000	0.693147	0.040000	0.433600	3.000000	0.000000	5.422954	5.679108	5.724543	5.747306	0.000000	0.000000	1.000000	1.000000	0.000000	0.003851	0.401225	0.699686	0.000000	3.000000	211.000000	255.000000	255.000000	0.000000	0.000000	0.000000	0.412698	0.000000	0.000000	0.000000	0.031746	0.000000	0.000000	0.000000	0.000000	0.000000	0.000000	0.000000	0.000000	0.000000	0.000000	0.000000	2.225633	0.334140
	content_illustration	wikimedia-webshapes/Illustration/6d9a19870e06bae47d301f411d59fc80f1d8d562.png	illustration-screen/illustration_112_256x256.png	medium	256	256	256	5286.160645	0.050611	0.310454	0.004071	0.009544	0.710938	0.704102	182.708252	0.257628	0.905937	47.000000	0.001434	0.008540	0.013430	0.000000	0.307710	0.483810	22.000000	0.058392	1.052887	23.831055	37.661133	0.869141	0.000000	0.000000	0.000000	8.000000	1.000000	0.201462	1.518710	2.238847	0.000000	0.000000	0.185547	0.005646	41.219887	0.868164	0.042147	0.029297	0.000000	65536.000000	11.090355	256.000000	256.000000	196608.000000	1.000000	0.000000	0.000000	0.000000	3.000000	0.000000	4.251550	5.420149	5.501925	5.544822	0.000000	0.000000	0.877894	1.000000	0.000000	0.000000	0.668829	1.000000	0.000000	0.000000	5.000000	147.000000	255.000000	0.000000	0.000000	0.000000	0.063492	0.000000	0.000000	0.000000	0.063492	0.000000	0.000000	0.000000	0.000000	0.000000	0.000000	0.000000	0.000000	0.000000	0.000000	0.000000	15.675848	0.291314
	content_screencontent	wikimedia-webshapes/ScreenContent/3369e310030aeeab0ab819a04f4f5194b492d2f6.JPG	illustration-screen/screencontent_160_255x158.png	small	255	255	158	2424.695312	0.455242	0.037794	0.005871	0.002948	0.115450	0.027165	14.515783	0.664397	0.741700	559.000000	0.017059	0.000990	0.001500	0.000000	0.001810	0.003060	0.000000	0.244980	4.172876	39.205433	4.315790	0.022071	0.000000	0.000000	0.000000	0.000000	0.000000	0.157310	4.266843	0.902070	0.197704	0.053116	0.123939	0.000026	22.813225	0.013582	0.181179	0.008085	0.000000	40290.000000	10.603859	158.000000	255.000000	120870.000000	0.619608	0.478669	0.016629	0.016629	3.000000	4.546971	4.795034	5.005405	5.113076	5.251585	0.807379	1.000000	1.000000	1.000000	0.084939	0.122544	0.171582	0.222367	23.000000	55.000000	97.000000	188.000000	255.000000	0.015873	0.095238	0.190476	0.269841	0.000000	0.000000	0.000000	0.015873	0.000000	0.000000	1.000000	0.467975	2.743007	2.979093	0.006976	0.134321	0.197704	0.000000	0.000000	3.408973	0.749147
	wide_aspect_landscape_16x9	clic2025/training/60430844748882ff66b9a5598ef06dd6.png	wide-aspect/wide_007_landscape_16x9_1280x720.png	medium	1280	1280	720	5437.434570	0.007696	0.279010	0.003586	0.004216	0.845972	0.275556	138.212631	0.025516	1.811007	1524.000000	0.046509	0.000550	0.000440	0.000000	0.004420	0.003060	2.000000	0.047351	4.036255	2.807580	4.230321	0.043732	0.000000	0.000000	0.000000	0.000000	0.000000	0.006896	2.015053	0.982340	0.018075	0.000000	0.209913	0.136591	6.553140	0.126336	0.009348	0.005569	0.000000	921600.000000	13.733867	720.000000	1280.000000	2764800.000000	0.562500	0.575364	0.000000	0.022222	3.000000	1.875693	2.396172	3.497204	3.952696	4.529635	0.032860	0.058058	0.112586	0.434666	0.017970	0.034622	0.063377	0.294424	1.000000	3.000000	6.000000	21.000000	137.000000	0.000000	0.000000	0.000000	0.000000	0.000000	0.000000	0.000000	0.000000	0.000000	0.000000	0.000000	0.000000	0.467977	1.004727	0.000000	0.008024	0.018075	0.000000	0.000000	51.355366	0.676707
	content_screencontent	wikimedia-webshapes/ScreenContent/4c57b12568f86e1766a93a72fc3dcfdea9362f3c.jpg	illustration-screen/screencontent_155_256x194.png	small	256	256	194	2909.509277	0.458068	0.051519	0.009326	0.004682	0.157552	0.000000	31.257828	1.389652	0.758945	459.000000	0.014008	0.003380	0.010060	0.000000	0.005200	0.013190	0.000000	0.323433	3.930540	52.190105	6.516927	0.002604	0.000000	0.000000	0.000000	0.000000	0.000000	0.000000	4.382731	0.953011	0.102638	0.028114	0.117188	0.980448	32.491535	0.000000	0.206763	0.014261	0.000000	49664.000000	10.813036	194.000000	256.000000	148992.000000	0.757812	0.277319	0.030928	0.154639	3.000000	4.718123	5.018654	5.166729	5.267202	5.442956	0.891684	1.000000	1.000000	1.000000	0.109701	0.182811	0.265033	0.329003	27.000000	76.000000	129.000000	255.000000	255.000000	0.000000	0.095238	0.206349	0.317460	0.000000	0.000000	0.015873	0.015873	0.000000	1.000000	2.000000	2.044344	2.154576	2.444728	0.055181	0.071408	0.102638	0.000000	0.000000	2.209690	0.707745
	wide_aspect_landscape_16x9	clic2025/final-test/50d13125b665e0c4c1673264807bfc3cc7a217819329696843fea4c69aff8b91.png	wide-aspect/wide_002_landscape_16x9_1280x720.png	medium	1280	1280	720	1912.327148	0.086660	0.256470	0.000795	0.000926	0.791528	0.683264	114.053001	0.759131	1.858944	261.000000	0.007965	0.000620	0.000100	0.000000	0.004930	0.000720	4.000000	0.543188	2.714120	4.790088	1.375121	0.433431	0.000000	0.000000	0.000000	0.000000	0.000000	0.532458	1.297459	1.620904	0.000000	0.000000	0.037901	0.000548	23.673475	0.540330	0.034600	0.001373	0.000000	921600.000000	13.733867	720.000000	1280.000000	2764800.000000	0.562500	0.575364	0.000000	0.022222	3.000000	0.767846	1.685603	4.218997	4.578272	4.959569	0.000000	0.013883	0.047852	0.760043	0.000000	0.000000	0.000000	0.030709	0.000000	1.000000	24.000000	135.000000	255.000000	0.000000	0.000000	0.000000	0.000000	0.000000	0.000000	0.000000	0.000000	0.000000	0.000000	0.000000	0.000000	0.000000	0.000000	0.000000	0.000000	0.000000	0.000000	0.000000	30.037560	0.296808
	content_screencontent	wikimedia-webshapes/ScreenContent/d47cdbd8da6970c29434caf328345b6be9f9dee9.jpg	illustration-screen/screencontent_184_256x191.png	small	256	256	191	2596.788818	0.269501	0.010123	0.002701	0.001592	0.111413	0.008152	5.321608	0.261995	0.938976	147.000000	0.004486	0.000650	0.000500	0.000000	0.001140	0.001000	0.000000	0.156976	4.313571	22.224184	0.597826	0.005435	0.000000	0.000000	0.000000	8.000000	1.000000	0.082215	3.977935	0.754489	0.213309	0.008709	0.334239	0.000000	16.090313	0.000000	0.108156	0.001186	0.000000	48896.000000	10.797451	191.000000	256.000000	146688.000000	0.746094	0.292904	0.005236	0.005236	3.000000	4.201423	4.445600	4.708530	4.853700	5.046243	0.484747	0.901906	1.000000	1.000000	0.012606	0.017979	0.029695	0.112885	13.000000	32.000000	57.000000	115.000000	255.000000	0.015873	0.063492	0.095238	0.158730	0.000000	0.000000	0.000000	0.000000	0.000000	0.000000	1.000000	1.226842	2.312250	2.989387	0.025525	0.097203	0.213309	0.000000	0.000000	6.171998	0.803892
	hdr_widegamut	ultrahdr-conformance/awesome-gain-maps/gain_mapped-video_games-warsow.jpg	hdr/hdr_041_gain_mapped-video_games-warsow.jpg	medium	700	700	438	1076.607910	0.086062	0.061046	0.002934	0.002841	0.467646	0.100255	21.044258	0.497260	1.443431	3101.000000	0.094635	0.000540	0.000720	0.000000	0.004310	0.003390	3.000000	0.194633	3.380830	12.091915	3.510638	0.003404	0.000000	0.000000	0.000000	0.000000	0.000000	0.238053	3.069192	1.048553	0.043854	0.000000	0.391489	0.029795	37.310101	0.026383	0.052820	0.005836	0.000000	306600.000000	12.633299	438.000000	700.000000	919800.000000	0.625714	0.468861	0.010307	0.028676	3.000000	3.160393	3.727780	4.318890	4.883964	5.514631	0.097434	0.255208	0.558391	1.000000	0.011793	0.031746	0.066295	0.175354	4.000000	12.000000	27.000000	137.000000	255.000000	0.000000	0.000000	0.031746	0.063492	0.000000	0.000000	0.000000	0.000000	0.000000	0.000000	0.000000	0.941233	1.301030	1.573307	0.019424	0.031154	0.043854	0.000000	0.000000	37.858601	0.787264
	content_illustration	wikimedia-webshapes/Illustration/66d28c0644f0a7782e92d8c06a89a29be493d98d.png	illustration-screen/illustration_113_256x83.png	small	256	256	83	4454.874023	0.275098	0.314995	0.019068	0.032781	0.315625	0.296875	163.992447	1.168966	0.566860	307.000000	0.014448	0.072500	0.111210	10.000000	0.756480	1.704790	66.000000	0.168935	2.485925	77.834373	80.578125	0.434375	0.000000	0.000000	0.000000	0.000000	0.000000	0.129706	3.626814	2.378855	0.000000	0.000000	0.318750	0.045313	48.506870	0.409375	0.189881	0.090873	0.000000	21248.000000	9.964018	83.000000	256.000000	63744.000000	0.324219	1.126337	0.060241	0.156627	3.000000	5.130800	5.487336	5.539929	5.556817	5.578106	0.000000	1.000000	1.000000	1.000000	0.000000	1.000000	1.000000	1.000000	3.000000	90.000000	155.000000	255.000000	255.000000	0.000000	0.000000	0.174603	0.333333	0.000000	0.000000	0.095238	0.158730	0.000000	0.000000	0.000000	0.000000	0.000000	0.000000	0.000000	0.000000	0.000000	0.000000	0.000000	0.753002	0.595188
	hdr_widegamut	ultrahdr-conformance/awesome-gain-maps/gain_mapped-visualization-3d_scatterplot.jpg	hdr/hdr_042_gain_mapped-visualization-3d_scatterplot.jpg	medium	800	800	800	3523.778809	0.061526	0.075206	0.003575	0.002877	0.836800	0.789500	24.992960	1.713815	1.505904	13494.000000	0.411804	0.001480	0.001600	1.000000	0.006290	0.006430	3.000000	0.448112	1.414213	10.374101	6.295863	0.835432	0.000000	0.000000	0.000000	0.000000	0.000000	0.887830	0.825757	1.762937	0.000000	0.000000	0.074640	0.010470	51.889061	0.842626	0.027764	0.008422	0.000000	640000.000000	13.369224	800.000000	800.000000	1920000.000000	1.000000	0.000000	0.000000	0.000000	3.000000	0.000000	0.000000	4.772974	5.108868	5.558398	0.000000	0.000000	0.000000	1.000000	0.000000	0.000000	0.000000	0.158155	0.000000	0.000000	11.000000	253.000000	255.000000	0.000000	0.000000	0.000000	0.000000	0.000000	0.000000	0.000000	0.000000	0.000000	0.000000	0.000000	0.000000	0.000000	0.000000	0.000000	0.000000	0.000000	0.000000	0.000000	22.766991	0.139910
	indexed_palette_smalledge	png-8/wm_upload_wikimedia_org_9ef2c3ec908f4652.png	palette/palette_016_p256_200x100.png	small	200	200	100	2819.047119	0.263453	0.017514	0.003805	0.003438	0.386667	0.333333	6.963357	3.238442	0.604845	102.000000	0.005100	0.002490	0.002190	1.000000	0.034270	0.021580	38.000000	0.914255	1.481459	80.666664	0.553333	0.336667	0.000000	0.000000	0.000000	8.000000	1.000000	0.904950	3.250899	2.474518	0.000000	0.000000	0.000000	0.000417	60.237278	0.330000	0.288360	0.001005	0.000000	20000.000000	9.903487	100.000000	200.000000	60000.000000	0.500000	0.693147	0.040000	0.433600	3.000000	5.114738	5.318230	5.394124	5.439393	5.486659	0.000000	1.000000	1.000000	1.000000	0.000000	0.027760	0.035166	0.041464	0.000000	88.000000	255.000000	255.000000	255.000000	0.000000	0.000000	0.349206	0.523810	0.000000	0.000000	0.000000	0.000000	0.000000	0.000000	0.000000	0.000000	0.000000	0.000000	0.000000	0.000000	0.000000	0.000000	0.000000	0.095023	0.348469
	content_screencontent	wikimedia-webshapes/ScreenContent/8296d3816753765243b7a90fe0b6c64567fff8c4.jpg	illustration-screen/screencontent_185_197x256.png	small	256	197	256	5781.942383	0.419008	0.121550	0.015081	0.015710	0.128906	0.003906	50.417259	1.544042	0.797987	3329.000000	0.101593	0.017570	0.014460	2.000000	0.129660	0.119400	20.000000	0.221757	4.318408	62.722656	18.092447	0.005208	0.000000	0.000000	0.000000	0.000000	0.000000	0.133229	4.392477	1.055881	0.098059	0.033209	0.188802	0.343453	40.600533	0.000000	0.214492	0.031085	0.000000	50432.000000	10.828382	197.000000	256.000000	151296.000000	0.769531	0.261974	0.015228	0.137056	3.000000	4.664538	5.124737	5.431744	5.509040	5.617069	0.784785	1.000000	1.000000	1.000000	0.066714	0.212984	0.487033	0.833411	21.000000	68.000000	136.000000	255.000000	255.000000	0.000000	0.111111	0.222222	0.317460	0.000000	0.000000	0.015873	0.047619	0.000000	0.000000	1.000000	1.542320	1.900026	2.355549	0.034859	0.055757	0.098059	0.000000	0.000000	2.464890	0.748038
	hdr_widegamut	ultrahdr-conformance/awesome-gain-maps/gain_mapped-visualization-matplotlib_gpx.jpg	hdr/hdr_043_gain_mapped-visualization-matplotlib_gpx.jpg	medium	640	640	480	1550.774536	0.082756	0.099935	0.002995	0.005563	0.786042	0.718958	38.868233	2.506617	1.105993	2005.000000	0.061188	0.002490	0.002500	2.000000	0.046240	0.060320	34.000000	0.278451	0.903144	24.676666	10.655833	0.779167	0.000000	0.000000	0.000000	0.000000	0.000000	0.896657	1.332213	2.184721	0.000000	0.000000	0.096667	0.000049	80.304863	0.795833	0.066468	0.010886	0.000000	307200.000000	12.635254	480.000000	640.000000	921600.000000	0.750000	0.287682	0.000000	0.000000	3.000000	0.000000	1.738382	5.429946	5.519441	5.562464	0.000000	0.000000	0.047723	1.000000	0.000000	0.000000	0.000000	0.167590	0.000000	1.000000	28.000000	255.000000	255.000000	0.000000	0.000000	0.000000	0.000000	0.000000	0.000000	0.000000	0.000000	0.000000	0.000000	0.000000	0.000000	0.000000	0.000000	0.000000	0.000000	0.000000	0.000000	0.000000	15.072453	0.229449
	content_illustration	wikimedia-webshapes/Illustration/3014ee7c51797241e3a0366f709fd1fc59126cac.png	illustration-screen/illustration_114_256x153.png	small	256	256	153	650.548035	0.099587	0.050705	0.002981	0.002464	0.718750	0.613487	17.349092	0.486474	1.315007	314.000000	0.009583	0.013790	0.011920	6.000000	0.043640	0.105150	63.000000	0.428972	0.765073	14.986842	4.105263	0.601974	0.000000	0.000000	0.000000	0.000000	0.000000	0.976588	1.579798	2.074408	0.000000	0.000000	0.006579	0.001131	38.595947	0.598684	0.075632	0.007388	0.000000	39168.000000	10.575615	153.000000	256.000000	117504.000000	0.597656	0.514740	0.045752	0.045752	3.000000	0.000000	4.145282	4.897786	5.019584	5.415766	0.000000	0.000000	0.728304	1.000000	0.000000	0.000000	0.000000	0.025628	0.000000	1.000000	47.000000	243.000000	255.000000	0.000000	0.000000	0.000000	0.142857	0.000000	0.000000	0.000000	0.000000	0.000000	0.000000	0.000000	0.000000	0.000000	0.000000	0.000000	0.000000	0.000000	0.000000	0.000000	13.361928	0.259688
	indexed_palette_smalledge	png-8/wm_upload_wikimedia_org_486275102d13e1f7.png	palette/palette_017_p256_200x100.png	small	200	200	100	15516.390625	0.092389	0.000000	0.000000	0.000000	0.556667	0.556667	0.000000	0.949595	0.704663	5.000000	0.000250	0.000000	0.000000	0.000000	0.000000	0.000000	0.000000	0.103490	1.240082	86.773331	0.000000	0.473333	0.000000	0.000000	0.000000	4.000000	1.000000	1.000000	2.481892	2.650744	0.000000	0.000000	0.176667	0.000000	74.595573	0.523333	0.141429	0.000000	1.000000	20000.000000	9.903487	100.000000	200.000000	60000.000000	0.500000	0.693147	0.040000	0.433600	3.000000	0.859408	5.577281	5.799567	5.827530	5.848650	0.000000	0.017737	1.000000	1.000000	0.000000	0.000000	0.000000	0.000000	0.000000	1.000000	102.000000	255.000000	255.000000	0.000000	0.000000	0.000000	0.333333	0.000000	0.000000	0.000000	0.000000	0.000000	0.000000	0.000000	0.000000	0.000000	0.000000	0.000000	0.000000	0.000000	0.000000	0.000000	6.793364	0.412912
	content_illustration	wikimedia-webshapes/Illustration/994c1ba08e673aa26bf1125bbbe98a9c5e96ab8b.png	illustration-screen/illustration_115_256x256.png	medium	256	256	256	2116.593262	0.062484	0.154319	0.002278	0.009828	0.786133	0.767578	66.674911	0.293486	1.550508	198.000000	0.006042	0.002460	0.002090	0.000000	0.314500	0.252670	42.000000	0.226540	0.942514	10.895508	13.971680	0.754883	0.000000	0.000000	0.000000	8.000000	1.000000	0.861847	1.043388	1.885126	0.000000	0.000000	0.039062	0.000000	33.949924	0.753906	0.049588	0.021577	0.000000	65536.000000	11.090355	256.000000	256.000000	196608.000000	1.000000	0.000000	0.000000	0.000000	3.000000	0.000000	0.767854	4.605204	4.922644	5.339097	0.000000	0.000000	0.013210	1.000000	0.000000	0.000000	0.000000	0.794442	0.000000	0.000000	7.000000	167.000000	255.000000	0.000000	0.000000	0.000000	0.000000	0.000000	0.000000	0.000000	0.000000	0.000000	0.000000	0.000000	0.000000	0.000000	0.000000	0.000000	0.000000	0.000000	0.000000	0.000000	25.021456	0.162948
	indexed_palette_smalledge	png-8/wm_upload_wikimedia_org_422e770b7845d9b1.png	palette/palette_018_p256_200x100.png	small	200	200	100	1624.199463	0.257276	0.017487	0.000338	0.000793	0.213333	0.183333	6.612836	1.516199	0.731899	46.000000	0.002300	0.000630	0.000530	0.000000	0.022680	0.019270	30.000000	0.546794	1.506139	40.889999	0.730000	0.210000	0.000000	0.000000	0.000000	8.000000	1.000000	0.998050	3.834327	1.913088	0.000000	0.000000	0.056667	0.000052	48.772419	0.246667	0.195556	0.001111	0.000000	20000.000000	9.903487	100.000000	200.000000	60000.000000	0.500000	0.693147	0.040000	0.433600	3.000000	4.845639	5.034880	5.199903	5.247388	5.316251	0.397694	1.000000	1.000000	1.000000	0.000000	0.006781	0.010476	0.014532	0.000000	80.000000	164.000000	255.000000	255.000000	0.000000	0.079365	0.174603	0.301587	0.000000	0.000000	0.000000	0.000000	0.000000	0.000000	0.000000	0.000000	0.000000	0.000000	0.000000	0.000000	0.000000	0.000000	0.000000	1.219702	0.533216
	content_screencontent	wikimedia-webshapes/ScreenContent/e799ea64125c6e1f9e1f8130b6cd901d2dbb4c8d.jpg	illustration-screen/screencontent_186_192x256.png	small	256	192	256	6814.936523	0.344133	0.150166	0.015290	0.019839	0.214844	0.100260	53.694324	0.974131	0.990656	3170.000000	0.096741	0.022740	0.022270	2.000000	0.444120	0.277200	53.000000	0.150433	3.873541	46.514324	28.636719	0.011719	0.000000	0.000000	0.000000	0.000000	0.000000	0.483317	4.032691	1.373981	0.034115	0.018676	0.268229	0.029968	34.454823	0.000000	0.148520	0.034743	0.000000	49152.000000	10.802672	192.000000	256.000000	147456.000000	0.750000	0.287682	0.000000	0.000000	3.000000	4.628622	4.944339	5.258729	5.484250	5.728310	0.342939	1.000000	1.000000	1.000000	0.026860	0.088668	0.434734	1.000000	14.000000	58.000000	116.000000	226.000000	255.000000	0.000000	0.047619	0.126984	0.238095	0.000000	0.000000	0.000000	0.047619	0.000000	0.000000	0.000000	1.176091	1.347027	1.515212	0.018372	0.025911	0.034115	0.000000	0.000000	2.900192	0.734398
	content_illustration	wikimedia-webshapes/Illustration/2a21dfe5bb13cbadc32fe8ebac548299c454529c.png	illustration-screen/illustration_116_256x85.png	small	256	256	85	0.000000	0.000000	0.000000	0.000000	0.000000	1.000000	1.000000	0.000000	0.000000	0.000000	1.000000	0.000046	0.000000	0.000000	0.000000	0.000000	0.000000	0.000000	0.000000	0.000000	0.000000	0.000000	1.000000	0.000000	0.000000	0.000000	2.000000	1.000000	1.000000	-0.000001	0.000000	0.000000	0.000000	0.000000	0.000000	0.000000	1.000000	0.000000	0.000000	1.000000	21760.000000	9.987828	85.000000	256.000000	65280.000000	0.332031	1.102526	0.035294	0.129412	3.000000	0.000000	0.000000	0.000000	0.000000	0.000000	0.000000	0.000000	0.000000	0.000000	0.000000	0.000000	0.000000	0.000000	0.000000	0.000000	0.000000	0.000000	0.000000	0.000000	0.000000	0.000000	0.000000	0.000000	0.000000	0.000000	0.000000	0.000000	0.000000	0.000000	0.000000	0.000000	0.000000	0.000000	0.000000	0.000000	0.000000	0.000000	0.000000	0.000000
	indexed_palette_smalledge	png-8/g8_6ce660a4f02679c8.png	palette/palette_019_p31_200x100.png	small	200	200	100	2286.563477	0.246964	0.061775	0.011424	0.014333	0.053333	0.053333	28.461174	1.377960	0.436726	2.000000	0.000100	0.020910	0.020350	0.000000	0.205460	0.199980	3.000000	0.476586	0.999842	47.486668	7.866667	0.060000	0.000000	0.000000	0.000000	2.000000	1.000000	0.494300	4.462927	1.114609	0.295220	0.054004	0.000000	0.000000	15.702909	0.183333	0.281799	0.030847	0.000000	20000.000000	9.903487	100.000000	200.000000	60000.000000	0.500000	0.693147	0.040000	0.433600	3.000000	4.842968	4.977140	5.021018	5.030052	5.031752	1.000000	1.000000	1.000000	1.000000	0.190771	0.313615	0.381292	0.405847	0.000000	95.000000	191.000000	255.000000	255.000000	0.047619	0.238095	0.301587	0.365079	0.000000	0.000000	0.031746	0.047619	0.000000	0.000000	0.000000	0.000000	0.000000	3.820854	0.000000	0.000000	0.295220	0.000000	0.000000	-0.131722	0.576340
	content_screencontent	wikimedia-webshapes/ScreenContent/9167a5baff34886e0625521d85a487f41d60d116.jpg	illustration-screen/screencontent_161_179x256.png	small	256	179	256	4137.480957	0.445010	0.193256	0.049530	0.031685	0.018466	0.000000	83.984962	0.980162	0.822650	3010.000000	0.091858	0.163930	0.130490	9.000000	0.421470	0.425240	31.000000	0.236407	4.692938	48.173294	45.565342	0.005682	0.000000	0.000000	0.000000	0.000000	0.000000	0.033476	4.522565	0.566553	0.478265	0.249014	0.207386	0.476693	30.166536	0.000000	0.204320	0.072714	0.000000	45824.000000	10.732563	179.000000	256.000000	137472.000000	0.699219	0.357792	0.027933	0.072626	3.000000	4.612285	4.951069	5.144279	5.287266	5.426517	0.835523	1.000000	1.000000	1.000000	0.406160	0.638567	0.910493	1.000000	26.000000	62.000000	114.000000	224.000000	255.000000	0.063492	0.111111	0.206349	0.301587	0.015873	0.031746	0.063492	0.095238	0.000000	1.000000	3.000000	2.970347	3.325310	3.675481	0.203180	0.321509	0.478265	0.015873	0.031746	3.123628	0.765201
	content_screencontent	wikimedia-webshapes/ScreenContent/204d545d00152e093a174e4a8e313ac881be0019.png	illustration-screen/screencontent_187_255x142.png	small	255	255	142	5184.397461	0.552050	0.000000	0.000000	0.000000	0.098672	0.028463	0.000000	5.369606	0.575444	32.000000	0.000977	0.000000	0.000000	0.000000	0.000000	0.000000	0.000000	0.579857	3.760741	131.007584	0.000000	0.007590	0.000000	0.000000	0.000000	8.000000	1.000000	1.000000	4.957923	1.018923	0.213297	0.000000	0.022770	0.000000	59.625561	0.000000	0.402518	0.000000	1.000000	36210.000000	10.497090	142.000000	255.000000	108630.000000	0.556863	0.585437	0.018061	0.131179	3.000000	5.329130	5.454551	5.525476	5.605644	5.680826	1.000000	1.000000	1.000000	1.000000	0.000000	0.000000	0.000000	0.000000	60.000000	177.000000	255.000000	255.000000	255.000000	0.015873	0.349206	0.444444	0.507937	0.000000	0.000000	0.000000	0.000000	0.000000	1.000000	2.000000	1.373083	2.034867	3.065107	0.023020	0.056169	0.213297	0.000000	0.000000	-1.195914	0.608544
	wide_aspect_landscape_16x9	clic2025/training/5e5ce43575fa67fdc0dd37146d7f479e.png	wide-aspect/wide_001_landscape_16x9_1280x720.png	medium	1280	1280	720	3460.690186	0.260197	0.175495	0.009191	0.005053	0.094722	0.001667	58.815800	2.100377	1.231578	6276.000000	0.191528	0.009260	0.015080	4.000000	0.013450	0.033600	8.000000	0.225185	4.539018	20.094267	8.263363	0.000000	0.000000	0.000000	0.000000	0.000000	0.000000	0.147281	3.809845	0.736493	0.119979	0.000000	0.107872	0.256803	27.791775	0.000000	0.079643	0.014207	0.000000	921600.000000	13.733867	720.000000	1280.000000	2764800.000000	0.562500	0.575364	0.000000	0.022222	3.000000	3.522045	4.363255	4.989195	5.174109	5.425629	0.158533	0.269995	1.000000	1.000000	0.019787	0.036044	0.190577	0.576072	21.000000	41.000000	69.000000	171.000000	255.000000	0.000000	0.000000	0.031746	0.126984	0.000000	0.000000	0.000000	0.015873	0.000000	1.000000	3.000000	2.393109	2.986709	3.104636	0.073192	0.102257	0.119979	0.000000	0.000000	9.285468	0.475828
	content_illustration	wikimedia-webshapes/Illustration/4337b00044456a06501289d2698d2c7e7ad170cb.png	illustration-screen/illustration_117_223x256.png	small	256	223	256	5059.879395	0.164529	0.346135	0.026274	0.011559	0.446759	0.230324	134.377167	0.362953	0.818130	1040.000000	0.031738	0.026850	0.023130	1.000000	0.034080	0.031690	2.000000	0.145917	2.672831	23.437500	34.591434	0.307870	0.000000	0.000000	0.000000	0.000000	0.000000	0.325900	2.748884	2.030781	0.000000	0.000000	0.178241	0.000140	27.852245	0.299769	0.099261	0.042824	0.000000	57088.000000	10.952350	223.000000	256.000000	171264.000000	0.871094	0.138006	0.004484	0.004484	3.000000	3.515159	4.653752	5.116300	5.185548	5.240616	0.005629	0.355156	1.000000	1.000000	0.000000	0.159662	1.000000	1.000000	1.000000	12.000000	63.000000	156.000000	255.000000	0.000000	0.000000	0.063492	0.190476	0.000000	0.000000	0.000000	0.095238	0.000000	0.000000	0.000000	0.000000	0.000000	0.000000	0.000000	0.000000	0.000000	0.000000	0.000000	8.964798	0.501869
	wide_aspect_portrait_9x16	clic2025/final-test/50fe4c3d47d864858e1aaa60fecef5c453b4e18d2b368718eeb5c1e249e0c902.png	wide-aspect/wide_029_portrait_9x16_720x1280.png	medium	1280	720	1280	2642.143066	0.255910	0.133136	0.010757	0.006670	0.140069	0.008056	48.214504	0.948828	1.055508	5224.000000	0.159424	0.004600	0.005320	0.000000	0.012220	0.015570	7.000000	0.074255	4.390564	30.846453	10.256559	0.000000	0.000000	0.000000	0.000000	0.000000	0.000000	0.075545	4.025183	0.852641	0.192858	0.037026	0.573372	0.345383	19.069853	0.000000	0.107424	0.017863	0.000000	921600.000000	13.733867	720.000000	1280.000000	2764800.000000	0.562500	0.575364	0.000000	0.022222	3.000000	4.149423	4.673177	5.037508	5.177022	5.351768	0.402038	0.900588	1.000000	1.000000	0.080199	0.167188	0.321680	0.477526	9.000000	25.000000	50.000000	116.000000	255.000000	0.015873	0.047619	0.095238	0.158730	0.000000	0.000000	0.015873	0.031746	0.000000	0.000000	1.000000	1.613939	2.497427	2.821145	0.046876	0.130974	0.192858	0.000000	0.000000	9.029657	0.886286
	wide_aspect_landscape_16x9	clic2025/training/097cb426910ba8ce2525dd8bb7fb1777.png	wide-aspect/wide_009_landscape_16x9_1280x720.png	medium	1280	1280	720	735.881409	0.051310	0.047070	0.001279	0.001313	0.625903	0.397153	17.086599	0.326351	1.956650	684.000000	0.020874	0.000120	0.000110	0.000000	0.000810	0.000750	0.000000	0.403516	3.107732	2.840622	0.387755	0.002915	0.000000	0.000000	0.000000	0.000000	0.000000	0.026347	2.306774	1.100887	0.013914	0.000000	0.081633	0.068315	7.078588	0.014577	0.015919	0.000694	0.000000	921600.000000	13.733867	720.000000	1280.000000	2764800.000000	0.562500	0.575364	0.000000	0.022222	3.000000	2.061111	3.387746	3.643353	3.890253	4.406922	0.020248	0.064696	0.236065	0.422871	0.000000	0.025737	0.040322	0.057467	3.000000	12.000000	30.000000	70.000000	217.000000	0.000000	0.000000	0.000000	0.015873	0.000000	0.000000	0.000000	0.000000	0.000000	0.000000	0.000000	0.297622	0.903090	1.096366	0.004222	0.010411	0.013914	0.000000	0.000000	8.934630	0.432192
	content_screencontent	wikimedia-webshapes/ScreenContent/3179922237ba9ba4b274054b1511cf29a08d1332.jpg	illustration-screen/screencontent_188_256x196.png	small	256	256	196	6477.912598	0.382251	0.000000	0.000000	0.000000	0.113281	0.000000	0.000000	0.946112	0.829960	32.000000	0.000977	0.000000	0.000000	0.000000	0.000000	0.000000	0.000000	0.127877	4.605063	54.149738	0.000000	0.007812	0.000000	0.000000	0.000000	8.000000	1.000000	1.000000	4.453221	0.895373	0.239434	0.000000	0.341146	0.000000	36.924774	0.010417	0.177641	0.000000	1.000000	50176.000000	10.823292	196.000000	256.000000	150528.000000	0.765625	0.267063	0.020408	0.142857	3.000000	4.704536	5.060142	5.433717	5.653717	5.691704	0.705943	1.000000	1.000000	1.000000	0.000000	0.000000	0.000000	0.000000	18.000000	58.000000	113.000000	220.000000	255.000000	0.015873	0.095238	0.174603	0.253968	0.000000	0.000000	0.000000	0.000000	0.000000	1.000000	2.000000	1.926536	2.624282	3.013463	0.055413	0.139198	0.239434	0.000000	0.000000	3.151559	0.818776
	content_screencontent	wikimedia-webshapes/ScreenContent/f7c8feec3af582a239699a8fe2a9d17c12673cc1.jpg	illustration-screen/screencontent_162_255x209.png	small	255	255	209	2193.827393	0.533692	0.138836	0.037757	0.021180	0.016129	0.000000	54.907940	0.929219	0.930075	2944.000000	0.089844	0.069480	0.072570	5.000000	0.156710	0.180200	20.000000	0.290486	4.255964	40.224567	19.362284	0.000000	0.000000	0.000000	0.000000	0.000000	0.000000	0.023905	4.497227	0.481795	0.550111	0.153433	0.070720	0.470814	23.350176	0.000000	0.221513	0.043483	0.000000	53295.000000	10.883597	209.000000	255.000000	159885.000000	0.819608	0.198929	0.037546	0.075973	3.000000	4.575667	4.824523	5.016507	5.134207	5.311746	0.827796	1.000000	1.000000	1.000000	0.240379	0.378026	0.527291	0.704435	32.000000	63.000000	105.000000	199.000000	255.000000	0.095238	0.158730	0.222222	0.285714	0.000000	0.015873	0.047619	0.063492	0.000000	2.000000	4.000000	2.759479	3.678877	3.886878	0.153933	0.425533	0.550111	0.015873	0.063492	3.184098	0.715110
	wide_aspect_portrait_9x16	clic2025/final-test/2a760bf1ccea6998be3890dcc2371b23f35fe3006562884b45bc534a621d5c12.png	wide-aspect/wide_026_portrait_9x16_720x1280.png	medium	1280	720	1280	1168.092407	0.021559	0.071390	0.001316	0.000761	0.921389	0.837500	34.907131	0.144092	1.713642	1457.000000	0.044464	0.000420	0.000470	0.000000	0.000600	0.000700	1.000000	0.043987	2.456942	4.715258	1.084548	0.262391	0.000000	0.000000	0.000000	0.000000	0.000000	0.026029	1.203142	1.186317	0.000000	0.000000	0.101069	0.009474	40.096172	0.543246	0.011168	0.002052	0.000000	921600.000000	13.733867	720.000000	1280.000000	2764800.000000	0.562500	0.575364	0.000000	0.022222	3.000000	1.129834	1.269728	2.588202	3.949975	5.602610	0.009139	0.025228	0.030644	0.112249	0.000000	0.021127	0.029022	0.041556	0.000000	0.000000	1.000000	64.000000	255.000000	0.000000	0.000000	0.000000	0.000000	0.000000	0.000000	0.000000	0.000000	0.000000	0.000000	0.000000	0.000000	0.000000	0.000000	0.000000	0.000000	0.000000	0.000000	0.000000	101.205727	0.494866
	content_illustration	wikimedia-webshapes/Illustration/6b28748c34fda80fe0de228a1520fcdbe229e460.png	illustration-screen/illustration_118_256x153.png	small	256	256	153	548.227173	0.111507	0.044458	0.002834	0.002867	0.662829	0.523026	15.345298	0.468416	1.283613	268.000000	0.008179	0.008040	0.012360	7.000000	0.068200	0.058560	61.000000	0.496296	0.829757	14.717105	3.848684	0.569079	0.000000	0.000000	0.000000	0.000000	0.000000	0.973014	1.957405	2.064162	0.000000	0.000000	0.027961	0.000694	34.207088	0.572368	0.070880	0.007519	0.000000	39168.000000	10.575615	153.000000	256.000000	117504.000000	0.597656	0.514740	0.045752	0.045752	3.000000	1.650792	4.589668	4.794610	4.964698	5.239164	0.000000	0.042354	1.000000	1.000000	0.000000	0.000000	0.000000	0.012667	0.000000	3.000000	62.000000	209.000000	255.000000	0.000000	0.000000	0.000000	0.111111	0.000000	0.000000	0.000000	0.000000	0.000000	0.000000	0.000000	0.000000	0.000000	0.000000	0.000000	0.000000	0.000000	0.000000	0.000000	11.644476	0.368978
	content_screencontent	wikimedia-webshapes/ScreenContent/c02e39b57a564d3cd30ac3f8ec0611665c331bb2.png	illustration-screen/screencontent_189_256x256.png	medium	256	256	256	5907.442383	0.051503	0.302871	0.014870	0.001994	0.773438	0.746094	151.436829	0.321026	1.024625	62.000000	0.001892	0.093740	0.048580	11.000000	0.011250	0.005410	1.000000	0.051467	0.964845	23.432617	27.493164	0.791016	0.000000	0.000000	0.000000	8.000000	1.000000	0.128372	1.295684	2.153991	0.000000	0.000000	0.155273	0.003296	54.978111	0.818359	0.041729	0.024383	0.000000	65536.000000	11.090355	256.000000	256.000000	196608.000000	1.000000	0.000000	0.000000	0.000000	3.000000	0.000000	1.812914	5.460484	5.636679	5.718078	0.000000	0.000000	0.050424	1.000000	0.000000	0.000000	0.029817	1.000000	0.000000	0.000000	5.000000	182.000000	255.000000	0.000000	0.000000	0.000000	0.000000	0.000000	0.000000	0.000000	0.000000	0.000000	0.000000	0.000000	0.000000	0.000000	0.000000	0.000000	0.000000	0.000000	0.000000	0.000000	20.458220	0.246979
	content_illustration	wikimedia-webshapes/Illustration/aefc83e16713e87539bd7248bb5972af80eb3ac8.jpg	illustration-screen/illustration_119_256x192.png	small	256	256	192	3281.264648	0.166595	0.092808	0.004260	0.002966	0.492188	0.416667	32.987583	0.327322	1.094697	760.000000	0.023193	0.009070	0.009310	5.000000	0.057940	0.056870	90.000000	0.179008	3.133128	19.569010	5.509115	0.351562	0.000000	0.000000	0.000000	0.000000	0.000000	0.426168	2.524096	2.056466	0.000000	0.000000	0.192708	0.001953	28.889759	0.348958	0.082445	0.007378	0.000000	49152.000000	10.802672	192.000000	256.000000	147456.000000	0.750000	0.287682	0.000000	0.000000	3.000000	3.151403	4.496921	4.897225	5.118490	5.391797	0.000000	0.242999	1.000000	1.000000	0.000000	0.023288	0.086490	0.195713	0.000000	14.000000	56.000000	163.000000	255.000000	0.000000	0.000000	0.015873	0.158730	0.000000	0.000000	0.000000	0.000000	0.000000	0.000000	0.000000	0.000000	0.000000	0.000000	0.000000	0.000000	0.000000	0.000000	0.000000	11.628051	0.494629
	content_screencontent	wikimedia-webshapes/ScreenContent/c2bdc6592dcb5c576c0578d2c6aa4c39e748374d.jpg	illustration-screen/screencontent_163_245x256.png	small	256	245	256	4527.359863	0.264063	0.052993	0.010489	0.007347	0.221875	0.000000	26.941389	1.254897	0.715857	454.000000	0.013855	0.006250	0.010990	0.000000	0.018430	0.032940	1.000000	0.216023	3.901461	47.786457	5.117708	0.002083	0.000000	0.000000	0.000000	0.000000	0.000000	0.000335	4.151426	1.026868	0.131886	0.044521	0.217708	0.947306	38.784603	0.000000	0.162087	0.009689	0.000000	62720.000000	11.046435	245.000000	256.000000	188160.000000	0.957031	0.043919	0.012245	0.044898	3.000000	4.303277	5.149559	5.290609	5.396795	5.458192	0.251234	0.980478	1.000000	1.000000	0.058512	0.119572	0.249764	0.317823	13.000000	41.000000	121.000000	255.000000	255.000000	0.000000	0.015873	0.095238	0.285714	0.000000	0.000000	0.000000	0.015873	0.000000	1.000000	2.000000	2.193776	2.537819	2.692503	0.067629	0.103330	0.131886	0.000000	0.000000	3.982323	0.727377
	content_screencontent	wikimedia-webshapes/ScreenContent/603ea2498473479bbac1960242a809147132da93.jpg	illustration-screen/screencontent_190_188x255.png	small	255	188	255	3278.616699	0.501725	0.127842	0.029656	0.021922	0.047686	0.000000	49.137642	1.680724	0.748766	2895.000000	0.088348	0.043760	0.046670	4.000000	0.170360	0.159630	14.000000	0.286636	4.454077	62.893410	21.967741	0.000000	0.000000	0.000000	0.000000	0.000000	0.000000	0.122528	4.649888	0.666940	0.396955	0.098647	0.119215	0.395354	36.820145	0.000000	0.253323	0.043745	0.000000	47940.000000	10.777705	188.000000	255.000000	143820.000000	0.737255	0.304822	0.025282	0.025282	3.000000	4.851341	5.103065	5.279453	5.451350	5.523516	1.000000	1.000000	1.000000	1.000000	0.187556	0.347141	0.555435	0.822360	34.000000	86.000000	147.000000	255.000000	255.000000	0.063492	0.158730	0.253968	0.349206	0.000000	0.015873	0.047619	0.063492	0.000000	1.000000	3.000000	2.733197	3.110374	3.584216	0.131083	0.237654	0.396955	0.000000	0.015873	1.456383	0.731199
	content_illustration	wikimedia-webshapes/Illustration/a7a7e3ccb16fcff025603ecc4e9b93db31ccd37b.png	illustration-screen/illustration_120_255x256.png	small	256	255	256	14266.928711	0.050996	0.029590	0.001381	0.000594	0.762097	0.732863	12.209213	0.543912	0.959242	120.000000	0.003662	0.000980	0.000820	0.000000	0.000960	0.000870	0.000000	0.082451	1.468965	34.658268	0.899194	0.735887	0.000000	0.000000	0.000000	8.000000	1.000000	0.455300	1.374031	2.239333	0.000000	0.000000	0.133065	0.000000	66.868416	0.726815	0.067396	0.002144	0.000000	65280.000000	11.086441	255.000000	256.000000	195840.000000	0.996094	0.003914	0.003922	0.003922	3.000000	0.000000	2.152240	5.612987	5.751583	5.796320	0.000000	0.000000	0.055722	1.000000	0.000000	0.000000	0.016887	0.148757	0.000000	0.000000	7.000000	252.000000	255.000000	0.000000	0.000000	0.000000	0.000000	0.000000	0.000000	0.000000	0.000000	0.000000	0.000000	0.000000	0.000000	0.000000	0.000000	0.000000	0.000000	0.000000	0.000000	0.000000	19.681698	0.233789
	wide_aspect_landscape_16x9	clic2025/training/8bb119b8ca17492392e1e3ea4b811b32.png	wide-aspect/wide_008_landscape_16x9_1280x720.png	medium	1280	1280	720	3559.480469	0.017742	0.070945	0.002072	0.002231	0.464097	0.230208	36.044006	0.120924	1.733815	1013.000000	0.030914	0.000220	0.000290	0.000000	0.001200	0.001800	0.000000	0.168301	4.149000	4.502429	1.329446	0.020408	0.000000	0.000000	0.000000	0.000000	0.000000	0.183298	2.767277	1.038308	0.022656	0.000000	0.164237	0.712537	10.543892	0.036929	0.031206	0.002036	0.000000	921600.000000	13.733867	720.000000	1280.000000	2764800.000000	0.562500	0.575364	0.000000	0.022222	3.000000	3.108263	3.441850	3.785895	3.984921	4.379165	0.121927	0.242715	0.383307	0.603433	0.027888	0.056775	0.083558	0.125350	4.000000	9.000000	16.000000	39.000000	255.000000	0.000000	0.000000	0.015873	0.047619	0.000000	0.000000	0.000000	0.000000	0.000000	0.000000	0.000000	0.000000	0.859398	1.157136	0.000000	0.014552	0.022656	0.000000	0.000000	34.526657	0.717662
	content_illustration	wikimedia-webshapes/Illustration/c6ff047d6524131fc5518989d2c6c561164283ab.png	illustration-screen/illustration_121_230x256.png	small	256	230	256	1.215367	0.000000	0.011019	0.000192	0.000449	1.000000	0.801339	4.560290	0.000114	0.608511	2.000000	0.000061	0.000020	0.000020	0.000000	0.000750	0.000990	0.000000	0.085847	0.000000	0.000000	0.633929	0.824777	0.000000	0.000000	0.000000	2.000000	1.000000	0.889844	0.359192	0.738534	0.000000	0.000000	0.106027	0.000000	0.000000	0.902902	0.000000	0.001506	0.000000	58880.000000	10.983256	230.000000	256.000000	176640.000000	0.898438	0.107098	0.008696	0.113043	3.000000	0.000000	0.000000	1.967316	2.099450	2.133537	0.000000	0.000000	0.000000	0.073945	0.000000	0.000000	0.000000	0.127425	0.000000	0.000000	0.000000	3.000000	6.000000	0.000000	0.000000	0.000000	0.000000	0.000000	0.000000	0.000000	0.000000	0.000000	0.000000	0.000000	0.000000	0.000000	0.000000	0.000000	0.000000	0.000000	0.000000	0.000000	34.332691	0.171070
	content_screencontent	wikimedia-webshapes/ScreenContent/1959e39c8f7818983d1385a1c12d1d2324a11a0e.jpg	illustration-screen/screencontent_164_256x162.png	small	256	256	162	6659.046387	0.580564	0.000000	0.000000	0.000000	0.120312	0.073437	0.000000	1.790116	0.806369	32.000000	0.000977	0.000000	0.000000	0.000000	0.000000	0.000000	0.000000	0.275161	4.514459	72.428123	0.000000	0.015625	0.000000	0.000000	0.000000	8.000000	1.000000	1.000000	4.482604	1.243778	0.062022	0.000000	0.135937	0.000000	35.756512	0.020312	0.254688	0.000000	1.000000	41472.000000	10.632773	162.000000	256.000000	124416.000000	0.632812	0.457581	0.037037	0.185185	3.000000	4.935107	5.193871	5.350600	5.427922	5.620978	1.000000	1.000000	1.000000	1.000000	0.000000	0.000000	0.000000	0.000000	40.000000	96.000000	160.000000	255.000000	255.000000	0.000000	0.142857	0.285714	0.365079	0.000000	0.000000	0.000000	0.000000	0.000000	0.000000	1.000000	0.000000	1.322218	2.069517	0.000000	0.030197	0.062022	0.000000	0.000000	0.745129	0.698772
	content_screencontent	wikimedia-webshapes/ScreenContent/b71cb0bf589b956cb04bb0bd29d64d403948560b.png	illustration-screen/screencontent_191_256x143.png	small	256	256	143	7232.445801	0.473558	0.000000	0.000000	0.000000	0.198529	0.104779	0.000000	3.013399	0.619865	32.000000	0.000977	0.000000	0.000000	0.000000	0.000000	0.000000	0.000000	0.311666	3.762600	103.448532	0.000000	0.000000	0.000000	0.000000	0.000000	8.000000	1.000000	1.000000	4.511520	1.480779	0.037420	0.000000	0.117647	0.000000	56.382526	0.000000	0.293330	0.000000	1.000000	36608.000000	10.508022	143.000000	256.000000	109824.000000	0.558594	0.582333	0.006993	0.118881	3.000000	5.216994	5.463986	5.622745	5.686175	5.737684	0.928536	1.000000	1.000000	1.000000	0.000000	0.000000	0.000000	0.000000	31.000000	122.000000	221.000000	255.000000	255.000000	0.000000	0.142857	0.349206	0.428571	0.000000	0.000000	0.000000	0.000000	0.000000	0.000000	0.000000	0.881351	1.299674	1.623250	0.010350	0.023152	0.037420	0.000000	0.000000	-0.266548	0.677018
	content_screencontent	wikimedia-webshapes/ScreenContent/1fcdfaf13d719f0b6cbee7f7f180f4f00fc9a86a.png	illustration-screen/screencontent_165_256x122.png	small	256	256	122	3158.366455	0.098366	0.000000	0.000000	0.000000	0.831250	0.827083	0.000000	0.862429	1.069986	32.000000	0.001025	0.000000	0.000000	0.000000	0.000000	0.000000	0.000000	0.276657	0.887719	35.631248	0.000000	0.818750	0.000000	0.000000	0.000000	8.000000	1.000000	1.000000	0.977469	2.033975	0.000000	0.000000	0.014583	0.000000	63.856449	0.816667	0.073578	0.000000	1.000000	31232.000000	10.349198	122.000000	256.000000	93696.000000	0.476562	0.741156	0.049180	0.049180	3.000000	0.000000	0.000000	5.474011	5.652849	5.782887	0.000000	0.000000	0.000000	1.000000	0.000000	0.000000	0.000000	0.000000	0.000000	0.000000	49.000000	255.000000	255.000000	0.000000	0.000000	0.000000	0.000000	0.000000	0.000000	0.000000	0.000000	0.000000	0.000000	0.000000	0.000000	0.000000	0.000000	0.000000	0.000000	0.000000	0.000000	0.000000	9.227703	0.144471
	content_illustration	wikimedia-webshapes/Illustration/4aa3e946b834a954f6fbecddc810220189983949.jpg	illustration-screen/illustration_122_150x256.png	small	256	150	256	1449.966797	0.197763	0.112970	0.014581	0.014927	0.381944	0.003472	49.143902	0.332431	0.819800	1410.000000	0.043030	0.029630	0.014380	3.000000	0.204680	0.129150	18.000000	0.188393	2.896715	23.508680	16.616320	0.003472	0.000000	0.000000	0.000000	0.000000	0.000000	0.002448	3.502223	1.265738	0.044533	0.008300	0.206597	0.854922	26.046736	0.000000	0.105241	0.024802	0.000000	38400.000000	10.555813	150.000000	256.000000	115200.000000	0.585938	0.534542	0.013333	0.066667	3.000000	3.914763	4.726544	4.976638	5.053833	5.136289	0.064718	0.651590	1.000000	1.000000	0.021090	0.079018	0.456933	1.000000	5.000000	24.000000	66.000000	161.000000	255.000000	0.000000	0.000000	0.079365	0.190476	0.000000	0.000000	0.000000	0.047619	0.000000	0.000000	0.000000	1.524235	1.722222	1.825670	0.025324	0.036820	0.044533	0.000000	0.000000	9.360134	0.702314
	content_screencontent	wikimedia-webshapes/ScreenContent/04f9bf21a8fa1bfecf5100d70e259e0d4f5a2358.jpg	illustration-screen/screencontent_192_177x256.png	small	256	177	256	1660.890259	0.301315	0.074678	0.016400	0.012909	0.204545	0.008523	27.768803	0.683514	1.052620	1753.000000	0.053497	0.016470	0.010280	1.000000	0.085580	0.052510	12.000000	0.325454	3.555215	24.906250	10.750000	0.000000	0.000000	0.000000	0.000000	0.000000	0.000000	0.018229	3.838310	0.941459	0.085507	0.005629	0.090909	0.226518	31.325422	0.000000	0.133523	0.023359	0.000000	45312.000000	10.721327	177.000000	256.000000	135936.000000	0.691406	0.369028	0.039548	0.084746	3.000000	4.037122	4.458977	4.978443	5.228697	5.400217	0.305920	0.661995	1.000000	1.000000	0.083883	0.192818	0.336954	0.498882	15.000000	41.000000	84.000000	229.000000	255.000000	0.000000	0.031746	0.111111	0.206349	0.000000	0.000000	0.015873	0.031746	0.000000	0.000000	1.000000	1.758606	2.012838	2.241757	0.049805	0.063103	0.085507	0.000000	0.000000	7.526219	0.679388
	wide_aspect_portrait_9x16	clic2025/training/aed95e005df28e790519eefb6eb1e565.png	wide-aspect/wide_021_portrait_9x16_720x1280.png	medium	1280	720	1280	1601.045654	0.033078	0.183999	0.005229	0.002754	0.819444	0.067292	106.913094	0.261544	1.740053	1923.000000	0.058685	0.003920	0.003910	1.000000	0.009600	0.006180	5.000000	0.263882	3.150102	3.178814	3.189504	0.000000	0.000000	0.000000	0.000000	0.000000	0.000000	0.002263	2.248856	0.841098	0.024893	0.006974	0.078717	0.229167	23.215815	0.000000	0.016413	0.005353	0.000000	921600.000000	13.733867	720.000000	1280.000000	2764800.000000	0.562500	0.575364	0.000000	0.022222	3.000000	1.903683	2.232361	3.799046	4.237091	4.672677	0.030068	0.038345	0.072947	0.570322	0.013997	0.023436	0.044370	0.295475	3.000000	7.000000	13.000000	72.000000	255.000000	0.000000	0.000000	0.000000	0.000000	0.000000	0.000000	0.000000	0.000000	0.000000	0.000000	0.000000	1.350975	1.518514	1.627750	0.017465	0.022355	0.024893	0.000000	0.000000	82.374840	0.405501
	content_screencontent	wikimedia-webshapes/ScreenContent/336335785158412e4f201683c6198f0acc6d8b4d.jpeg	illustration-screen/screencontent_166_196x256.png	small	256	196	256	2386.462158	0.371403	0.013023	0.003166	0.002140	0.157552	0.006510	6.131447	0.662957	0.968224	241.000000	0.007355	0.000620	0.000820	0.000000	0.002000	0.002150	0.000000	0.226600	3.701709	32.610676	0.130208	0.036458	0.000000	0.000000	0.000000	8.000000	1.000000	0.215322	4.011873	1.050291	0.052735	0.020326	0.217448	0.002850	26.379948	0.000000	0.136140	0.000000	0.000000	50176.000000	10.823292	196.000000	256.000000	150528.000000	0.765625	0.267063	0.020408	0.142857	3.000000	4.314180	4.715748	4.939336	5.127127	5.376608	0.589488	0.982107	1.000000	1.000000	0.026793	0.033525	0.045387	0.060558	15.000000	46.000000	85.000000	206.000000	255.000000	0.000000	0.079365	0.126984	0.190476	0.000000	0.000000	0.000000	0.000000	0.000000	0.000000	0.000000	1.368461	1.595910	1.825669	0.025118	0.037667	0.052735	0.000000	0.000000	6.602682	0.730078
	content_illustration	wikimedia-webshapes/Illustration/c27af5c697c90c820a02d6ebf58eb3259f94acbf.jpg	illustration-screen/illustration_123_256x160.png	small	256	256	160	3072.192139	0.360439	0.073207	0.005026	0.004447	0.278125	0.220313	26.942659	1.254447	0.723467	1344.000000	0.041016	0.001620	0.003550	0.000000	0.008610	0.029050	1.000000	0.272605	2.627182	54.531250	8.489062	0.148438	0.000000	0.000000	0.000000	0.000000	0.000000	0.687622	3.739072	1.954443	0.000000	0.000000	0.148438	0.091919	37.915081	0.189063	0.188170	0.013616	0.000000	40960.000000	10.620351	160.000000	256.000000	122880.000000	0.625000	0.470004	0.000000	0.000000	3.000000	4.783460	5.130210	5.278227	5.350645	5.461586	0.042612	1.000000	1.000000	1.000000	0.007977	0.067831	0.272759	0.683731	6.000000	69.000000	133.000000	255.000000	255.000000	0.000000	0.000000	0.206349	0.333333	0.000000	0.000000	0.000000	0.015873	0.000000	0.000000	0.000000	0.000000	0.000000	0.000000	0.000000	0.000000	0.000000	0.000000	0.000000	2.146168	0.634783
	content_screencontent	wikimedia-webshapes/ScreenContent/efb552888a33a12d246ccf32d24cb949e79e5595.jpg	illustration-screen/screencontent_193_174x256.png	small	256	174	256	818.768738	0.256534	0.024349	0.004894	0.002706	0.209821	0.000000	15.390479	0.403904	0.845957	185.000000	0.005646	0.001530	0.001280	0.000000	0.002540	0.002640	0.000000	0.299555	3.067451	19.376488	1.154762	0.000000	0.000000	0.000000	0.000000	8.000000	1.000000	0.000045	3.832807	0.783205	0.126431	0.021740	0.191964	0.856120	18.588106	0.000000	0.109033	0.001724	0.000000	44544.000000	10.704233	174.000000	256.000000	133632.000000	0.679688	0.386122	0.011494	0.103448	3.000000	4.040068	4.524320	4.674280	4.770888	4.942457	0.263112	0.741677	1.000000	1.000000	0.033966	0.067346	0.096102	0.125152	11.000000	30.000000	68.000000	171.000000	255.000000	0.000000	0.031746	0.079365	0.174603	0.000000	0.000000	0.000000	0.000000	0.000000	0.000000	1.000000	2.185931	2.391707	2.617001	0.069440	0.098410	0.126431	0.000000	0.000000	8.843390	0.720750
	content_illustration	wikimedia-webshapes/Illustration/62e4bdfd349b0b136cd18cb0a37c6686c5bd02b1.png	illustration-screen/illustration_124_256x56.png	small	256	256	56	5246.128906	0.379037	0.326218	0.022724	0.039975	0.205357	0.200893	163.655487	1.274575	0.495308	304.000000	0.021205	0.090900	0.176880	12.000000	1.071120	1.828840	54.000000	0.178867	2.784166	90.674110	98.133926	0.397321	0.000000	0.000000	0.000000	0.000000	0.000000	0.126256	4.183537	2.102915	0.000000	0.000000	0.308036	0.050084	51.368889	0.348214	0.225907	0.109198	0.000000	14336.000000	9.570529	56.000000	256.000000	43008.000000	0.218750	1.519826	0.000000	0.142857	3.000000	5.288177	5.488442	5.540101	5.540101	5.557262	1.000000	1.000000	1.000000	1.000000	0.815221	1.000000	1.000000	1.000000	17.000000	112.000000	187.000000	255.000000	255.000000	0.000000	0.095238	0.253968	0.380952	0.000000	0.047619	0.111111	0.174603	0.000000	0.000000	0.000000	0.000000	0.000000	0.000000	0.000000	0.000000	0.000000	0.000000	0.000000	-0.052952	0.648664
	content_screencontent	wikimedia-webshapes/ScreenContent/98cc372c8d8b8af22263e85fbde65b61d71798ab.JPG	illustration-screen/screencontent_167_167x256.png	small	256	167	256	2721.546387	0.281054	0.132322	0.017235	0.022862	0.317187	0.090625	51.214489	0.680697	1.052090	4005.000000	0.122223	0.027820	0.016160	2.000000	0.509820	0.193940	33.000000	0.262085	4.279432	32.753124	24.618750	0.156250	0.000000	0.000000	0.000000	0.000000	0.000000	0.538782	3.781603	1.211129	0.067526	0.000000	0.306250	0.119059	34.337185	0.153125	0.156076	0.039980	0.000000	42752.000000	10.663171	167.000000	256.000000	128256.000000	0.652344	0.427184	0.005988	0.149701	3.000000	4.249910	4.740968	5.194480	5.390514	5.524491	0.118258	0.887188	1.000000	1.000000	0.015312	0.116062	0.450393	1.000000	5.000000	31.000000	91.000000	230.000000	255.000000	0.000000	0.015873	0.142857	0.269841	0.000000	0.000000	0.000000	0.063492	0.000000	0.000000	0.000000	1.653214	1.806181	1.929340	0.043245	0.058767	0.067526	0.000000	0.000000	6.366590	0.752257
	content_illustration	wikimedia-webshapes/Illustration/bb7b534756b2062683feee96fe9411bf7ea0a0e7.png	illustration-screen/illustration_125_256x62.png	small	256	256	62	866.049927	0.113305	0.121501	0.006921	0.004452	0.616071	0.593750	43.099285	0.066344	1.085177	104.000000	0.006552	0.014710	0.013680	1.000000	0.055100	0.045890	8.000000	0.095476	1.266534	13.017858	9.075892	0.616071	0.000000	0.000000	0.000000	8.000000	1.000000	0.808972	1.739063	2.142284	0.000000	0.000000	0.200893	0.000000	20.664158	0.611607	0.057469	0.012472	0.000000	15872.000000	9.672312	62.000000	256.000000	47616.000000	0.242188	1.418043	0.032258	0.032258	3.000000	0.000000	4.335986	4.429768	4.843603	5.209218	0.000000	0.000000	1.000000	1.000000	0.000000	0.000000	0.198193	0.383897	0.000000	2.000000	38.000000	99.000000	215.000000	0.000000	0.000000	0.000000	0.142857	0.000000	0.000000	0.000000	0.015873	0.000000	0.000000	0.000000	0.000000	0.000000	0.000000	0.000000	0.000000	0.000000	0.000000	0.000000	12.249307	0.355562
	content_screencontent	wikimedia-webshapes/ScreenContent/8096abea329d9621264d50981b963a638163e343.jpg	illustration-screen/screencontent_194_190x256.png	small	256	190	256	3624.947998	0.218923	0.134625	0.018629	0.011844	0.251359	0.000000	46.135567	0.580692	0.995569	2237.000000	0.068268	0.047440	0.066270	10.000000	0.061430	0.069280	13.000000	0.288875	4.519505	24.774456	15.334239	0.000000	0.000000	0.000000	0.000000	0.000000	0.000000	0.032977	3.833285	0.840940	0.177888	0.060945	0.146739	0.388898	32.190269	0.000000	0.106927	0.025880	0.000000	48640.000000	10.792201	190.000000	256.000000	145920.000000	0.742188	0.298153	0.010526	0.010526	3.000000	3.546388	4.605141	4.997215	5.164771	5.313269	0.233583	0.408335	1.000000	1.000000	0.080668	0.125858	0.417032	0.663881	12.000000	27.000000	73.000000	224.000000	255.000000	0.015873	0.015873	0.063492	0.158730	0.000000	0.000000	0.015873	0.031746	0.000000	0.000000	2.000000	2.529880	2.788699	2.884229	0.114139	0.156355	0.177888	0.000000	0.000000	10.316256	0.744057
	content_illustration	wikimedia-webshapes/Illustration/6ec6400109ef30a291ba457a18acf4924331d701.png	illustration-screen/illustration_126_256x256.png	medium	256	256	256	1445.480591	0.032741	0.198656	0.004561	0.001775	0.875977	0.865234	73.635651	0.152670	1.426189	102.000000	0.003113	0.011890	0.018820	2.000000	0.011610	0.018310	2.000000	0.130209	1.283083	8.626953	8.235352	0.875000	0.000000	0.000000	0.000000	8.000000	1.000000	0.599609	0.637694	1.578273	0.000000	0.000000	0.078125	0.000000	47.737686	0.883789	0.023360	0.010618	0.000000	65536.000000	11.090355	256.000000	256.000000	196608.000000	1.000000	0.000000	0.000000	0.000000	3.000000	0.000000	0.000000	4.372820	4.588728	5.519224	0.000000	0.000000	0.000000	1.000000	0.000000	0.000000	0.000000	0.891511	0.000000	0.000000	0.000000	143.000000	255.000000	0.000000	0.000000	0.000000	0.000000	0.000000	0.000000	0.000000	0.000000	0.000000	0.000000	0.000000	0.000000	0.000000	0.000000	0.000000	0.000000	0.000000	0.000000	0.000000	51.770786	0.128016
	content_screencontent	wikimedia-webshapes/ScreenContent/f8379e5bdc2f44eb1be12594932efeecb28202a5.jpg	illustration-screen/screencontent_168_256x216.png	small	256	256	216	5287.012695	0.206530	0.000000	0.000000	0.000000	0.552083	0.427083	0.000000	2.222500	0.795565	32.000000	0.000977	0.000000	0.000000	0.000000	0.000000	0.000000	0.000000	0.209494	1.939139	65.467590	0.000000	0.356481	0.000000	0.000000	0.000000	8.000000	1.000000	1.000000	2.740925	2.429373	0.000000	0.000000	0.083333	0.000000	59.952343	0.412037	0.137897	0.000000	1.000000	55296.000000	10.920456	216.000000	256.000000	165888.000000	0.843750	0.169899	0.000000	0.037037	3.000000	2.412879	5.428945	5.588662	5.659046	5.758366	0.000000	0.096228	1.000000	1.000000	0.000000	0.000000	0.000000	0.000000	0.000000	31.000000	167.000000	255.000000	255.000000	0.000000	0.000000	0.000000	0.301587	0.000000	0.000000	0.000000	0.000000	0.000000	0.000000	0.000000	0.000000	0.000000	0.000000	0.000000	0.000000	0.000000	0.000000	0.000000	2.388108	0.470394
	wide_aspect_landscape_16x9	clic2025/final-test/02809272b4ca9b08af45771501b741296187c7e26907efb44abbbfcb6cd804f7.png	wide-aspect/wide_016_landscape_16x9_1280x720.png	medium	1280	1280	720	3385.610107	0.145270	0.095448	0.008446	0.005565	0.335556	0.096458	38.789776	0.710330	0.996414	4245.000000	0.129547	0.002940	0.002840	0.000000	0.008510	0.009200	6.000000	0.107209	4.201859	21.633625	8.353742	0.013605	0.000000	0.000000	0.000000	0.000000	0.000000	0.091312	3.457874	1.277949	0.028025	0.017364	0.481050	0.563024	22.773514	0.014577	0.088266	0.016660	0.000000	921600.000000	13.733867	720.000000	1280.000000	2764800.000000	0.562500	0.575364	0.000000	0.022222	3.000000	3.737847	4.516170	4.932488	5.055958	5.188927	0.142077	0.555817	1.000000	1.000000	0.039602	0.108477	0.274219	0.518353	3.000000	11.000000	34.000000	120.000000	255.000000	0.000000	0.000000	0.063492	0.142857	0.000000	0.000000	0.000000	0.031746	0.000000	0.000000	0.000000	0.000000	1.141743	1.380212	0.000000	0.019807	0.028025	0.000000	0.000000	20.193796	0.810965
	wide_aspect_portrait_9x16	clic2025/training/b51d5fb537246482ef7a7ab63f093cab.png	wide-aspect/wide_024_portrait_9x16_720x1280.png	medium	1280	720	1280	1704.410156	0.006276	0.151916	0.002760	0.003765	0.767569	0.025417	81.119423	0.026795	2.152822	2357.000000	0.071930	0.000250	0.000220	0.000000	0.001920	0.001760	0.000000	0.064119	4.036406	3.095238	3.486881	0.000000	0.000000	0.000000	0.000000	0.000000	0.000000	0.000016	2.588218	0.690915	0.048379	0.028946	0.405248	0.144153	12.946728	0.008746	0.017462	0.006386	0.000000	921600.000000	13.733867	720.000000	1280.000000	2764800.000000	0.562500	0.575364	0.000000	0.022222	3.000000	2.559608	3.030846	3.493560	3.782504	4.339778	0.076356	0.143262	0.250225	0.424982	0.043252	0.073337	0.122086	0.215576	2.000000	4.000000	7.000000	19.000000	199.000000	0.000000	0.000000	0.015873	0.031746	0.000000	0.000000	0.000000	0.015873	0.000000	0.000000	0.000000	1.263859	1.543293	1.718995	0.027403	0.038513	0.048379	0.000000	0.000000	87.438988	0.846602
	wide_aspect_landscape_16x9	clic2025/final-test/a2a946cc516f9eec0f141da3c31a96df94fe342c651af46f0d38f6c04400323a.png	wide-aspect/wide_015_landscape_16x9_1280x720.png	medium	1280	1280	720	1414.193481	0.117494	0.107519	0.008437	0.007193	0.417361	0.024931	47.786835	0.558226	1.363875	5333.000000	0.162750	0.003710	0.003240	1.000000	0.021880	0.017730	15.000000	0.094647	3.538414	14.571428	8.081633	0.001944	0.000000	0.000000	0.000000	0.000000	0.000000	0.011340	3.300077	1.032875	0.046048	0.019797	0.408163	0.004337	22.310318	0.000000	0.061348	0.015040	0.000000	921600.000000	13.733867	720.000000	1280.000000	2764800.000000	0.562500	0.575364	0.000000	0.022222	3.000000	3.356118	4.128697	4.673402	4.892929	5.201253	0.120315	0.359641	0.878147	1.000000	0.043389	0.106213	0.207024	0.418036	5.000000	12.000000	30.000000	104.000000	255.000000	0.000000	0.000000	0.031746	0.095238	0.000000	0.000000	0.015873	0.015873	0.000000	0.000000	0.000000	1.301031	1.626950	1.853927	0.020226	0.031504	0.046048	0.000000	0.000000	25.503635	0.791352
	content_illustration	wikimedia-webshapes/Illustration/b6af04e14daf981dfd051e54b6772855a4184fab.png	illustration-screen/illustration_127_256x256.png	medium	256	256	256	922.240417	0.072818	0.162240	0.010363	0.003755	0.825195	0.793945	77.317223	0.524528	1.089675	402.000000	0.012268	0.036770	0.037320	9.000000	0.032230	0.029590	12.000000	0.327549	0.890728	14.108398	15.170898	0.400391	0.000000	0.000000	0.000000	0.000000	0.000000	0.002869	1.354661	1.792973	0.000000	0.000000	0.042969	0.004898	47.007465	0.551758	0.048348	0.019190	0.000000	65536.000000	11.090355	256.000000	256.000000	196608.000000	1.000000	0.000000	0.000000	0.000000	3.000000	0.859402	1.224015	5.068003	5.327742	5.438047	0.000000	0.017860	0.029277	1.000000	0.008699	0.021264	0.027703	0.933235	0.000000	0.000000	16.000000	249.000000	255.000000	0.000000	0.000000	0.000000	0.000000	0.000000	0.000000	0.000000	0.000000	0.000000	0.000000	0.000000	0.000000	0.000000	0.000000	0.000000	0.000000	0.000000	0.000000	0.000000	17.850227	0.357835
	content_screencontent	wikimedia-webshapes/ScreenContent/eb4e891ed4c42647c3ff1dc4a23cb046261997f7.jpg	illustration-screen/screencontent_195_256x188.png	small	256	256	188	1711.927124	0.240899	0.000000	0.000000	0.000000	0.398098	0.000000	0.000000	0.784324	0.861515	30.000000	0.000916	0.000000	0.000000	0.000000	0.000000	0.000000	0.000000	0.386269	4.035425	26.384510	0.000000	0.002717	0.000000	0.000000	0.000000	8.000000	1.000000	1.000000	3.823886	0.994423	0.109114	0.000000	0.085598	0.000000	28.564737	0.000000	0.137638	0.000000	1.000000	48128.000000	10.781619	188.000000	256.000000	144384.000000	0.734375	0.308735	0.021277	0.021277	3.000000	4.255182	4.778538	4.917665	4.999770	5.235239	0.145735	0.873584	1.000000	1.000000	0.000000	0.000000	0.000000	0.000000	11.000000	32.000000	101.000000	236.000000	255.000000	0.000000	0.015873	0.142857	0.253968	0.000000	0.000000	0.000000	0.000000	0.000000	1.000000	2.000000	2.318976	2.494654	2.594876	0.071907	0.093061	0.109114	0.000000	0.000000	5.629659	0.648031
	content_screencontent	wikimedia-webshapes/ScreenContent/c3043a0cd134d31879ffb6aae076f6634d67099e.jpg	illustration-screen/screencontent_169_256x153.png	small	256	256	153	4696.916504	0.506837	0.142073	0.013671	0.025324	0.057566	0.000000	56.437950	1.288928	0.703601	881.000000	0.026886	0.022820	0.008530	1.000000	0.850640	0.160480	44.000000	0.186589	4.370365	66.743423	27.231909	0.000000	0.000000	0.000000	0.000000	0.000000	0.000000	0.230443	4.699049	0.707699	0.456616	0.030404	0.277961	0.132478	32.534962	0.003289	0.217836	0.028195	0.000000	39168.000000	10.575615	153.000000	256.000000	117504.000000	0.597656	0.514740	0.045752	0.045752	3.000000	4.809916	5.196088	5.340634	5.391021	5.538316	1.000000	1.000000	1.000000	1.000000	0.045663	0.084164	0.408819	1.000000	34.000000	87.000000	134.000000	241.000000	255.000000	0.063492	0.111111	0.222222	0.301587	0.000000	0.000000	0.000000	0.047619	0.000000	1.000000	2.000000	2.342422	2.893727	3.615422	0.109551	0.209371	0.456616	0.000000	0.015873	1.155274	0.789014
	content_illustration	wikimedia-webshapes/Illustration/c6eafb8dec0fc3202ed725fc36779f027a2f83a5.png	illustration-screen/illustration_128_256x50.png	small	256	256	50	479.641785	0.104330	0.168727	0.021747	0.012835	0.322917	0.218750	66.515800	0.028445	0.547529	25.000000	0.001953	0.057150	0.028290	1.000000	0.128280	0.064100	3.000000	0.072283	1.571873	12.854167	29.203125	0.401042	0.000000	0.000000	0.000000	8.000000	1.000000	0.540313	2.940742	1.693393	0.000000	0.000000	0.520833	0.000000	6.017216	0.442708	0.061177	0.041584	0.000000	12800.000000	9.457200	50.000000	256.000000	38400.000000	0.195312	1.633154	0.120000	0.280000	3.000000	3.878241	4.246696	4.332009	4.335739	4.344862	0.041555	0.680800	1.000000	1.000000	0.041555	0.662438	1.000000	1.000000	0.000000	5.000000	32.000000	55.000000	95.000000	0.000000	0.000000	0.063492	0.111111	0.000000	0.000000	0.047619	0.079365	0.000000	0.000000	0.000000	0.000000	0.000000	0.000000	0.000000	0.000000	0.000000	0.000000	0.000000	3.515481	0.697759
	wide_aspect_landscape_16x9	clic2025/final-test/eda6d42794b0d0140628fa90fc0c14a7ba88159b8474d0077027c32ee2ddf6f0.png	wide-aspect/wide_011_landscape_16x9_1280x720.png	medium	1280	1280	720	4152.020508	0.287643	0.117212	0.007740	0.006813	0.176736	0.000000	50.263313	2.802426	1.035084	6327.000000	0.193085	0.003020	0.002760	2.000000	0.019850	0.014070	8.000000	0.245016	4.528088	28.550049	6.929057	0.001944	0.000000	0.000000	0.000000	0.000000	0.000000	0.007684	4.007067	0.778483	0.134917	0.017114	0.137998	0.407131	29.442947	0.000000	0.122403	0.012233	0.000000	921600.000000	13.733867	720.000000	1280.000000	2764800.000000	0.562500	0.575364	0.000000	0.022222	3.000000	4.063112	4.671059	5.056022	5.194444	5.344010	0.228219	0.749327	1.000000	1.000000	0.039211	0.088761	0.175109	0.329123	19.000000	40.000000	86.000000	202.000000	255.000000	0.000000	0.015873	0.095238	0.190476	0.000000	0.000000	0.000000	0.015873	0.000000	1.000000	3.000000	2.774836	2.883937	2.954114	0.094681	0.115414	0.134917	0.000000	0.000000	6.920261	0.648423
	content_illustration	wikimedia-webshapes/Illustration/eabdbbf77faa2ba4db9930447413c5238eb2f489.png	illustration-screen/illustration_129_256x217.png	small	256	256	217	143.257156	0.071369	0.075786	0.011814	0.001669	0.575231	0.525463	34.706055	0.033179	0.657962	19.000000	0.000580	0.025360	0.018660	1.000000	0.003400	0.002520	0.000000	0.121419	1.000135	5.903935	12.473380	0.552083	0.000000	0.000000	0.000000	8.000000	1.000000	0.000000	1.797248	1.869278	0.000000	0.000000	0.210648	0.000000	3.743578	0.555556	0.034722	0.023975	0.000000	55552.000000	10.925075	217.000000	256.000000	166656.000000	0.847656	0.165280	0.032258	0.032258	3.000000	0.600360	3.877032	4.071514	4.092957	4.102331	0.000000	0.008000	0.654596	0.836661	0.000000	0.011258	0.600881	0.766316	0.000000	1.000000	21.000000	47.000000	90.000000	0.000000	0.000000	0.000000	0.079365	0.000000	0.000000	0.000000	0.047619	0.000000	0.000000	0.000000	0.000000	0.000000	0.000000	0.000000	0.000000	0.000000	0.000000	0.000000	8.558924	0.403646
	content_screencontent	wikimedia-webshapes/ScreenContent/35581c520fd6cf40d5dec50903fe9f68ddc3a81d.jpg	illustration-screen/screencontent_196_162x256.png	small	256	162	256	2941.932617	0.250664	0.074180	0.011413	0.006861	0.315625	0.004688	32.920620	0.544460	0.918875	897.000000	0.027374	0.012560	0.008840	2.000000	0.034170	0.022270	5.000000	0.209757	3.913673	31.753124	7.040625	0.000000	0.000000	0.000000	0.000000	0.000000	0.000000	0.058618	3.816304	1.114874	0.099701	0.019955	0.392188	0.482422	30.562826	0.000000	0.124777	0.015947	0.000000	41472.000000	10.632773	162.000000	256.000000	124416.000000	0.632812	0.457581	0.037037	0.185185	3.000000	4.173841	4.774752	5.080204	5.265928	5.429673	0.193061	0.800758	1.000000	1.000000	0.033567	0.108977	0.231517	0.405427	5.000000	34.000000	82.000000	199.000000	255.000000	0.000000	0.015873	0.095238	0.206349	0.000000	0.000000	0.000000	0.031746	0.000000	0.000000	0.000000	1.491144	1.880010	2.259437	0.035317	0.061127	0.099701	0.000000	0.000000	6.079426	0.817835
	content_screencontent	wikimedia-webshapes/ScreenContent/d558834af49c57da63a39f720fba75521f0d26db.png	illustration-screen/screencontent_170_176x256.png	small	256	176	256	9401.356445	0.386913	0.000000	0.000000	0.000000	0.268466	0.231534	0.000000	1.524550	0.598460	32.000000	0.000977	0.000000	0.000000	0.000000	0.000000	0.000000	0.000000	0.082336	2.904130	91.075287	0.000000	0.197443	0.000000	0.000000	0.000000	8.000000	1.000000	1.000000	4.030573	2.192048	0.000000	0.000000	0.443182	0.000000	45.520924	0.247159	0.172213	0.000000	1.000000	45056.000000	10.715661	176.000000	256.000000	135168.000000	0.687500	0.374693	0.000000	0.090909	3.000000	5.350181	5.572713	5.660830	5.698363	5.768941	0.103203	1.000000	1.000000	1.000000	0.000000	0.000000	0.000000	0.000000	9.000000	95.000000	156.000000	249.000000	255.000000	0.000000	0.000000	0.174603	0.269841	0.000000	0.000000	0.000000	0.000000	0.000000	0.000000	0.000000	0.000000	0.000000	0.000000	0.000000	0.000000	0.000000	0.000000	0.000000	0.391213	0.688390
	content_illustration	wikimedia-webshapes/Illustration/85cd580d3f7435612ccb220aa107e9b6fa873ab0.png	illustration-screen/illustration_011_256x81.png	small	256	256	81	12708.445312	0.120098	0.206244	0.003753	0.001725	0.434375	0.331250	74.275833	0.556676	0.728630	187.000000	0.009018	0.004140	0.042200	1.000000	0.004890	0.051240	2.000000	0.076620	2.450967	69.840622	17.356251	0.315625	0.000000	0.000000	0.000000	8.000000	1.000000	0.729601	3.182455	2.307207	0.000000	0.000000	0.387500	0.000000	65.392815	0.328125	0.133929	0.018353	0.000000	20736.000000	9.939627	81.000000	256.000000	62208.000000	0.316406	1.150728	0.086420	0.185185	3.000000	3.815983	5.512472	5.722529	5.783371	5.816352	0.005629	0.513533	1.000000	1.000000	0.000000	0.000000	0.328425	1.000000	0.000000	8.000000	90.000000	255.000000	255.000000	0.000000	0.000000	0.047619	0.269841	0.000000	0.000000	0.000000	0.031746	0.000000	0.000000	0.000000	0.000000	0.000000	0.000000	0.000000	0.000000	0.000000	0.000000	0.000000	7.215946	0.596850
	content_screencontent	wikimedia-webshapes/ScreenContent/4514baf512c809dfde1a4ddeb63b238551118b12.png	illustration-screen/screencontent_130_256x187.png	small	256	256	187	2214.963135	0.130072	0.185441	0.032068	0.004238	0.744565	0.705163	123.864685	1.047251	0.947832	63.000000	0.001923	0.222320	0.232360	23.000000	0.025930	0.026530	2.000000	0.252564	1.160872	38.369564	48.164402	0.692935	0.000000	0.000000	0.000000	8.000000	1.000000	0.023417	1.417787	2.292305	0.000000	0.000000	0.042120	0.011506	53.745327	0.697011	0.099681	0.051738	0.000000	47872.000000	10.776286	187.000000	256.000000	143616.000000	0.730469	0.314069	0.026738	0.026738	3.000000	0.000000	4.072571	5.489119	5.577945	5.658080	0.000000	0.000000	0.773438	1.000000	0.000000	0.000000	0.438102	1.000000	0.000000	0.000000	102.000000	255.000000	255.000000	0.000000	0.000000	0.000000	0.158730	0.000000	0.000000	0.000000	0.063492	0.000000	0.000000	0.000000	0.000000	0.000000	0.000000	0.000000	0.000000	0.000000	0.000000	0.000000	6.441177	0.204140
	content_illustration	wikimedia-webshapes/Illustration/c23c884926ceb8a0de2ed44a2acc13250114f194.png	illustration-screen/illustration_012_256x73.png	small	256	256	73	938.767883	0.133606	0.128270	0.007253	0.004660	0.541667	0.506944	45.708614	0.074207	1.090585	103.000000	0.005512	0.015410	0.014180	4.000000	0.055890	0.050030	19.000000	0.115777	1.455152	12.718750	8.961805	0.541667	0.000000	0.000000	0.000000	8.000000	1.000000	0.778093	2.065175	2.117859	0.000000	0.000000	0.194444	0.000000	20.097366	0.548611	0.065531	0.013338	0.000000	18688.000000	9.835637	73.000000	256.000000	56064.000000	0.285156	1.254718	0.095890	0.315068	3.000000	0.903094	4.314519	4.458930	4.864006	5.194808	0.000000	0.012512	1.000000	1.000000	0.000000	0.005629	0.185083	0.694072	0.000000	3.000000	35.000000	100.000000	255.000000	0.000000	0.000000	0.000000	0.126984	0.000000	0.000000	0.000000	0.015873	0.000000	0.000000	0.000000	0.000000	0.000000	0.000000	0.000000	0.000000	0.000000	0.000000	0.000000	12.308249	0.411809
	content_screencontent	wikimedia-webshapes/ScreenContent/5d9dae91fe3a65ab21df584eef388d9907150eb8.jpg	illustration-screen/screencontent_197_256x169.png	small	256	256	169	1445.869995	0.311951	0.067849	0.013141	0.006577	0.281250	0.050595	35.725277	0.989318	0.697669	715.000000	0.021820	0.011000	0.006760	0.000000	0.018540	0.014570	1.000000	0.358861	3.234969	33.703869	4.680059	0.044643	0.000000	0.000000	0.000000	0.000000	0.000000	0.032752	3.855096	1.296280	0.045366	0.026637	0.193452	0.846145	31.623121	0.004464	0.168296	0.010322	0.000000	43264.000000	10.675076	169.000000	256.000000	129792.000000	0.660156	0.415279	0.041420	0.136095	3.000000	4.487252	4.922679	5.060479	5.113378	5.198205	0.153456	1.000000	1.000000	1.000000	0.059020	0.157892	0.247334	0.302859	7.000000	54.000000	119.000000	255.000000	255.000000	0.000000	0.015873	0.142857	0.301587	0.000000	0.000000	0.000000	0.015873	0.000000	0.000000	0.000000	1.038916	1.393301	1.745149	0.021546	0.031954	0.045366	0.000000	0.000000	3.375957	0.708785
	wide_aspect_landscape_16x9	clic2025/training/a10ae819a2d24873079c93346200cab3.png	wide-aspect/wide_003_landscape_16x9_1280x720.png	medium	1280	1280	720	1960.340088	0.073866	0.264923	0.007212	0.007894	0.421319	0.002569	114.825439	0.185434	1.441840	10008.000000	0.305420	0.001160	0.001050	0.000000	0.008400	0.007740	1.000000	0.083709	4.167293	9.872692	10.564626	0.001944	0.000000	0.000000	0.000000	0.000000	0.000000	0.026404	3.266369	0.804994	0.089595	0.028523	0.481050	0.275375	11.941490	0.001944	0.053419	0.017817	0.000000	921600.000000	13.733867	720.000000	1280.000000	2764800.000000	0.562500	0.575364	0.000000	0.022222	3.000000	3.249061	3.902186	4.324526	4.549830	4.923969	0.154950	0.314169	0.671789	1.000000	0.050472	0.121005	0.289372	0.568233	3.000000	9.000000	21.000000	54.000000	185.000000	0.000000	0.015873	0.031746	0.079365	0.000000	0.000000	0.015873	0.031746	0.000000	0.000000	0.000000	1.544068	1.938816	2.199858	0.036437	0.059310	0.089595	0.000000	0.000000	11.824924	0.856451
	content_illustration	wikimedia-webshapes/Illustration/7f81cdf7eb4fa9a6b84f58bde1e514d7fa4b644c.png	illustration-screen/illustration_013_255x53.png	small	255	255	53	3767.981445	0.471457	0.062290	0.021009	0.014288	0.037634	0.005376	29.582138	1.059235	0.753501	402.000000	0.029745	0.023720	0.024440	0.000000	0.069040	0.069520	2.000000	0.368678	3.919934	68.967743	10.247312	0.032258	0.000000	0.000000	0.000000	0.000000	0.000000	0.059785	4.526241	0.816007	0.353354	0.066704	0.107527	0.000000	45.160782	0.000000	0.254395	0.022956	0.000000	13515.000000	9.511556	53.000000	255.000000	40545.000000	0.207843	1.570972	0.060747	0.212283	3.000000	4.527442	5.291527	5.403850	5.441624	5.558884	0.554171	1.000000	1.000000	1.000000	0.126436	0.225999	0.388135	0.565499	29.000000	78.000000	163.000000	255.000000	255.000000	0.047619	0.111111	0.238095	0.380952	0.000000	0.000000	0.015873	0.031746	0.000000	0.000000	1.000000	1.821085	3.242899	3.545352	0.040636	0.289584	0.353354	0.000000	0.031746	1.627734	0.674783
	content_screencontent	wikimedia-webshapes/ScreenContent/54fa63affc561c9f8089fb4adb1bd3126a11937d.jpg	illustration-screen/screencontent_131_165x255.png	small	255	165	255	5514.999023	0.329170	0.018889	0.003909	0.002096	0.327419	0.029032	8.907404	1.855267	0.642475	255.000000	0.007782	0.000900	0.000800	0.000000	0.001670	0.001760	0.000000	0.174422	3.079033	86.080643	0.554839	0.000000	0.000000	0.000000	0.000000	8.000000	1.000000	0.127225	4.145331	1.529554	0.044377	0.009762	0.175806	0.064956	54.193466	0.000000	0.216999	0.000794	0.000000	42075.000000	10.647209	165.000000	255.000000	126225.000000	0.647059	0.435318	0.022175	0.168200	3.000000	4.786455	5.553225	5.638608	5.659480	5.691972	0.087740	1.000000	1.000000	1.000000	0.031100	0.051040	0.072871	0.095929	9.000000	84.000000	168.000000	255.000000	255.000000	0.000000	0.000000	0.238095	0.380952	0.000000	0.000000	0.000000	0.000000	0.000000	0.000000	1.000000	1.605945	1.789646	1.880457	0.027755	0.036709	0.044377	0.000000	0.000000	0.989659	0.690967
	content_screencontent	wikimedia-webshapes/ScreenContent/61e296a647f905b3518608462707558f15f8b7db.jpg	illustration-screen/screencontent_198_123x256.png	small	256	123	256	4201.557129	0.483189	0.213261	0.045077	0.035356	0.075000	0.000000	74.668327	1.300210	0.615249	1841.000000	0.058467	0.141450	0.102520	8.000000	0.503510	0.399020	28.000000	0.216357	4.226636	68.783333	37.910416	0.004167	0.000000	0.000000	0.000000	0.000000	0.000000	0.043382	4.712756	0.743904	0.378547	0.121581	0.200000	0.237678	34.591618	0.000000	0.240146	0.058962	0.000000	31488.000000	10.357362	123.000000	256.000000	94464.000000	0.480469	0.732993	0.040650	0.040650	3.000000	4.959475	5.180736	5.359410	5.446279	5.501189	1.000000	1.000000	1.000000	1.000000	0.282530	0.522527	0.810251	1.000000	31.000000	91.000000	147.000000	255.000000	255.000000	0.063492	0.142857	0.269841	0.333333	0.000000	0.031746	0.047619	0.079365	0.000000	1.000000	2.000000	2.214679	2.912812	3.610924	0.067648	0.142125	0.378547	0.000000	0.000000	0.974192	0.723063
	content_illustration	wikimedia-webshapes/Illustration/e19432d651f426e116b1ce27917f51a9d02b921f.png	illustration-screen/illustration_014_256x48.png	small	256	256	48	5924.463867	0.232040	0.106106	0.015300	0.009308	0.348958	0.203125	37.477020	0.283517	1.056519	1079.000000	0.087809	0.028530	0.025060	2.000000	0.072360	0.077190	7.000000	0.211780	3.718009	25.401041	10.880208	0.135417	0.000000	0.000000	0.000000	0.000000	0.000000	0.402425	3.282695	1.713262	0.000000	0.000000	0.286458	0.056966	31.886896	0.140625	0.117560	0.022239	0.000000	12288.000000	9.416378	48.000000	256.000000	36864.000000	0.187500	1.673976	0.000000	0.333333	3.000000	4.004147	4.489507	5.002638	5.172731	5.496852	0.127457	0.705479	1.000000	1.000000	0.043162	0.243826	0.362389	0.460969	3.000000	26.000000	64.000000	234.000000	255.000000	0.000000	0.000000	0.111111	0.174603	0.000000	0.000000	0.015873	0.031746	0.000000	0.000000	0.000000	0.000000	0.000000	0.000000	0.000000	0.000000	0.000000	0.000000	0.000000	11.952904	0.662277
	content_screencontent	wikimedia-webshapes/ScreenContent/512969ae67b67d6aa6de3cb85458e9e16e1b5e7a.jpg	illustration-screen/screencontent_199_256x148.png	small	256	256	148	1843.323120	0.113807	0.035111	0.004682	0.000598	0.755208	0.595486	13.590754	1.090807	0.985143	402.000000	0.012268	0.009240	0.008090	5.000000	0.001330	0.001220	0.000000	0.315004	0.947411	35.586807	2.496528	0.586806	0.000000	0.000000	0.000000	0.000000	0.000000	0.258710	1.551538	2.196864	0.000000	0.000000	0.100694	0.003771	60.877689	0.621528	0.098986	0.005098	0.000000	37888.000000	10.542390	148.000000	256.000000	113664.000000	0.578125	0.547965	0.027027	0.081081	3.000000	0.000000	2.209348	5.465039	5.569643	5.678949	0.000000	0.000000	0.088799	1.000000	0.000000	0.000000	0.128411	0.159498	0.000000	0.000000	84.000000	255.000000	255.000000	0.000000	0.000000	0.000000	0.000000	0.000000	0.000000	0.000000	0.000000	0.000000	0.000000	0.000000	0.000000	0.000000	0.000000	0.000000	0.000000	0.000000	0.000000	0.000000	7.837748	0.295794
	wide_aspect_portrait_9x16	clic2025/final-test/c9510efb03d1852c29ecad84cc0558768728681a3b9b04eae0dbbd9be142dd95.png	wide-aspect/wide_027_portrait_9x16_720x1280.png	medium	1280	720	1280	5110.302246	0.067315	0.133145	0.005811	0.005667	0.439653	0.045556	50.827076	0.127546	1.474240	7958.000000	0.242859	0.001210	0.001280	0.000000	0.009460	0.009320	10.000000	0.023151	4.561939	15.620992	7.840622	0.028183	0.000000	0.000000	0.000000	0.000000	0.000000	0.089827	3.209227	1.140128	0.042436	0.019842	0.662779	0.283270	17.245665	0.035957	0.045722	0.012757	0.000000	921600.000000	13.733867	720.000000	1280.000000	2764800.000000	0.562500	0.575364	0.000000	0.022222	3.000000	3.283439	4.086306	4.668725	4.888122	5.321772	0.117598	0.346201	0.878282	1.000000	0.038643	0.089060	0.197890	0.383350	3.000000	6.000000	12.000000	49.000000	255.000000	0.000000	0.015873	0.031746	0.063492	0.000000	0.000000	0.000000	0.015873	0.000000	0.000000	0.000000	0.000000	1.515210	1.767040	0.000000	0.025062	0.042436	0.000000	0.000000	50.378281	0.850210
	wide_aspect_landscape_16x9	clic2025/training/7e499613c3e376ea93afb3649719abeb.png	wide-aspect/wide_012_landscape_16x9_1280x720.png	medium	1280	1280	720	3473.311523	0.161544	0.055782	0.003367	0.002525	0.448264	0.150208	34.362072	0.691685	1.160439	971.000000	0.029633	0.000500	0.000300	0.000000	0.002020	0.001290	1.000000	0.131909	4.397158	17.019436	2.289602	0.034014	0.000000	0.000000	0.000000	0.000000	0.000000	0.002462	3.180527	1.359919	0.028967	0.000000	0.348882	0.946532	19.989902	0.095238	0.074599	0.004551	0.000000	921600.000000	13.733867	720.000000	1280.000000	2764800.000000	0.562500	0.575364	0.000000	0.022222	3.000000	3.300945	4.363658	4.814823	5.024149	5.188522	0.089374	0.319035	1.000000	1.000000	0.023121	0.045028	0.091071	0.179393	4.000000	16.000000	37.000000	113.000000	255.000000	0.000000	0.000000	0.031746	0.126984	0.000000	0.000000	0.000000	0.000000	0.000000	0.000000	0.000000	0.000000	0.903091	1.210436	0.000000	0.020317	0.028967	0.000000	0.000000	18.972919	0.784194
	content_screencontent	wikimedia-webshapes/ScreenContent/c87f920c4dce3669771bbadeae4be93cdae98937.jpg	illustration-screen/screencontent_132_200x256.png	small	256	200	256	9765.784180	0.420298	0.116219	0.012728	0.010640	0.175000	0.057500	40.991184	2.563804	0.592756	3630.000000	0.110779	0.015100	0.023520	3.000000	0.096270	0.150250	33.000000	0.147379	3.596382	126.843750	14.155000	0.047500	0.000000	0.000000	0.000000	0.000000	0.000000	0.476289	4.638611	1.486434	0.063546	0.019787	0.303750	0.056562	54.964951	0.046250	0.279444	0.021071	0.000000	51200.000000	10.843494	200.000000	256.000000	153600.000000	0.781250	0.246860	0.000000	0.120000	3.000000	5.106898	5.626269	5.747181	5.777515	5.806738	1.000000	1.000000	1.000000	1.000000	0.034755	0.077828	0.191512	0.864040	23.000000	108.000000	189.000000	255.000000	255.000000	0.000000	0.158730	0.333333	0.412698	0.000000	0.000000	0.000000	0.015873	0.000000	0.000000	0.000000	0.000000	1.168787	2.038359	0.000000	0.027183	0.063546	0.000000	0.000000	0.098263	0.737922
	content_illustration	wikimedia-webshapes/Illustration/d1435ebe174c83a0d40daa39e3cbb3b119a24705.jpg	illustration-screen/illustration_015_256x192.png	small	256	256	192	1868.580688	0.170106	0.112958	0.013819	0.008991	0.346354	0.000000	41.548477	0.360322	0.944380	759.000000	0.023163	0.011630	0.019960	1.000000	0.034210	0.067670	8.000000	0.241694	3.078758	16.437500	6.281250	0.000000	0.000000	0.000000	0.000000	0.000000	0.000000	0.341248	3.538164	0.818709	0.111352	0.030985	0.072917	0.009521	23.609381	0.000000	0.073723	0.011553	0.000000	49152.000000	10.802672	192.000000	256.000000	147456.000000	0.750000	0.287682	0.000000	0.000000	3.000000	3.274847	4.205243	4.916665	5.060020	5.160192	0.157766	0.212904	0.762482	1.000000	0.038480	0.065622	0.201441	0.593911	13.000000	27.000000	60.000000	158.000000	255.000000	0.000000	0.000000	0.015873	0.158730	0.000000	0.000000	0.000000	0.015873	0.000000	1.000000	2.000000	2.216001	2.484456	2.746233	0.061660	0.089467	0.111352	0.000000	0.000000	9.857248	0.509029
	content_screencontent	wikimedia-webshapes/ScreenContent/414b7d25e4e5cd1bb13d2502dde71a1caf14729b.jpg	illustration-screen/screencontent_134_155x256.png	small	256	155	256	2122.249512	0.328750	0.042766	0.017215	0.006755	0.238487	0.000000	25.923248	1.023850	0.698892	204.000000	0.006226	0.024890	0.008340	0.000000	0.020860	0.008430	0.000000	0.220771	3.020704	44.310856	6.386513	0.003289	0.000000	0.000000	0.000000	8.000000	1.000000	0.028805	4.187920	1.169714	0.076874	0.025408	0.179276	0.955544	31.011250	0.000000	0.181704	0.010939	0.000000	39680.000000	10.588603	155.000000	256.000000	119040.000000	0.605469	0.501752	0.032258	0.032258	3.000000	4.720598	5.016931	5.191839	5.339218	5.419945	0.354412	1.000000	1.000000	1.000000	0.055324	0.177968	0.260618	0.418402	7.000000	69.000000	129.000000	236.000000	255.000000	0.000000	0.079365	0.206349	0.301587	0.000000	0.000000	0.000000	0.015873	0.000000	0.000000	0.000000	1.677694	1.911740	2.138105	0.036738	0.050389	0.076874	0.000000	0.000000	1.888610	0.728751
	content_screencontent	wikimedia-webshapes/ScreenContent/070c3c7d1f79a598decc1b471fb48ea916aaaa57.jpg	illustration-screen/screencontent_133_256x170.png	small	256	256	170	5691.587402	0.222292	0.205732	0.027713	0.011577	0.238095	0.116071	61.520863	0.615575	0.697063	1093.000000	0.033356	0.083020	0.059000	11.000000	0.085510	0.048410	8.000000	0.083702	3.639703	58.751488	32.691963	0.025298	0.000000	0.000000	0.000000	0.000000	0.000000	0.445404	4.099340	1.475455	0.030031	0.013627	0.529762	0.037830	37.349174	0.011905	0.153156	0.042942	0.000000	43520.000000	10.680976	170.000000	256.000000	130560.000000	0.664062	0.409379	0.035294	0.129412	3.000000	4.813957	5.286902	5.360713	5.381235	5.556261	0.270701	1.000000	1.000000	1.000000	0.031995	0.365414	1.000000	1.000000	5.000000	35.000000	106.000000	187.000000	255.000000	0.000000	0.015873	0.142857	0.253968	0.000000	0.000000	0.031746	0.079365	0.000000	0.000000	0.000000	0.748916	1.144183	1.342115	0.009187	0.020299	0.030031	0.000000	0.000000	3.150124	0.821262
	wide_aspect_landscape_16x9	clic2025/final-test/bb7344a2ba499b2d48b891abee1b903dc17d265437ac57028b5999b6cd5bcdc4.png	wide-aspect/wide_017_landscape_16x9_1280x720.png	medium	1280	1280	720	382.019196	0.055757	0.034459	0.003705	0.002398	0.684375	0.517431	13.850952	0.388317	1.751271	658.000000	0.020081	0.002170	0.001420	0.000000	0.005370	0.003700	1.000000	0.212179	2.031626	6.407191	1.765792	0.487852	0.000000	0.000000	0.000000	0.000000	0.000000	0.041714	1.622463	1.784227	0.000000	0.000000	0.178814	0.000713	25.387981	0.508260	0.037083	0.004088	0.000000	921600.000000	13.733867	720.000000	1280.000000	2764800.000000	0.562500	0.575364	0.000000	0.022222	3.000000	0.859403	3.417212	4.183351	4.586996	5.040788	0.000000	0.015091	0.388336	0.896047	0.000000	0.007846	0.080873	0.210680	0.000000	2.000000	13.000000	99.000000	255.000000	0.000000	0.000000	0.000000	0.047619	0.000000	0.000000	0.000000	0.000000	0.000000	0.000000	0.000000	0.000000	0.000000	0.000000	0.000000	0.000000	0.000000	0.000000	0.000000	54.969238	0.409223
	content_illustration	wikimedia-webshapes/Illustration/230ec6b76577443a1da14140f06d0a484f819d2e.png	illustration-screen/illustration_016_256x246.png	small	256	256	246	3713.454346	0.155425	0.443156	0.036873	0.017625	0.470833	0.423958	173.400986	0.524536	1.049210	321.000000	0.009796	0.188670	0.193280	15.000000	0.389320	0.423640	26.000000	0.145708	2.737770	28.345833	74.534378	0.441667	0.000000	0.000000	0.000000	0.000000	0.000000	0.297764	2.527871	2.258140	0.000000	0.000000	0.198958	0.016130	41.080833	0.490625	0.094097	0.062963	0.000000	62976.000000	11.050509	246.000000	256.000000	188928.000000	0.960938	0.039846	0.008130	0.040650	3.000000	3.848781	4.564476	4.900002	5.518995	5.593412	0.000000	0.536983	1.000000	1.000000	0.000000	0.327822	1.000000	1.000000	0.000000	11.000000	70.000000	198.000000	255.000000	0.000000	0.000000	0.063492	0.158730	0.000000	0.000000	0.031746	0.126984	0.000000	0.000000	0.000000	0.000000	0.000000	0.000000	0.000000	0.000000	0.000000	0.000000	0.000000	9.652113	0.447490
	content_illustration	wikimedia-webshapes/Illustration/b5c7d4097c8eacb8183de09696211c82fa7739ca.png	illustration-screen/illustration_004_256x256.png	medium	256	256	256	3807.587158	0.071173	0.308242	0.012378	0.013686	0.637695	0.605469	118.219849	0.207711	0.938259	66.000000	0.002014	0.044770	0.040050	4.000000	0.267020	0.223300	19.000000	0.078577	1.757633	20.419922	39.332031	0.632812	0.000000	0.000000	0.000000	8.000000	1.000000	0.671585	1.742331	2.200826	0.000000	0.000000	0.247070	0.000000	36.976128	0.619141	0.056656	0.037481	0.000000	65536.000000	11.090355	256.000000	256.000000	196608.000000	1.000000	0.000000	0.000000	0.000000	3.000000	0.000000	4.284068	5.225818	5.328430	5.365067	0.000000	0.000000	1.000000	1.000000	0.000000	0.000000	1.000000	1.000000	0.000000	1.000000	22.000000	150.000000	255.000000	0.000000	0.000000	0.000000	0.095238	0.000000	0.000000	0.000000	0.079365	0.000000	0.000000	0.000000	0.000000	0.000000	0.000000	0.000000	0.000000	0.000000	0.000000	0.000000	19.889515	0.351577
	content_screencontent	wikimedia-webshapes/ScreenContent/9a56dff1c1cdafad59951f9533d91de1e0ca5300.png	illustration-screen/screencontent_135_178x256.png	small	256	178	256	4237.026855	0.379063	0.137044	0.017568	0.017297	0.093750	0.000000	53.200520	1.056751	0.915577	3587.000000	0.109467	0.033420	0.037490	4.000000	0.299180	0.254290	52.000000	0.276349	4.187212	44.393467	20.491478	0.002841	0.000000	0.000000	0.000000	0.000000	0.000000	0.145497	4.323805	0.812758	0.252848	0.042460	0.200284	0.254609	34.768978	0.000000	0.189507	0.034136	0.000000	45568.000000	10.726961	178.000000	256.000000	136704.000000	0.695312	0.363394	0.033708	0.078652	3.000000	4.452197	4.867967	5.256049	5.331503	5.562769	0.642525	1.000000	1.000000	1.000000	0.062077	0.134219	0.466178	0.908918	16.000000	57.000000	114.000000	255.000000	255.000000	0.031746	0.095238	0.174603	0.285714	0.000000	0.000000	0.015873	0.047619	0.000000	0.000000	1.000000	1.751930	2.730782	3.145696	0.051470	0.167068	0.252848	0.000000	0.000000	3.743617	0.734605
	wide_aspect_landscape_16x9	clic2025/training/14ab4af28901fbeb1356b06d2d08ae06.png	wide-aspect/wide_010_landscape_16x9_1280x720.png	medium	1280	1280	720	2319.604248	0.111291	0.120238	0.003229	0.003991	0.367500	0.000208	48.840752	0.607348	1.312463	3189.000000	0.097321	0.000690	0.000510	0.000000	0.007280	0.004610	8.000000	0.174345	3.877940	12.543246	2.544218	0.000000	0.000000	0.000000	0.000000	0.000000	0.000000	0.038138	3.411869	0.820722	0.098174	0.015441	0.283771	0.338077	20.973209	0.000000	0.070341	0.005306	0.000000	921600.000000	13.733867	720.000000	1280.000000	2764800.000000	0.562500	0.575364	0.000000	0.022222	3.000000	3.352170	4.072773	4.564636	4.801955	5.076005	0.161294	0.346542	0.838166	1.000000	0.026822	0.045785	0.095303	0.219135	5.000000	13.000000	28.000000	112.000000	255.000000	0.000000	0.015873	0.047619	0.111111	0.000000	0.000000	0.000000	0.000000	0.000000	0.000000	1.000000	2.014874	2.183981	2.334328	0.064194	0.081130	0.098174	0.000000	0.000000	32.600365	0.806682
	content_illustration	wikimedia-webshapes/Illustration/b07ea5b075e95d1b9a4503cea793e3ef2a107605.png	illustration-screen/illustration_005_256x238.png	small	256	256	238	10324.711914	0.022887	0.326197	0.009700	0.001475	0.837285	0.712285	110.112030	0.186445	1.375186	291.000000	0.008881	0.014060	0.028310	4.000000	0.003970	0.010050	1.000000	0.085008	1.895366	14.162716	15.400862	0.843750	0.000000	0.000000	0.000000	0.000000	0.000000	0.679671	1.108140	1.857100	0.000000	0.000000	0.228448	0.010658	61.952347	0.867457	0.031951	0.017224	0.000000	60928.000000	11.017448	238.000000	256.000000	182784.000000	0.929688	0.072907	0.008403	0.075630	3.000000	0.000000	2.293915	4.638898	5.402194	5.749135	0.000000	0.000000	0.111570	1.000000	0.000000	0.000000	0.285927	0.941831	0.000000	0.000000	0.000000	176.000000	255.000000	0.000000	0.000000	0.000000	0.000000	0.000000	0.000000	0.000000	0.031746	0.000000	0.000000	0.000000	0.000000	0.000000	0.000000	0.000000	0.000000	0.000000	0.000000	0.000000	54.665131	0.273213
	content_illustration	wikimedia-webshapes/Illustration/0dcca634cc1d91ea34f55dac8d68d53e3e48d1e5.png	illustration-screen/illustration_006_256x89.png	small	256	256	89	243.076752	0.095053	0.141240	0.020169	0.009593	0.579545	0.519886	49.148930	0.035472	0.700685	75.000000	0.003292	0.063060	0.061340	3.000000	0.092010	0.089060	5.000000	0.121774	1.175545	6.940341	23.065340	0.511364	0.000000	0.000000	0.000000	8.000000	1.000000	0.758383	1.791834	1.950297	0.000000	0.000000	0.207386	0.000000	6.617475	0.502841	0.046266	0.035218	0.000000	22784.000000	10.033813	89.000000	256.000000	68352.000000	0.347656	1.056541	0.078652	0.078652	3.000000	0.297626	4.142358	4.230602	4.260101	4.300750	0.000000	0.005629	0.884992	0.991448	0.000000	0.000000	1.000000	1.000000	0.000000	5.000000	27.000000	61.000000	104.000000	0.000000	0.000000	0.000000	0.111111	0.000000	0.000000	0.000000	0.079365	0.000000	0.000000	0.000000	0.000000	0.000000	0.000000	0.000000	0.000000	0.000000	0.000000	0.000000	6.826573	0.399320
	content_screencontent	wikimedia-webshapes/ScreenContent/53f8b1bd34fee6388d9a2fb825150faf837f5c2f.jpg	illustration-screen/screencontent_136_192x256.png	small	256	192	256	3591.805664	0.437491	0.000000	0.000000	0.000000	0.104167	0.000000	0.000000	1.043747	0.739387	30.000000	0.000916	0.000000	0.000000	0.000000	0.000000	0.000000	0.000000	0.277452	4.286944	43.781250	0.000000	0.000000	0.000000	0.000000	0.000000	8.000000	1.000000	1.000000	4.409874	0.748786	0.216809	0.000000	0.186198	0.000000	27.124485	0.000000	0.200893	0.000000	1.000000	49152.000000	10.802672	192.000000	256.000000	147456.000000	0.750000	0.287682	0.000000	0.000000	3.000000	4.678895	4.898982	5.047176	5.115701	5.275178	0.848757	1.000000	1.000000	1.000000	0.000000	0.000000	0.000000	0.000000	26.000000	65.000000	114.000000	229.000000	255.000000	0.015873	0.111111	0.206349	0.285714	0.000000	0.000000	0.000000	0.000000	0.000000	1.000000	3.000000	2.222554	2.587079	3.012725	0.070713	0.118156	0.216809	0.000000	0.000000	3.035682	0.726231
	content_illustration	wikimedia-webshapes/Illustration/a2171ddc17146c516ad026ac7249b4dd79c7a2c1.PNG	illustration-screen/illustration_017_256x131.png	small	256	256	131	4806.773926	0.589614	0.169582	0.038816	0.030108	0.019531	0.000000	71.221703	3.228772	0.575288	3559.000000	0.108612	0.090370	0.093360	6.000000	0.485830	0.392760	32.000000	0.665734	4.699833	83.132812	43.064453	0.000000	0.000000	0.000000	0.000000	0.000000	0.000000	0.038585	4.824968	0.625138	0.609842	0.148353	0.173828	0.229675	48.843880	0.000000	0.294395	0.056765	0.000000	33536.000000	10.420375	131.000000	256.000000	100608.000000	0.511719	0.669980	0.038168	0.221374	3.000000	5.065154	5.282917	5.392967	5.435678	5.508397	1.000000	1.000000	1.000000	1.000000	0.202656	0.310294	1.000000	1.000000	45.000000	131.000000	235.000000	255.000000	255.000000	0.079365	0.158730	0.285714	0.428571	0.000000	0.015873	0.031746	0.095238	0.000000	1.000000	3.000000	2.841946	3.460238	3.879826	0.178171	0.409309	0.609842	0.015873	0.031746	-0.402197	0.673657
	content_screencontent	wikimedia-webshapes/ScreenContent/0ecc691cf09539cad7a6a5d10bc6f4ecdafa0bc3.jpg	illustration-screen/screencontent_138_192x256.png	small	256	192	256	3142.218994	0.357520	0.152055	0.017615	0.019601	0.115885	0.000000	56.927509	0.684721	0.894294	3063.000000	0.093475	0.018720	0.031080	2.000000	0.163800	0.167580	13.000000	0.228937	4.475950	35.697918	25.447916	0.000000	0.000000	0.000000	0.000000	0.000000	0.000000	0.030802	4.233644	0.786478	0.196557	0.067250	0.269531	0.153442	28.023659	0.000000	0.165964	0.038029	0.000000	49152.000000	10.802672	192.000000	256.000000	147456.000000	0.750000	0.287682	0.000000	0.000000	3.000000	4.452963	4.755011	5.070459	5.199829	5.420953	0.613821	1.000000	1.000000	1.000000	0.146157	0.338235	0.741126	1.000000	18.000000	47.000000	87.000000	198.000000	255.000000	0.015873	0.079365	0.158730	0.238095	0.000000	0.015873	0.031746	0.063492	0.000000	0.000000	1.000000	2.042318	2.555094	2.948833	0.073342	0.121401	0.196557	0.000000	0.000000	6.310259	0.775880
	content_illustration	wikimedia-webshapes/Illustration/df8d4c40ecc835c61fbefd2eb8575fdc4e368ffc.png	illustration-screen/illustration_007_256x256.png	medium	256	256	256	573.031494	0.039477	0.326980	0.010386	0.003295	0.745117	0.702148	150.653183	0.030682	0.902881	84.000000	0.002563	0.063930	0.096610	4.000000	0.040310	0.064890	3.000000	0.062170	1.029125	6.507812	31.545898	0.891602	0.000000	0.000000	0.000000	8.000000	1.000000	0.201538	1.182965	1.811814	0.000000	0.000000	0.166016	0.013733	10.088182	0.880859	0.022306	0.026832	0.000000	65536.000000	11.090355	256.000000	256.000000	196608.000000	1.000000	0.000000	0.000000	0.000000	3.000000	0.000000	3.243902	4.452829	4.552911	4.573707	0.000000	0.000000	0.263919	1.000000	0.000000	0.000000	0.583824	1.000000	0.000000	0.000000	4.000000	49.000000	111.000000	0.000000	0.000000	0.000000	0.015873	0.000000	0.000000	0.000000	0.063492	0.000000	0.000000	0.000000	0.000000	0.000000	0.000000	0.000000	0.000000	0.000000	0.000000	0.000000	15.527507	0.263778
	content_illustration	wikimedia-webshapes/Illustration/1cf6bbe366b6baf70a815440e315691ad541a519.png	illustration-screen/illustration_018_256x256.png	medium	256	256	256	5287.740234	0.022653	0.225666	0.003298	0.001459	0.892578	0.877930	77.731758	0.116683	1.371362	140.000000	0.004272	0.010910	0.020370	3.000000	0.013110	0.024850	4.000000	0.071064	0.945026	9.411133	8.526367	0.877930	0.000000	0.000000	0.000000	8.000000	1.000000	0.818436	0.570419	1.545464	0.000000	0.000000	0.066406	0.004166	50.948856	0.875977	0.020120	0.009580	0.000000	65536.000000	11.090355	256.000000	256.000000	196608.000000	1.000000	0.000000	0.000000	0.000000	3.000000	0.000000	0.000000	3.608217	5.252215	5.592850	0.000000	0.000000	0.000000	0.484016	0.000000	0.000000	0.000000	0.318334	0.000000	0.000000	0.000000	132.000000	255.000000	0.000000	0.000000	0.000000	0.000000	0.000000	0.000000	0.000000	0.000000	0.000000	0.000000	0.000000	0.000000	0.000000	0.000000	0.000000	0.000000	0.000000	0.000000	0.000000	66.792816	0.106010
	content_screencontent	wikimedia-webshapes/ScreenContent/4ab1bf6422eea2b5ffa04d9ade047e8795c262dd.png	illustration-screen/screencontent_137_199x256.png	small	256	199	256	3879.973877	0.330877	0.172152	0.019654	0.014012	0.197917	0.136719	67.865997	1.316460	0.855871	2437.000000	0.074371	0.052480	0.030200	12.000000	0.171470	0.094880	20.000000	0.282158	3.521096	51.481770	19.463541	0.136719	0.000000	0.000000	0.000000	0.000000	0.000000	0.487516	3.888217	1.678282	0.000000	0.000000	0.182292	0.341591	39.924522	0.144531	0.183242	0.031581	0.000000	50944.000000	10.838482	199.000000	256.000000	152832.000000	0.777344	0.251873	0.005025	0.125628	3.000000	4.541741	4.986668	5.281091	5.350558	5.499561	0.401842	1.000000	1.000000	1.000000	0.010484	0.114219	0.488866	0.896630	12.000000	55.000000	119.000000	255.000000	255.000000	0.000000	0.063492	0.158730	0.301587	0.000000	0.000000	0.000000	0.063492	0.000000	0.000000	0.000000	0.000000	0.000000	0.000000	0.000000	0.000000	0.000000	0.000000	0.000000	3.607437	0.663135
	content_screencontent	wikimedia-webshapes/ScreenContent/98e16a27560f909733973c9a4f797f8db6f31932.jpg	illustration-screen/screencontent_139_256x170.png	small	256	256	170	6305.551758	0.189916	0.041136	0.008645	0.006736	0.406250	0.005952	15.459991	0.378178	1.143598	866.000000	0.026428	0.007800	0.006260	1.000000	0.043760	0.021500	9.000000	0.214555	4.181123	21.220238	2.267857	0.000000	0.000000	0.000000	0.000000	0.000000	0.000000	0.085960	3.519506	1.013854	0.099965	0.010525	0.446429	0.005743	26.549234	0.007440	0.092734	0.003519	0.000000	43520.000000	10.680976	170.000000	256.000000	130560.000000	0.664062	0.409379	0.035294	0.129412	3.000000	3.417793	4.435762	4.959830	5.116621	5.329505	0.166448	0.350124	1.000000	1.000000	0.017779	0.044687	0.113190	0.181056	4.000000	22.000000	62.000000	181.000000	255.000000	0.000000	0.015873	0.031746	0.142857	0.000000	0.000000	0.000000	0.000000	0.000000	0.000000	0.000000	1.646985	1.997208	2.218101	0.048711	0.076598	0.099965	0.000000	0.000000	11.131858	0.820749
	content_illustration	wikimedia-webshapes/Illustration/2ccfe061dcb7d1b9ee9eb98307f8671bc8e15be6.png	illustration-screen/illustration_008_233x256.png	small	256	233	256	2019.988037	0.230325	0.276115	0.041643	0.014268	0.336207	0.264009	100.852119	0.714239	0.874081	661.000000	0.020172	0.169100	0.141610	7.000000	0.114250	0.077240	10.000000	0.323605	3.109679	22.508621	68.245689	0.310345	0.000000	0.000000	0.000000	0.000000	0.000000	0.546607	3.136523	1.955364	0.000000	0.000000	0.101293	0.082534	29.885319	0.336207	0.114618	0.063697	0.000000	59648.000000	10.996216	233.000000	256.000000	178944.000000	0.910156	0.094139	0.030043	0.098712	3.000000	4.155215	4.568860	4.940882	5.159888	5.226704	0.010456	0.753417	1.000000	1.000000	0.000000	1.000000	1.000000	1.000000	1.000000	35.000000	92.000000	204.000000	255.000000	0.000000	0.000000	0.111111	0.190476	0.000000	0.000000	0.063492	0.111111	0.000000	0.000000	0.000000	0.000000	0.000000	0.000000	0.000000	0.000000	0.000000	0.000000	0.000000	5.279228	0.507867
	content_illustration	wikimedia-webshapes/Illustration/97127930e6b681f330d60a935c95ca08d15bec18.png	illustration-screen/illustration_019_256x192.png	small	256	256	192	2359.554443	0.382569	0.068527	0.008507	0.004419	0.204427	0.170573	23.172100	0.608508	1.026657	1283.000000	0.039154	0.035900	0.039980	12.000000	0.076990	0.107860	61.000000	0.275752	3.637126	25.356771	8.459636	0.286458	0.000000	0.000000	0.000000	0.000000	0.000000	0.811035	3.594683	1.674280	0.000000	0.000000	0.144531	0.008423	23.517057	0.309896	0.123347	0.013744	0.000000	49152.000000	10.802672	192.000000	256.000000	147456.000000	0.750000	0.287682	0.000000	0.000000	3.000000	4.271685	4.666413	4.934502	5.020900	5.286858	0.459368	0.865107	1.000000	1.000000	0.000000	0.000000	0.151911	0.479184	18.000000	49.000000	87.000000	176.000000	255.000000	0.000000	0.063492	0.111111	0.190476	0.000000	0.000000	0.000000	0.015873	0.000000	0.000000	0.000000	0.000000	0.000000	0.000000	0.000000	0.000000	0.000000	0.000000	0.000000	3.582533	0.608855
	content_illustration	wikimedia-webshapes/Illustration/a772c3ed58caaf44b77d6c6b310f69c18d26e21c.png	illustration-screen/illustration_009_256x40.png	small	256	256	40	671.219299	0.095425	0.027119	0.003126	0.001717	0.643750	0.568750	32.856167	0.046553	0.801535	32.000000	0.003125	0.002330	0.001030	0.000000	0.004220	0.002040	0.000000	0.197659	1.458050	7.643750	1.250000	0.525000	0.000000	0.000000	0.000000	8.000000	1.000000	0.000000	1.701226	1.973791	0.000000	0.000000	0.081250	0.000000	12.283250	0.512500	0.054067	0.002579	0.000000	10240.000000	9.234056	40.000000	256.000000	30720.000000	0.156250	1.856298	0.000000	0.600000	3.000000	0.000000	4.049503	4.493210	4.542310	4.578787	0.000000	0.000000	0.774512	1.000000	0.000000	0.000000	0.109070	0.175964	0.000000	1.000000	31.000000	96.000000	160.000000	0.000000	0.000000	0.000000	0.142857	0.000000	0.000000	0.000000	0.000000	0.000000	0.000000	0.000000	0.000000	0.000000	0.000000	0.000000	0.000000	0.000000	0.000000	0.000000	11.396710	0.327816
	content_illustration	wikimedia-webshapes/Illustration/7a36e583641d62895bfbac312b468c71a738c6ee.png	illustration-screen/illustration_000_204x204.png	small	204	204	204	144.544479	0.082906	0.028464	0.002330	0.004324	0.412800	0.000000	30.562021	0.055107	0.673877	183.000000	0.005585	0.000440	0.000400	0.000000	0.005230	0.004850	0.000000	0.259470	2.242392	6.105600	3.585600	0.000000	0.000000	0.000000	0.000000	8.000000	1.000000	0.000000	3.367540	0.526260	0.134001	0.018477	0.129600	1.000000	3.718598	0.000000	0.055924	0.008025	0.000000	41616.000000	10.636240	204.000000	204.000000	124848.000000	1.000000	0.000000	0.039600	0.205690	3.000000	3.555389	3.864725	3.976370	4.025935	4.118014	0.170186	0.399040	0.603844	0.720540	0.040160	0.105254	0.176382	0.241705	8.000000	16.000000	27.000000	50.000000	95.000000	0.000000	0.015873	0.047619	0.095238	0.000000	0.000000	0.000000	0.015873	0.000000	0.000000	1.000000	2.484456	2.620071	2.680095	0.093262	0.115799	0.134001	0.000000	0.000000	3.106644	0.721314
	content_screencontent	wikimedia-webshapes/ScreenContent/6f3e1e7933fa01e51f93612ee0c497068ba138d7.jpeg	illustration-screen/screencontent_140_194x255.png	small	255	194	255	1005.052917	0.421883	0.017599	0.005458	0.006098	0.001344	0.000000	8.625405	0.739628	0.953500	286.000000	0.008728	0.002710	0.001690	0.000000	0.018220	0.013660	1.000000	0.456220	3.520233	21.708334	1.256720	0.000000	0.000000	0.000000	0.000000	0.000000	0.000000	0.100708	4.153761	0.512358	0.242007	0.020401	0.045699	0.173512	17.310081	0.000000	0.155445	0.001451	0.000000	49470.000000	10.809122	194.000000	255.000000	148410.000000	0.760784	0.273405	0.034971	0.159167	3.000000	4.335362	4.488804	4.612873	4.689102	5.189890	0.412902	0.863839	1.000000	1.000000	0.034258	0.061954	0.102836	0.137079	29.000000	58.000000	96.000000	178.000000	255.000000	0.015873	0.079365	0.174603	0.222222	0.000000	0.000000	0.000000	0.000000	0.000000	2.000000	5.000000	3.172895	3.249550	3.327483	0.177079	0.212424	0.242007	0.000000	0.000000	3.289231	0.586536
	content_illustration	wikimedia-webshapes/Illustration/f465c008a0a5e7d619901bb2bbfed65cce74c5e2.jpg	illustration-screen/illustration_020_256x184.png	small	256	256	184	3741.491699	0.195157	0.176521	0.015886	0.012405	0.544837	0.519022	63.818577	0.670223	0.899493	1274.000000	0.038879	0.049650	0.039620	12.000000	0.191780	0.125970	31.000000	0.235270	2.487741	31.716032	19.641304	0.486413	0.000000	0.000000	0.000000	0.000000	0.000000	0.669646	2.306508	2.370771	0.000000	0.000000	0.141304	0.177649	40.006874	0.500000	0.109796	0.026548	0.000000	47104.000000	10.760113	184.000000	256.000000	141312.000000	0.718750	0.330242	0.000000	0.043478	3.000000	0.942006	4.863232	5.198637	5.319968	5.461778	0.000000	0.016694	1.000000	1.000000	0.000000	0.000000	0.338628	1.000000	0.000000	17.000000	80.000000	240.000000	255.000000	0.000000	0.000000	0.000000	0.222222	0.000000	0.000000	0.000000	0.031746	0.000000	0.000000	0.000000	0.000000	0.000000	0.000000	0.000000	0.000000	0.000000	0.000000	0.000000	7.996089	0.406008
	wide_aspect_portrait_9x16	clic2025/final-test/4ebc0e6c463bcf8ada38673c268aae56d44864347fd74b81a9fb5659bf96a010.png	wide-aspect/wide_035_portrait_9x16_720x1280.png	medium	1280	720	1280	4247.012695	0.100084	0.110015	0.003591	0.003705	0.286667	0.021875	41.697220	0.603191	1.854030	3261.000000	0.099518	0.000620	0.000770	0.000000	0.004080	0.004120	1.000000	0.208909	4.593665	8.859086	2.067055	0.007775	0.000000	0.000000	0.000000	0.000000	0.000000	0.066337	3.350302	0.756405	0.092509	0.018331	0.096210	0.500483	12.154881	0.007775	0.044179	0.003764	0.000000	921600.000000	13.733867	720.000000	1280.000000	2764800.000000	0.562500	0.575364	0.000000	0.022222	3.000000	3.320302	3.754807	4.240872	4.533900	4.905779	0.169420	0.279220	0.529374	0.995724	0.032811	0.055204	0.097190	0.162957	12.000000	24.000000	39.000000	81.000000	255.000000	0.000000	0.000000	0.031746	0.063492	0.000000	0.000000	0.000000	0.000000	0.000000	0.000000	1.000000	0.586512	2.082560	2.741102	0.008874	0.055296	0.092509	0.000000	0.000000	9.109548	0.595804
	content_illustration	wikimedia-webshapes/Illustration/582bb7376d75545290d89f8bd9df4aa866a43799.jpg	illustration-screen/illustration_001_256x149.png	small	256	256	149	3589.036621	0.255283	0.143458	0.014922	0.017499	0.319444	0.260417	54.596050	1.711062	0.755132	993.000000	0.030304	0.031410	0.030780	2.000000	0.371330	0.457020	48.000000	0.315502	2.563792	65.760414	31.921875	0.210069	0.000000	0.000000	0.000000	0.000000	0.000000	0.658714	3.555665	2.057276	0.000000	0.000000	0.203125	0.090142	55.198097	0.232639	0.193287	0.044533	0.000000	38144.000000	10.549124	149.000000	256.000000	114432.000000	0.582031	0.541231	0.020134	0.073826	3.000000	4.442354	5.303233	5.444698	5.508906	5.608151	0.038004	1.000000	1.000000	1.000000	0.000000	0.187800	0.584724	1.000000	2.000000	43.000000	159.000000	255.000000	255.000000	0.000000	0.000000	0.142857	0.365079	0.000000	0.000000	0.015873	0.079365	0.000000	0.000000	0.000000	0.000000	0.000000	0.000000	0.000000	0.000000	0.000000	0.000000	0.000000	2.376214	0.613267
	wide_aspect_ultrawide_21x9	clic2025/training/2a2420f929cd47122eae364a2bc27710.png	wide-aspect/wide_057_ultrawide_21x9_1920x810.png	large	1920	1920	810	2208.741943	0.048123	0.079229	0.004079	0.004217	0.601515	0.019066	32.578732	0.453056	1.711094	1867.000000	0.056976	0.000810	0.001070	0.000000	0.006780	0.009310	3.000000	0.351009	4.017517	5.398482	1.828273	0.003795	0.000000	0.000000	0.000000	0.000000	0.000000	0.165984	2.869608	0.802409	0.056946	0.021402	0.449715	0.524787	20.795301	0.004744	0.036701	0.004202	0.000000	1555200.000000	14.257114	810.000000	1920.000000	4665600.000000	0.421875	0.863046	0.007407	0.027160	3.000000	2.810138	3.438896	3.959982	4.231858	4.740111	0.099147	0.191702	0.392724	0.671016	0.032395	0.055379	0.099963	0.186640	3.000000	6.000000	14.000000	91.000000	255.000000	0.000000	0.000000	0.015873	0.047619	0.000000	0.000000	0.000000	0.000000	0.000000	0.000000	0.000000	1.334644	1.651851	1.898915	0.025764	0.042039	0.056946	0.000000	0.000000	57.907291	0.827308
	content_screencontent	wikimedia-webshapes/ScreenContent/0606d12ce1fc45fd722e4ab031c0b0aef6d1f851.JPG	illustration-screen/screencontent_141_256x147.png	small	256	256	147	4685.861328	0.320507	0.071653	0.011562	0.008982	0.250000	0.000000	24.233271	0.778476	0.879992	1714.000000	0.052307	0.009690	0.011400	1.000000	0.064900	0.042890	18.000000	0.188760	4.249338	48.279514	7.840278	0.000000	0.000000	0.000000	0.000000	0.000000	0.000000	0.117108	4.021851	1.191187	0.065360	0.021401	0.222222	0.028971	34.246490	0.000000	0.170166	0.015405	0.000000	37632.000000	10.535610	147.000000	256.000000	112896.000000	0.574219	0.554745	0.034014	0.088435	3.000000	4.458267	5.049282	5.281504	5.376089	5.521309	0.238560	1.000000	1.000000	1.000000	0.053364	0.117194	0.247033	0.424570	11.000000	46.000000	106.000000	236.000000	255.000000	0.000000	0.015873	0.174603	0.285714	0.000000	0.000000	0.000000	0.015873	0.000000	0.000000	1.000000	1.671520	1.896853	2.089684	0.038806	0.052521	0.065360	0.000000	0.000000	4.450577	0.741921
	content_illustration	wikimedia-webshapes/Illustration/b0ee17581c942d76fa85ab9723a05efebd437b18.png	illustration-screen/illustration_021_256x85.png	small	256	256	85	2750.327881	0.182647	0.311705	0.022810	0.052315	0.250000	0.171875	144.227234	0.192181	0.807909	79.000000	0.003631	0.047910	0.032080	2.000000	1.441500	0.710900	35.000000	0.065882	2.038637	39.437500	102.893753	0.268750	0.000000	0.000000	0.000000	8.000000	1.000000	0.485524	3.721421	1.735348	0.005629	0.009255	0.543750	0.000049	20.148956	0.315625	0.110714	0.089831	0.000000	21760.000000	9.987828	85.000000	256.000000	65280.000000	0.332031	1.102526	0.035294	0.129412	3.000000	4.635688	4.914768	4.946446	5.238968	5.417039	0.242167	1.000000	1.000000	1.000000	0.278974	1.000000	1.000000	1.000000	1.000000	21.000000	72.000000	120.000000	184.000000	0.000000	0.031746	0.111111	0.174603	0.000000	0.015873	0.095238	0.142857	0.000000	0.000000	0.000000	0.000000	0.000000	0.467978	0.000000	0.000000	0.005629	0.000000	0.000000	2.065914	0.749666
	content_illustration	wikimedia-webshapes/Illustration/71e1d20a551303d5c805e4e9c0ef6808fb8596a8.jpg	illustration-screen/illustration_010_256x192.png	small	256	256	192	1036.345093	0.101673	0.066122	0.009149	0.005892	0.558594	0.001302	22.112822	0.163900	1.186535	952.000000	0.029053	0.004900	0.013880	0.000000	0.015080	0.047380	12.000000	0.155861	3.090237	12.063802	5.059896	0.005208	0.000000	0.000000	0.000000	0.000000	0.000000	0.589315	3.359890	0.816294	0.097282	0.031902	0.118490	0.043559	22.671835	0.000000	0.055494	0.008495	0.000000	49152.000000	10.802672	192.000000	256.000000	147456.000000	0.750000	0.287682	0.000000	0.000000	3.000000	3.011775	3.903890	4.772239	4.933010	5.082170	0.122498	0.168883	0.601737	1.000000	0.038437	0.052320	0.122963	0.457973	9.000000	18.000000	36.000000	114.000000	255.000000	0.000000	0.000000	0.015873	0.095238	0.000000	0.000000	0.000000	0.000000	0.000000	0.000000	1.000000	2.254329	2.462375	2.588202	0.065998	0.086460	0.097282	0.000000	0.000000	14.280153	0.577724
	content_illustration	wikimedia-webshapes/Illustration/7709a7a43de9b8f95153ca3e1810df159a3d95e7.png	illustration-screen/illustration_002_208x256.png	small	256	208	256	1266.857666	0.036677	0.221059	0.003124	0.007916	0.798077	0.671875	99.238823	0.050701	1.114681	192.000000	0.005859	0.004480	0.003460	0.000000	0.188960	0.147250	22.000000	0.085779	1.751359	7.000000	19.860577	0.723558	0.000000	0.000000	0.000000	8.000000	1.000000	0.683162	1.209681	1.745501	0.000000	0.000000	0.203125	0.001521	18.456131	0.724760	0.028045	0.021406	0.000000	53248.000000	10.882715	208.000000	256.000000	159744.000000	0.812500	0.207639	0.000000	0.076923	3.000000	0.000000	1.681240	4.550191	4.727736	4.949600	0.000000	0.000000	0.052726	1.000000	0.000000	0.000000	0.052864	1.000000	0.000000	0.000000	1.000000	82.000000	162.000000	0.000000	0.000000	0.000000	0.000000	0.000000	0.000000	0.000000	0.000000	0.000000	0.000000	0.000000	0.000000	0.000000	0.000000	0.000000	0.000000	0.000000	0.000000	0.000000	30.939384	0.334214
	content_illustration	wikimedia-webshapes/Illustration/d7601d3d4994a40c09a15cad86af10015f8d9c46.png	illustration-screen/illustration_003_256x61.png	small	256	256	61	13521.210938	0.124720	0.000000	0.000000	0.000000	0.473214	0.455357	0.000000	0.852606	0.614459	32.000000	0.002049	0.000000	0.000000	0.000000	0.000000	0.000000	0.000000	0.089606	1.611726	91.343750	0.000000	0.562500	0.000000	0.000000	0.000000	8.000000	1.000000	1.000000	2.990766	2.674144	0.000000	0.000000	0.339286	0.000000	73.103745	0.473214	0.152990	0.000000	1.000000	15616.000000	9.656052	61.000000	256.000000	46848.000000	0.238281	1.434304	0.049180	0.049180	3.000000	4.166045	5.715073	5.786426	5.807769	5.822327	0.000000	0.860660	1.000000	1.000000	0.000000	0.000000	0.000000	0.000000	0.000000	7.000000	140.000000	255.000000	255.000000	0.000000	0.000000	0.111111	0.317460	0.000000	0.000000	0.000000	0.000000	0.000000	0.000000	0.000000	0.000000	0.000000	0.000000	0.000000	0.000000	0.000000	0.000000	0.000000	4.172148	0.498670
	wide_aspect_portrait_9x16	clic2025/final-test/2397c73f8feeb8f630fe055da5551c671794afae80528e8612dc62fc0cf61294.png	wide-aspect/wide_031_portrait_9x16_720x1280.png	medium	1280	720	1280	5718.505371	0.186976	0.114153	0.007045	0.010295	0.455972	0.316389	49.428139	1.041245	1.238220	2604.000000	0.079468	0.003030	0.002500	0.000000	0.044180	0.033990	5.000000	0.175037	3.903915	16.670553	9.156463	0.133139	0.000000	0.000000	0.000000	0.000000	0.000000	0.007015	2.800184	1.791612	0.000000	0.000000	0.222546	0.565411	21.230932	0.164237	0.088050	0.018326	0.000000	921600.000000	13.733867	720.000000	1280.000000	2764800.000000	0.562500	0.575364	0.000000	0.022222	3.000000	3.410935	4.422700	4.843662	4.988759	5.122481	0.017621	0.349960	1.000000	1.000000	0.000000	0.078047	0.324188	0.642172	3.000000	17.000000	51.000000	133.000000	255.000000	0.000000	0.000000	0.047619	0.174603	0.000000	0.000000	0.000000	0.031746	0.000000	0.000000	0.000000	0.000000	0.000000	0.000000	0.000000	0.000000	0.000000	0.000000	0.000000	10.556928	0.587130
	content_illustration	wikimedia-webshapes/Illustration/876f6a664ebceea0870c607ffee1e2b7feaf7888.png	illustration-screen/illustration_022_256x97.png	small	256	256	97	2730.785645	0.372386	0.228130	0.052645	0.023011	0.023438	0.007812	110.923225	0.940063	0.856039	713.000000	0.028713	0.200420	0.150310	13.000000	0.243960	0.180930	15.000000	0.229815	2.971961	50.757812	55.476562	0.023438	0.000000	0.000000	0.000000	0.000000	0.000000	0.084407	4.284323	0.774484	0.535758	0.507474	0.187500	0.054728	49.830025	0.007812	0.180184	0.081184	0.000000	24832.000000	10.119888	97.000000	256.000000	74496.000000	0.378906	0.970466	0.072165	0.319588	3.000000	4.067322	4.602477	5.568978	5.620484	5.682053	0.677426	0.793671	1.000000	1.000000	0.650040	0.759221	1.000000	1.000000	19.000000	38.000000	105.000000	255.000000	255.000000	0.063492	0.095238	0.111111	0.238095	0.031746	0.047619	0.079365	0.095238	0.000000	0.000000	0.000000	2.693232	3.413716	3.723280	0.133496	0.350681	0.535758	0.000000	0.047619	5.584930	0.783033
	content_illustration	wikimedia-webshapes/Illustration/82907a95aa6101f11567a9942ba52d6fb442ee3a.jpg	illustration-screen/illustration_023_256x159.png	small	256	256	159	3049.122559	0.253483	0.101079	0.016944	0.003929	0.401316	0.279605	30.800426	2.317489	0.767702	874.000000	0.026672	0.068710	0.070080	8.000000	0.021100	0.019100	6.000000	0.407055	2.122813	80.965462	14.800987	0.246711	0.000000	0.000000	0.000000	0.000000	0.000000	0.829943	3.317660	2.200086	0.000000	0.000000	0.036184	0.011590	57.598091	0.269737	0.218385	0.023627	0.000000	40704.000000	10.614081	159.000000	256.000000	122112.000000	0.621094	0.476273	0.006289	0.006289	3.000000	4.470324	5.272497	5.434991	5.517896	5.663105	0.016207	1.000000	1.000000	1.000000	0.000000	0.016483	0.353442	0.997733	2.000000	46.000000	185.000000	255.000000	255.000000	0.000000	0.000000	0.206349	0.428571	0.000000	0.000000	0.000000	0.015873	0.000000	0.000000	0.000000	0.000000	0.000000	0.000000	0.000000	0.000000	0.000000	0.000000	0.000000	1.783843	0.529665
	wide_aspect_portrait_9x16	clic2025/training/100a02c269c5948392f283b2aa3bb4da.png	wide-aspect/wide_038_portrait_9x16_720x1280.png	medium	1280	720	1280	5269.547852	0.028271	0.113376	0.004591	0.004014	0.547778	0.138333	45.910412	0.102192	1.610891	3015.000000	0.092010	0.000710	0.000640	0.000000	0.003930	0.003780	5.000000	0.027908	4.232749	11.048591	5.072886	0.008746	0.000000	0.000000	0.000000	0.000000	0.000000	0.040616	2.911113	1.126256	0.030719	0.000000	0.573372	0.596331	21.811945	0.047619	0.031684	0.009579	0.000000	921600.000000	13.733867	720.000000	1280.000000	2764800.000000	0.562500	0.575364	0.000000	0.022222	3.000000	2.956619	3.768387	4.410658	4.714107	5.143982	0.074811	0.228960	0.609411	1.000000	0.022475	0.057084	0.158056	0.322467	2.000000	6.000000	11.000000	39.000000	255.000000	0.000000	0.000000	0.015873	0.047619	0.000000	0.000000	0.000000	0.015873	0.000000	0.000000	0.000000	0.467977	1.128317	1.388059	0.005826	0.020788	0.030719	0.000000	0.000000	92.105301	0.835574
	wide_aspect_ultrawide_21x9	clic2025/final-test/ff32adfa29d4b5de26293352f53cc983d12d3ededd71fe65ca0ef0d887be65c4.png	wide-aspect/wide_042_ultrawide_21x9_1920x810.png	large	1920	1920	810	3595.080322	0.074470	0.258736	0.011171	0.007416	0.384191	0.016544	103.150276	0.298714	1.420969	12101.000000	0.369293	0.007330	0.004060	1.000000	0.013350	0.010560	8.000000	0.048286	4.593943	14.257115	14.603415	0.005693	0.000000	0.000000	0.000000	0.000000	0.000000	0.034657	3.329356	0.920823	0.080260	0.031699	0.684061	0.349680	14.966710	0.034156	0.046580	0.020496	0.000000	1555200.000000	14.257114	810.000000	1920.000000	4665600.000000	0.421875	0.863046	0.007407	0.027160	3.000000	3.288441	4.034693	4.619331	4.743149	5.028708	0.173137	0.344841	0.796024	1.000000	0.061820	0.122875	0.247636	0.691190	3.000000	7.000000	19.000000	66.000000	255.000000	0.000000	0.015873	0.031746	0.063492	0.000000	0.000000	0.015873	0.031746	0.000000	0.000000	0.000000	1.096366	1.792392	2.096910	0.017872	0.050460	0.080260	0.000000	0.000000	24.779615	0.895042
	wide_aspect_portrait_9x16	clic2025/final-test/b0b3744cc6b5ad6426b1ac02909b4389ea7fc4140d72a888ccdfb21f573a6db4.png	wide-aspect/wide_022_portrait_9x16_720x1280.png	medium	1280	720	1280	3688.492676	0.237566	0.176881	0.017245	0.008249	0.442153	0.000556	62.588783	2.328877	1.167516	11440.000000	0.349121	0.019250	0.018760	3.000000	0.024300	0.025570	6.000000	0.385325	4.611692	19.753159	13.143829	0.000000	0.000000	0.000000	0.000000	0.000000	0.000000	0.007202	3.410607	1.090885	0.057521	0.009672	0.098154	0.124414	29.710896	0.000000	0.107486	0.025499	0.000000	921600.000000	13.733867	720.000000	1280.000000	2764800.000000	0.562500	0.575364	0.000000	0.022222	3.000000	3.330008	4.449430	4.875573	5.084572	5.365703	0.078504	0.323719	1.000000	1.000000	0.032806	0.112623	0.393172	0.837312	8.000000	27.000000	72.000000	208.000000	255.000000	0.000000	0.000000	0.031746	0.206349	0.000000	0.000000	0.000000	0.047619	0.000000	0.000000	1.000000	1.847804	2.037426	2.116441	0.039327	0.049083	0.057521	0.000000	0.000000	9.858659	0.627090
	content_illustration	wikimedia-webshapes/Illustration/f30946559bf7c83f2ffc2ed7d9c3a79cd81b6eeb.png	illustration-screen/illustration_024_256x256.png	medium	256	256	256	7239.221680	0.098639	0.000000	0.000000	0.000000	0.625977	0.604492	0.000000	0.737140	0.739034	29.000000	0.000885	0.000000	0.000000	0.000000	0.000000	0.000000	0.000000	0.084855	1.416047	47.845703	0.000000	0.615234	0.000000	0.000000	0.000000	8.000000	1.000000	1.000000	2.080160	2.522715	0.000000	0.000000	0.228516	0.000000	54.631176	0.592773	0.099516	0.000000	1.000000	65536.000000	11.090355	256.000000	256.000000	196608.000000	1.000000	0.000000	0.000000	0.000000	3.000000	0.000000	5.316952	5.598538	5.624203	5.639485	0.000000	0.000000	1.000000	1.000000	0.000000	0.000000	0.000000	0.000000	0.000000	2.000000	62.000000	239.000000	255.000000	0.000000	0.000000	0.000000	0.238095	0.000000	0.000000	0.000000	0.000000	0.000000	0.000000	0.000000	0.000000	0.000000	0.000000	0.000000	0.000000	0.000000	0.000000	0.000000	9.118195	0.352492
	wide_aspect_portrait_9x16	clic2025/training/9466a908d088d32ee73f04116c40e48c.png	wide-aspect/wide_036_portrait_9x16_720x1280.png	medium	1280	720	1280	3638.317627	0.011863	0.065775	0.001083	0.001026	0.731389	0.119375	32.626873	0.055757	1.854929	1582.000000	0.048279	0.000100	0.000090	0.000000	0.000520	0.000500	0.000000	0.107059	4.385201	3.276968	0.611273	0.001944	0.000000	0.000000	0.000000	0.000000	0.000000	0.091442	2.593614	0.779159	0.042342	0.000000	0.381924	0.663234	7.931517	0.033042	0.018758	0.001018	0.000000	921600.000000	13.733867	720.000000	1280.000000	2764800.000000	0.562500	0.575364	0.000000	0.022222	3.000000	2.630428	3.106993	3.569074	3.863561	4.363112	0.075948	0.150284	0.271087	0.463297	0.007846	0.026948	0.039303	0.068391	2.000000	4.000000	10.000000	31.000000	193.000000	0.000000	0.000000	0.015873	0.031746	0.000000	0.000000	0.000000	0.000000	0.000000	0.000000	0.000000	0.748911	1.301030	1.586695	0.012999	0.028595	0.042342	0.000000	0.000000	36.115364	0.815415
	content_illustration	wikimedia-webshapes/Illustration/766855ea1f4dd3ed3a5b028763dd432538196ab5.png	illustration-screen/illustration_025_256x256.png	medium	256	256	256	10633.064453	0.029589	0.000000	0.000000	0.000000	0.875977	0.838867	0.000000	0.290959	1.284249	32.000000	0.000977	0.000000	0.000000	0.000000	0.000000	0.000000	0.000000	0.072405	0.967785	14.203125	0.000000	0.872070	0.000000	0.000000	0.000000	8.000000	1.000000	1.000000	0.811903	1.784901	0.000000	0.000000	0.113281	0.000000	71.694458	0.875000	0.030118	0.000000	1.000000	65536.000000	11.090355	256.000000	256.000000	196608.000000	1.000000	0.000000	0.000000	0.000000	3.000000	0.000000	0.000000	4.873404	5.524426	5.808202	0.000000	0.000000	0.000000	1.000000	0.000000	0.000000	0.000000	0.000000	0.000000	0.000000	1.000000	213.000000	255.000000	0.000000	0.000000	0.000000	0.000000	0.000000	0.000000	0.000000	0.000000	0.000000	0.000000	0.000000	0.000000	0.000000	0.000000	0.000000	0.000000	0.000000	0.000000	0.000000	33.097664	0.156543
	wide_aspect_portrait_9x16	clic2025/training/1e2f9d41529197f10d32bfa68a1e0bcc.png	wide-aspect/wide_030_portrait_9x16_720x1280.png	medium	1280	720	1280	3178.734619	0.661480	0.147936	0.069886	0.028748	0.000000	0.000000	78.185158	3.944019	0.639759	1886.000000	0.057556	0.139660	0.155950	3.000000	0.152310	0.168120	6.000000	0.129797	4.390604	69.422737	46.100098	0.000000	0.000000	0.000000	0.000000	0.000000	0.000000	0.007706	4.939735	0.314910	1.000000	0.591271	0.387755	0.508009	26.116825	0.000000	0.272587	0.097737	0.000000	921600.000000	13.733867	720.000000	1280.000000	2764800.000000	0.562500	0.575364	0.000000	0.022222	3.000000	4.987222	5.198184	5.319905	5.375800	5.436152	1.000000	1.000000	1.000000	1.000000	0.697221	0.870252	1.000000	1.000000	37.000000	69.000000	106.000000	182.000000	255.000000	0.206349	0.238095	0.269841	0.301587	0.063492	0.079365	0.095238	0.111111	0.000000	3.000000	6.000000	4.141755	4.371510	4.482937	0.776962	1.000000	1.000000	0.126984	0.174603	2.025360	0.847333
	wide_aspect_portrait_9x16	clic2025/final-test/581048154e3c4b579c79155742dcf643c18b9bb47782aca7f0768eff185bc32e.png	wide-aspect/wide_025_portrait_9x16_720x1280.png	medium	1280	720	1280	3487.882568	0.170632	0.044443	0.005386	0.003512	0.147778	0.000347	16.126911	0.709004	1.372308	1408.000000	0.042969	0.000670	0.000580	0.000000	0.002150	0.002160	0.000000	0.163107	4.162012	14.344995	2.794946	0.000000	0.000000	0.000000	0.000000	0.000000	0.000000	0.129813	3.724229	0.609100	0.181301	0.043970	0.199223	0.146916	13.017905	0.000000	0.081031	0.005600	0.000000	921600.000000	13.733867	720.000000	1280.000000	2764800.000000	0.562500	0.575364	0.000000	0.022222	3.000000	3.735198	4.162682	4.512724	4.679403	4.952391	0.284663	0.505919	0.886983	1.000000	0.064034	0.088049	0.123879	0.159452	11.000000	24.000000	42.000000	96.000000	255.000000	0.015873	0.031746	0.063492	0.126984	0.000000	0.000000	0.000000	0.015873	0.000000	0.000000	1.000000	2.194340	2.766122	2.945838	0.090332	0.147354	0.181301	0.000000	0.000000	9.577023	0.750383
	wide_aspect_portrait_9x16	clic2025/final-test/1b4ad095795ac552b38a21d51be7bfaee8e7d0a70619d84767814321df4ed062.png	wide-aspect/wide_037_portrait_9x16_720x1280.png	medium	1280	720	1280	2864.072754	0.102440	0.084502	0.006573	0.003081	0.521319	0.081944	28.002535	0.344892	1.376038	2120.000000	0.064697	0.002720	0.003740	0.000000	0.003450	0.005100	1.000000	0.266753	4.411615	6.879495	3.218659	0.000000	0.000000	0.000000	0.000000	0.000000	0.000000	0.029372	2.959511	1.009519	0.041831	0.011187	0.318756	0.068389	10.904416	0.009718	0.055394	0.007003	0.000000	921600.000000	13.733867	720.000000	1280.000000	2764800.000000	0.562500	0.575364	0.000000	0.022222	3.000000	3.025914	3.876041	4.229656	4.387977	4.574941	0.082684	0.239678	0.598733	0.916826	0.034228	0.077585	0.162062	0.247984	2.000000	11.000000	29.000000	76.000000	255.000000	0.000000	0.000000	0.015873	0.095238	0.000000	0.000000	0.000000	0.015873	0.000000	0.000000	0.000000	0.941233	1.356982	1.544068	0.018207	0.031843	0.041831	0.000000	0.000000	14.358747	0.806138
	wide_aspect_ultrawide_21x9	clic2025/training/4cd6910a0b7b39365fda5df87618d091.png	wide-aspect/wide_053_ultrawide_21x9_1920x810.png	large	1920	1920	810	1838.047241	0.101098	0.018104	0.000984	0.000534	0.765319	0.763235	5.778676	5.292879	0.992206	136.000000	0.004150	0.002290	0.002270	5.000000	0.003400	0.003360	8.000000	0.273250	1.415300	29.873814	0.470588	0.790323	0.000000	0.000000	0.000000	8.000000	1.000000	0.961253	1.289917	2.209601	0.000000	0.000000	0.030361	0.000000	58.443062	0.807400	0.086308	0.000858	0.000000	1555200.000000	14.257114	810.000000	1920.000000	4665600.000000	0.421875	0.863046	0.007407	0.027160	3.000000	0.000000	3.488683	5.427145	5.552794	5.618961	0.000000	0.000000	0.358573	1.000000	0.000000	0.000000	0.004318	0.043232	0.000000	0.000000	66.000000	255.000000	255.000000	0.000000	0.000000	0.000000	0.063492	0.000000	0.000000	0.000000	0.000000	0.000000	0.000000	0.000000	0.000000	0.000000	0.000000	0.000000	0.000000	0.000000	0.000000	0.000000	8.665116	0.195898
	wide_aspect_landscape_16x9	clic2025/final-test/da52c4f66dc00c2f381e8475fbf8a7aa2c5433a9c59cc175646c62e02892faf7.png	wide-aspect/wide_004_landscape_16x9_1280x720.png	medium	1280	1280	720	3731.195801	0.325728	0.128885	0.013702	0.013047	0.039583	0.000000	51.393459	1.613429	0.936063	8638.000000	0.263611	0.005490	0.004790	1.000000	0.037900	0.031260	13.000000	0.106620	4.530527	41.500484	15.941691	0.001944	0.000000	0.000000	0.000000	0.000000	0.000000	0.034319	4.426352	0.632537	0.415608	0.068745	0.533528	0.517945	23.551876	0.000000	0.161507	0.032363	0.000000	921600.000000	13.733867	720.000000	1280.000000	2764800.000000	0.562500	0.575364	0.000000	0.022222	3.000000	4.553747	4.901308	5.141672	5.250257	5.354396	0.789245	1.000000	1.000000	1.000000	0.133630	0.273803	0.451862	0.655152	14.000000	33.000000	65.000000	151.000000	255.000000	0.047619	0.095238	0.158730	0.222222	0.000000	0.015873	0.031746	0.047619	0.000000	1.000000	2.000000	2.511193	3.207887	3.547582	0.116856	0.273230	0.415608	0.000000	0.031746	8.431243	0.864160
	wide_aspect_landscape_16x9	clic2025/final-test/a365e6541bab5c0f4e01bf43a0c3a655d88292a8ac45403a889c308d11854555.png	wide-aspect/wide_018_landscape_16x9_1280x720.png	medium	1280	1280	720	6543.669922	0.322930	0.110764	0.011624	0.009112	0.220556	0.025069	39.471287	3.510116	1.109491	5259.000000	0.160492	0.007550	0.007700	1.000000	0.024580	0.024680	8.000000	0.303122	4.626273	30.002916	6.266278	0.017493	0.000000	0.000000	0.000000	0.000000	0.000000	0.031668	3.781332	1.210771	0.052176	0.040436	0.137026	0.149225	33.553448	0.019436	0.146498	0.012664	0.000000	921600.000000	13.733867	720.000000	1280.000000	2764800.000000	0.562500	0.575364	0.000000	0.022222	3.000000	4.051967	4.651704	5.113594	5.335888	5.531407	0.237935	0.639239	1.000000	1.000000	0.064292	0.104842	0.223224	0.382454	14.000000	43.000000	92.000000	237.000000	255.000000	0.000000	0.015873	0.126984	0.238095	0.000000	0.000000	0.000000	0.015873	0.000000	0.000000	0.000000	0.000000	1.469592	1.901646	0.000000	0.031475	0.052176	0.000000	0.000000	6.330001	0.618525
	wide_aspect_landscape_16x9	clic2025/training/3140d643a1f57e80ff265507984d95a0.png	wide-aspect/wide_005_landscape_16x9_1280x720.png	medium	1280	1280	720	1180.713745	0.018126	0.088255	0.003764	0.003428	0.708472	0.138194	37.347393	0.066500	1.731954	1969.000000	0.060089	0.001380	0.002300	2.000000	0.008210	0.011230	4.000000	0.084110	3.787853	3.903790	2.317784	0.001944	0.000000	0.000000	0.000000	0.000000	0.000000	0.049457	2.561285	0.911856	0.026946	0.012649	0.344995	0.019812	10.503923	0.003887	0.023216	0.004088	0.000000	921600.000000	13.733867	720.000000	1280.000000	2764800.000000	0.562500	0.575364	0.000000	0.022222	3.000000	2.528254	3.271943	3.801463	4.106089	4.526390	0.059584	0.132675	0.322868	0.601902	0.021891	0.040543	0.090460	0.169738	1.000000	4.000000	10.000000	37.000000	173.000000	0.000000	0.000000	0.000000	0.031746	0.000000	0.000000	0.000000	0.000000	0.000000	0.000000	0.000000	0.748914	1.188577	1.342114	0.009139	0.020846	0.026946	0.000000	0.000000	34.403305	0.779272
	wide_aspect_portrait_9x16	clic2025/training/870516c65d81fb9267de6865964083a9.png	wide-aspect/wide_039_portrait_9x16_720x1280.png	medium	1280	720	1280	6314.450684	0.177719	0.118933	0.006431	0.006903	0.372153	0.095347	48.603943	0.911549	1.115005	8635.000000	0.263519	0.001650	0.001590	1.000000	0.011380	0.015020	2.000000	0.095192	4.452690	21.992226	8.964043	0.003887	0.000000	0.000000	0.000000	0.000000	0.000000	0.010359	3.418992	1.278293	0.041200	0.016172	0.388727	0.286918	23.862345	0.025267	0.086476	0.015133	0.000000	921600.000000	13.733867	720.000000	1280.000000	2764800.000000	0.562500	0.575364	0.000000	0.022222	3.000000	3.616566	4.508111	5.028687	5.166800	5.351370	0.101121	0.446057	1.000000	1.000000	0.034083	0.098560	0.225466	0.475200	5.000000	19.000000	47.000000	122.000000	255.000000	0.000000	0.000000	0.063492	0.158730	0.000000	0.000000	0.000000	0.031746	0.000000	0.000000	0.000000	0.676697	1.220357	1.540956	0.013261	0.027864	0.041200	0.000000	0.000000	12.058434	0.791717
	wide_aspect_portrait_9x16	clic2025/final-test/86127fbdb368eb28c3039cf61aff1c4cfdc4ade24070c8f2389968d5ead681e1.png	wide-aspect/wide_023_portrait_9x16_720x1280.png	medium	1280	720	1280	1915.460327	0.203828	0.031019	0.008691	0.004400	0.183264	0.001181	9.613096	0.495727	1.039214	573.000000	0.017487	0.002490	0.001980	0.000000	0.003970	0.003110	0.000000	0.071786	3.727383	23.289602	3.093294	0.001944	0.000000	0.000000	0.000000	0.000000	0.000000	0.467347	3.852104	0.907577	0.099218	0.020543	0.455782	0.046325	15.665021	0.000000	0.109892	0.006803	0.000000	921600.000000	13.733867	720.000000	1280.000000	2764800.000000	0.562500	0.575364	0.000000	0.022222	3.000000	4.003579	4.520804	4.953793	5.144733	5.265919	0.328385	0.757171	1.000000	1.000000	0.055887	0.114901	0.176048	0.228956	7.000000	18.000000	35.000000	85.000000	212.000000	0.000000	0.047619	0.111111	0.174603	0.000000	0.000000	0.000000	0.015873	0.000000	0.000000	1.000000	1.763311	1.957846	2.326048	0.046942	0.062745	0.099218	0.000000	0.000000	10.195116	0.848416
	wide_aspect_portrait_9x16	clic2025/training/4a18abf66d65ad1a95ce455c8b6cd8de.png	wide-aspect/wide_033_portrait_9x16_720x1280.png	medium	1280	720	1280	2209.870605	0.248277	0.128037	0.012239	0.017351	0.089722	0.000000	65.049751	1.653252	1.034818	1917.000000	0.058502	0.006550	0.007530	0.000000	0.088490	0.101380	8.000000	0.117302	3.644324	24.033041	11.721088	0.004859	0.000000	0.000000	0.000000	0.000000	0.000000	0.000750	3.881892	0.783480	0.138359	0.029648	0.206997	0.000077	24.884657	0.000000	0.088667	0.022645	0.000000	921600.000000	13.733867	720.000000	1280.000000	2764800.000000	0.562500	0.575364	0.000000	0.022222	3.000000	3.584776	4.550591	5.171391	5.274792	5.415228	0.190785	0.299586	1.000000	1.000000	0.094695	0.151897	0.412833	0.715702	19.000000	38.000000	65.000000	142.000000	255.000000	0.000000	0.000000	0.047619	0.158730	0.000000	0.000000	0.000000	0.047619	0.000000	1.000000	3.000000	2.620136	2.911282	3.051707	0.083746	0.116047	0.138359	0.000000	0.000000	7.328271	0.531899
	wide_aspect_portrait_9x16	clic2025/training/11f2b039b293758398b1a7a8afa64bb2.png	wide-aspect/wide_032_portrait_9x16_720x1280.png	medium	1280	720	1280	2915.260742	0.223196	0.227219	0.009325	0.008704	0.282500	0.081181	76.462639	1.537504	1.393697	4397.000000	0.134186	0.003690	0.003280	1.000000	0.028980	0.024560	4.000000	0.364896	4.427877	13.397473	5.350826	0.025267	0.000000	0.000000	0.000000	0.000000	0.000000	0.005363	3.414963	1.087948	0.083345	0.016825	0.135083	0.488687	18.772509	0.037901	0.081432	0.011353	0.000000	921600.000000	13.733867	720.000000	1280.000000	2764800.000000	0.562500	0.575364	0.000000	0.022222	3.000000	3.540375	4.155116	4.602841	4.835596	5.153092	0.185222	0.391545	0.760083	1.000000	0.042871	0.109987	0.211326	0.302670	11.000000	30.000000	62.000000	153.000000	255.000000	0.000000	0.015873	0.047619	0.126984	0.000000	0.000000	0.000000	0.015873	0.000000	0.000000	0.000000	0.000000	0.903090	2.197238	0.000000	0.016698	0.083345	0.000000	0.000000	9.551918	0.624341
	wide_aspect_ultrawide_21x9	clic2025/training/2c1f84548ef99faec2b4f9bf12227c83.png	wide-aspect/wide_049_ultrawide_21x9_1920x810.png	large	1920	1920	810	5072.462891	0.008225	0.087479	0.002549	0.002251	0.656127	0.075735	39.546318	0.039839	1.710992	2454.000000	0.074890	0.000210	0.000170	0.000000	0.001120	0.000830	0.000000	0.047715	4.197209	4.522770	1.381404	0.023719	0.000000	0.000000	0.000000	0.000000	0.000000	0.030773	2.705164	0.882923	0.040289	0.007951	0.555977	0.326790	6.417608	0.071157	0.024020	0.002876	0.000000	1555200.000000	14.257114	810.000000	1920.000000	4665600.000000	0.421875	0.863046	0.007407	0.027160	3.000000	2.778694	3.279464	3.737678	4.079072	4.508563	0.099021	0.186045	0.333242	0.588522	0.022993	0.035845	0.064506	0.122244	1.000000	4.000000	8.000000	22.000000	105.000000	0.000000	0.000000	0.015873	0.031746	0.000000	0.000000	0.000000	0.000000	0.000000	0.000000	0.000000	0.000000	1.157137	1.540762	0.000000	0.025246	0.040289	0.000000	0.000000	23.591465	0.851933
	wide_aspect_ultrawide_21x9	clic2025/final-test/0369d229ba4c9965d5caeb38c359a027a810968eee930b81520b604e76b4df14.png	wide-aspect/wide_059_ultrawide_21x9_1920x810.png	large	1920	1920	810	3836.067139	0.029640	0.264083	0.004979	0.004277	0.621078	0.022794	96.200157	0.131340	1.549670	3462.000000	0.105652	0.000730	0.000440	0.000000	0.003210	0.001830	0.000000	0.172919	4.372258	4.149905	3.371917	0.000000	0.000000	0.000000	0.000000	0.000000	0.000000	0.000349	2.834186	0.755240	0.048051	0.025585	0.278937	0.521563	7.834239	0.003795	0.028900	0.006235	0.000000	1555200.000000	14.257114	810.000000	1920.000000	4665600.000000	0.421875	0.863046	0.007407	0.027160	3.000000	2.858800	3.374886	3.823514	4.095273	4.384676	0.100124	0.186721	0.356936	0.615197	0.036831	0.058512	0.111171	0.190220	3.000000	7.000000	14.000000	42.000000	217.000000	0.000000	0.000000	0.015873	0.047619	0.000000	0.000000	0.000000	0.015873	0.000000	0.000000	0.000000	1.331174	1.568200	1.738384	0.026006	0.037990	0.048051	0.000000	0.000000	23.725790	0.784108
	wide_aspect_ultrawide_21x9	clic2025/training/d79d465ac77c36518e0f0d626bf97ec4.png	wide-aspect/wide_040_ultrawide_21x9_1920x810.png	large	1920	1920	810	4613.499023	0.159550	0.015629	0.000423	0.000324	0.514828	0.137010	5.503359	1.955315	1.310127	380.000000	0.011597	0.000030	0.000030	0.000000	0.000150	0.000120	0.000000	0.300330	3.985267	16.552181	0.053131	0.053131	0.000000	0.000000	0.000000	0.000000	0.000000	0.780405	3.138412	1.334169	0.035814	0.000000	0.203036	0.000000	30.788553	0.068311	0.083747	0.000090	0.000000	1555200.000000	14.257114	810.000000	1920.000000	4665600.000000	0.421875	0.863046	0.007407	0.027160	3.000000	3.080784	4.245784	4.872817	5.134175	5.345993	0.091289	0.206080	0.966128	1.000000	0.000000	0.000000	0.015943	0.027840	5.000000	17.000000	46.000000	183.000000	255.000000	0.000000	0.000000	0.015873	0.142857	0.000000	0.000000	0.000000	0.000000	0.000000	0.000000	0.000000	0.000000	0.000000	1.414977	0.000000	0.000000	0.035814	0.000000	0.000000	17.725357	0.648446
	wide_aspect_portrait_9x16	clic2025/final-test/d0208a1e9b4fde642b9752da2907d82d5b530a6e2e6e18ef71d5524a92d1cf9a.png	wide-aspect/wide_034_portrait_9x16_720x1280.png	medium	1280	720	1280	2935.298828	0.430339	0.122030	0.019511	0.005932	0.058681	0.001250	45.342518	2.711308	0.964625	4059.000000	0.123871	0.015120	0.024890	2.000000	0.006660	0.009370	0.000000	0.352536	4.496332	26.745384	11.849368	0.000000	0.000000	0.000000	0.000000	0.000000	0.000000	0.026718	4.202297	0.590685	0.328658	0.028126	0.191448	0.037300	19.874905	0.002915	0.173446	0.028723	0.000000	921600.000000	13.733867	720.000000	1280.000000	2764800.000000	0.562500	0.575364	0.000000	0.022222	3.000000	4.352035	4.606521	4.831021	4.932854	5.129009	0.596050	0.984926	1.000000	1.000000	0.100446	0.246514	0.424418	0.604612	21.000000	50.000000	88.000000	177.000000	255.000000	0.031746	0.095238	0.190476	0.253968	0.000000	0.000000	0.015873	0.047619	0.000000	1.000000	2.000000	2.460687	3.007294	3.327959	0.131618	0.236476	0.328658	0.000000	0.015873	4.457308	0.734656
	wide_aspect_ultrawide_21x9	clic2025/training/100f17892cf7bb12beb12479641fcc4c.png	wide-aspect/wide_045_ultrawide_21x9_1920x810.png	large	1920	1920	810	547.332397	0.039591	0.020930	0.001905	0.001295	0.640809	0.111029	12.329529	0.139837	1.584849	687.000000	0.020966	0.000170	0.000140	0.000000	0.000580	0.000460	0.000000	0.163371	2.814912	3.796964	0.261860	0.003795	0.000000	0.000000	0.000000	0.000000	0.000000	0.002575	2.707372	0.919430	0.040122	0.000000	0.120493	0.142701	6.037040	0.008539	0.035918	0.000361	0.000000	1555200.000000	14.257114	810.000000	1920.000000	4665600.000000	0.421875	0.863046	0.007407	0.027160	3.000000	2.608525	3.529743	3.946697	4.090028	4.405005	0.069660	0.138823	0.414009	0.691957	0.014335	0.027621	0.040366	0.061567	3.000000	7.000000	16.000000	40.000000	123.000000	0.000000	0.000000	0.000000	0.063492	0.000000	0.000000	0.000000	0.000000	0.000000	0.000000	0.000000	0.676692	1.241484	1.565257	0.012395	0.028109	0.040122	0.000000	0.000000	12.489768	0.743336
	wide_aspect_ultrawide_21x9	clic2025/training/afe3676bbfcf7183d697ff7b5d5bd45b.png	wide-aspect/wide_043_ultrawide_21x9_1920x810.png	large	1920	1920	810	2592.944824	0.134678	0.098106	0.006821	0.007066	0.267677	0.069823	39.470650	0.512978	1.241145	4101.000000	0.125153	0.001030	0.000970	0.000000	0.006880	0.006010	1.000000	0.054159	4.056732	22.601519	9.765655	0.039848	0.000000	0.000000	0.000000	0.000000	0.000000	0.046137	3.561822	1.253665	0.052334	0.022454	0.745731	0.347627	18.492302	0.070209	0.081007	0.019984	0.000000	1555200.000000	14.257114	810.000000	1920.000000	4665600.000000	0.421875	0.863046	0.007407	0.027160	3.000000	3.869561	4.514441	4.838862	5.020531	5.275629	0.252528	0.675281	1.000000	1.000000	0.059811	0.158156	0.325431	0.500867	3.000000	10.000000	25.000000	88.000000	255.000000	0.000000	0.031746	0.063492	0.126984	0.000000	0.000000	0.015873	0.031746	0.000000	0.000000	0.000000	0.000000	1.004724	1.708505	0.000000	0.021356	0.052334	0.000000	0.000000	31.362543	0.888251
	wide_aspect_ultrawide_21x9	clic2025/final-test/0d154749c7771f58e89ad343653ec4e20d6f037da829f47f5598e5d0a4ab61f0.png	wide-aspect/wide_058_ultrawide_21x9_1920x810.png	large	1920	1920	810	1827.581543	0.066954	0.047845	0.005610	0.004820	0.052146	0.000126	28.364246	0.302964	1.173671	1416.000000	0.043213	0.000540	0.000540	0.000000	0.002530	0.002210	0.000000	0.141123	4.146059	10.900379	3.418406	0.000000	0.000000	0.000000	0.000000	0.000000	0.000000	0.005502	3.678398	0.402237	0.265982	0.059655	0.286528	0.918065	6.185937	0.000000	0.073416	0.006626	0.000000	1555200.000000	14.257114	810.000000	1920.000000	4665600.000000	0.421875	0.863046	0.007407	0.027160	3.000000	3.671264	3.939369	4.204950	4.351476	4.639381	0.354632	0.509808	0.709088	0.959738	0.078354	0.101095	0.133866	0.166964	9.000000	16.000000	24.000000	47.000000	118.000000	0.031746	0.047619	0.063492	0.095238	0.000000	0.000000	0.000000	0.015873	0.000000	0.000000	1.000000	2.646266	3.054511	3.203305	0.140730	0.218017	0.265982	0.000000	0.015873	5.090171	0.825010
	wide_aspect_ultrawide_21x9	clic2025/training/d1a9be98d1936065967adac50a6fb750.png	wide-aspect/wide_048_ultrawide_21x9_1920x810.png	large	1920	1920	810	2451.267090	0.086495	0.085154	0.002910	0.002214	0.672601	0.496212	33.597683	0.267444	1.449373	1513.000000	0.046173	0.000510	0.000450	0.000000	0.002030	0.002040	0.000000	0.084899	3.917678	8.882353	1.918406	0.005693	0.000000	0.000000	0.000000	0.000000	0.000000	0.677285	2.332893	1.397126	0.014859	0.000000	0.249526	0.272696	11.230035	0.013283	0.041143	0.004985	0.000000	1555200.000000	14.257114	810.000000	1920.000000	4665600.000000	0.421875	0.863046	0.007407	0.027160	3.000000	1.569483	3.862525	4.512951	4.675426	4.906235	0.020902	0.033603	0.669540	1.000000	0.000000	0.012363	0.092920	0.199510	2.000000	5.000000	19.000000	64.000000	255.000000	0.000000	0.000000	0.000000	0.079365	0.000000	0.000000	0.000000	0.000000	0.000000	0.000000	0.000000	0.297623	0.859401	1.076913	0.003329	0.011114	0.014859	0.000000	0.000000	23.391634	0.602139
	wide_aspect_landscape_16x9	clic2025/training/5dbdb989cf026f7ab3dd7167d7fc0fe2.png	wide-aspect/wide_019_landscape_16x9_1280x720.png	medium	1280	1280	720	2165.354492	0.279453	0.157634	0.009131	0.007034	0.059514	0.000069	59.790451	1.592558	1.103488	7462.000000	0.227722	0.006690	0.006990	2.000000	0.022310	0.023230	7.000000	0.180609	4.115492	22.582119	11.730806	0.000000	0.000000	0.000000	0.000000	0.000000	0.000000	0.054766	4.023025	0.602446	0.213833	0.024586	0.190476	0.554319	18.369576	0.000000	0.100683	0.017061	0.000000	921600.000000	13.733867	720.000000	1280.000000	2764800.000000	0.562500	0.575364	0.000000	0.022222	3.000000	3.968223	4.489016	4.842838	4.991119	5.163243	0.353553	0.646324	1.000000	1.000000	0.037928	0.077988	0.228348	0.702414	21.000000	40.000000	65.000000	131.000000	255.000000	0.015873	0.047619	0.079365	0.142857	0.000000	0.000000	0.000000	0.031746	0.000000	1.000000	3.000000	2.622150	3.029073	3.276333	0.079025	0.159337	0.213833	0.000000	0.000000	6.020600	0.678286
	wide_aspect_ultrawide_21x9	clic2025/final-test/937476dd72f98638f34299dda5e9c252621b5e809c364692fc2934e000583286.png	wide-aspect/wide_047_ultrawide_21x9_1920x810.png	large	1920	1920	810	2638.165771	0.909061	0.000000	0.000000	0.000000	0.000000	0.000000	0.000000	13.355308	0.536037	32.000000	0.000977	0.000000	0.000000	0.000000	0.000000	0.000000	0.000000	0.204441	4.472831	70.792221	0.000000	0.000000	0.000000	0.000000	0.000000	8.000000	1.000000	1.000000	5.005660	0.145673	1.000000	0.000000	0.066414	0.000000	29.843224	0.005693	0.322295	0.000000	1.000000	1555200.000000	14.257114	810.000000	1920.000000	4665600.000000	0.421875	0.863046	0.007407	0.027160	3.000000	5.019473	5.109527	5.183551	5.236781	5.289194	1.000000	1.000000	1.000000	1.000000	0.000000	0.000000	0.000000	0.000000	69.000000	117.000000	170.000000	255.000000	255.000000	0.269841	0.285714	0.317460	0.349206	0.000000	0.000000	0.000000	0.000000	1.000000	7.000000	13.000000	4.625999	4.754874	4.805859	1.000000	1.000000	1.000000	0.206349	0.238095	0.252836	0.828931
	wide_aspect_ultrawide_21x9	clic2025/training/c80999cd5533e448167cd9b3ccfa2a37.png	wide-aspect/wide_054_ultrawide_21x9_1920x810.png	large	1920	1920	810	3263.507812	0.230384	0.334527	0.023296	0.013105	0.114951	0.000245	149.622833	1.340173	1.213940	7726.000000	0.235779	0.020000	0.017650	3.000000	0.033430	0.044090	10.000000	0.137944	4.481831	22.549335	25.866224	0.003795	0.000000	0.000000	0.000000	0.000000	0.000000	0.000141	3.973863	0.690555	0.248497	0.107131	0.551233	0.007899	17.266121	0.005693	0.113912	0.041399	0.000000	1555200.000000	14.257114	810.000000	1920.000000	4665600.000000	0.421875	0.863046	0.007407	0.027160	3.000000	4.053150	4.453905	4.813237	4.940320	5.186440	0.443011	0.719062	1.000000	1.000000	0.179210	0.284490	0.499627	0.817824	7.000000	25.000000	54.000000	121.000000	255.000000	0.031746	0.047619	0.095238	0.174603	0.000000	0.015873	0.031746	0.063492	0.000000	0.000000	0.000000	2.089022	2.638099	3.025453	0.084472	0.160810	0.248497	0.000000	0.015873	8.141669	0.841512
	wide_aspect_ultrawide_21x9	clic2025/final-test/1cba10ad9bb4ced57e42f7656c5f2a58d32dc6bad084957d2f8d1c78e0fcd224.png	wide-aspect/wide_046_ultrawide_21x9_1920x810.png	large	1920	1920	810	4875.131836	0.015620	0.107926	0.005120	0.005225	0.749632	0.220466	45.477924	0.072170	1.837060	3742.000000	0.114197	0.000810	0.000680	0.000000	0.007100	0.005570	1.000000	0.092001	4.077485	3.683112	2.902277	0.013283	0.000000	0.000000	0.000000	0.000000	0.000000	0.181863	2.362295	1.005979	0.024976	0.014130	0.244782	0.379971	8.469005	0.036053	0.020647	0.006159	0.000000	1555200.000000	14.257114	810.000000	1920.000000	4665600.000000	0.421875	0.863046	0.007407	0.027160	3.000000	2.389360	3.104295	3.686407	4.073081	4.593513	0.036626	0.110563	0.271118	0.530723	0.027543	0.063488	0.143463	0.230976	1.000000	4.000000	9.000000	32.000000	162.000000	0.000000	0.000000	0.000000	0.031746	0.000000	0.000000	0.000000	0.015873	0.000000	0.000000	0.000000	0.000000	1.031408	1.196849	0.000000	0.020437	0.024976	0.000000	0.000000	33.585106	0.748458
	wide_aspect_ultrawide_21x9	clic2025/final-test/8426ed2245c791232862b0a0b2a62a1f17031e8e6e38921fe939df0b3a05ac41.png	wide-aspect/wide_050_ultrawide_21x9_1920x810.png	large	1920	1920	810	2783.969482	0.009293	0.089130	0.002199	0.001739	0.811490	0.003030	37.431847	0.069329	1.859963	1409.000000	0.042999	0.000240	0.000300	0.000000	0.000990	0.001210	0.000000	0.144310	4.021754	2.380455	0.491461	0.000000	0.000000	0.000000	0.000000	0.000000	0.000000	0.361912	2.449143	0.670434	0.040960	0.015918	0.175522	0.404003	10.460317	0.001898	0.013433	0.000783	0.000000	1555200.000000	14.257114	810.000000	1920.000000	4665600.000000	0.421875	0.863046	0.007407	0.027160	3.000000	2.197927	2.929475	3.416547	3.732394	4.277541	0.050266	0.082472	0.208244	0.389327	0.027767	0.037206	0.052717	0.074462	3.000000	5.000000	8.000000	29.000000	205.000000	0.000000	0.000000	0.000000	0.015873	0.000000	0.000000	0.000000	0.000000	0.000000	0.000000	0.000000	1.595909	1.722222	1.787881	0.030243	0.036948	0.040960	0.000000	0.000000	76.556511	0.661680
	wide_aspect_ultrawide_21x9	clic2025/training/ef576c4ed599d75d72145a8f34b58ccb.png	wide-aspect/wide_056_ultrawide_21x9_1920x810.png	large	1920	1920	810	1966.926147	0.067473	0.118455	0.007287	0.006962	0.475368	0.015931	50.654453	0.417971	1.562253	11956.000000	0.364868	0.008510	0.009580	10.000000	0.026460	0.032830	16.000000	0.108457	3.789903	9.545541	8.399430	0.000000	0.000000	0.000000	0.000000	0.000000	0.000000	0.009503	3.217305	0.834711	0.057250	0.026508	0.236243	0.023985	16.605389	0.001898	0.046535	0.016084	0.000000	1555200.000000	14.257114	810.000000	1920.000000	4665600.000000	0.421875	0.863046	0.007407	0.027160	3.000000	3.115423	3.790351	4.373150	4.660723	5.039723	0.110071	0.244008	0.594465	1.000000	0.049556	0.108759	0.228402	0.457684	7.000000	14.000000	25.000000	70.000000	255.000000	0.000000	0.000000	0.031746	0.063492	0.000000	0.000000	0.000000	0.031746	0.000000	0.000000	1.000000	1.356983	1.803521	2.160571	0.025020	0.041489	0.057250	0.000000	0.000000	26.185907	0.672244
	wide_aspect_ultrawide_21x9	clic2025/training/b939ac34faa94b5d0e753d570edc7048.png	wide-aspect/wide_041_ultrawide_21x9_1920x810.png	large	1920	1920	810	3819.042480	0.154456	0.222391	0.007107	0.008896	0.467647	0.185907	87.545990	1.953497	1.140677	12744.000000	0.388916	0.003070	0.005920	1.000000	0.029170	0.057720	9.000000	0.150584	4.387157	22.514231	16.774193	0.063567	0.000000	0.000000	0.000000	0.000000	0.000000	0.032161	3.083957	1.594482	0.019662	0.000000	0.367173	0.214888	32.606827	0.094877	0.083898	0.022996	0.000000	1555200.000000	14.257114	810.000000	1920.000000	4665600.000000	0.421875	0.863046	0.007407	0.027160	3.000000	3.320717	4.520646	5.048102	5.210599	5.381095	0.052240	0.339127	1.000000	1.000000	0.026971	0.108496	0.418957	0.932138	2.000000	13.000000	57.000000	170.000000	255.000000	0.000000	0.000000	0.047619	0.142857	0.000000	0.000000	0.000000	0.047619	0.000000	0.000000	0.000000	0.000000	0.000000	0.954243	0.000000	0.000000	0.019662	0.000000	0.000000	11.569915	0.750785
	wide_aspect_ultrawide_21x9	clic2025/final-test/79b1bb29124f590c2e99e6c71c18affe25115d594a821cadc58bf24bf94dae8d.png	wide-aspect/wide_044_ultrawide_21x9_1920x810.png	large	1920	1920	810	4662.273926	0.282172	0.228792	0.016245	0.013519	0.381005	0.001716	76.555855	5.038896	1.046229	14098.000000	0.430237	0.013070	0.018130	3.000000	0.064500	0.058960	12.000000	0.309116	4.494676	28.121443	16.802656	0.000000	0.000000	0.000000	0.000000	0.000000	0.000000	0.040635	3.681175	1.152080	0.067384	0.050896	0.118596	0.234528	37.518063	0.000000	0.115192	0.027017	0.000000	1555200.000000	14.257114	810.000000	1920.000000	4665600.000000	0.421875	0.863046	0.007407	0.027160	3.000000	3.712890	4.773852	5.148802	5.275259	5.455504	0.120929	0.490375	1.000000	1.000000	0.088453	0.175845	0.430747	0.795498	9.000000	39.000000	106.000000	245.000000	255.000000	0.000000	0.000000	0.063492	0.206349	0.000000	0.000000	0.015873	0.047619	0.000000	0.000000	1.000000	1.784327	1.972838	2.119699	0.037647	0.051342	0.067384	0.000000	0.000000	4.917377	0.660408
	wide_aspect_ultrawide_21x9	clic2025/final-test/07b9f93f170a0381836bdf301280a5b80b2c4be6e66f793a3c335dc200fb4e5b.png	wide-aspect/wide_055_ultrawide_21x9_1920x810.png	large	1920	1920	810	5824.661133	0.163214	0.187485	0.012328	0.005236	0.568182	0.014899	76.355377	1.591226	1.337476	7205.000000	0.219879	0.017150	0.015690	3.000000	0.011170	0.010180	4.000000	0.216740	4.712398	15.303605	7.172676	0.000000	0.000000	0.000000	0.000000	0.000000	0.000000	0.034365	3.166433	1.063558	0.050037	0.004995	0.078748	0.368209	25.970297	0.000000	0.073281	0.015903	0.000000	1555200.000000	14.257114	810.000000	1920.000000	4665600.000000	0.421875	0.863046	0.007407	0.027160	3.000000	2.551983	4.229115	4.721704	5.020222	5.431899	0.062443	0.109449	0.856388	1.000000	0.023564	0.050818	0.265289	0.513722	7.000000	17.000000	49.000000	150.000000	255.000000	0.000000	0.000000	0.000000	0.142857	0.000000	0.000000	0.000000	0.031746	0.000000	0.000000	1.000000	1.485855	2.096910	2.184691	0.024231	0.042149	0.050037	0.000000	0.000000	15.508343	0.530369
	wide_aspect_ultrawide_21x9	clic2025/training/a36713f1943dac6bc74dea50cadaee6f.png	wide-aspect/wide_051_ultrawide_21x9_1920x810.png	large	1920	1920	810	3498.723145	0.180772	0.322064	0.017079	0.016023	0.423284	0.000000	121.022896	0.778321	1.087223	17402.000000	0.531067	0.008520	0.004140	1.000000	0.050120	0.025660	6.000000	0.058614	4.241702	23.769449	21.298861	0.003795	0.000000	0.000000	0.000000	0.000000	0.000000	0.031159	3.627697	1.058715	0.076929	0.030087	0.366224	0.089474	21.100584	0.000000	0.086413	0.034005	0.000000	1555200.000000	14.257114	810.000000	1920.000000	4665600.000000	0.421875	0.863046	0.007407	0.027160	3.000000	3.629968	4.621395	5.052451	5.248407	5.396950	0.128024	0.472819	1.000000	1.000000	0.052115	0.234894	0.605305	1.000000	7.000000	17.000000	37.000000	98.000000	255.000000	0.000000	0.000000	0.063492	0.158730	0.000000	0.000000	0.031746	0.063492	0.000000	0.000000	1.000000	1.956349	2.122011	2.237418	0.052385	0.066753	0.076929	0.000000	0.000000	13.354690	0.758190
	wide_aspect_ultrawide_21x9	clic2025/final-test/2684452db505ddbbb53f42a3f3bcfe86fdd0d6d8d98c029db4b4c6fc1f55b750.png	wide-aspect/wide_052_ultrawide_21x9_1920x810.png	large	1920	1920	810	3476.606934	0.114340	0.057772	0.007846	0.007502	0.365196	0.013603	25.255634	0.495466	1.144394	3059.000000	0.093353	0.001500	0.000420	0.000000	0.010670	0.002080	1.000000	0.054765	4.376167	17.235294	5.022770	0.001898	0.000000	0.000000	0.000000	0.000000	0.000000	0.039323	3.354923	1.072003	0.054376	0.031514	0.556926	0.465769	24.777458	0.001898	0.072679	0.010482	0.000000	1555200.000000	14.257114	810.000000	1920.000000	4665600.000000	0.421875	0.863046	0.007407	0.027160	3.000000	3.416285	4.040947	4.901284	5.238697	5.419413	0.137587	0.393546	0.802333	1.000000	0.051862	0.093715	0.170466	0.298631	3.000000	10.000000	25.000000	88.000000	242.000000	0.000000	0.000000	0.047619	0.111111	0.000000	0.000000	0.000000	0.015873	0.000000	0.000000	0.000000	1.396853	1.632045	1.798910	0.029426	0.042613	0.054376	0.000000	0.000000	18.370478	0.872309
