arm	image	size	w	h	target	achieved	err	encodes	converged	bytes	ms	spatial	seed_q	seed_score	anchor_q
secant	d0208a1e9b4fde642b9752da2907d82d5b530a6e2e6e18ef71d5524a92d1cf9a	64	43	64	20	19.9404	-0.0596	6	true	450	38	NA	NA	NA	NA
zloop	d0208a1e9b4fde642b9752da2907d82d5b530a6e2e6e18ef71d5524a92d1cf9a	64	43	64	20	19.9404	-0.0596	5	true	450	31	false	24.546	15.2926	24.546
secant	d0208a1e9b4fde642b9752da2907d82d5b530a6e2e6e18ef71d5524a92d1cf9a	64	43	64	25	26.9142	+1.9142	6	false	490	39	NA	NA	NA	NA
zloop	d0208a1e9b4fde642b9752da2907d82d5b530a6e2e6e18ef71d5524a92d1cf9a	64	43	64	25	26.9142	+1.9142	6	false	490	38	false	27.502	16.5622	27.502
secant	d0208a1e9b4fde642b9752da2907d82d5b530a6e2e6e18ef71d5524a92d1cf9a	64	43	64	30	30.1029	+0.1029	4	true	530	26	NA	NA	NA	NA
zloop	d0208a1e9b4fde642b9752da2907d82d5b530a6e2e6e18ef71d5524a92d1cf9a	64	43	64	30	30.1029	+0.1029	2	true	530	12	false	30.540	20.4953	30.540
secant	d0208a1e9b4fde642b9752da2907d82d5b530a6e2e6e18ef71d5524a92d1cf9a	64	43	64	35	36.8469	+1.8469	6	false	587	41	NA	NA	NA	NA
zloop	d0208a1e9b4fde642b9752da2907d82d5b530a6e2e6e18ef71d5524a92d1cf9a	64	43	64	35	36.8469	+1.8469	6	false	587	40	false	33.217	26.9142	33.217
secant	d0208a1e9b4fde642b9752da2907d82d5b530a6e2e6e18ef71d5524a92d1cf9a	64	43	64	40	40.3847	+0.3847	6	true	605	43	NA	NA	NA	NA
zloop	d0208a1e9b4fde642b9752da2907d82d5b530a6e2e6e18ef71d5524a92d1cf9a	64	43	64	40	40.3847	+0.3847	3	true	605	20	false	35.999	28.8030	35.999
secant	d0208a1e9b4fde642b9752da2907d82d5b530a6e2e6e18ef71d5524a92d1cf9a	64	43	64	45	44.6659	-0.3341	4	true	669	28	NA	NA	NA	NA
zloop	d0208a1e9b4fde642b9752da2907d82d5b530a6e2e6e18ef71d5524a92d1cf9a	64	43	64	45	44.6659	-0.3341	3	true	669	20	false	40.040	38.8703	40.040
secant	d0208a1e9b4fde642b9752da2907d82d5b530a6e2e6e18ef71d5524a92d1cf9a	64	43	64	50	51.2075	+1.2075	6	false	735	45	NA	NA	NA	NA
zloop	d0208a1e9b4fde642b9752da2907d82d5b530a6e2e6e18ef71d5524a92d1cf9a	64	43	64	50	51.2075	+1.2075	5	false	735	39	false	42.495	40.5675	42.495
secant	d0208a1e9b4fde642b9752da2907d82d5b530a6e2e6e18ef71d5524a92d1cf9a	64	43	64	55	57.0854	+2.0854	6	false	800	41	NA	NA	NA	NA
zloop	d0208a1e9b4fde642b9752da2907d82d5b530a6e2e6e18ef71d5524a92d1cf9a	64	43	64	55	57.0854	+2.0854	6	false	800	41	false	45.937	44.6659	45.937
secant	d0208a1e9b4fde642b9752da2907d82d5b530a6e2e6e18ef71d5524a92d1cf9a	64	43	64	60	60.2655	+0.2655	6	true	912	42	NA	NA	NA	NA
zloop	d0208a1e9b4fde642b9752da2907d82d5b530a6e2e6e18ef71d5524a92d1cf9a	64	43	64	60	60.2655	+0.2655	2	true	912	13	false	50.294	50.8268	50.294
secant	d0208a1e9b4fde642b9752da2907d82d5b530a6e2e6e18ef71d5524a92d1cf9a	64	43	64	65	65.0824	+0.0824	2	true	1046	14	NA	NA	NA	NA
zloop	d0208a1e9b4fde642b9752da2907d82d5b530a6e2e6e18ef71d5524a92d1cf9a	64	43	64	65	65.0824	+0.0824	4	true	1046	29	false	56.654	59.1736	56.654
secant	d0208a1e9b4fde642b9752da2907d82d5b530a6e2e6e18ef71d5524a92d1cf9a	64	43	64	70	70.3037	+0.3037	2	true	1224	15	NA	NA	NA	NA
zloop	d0208a1e9b4fde642b9752da2907d82d5b530a6e2e6e18ef71d5524a92d1cf9a	64	43	64	70	70.4623	+0.4623	2	true	1169	15	false	61.060	63.9051	61.060
secant	d0208a1e9b4fde642b9752da2907d82d5b530a6e2e6e18ef71d5524a92d1cf9a	64	43	64	75	75.0705	+0.0705	4	true	1444	34	NA	NA	NA	NA
zloop	d0208a1e9b4fde642b9752da2907d82d5b530a6e2e6e18ef71d5524a92d1cf9a	64	43	64	75	74.9095	-0.0905	4	true	1376	33	false	66.338	68.6248	66.338
secant	d0208a1e9b4fde642b9752da2907d82d5b530a6e2e6e18ef71d5524a92d1cf9a	64	43	64	80	79.7181	-0.2819	4	true	1781	36	NA	NA	NA	NA
zloop	d0208a1e9b4fde642b9752da2907d82d5b530a6e2e6e18ef71d5524a92d1cf9a	64	43	64	80	79.7181	-0.2819	6	true	1781	54	false	74.021	76.4930	74.021
secant	d0208a1e9b4fde642b9752da2907d82d5b530a6e2e6e18ef71d5524a92d1cf9a	64	43	64	85	85.0301	+0.0301	2	true	2334	21	NA	NA	NA	NA
zloop	d0208a1e9b4fde642b9752da2907d82d5b530a6e2e6e18ef71d5524a92d1cf9a	64	43	64	85	85.0134	+0.0134	2	true	2267	21	false	81.451	81.3849	81.451
secant	d0208a1e9b4fde642b9752da2907d82d5b530a6e2e6e18ef71d5524a92d1cf9a	64	43	64	90	90.4767	+0.4767	2	true	3545	24	NA	NA	NA	NA
zloop	d0208a1e9b4fde642b9752da2907d82d5b530a6e2e6e18ef71d5524a92d1cf9a	64	43	64	90	89.6321	-0.3679	3	true	3328	35	false	92.628	88.6317	92.628
secant	d0208a1e9b4fde642b9752da2907d82d5b530a6e2e6e18ef71d5524a92d1cf9a	256	170	256	20	23.1044	+3.1044	6	false	3556	402	NA	NA	NA	NA
zloop	d0208a1e9b4fde642b9752da2907d82d5b530a6e2e6e18ef71d5524a92d1cf9a	256	170	256	20	23.1044	+3.1044	6	false	3556	410	false	24.546	10.1830	24.546
secant	d0208a1e9b4fde642b9752da2907d82d5b530a6e2e6e18ef71d5524a92d1cf9a	256	170	256	25	25.8044	+0.8044	6	false	3794	418	NA	NA	NA	NA
zloop	d0208a1e9b4fde642b9752da2907d82d5b530a6e2e6e18ef71d5524a92d1cf9a	256	170	256	25	25.5284	+0.5284	6	false	3798	414	false	27.502	10.5597	27.502
secant	d0208a1e9b4fde642b9752da2907d82d5b530a6e2e6e18ef71d5524a92d1cf9a	256	170	256	30	30.0517	+0.0517	5	true	4389	343	NA	NA	NA	NA
zloop	d0208a1e9b4fde642b9752da2907d82d5b530a6e2e6e18ef71d5524a92d1cf9a	256	170	256	30	30.4677	+0.4677	5	true	4379	363	false	30.540	12.8183	30.540
secant	d0208a1e9b4fde642b9752da2907d82d5b530a6e2e6e18ef71d5524a92d1cf9a	256	170	256	35	35.0726	+0.0726	6	true	4916	433	NA	NA	NA	NA
zloop	d0208a1e9b4fde642b9752da2907d82d5b530a6e2e6e18ef71d5524a92d1cf9a	256	170	256	35	35.0726	+0.0726	3	true	4916	214	false	33.217	12.9037	33.217
secant	d0208a1e9b4fde642b9752da2907d82d5b530a6e2e6e18ef71d5524a92d1cf9a	256	170	256	40	39.9914	-0.0086	5	true	5350	359	NA	NA	NA	NA
zloop	d0208a1e9b4fde642b9752da2907d82d5b530a6e2e6e18ef71d5524a92d1cf9a	256	170	256	40	39.7938	-0.2062	3	true	5250	223	false	35.999	17.9119	35.999
secant	d0208a1e9b4fde642b9752da2907d82d5b530a6e2e6e18ef71d5524a92d1cf9a	256	170	256	45	45.3224	+0.3224	4	true	6148	296	NA	NA	NA	NA
zloop	d0208a1e9b4fde642b9752da2907d82d5b530a6e2e6e18ef71d5524a92d1cf9a	256	170	256	45	45.3224	+0.3224	3	true	6148	218	false	40.040	28.8048	40.040
secant	d0208a1e9b4fde642b9752da2907d82d5b530a6e2e6e18ef71d5524a92d1cf9a	256	170	256	50	49.5203	-0.4797	6	true	6804	386	NA	NA	NA	NA
zloop	d0208a1e9b4fde642b9752da2907d82d5b530a6e2e6e18ef71d5524a92d1cf9a	256	170	256	50	49.5203	-0.4797	6	true	6804	380	false	42.495	32.0425	42.495
secant	d0208a1e9b4fde642b9752da2907d82d5b530a6e2e6e18ef71d5524a92d1cf9a	256	170	256	55	56.5431	+1.5431	6	false	7935	398	NA	NA	NA	NA
zloop	d0208a1e9b4fde642b9752da2907d82d5b530a6e2e6e18ef71d5524a92d1cf9a	256	170	256	55	56.5431	+1.5431	5	false	7935	337	false	45.937	38.8309	45.937
secant	d0208a1e9b4fde642b9752da2907d82d5b530a6e2e6e18ef71d5524a92d1cf9a	256	170	256	60	59.7214	-0.2786	4	true	8747	262	NA	NA	NA	NA
zloop	d0208a1e9b4fde642b9752da2907d82d5b530a6e2e6e18ef71d5524a92d1cf9a	256	170	256	60	59.5306	-0.4694	3	true	8582	192	false	50.294	49.0819	50.294
secant	d0208a1e9b4fde642b9752da2907d82d5b530a6e2e6e18ef71d5524a92d1cf9a	256	170	256	65	64.9888	-0.0112	4	true	11094	280	NA	NA	NA	NA
zloop	d0208a1e9b4fde642b9752da2907d82d5b530a6e2e6e18ef71d5524a92d1cf9a	256	170	256	65	64.9888	-0.0112	4	true	11094	281	false	56.654	59.0133	56.654
secant	d0208a1e9b4fde642b9752da2907d82d5b530a6e2e6e18ef71d5524a92d1cf9a	256	170	256	70	69.7839	-0.2161	4	true	12518	289	NA	NA	NA	NA
zloop	d0208a1e9b4fde642b9752da2907d82d5b530a6e2e6e18ef71d5524a92d1cf9a	256	170	256	70	69.7839	-0.2161	4	true	12518	297	false	61.060	63.6169	61.060
secant	d0208a1e9b4fde642b9752da2907d82d5b530a6e2e6e18ef71d5524a92d1cf9a	256	170	256	75	75.3851	+0.3851	3	true	16001	230	NA	NA	NA	NA
zloop	d0208a1e9b4fde642b9752da2907d82d5b530a6e2e6e18ef71d5524a92d1cf9a	256	170	256	75	74.9626	-0.0374	3	true	15864	231	false	66.338	68.2726	66.338
secant	d0208a1e9b4fde642b9752da2907d82d5b530a6e2e6e18ef71d5524a92d1cf9a	256	170	256	80	79.6888	-0.3112	2	true	20519	167	NA	NA	NA	NA
zloop	d0208a1e9b4fde642b9752da2907d82d5b530a6e2e6e18ef71d5524a92d1cf9a	256	170	256	80	79.9827	-0.0173	4	true	20869	345	false	74.021	75.6368	74.021
secant	d0208a1e9b4fde642b9752da2907d82d5b530a6e2e6e18ef71d5524a92d1cf9a	256	170	256	85	84.5471	-0.4529	3	true	26721	288	NA	NA	NA	NA
zloop	d0208a1e9b4fde642b9752da2907d82d5b530a6e2e6e18ef71d5524a92d1cf9a	256	170	256	85	85.2085	+0.2085	3	true	26909	289	false	81.451	80.7110	81.451
secant	d0208a1e9b4fde642b9752da2907d82d5b530a6e2e6e18ef71d5524a92d1cf9a	256	170	256	90	90.1716	+0.1716	2	true	44469	213	NA	NA	NA	NA
zloop	d0208a1e9b4fde642b9752da2907d82d5b530a6e2e6e18ef71d5524a92d1cf9a	256	170	256	90	89.9912	-0.0088	3	true	42500	329	false	92.628	88.4642	92.628
secant	d0208a1e9b4fde642b9752da2907d82d5b530a6e2e6e18ef71d5524a92d1cf9a	1024	680	1024	20	19.7601	-0.2399	4	true	53245	3658	NA	NA	NA	NA
zloop	d0208a1e9b4fde642b9752da2907d82d5b530a6e2e6e18ef71d5524a92d1cf9a	1024	680	1024	20	20.0918	+0.0918	3	true	52013	2649	false	24.546	7.9453	24.546
secant	d0208a1e9b4fde642b9752da2907d82d5b530a6e2e6e18ef71d5524a92d1cf9a	1024	680	1024	25	24.5293	-0.4707	4	true	58095	3790	NA	NA	NA	NA
zloop	d0208a1e9b4fde642b9752da2907d82d5b530a6e2e6e18ef71d5524a92d1cf9a	1024	680	1024	25	24.5293	-0.4707	4	true	58095	3667	false	27.502	8.8937	27.502
secant	d0208a1e9b4fde642b9752da2907d82d5b530a6e2e6e18ef71d5524a92d1cf9a	1024	680	1024	30	30.1162	+0.1162	5	true	64532	4635	NA	NA	NA	NA
zloop	d0208a1e9b4fde642b9752da2907d82d5b530a6e2e6e18ef71d5524a92d1cf9a	1024	680	1024	30	30.1162	+0.1162	3	true	64532	2907	false	30.540	10.0096	30.540
secant	d0208a1e9b4fde642b9752da2907d82d5b530a6e2e6e18ef71d5524a92d1cf9a	1024	680	1024	35	35.2992	+0.2992	4	true	74501	3812	NA	NA	NA	NA
zloop	d0208a1e9b4fde642b9752da2907d82d5b530a6e2e6e18ef71d5524a92d1cf9a	1024	680	1024	35	35.2992	+0.2992	4	true	74501	3987	false	33.217	13.1701	33.217
secant	d0208a1e9b4fde642b9752da2907d82d5b530a6e2e6e18ef71d5524a92d1cf9a	1024	680	1024	40	39.8656	-0.1344	5	true	82555	4930	NA	NA	NA	NA
zloop	d0208a1e9b4fde642b9752da2907d82d5b530a6e2e6e18ef71d5524a92d1cf9a	1024	680	1024	40	39.5868	-0.4132	3	true	80679	3073	false	35.999	16.5776	35.999
secant	d0208a1e9b4fde642b9752da2907d82d5b530a6e2e6e18ef71d5524a92d1cf9a	1024	680	1024	45	45.3938	+0.3938	4	true	96488	3962	NA	NA	NA	NA
zloop	d0208a1e9b4fde642b9752da2907d82d5b530a6e2e6e18ef71d5524a92d1cf9a	1024	680	1024	45	45.3938	+0.3938	3	true	96488	2799	false	40.040	26.6365	40.040
secant	d0208a1e9b4fde642b9752da2907d82d5b530a6e2e6e18ef71d5524a92d1cf9a	1024	680	1024	50	49.6382	-0.3618	5	true	104846	4224	NA	NA	NA	NA
zloop	d0208a1e9b4fde642b9752da2907d82d5b530a6e2e6e18ef71d5524a92d1cf9a	1024	680	1024	50	49.7964	-0.2036	3	true	103170	2578	false	42.495	31.3221	42.495
secant	d0208a1e9b4fde642b9752da2907d82d5b530a6e2e6e18ef71d5524a92d1cf9a	1024	680	1024	55	55.5677	+0.5677	6	false	113065	5064	NA	NA	NA	NA
zloop	d0208a1e9b4fde642b9752da2907d82d5b530a6e2e6e18ef71d5524a92d1cf9a	1024	680	1024	55	55.5677	+0.5677	6	false	113065	5022	false	45.937	39.5868	45.937
secant	d0208a1e9b4fde642b9752da2907d82d5b530a6e2e6e18ef71d5524a92d1cf9a	1024	680	1024	60	60.2693	+0.2693	4	true	139369	3801	NA	NA	NA	NA
zloop	d0208a1e9b4fde642b9752da2907d82d5b530a6e2e6e18ef71d5524a92d1cf9a	1024	680	1024	60	60.3579	+0.3579	2	true	141556	1610	false	50.294	50.2005	50.294
secant	d0208a1e9b4fde642b9752da2907d82d5b530a6e2e6e18ef71d5524a92d1cf9a	1024	680	1024	65	65.4600	+0.4600	4	true	160557	3425	NA	NA	NA	NA
zloop	d0208a1e9b4fde642b9752da2907d82d5b530a6e2e6e18ef71d5524a92d1cf9a	1024	680	1024	65	65.4600	+0.4600	3	true	160557	2572	false	56.654	59.7463	56.654
secant	d0208a1e9b4fde642b9752da2907d82d5b530a6e2e6e18ef71d5524a92d1cf9a	1024	680	1024	70	70.4477	+0.4477	3	true	184911	2703	NA	NA	NA	NA
zloop	d0208a1e9b4fde642b9752da2907d82d5b530a6e2e6e18ef71d5524a92d1cf9a	1024	680	1024	70	70.8712	+0.8712	6	false	182493	5460	false	61.060	64.4406	61.060
secant	d0208a1e9b4fde642b9752da2907d82d5b530a6e2e6e18ef71d5524a92d1cf9a	1024	680	1024	75	75.2149	+0.2149	2	true	228263	1904	NA	NA	NA	NA
zloop	d0208a1e9b4fde642b9752da2907d82d5b530a6e2e6e18ef71d5524a92d1cf9a	1024	680	1024	75	75.2149	+0.2149	2	true	228263	1931	false	66.338	69.4499	66.338
secant	d0208a1e9b4fde642b9752da2907d82d5b530a6e2e6e18ef71d5524a92d1cf9a	1024	680	1024	80	80.1415	+0.1415	3	true	286187	3159	NA	NA	NA	NA
zloop	d0208a1e9b4fde642b9752da2907d82d5b530a6e2e6e18ef71d5524a92d1cf9a	1024	680	1024	80	80.3057	+0.3057	3	true	284077	3146	false	74.021	76.5702	74.021
secant	d0208a1e9b4fde642b9752da2907d82d5b530a6e2e6e18ef71d5524a92d1cf9a	1024	680	1024	85	85.0555	+0.0555	3	true	366546	3512	NA	NA	NA	NA
zloop	d0208a1e9b4fde642b9752da2907d82d5b530a6e2e6e18ef71d5524a92d1cf9a	1024	680	1024	85	85.1227	+0.1227	2	true	371243	2283	false	81.451	82.0452	81.451
secant	d0208a1e9b4fde642b9752da2907d82d5b530a6e2e6e18ef71d5524a92d1cf9a	1024	680	1024	90	90.3958	+0.3958	2	true	631882	2712	NA	NA	NA	NA
zloop	d0208a1e9b4fde642b9752da2907d82d5b530a6e2e6e18ef71d5524a92d1cf9a	1024	680	1024	90	89.7126	-0.2874	1	true	526526	1318	false	92.628	89.7126	92.628
secant	ebfd571f1c6824316047a29cb5f376eec15f56dd51821119c1842be068a8b950	64	64	64	20	26.0390	+6.0390	6	false	361	22	NA	NA	NA	NA
zloop	ebfd571f1c6824316047a29cb5f376eec15f56dd51821119c1842be068a8b950	64	64	64	20	26.0390	+6.0390	6	false	361	21	false	24.546	14.3917	24.546
secant	ebfd571f1c6824316047a29cb5f376eec15f56dd51821119c1842be068a8b950	64	64	64	25	26.6352	+1.6352	6	false	368	23	NA	NA	NA	NA
zloop	ebfd571f1c6824316047a29cb5f376eec15f56dd51821119c1842be068a8b950	64	64	64	25	26.6352	+1.6352	6	false	368	22	false	27.502	14.3949	27.502
secant	ebfd571f1c6824316047a29cb5f376eec15f56dd51821119c1842be068a8b950	64	64	64	30	32.3221	+2.3221	6	false	382	24	NA	NA	NA	NA
zloop	ebfd571f1c6824316047a29cb5f376eec15f56dd51821119c1842be068a8b950	64	64	64	30	33.1492	+3.1492	6	false	384	24	false	30.540	28.4972	30.540
secant	ebfd571f1c6824316047a29cb5f376eec15f56dd51821119c1842be068a8b950	64	64	64	35	39.5513	+4.5513	6	false	388	24	NA	NA	NA	NA
zloop	ebfd571f1c6824316047a29cb5f376eec15f56dd51821119c1842be068a8b950	64	64	64	35	35.7581	+0.7581	4	false	398	17	false	33.217	32.4460	33.217
secant	ebfd571f1c6824316047a29cb5f376eec15f56dd51821119c1842be068a8b950	64	64	64	40	39.8536	-0.1464	1	true	405	4	NA	NA	NA	NA
zloop	ebfd571f1c6824316047a29cb5f376eec15f56dd51821119c1842be068a8b950	64	64	64	40	39.6608	-0.3392	1	true	397	4	false	35.999	39.6608	35.999
secant	ebfd571f1c6824316047a29cb5f376eec15f56dd51821119c1842be068a8b950	64	64	64	45	47.6607	+2.6607	6	false	417	26	NA	NA	NA	NA
zloop	ebfd571f1c6824316047a29cb5f376eec15f56dd51821119c1842be068a8b950	64	64	64	45	47.6607	+2.6607	5	false	417	21	false	40.040	47.6607	40.040
secant	ebfd571f1c6824316047a29cb5f376eec15f56dd51821119c1842be068a8b950	64	64	64	50	51.9023	+1.9023	6	false	440	28	NA	NA	NA	NA
zloop	ebfd571f1c6824316047a29cb5f376eec15f56dd51821119c1842be068a8b950	64	64	64	50	51.9023	+1.9023	6	false	440	29	false	42.495	48.1691	42.495
secant	ebfd571f1c6824316047a29cb5f376eec15f56dd51821119c1842be068a8b950	64	64	64	55	55.0056	+0.0056	4	true	461	19	NA	NA	NA	NA
zloop	ebfd571f1c6824316047a29cb5f376eec15f56dd51821119c1842be068a8b950	64	64	64	55	55.0056	+0.0056	3	true	461	12	false	45.937	48.7400	45.937
secant	ebfd571f1c6824316047a29cb5f376eec15f56dd51821119c1842be068a8b950	64	64	64	60	61.1820	+1.1820	5	false	486	18	NA	NA	NA	NA
zloop	ebfd571f1c6824316047a29cb5f376eec15f56dd51821119c1842be068a8b950	64	64	64	60	61.9449	+1.9449	6	false	475	25	false	50.294	61.3050	50.294
secant	ebfd571f1c6824316047a29cb5f376eec15f56dd51821119c1842be068a8b950	64	64	64	65	64.7037	-0.2963	1	true	517	3	NA	NA	NA	NA
zloop	ebfd571f1c6824316047a29cb5f376eec15f56dd51821119c1842be068a8b950	64	64	64	65	66.0327	+1.0327	6	false	546	24	false	56.654	63.0718	56.654
secant	ebfd571f1c6824316047a29cb5f376eec15f56dd51821119c1842be068a8b950	64	64	64	70	70.2151	+0.2151	5	true	605	21	NA	NA	NA	NA
zloop	ebfd571f1c6824316047a29cb5f376eec15f56dd51821119c1842be068a8b950	64	64	64	70	70.2151	+0.2151	4	true	605	16	false	61.060	68.8228	61.060
secant	ebfd571f1c6824316047a29cb5f376eec15f56dd51821119c1842be068a8b950	64	64	64	75	75.3867	+0.3867	6	true	670	27	NA	NA	NA	NA
zloop	ebfd571f1c6824316047a29cb5f376eec15f56dd51821119c1842be068a8b950	64	64	64	75	74.6044	-0.3956	1	true	660	4	false	66.338	74.6044	66.338
secant	ebfd571f1c6824316047a29cb5f376eec15f56dd51821119c1842be068a8b950	64	64	64	80	82.6115	+2.6115	5	false	863	25	NA	NA	NA	NA
zloop	ebfd571f1c6824316047a29cb5f376eec15f56dd51821119c1842be068a8b950	64	64	64	80	80.2075	+0.2075	3	true	816	14	false	74.021	79.1022	74.021
secant	ebfd571f1c6824316047a29cb5f376eec15f56dd51821119c1842be068a8b950	64	64	64	85	84.9953	-0.0047	3	true	962	15	NA	NA	NA	NA
zloop	ebfd571f1c6824316047a29cb5f376eec15f56dd51821119c1842be068a8b950	64	64	64	85	85.0701	+0.0701	1	true	1020	5	false	81.451	85.0701	81.451
secant	ebfd571f1c6824316047a29cb5f376eec15f56dd51821119c1842be068a8b950	64	64	64	90	90.0130	+0.0130	1	true	1507	6	NA	NA	NA	NA
zloop	ebfd571f1c6824316047a29cb5f376eec15f56dd51821119c1842be068a8b950	64	64	64	90	89.9885	-0.0115	1	true	1593	6	false	92.628	89.9885	92.628
secant	ebfd571f1c6824316047a29cb5f376eec15f56dd51821119c1842be068a8b950	256	256	256	20	20.7594	+0.7594	6	false	1184	410	NA	NA	NA	NA
zloop	ebfd571f1c6824316047a29cb5f376eec15f56dd51821119c1842be068a8b950	256	256	256	20	20.7594	+0.7594	6	false	1184	402	false	24.546	15.7221	24.546
secant	ebfd571f1c6824316047a29cb5f376eec15f56dd51821119c1842be068a8b950	256	256	256	25	26.6555	+1.6555	6	false	1242	458	NA	NA	NA	NA
zloop	ebfd571f1c6824316047a29cb5f376eec15f56dd51821119c1842be068a8b950	256	256	256	25	25.4282	+0.4282	2	true	1295	139	false	27.502	18.9375	27.502
secant	ebfd571f1c6824316047a29cb5f376eec15f56dd51821119c1842be068a8b950	256	256	256	30	30.0273	+0.0273	3	true	1472	220	NA	NA	NA	NA
zloop	ebfd571f1c6824316047a29cb5f376eec15f56dd51821119c1842be068a8b950	256	256	256	30	30.4934	+0.4934	5	true	1401	346	false	30.540	26.6555	30.540
secant	ebfd571f1c6824316047a29cb5f376eec15f56dd51821119c1842be068a8b950	256	256	256	35	35.4749	+0.4749	3	true	1599	213	NA	NA	NA	NA
zloop	ebfd571f1c6824316047a29cb5f376eec15f56dd51821119c1842be068a8b950	256	256	256	35	36.1075	+1.1075	5	false	1655	342	false	33.217	30.4934	33.217
secant	ebfd571f1c6824316047a29cb5f376eec15f56dd51821119c1842be068a8b950	256	256	256	40	39.8768	-0.1232	5	true	1816	365	NA	NA	NA	NA
zloop	ebfd571f1c6824316047a29cb5f376eec15f56dd51821119c1842be068a8b950	256	256	256	40	40.5288	+0.5288	6	false	1771	440	false	35.999	31.3155	35.999
secant	ebfd571f1c6824316047a29cb5f376eec15f56dd51821119c1842be068a8b950	256	256	256	45	45.2517	+0.2517	4	true	2320	290	NA	NA	NA	NA
zloop	ebfd571f1c6824316047a29cb5f376eec15f56dd51821119c1842be068a8b950	256	256	256	45	45.1570	+0.1570	2	true	2150	152	false	40.040	40.5288	40.040
secant	ebfd571f1c6824316047a29cb5f376eec15f56dd51821119c1842be068a8b950	256	256	256	50	51.0627	+1.0627	5	false	2617	368	NA	NA	NA	NA
zloop	ebfd571f1c6824316047a29cb5f376eec15f56dd51821119c1842be068a8b950	256	256	256	50	51.0627	+1.0627	5	false	2617	395	false	42.495	42.9180	42.495
secant	ebfd571f1c6824316047a29cb5f376eec15f56dd51821119c1842be068a8b950	256	256	256	55	55.5166	+0.5166	4	false	2906	273	NA	NA	NA	NA
zloop	ebfd571f1c6824316047a29cb5f376eec15f56dd51821119c1842be068a8b950	256	256	256	55	55.5166	+0.5166	6	false	2906	380	false	45.937	47.2967	45.937
secant	ebfd571f1c6824316047a29cb5f376eec15f56dd51821119c1842be068a8b950	256	256	256	60	60.0565	+0.0565	3	true	3583	176	NA	NA	NA	NA
zloop	ebfd571f1c6824316047a29cb5f376eec15f56dd51821119c1842be068a8b950	256	256	256	60	60.4492	+0.4492	3	true	3643	168	false	50.294	55.5166	50.294
secant	ebfd571f1c6824316047a29cb5f376eec15f56dd51821119c1842be068a8b950	256	256	256	65	65.2346	+0.2346	6	true	4128	350	NA	NA	NA	NA
zloop	ebfd571f1c6824316047a29cb5f376eec15f56dd51821119c1842be068a8b950	256	256	256	65	65.2346	+0.2346	3	true	4128	177	false	56.654	64.3017	56.654
secant	ebfd571f1c6824316047a29cb5f376eec15f56dd51821119c1842be068a8b950	256	256	256	70	69.6974	-0.3026	3	true	4878	180	NA	NA	NA	NA
zloop	ebfd571f1c6824316047a29cb5f376eec15f56dd51821119c1842be068a8b950	256	256	256	70	69.6974	-0.3026	1	true	4878	63	false	61.060	69.6974	61.060
secant	ebfd571f1c6824316047a29cb5f376eec15f56dd51821119c1842be068a8b950	256	256	256	75	75.4526	+0.4526	1	true	6472	63	NA	NA	NA	NA
zloop	ebfd571f1c6824316047a29cb5f376eec15f56dd51821119c1842be068a8b950	256	256	256	75	75.3012	+0.3012	1	true	6198	62	false	66.338	75.3012	66.338
secant	ebfd571f1c6824316047a29cb5f376eec15f56dd51821119c1842be068a8b950	256	256	256	80	80.4585	+0.4585	4	true	7901	263	NA	NA	NA	NA
zloop	ebfd571f1c6824316047a29cb5f376eec15f56dd51821119c1842be068a8b950	256	256	256	80	80.4585	+0.4585	4	true	7901	260	false	74.021	81.8735	74.021
secant	ebfd571f1c6824316047a29cb5f376eec15f56dd51821119c1842be068a8b950	256	256	256	85	85.0355	+0.0355	4	true	9862	266	NA	NA	NA	NA
zloop	ebfd571f1c6824316047a29cb5f376eec15f56dd51821119c1842be068a8b950	256	256	256	85	84.9838	-0.0162	2	true	9772	136	false	81.451	86.3473	81.451
secant	ebfd571f1c6824316047a29cb5f376eec15f56dd51821119c1842be068a8b950	256	256	256	90	90.2941	+0.2941	3	true	14981	209	NA	NA	NA	NA
zloop	ebfd571f1c6824316047a29cb5f376eec15f56dd51821119c1842be068a8b950	256	256	256	90	89.8745	-0.1255	2	true	14426	146	false	92.628	91.4037	92.628
secant	ebfd571f1c6824316047a29cb5f376eec15f56dd51821119c1842be068a8b950	1024	1024	1024	20	20.6755	+0.6755	6	false	15112	6774	NA	NA	NA	NA
zloop	ebfd571f1c6824316047a29cb5f376eec15f56dd51821119c1842be068a8b950	1024	1024	1024	20	22.3457	+2.3457	5	false	16541	5778	false	24.546	17.6191	24.546
secant	ebfd571f1c6824316047a29cb5f376eec15f56dd51821119c1842be068a8b950	1024	1024	1024	25	24.8772	-0.1228	4	true	17517	4590	NA	NA	NA	NA
zloop	ebfd571f1c6824316047a29cb5f376eec15f56dd51821119c1842be068a8b950	1024	1024	1024	25	24.8772	-0.1228	3	true	17517	3467	false	27.502	25.6317	27.502
secant	ebfd571f1c6824316047a29cb5f376eec15f56dd51821119c1842be068a8b950	1024	1024	1024	30	30.4655	+0.4655	1	true	20352	1186	NA	NA	NA	NA
zloop	ebfd571f1c6824316047a29cb5f376eec15f56dd51821119c1842be068a8b950	1024	1024	1024	30	29.6291	-0.3709	1	true	20995	1155	false	30.540	29.6291	30.540
secant	ebfd571f1c6824316047a29cb5f376eec15f56dd51821119c1842be068a8b950	1024	1024	1024	35	34.6834	-0.3166	4	true	25629	4583	NA	NA	NA	NA
zloop	ebfd571f1c6824316047a29cb5f376eec15f56dd51821119c1842be068a8b950	1024	1024	1024	35	34.6834	-0.3166	3	true	25629	3493	false	33.217	35.8250	33.217
secant	ebfd571f1c6824316047a29cb5f376eec15f56dd51821119c1842be068a8b950	1024	1024	1024	40	42.7230	+2.7230	6	false	28786	6869	NA	NA	NA	NA
zloop	ebfd571f1c6824316047a29cb5f376eec15f56dd51821119c1842be068a8b950	1024	1024	1024	40	39.5851	-0.4149	3	true	28132	3489	false	35.999	42.9298	35.999
secant	ebfd571f1c6824316047a29cb5f376eec15f56dd51821119c1842be068a8b950	1024	1024	1024	45	47.1150	+2.1150	6	false	34771	6942	NA	NA	NA	NA
zloop	ebfd571f1c6824316047a29cb5f376eec15f56dd51821119c1842be068a8b950	1024	1024	1024	45	47.1150	+2.1150	6	false	34771	7020	false	40.040	45.7213	40.040
secant	ebfd571f1c6824316047a29cb5f376eec15f56dd51821119c1842be068a8b950	1024	1024	1024	50	56.0047	+6.0047	6	false	43614	9233	NA	NA	NA	NA
zloop	ebfd571f1c6824316047a29cb5f376eec15f56dd51821119c1842be068a8b950	1024	1024	1024	50	51.0881	+1.0881	6	false	38363	7237	false	42.495	52.2164	42.495
secant	ebfd571f1c6824316047a29cb5f376eec15f56dd51821119c1842be068a8b950	1024	1024	1024	55	56.0047	+1.0047	6	false	43614	6972	NA	NA	NA	NA
zloop	ebfd571f1c6824316047a29cb5f376eec15f56dd51821119c1842be068a8b950	1024	1024	1024	55	56.0047	+1.0047	6	false	43614	7149	false	45.937	60.9427	45.937
secant	ebfd571f1c6824316047a29cb5f376eec15f56dd51821119c1842be068a8b950	1024	1024	1024	60	59.5784	-0.4216	4	true	48828	4301	NA	NA	NA	NA
zloop	ebfd571f1c6824316047a29cb5f376eec15f56dd51821119c1842be068a8b950	1024	1024	1024	60	59.5784	-0.4216	4	true	48828	4292	false	50.294	63.4812	50.294
secant	ebfd571f1c6824316047a29cb5f376eec15f56dd51821119c1842be068a8b950	1024	1024	1024	65	65.3819	+0.3819	4	true	59394	3528	NA	NA	NA	NA
zloop	ebfd571f1c6824316047a29cb5f376eec15f56dd51821119c1842be068a8b950	1024	1024	1024	65	65.3819	+0.3819	4	true	59394	3522	false	56.654	72.9909	56.654
secant	ebfd571f1c6824316047a29cb5f376eec15f56dd51821119c1842be068a8b950	1024	1024	1024	70	70.0206	+0.0206	5	true	66930	3946	NA	NA	NA	NA
zloop	ebfd571f1c6824316047a29cb5f376eec15f56dd51821119c1842be068a8b950	1024	1024	1024	70	70.0206	+0.0206	2	true	66930	1582	false	61.060	75.8756	61.060
secant	ebfd571f1c6824316047a29cb5f376eec15f56dd51821119c1842be068a8b950	1024	1024	1024	75	75.2854	+0.2854	4	true	75873	3227	NA	NA	NA	NA
zloop	ebfd571f1c6824316047a29cb5f376eec15f56dd51821119c1842be068a8b950	1024	1024	1024	75	75.2854	+0.2854	2	true	75873	1647	false	66.338	79.8628	66.338
secant	ebfd571f1c6824316047a29cb5f376eec15f56dd51821119c1842be068a8b950	1024	1024	1024	80	79.8628	-0.1372	2	true	94544	1693	NA	NA	NA	NA
zloop	ebfd571f1c6824316047a29cb5f376eec15f56dd51821119c1842be068a8b950	1024	1024	1024	80	79.5459	-0.4541	3	true	92229	2521	false	74.021	86.7678	74.021
secant	ebfd571f1c6824316047a29cb5f376eec15f56dd51821119c1842be068a8b950	1024	1024	1024	85	86.3537	+1.3537	6	false	115391	5095	NA	NA	NA	NA
zloop	ebfd571f1c6824316047a29cb5f376eec15f56dd51821119c1842be068a8b950	1024	1024	1024	85	84.6007	-0.3993	4	true	110752	3439	false	81.451	90.0405	81.451
secant	ebfd571f1c6824316047a29cb5f376eec15f56dd51821119c1842be068a8b950	1024	1024	1024	90	90.1931	+0.1931	3	true	146887	2579	NA	NA	NA	NA
zloop	ebfd571f1c6824316047a29cb5f376eec15f56dd51821119c1842be068a8b950	1024	1024	1024	90	90.2128	+0.2128	3	true	148207	2594	false	92.628	92.3704	92.628
secant	937476dd72f98638f34299dda5e9c252621b5e809c364692fc2934e000583286	64	64	48	20	26.4236	+6.4236	2	false	293	7	NA	NA	NA	NA
zloop	937476dd72f98638f34299dda5e9c252621b5e809c364692fc2934e000583286	64	64	48	20	26.4236	+6.4236	4	false	293	16	false	24.546	46.4684	24.546
secant	937476dd72f98638f34299dda5e9c252621b5e809c364692fc2934e000583286	64	64	48	25	26.4236	+1.4236	3	false	293	11	NA	NA	NA	NA
zloop	937476dd72f98638f34299dda5e9c252621b5e809c364692fc2934e000583286	64	64	48	25	26.6956	+1.6956	6	false	294	22	false	27.502	46.2120	27.502
secant	937476dd72f98638f34299dda5e9c252621b5e809c364692fc2934e000583286	64	64	48	30	29.9352	-0.0648	3	true	294	10	NA	NA	NA	NA
zloop	937476dd72f98638f34299dda5e9c252621b5e809c364692fc2934e000583286	64	64	48	30	34.2785	+4.2785	6	false	295	24	false	30.540	48.0241	30.540
secant	937476dd72f98638f34299dda5e9c252621b5e809c364692fc2934e000583286	64	64	48	35	35.0561	+0.0561	4	true	300	16	NA	NA	NA	NA
zloop	937476dd72f98638f34299dda5e9c252621b5e809c364692fc2934e000583286	64	64	48	35	42.7931	+7.7931	6	false	302	24	false	33.217	47.3529	33.217
secant	937476dd72f98638f34299dda5e9c252621b5e809c364692fc2934e000583286	64	64	48	40	43.5573	+3.5573	6	false	303	24	NA	NA	NA	NA
zloop	937476dd72f98638f34299dda5e9c252621b5e809c364692fc2934e000583286	64	64	48	40	46.4684	+6.4684	6	false	305	24	false	35.999	54.0459	35.999
secant	937476dd72f98638f34299dda5e9c252621b5e809c364692fc2934e000583286	64	64	48	45	45.6498	+0.6498	6	false	308	25	NA	NA	NA	NA
zloop	937476dd72f98638f34299dda5e9c252621b5e809c364692fc2934e000583286	64	64	48	45	46.4684	+1.4684	6	false	305	24	false	40.040	54.4182	40.040
secant	937476dd72f98638f34299dda5e9c252621b5e809c364692fc2934e000583286	64	64	48	50	50.0224	+0.0224	4	true	313	16	NA	NA	NA	NA
zloop	937476dd72f98638f34299dda5e9c252621b5e809c364692fc2934e000583286	64	64	48	50	49.5967	-0.4033	4	true	311	17	false	42.495	57.8123	42.495
secant	937476dd72f98638f34299dda5e9c252621b5e809c364692fc2934e000583286	64	64	48	55	54.6796	-0.3204	3	true	321	12	NA	NA	NA	NA
zloop	937476dd72f98638f34299dda5e9c252621b5e809c364692fc2934e000583286	64	64	48	55	57.1185	+2.1185	6	false	328	26	false	45.937	58.9822	45.937
secant	937476dd72f98638f34299dda5e9c252621b5e809c364692fc2934e000583286	64	64	48	60	59.5703	-0.4297	3	true	341	13	NA	NA	NA	NA
zloop	937476dd72f98638f34299dda5e9c252621b5e809c364692fc2934e000583286	64	64	48	60	63.1358	+3.1358	6	false	354	27	false	50.294	63.1358	50.294
secant	937476dd72f98638f34299dda5e9c252621b5e809c364692fc2934e000583286	64	64	48	65	64.8892	-0.1108	3	true	365	11	NA	NA	NA	NA
zloop	937476dd72f98638f34299dda5e9c252621b5e809c364692fc2934e000583286	64	64	48	65	64.9124	-0.0876	2	true	366	8	false	56.654	70.1036	56.654
secant	937476dd72f98638f34299dda5e9c252621b5e809c364692fc2934e000583286	64	64	48	70	69.5221	-0.4779	3	true	394	12	NA	NA	NA	NA
zloop	937476dd72f98638f34299dda5e9c252621b5e809c364692fc2934e000583286	64	64	48	70	70.1793	+0.1793	2	true	397	7	false	61.060	74.4828	61.060
secant	937476dd72f98638f34299dda5e9c252621b5e809c364692fc2934e000583286	64	64	48	75	74.5741	-0.4259	4	true	441	15	NA	NA	NA	NA
zloop	937476dd72f98638f34299dda5e9c252621b5e809c364692fc2934e000583286	64	64	48	75	74.7710	-0.2290	3	true	454	12	false	66.338	78.4122	66.338
secant	937476dd72f98638f34299dda5e9c252621b5e809c364692fc2934e000583286	64	64	48	80	79.7238	-0.2762	2	true	533	9	NA	NA	NA	NA
zloop	937476dd72f98638f34299dda5e9c252621b5e809c364692fc2934e000583286	64	64	48	80	79.7238	-0.2762	4	true	533	18	false	74.021	84.4560	74.021
secant	937476dd72f98638f34299dda5e9c252621b5e809c364692fc2934e000583286	64	64	48	85	85.4000	+0.4000	3	true	648	13	NA	NA	NA	NA
zloop	937476dd72f98638f34299dda5e9c252621b5e809c364692fc2934e000583286	64	64	48	85	85.2754	+0.2754	2	true	639	9	false	81.451	88.6363	81.451
secant	937476dd72f98638f34299dda5e9c252621b5e809c364692fc2934e000583286	64	64	48	90	89.6116	-0.3884	3	true	860	14	NA	NA	NA	NA
zloop	937476dd72f98638f34299dda5e9c252621b5e809c364692fc2934e000583286	64	64	48	90	89.8189	-0.1811	3	true	923	14	false	92.628	92.4108	92.628
secant	937476dd72f98638f34299dda5e9c252621b5e809c364692fc2934e000583286	256	256	192	20	29.6809	+9.6809	3	false	421	101	NA	NA	NA	NA
zloop	937476dd72f98638f34299dda5e9c252621b5e809c364692fc2934e000583286	256	256	192	20	29.6809	+9.6809	6	false	421	202	false	24.546	28.7347	24.546
secant	937476dd72f98638f34299dda5e9c252621b5e809c364692fc2934e000583286	256	256	192	25	29.6315	+4.6315	6	false	422	205	NA	NA	NA	NA
zloop	937476dd72f98638f34299dda5e9c252621b5e809c364692fc2934e000583286	256	256	192	25	28.3869	+3.3869	6	false	498	223	false	27.502	27.8738	27.502
secant	937476dd72f98638f34299dda5e9c252621b5e809c364692fc2934e000583286	256	256	192	30	30.0859	+0.0859	2	true	916	81	NA	NA	NA	NA
zloop	937476dd72f98638f34299dda5e9c252621b5e809c364692fc2934e000583286	256	256	192	30	29.9147	-0.0853	3	true	853	122	false	30.540	29.2264	30.540
secant	937476dd72f98638f34299dda5e9c252621b5e809c364692fc2934e000583286	256	256	192	35	34.7852	-0.2148	4	true	1416	164	NA	NA	NA	NA
zloop	937476dd72f98638f34299dda5e9c252621b5e809c364692fc2934e000583286	256	256	192	35	34.5963	-0.4037	5	true	1340	204	false	33.217	30.0633	33.217
secant	937476dd72f98638f34299dda5e9c252621b5e809c364692fc2934e000583286	256	256	192	40	41.3877	+1.3877	6	false	1919	257	NA	NA	NA	NA
zloop	937476dd72f98638f34299dda5e9c252621b5e809c364692fc2934e000583286	256	256	192	40	41.3877	+1.3877	6	false	1919	245	false	35.999	30.5405	35.999
secant	937476dd72f98638f34299dda5e9c252621b5e809c364692fc2934e000583286	256	256	192	45	44.6829	-0.3171	5	true	2200	205	NA	NA	NA	NA
zloop	937476dd72f98638f34299dda5e9c252621b5e809c364692fc2934e000583286	256	256	192	45	44.6829	-0.3171	6	true	2200	246	false	40.040	33.9513	40.040
secant	937476dd72f98638f34299dda5e9c252621b5e809c364692fc2934e000583286	256	256	192	50	50.7920	+0.7920	6	false	2440	219	NA	NA	NA	NA
zloop	937476dd72f98638f34299dda5e9c252621b5e809c364692fc2934e000583286	256	256	192	50	50.7920	+0.7920	6	false	2440	200	false	42.495	34.3591	42.495
secant	937476dd72f98638f34299dda5e9c252621b5e809c364692fc2934e000583286	256	256	192	55	54.8224	-0.1776	6	true	2638	193	NA	NA	NA	NA
zloop	937476dd72f98638f34299dda5e9c252621b5e809c364692fc2934e000583286	256	256	192	55	54.8224	-0.1776	5	true	2638	165	false	45.937	39.4775	45.937
secant	937476dd72f98638f34299dda5e9c252621b5e809c364692fc2934e000583286	256	256	192	60	60.0810	+0.0810	3	true	3462	88	NA	NA	NA	NA
zloop	937476dd72f98638f34299dda5e9c252621b5e809c364692fc2934e000583286	256	256	192	60	60.0668	+0.0668	3	true	3526	89	false	50.294	50.7920	50.294
secant	937476dd72f98638f34299dda5e9c252621b5e809c364692fc2934e000583286	256	256	192	65	65.5055	+0.5055	5	false	4494	158	NA	NA	NA	NA
zloop	937476dd72f98638f34299dda5e9c252621b5e809c364692fc2934e000583286	256	256	192	65	65.5055	+0.5055	5	false	4494	159	false	56.654	60.0668	56.654
secant	937476dd72f98638f34299dda5e9c252621b5e809c364692fc2934e000583286	256	256	192	70	70.2910	+0.2910	3	true	5336	98	NA	NA	NA	NA
zloop	937476dd72f98638f34299dda5e9c252621b5e809c364692fc2934e000583286	256	256	192	70	70.2910	+0.2910	2	true	5336	65	false	61.060	67.6961	61.060
secant	937476dd72f98638f34299dda5e9c252621b5e809c364692fc2934e000583286	256	256	192	75	75.0318	+0.0318	3	true	6336	100	NA	NA	NA	NA
zloop	937476dd72f98638f34299dda5e9c252621b5e809c364692fc2934e000583286	256	256	192	75	74.6664	-0.3336	1	true	6246	32	false	66.338	74.6664	66.338
secant	937476dd72f98638f34299dda5e9c252621b5e809c364692fc2934e000583286	256	256	192	80	80.0209	+0.0209	3	true	8549	109	NA	NA	NA	NA
zloop	937476dd72f98638f34299dda5e9c252621b5e809c364692fc2934e000583286	256	256	192	80	80.0209	+0.0209	3	true	8549	107	false	74.021	82.9928	74.021
secant	937476dd72f98638f34299dda5e9c252621b5e809c364692fc2934e000583286	256	256	192	85	85.1813	+0.1813	4	true	10862	152	NA	NA	NA	NA
zloop	937476dd72f98638f34299dda5e9c252621b5e809c364692fc2934e000583286	256	256	192	85	85.1813	+0.1813	3	true	10862	116	false	81.451	87.5531	81.451
secant	937476dd72f98638f34299dda5e9c252621b5e809c364692fc2934e000583286	256	256	192	90	89.7044	-0.2956	2	true	16140	80	NA	NA	NA	NA
zloop	937476dd72f98638f34299dda5e9c252621b5e809c364692fc2934e000583286	256	256	192	90	90.4270	+0.4270	2	true	16753	82	false	92.628	91.8301	92.628
secant	937476dd72f98638f34299dda5e9c252621b5e809c364692fc2934e000583286	1024	1024	768	20	19.6627	-0.3373	5	true	50755	4173	NA	NA	NA	NA
zloop	937476dd72f98638f34299dda5e9c252621b5e809c364692fc2934e000583286	1024	1024	768	20	23.1422	+3.1422	6	false	59869	4911	false	24.546	13.9689	24.546
secant	937476dd72f98638f34299dda5e9c252621b5e809c364692fc2934e000583286	1024	1024	768	25	26.0736	+1.0736	6	false	68051	4872	NA	NA	NA	NA
zloop	937476dd72f98638f34299dda5e9c252621b5e809c364692fc2934e000583286	1024	1024	768	25	26.0736	+1.0736	6	false	68051	4890	false	27.502	15.1904	27.502
secant	937476dd72f98638f34299dda5e9c252621b5e809c364692fc2934e000583286	1024	1024	768	30	29.9825	-0.0175	3	true	80402	2468	NA	NA	NA	NA
zloop	937476dd72f98638f34299dda5e9c252621b5e809c364692fc2934e000583286	1024	1024	768	30	30.3023	+0.3023	3	true	82220	2476	false	30.540	17.0677	30.540
secant	937476dd72f98638f34299dda5e9c252621b5e809c364692fc2934e000583286	1024	1024	768	35	35.7184	+0.7184	6	false	99865	4634	NA	NA	NA	NA
zloop	937476dd72f98638f34299dda5e9c252621b5e809c364692fc2934e000583286	1024	1024	768	35	34.6366	-0.3634	6	true	97629	4948	false	33.217	17.6191	33.217
secant	937476dd72f98638f34299dda5e9c252621b5e809c364692fc2934e000583286	1024	1024	768	40	40.6212	+0.6212	5	false	110119	3857	NA	NA	NA	NA
zloop	937476dd72f98638f34299dda5e9c252621b5e809c364692fc2934e000583286	1024	1024	768	40	40.6212	+0.6212	5	false	110119	4195	false	35.999	20.1157	35.999
secant	937476dd72f98638f34299dda5e9c252621b5e809c364692fc2934e000583286	1024	1024	768	45	44.9864	-0.0136	3	true	122922	2206	NA	NA	NA	NA
zloop	937476dd72f98638f34299dda5e9c252621b5e809c364692fc2934e000583286	1024	1024	768	45	45.5901	+0.5901	6	false	124968	4540	false	40.040	27.5448	40.040
secant	937476dd72f98638f34299dda5e9c252621b5e809c364692fc2934e000583286	1024	1024	768	50	50.6219	+0.6219	6	false	133245	3460	NA	NA	NA	NA
zloop	937476dd72f98638f34299dda5e9c252621b5e809c364692fc2934e000583286	1024	1024	768	50	50.6219	+0.6219	6	false	133245	3435	false	42.495	30.3023	42.495
secant	937476dd72f98638f34299dda5e9c252621b5e809c364692fc2934e000583286	1024	1024	768	55	55.8941	+0.8941	6	false	142236	3479	NA	NA	NA	NA
zloop	937476dd72f98638f34299dda5e9c252621b5e809c364692fc2934e000583286	1024	1024	768	55	55.8941	+0.8941	6	false	142236	3492	false	45.937	34.6366	45.937
secant	937476dd72f98638f34299dda5e9c252621b5e809c364692fc2934e000583286	1024	1024	768	60	60.3292	+0.3292	4	true	158410	2116	NA	NA	NA	NA
zloop	937476dd72f98638f34299dda5e9c252621b5e809c364692fc2934e000583286	1024	1024	768	60	60.3292	+0.3292	5	true	158410	2652	false	50.294	47.3714	50.294
secant	937476dd72f98638f34299dda5e9c252621b5e809c364692fc2934e000583286	1024	1024	768	65	65.3874	+0.3874	5	true	186626	2702	NA	NA	NA	NA
zloop	937476dd72f98638f34299dda5e9c252621b5e809c364692fc2934e000583286	1024	1024	768	65	65.3874	+0.3874	4	true	186626	2170	false	56.654	61.0040	56.654
secant	937476dd72f98638f34299dda5e9c252621b5e809c364692fc2934e000583286	1024	1024	768	70	69.7563	-0.2437	4	true	199555	2209	NA	NA	NA	NA
zloop	937476dd72f98638f34299dda5e9c252621b5e809c364692fc2934e000583286	1024	1024	768	70	69.7563	-0.2437	4	true	199555	2231	false	61.060	67.7517	61.060
secant	937476dd72f98638f34299dda5e9c252621b5e809c364692fc2934e000583286	1024	1024	768	75	75.0988	+0.0988	3	true	224054	1681	NA	NA	NA	NA
zloop	937476dd72f98638f34299dda5e9c252621b5e809c364692fc2934e000583286	1024	1024	768	75	74.8483	-0.1517	1	true	221673	558	false	66.338	74.8483	66.338
secant	937476dd72f98638f34299dda5e9c252621b5e809c364692fc2934e000583286	1024	1024	768	80	80.2667	+0.2667	4	true	267891	2330	NA	NA	NA	NA
zloop	937476dd72f98638f34299dda5e9c252621b5e809c364692fc2934e000583286	1024	1024	768	80	80.2667	+0.2667	3	true	267891	1753	false	74.021	82.5389	74.021
secant	937476dd72f98638f34299dda5e9c252621b5e809c364692fc2934e000583286	1024	1024	768	85	85.2396	+0.2396	4	true	311512	2480	NA	NA	NA	NA
zloop	937476dd72f98638f34299dda5e9c252621b5e809c364692fc2934e000583286	1024	1024	768	85	85.2396	+0.2396	3	true	311512	1850	false	81.451	87.5859	81.451
secant	937476dd72f98638f34299dda5e9c252621b5e809c364692fc2934e000583286	1024	1024	768	90	90.2367	+0.2367	2	true	399041	1356	NA	NA	NA	NA
zloop	937476dd72f98638f34299dda5e9c252621b5e809c364692fc2934e000583286	1024	1024	768	90	90.1746	+0.1746	2	true	401924	1381	false	92.628	92.1048	92.628
secant	c9510efb03d1852c29ecad84cc0558768728681a3b9b04eae0dbbd9be142dd95	64	64	43	20	21.4468	+1.4468	6	false	504	38	NA	NA	NA	NA
zloop	c9510efb03d1852c29ecad84cc0558768728681a3b9b04eae0dbbd9be142dd95	64	64	43	20	21.4468	+1.4468	6	false	504	37	false	24.546	21.4468	24.546
secant	c9510efb03d1852c29ecad84cc0558768728681a3b9b04eae0dbbd9be142dd95	64	64	43	25	25.4168	+0.4168	4	true	572	26	NA	NA	NA	NA
zloop	c9510efb03d1852c29ecad84cc0558768728681a3b9b04eae0dbbd9be142dd95	64	64	43	25	29.9975	+4.9975	6	false	558	37	false	27.502	24.1525	27.502
secant	c9510efb03d1852c29ecad84cc0558768728681a3b9b04eae0dbbd9be142dd95	64	64	43	30	29.6169	-0.3831	2	true	659	13	NA	NA	NA	NA
zloop	c9510efb03d1852c29ecad84cc0558768728681a3b9b04eae0dbbd9be142dd95	64	64	43	30	29.6169	-0.3831	2	true	659	13	false	30.540	28.9911	30.540
secant	c9510efb03d1852c29ecad84cc0558768728681a3b9b04eae0dbbd9be142dd95	64	64	43	35	43.4088	+8.4088	6	false	738	41	NA	NA	NA	NA
zloop	c9510efb03d1852c29ecad84cc0558768728681a3b9b04eae0dbbd9be142dd95	64	64	43	35	38.2514	+3.2514	6	false	680	40	false	33.217	32.5646	33.217
secant	c9510efb03d1852c29ecad84cc0558768728681a3b9b04eae0dbbd9be142dd95	64	64	43	40	43.4088	+3.4088	6	false	738	41	NA	NA	NA	NA
zloop	c9510efb03d1852c29ecad84cc0558768728681a3b9b04eae0dbbd9be142dd95	64	64	43	40	43.4088	+3.4088	6	false	738	41	false	35.999	38.2514	35.999
secant	c9510efb03d1852c29ecad84cc0558768728681a3b9b04eae0dbbd9be142dd95	64	64	43	45	46.7646	+1.7646	6	false	795	42	NA	NA	NA	NA
zloop	c9510efb03d1852c29ecad84cc0558768728681a3b9b04eae0dbbd9be142dd95	64	64	43	45	45.4512	+0.4512	4	true	872	29	false	40.040	43.9367	40.040
secant	c9510efb03d1852c29ecad84cc0558768728681a3b9b04eae0dbbd9be142dd95	64	64	43	50	50.2753	+0.2753	3	true	902	22	NA	NA	NA	NA
zloop	c9510efb03d1852c29ecad84cc0558768728681a3b9b04eae0dbbd9be142dd95	64	64	43	50	50.2753	+0.2753	6	true	902	44	false	42.495	46.2452	42.495
secant	c9510efb03d1852c29ecad84cc0558768728681a3b9b04eae0dbbd9be142dd95	64	64	43	55	57.2686	+2.2686	5	false	992	37	NA	NA	NA	NA
zloop	c9510efb03d1852c29ecad84cc0558768728681a3b9b04eae0dbbd9be142dd95	64	64	43	55	57.2686	+2.2686	6	false	992	44	false	45.937	52.4102	45.937
secant	c9510efb03d1852c29ecad84cc0558768728681a3b9b04eae0dbbd9be142dd95	64	64	43	60	60.8983	+0.8983	6	false	1049	43	NA	NA	NA	NA
zloop	c9510efb03d1852c29ecad84cc0558768728681a3b9b04eae0dbbd9be142dd95	64	64	43	60	60.8983	+0.8983	5	false	1049	36	false	50.294	57.8689	50.294
secant	c9510efb03d1852c29ecad84cc0558768728681a3b9b04eae0dbbd9be142dd95	64	64	43	65	64.6292	-0.3708	4	true	1217	29	NA	NA	NA	NA
zloop	c9510efb03d1852c29ecad84cc0558768728681a3b9b04eae0dbbd9be142dd95	64	64	43	65	64.6292	-0.3708	2	true	1217	13	false	56.654	63.9399	56.654
secant	c9510efb03d1852c29ecad84cc0558768728681a3b9b04eae0dbbd9be142dd95	64	64	43	70	71.7645	+1.7645	6	false	1430	48	NA	NA	NA	NA
zloop	c9510efb03d1852c29ecad84cc0558768728681a3b9b04eae0dbbd9be142dd95	64	64	43	70	69.7612	-0.2388	2	true	1419	15	false	61.060	68.0286	61.060
secant	c9510efb03d1852c29ecad84cc0558768728681a3b9b04eae0dbbd9be142dd95	64	64	43	75	74.8207	-0.1793	4	true	1606	35	NA	NA	NA	NA
zloop	c9510efb03d1852c29ecad84cc0558768728681a3b9b04eae0dbbd9be142dd95	64	64	43	75	75.0413	+0.0413	6	true	1680	51	false	66.338	73.1623	66.338
secant	c9510efb03d1852c29ecad84cc0558768728681a3b9b04eae0dbbd9be142dd95	64	64	43	80	79.8117	-0.1883	4	true	2082	38	NA	NA	NA	NA
zloop	c9510efb03d1852c29ecad84cc0558768728681a3b9b04eae0dbbd9be142dd95	64	64	43	80	79.9455	-0.0545	5	true	2109	46	false	74.021	76.6292	74.021
secant	c9510efb03d1852c29ecad84cc0558768728681a3b9b04eae0dbbd9be142dd95	64	64	43	85	85.0904	+0.0904	4	true	2488	40	NA	NA	NA	NA
zloop	c9510efb03d1852c29ecad84cc0558768728681a3b9b04eae0dbbd9be142dd95	64	64	43	85	85.0904	+0.0904	2	true	2488	20	false	81.451	83.5813	81.451
secant	c9510efb03d1852c29ecad84cc0558768728681a3b9b04eae0dbbd9be142dd95	64	64	43	90	90.0754	+0.0754	4	true	3669	46	NA	NA	NA	NA
zloop	c9510efb03d1852c29ecad84cc0558768728681a3b9b04eae0dbbd9be142dd95	64	64	43	90	89.6161	-0.3839	2	true	3713	22	false	92.628	89.3201	92.628
secant	c9510efb03d1852c29ecad84cc0558768728681a3b9b04eae0dbbd9be142dd95	256	256	170	20	21.2079	+1.2079	6	false	2935	393	NA	NA	NA	NA
zloop	c9510efb03d1852c29ecad84cc0558768728681a3b9b04eae0dbbd9be142dd95	256	256	170	20	21.2079	+1.2079	5	false	2935	332	false	24.546	13.6697	24.546
secant	c9510efb03d1852c29ecad84cc0558768728681a3b9b04eae0dbbd9be142dd95	256	256	170	25	24.7920	-0.2080	4	true	3135	276	NA	NA	NA	NA
zloop	c9510efb03d1852c29ecad84cc0558768728681a3b9b04eae0dbbd9be142dd95	256	256	170	25	24.7920	-0.2080	2	true	3135	134	false	27.502	19.9378	27.502
secant	c9510efb03d1852c29ecad84cc0558768728681a3b9b04eae0dbbd9be142dd95	256	256	170	30	30.9015	+0.9015	5	false	3568	353	NA	NA	NA	NA
zloop	c9510efb03d1852c29ecad84cc0558768728681a3b9b04eae0dbbd9be142dd95	256	256	170	30	30.9015	+0.9015	4	false	3568	282	false	30.540	24.7920	30.540
secant	c9510efb03d1852c29ecad84cc0558768728681a3b9b04eae0dbbd9be142dd95	256	256	170	35	35.7555	+0.7555	6	false	4247	428	NA	NA	NA	NA
zloop	c9510efb03d1852c29ecad84cc0558768728681a3b9b04eae0dbbd9be142dd95	256	256	170	35	35.7555	+0.7555	6	false	4247	432	false	33.217	29.3347	33.217
secant	c9510efb03d1852c29ecad84cc0558768728681a3b9b04eae0dbbd9be142dd95	256	256	170	40	40.0092	+0.0092	4	true	4500	290	NA	NA	NA	NA
zloop	c9510efb03d1852c29ecad84cc0558768728681a3b9b04eae0dbbd9be142dd95	256	256	170	40	40.0092	+0.0092	2	true	4500	143	false	35.999	34.4861	35.999
secant	c9510efb03d1852c29ecad84cc0558768728681a3b9b04eae0dbbd9be142dd95	256	256	170	45	45.0586	+0.0586	3	true	5044	225	NA	NA	NA	NA
zloop	c9510efb03d1852c29ecad84cc0558768728681a3b9b04eae0dbbd9be142dd95	256	256	170	45	45.0586	+0.0586	2	true	5044	146	false	40.040	41.8985	40.040
secant	c9510efb03d1852c29ecad84cc0558768728681a3b9b04eae0dbbd9be142dd95	256	256	170	50	51.5191	+1.5191	5	false	5673	395	NA	NA	NA	NA
zloop	c9510efb03d1852c29ecad84cc0558768728681a3b9b04eae0dbbd9be142dd95	256	256	170	50	51.5191	+1.5191	6	false	5673	461	false	42.495	45.0586	42.495
secant	c9510efb03d1852c29ecad84cc0558768728681a3b9b04eae0dbbd9be142dd95	256	256	170	55	56.6640	+1.6640	6	false	6464	479	NA	NA	NA	NA
zloop	c9510efb03d1852c29ecad84cc0558768728681a3b9b04eae0dbbd9be142dd95	256	256	170	55	56.6640	+1.6640	5	false	6464	401	false	45.937	51.5902	45.937
secant	c9510efb03d1852c29ecad84cc0558768728681a3b9b04eae0dbbd9be142dd95	256	256	170	60	60.2824	+0.2824	4	true	7133	265	NA	NA	NA	NA
zloop	c9510efb03d1852c29ecad84cc0558768728681a3b9b04eae0dbbd9be142dd95	256	256	170	60	60.2824	+0.2824	2	true	7133	120	false	50.294	58.6494	50.294
secant	c9510efb03d1852c29ecad84cc0558768728681a3b9b04eae0dbbd9be142dd95	256	256	170	65	66.8398	+1.8398	5	false	8733	330	NA	NA	NA	NA
zloop	c9510efb03d1852c29ecad84cc0558768728681a3b9b04eae0dbbd9be142dd95	256	256	170	65	66.8398	+1.8398	6	false	8733	397	false	56.654	64.4953	56.654
secant	c9510efb03d1852c29ecad84cc0558768728681a3b9b04eae0dbbd9be142dd95	256	256	170	70	70.3180	+0.3180	4	true	9971	270	NA	NA	NA	NA
zloop	c9510efb03d1852c29ecad84cc0558768728681a3b9b04eae0dbbd9be142dd95	256	256	170	70	70.9072	+0.9072	5	false	9830	336	false	61.060	70.9072	61.060
secant	c9510efb03d1852c29ecad84cc0558768728681a3b9b04eae0dbbd9be142dd95	256	256	170	75	74.8148	-0.1852	1	true	11917	73	NA	NA	NA	NA
zloop	c9510efb03d1852c29ecad84cc0558768728681a3b9b04eae0dbbd9be142dd95	256	256	170	75	74.8148	-0.1852	3	true	11917	218	false	66.338	74.3678	66.338
secant	c9510efb03d1852c29ecad84cc0558768728681a3b9b04eae0dbbd9be142dd95	256	256	170	80	80.3005	+0.3005	3	true	15657	236	NA	NA	NA	NA
zloop	c9510efb03d1852c29ecad84cc0558768728681a3b9b04eae0dbbd9be142dd95	256	256	170	80	80.3734	+0.3734	4	true	15773	325	false	74.021	79.4818	74.021
secant	c9510efb03d1852c29ecad84cc0558768728681a3b9b04eae0dbbd9be142dd95	256	256	170	85	85.4685	+0.4685	1	true	20617	88	NA	NA	NA	NA
zloop	c9510efb03d1852c29ecad84cc0558768728681a3b9b04eae0dbbd9be142dd95	256	256	170	85	84.9657	-0.0343	3	true	19819	268	false	81.451	84.3697	81.451
secant	c9510efb03d1852c29ecad84cc0558768728681a3b9b04eae0dbbd9be142dd95	256	256	170	90	90.1013	+0.1013	3	true	31306	315	NA	NA	NA	NA
zloop	c9510efb03d1852c29ecad84cc0558768728681a3b9b04eae0dbbd9be142dd95	256	256	170	90	89.8732	-0.1268	1	true	30765	100	false	92.628	89.8732	92.628
secant	c9510efb03d1852c29ecad84cc0558768728681a3b9b04eae0dbbd9be142dd95	1024	1024	680	20	19.7391	-0.2609	3	true	16258	2634	NA	NA	NA	NA
zloop	c9510efb03d1852c29ecad84cc0558768728681a3b9b04eae0dbbd9be142dd95	1024	1024	680	20	19.7391	-0.2609	1	true	16258	878	false	24.546	19.7391	24.546
secant	c9510efb03d1852c29ecad84cc0558768728681a3b9b04eae0dbbd9be142dd95	1024	1024	680	25	25.4851	+0.4851	5	true	18235	4465	NA	NA	NA	NA
zloop	c9510efb03d1852c29ecad84cc0558768728681a3b9b04eae0dbbd9be142dd95	1024	1024	680	25	27.6059	+2.6059	6	false	18803	5410	false	27.502	23.8465	27.502
secant	c9510efb03d1852c29ecad84cc0558768728681a3b9b04eae0dbbd9be142dd95	1024	1024	680	30	29.8665	-0.1335	3	true	20790	2770	NA	NA	NA	NA
zloop	c9510efb03d1852c29ecad84cc0558768728681a3b9b04eae0dbbd9be142dd95	1024	1024	680	30	29.8665	-0.1335	3	true	20790	2817	false	30.540	28.9248	30.540
secant	c9510efb03d1852c29ecad84cc0558768728681a3b9b04eae0dbbd9be142dd95	1024	1024	680	35	34.8623	-0.1377	1	true	23085	953	NA	NA	NA	NA
zloop	c9510efb03d1852c29ecad84cc0558768728681a3b9b04eae0dbbd9be142dd95	1024	1024	680	35	34.8623	-0.1377	4	true	23085	3795	false	33.217	33.3963	33.217
secant	c9510efb03d1852c29ecad84cc0558768728681a3b9b04eae0dbbd9be142dd95	1024	1024	680	40	39.7035	-0.2965	4	true	24866	3789	NA	NA	NA	NA
zloop	c9510efb03d1852c29ecad84cc0558768728681a3b9b04eae0dbbd9be142dd95	1024	1024	680	40	39.7035	-0.2965	1	true	24866	966	false	35.999	39.7035	35.999
secant	c9510efb03d1852c29ecad84cc0558768728681a3b9b04eae0dbbd9be142dd95	1024	1024	680	45	44.5296	-0.4704	3	true	27415	2925	NA	NA	NA	NA
zloop	c9510efb03d1852c29ecad84cc0558768728681a3b9b04eae0dbbd9be142dd95	1024	1024	680	45	44.5296	-0.4704	2	true	27415	1907	false	40.040	47.7265	40.040
secant	c9510efb03d1852c29ecad84cc0558768728681a3b9b04eae0dbbd9be142dd95	1024	1024	680	50	50.4720	+0.4720	3	true	31418	3026	NA	NA	NA	NA
zloop	c9510efb03d1852c29ecad84cc0558768728681a3b9b04eae0dbbd9be142dd95	1024	1024	680	50	49.9439	-0.0561	3	true	30360	3004	false	42.495	51.1707	42.495
secant	c9510efb03d1852c29ecad84cc0558768728681a3b9b04eae0dbbd9be142dd95	1024	1024	680	55	55.8045	+0.8045	6	false	35145	6064	NA	NA	NA	NA
zloop	c9510efb03d1852c29ecad84cc0558768728681a3b9b04eae0dbbd9be142dd95	1024	1024	680	55	55.8045	+0.8045	5	false	35145	5053	false	45.937	56.4273	45.937
secant	c9510efb03d1852c29ecad84cc0558768728681a3b9b04eae0dbbd9be142dd95	1024	1024	680	60	60.1127	+0.1127	3	true	40010	2841	NA	NA	NA	NA
zloop	c9510efb03d1852c29ecad84cc0558768728681a3b9b04eae0dbbd9be142dd95	1024	1024	680	60	59.6528	-0.3472	1	true	40377	747	false	50.294	59.6528	50.294
secant	c9510efb03d1852c29ecad84cc0558768728681a3b9b04eae0dbbd9be142dd95	1024	1024	680	65	65.1592	+0.1592	3	true	46985	2336	NA	NA	NA	NA
zloop	c9510efb03d1852c29ecad84cc0558768728681a3b9b04eae0dbbd9be142dd95	1024	1024	680	65	65.1592	+0.1592	2	true	46985	1595	false	56.654	66.9117	56.654
secant	c9510efb03d1852c29ecad84cc0558768728681a3b9b04eae0dbbd9be142dd95	1024	1024	680	70	70.7878	+0.7878	4	false	55187	3264	NA	NA	NA	NA
zloop	c9510efb03d1852c29ecad84cc0558768728681a3b9b04eae0dbbd9be142dd95	1024	1024	680	70	70.7878	+0.7878	6	false	55187	4885	false	61.060	70.9291	61.060
secant	c9510efb03d1852c29ecad84cc0558768728681a3b9b04eae0dbbd9be142dd95	1024	1024	680	75	75.3679	+0.3679	1	true	69086	861	NA	NA	NA	NA
zloop	c9510efb03d1852c29ecad84cc0558768728681a3b9b04eae0dbbd9be142dd95	1024	1024	680	75	75.2636	+0.2636	1	true	66463	851	false	66.338	75.2636	66.338
secant	c9510efb03d1852c29ecad84cc0558768728681a3b9b04eae0dbbd9be142dd95	1024	1024	680	80	79.6728	-0.3272	3	true	83804	2751	NA	NA	NA	NA
zloop	c9510efb03d1852c29ecad84cc0558768728681a3b9b04eae0dbbd9be142dd95	1024	1024	680	80	79.6728	-0.3272	2	true	83804	1841	false	74.021	80.8239	74.021
secant	c9510efb03d1852c29ecad84cc0558768728681a3b9b04eae0dbbd9be142dd95	1024	1024	680	85	85.3318	+0.3318	3	true	114447	2974	NA	NA	NA	NA
zloop	c9510efb03d1852c29ecad84cc0558768728681a3b9b04eae0dbbd9be142dd95	1024	1024	680	85	85.0272	+0.0272	1	true	113355	986	false	81.451	85.0272	81.451
secant	c9510efb03d1852c29ecad84cc0558768728681a3b9b04eae0dbbd9be142dd95	1024	1024	680	90	90.1508	+0.1508	3	true	209552	3444	NA	NA	NA	NA
zloop	c9510efb03d1852c29ecad84cc0558768728681a3b9b04eae0dbbd9be142dd95	1024	1024	680	90	90.1508	+0.1508	1	true	209552	1119	false	92.628	90.1508	92.628
secant	0369d229ba4c9965d5caeb38c359a027a810968eee930b81520b604e76b4df14	64	43	64	20	24.7472	+4.7472	6	false	434	41	NA	NA	NA	NA
zloop	0369d229ba4c9965d5caeb38c359a027a810968eee930b81520b604e76b4df14	64	43	64	20	20.9167	+0.9167	6	false	434	39	false	24.546	35.9366	24.546
secant	0369d229ba4c9965d5caeb38c359a027a810968eee930b81520b604e76b4df14	64	43	64	25	27.3643	+2.3643	6	false	479	42	NA	NA	NA	NA
zloop	0369d229ba4c9965d5caeb38c359a027a810968eee930b81520b604e76b4df14	64	43	64	25	27.7086	+2.7086	6	false	470	42	false	27.502	37.7619	27.502
secant	0369d229ba4c9965d5caeb38c359a027a810968eee930b81520b604e76b4df14	64	43	64	30	29.5727	-0.4273	5	true	500	36	NA	NA	NA	NA
zloop	0369d229ba4c9965d5caeb38c359a027a810968eee930b81520b604e76b4df14	64	43	64	30	29.5488	-0.4512	2	true	484	14	false	30.540	44.2719	30.540
secant	0369d229ba4c9965d5caeb38c359a027a810968eee930b81520b604e76b4df14	64	43	64	35	41.9487	+6.9487	6	false	536	45	NA	NA	NA	NA
zloop	0369d229ba4c9965d5caeb38c359a027a810968eee930b81520b604e76b4df14	64	43	64	35	35.9366	+0.9366	6	false	510	45	false	33.217	44.6611	33.217
secant	0369d229ba4c9965d5caeb38c359a027a810968eee930b81520b604e76b4df14	64	43	64	40	40.4245	+0.4245	5	true	557	39	NA	NA	NA	NA
zloop	0369d229ba4c9965d5caeb38c359a027a810968eee930b81520b604e76b4df14	64	43	64	40	40.4245	+0.4245	4	true	557	30	false	35.999	47.4164	35.999
secant	0369d229ba4c9965d5caeb38c359a027a810968eee930b81520b604e76b4df14	64	43	64	45	44.6611	-0.3389	5	true	592	40	NA	NA	NA	NA
zloop	0369d229ba4c9965d5caeb38c359a027a810968eee930b81520b604e76b4df14	64	43	64	45	45.4881	+0.4881	3	true	571	24	false	40.040	55.2703	40.040
secant	0369d229ba4c9965d5caeb38c359a027a810968eee930b81520b604e76b4df14	64	43	64	50	49.5728	-0.4272	3	true	653	24	NA	NA	NA	NA
zloop	0369d229ba4c9965d5caeb38c359a027a810968eee930b81520b604e76b4df14	64	43	64	50	51.8598	+1.8598	6	false	670	50	false	42.495	56.7514	42.495
secant	0369d229ba4c9965d5caeb38c359a027a810968eee930b81520b604e76b4df14	64	43	64	55	57.4681	+2.4681	6	false	693	50	NA	NA	NA	NA
zloop	0369d229ba4c9965d5caeb38c359a027a810968eee930b81520b604e76b4df14	64	43	64	55	55.9824	+0.9824	5	false	745	42	false	45.937	58.0580	45.937
secant	0369d229ba4c9965d5caeb38c359a027a810968eee930b81520b604e76b4df14	64	43	64	60	61.7923	+1.7923	6	false	786	52	NA	NA	NA	NA
zloop	0369d229ba4c9965d5caeb38c359a027a810968eee930b81520b604e76b4df14	64	43	64	60	61.0132	+1.0132	6	false	777	49	false	50.294	63.0362	50.294
secant	0369d229ba4c9965d5caeb38c359a027a810968eee930b81520b604e76b4df14	64	43	64	65	65.3596	+0.3596	4	true	889	32	NA	NA	NA	NA
zloop	0369d229ba4c9965d5caeb38c359a027a810968eee930b81520b604e76b4df14	64	43	64	65	65.0760	+0.0760	4	true	910	31	false	56.654	71.0742	56.654
secant	0369d229ba4c9965d5caeb38c359a027a810968eee930b81520b604e76b4df14	64	43	64	70	71.0742	+1.0742	6	false	960	51	NA	NA	NA	NA
zloop	0369d229ba4c9965d5caeb38c359a027a810968eee930b81520b604e76b4df14	64	43	64	70	71.0742	+1.0742	6	false	960	48	false	61.060	74.0831	61.060
secant	0369d229ba4c9965d5caeb38c359a027a810968eee930b81520b604e76b4df14	64	43	64	75	75.3832	+0.3832	4	true	1155	36	NA	NA	NA	NA
zloop	0369d229ba4c9965d5caeb38c359a027a810968eee930b81520b604e76b4df14	64	43	64	75	75.3832	+0.3832	4	true	1155	36	false	66.338	77.0655	66.338
secant	0369d229ba4c9965d5caeb38c359a027a810968eee930b81520b604e76b4df14	64	43	64	80	80.2095	+0.2095	4	true	1490	42	NA	NA	NA	NA
zloop	0369d229ba4c9965d5caeb38c359a027a810968eee930b81520b604e76b4df14	64	43	64	80	79.8940	-0.1060	1	true	1489	9	false	74.021	79.8940	74.021
secant	0369d229ba4c9965d5caeb38c359a027a810968eee930b81520b604e76b4df14	64	43	64	85	85.3471	+0.3471	3	true	1777	34	NA	NA	NA	NA
zloop	0369d229ba4c9965d5caeb38c359a027a810968eee930b81520b604e76b4df14	64	43	64	85	86.1590	+1.1590	5	false	1844	52	false	81.451	84.4148	81.451
secant	0369d229ba4c9965d5caeb38c359a027a810968eee930b81520b604e76b4df14	64	43	64	90	89.7809	-0.2191	1	true	2571	10	NA	NA	NA	NA
zloop	0369d229ba4c9965d5caeb38c359a027a810968eee930b81520b604e76b4df14	64	43	64	90	90.2871	+0.2871	1	true	2717	12	false	92.628	90.2871	92.628
secant	0369d229ba4c9965d5caeb38c359a027a810968eee930b81520b604e76b4df14	256	170	256	20	20.7478	+0.7478	6	false	1355	394	NA	NA	NA	NA
zloop	0369d229ba4c9965d5caeb38c359a027a810968eee930b81520b604e76b4df14	256	170	256	20	20.2795	+0.2795	2	true	1443	139	false	24.546	26.7129	24.546
secant	0369d229ba4c9965d5caeb38c359a027a810968eee930b81520b604e76b4df14	256	170	256	25	25.5646	+0.5646	6	false	1565	415	NA	NA	NA	NA
zloop	0369d229ba4c9965d5caeb38c359a027a810968eee930b81520b604e76b4df14	256	170	256	25	26.7129	+1.7129	6	false	1634	427	false	27.502	33.4608	27.502
secant	0369d229ba4c9965d5caeb38c359a027a810968eee930b81520b604e76b4df14	256	170	256	30	33.2943	+3.2943	6	false	1756	423	NA	NA	NA	NA
zloop	0369d229ba4c9965d5caeb38c359a027a810968eee930b81520b604e76b4df14	256	170	256	30	30.6957	+0.6957	5	false	1731	357	false	30.540	41.4545	30.540
secant	0369d229ba4c9965d5caeb38c359a027a810968eee930b81520b604e76b4df14	256	170	256	35	38.8581	+3.8581	6	false	1860	443	NA	NA	NA	NA
zloop	0369d229ba4c9965d5caeb38c359a027a810968eee930b81520b604e76b4df14	256	170	256	35	38.8581	+3.8581	5	false	1860	375	false	33.217	39.4042	33.217
secant	0369d229ba4c9965d5caeb38c359a027a810968eee930b81520b604e76b4df14	256	170	256	40	39.9093	-0.0907	4	true	1860	305	NA	NA	NA	NA
zloop	0369d229ba4c9965d5caeb38c359a027a810968eee930b81520b604e76b4df14	256	170	256	40	39.9093	-0.0907	3	true	1860	229	false	35.999	47.3055	35.999
secant	0369d229ba4c9965d5caeb38c359a027a810968eee930b81520b604e76b4df14	256	170	256	45	44.8838	-0.1162	3	true	2174	238	NA	NA	NA	NA
zloop	0369d229ba4c9965d5caeb38c359a027a810968eee930b81520b604e76b4df14	256	170	256	45	47.7357	+2.7357	6	false	2354	491	false	40.040	50.5564	40.040
secant	0369d229ba4c9965d5caeb38c359a027a810968eee930b81520b604e76b4df14	256	170	256	50	51.2878	+1.2878	6	false	2442	483	NA	NA	NA	NA
zloop	0369d229ba4c9965d5caeb38c359a027a810968eee930b81520b604e76b4df14	256	170	256	50	51.2878	+1.2878	6	false	2442	488	false	42.495	55.6340	42.495
secant	0369d229ba4c9965d5caeb38c359a027a810968eee930b81520b604e76b4df14	256	170	256	55	56.1287	+1.1287	6	false	2619	511	NA	NA	NA	NA
zloop	0369d229ba4c9965d5caeb38c359a027a810968eee930b81520b604e76b4df14	256	170	256	55	55.6340	+0.6340	5	false	2795	417	false	45.937	60.1404	45.937
secant	0369d229ba4c9965d5caeb38c359a027a810968eee930b81520b604e76b4df14	256	170	256	60	60.1404	+0.1404	4	true	3267	328	NA	NA	NA	NA
zloop	0369d229ba4c9965d5caeb38c359a027a810968eee930b81520b604e76b4df14	256	170	256	60	60.2233	+0.2233	2	true	3329	156	false	50.294	62.5096	50.294
secant	0369d229ba4c9965d5caeb38c359a027a810968eee930b81520b604e76b4df14	256	170	256	65	64.6098	-0.3902	3	true	3914	212	NA	NA	NA	NA
zloop	0369d229ba4c9965d5caeb38c359a027a810968eee930b81520b604e76b4df14	256	170	256	65	64.5747	-0.4253	3	true	3967	211	false	56.654	70.2636	56.654
secant	0369d229ba4c9965d5caeb38c359a027a810968eee930b81520b604e76b4df14	256	170	256	70	70.7637	+0.7637	6	false	4545	434	NA	NA	NA	NA
zloop	0369d229ba4c9965d5caeb38c359a027a810968eee930b81520b604e76b4df14	256	170	256	70	70.4816	+0.4816	3	true	4614	222	false	61.060	73.6654	61.060
secant	0369d229ba4c9965d5caeb38c359a027a810968eee930b81520b604e76b4df14	256	170	256	75	74.9463	-0.0537	2	true	5672	159	NA	NA	NA	NA
zloop	0369d229ba4c9965d5caeb38c359a027a810968eee930b81520b604e76b4df14	256	170	256	75	75.1448	+0.1448	1	true	5860	84	false	66.338	75.1448	66.338
secant	0369d229ba4c9965d5caeb38c359a027a810968eee930b81520b604e76b4df14	256	170	256	80	80.3969	+0.3969	3	true	8046	262	NA	NA	NA	NA
zloop	0369d229ba4c9965d5caeb38c359a027a810968eee930b81520b604e76b4df14	256	170	256	80	79.7916	-0.2084	1	true	7786	90	false	74.021	79.7916	74.021
secant	0369d229ba4c9965d5caeb38c359a027a810968eee930b81520b604e76b4df14	256	170	256	85	84.6466	-0.3534	3	true	10479	284	NA	NA	NA	NA
zloop	0369d229ba4c9965d5caeb38c359a027a810968eee930b81520b604e76b4df14	256	170	256	85	84.9632	-0.0368	4	true	10462	382	false	81.451	84.0661	81.451
secant	0369d229ba4c9965d5caeb38c359a027a810968eee930b81520b604e76b4df14	256	170	256	90	90.2947	+0.2947	3	true	19250	326	NA	NA	NA	NA
zloop	0369d229ba4c9965d5caeb38c359a027a810968eee930b81520b604e76b4df14	256	170	256	90	90.2786	+0.2786	1	true	18253	102	false	92.628	90.2786	92.628
secant	0369d229ba4c9965d5caeb38c359a027a810968eee930b81520b604e76b4df14	1024	680	1024	20	19.8209	-0.1791	3	true	7907	2447	NA	NA	NA	NA
zloop	0369d229ba4c9965d5caeb38c359a027a810968eee930b81520b604e76b4df14	1024	680	1024	20	20.4103	+0.4103	1	true	8147	794	false	24.546	20.4103	24.546
secant	0369d229ba4c9965d5caeb38c359a027a810968eee930b81520b604e76b4df14	1024	680	1024	25	26.1932	+1.1932	6	false	9183	4735	NA	NA	NA	NA
zloop	0369d229ba4c9965d5caeb38c359a027a810968eee930b81520b604e76b4df14	1024	680	1024	25	26.1932	+1.1932	5	false	9183	3972	false	27.502	26.1932	27.502
secant	0369d229ba4c9965d5caeb38c359a027a810968eee930b81520b604e76b4df14	1024	680	1024	30	29.5212	-0.4788	5	true	10111	4042	NA	NA	NA	NA
zloop	0369d229ba4c9965d5caeb38c359a027a810968eee930b81520b604e76b4df14	1024	680	1024	30	29.5212	-0.4788	1	true	10111	804	false	30.540	29.5212	30.540
secant	0369d229ba4c9965d5caeb38c359a027a810968eee930b81520b604e76b4df14	1024	680	1024	35	35.6127	+0.6127	5	false	11563	4124	NA	NA	NA	NA
zloop	0369d229ba4c9965d5caeb38c359a027a810968eee930b81520b604e76b4df14	1024	680	1024	35	35.6127	+0.6127	6	false	11563	4968	false	33.217	33.0782	33.217
secant	0369d229ba4c9965d5caeb38c359a027a810968eee930b81520b604e76b4df14	1024	680	1024	40	41.4045	+1.4045	4	false	13696	3435	NA	NA	NA	NA
zloop	0369d229ba4c9965d5caeb38c359a027a810968eee930b81520b604e76b4df14	1024	680	1024	40	40.5649	+0.5649	5	false	13134	4149	false	35.999	39.0009	35.999
secant	0369d229ba4c9965d5caeb38c359a027a810968eee930b81520b604e76b4df14	1024	680	1024	45	45.3146	+0.3146	4	true	15291	3398	NA	NA	NA	NA
zloop	0369d229ba4c9965d5caeb38c359a027a810968eee930b81520b604e76b4df14	1024	680	1024	45	45.3146	+0.3146	3	true	15291	2628	false	40.040	44.4513	40.040
secant	0369d229ba4c9965d5caeb38c359a027a810968eee930b81520b604e76b4df14	1024	680	1024	50	50.8302	+0.8302	5	false	18466	5113	NA	NA	NA	NA
zloop	0369d229ba4c9965d5caeb38c359a027a810968eee930b81520b604e76b4df14	1024	680	1024	50	50.8302	+0.8302	5	false	18466	4487	false	42.495	44.7573	42.495
secant	0369d229ba4c9965d5caeb38c359a027a810968eee930b81520b604e76b4df14	1024	680	1024	55	55.7126	+0.7126	6	false	20280	5453	NA	NA	NA	NA
zloop	0369d229ba4c9965d5caeb38c359a027a810968eee930b81520b604e76b4df14	1024	680	1024	55	55.7126	+0.7126	6	false	20280	5412	false	45.937	50.6972	45.937
secant	0369d229ba4c9965d5caeb38c359a027a810968eee930b81520b604e76b4df14	1024	680	1024	60	60.3132	+0.3132	3	true	24364	2277	NA	NA	NA	NA
zloop	0369d229ba4c9965d5caeb38c359a027a810968eee930b81520b604e76b4df14	1024	680	1024	60	60.3132	+0.3132	3	true	24364	2011	false	50.294	59.2429	50.294
secant	0369d229ba4c9965d5caeb38c359a027a810968eee930b81520b604e76b4df14	1024	680	1024	65	65.2295	+0.2295	3	true	30232	2100	NA	NA	NA	NA
zloop	0369d229ba4c9965d5caeb38c359a027a810968eee930b81520b604e76b4df14	1024	680	1024	65	65.2295	+0.2295	1	true	30232	689	false	56.654	65.2295	56.654
secant	0369d229ba4c9965d5caeb38c359a027a810968eee930b81520b604e76b4df14	1024	680	1024	70	71.2556	+1.2556	6	false	36762	4659	NA	NA	NA	NA
zloop	0369d229ba4c9965d5caeb38c359a027a810968eee930b81520b604e76b4df14	1024	680	1024	70	71.2556	+1.2556	5	false	36762	3746	false	61.060	68.9605	61.060
secant	0369d229ba4c9965d5caeb38c359a027a810968eee930b81520b604e76b4df14	1024	680	1024	75	75.4375	+0.4375	1	true	45585	783	NA	NA	NA	NA
zloop	0369d229ba4c9965d5caeb38c359a027a810968eee930b81520b604e76b4df14	1024	680	1024	75	75.4375	+0.4375	3	true	45585	2382	false	66.338	74.1322	66.338
secant	0369d229ba4c9965d5caeb38c359a027a810968eee930b81520b604e76b4df14	1024	680	1024	80	80.4651	+0.4651	1	true	68248	860	NA	NA	NA	NA
zloop	0369d229ba4c9965d5caeb38c359a027a810968eee930b81520b604e76b4df14	1024	680	1024	80	79.8347	-0.1653	3	true	63021	2578	false	74.021	80.7614	74.021
secant	0369d229ba4c9965d5caeb38c359a027a810968eee930b81520b604e76b4df14	1024	680	1024	85	85.3693	+0.3693	1	true	97032	948	NA	NA	NA	NA
zloop	0369d229ba4c9965d5caeb38c359a027a810968eee930b81520b604e76b4df14	1024	680	1024	85	85.1183	+0.1183	4	true	96205	3718	false	81.451	84.2757	81.451
secant	0369d229ba4c9965d5caeb38c359a027a810968eee930b81520b604e76b4df14	1024	680	1024	90	89.5136	-0.4864	1	true	166805	999	NA	NA	NA	NA
zloop	0369d229ba4c9965d5caeb38c359a027a810968eee930b81520b604e76b4df14	1024	680	1024	90	89.7362	-0.2638	1	true	188525	1022	false	92.628	89.7362	92.628
secant	28d24b9c83de066597ff96a68769884f	64	64	42	20	21.8387	+1.8387	6	false	383	43	NA	NA	NA	NA
zloop	28d24b9c83de066597ff96a68769884f	64	64	42	20	21.0664	+1.0664	6	false	389	42	false	24.546	22.2805	24.546
secant	28d24b9c83de066597ff96a68769884f	64	64	42	25	24.6179	-0.3821	3	true	391	21	NA	NA	NA	NA
zloop	28d24b9c83de066597ff96a68769884f	64	64	42	25	30.2181	+5.2181	6	false	413	43	false	27.502	30.4490	27.502
secant	28d24b9c83de066597ff96a68769884f	64	64	42	30	30.4490	+0.4490	4	true	413	30	NA	NA	NA	NA
zloop	28d24b9c83de066597ff96a68769884f	64	64	42	30	30.4490	+0.4490	2	true	413	15	false	30.540	35.8200	30.540
secant	28d24b9c83de066597ff96a68769884f	64	64	42	35	34.9122	-0.0878	5	true	427	36	NA	NA	NA	NA
zloop	28d24b9c83de066597ff96a68769884f	64	64	42	35	36.1678	+1.1678	6	false	420	46	false	33.217	37.8222	33.217
secant	28d24b9c83de066597ff96a68769884f	64	64	42	40	42.2636	+2.2636	6	false	439	45	NA	NA	NA	NA
zloop	28d24b9c83de066597ff96a68769884f	64	64	42	40	42.2636	+2.2636	6	false	439	44	false	35.999	44.6646	35.999
secant	28d24b9c83de066597ff96a68769884f	64	64	42	45	48.4310	+3.4310	6	false	478	47	NA	NA	NA	NA
zloop	28d24b9c83de066597ff96a68769884f	64	64	42	45	49.8185	+4.8185	6	false	472	47	false	40.040	49.2545	40.040
secant	28d24b9c83de066597ff96a68769884f	64	64	42	50	53.8009	+3.8009	6	false	489	51	NA	NA	NA	NA
zloop	28d24b9c83de066597ff96a68769884f	64	64	42	50	53.8009	+3.8009	6	false	489	50	false	42.495	53.1714	42.495
secant	28d24b9c83de066597ff96a68769884f	64	64	42	55	57.4252	+2.4252	6	false	534	52	NA	NA	NA	NA
zloop	28d24b9c83de066597ff96a68769884f	64	64	42	55	54.6811	-0.3189	2	true	506	17	false	45.937	58.7067	45.937
secant	28d24b9c83de066597ff96a68769884f	64	64	42	60	60.1913	+0.1913	2	true	561	17	NA	NA	NA	NA
zloop	28d24b9c83de066597ff96a68769884f	64	64	42	60	60.0963	+0.0963	1	true	580	6	false	50.294	60.0963	50.294
secant	28d24b9c83de066597ff96a68769884f	64	64	42	65	65.6019	+0.6019	6	false	612	46	NA	NA	NA	NA
zloop	28d24b9c83de066597ff96a68769884f	64	64	42	65	65.6019	+0.6019	6	false	612	48	false	56.654	69.7621	56.654
secant	28d24b9c83de066597ff96a68769884f	64	64	42	70	69.9084	-0.0916	2	true	663	16	NA	NA	NA	NA
zloop	28d24b9c83de066597ff96a68769884f	64	64	42	70	70.0070	+0.0070	2	true	667	17	false	61.060	72.9531	61.060
secant	28d24b9c83de066597ff96a68769884f	64	64	42	75	74.9065	-0.0935	5	true	722	41	NA	NA	NA	NA
zloop	28d24b9c83de066597ff96a68769884f	64	64	42	75	74.9065	-0.0935	4	true	722	33	false	66.338	76.8096	66.338
secant	28d24b9c83de066597ff96a68769884f	64	64	42	80	79.5178	-0.4822	2	true	854	20	NA	NA	NA	NA
zloop	28d24b9c83de066597ff96a68769884f	64	64	42	80	80.2400	+0.2400	2	true	876	18	false	74.021	81.3617	74.021
secant	28d24b9c83de066597ff96a68769884f	64	64	42	85	85.4012	+0.4012	2	true	1040	20	NA	NA	NA	NA
zloop	28d24b9c83de066597ff96a68769884f	64	64	42	85	84.8779	-0.1221	3	true	1030	32	false	81.451	87.3152	81.451
secant	28d24b9c83de066597ff96a68769884f	64	64	42	90	90.3306	+0.3306	1	true	1552	11	NA	NA	NA	NA
zloop	28d24b9c83de066597ff96a68769884f	64	64	42	90	90.2451	+0.2451	1	true	1634	11	false	92.628	90.2451	92.628
secant	28d24b9c83de066597ff96a68769884f	256	256	167	20	19.8776	-0.1224	5	true	1042	258	NA	NA	NA	NA
zloop	28d24b9c83de066597ff96a68769884f	256	256	167	20	19.8776	-0.1224	3	true	1042	159	false	24.546	19.2228	24.546
secant	28d24b9c83de066597ff96a68769884f	256	256	167	25	24.8674	-0.1326	4	true	1105	217	NA	NA	NA	NA
zloop	28d24b9c83de066597ff96a68769884f	256	256	167	25	25.4128	+0.4128	1	true	1122	53	false	27.502	25.4128	27.502
secant	28d24b9c83de066597ff96a68769884f	256	256	167	30	30.0143	+0.0143	1	true	1206	55	NA	NA	NA	NA
zloop	28d24b9c83de066597ff96a68769884f	256	256	167	30	29.5595	-0.4405	1	true	1223	55	false	30.540	29.5595	30.540
secant	28d24b9c83de066597ff96a68769884f	256	256	167	35	36.3537	+1.3537	6	false	1382	342	NA	NA	NA	NA
zloop	28d24b9c83de066597ff96a68769884f	256	256	167	35	36.3537	+1.3537	5	false	1382	284	false	33.217	32.4939	33.217
secant	28d24b9c83de066597ff96a68769884f	256	256	167	40	40.8269	+0.8269	5	false	1486	283	NA	NA	NA	NA
zloop	28d24b9c83de066597ff96a68769884f	256	256	167	40	40.8269	+0.8269	4	false	1486	231	false	35.999	40.8269	35.999
secant	28d24b9c83de066597ff96a68769884f	256	256	167	45	45.0880	+0.0880	4	true	1600	228	NA	NA	NA	NA
zloop	28d24b9c83de066597ff96a68769884f	256	256	167	45	45.0880	+0.0880	3	true	1600	172	false	40.040	48.2666	40.040
secant	28d24b9c83de066597ff96a68769884f	256	256	167	50	51.5519	+1.5519	6	false	1904	344	NA	NA	NA	NA
zloop	28d24b9c83de066597ff96a68769884f	256	256	167	50	51.5519	+1.5519	5	false	1904	297	false	42.495	48.4159	42.495
secant	28d24b9c83de066597ff96a68769884f	256	256	167	55	55.2840	+0.2840	4	true	1968	255	NA	NA	NA	NA
zloop	28d24b9c83de066597ff96a68769884f	256	256	167	55	58.2124	+3.2124	6	false	2136	374	false	45.937	54.0335	45.937
secant	28d24b9c83de066597ff96a68769884f	256	256	167	60	59.8071	-0.1929	4	true	2310	236	NA	NA	NA	NA
zloop	28d24b9c83de066597ff96a68769884f	256	256	167	60	60.3174	+0.3174	3	true	2340	172	false	50.294	61.4361	50.294
secant	28d24b9c83de066597ff96a68769884f	256	256	167	65	64.7855	-0.2145	3	true	2712	146	NA	NA	NA	NA
zloop	28d24b9c83de066597ff96a68769884f	256	256	167	65	64.8624	-0.1376	3	true	2666	148	false	56.654	66.7849	56.654
secant	28d24b9c83de066597ff96a68769884f	256	256	167	70	70.0737	+0.0737	3	true	3169	150	NA	NA	NA	NA
zloop	28d24b9c83de066597ff96a68769884f	256	256	167	70	69.5889	-0.4111	2	true	3185	104	false	61.060	72.1684	61.060
secant	28d24b9c83de066597ff96a68769884f	256	256	167	75	75.2202	+0.2202	4	true	3658	211	NA	NA	NA	NA
zloop	28d24b9c83de066597ff96a68769884f	256	256	167	75	75.2202	+0.2202	4	true	3658	212	false	66.338	76.5799	66.338
secant	28d24b9c83de066597ff96a68769884f	256	256	167	80	80.2693	+0.2693	2	true	4723	120	NA	NA	NA	NA
zloop	28d24b9c83de066597ff96a68769884f	256	256	167	80	79.6906	-0.3094	2	true	4617	117	false	74.021	81.9573	74.021
secant	28d24b9c83de066597ff96a68769884f	256	256	167	85	85.3564	+0.3564	2	true	6072	128	NA	NA	NA	NA
zloop	28d24b9c83de066597ff96a68769884f	256	256	167	85	85.3681	+0.3681	2	true	5919	125	false	81.451	86.2566	81.451
secant	28d24b9c83de066597ff96a68769884f	256	256	167	90	90.0514	+0.0514	1	true	10045	69	NA	NA	NA	NA
zloop	28d24b9c83de066597ff96a68769884f	256	256	167	90	90.1404	+0.1404	1	true	10830	70	false	92.628	90.1404	92.628
secant	28d24b9c83de066597ff96a68769884f	1024	1024	666	20	20.3912	+0.3912	4	true	5963	2447	NA	NA	NA	NA
zloop	28d24b9c83de066597ff96a68769884f	1024	1024	666	20	20.3912	+0.3912	5	true	5963	3045	false	24.546	23.7470	24.546
secant	28d24b9c83de066597ff96a68769884f	1024	1024	666	25	25.4347	+0.4347	1	true	6660	640	NA	NA	NA	NA
zloop	28d24b9c83de066597ff96a68769884f	1024	1024	666	25	25.2209	+0.2209	2	true	6865	1235	false	27.502	28.6995	27.502
secant	28d24b9c83de066597ff96a68769884f	1024	1024	666	30	29.7958	-0.2042	3	true	7685	1899	NA	NA	NA	NA
zloop	28d24b9c83de066597ff96a68769884f	1024	1024	666	30	29.7958	-0.2042	4	true	7685	2553	false	30.540	32.8581	30.540
secant	28d24b9c83de066597ff96a68769884f	1024	1024	666	35	34.8031	-0.1969	3	true	8540	1899	NA	NA	NA	NA
zloop	28d24b9c83de066597ff96a68769884f	1024	1024	666	35	34.8031	-0.1969	4	true	8540	2550	false	33.217	37.5456	33.217
secant	28d24b9c83de066597ff96a68769884f	1024	1024	666	40	40.2185	+0.2185	5	true	9315	3262	NA	NA	NA	NA
zloop	28d24b9c83de066597ff96a68769884f	1024	1024	666	40	40.2185	+0.2185	2	true	9315	1319	false	35.999	42.2137	35.999
secant	28d24b9c83de066597ff96a68769884f	1024	1024	666	45	45.2746	+0.2746	4	true	10313	2620	NA	NA	NA	NA
zloop	28d24b9c83de066597ff96a68769884f	1024	1024	666	45	45.8081	+0.8081	4	false	10659	2566	false	40.040	49.5488	40.040
secant	28d24b9c83de066597ff96a68769884f	1024	1024	666	50	51.8962	+1.8962	6	false	11838	3969	NA	NA	NA	NA
zloop	28d24b9c83de066597ff96a68769884f	1024	1024	666	50	49.8382	-0.1618	3	true	11179	1986	false	42.495	52.3291	42.495
secant	28d24b9c83de066597ff96a68769884f	1024	1024	666	55	55.3351	+0.3351	4	true	12801	2810	NA	NA	NA	NA
zloop	28d24b9c83de066597ff96a68769884f	1024	1024	666	55	55.3351	+0.3351	4	true	12801	2789	false	45.937	58.4421	45.937
secant	28d24b9c83de066597ff96a68769884f	1024	1024	666	60	59.8793	-0.1207	2	true	14976	1184	NA	NA	NA	NA
zloop	28d24b9c83de066597ff96a68769884f	1024	1024	666	60	60.2648	+0.2648	4	true	15525	2472	false	50.294	60.7224	50.294
secant	28d24b9c83de066597ff96a68769884f	1024	1024	666	65	64.6598	-0.3402	3	true	18477	1410	NA	NA	NA	NA
zloop	28d24b9c83de066597ff96a68769884f	1024	1024	666	65	64.6598	-0.3402	4	true	18477	1871	false	56.654	66.3611	56.654
secant	28d24b9c83de066597ff96a68769884f	1024	1024	666	70	69.6500	-0.3500	4	true	21988	1950	NA	NA	NA	NA
zloop	28d24b9c83de066597ff96a68769884f	1024	1024	666	70	69.6500	-0.3500	3	true	21988	1473	false	61.060	71.0274	61.060
secant	28d24b9c83de066597ff96a68769884f	1024	1024	666	75	74.7723	-0.2277	1	true	27509	510	NA	NA	NA	NA
zloop	28d24b9c83de066597ff96a68769884f	1024	1024	666	75	74.6290	-0.3710	1	true	26389	538	false	66.338	74.6290	66.338
secant	28d24b9c83de066597ff96a68769884f	1024	1024	666	80	79.7696	-0.2304	1	true	37984	559	NA	NA	NA	NA
zloop	28d24b9c83de066597ff96a68769884f	1024	1024	666	80	80.4475	+0.4475	3	true	39294	1698	false	74.021	79.0005	74.021
secant	28d24b9c83de066597ff96a68769884f	1024	1024	666	85	84.6895	-0.3105	3	true	57398	1769	NA	NA	NA	NA
zloop	28d24b9c83de066597ff96a68769884f	1024	1024	666	85	84.6285	-0.3715	2	true	55921	1203	false	81.451	82.2261	81.451
secant	28d24b9c83de066597ff96a68769884f	1024	1024	666	90	90.0473	+0.0473	3	true	110513	1973	NA	NA	NA	NA
zloop	28d24b9c83de066597ff96a68769884f	1024	1024	666	90	90.0072	+0.0072	3	true	105372	1950	false	92.628	89.0167	92.628
secant	5e5ce43575fa67fdc0dd37146d7f479e	64	64	51	20	20.8276	+0.8276	5	false	474	38	NA	NA	NA	NA
zloop	5e5ce43575fa67fdc0dd37146d7f479e	64	64	51	20	20.8276	+0.8276	6	false	474	45	false	24.546	19.2049	24.546
secant	5e5ce43575fa67fdc0dd37146d7f479e	64	64	51	25	28.3775	+3.3775	6	false	498	48	NA	NA	NA	NA
zloop	5e5ce43575fa67fdc0dd37146d7f479e	64	64	51	25	28.3775	+3.3775	6	false	498	48	false	27.502	22.2775	27.502
secant	5e5ce43575fa67fdc0dd37146d7f479e	64	64	51	30	30.3998	+0.3998	4	true	530	32	NA	NA	NA	NA
zloop	5e5ce43575fa67fdc0dd37146d7f479e	64	64	51	30	29.9018	-0.0982	4	true	521	34	false	30.540	28.9125	30.540
secant	5e5ce43575fa67fdc0dd37146d7f479e	64	64	51	35	35.4224	+0.4224	5	true	565	40	NA	NA	NA	NA
zloop	5e5ce43575fa67fdc0dd37146d7f479e	64	64	51	35	35.4224	+0.4224	5	true	565	40	false	33.217	30.3998	33.217
secant	5e5ce43575fa67fdc0dd37146d7f479e	64	64	51	40	41.8087	+1.8087	4	false	591	32	NA	NA	NA	NA
zloop	5e5ce43575fa67fdc0dd37146d7f479e	64	64	51	40	41.8087	+1.8087	6	false	591	47	false	35.999	37.8273	35.999
secant	5e5ce43575fa67fdc0dd37146d7f479e	64	64	51	45	45.0297	+0.0297	1	true	634	8	NA	NA	NA	NA
zloop	5e5ce43575fa67fdc0dd37146d7f479e	64	64	51	45	44.6188	-0.3812	5	true	648	42	false	40.040	43.6602	40.040
secant	5e5ce43575fa67fdc0dd37146d7f479e	64	64	51	50	53.3952	+3.3952	6	false	706	51	NA	NA	NA	NA
zloop	5e5ce43575fa67fdc0dd37146d7f479e	64	64	51	50	53.3952	+3.3952	6	false	706	51	false	42.495	46.4189	42.495
secant	5e5ce43575fa67fdc0dd37146d7f479e	64	64	51	55	55.2063	+0.2063	3	true	722	27	NA	NA	NA	NA
zloop	5e5ce43575fa67fdc0dd37146d7f479e	64	64	51	55	54.5740	-0.4260	1	true	718	8	false	45.937	54.5740	45.937
secant	5e5ce43575fa67fdc0dd37146d7f479e	64	64	51	60	60.8705	+0.8705	6	false	816	49	NA	NA	NA	NA
zloop	5e5ce43575fa67fdc0dd37146d7f479e	64	64	51	60	60.4903	+0.4903	3	true	829	24	false	50.294	58.5940	50.294
secant	5e5ce43575fa67fdc0dd37146d7f479e	64	64	51	65	66.7693	+1.7693	6	false	880	51	NA	NA	NA	NA
zloop	5e5ce43575fa67fdc0dd37146d7f479e	64	64	51	65	64.8446	-0.1554	1	true	904	9	false	56.654	64.8446	56.654
secant	5e5ce43575fa67fdc0dd37146d7f479e	64	64	51	70	71.0255	+1.0255	6	false	963	55	NA	NA	NA	NA
zloop	5e5ce43575fa67fdc0dd37146d7f479e	64	64	51	70	71.0255	+1.0255	5	false	963	45	false	61.060	73.2946	61.060
secant	5e5ce43575fa67fdc0dd37146d7f479e	64	64	51	75	74.6456	-0.3544	2	true	1041	19	NA	NA	NA	NA
zloop	5e5ce43575fa67fdc0dd37146d7f479e	64	64	51	75	76.1262	+1.1262	5	false	1124	46	false	66.338	74.3013	66.338
secant	5e5ce43575fa67fdc0dd37146d7f479e	64	64	51	80	79.9258	-0.0742	4	true	1330	39	NA	NA	NA	NA
zloop	5e5ce43575fa67fdc0dd37146d7f479e	64	64	51	80	80.2204	+0.2204	2	true	1304	19	false	74.021	80.9579	74.021
secant	5e5ce43575fa67fdc0dd37146d7f479e	64	64	51	85	85.3561	+0.3561	5	true	1656	54	NA	NA	NA	NA
zloop	5e5ce43575fa67fdc0dd37146d7f479e	64	64	51	85	85.3561	+0.3561	5	true	1656	55	false	81.451	84.4490	81.451
secant	5e5ce43575fa67fdc0dd37146d7f479e	64	64	51	90	89.6725	-0.3275	1	true	2329	13	NA	NA	NA	NA
zloop	5e5ce43575fa67fdc0dd37146d7f479e	64	64	51	90	90.0624	+0.0624	1	true	2456	12	false	92.628	90.0624	92.628
secant	5e5ce43575fa67fdc0dd37146d7f479e	256	256	205	20	20.1383	+0.1383	2	true	1881	117	NA	NA	NA	NA
zloop	5e5ce43575fa67fdc0dd37146d7f479e	256	256	205	20	20.7261	+0.7261	4	false	1752	231	false	24.546	17.2550	24.546
secant	5e5ce43575fa67fdc0dd37146d7f479e	256	256	205	25	26.3512	+1.3512	6	false	1913	382	NA	NA	NA	NA
zloop	5e5ce43575fa67fdc0dd37146d7f479e	256	256	205	25	26.3512	+1.3512	6	false	1913	382	false	27.502	26.3512	27.502
secant	5e5ce43575fa67fdc0dd37146d7f479e	256	256	205	30	31.9454	+1.9454	6	false	2161	395	NA	NA	NA	NA
zloop	5e5ce43575fa67fdc0dd37146d7f479e	256	256	205	30	29.6623	-0.3377	1	true	2091	64	false	30.540	29.6623	30.540
secant	5e5ce43575fa67fdc0dd37146d7f479e	256	256	205	35	35.9708	+0.9708	5	false	2357	323	NA	NA	NA	NA
zloop	5e5ce43575fa67fdc0dd37146d7f479e	256	256	205	35	35.9708	+0.9708	5	false	2357	328	false	33.217	33.6300	33.217
secant	5e5ce43575fa67fdc0dd37146d7f479e	256	256	205	40	40.0365	+0.0365	1	true	2697	64	NA	NA	NA	NA
zloop	5e5ce43575fa67fdc0dd37146d7f479e	256	256	205	40	40.2621	+0.2621	4	true	2616	268	false	35.999	39.0210	35.999
secant	5e5ce43575fa67fdc0dd37146d7f479e	256	256	205	45	44.9191	-0.0809	1	true	3057	75	NA	NA	NA	NA
zloop	5e5ce43575fa67fdc0dd37146d7f479e	256	256	205	45	44.5961	-0.4039	1	true	2949	68	false	40.040	44.5961	40.040
secant	5e5ce43575fa67fdc0dd37146d7f479e	256	256	205	50	49.8711	-0.1289	4	true	3351	293	NA	NA	NA	NA
zloop	5e5ce43575fa67fdc0dd37146d7f479e	256	256	205	50	49.8711	-0.1289	3	true	3351	221	false	42.495	48.1085	42.495
secant	5e5ce43575fa67fdc0dd37146d7f479e	256	256	205	55	54.7456	-0.2544	5	true	3701	375	NA	NA	NA	NA
zloop	5e5ce43575fa67fdc0dd37146d7f479e	256	256	205	55	54.7456	-0.2544	1	true	3701	73	false	45.937	54.7456	45.937
secant	5e5ce43575fa67fdc0dd37146d7f479e	256	256	205	60	60.1746	+0.1746	3	true	4254	190	NA	NA	NA	NA
zloop	5e5ce43575fa67fdc0dd37146d7f479e	256	256	205	60	60.0670	+0.0670	3	true	4329	173	false	50.294	59.1990	50.294
secant	5e5ce43575fa67fdc0dd37146d7f479e	256	256	205	65	65.2688	+0.2688	1	true	5246	60	NA	NA	NA	NA
zloop	5e5ce43575fa67fdc0dd37146d7f479e	256	256	205	65	66.4968	+1.4968	5	false	5375	299	false	56.654	64.4105	56.654
secant	5e5ce43575fa67fdc0dd37146d7f479e	256	256	205	70	69.5299	-0.4701	1	true	5767	60	NA	NA	NA	NA
zloop	5e5ce43575fa67fdc0dd37146d7f479e	256	256	205	70	69.5299	-0.4701	2	true	5767	125	false	61.060	71.2497	61.060
secant	5e5ce43575fa67fdc0dd37146d7f479e	256	256	205	75	75.3050	+0.3050	4	true	6966	266	NA	NA	NA	NA
zloop	5e5ce43575fa67fdc0dd37146d7f479e	256	256	205	75	75.3050	+0.3050	2	true	6966	135	false	66.338	75.6663	66.338
secant	5e5ce43575fa67fdc0dd37146d7f479e	256	256	205	80	79.5683	-0.4317	3	true	9353	214	NA	NA	NA	NA
zloop	5e5ce43575fa67fdc0dd37146d7f479e	256	256	205	80	80.3172	+0.3172	1	true	9429	72	false	74.021	80.3172	74.021
secant	5e5ce43575fa67fdc0dd37146d7f479e	256	256	205	85	85.1607	+0.1607	3	true	12023	221	NA	NA	NA	NA
zloop	5e5ce43575fa67fdc0dd37146d7f479e	256	256	205	85	85.1607	+0.1607	1	true	12023	75	false	81.451	85.1607	81.451
secant	5e5ce43575fa67fdc0dd37146d7f479e	256	256	205	90	90.4014	+0.4014	3	true	21936	258	NA	NA	NA	NA
zloop	5e5ce43575fa67fdc0dd37146d7f479e	256	256	205	90	89.9285	-0.0715	1	true	21019	83	false	92.628	89.9285	92.628
secant	5e5ce43575fa67fdc0dd37146d7f479e	1024	1024	821	20	19.8150	-0.1850	2	true	17361	1729	NA	NA	NA	NA
zloop	5e5ce43575fa67fdc0dd37146d7f479e	1024	1024	821	20	19.8150	-0.1850	4	true	17361	3540	false	24.546	13.1251	24.546
secant	5e5ce43575fa67fdc0dd37146d7f479e	1024	1024	821	25	25.1041	+0.1041	5	true	18809	4451	NA	NA	NA	NA
zloop	5e5ce43575fa67fdc0dd37146d7f479e	1024	1024	821	25	25.1041	+0.1041	2	true	18809	1767	false	27.502	15.3634	27.502
secant	5e5ce43575fa67fdc0dd37146d7f479e	1024	1024	821	30	29.8861	-0.1139	4	true	22617	3611	NA	NA	NA	NA
zloop	5e5ce43575fa67fdc0dd37146d7f479e	1024	1024	821	30	29.8861	-0.1139	6	true	22617	5407	false	30.540	18.9454	30.540
secant	5e5ce43575fa67fdc0dd37146d7f479e	1024	1024	821	35	38.5917	+3.5917	6	false	27574	5461	NA	NA	NA	NA
zloop	5e5ce43575fa67fdc0dd37146d7f479e	1024	1024	821	35	41.4666	+6.4666	6	false	29632	5495	false	33.217	25.1041	33.217
secant	5e5ce43575fa67fdc0dd37146d7f479e	1024	1024	821	40	40.5494	+0.5494	6	false	29008	5245	NA	NA	NA	NA
zloop	5e5ce43575fa67fdc0dd37146d7f479e	1024	1024	821	40	40.5494	+0.5494	6	false	29008	5590	false	35.999	30.6607	35.999
secant	5e5ce43575fa67fdc0dd37146d7f479e	1024	1024	821	45	45.3535	+0.3535	3	true	34580	2551	NA	NA	NA	NA
zloop	5e5ce43575fa67fdc0dd37146d7f479e	1024	1024	821	45	47.1266	+2.1266	6	false	34164	5697	false	40.040	34.1293	40.040
secant	5e5ce43575fa67fdc0dd37146d7f479e	1024	1024	821	50	51.6208	+1.6208	6	false	41939	4369	NA	NA	NA	NA
zloop	5e5ce43575fa67fdc0dd37146d7f479e	1024	1024	821	50	49.6786	-0.3214	2	true	38990	1634	false	42.495	36.4140	42.495
secant	5e5ce43575fa67fdc0dd37146d7f479e	1024	1024	821	55	55.3865	+0.3865	4	true	48736	3159	NA	NA	NA	NA
zloop	5e5ce43575fa67fdc0dd37146d7f479e	1024	1024	821	55	55.3865	+0.3865	4	true	48736	3064	false	45.937	43.5354	45.937
secant	5e5ce43575fa67fdc0dd37146d7f479e	1024	1024	821	60	59.8120	-0.1880	3	true	57819	2199	NA	NA	NA	NA
zloop	5e5ce43575fa67fdc0dd37146d7f479e	1024	1024	821	60	59.8120	-0.1880	3	true	57819	2114	false	50.294	48.0907	50.294
secant	5e5ce43575fa67fdc0dd37146d7f479e	1024	1024	821	65	64.5770	-0.4230	3	true	72943	2302	NA	NA	NA	NA
zloop	5e5ce43575fa67fdc0dd37146d7f479e	1024	1024	821	65	64.9166	-0.0834	2	true	76415	1520	false	56.654	57.2955	56.654
secant	5e5ce43575fa67fdc0dd37146d7f479e	1024	1024	821	70	69.5715	-0.4285	3	true	87081	2427	NA	NA	NA	NA
zloop	5e5ce43575fa67fdc0dd37146d7f479e	1024	1024	821	70	69.8704	-0.1296	3	true	87607	2454	false	61.060	59.9813	61.060
secant	5e5ce43575fa67fdc0dd37146d7f479e	1024	1024	821	75	75.0769	+0.0769	5	true	113887	4421	NA	NA	NA	NA
zloop	5e5ce43575fa67fdc0dd37146d7f479e	1024	1024	821	75	75.0769	+0.0769	3	true	113887	2624	false	66.338	67.3369	66.338
secant	5e5ce43575fa67fdc0dd37146d7f479e	1024	1024	821	80	80.6186	+0.6186	6	false	163557	5789	NA	NA	NA	NA
zloop	5e5ce43575fa67fdc0dd37146d7f479e	1024	1024	821	80	80.6186	+0.6186	5	false	163557	4768	false	74.021	77.3375	74.021
secant	5e5ce43575fa67fdc0dd37146d7f479e	1024	1024	821	85	84.8211	-0.1789	5	true	208828	5123	NA	NA	NA	NA
zloop	5e5ce43575fa67fdc0dd37146d7f479e	1024	1024	821	85	84.8211	-0.1789	3	true	208828	3085	false	81.451	83.3146	81.451
secant	5e5ce43575fa67fdc0dd37146d7f479e	1024	1024	821	90	90.2598	+0.2598	3	true	385789	3708	NA	NA	NA	NA
zloop	5e5ce43575fa67fdc0dd37146d7f479e	1024	1024	821	90	89.6996	-0.3004	1	true	360662	1203	false	92.628	89.6996	92.628
secant	2c1f84548ef99faec2b4f9bf12227c83	64	43	64	20	20.9819	+0.9819	6	false	459	45	NA	NA	NA	NA
zloop	2c1f84548ef99faec2b4f9bf12227c83	64	43	64	20	20.2045	+0.2045	2	true	437	15	false	24.546	21.6108	24.546
secant	2c1f84548ef99faec2b4f9bf12227c83	64	43	64	25	25.3159	+0.3159	1	true	474	7	NA	NA	NA	NA
zloop	2c1f84548ef99faec2b4f9bf12227c83	64	43	64	25	25.3159	+0.3159	2	true	474	14	false	27.502	29.1874	27.502
secant	2c1f84548ef99faec2b4f9bf12227c83	64	43	64	30	29.8359	-0.1641	3	true	509	23	NA	NA	NA	NA
zloop	2c1f84548ef99faec2b4f9bf12227c83	64	43	64	30	29.8359	-0.1641	4	true	509	30	false	30.540	30.8950	30.540
secant	2c1f84548ef99faec2b4f9bf12227c83	64	43	64	35	35.4211	+0.4211	5	true	533	37	NA	NA	NA	NA
zloop	2c1f84548ef99faec2b4f9bf12227c83	64	43	64	35	35.4211	+0.4211	4	true	533	30	false	33.217	40.6061	33.217
secant	2c1f84548ef99faec2b4f9bf12227c83	64	43	64	40	40.0388	+0.0388	2	true	557	18	NA	NA	NA	NA
zloop	2c1f84548ef99faec2b4f9bf12227c83	64	43	64	40	40.6061	+0.6061	5	false	556	38	false	35.999	42.6740	35.999
secant	2c1f84548ef99faec2b4f9bf12227c83	64	43	64	45	45.0027	+0.0027	4	true	635	32	NA	NA	NA	NA
zloop	2c1f84548ef99faec2b4f9bf12227c83	64	43	64	45	45.0027	+0.0027	3	true	635	25	false	40.040	48.4772	40.040
secant	2c1f84548ef99faec2b4f9bf12227c83	64	43	64	50	49.7585	-0.2415	4	true	690	32	NA	NA	NA	NA
zloop	2c1f84548ef99faec2b4f9bf12227c83	64	43	64	50	49.7585	-0.2415	1	true	690	7	false	42.495	49.7585	42.495
secant	2c1f84548ef99faec2b4f9bf12227c83	64	43	64	55	56.8814	+1.8814	6	false	721	54	NA	NA	NA	NA
zloop	2c1f84548ef99faec2b4f9bf12227c83	64	43	64	55	55.9612	+0.9612	6	false	713	52	false	45.937	58.9812	45.937
secant	2c1f84548ef99faec2b4f9bf12227c83	64	43	64	60	60.2434	+0.2434	5	true	782	45	NA	NA	NA	NA
zloop	2c1f84548ef99faec2b4f9bf12227c83	64	43	64	60	60.2434	+0.2434	5	true	782	48	false	50.294	62.9388	50.294
secant	2c1f84548ef99faec2b4f9bf12227c83	64	43	64	65	65.2217	+0.2217	5	true	847	45	NA	NA	NA	NA
zloop	2c1f84548ef99faec2b4f9bf12227c83	64	43	64	65	66.4972	+1.4972	5	false	863	41	false	56.654	69.9488	56.654
secant	2c1f84548ef99faec2b4f9bf12227c83	64	43	64	70	71.3883	+1.3883	6	false	919	58	NA	NA	NA	NA
zloop	2c1f84548ef99faec2b4f9bf12227c83	64	43	64	70	73.1437	+3.1437	6	false	978	53	false	61.060	71.6536	61.060
secant	2c1f84548ef99faec2b4f9bf12227c83	64	43	64	75	75.3409	+0.3409	1	true	1168	7	NA	NA	NA	NA
zloop	2c1f84548ef99faec2b4f9bf12227c83	64	43	64	75	76.7679	+1.7679	6	false	1095	54	false	66.338	76.3311	66.338
secant	2c1f84548ef99faec2b4f9bf12227c83	64	43	64	80	79.5754	-0.4246	4	true	1337	40	NA	NA	NA	NA
zloop	2c1f84548ef99faec2b4f9bf12227c83	64	43	64	80	79.5754	-0.4246	2	true	1337	18	false	74.021	81.3435	74.021
secant	2c1f84548ef99faec2b4f9bf12227c83	64	43	64	85	85.0380	+0.0380	3	true	1708	36	NA	NA	NA	NA
zloop	2c1f84548ef99faec2b4f9bf12227c83	64	43	64	85	85.0380	+0.0380	1	true	1708	12	false	81.451	85.0380	81.451
secant	2c1f84548ef99faec2b4f9bf12227c83	64	43	64	90	89.7055	-0.2945	1	true	2407	12	NA	NA	NA	NA
zloop	2c1f84548ef99faec2b4f9bf12227c83	64	43	64	90	89.5076	-0.4924	2	true	2386	23	false	92.628	90.5457	92.628
secant	2c1f84548ef99faec2b4f9bf12227c83	256	171	256	20	20.5435	+0.5435	5	false	1756	385	NA	NA	NA	NA
zloop	2c1f84548ef99faec2b4f9bf12227c83	256	171	256	20	20.5435	+0.5435	5	false	1756	352	false	24.546	18.7405	24.546
secant	2c1f84548ef99faec2b4f9bf12227c83	256	171	256	25	24.7040	-0.2960	5	true	2006	386	NA	NA	NA	NA
zloop	2c1f84548ef99faec2b4f9bf12227c83	256	171	256	25	24.7040	-0.2960	4	true	2006	308	false	27.502	18.5755	27.502
secant	2c1f84548ef99faec2b4f9bf12227c83	256	171	256	30	29.6908	-0.3092	3	true	2160	236	NA	NA	NA	NA
zloop	2c1f84548ef99faec2b4f9bf12227c83	256	171	256	30	30.1338	+0.1338	4	true	2200	351	false	30.540	27.8591	30.540
secant	2c1f84548ef99faec2b4f9bf12227c83	256	171	256	35	34.9499	-0.0501	1	true	2356	95	NA	NA	NA	NA
zloop	2c1f84548ef99faec2b4f9bf12227c83	256	171	256	35	34.9499	-0.0501	4	true	2356	333	false	33.217	32.2210	33.217
secant	2c1f84548ef99faec2b4f9bf12227c83	256	171	256	40	40.1890	+0.1890	4	true	2570	320	NA	NA	NA	NA
zloop	2c1f84548ef99faec2b4f9bf12227c83	256	171	256	40	40.1890	+0.1890	3	true	2570	227	false	35.999	39.0089	35.999
secant	2c1f84548ef99faec2b4f9bf12227c83	256	171	256	45	45.2337	+0.2337	3	true	2817	240	NA	NA	NA	NA
zloop	2c1f84548ef99faec2b4f9bf12227c83	256	171	256	45	45.2337	+0.2337	4	true	2817	303	false	40.040	45.9249	40.040
secant	2c1f84548ef99faec2b4f9bf12227c83	256	171	256	50	49.5853	-0.4147	4	true	3089	308	NA	NA	NA	NA
zloop	2c1f84548ef99faec2b4f9bf12227c83	256	171	256	50	49.8360	-0.1640	1	true	3107	67	false	42.495	49.8360	42.495
secant	2c1f84548ef99faec2b4f9bf12227c83	256	171	256	55	55.8662	+0.8662	5	false	3458	375	NA	NA	NA	NA
zloop	2c1f84548ef99faec2b4f9bf12227c83	256	171	256	55	55.8662	+0.8662	5	false	3458	409	false	45.937	56.4672	45.937
secant	2c1f84548ef99faec2b4f9bf12227c83	256	171	256	60	61.0289	+1.0289	6	false	4083	405	NA	NA	NA	NA
zloop	2c1f84548ef99faec2b4f9bf12227c83	256	171	256	60	61.0289	+1.0289	4	false	4083	278	false	50.294	61.0289	50.294
secant	2c1f84548ef99faec2b4f9bf12227c83	256	171	256	65	65.1406	+0.1406	3	true	4501	157	NA	NA	NA	NA
zloop	2c1f84548ef99faec2b4f9bf12227c83	256	171	256	65	65.1406	+0.1406	2	true	4501	104	false	56.654	67.9964	56.654
secant	2c1f84548ef99faec2b4f9bf12227c83	256	171	256	70	69.8527	-0.1473	3	true	5272	166	NA	NA	NA	NA
zloop	2c1f84548ef99faec2b4f9bf12227c83	256	171	256	70	69.8527	-0.1473	4	true	5272	222	false	61.060	71.7294	61.060
secant	2c1f84548ef99faec2b4f9bf12227c83	256	171	256	75	74.6232	-0.3768	2	true	6366	118	NA	NA	NA	NA
zloop	2c1f84548ef99faec2b4f9bf12227c83	256	171	256	75	74.8646	-0.1354	2	true	6462	115	false	66.338	75.7464	66.338
secant	2c1f84548ef99faec2b4f9bf12227c83	256	171	256	80	80.3748	+0.3748	3	true	8643	191	NA	NA	NA	NA
zloop	2c1f84548ef99faec2b4f9bf12227c83	256	171	256	80	80.0825	+0.0825	3	true	8526	192	false	74.021	80.6501	74.021
secant	2c1f84548ef99faec2b4f9bf12227c83	256	171	256	85	84.9001	-0.0999	4	true	10770	276	NA	NA	NA	NA
zloop	2c1f84548ef99faec2b4f9bf12227c83	256	171	256	85	85.0791	+0.0791	1	true	10971	72	false	81.451	85.0791	81.451
secant	2c1f84548ef99faec2b4f9bf12227c83	256	171	256	90	89.9565	-0.0435	1	true	17410	83	NA	NA	NA	NA
zloop	2c1f84548ef99faec2b4f9bf12227c83	256	171	256	90	90.4290	+0.4290	1	true	18701	85	false	92.628	90.4290	92.628
secant	2c1f84548ef99faec2b4f9bf12227c83	1024	683	1024	20	19.7777	-0.2223	4	true	7728	3829	NA	NA	NA	NA
zloop	2c1f84548ef99faec2b4f9bf12227c83	1024	683	1024	20	19.7777	-0.2223	4	true	7728	3599	false	24.546	22.2552	24.546
secant	2c1f84548ef99faec2b4f9bf12227c83	1024	683	1024	25	26.5612	+1.5612	5	false	8781	5198	NA	NA	NA	NA
zloop	2c1f84548ef99faec2b4f9bf12227c83	1024	683	1024	25	26.5612	+1.5612	4	false	8781	3861	false	27.502	27.8910	27.502
secant	2c1f84548ef99faec2b4f9bf12227c83	1024	683	1024	30	29.7572	-0.2428	1	true	9984	837	NA	NA	NA	NA
zloop	2c1f84548ef99faec2b4f9bf12227c83	1024	683	1024	30	29.7572	-0.2428	4	true	9984	3902	false	30.540	31.1235	30.540
secant	2c1f84548ef99faec2b4f9bf12227c83	1024	683	1024	35	35.1480	+0.1480	4	true	11171	3943	NA	NA	NA	NA
zloop	2c1f84548ef99faec2b4f9bf12227c83	1024	683	1024	35	35.1480	+0.1480	1	true	11171	806	false	33.217	35.1480	33.217
secant	2c1f84548ef99faec2b4f9bf12227c83	1024	683	1024	40	40.2846	+0.2846	3	true	12486	2971	NA	NA	NA	NA
zloop	2c1f84548ef99faec2b4f9bf12227c83	1024	683	1024	40	40.2846	+0.2846	1	true	12486	1007	false	35.999	40.2846	35.999
secant	2c1f84548ef99faec2b4f9bf12227c83	1024	683	1024	45	45.1818	+0.1818	3	true	14172	2640	NA	NA	NA	NA
zloop	2c1f84548ef99faec2b4f9bf12227c83	1024	683	1024	45	44.9420	-0.0580	1	true	14378	898	false	40.040	44.9420	40.040
secant	2c1f84548ef99faec2b4f9bf12227c83	1024	683	1024	50	50.0355	+0.0355	4	true	16293	3491	NA	NA	NA	NA
zloop	2c1f84548ef99faec2b4f9bf12227c83	1024	683	1024	50	49.8115	-0.1885	3	true	16557	2816	false	42.495	48.0675	42.495
secant	2c1f84548ef99faec2b4f9bf12227c83	1024	683	1024	55	55.4983	+0.4983	3	true	18493	2852	NA	NA	NA	NA
zloop	2c1f84548ef99faec2b4f9bf12227c83	1024	683	1024	55	55.0152	+0.0152	1	true	17992	893	false	45.937	55.0152	45.937
secant	2c1f84548ef99faec2b4f9bf12227c83	1024	683	1024	60	59.9717	-0.0283	3	true	22134	1946	NA	NA	NA	NA
zloop	2c1f84548ef99faec2b4f9bf12227c83	1024	683	1024	60	59.8425	-0.1575	1	true	20844	531	false	50.294	59.8425	50.294
secant	2c1f84548ef99faec2b4f9bf12227c83	1024	683	1024	65	65.1762	+0.1762	1	true	26435	560	NA	NA	NA	NA
zloop	2c1f84548ef99faec2b4f9bf12227c83	1024	683	1024	65	65.2982	+0.2982	1	true	26763	543	false	56.654	65.2982	56.654
secant	2c1f84548ef99faec2b4f9bf12227c83	1024	683	1024	70	69.9535	-0.0465	4	true	31692	2276	NA	NA	NA	NA
zloop	2c1f84548ef99faec2b4f9bf12227c83	1024	683	1024	70	69.9535	-0.0465	1	true	31692	569	false	61.060	69.9535	61.060
secant	2c1f84548ef99faec2b4f9bf12227c83	1024	683	1024	75	75.1510	+0.1510	1	true	38976	599	NA	NA	NA	NA
zloop	2c1f84548ef99faec2b4f9bf12227c83	1024	683	1024	75	74.6016	-0.3984	1	true	37399	597	false	66.338	74.6016	66.338
secant	2c1f84548ef99faec2b4f9bf12227c83	1024	683	1024	80	80.0019	+0.0019	4	true	54861	2569	NA	NA	NA	NA
zloop	2c1f84548ef99faec2b4f9bf12227c83	1024	683	1024	80	79.6822	-0.3178	3	true	54059	1928	false	74.021	79.0076	74.021
secant	2c1f84548ef99faec2b4f9bf12227c83	1024	683	1024	85	84.8676	-0.1324	3	true	73571	2094	NA	NA	NA	NA
zloop	2c1f84548ef99faec2b4f9bf12227c83	1024	683	1024	85	84.8676	-0.1324	3	true	73571	2113	false	81.451	84.4129	81.451
secant	2c1f84548ef99faec2b4f9bf12227c83	1024	683	1024	90	89.7619	-0.2381	1	true	126916	755	NA	NA	NA	NA
zloop	2c1f84548ef99faec2b4f9bf12227c83	1024	683	1024	90	90.2069	+0.2069	1	true	141620	771	false	92.628	90.2069	92.628
secant	imessage	64	29	64	20	19.6519	-0.3481	5	true	395	17	NA	NA	NA	NA
zloop	imessage	64	29	64	20	19.6519	-0.3481	4	true	395	14	false	24.546	16.3637	24.546
secant	imessage	64	29	64	25	26.0485	+1.0485	6	false	418	20	NA	NA	NA	NA
zloop	imessage	64	29	64	25	25.9320	+0.9320	6	false	413	21	false	27.502	22.0007	27.502
secant	imessage	64	29	64	30	29.5512	-0.4488	4	true	430	12	NA	NA	NA	NA
zloop	imessage	64	29	64	30	29.5512	-0.4488	3	true	430	9	false	30.540	26.4482	30.540
secant	imessage	64	29	64	35	35.0601	+0.0601	5	true	436	18	NA	NA	NA	NA
zloop	imessage	64	29	64	35	35.0601	+0.0601	3	true	436	11	false	33.217	37.9678	33.217
secant	imessage	64	29	64	40	40.5825	+0.5825	4	false	463	13	NA	NA	NA	NA
zloop	imessage	64	29	64	40	43.4205	+3.4205	6	false	442	19	false	35.999	43.8272	35.999
secant	imessage	64	29	64	45	47.0299	+2.0299	5	false	481	15	NA	NA	NA	NA
zloop	imessage	64	29	64	45	47.0299	+2.0299	5	false	481	14	false	40.040	43.4208	40.040
secant	imessage	64	29	64	50	56.4232	+6.4232	5	false	521	16	NA	NA	NA	NA
zloop	imessage	64	29	64	50	56.4232	+6.4232	6	false	521	21	false	42.495	46.0565	42.495
secant	imessage	64	29	64	55	54.7048	-0.2952	4	true	532	14	NA	NA	NA	NA
zloop	imessage	64	29	64	55	56.4232	+1.4232	3	false	521	10	false	45.937	56.4232	45.937
secant	imessage	64	29	64	60	60.1052	+0.1052	1	true	581	3	NA	NA	NA	NA
zloop	imessage	64	29	64	60	59.8043	-0.1957	3	true	595	11	false	50.294	58.1202	50.294
secant	imessage	64	29	64	65	65.8391	+0.8391	5	false	653	19	NA	NA	NA	NA
zloop	imessage	64	29	64	65	65.8391	+0.8391	5	false	653	18	false	56.654	62.9759	56.654
secant	imessage	64	29	64	70	70.3827	+0.3827	4	true	705	14	NA	NA	NA	NA
zloop	imessage	64	29	64	70	70.3827	+0.3827	2	true	705	8	false	61.060	68.8671	61.060
secant	imessage	64	29	64	75	74.9268	-0.0732	5	true	805	21	NA	NA	NA	NA
zloop	imessage	64	29	64	75	74.8830	-0.1170	2	true	866	8	false	66.338	68.9138	66.338
secant	imessage	64	29	64	80	80.4440	+0.4440	4	true	1002	17	NA	NA	NA	NA
zloop	imessage	64	29	64	80	79.8620	-0.1380	4	true	999	20	false	74.021	77.8876	74.021
secant	imessage	64	29	64	85	86.1070	+1.1070	6	false	1268	32	NA	NA	NA	NA
zloop	imessage	64	29	64	85	84.6037	-0.3963	5	true	1207	25	false	81.451	80.6623	81.451
secant	imessage	64	29	64	90	90.1942	+0.1942	4	true	1917	23	NA	NA	NA	NA
zloop	imessage	64	29	64	90	90.1942	+0.1942	2	true	1917	9	false	92.628	88.9046	92.628
secant	imessage	256	118	256	20	20.2998	+0.2998	4	true	1037	245	NA	NA	NA	NA
zloop	imessage	256	118	256	20	21.9385	+1.9385	5	false	1048	305	false	24.546	12.6563	24.546
secant	imessage	256	118	256	25	26.5572	+1.5572	6	false	1109	370	NA	NA	NA	NA
zloop	imessage	256	118	256	25	25.0864	+0.0864	2	true	1172	130	false	27.502	18.2787	27.502
secant	imessage	256	118	256	30	30.4749	+0.4749	3	true	1298	177	NA	NA	NA	NA
zloop	imessage	256	118	256	30	30.4749	+0.4749	3	true	1298	175	false	30.540	27.3865	30.540
secant	imessage	256	118	256	35	34.5644	-0.4356	4	true	1399	244	NA	NA	NA	NA
zloop	imessage	256	118	256	35	34.5644	-0.4356	2	true	1399	129	false	33.217	29.2083	33.217
secant	imessage	256	118	256	40	41.3428	+1.3428	6	false	1569	383	NA	NA	NA	NA
zloop	imessage	256	118	256	40	41.3428	+1.3428	6	false	1569	414	false	35.999	34.4816	35.999
secant	imessage	256	118	256	45	45.3435	+0.3435	2	true	1921	163	NA	NA	NA	NA
zloop	imessage	256	118	256	45	46.1720	+1.1720	6	false	1749	465	false	40.040	37.3134	40.040
secant	imessage	256	118	256	50	50.7188	+0.7188	6	false	1992	403	NA	NA	NA	NA
zloop	imessage	256	118	256	50	50.6511	+0.6511	4	false	1901	264	false	42.495	45.2596	42.495
secant	imessage	256	118	256	55	55.7047	+0.7047	6	false	2096	419	NA	NA	NA	NA
zloop	imessage	256	118	256	55	55.7047	+0.7047	6	false	2096	406	false	45.937	50.7188	45.937
secant	imessage	256	118	256	60	59.6639	-0.3361	4	true	2531	233	NA	NA	NA	NA
zloop	imessage	256	118	256	60	60.0979	+0.0979	2	true	2504	118	false	50.294	56.8196	50.294
secant	imessage	256	118	256	65	64.9759	-0.0241	3	true	3057	174	NA	NA	NA	NA
zloop	imessage	256	118	256	65	64.9759	-0.0241	4	true	3057	235	false	56.654	64.1662	56.654
secant	imessage	256	118	256	70	70.0180	+0.0180	5	true	3527	292	NA	NA	NA	NA
zloop	imessage	256	118	256	70	70.0180	+0.0180	4	true	3527	236	false	61.060	68.6117	61.060
secant	imessage	256	118	256	75	74.8646	-0.1354	4	true	4029	255	NA	NA	NA	NA
zloop	imessage	256	118	256	75	74.8773	-0.1227	1	true	3993	63	false	66.338	74.8773	66.338
secant	imessage	256	118	256	80	79.8865	-0.1135	3	true	5332	202	NA	NA	NA	NA
zloop	imessage	256	118	256	80	79.5194	-0.4806	1	true	5339	68	false	74.021	79.5194	74.021
secant	imessage	256	118	256	85	85.2572	+0.2572	3	true	6969	222	NA	NA	NA	NA
zloop	imessage	256	118	256	85	84.7389	-0.2611	3	true	6697	216	false	81.451	85.6859	81.451
secant	imessage	256	118	256	90	90.9231	+0.9231	6	false	11427	467	NA	NA	NA	NA
zloop	imessage	256	118	256	90	89.8456	-0.1544	1	true	10318	78	false	92.628	89.8456	92.628
secant	imessage	1024	471	1024	20	19.7742	-0.2258	4	true	5425	2028	NA	NA	NA	NA
zloop	imessage	1024	471	1024	20	19.7742	-0.2258	2	true	5425	1165	false	24.546	36.1551	24.546
secant	imessage	1024	471	1024	25	28.1616	+3.1616	6	false	6511	3165	NA	NA	NA	NA
zloop	imessage	1024	471	1024	25	26.0155	+1.0155	5	false	6359	2735	false	27.502	40.4675	27.502
secant	imessage	1024	471	1024	30	30.8236	+0.8236	6	false	7211	3369	NA	NA	NA	NA
zloop	imessage	1024	471	1024	30	30.8236	+0.8236	5	false	7211	2800	false	30.540	43.2812	30.540
secant	imessage	1024	471	1024	35	35.3781	+0.3781	3	true	8037	1630	NA	NA	NA	NA
zloop	imessage	1024	471	1024	35	36.1551	+1.1551	6	false	7726	3345	false	33.217	43.5768	33.217
secant	imessage	1024	471	1024	40	39.9569	-0.0431	3	true	8398	1660	NA	NA	NA	NA
zloop	imessage	1024	471	1024	40	43.1050	+3.1050	6	false	8876	3479	false	35.999	50.0906	35.999
secant	imessage	1024	471	1024	45	45.4070	+0.4070	3	true	9965	1639	NA	NA	NA	NA
zloop	imessage	1024	471	1024	45	45.4070	+0.4070	2	true	9965	1107	false	40.040	57.3366	40.040
secant	imessage	1024	471	1024	50	49.7215	-0.2785	5	true	10899	2729	NA	NA	NA	NA
zloop	imessage	1024	471	1024	50	49.8301	-0.1699	2	true	10582	1107	false	42.495	60.1510	42.495
secant	imessage	1024	471	1024	55	56.5526	+1.5526	6	false	11586	3436	NA	NA	NA	NA
zloop	imessage	1024	471	1024	55	58.7521	+3.7521	6	false	11765	3535	false	45.937	65.5847	45.937
secant	imessage	1024	471	1024	60	60.1166	+0.1166	3	true	13748	1470	NA	NA	NA	NA
zloop	imessage	1024	471	1024	60	60.1510	+0.1510	2	true	13790	1042	false	50.294	66.6322	50.294
secant	imessage	1024	471	1024	65	65.5847	+0.5847	6	false	15188	3275	NA	NA	NA	NA
zloop	imessage	1024	471	1024	65	65.5847	+0.5847	6	false	15188	3237	false	56.654	73.6567	56.654
secant	imessage	1024	471	1024	70	71.3040	+1.3040	6	false	18255	2694	NA	NA	NA	NA
zloop	imessage	1024	471	1024	70	71.3040	+1.3040	6	false	18255	2626	false	61.060	77.6609	61.060
secant	imessage	1024	471	1024	75	75.9736	+0.9736	6	false	21303	2464	NA	NA	NA	NA
zloop	imessage	1024	471	1024	75	75.9736	+0.9736	6	false	21303	2498	false	66.338	81.0735	66.338
secant	imessage	1024	471	1024	80	80.0292	+0.0292	3	true	24310	1275	NA	NA	NA	NA
zloop	imessage	1024	471	1024	80	80.1686	+0.1686	4	true	25164	1724	false	74.021	82.8983	74.021
secant	imessage	1024	471	1024	85	85.0127	+0.0127	5	true	31969	2190	NA	NA	NA	NA
zloop	imessage	1024	471	1024	85	84.5874	-0.4126	2	true	31861	893	false	81.451	87.7221	81.451
secant	imessage	1024	471	1024	90	90.4887	+0.4887	1	true	52427	448	NA	NA	NA	NA
zloop	imessage	1024	471	1024	90	89.8149	-0.1851	2	true	51258	885	false	92.628	90.5526	92.628
secant	codec_wiki	64	64	42	20	20.3687	+0.3687	4	true	367	25	NA	NA	NA	NA
zloop	codec_wiki	64	64	42	20	20.3687	+0.3687	3	true	367	19	false	24.546	27.8098	24.546
secant	codec_wiki	64	64	42	25	26.0799	+1.0799	6	false	375	39	NA	NA	NA	NA
zloop	codec_wiki	64	64	42	25	25.5846	+0.5846	6	false	377	40	false	27.502	40.2037	27.502
secant	codec_wiki	64	64	42	30	39.7192	+9.7192	6	false	398	41	NA	NA	NA	NA
zloop	codec_wiki	64	64	42	30	33.9059	+3.9059	6	false	379	40	false	30.540	35.5271	30.540
secant	codec_wiki	64	64	42	35	39.7192	+4.7192	6	false	398	41	NA	NA	NA	NA
zloop	codec_wiki	64	64	42	35	39.7192	+4.7192	6	false	398	40	false	33.217	41.7169	33.217
secant	codec_wiki	64	64	42	40	44.6530	+4.6530	6	false	428	44	NA	NA	NA	NA
zloop	codec_wiki	64	64	42	40	40.4991	+0.4991	2	true	436	15	false	35.999	42.0821	35.999
secant	codec_wiki	64	64	42	45	51.1080	+6.1080	6	false	436	46	NA	NA	NA	NA
zloop	codec_wiki	64	64	42	45	44.8913	-0.1087	1	true	445	7	false	40.040	44.8913	40.040
secant	codec_wiki	64	64	42	50	57.4217	+7.4217	6	false	456	48	NA	NA	NA	NA
zloop	codec_wiki	64	64	42	50	57.4217	+7.4217	4	false	456	33	false	42.495	47.4203	42.495
secant	codec_wiki	64	64	42	55	57.4217	+2.4217	5	false	456	39	NA	NA	NA	NA
zloop	codec_wiki	64	64	42	55	54.5674	-0.4326	1	true	494	9	false	45.937	54.5674	45.937
secant	codec_wiki	64	64	42	60	59.9241	-0.0759	1	true	542	7	NA	NA	NA	NA
zloop	codec_wiki	64	64	42	60	59.6650	-0.3350	3	true	543	22	false	50.294	53.7907	50.294
secant	codec_wiki	64	64	42	65	66.7231	+1.7231	6	false	582	48	NA	NA	NA	NA
zloop	codec_wiki	64	64	42	65	65.2559	+0.2559	2	true	566	15	false	56.654	66.7231	56.654
secant	codec_wiki	64	64	42	70	70.4736	+0.4736	4	true	673	35	NA	NA	NA	NA
zloop	codec_wiki	64	64	42	70	71.3505	+1.3505	6	false	644	48	false	61.060	62.2590	61.060
secant	codec_wiki	64	64	42	75	74.7171	-0.2829	1	true	668	9	NA	NA	NA	NA
zloop	codec_wiki	64	64	42	75	74.7171	-0.2829	3	true	668	26	false	66.338	74.1945	66.338
secant	codec_wiki	64	64	42	80	80.1329	+0.1329	4	true	867	36	NA	NA	NA	NA
zloop	codec_wiki	64	64	42	80	80.8289	+0.8289	6	false	885	54	false	74.021	77.8354	74.021
secant	codec_wiki	64	64	42	85	86.7394	+1.7394	6	false	1168	69	NA	NA	NA	NA
zloop	codec_wiki	64	64	42	85	86.4258	+1.4258	6	false	981	62	false	81.451	83.7085	81.451
secant	codec_wiki	64	64	42	90	90.7752	+0.7752	5	false	1490	52	NA	NA	NA	NA
zloop	codec_wiki	64	64	42	90	90.0462	+0.0462	1	true	1292	11	false	92.628	90.0462	92.628
secant	codec_wiki	256	256	166	20	19.7178	-0.2822	6	true	1051	417	NA	NA	NA	NA
zloop	codec_wiki	256	256	166	20	23.1920	+3.1920	6	false	1091	402	false	24.546	17.2189	24.546
secant	codec_wiki	256	256	166	25	25.7794	+0.7794	6	false	1118	382	NA	NA	NA	NA
zloop	codec_wiki	256	256	166	25	25.7794	+0.7794	5	false	1118	313	false	27.502	19.7178	27.502
secant	codec_wiki	256	256	166	30	31.4111	+1.4111	6	false	1234	402	NA	NA	NA	NA
zloop	codec_wiki	256	256	166	30	29.9160	-0.0840	1	true	1120	66	false	30.540	29.9160	30.540
secant	codec_wiki	256	256	166	35	34.8070	-0.1930	2	true	1440	136	NA	NA	NA	NA
zloop	codec_wiki	256	256	166	35	34.8070	-0.1930	3	true	1440	212	false	33.217	31.8479	33.217
secant	codec_wiki	256	256	166	40	40.3763	+0.3763	3	true	1475	213	NA	NA	NA	NA
zloop	codec_wiki	256	256	166	40	40.3763	+0.3763	5	true	1475	367	false	35.999	37.8411	35.999
secant	codec_wiki	256	256	166	45	46.9460	+1.9460	5	false	1552	375	NA	NA	NA	NA
zloop	codec_wiki	256	256	166	45	46.9460	+1.9460	5	false	1552	376	false	40.040	43.4184	40.040
secant	codec_wiki	256	256	166	50	49.9442	-0.0558	1	true	1827	69	NA	NA	NA	NA
zloop	codec_wiki	256	256	166	50	50.2236	+0.2236	5	true	1685	361	false	42.495	49.1060	42.495
secant	codec_wiki	256	256	166	55	55.1422	+0.1422	5	true	1944	358	NA	NA	NA	NA
zloop	codec_wiki	256	256	166	55	55.1422	+0.1422	4	true	1944	291	false	45.937	53.3850	45.937
secant	codec_wiki	256	256	166	60	61.8173	+1.8173	5	false	2318	295	NA	NA	NA	NA
zloop	codec_wiki	256	256	166	60	60.7368	+0.7368	5	false	2032	330	false	50.294	60.7368	50.294
secant	codec_wiki	256	256	166	65	65.4905	+0.4905	3	true	2509	175	NA	NA	NA	NA
zloop	codec_wiki	256	256	166	65	65.4905	+0.4905	1	true	2509	61	false	56.654	65.4905	56.654
secant	codec_wiki	256	256	166	70	71.7309	+1.7309	6	false	2803	350	NA	NA	NA	NA
zloop	codec_wiki	256	256	166	70	69.7836	-0.2164	4	true	2704	228	false	61.060	71.7309	61.060
secant	codec_wiki	256	256	166	75	75.7152	+0.7152	5	false	3556	315	NA	NA	NA	NA
zloop	codec_wiki	256	256	166	75	74.8555	-0.1445	1	true	3331	60	false	66.338	74.8555	66.338
secant	codec_wiki	256	256	166	80	80.9512	+0.9512	6	false	4083	370	NA	NA	NA	NA
zloop	codec_wiki	256	256	166	80	80.9512	+0.9512	5	false	4083	309	false	74.021	82.2657	74.021
secant	codec_wiki	256	256	166	85	85.0332	+0.0332	4	true	4569	257	NA	NA	NA	NA
zloop	codec_wiki	256	256	166	85	84.9001	-0.0999	3	true	4657	195	false	81.451	85.9657	81.451
secant	codec_wiki	256	256	166	90	89.7810	-0.2190	3	true	6632	199	NA	NA	NA	NA
zloop	codec_wiki	256	256	166	90	90.3999	+0.3999	2	true	6779	134	false	92.628	90.8637	92.628
secant	codec_wiki	1024	1024	666	20	21.3947	+1.3947	5	false	5013	3205	NA	NA	NA	NA
zloop	codec_wiki	1024	1024	666	20	19.6003	-0.3997	2	true	5565	1343	false	24.546	29.1118	24.546
secant	codec_wiki	1024	1024	666	25	25.2209	+0.2209	3	true	6350	2003	NA	NA	NA	NA
zloop	codec_wiki	1024	1024	666	25	29.5010	+4.5010	6	false	6060	4085	false	27.502	32.8314	27.502
secant	codec_wiki	1024	1024	666	30	29.8888	-0.1112	3	true	6895	1966	NA	NA	NA	NA
zloop	codec_wiki	1024	1024	666	30	30.8067	+0.8067	6	false	7257	3979	false	30.540	39.7903	30.540
secant	codec_wiki	1024	1024	666	35	36.8139	+1.8139	6	false	7760	4022	NA	NA	NA	NA
zloop	codec_wiki	1024	1024	666	35	36.8139	+1.8139	6	false	7760	4159	false	33.217	46.6347	33.217
secant	codec_wiki	1024	1024	666	40	39.7903	-0.2097	4	true	8345	2710	NA	NA	NA	NA
zloop	codec_wiki	1024	1024	666	40	39.5729	-0.4271	2	true	8031	1369	false	35.999	50.5952	35.999
secant	codec_wiki	1024	1024	666	45	45.4072	+0.4072	4	true	9254	2761	NA	NA	NA	NA
zloop	codec_wiki	1024	1024	666	45	45.4072	+0.4072	2	true	9254	1315	false	40.040	56.9046	40.040
secant	codec_wiki	1024	1024	666	50	51.2817	+1.2817	6	false	10139	4105	NA	NA	NA	NA
zloop	codec_wiki	1024	1024	666	50	51.2817	+1.2817	6	false	10139	4112	false	42.495	58.8055	42.495
secant	codec_wiki	1024	1024	666	55	55.0971	+0.0971	3	true	11088	2043	NA	NA	NA	NA
zloop	codec_wiki	1024	1024	666	55	54.6504	-0.3496	5	true	10931	3295	false	45.937	65.1859	45.937
secant	codec_wiki	1024	1024	666	60	60.7454	+0.7454	6	false	12645	4075	NA	NA	NA	NA
zloop	codec_wiki	1024	1024	666	60	60.7454	+0.7454	5	false	12645	3324	false	50.294	69.2781	50.294
secant	codec_wiki	1024	1024	666	65	64.5384	-0.4616	2	true	14092	1114	NA	NA	NA	NA
zloop	codec_wiki	1024	1024	666	65	64.9088	-0.0912	3	true	14303	1828	false	56.654	73.2992	56.654
secant	codec_wiki	1024	1024	666	70	70.1993	+0.1993	3	true	15309	1602	NA	NA	NA	NA
zloop	codec_wiki	1024	1024	666	70	70.0052	+0.0052	2	true	16379	942	false	61.060	77.3101	61.060
secant	codec_wiki	1024	1024	666	75	75.3486	+0.3486	4	true	18981	1863	NA	NA	NA	NA
zloop	codec_wiki	1024	1024	666	75	75.1607	+0.1607	3	true	18648	1373	false	66.338	82.4871	66.338
secant	codec_wiki	1024	1024	666	80	79.5198	-0.4802	3	true	22197	1412	NA	NA	NA	NA
zloop	codec_wiki	1024	1024	666	80	82.4871	+2.4871	6	false	23215	3071	false	74.021	85.8313	74.021
secant	codec_wiki	1024	1024	666	85	85.0053	+0.0053	4	true	26505	1893	NA	NA	NA	NA
zloop	codec_wiki	1024	1024	666	85	85.4841	+0.4841	4	true	27192	1891	false	81.451	87.0512	81.451
secant	codec_wiki	1024	1024	666	90	89.9679	-0.0321	1	true	45857	496	NA	NA	NA	NA
zloop	codec_wiki	1024	1024	666	90	90.4345	+0.4345	1	true	48555	455	false	92.628	90.4345	92.628
secant	imac_g3	64	64	42	20	20.0405	+0.0405	6	true	365	28	NA	NA	NA	NA
zloop	imac_g3	64	64	42	20	20.0405	+0.0405	1	true	365	4	false	24.546	20.0405	24.546
secant	imac_g3	64	64	42	25	24.5740	-0.4260	3	true	378	16	NA	NA	NA	NA
zloop	imac_g3	64	64	42	25	25.1056	+0.1056	1	true	376	4	false	27.502	25.1056	27.502
secant	imac_g3	64	64	42	30	30.4424	+0.4424	5	true	394	23	NA	NA	NA	NA
zloop	imac_g3	64	64	42	30	29.6274	-0.3726	3	true	391	13	false	30.540	28.5548	30.540
secant	imac_g3	64	64	42	35	35.4549	+0.4549	5	true	410	26	NA	NA	NA	NA
zloop	imac_g3	64	64	42	35	40.7715	+5.7715	5	false	409	23	false	33.217	32.1156	33.217
secant	imac_g3	64	64	42	40	40.1129	+0.1129	4	true	420	22	NA	NA	NA	NA
zloop	imac_g3	64	64	42	40	40.1129	+0.1129	3	true	420	16	false	35.999	35.4549	35.999
secant	imac_g3	64	64	42	45	45.9540	+0.9540	4	false	440	19	NA	NA	NA	NA
zloop	imac_g3	64	64	42	45	48.0690	+3.0690	6	false	480	39	false	40.040	30.3985	40.040
secant	imac_g3	64	64	42	50	50.2761	+0.2761	4	true	493	24	NA	NA	NA	NA
zloop	imac_g3	64	64	42	50	53.6349	+3.6349	6	false	496	34	false	42.495	30.8240	42.495
secant	imac_g3	64	64	42	55	57.3133	+2.3133	6	false	535	32	NA	NA	NA	NA
zloop	imac_g3	64	64	42	55	57.3133	+2.3133	6	false	535	36	false	45.937	48.9732	45.937
secant	imac_g3	64	64	42	60	60.4322	+0.4322	5	true	581	27	NA	NA	NA	NA
zloop	imac_g3	64	64	42	60	60.3767	+0.3767	2	true	580	12	false	50.294	53.9114	50.294
secant	imac_g3	64	64	42	65	64.6612	-0.3388	5	true	609	32	NA	NA	NA	NA
zloop	imac_g3	64	64	42	65	65.8808	+0.8808	6	false	641	35	false	56.654	62.2701	56.654
secant	imac_g3	64	64	42	70	71.0343	+1.0343	6	false	676	40	NA	NA	NA	NA
zloop	imac_g3	64	64	42	70	70.2429	+0.2429	3	true	708	18	false	61.060	63.6012	61.060
secant	imac_g3	64	64	42	75	75.7651	+0.7651	6	false	859	42	NA	NA	NA	NA
zloop	imac_g3	64	64	42	75	79.0624	+4.0624	6	false	912	46	false	66.338	73.3885	66.338
secant	imac_g3	64	64	42	80	81.2014	+1.2014	6	false	1045	52	NA	NA	NA	NA
zloop	imac_g3	64	64	42	80	80.4978	+0.4978	2	true	1047	15	false	74.021	75.8916	74.021
secant	imac_g3	64	64	42	85	85.1901	+0.1901	1	true	1171	8	NA	NA	NA	NA
zloop	imac_g3	64	64	42	85	87.0221	+2.0221	6	false	1336	59	false	81.451	68.3625	81.451
secant	imac_g3	64	64	42	90	89.6640	-0.3360	1	true	1583	8	NA	NA	NA	NA
zloop	imac_g3	64	64	42	90	90.0005	+0.0005	2	true	1834	21	false	92.628	89.2689	92.628
secant	imac_g3	256	256	166	20	20.4922	+0.4922	2	true	1654	128	NA	NA	NA	NA
zloop	imac_g3	256	256	166	20	20.0274	+0.0274	3	true	1654	237	false	24.546	13.6094	24.546
secant	imac_g3	256	256	166	25	25.4570	+0.4570	5	true	1858	361	NA	NA	NA	NA
zloop	imac_g3	256	256	166	25	25.4570	+0.4570	3	true	1858	230	false	27.502	10.7182	27.502
secant	imac_g3	256	256	166	30	30.9605	+0.9605	5	false	2111	396	NA	NA	NA	NA
zloop	imac_g3	256	256	166	30	30.9605	+0.9605	6	false	2111	487	false	30.540	18.4365	30.540
secant	imac_g3	256	256	166	35	35.8210	+0.8210	6	false	2364	503	NA	NA	NA	NA
zloop	imac_g3	256	256	166	35	35.8210	+0.8210	6	false	2364	454	false	33.217	21.8561	33.217
secant	imac_g3	256	256	166	40	39.7072	-0.2928	5	true	2610	423	NA	NA	NA	NA
zloop	imac_g3	256	256	166	40	39.7072	-0.2928	5	true	2610	371	false	35.999	28.8942	35.999
secant	imac_g3	256	256	166	45	45.7945	+0.7945	5	false	2881	395	NA	NA	NA	NA
zloop	imac_g3	256	256	166	45	45.7945	+0.7945	6	false	2881	479	false	40.040	36.4978	40.040
secant	imac_g3	256	256	166	50	50.8973	+0.8973	6	false	3331	459	NA	NA	NA	NA
zloop	imac_g3	256	256	166	50	50.8973	+0.8973	5	false	3331	459	false	42.495	42.6482	42.495
secant	imac_g3	256	256	166	55	55.9114	+0.9114	5	false	3648	442	NA	NA	NA	NA
zloop	imac_g3	256	256	166	55	55.9114	+0.9114	4	false	3648	339	false	45.937	51.6181	45.937
secant	imac_g3	256	256	166	60	59.8897	-0.1103	3	true	4132	222	NA	NA	NA	NA
zloop	imac_g3	256	256	166	60	59.9242	-0.0758	2	true	4090	127	false	50.294	58.5869	50.294
secant	imac_g3	256	256	166	65	64.5146	-0.4854	3	true	5047	193	NA	NA	NA	NA
zloop	imac_g3	256	256	166	65	64.5146	-0.4854	1	true	5047	65	false	56.654	64.5146	56.654
secant	imac_g3	256	256	166	70	70.3404	+0.3404	3	true	5579	216	NA	NA	NA	NA
zloop	imac_g3	256	256	166	70	69.5056	-0.4944	1	true	5765	65	false	61.060	69.5056	61.060
secant	imac_g3	256	256	166	75	74.8183	-0.1817	3	true	6474	202	NA	NA	NA	NA
zloop	imac_g3	256	256	166	75	74.9136	-0.0864	2	true	6392	136	false	66.338	75.7420	66.338
secant	imac_g3	256	256	166	80	80.3728	+0.3728	3	true	8171	209	NA	NA	NA	NA
zloop	imac_g3	256	256	166	80	80.3728	+0.3728	3	true	8171	212	false	74.021	82.1020	74.021
secant	imac_g3	256	256	166	85	85.2635	+0.2635	4	true	9687	296	NA	NA	NA	NA
zloop	imac_g3	256	256	166	85	84.9360	-0.0640	2	true	9579	143	false	81.451	86.8708	81.451
secant	imac_g3	256	256	166	90	90.2660	+0.2660	4	true	14214	316	NA	NA	NA	NA
zloop	imac_g3	256	256	166	90	90.2660	+0.2660	2	true	14214	161	false	92.628	91.0941	92.628
secant	imac_g3	1024	1024	666	20	22.5295	+2.5295	6	false	20457	4945	NA	NA	NA	NA
zloop	imac_g3	1024	1024	666	20	22.5295	+2.5295	6	false	20457	4750	false	24.546	29.9582	24.546
secant	imac_g3	1024	1024	666	25	28.4783	+3.4783	6	false	22309	5012	NA	NA	NA	NA
zloop	imac_g3	1024	1024	666	25	28.4783	+3.4783	6	false	22309	5187	false	27.502	38.5099	27.502
secant	imac_g3	1024	1024	666	30	30.1870	+0.1870	3	true	23668	2477	NA	NA	NA	NA
zloop	imac_g3	1024	1024	666	30	30.1870	+0.1870	2	true	23668	1605	false	30.540	41.6021	30.540
secant	imac_g3	1024	1024	666	35	36.1221	+1.1221	6	false	26457	4934	NA	NA	NA	NA
zloop	imac_g3	1024	1024	666	35	38.5099	+3.5099	5	false	27950	4103	false	33.217	46.1411	33.217
secant	imac_g3	1024	1024	666	40	41.1168	+1.1168	6	false	28975	4884	NA	NA	NA	NA
zloop	imac_g3	1024	1024	666	40	41.1168	+1.1168	6	false	28975	5025	false	35.999	49.0725	35.999
secant	imac_g3	1024	1024	666	45	48.2869	+3.2869	6	false	36298	4959	NA	NA	NA	NA
zloop	imac_g3	1024	1024	666	45	46.1411	+1.1411	6	false	35660	4882	false	40.040	56.3340	40.040
secant	imac_g3	1024	1024	666	50	51.9476	+1.9476	6	false	39524	4969	NA	NA	NA	NA
zloop	imac_g3	1024	1024	666	50	51.9476	+1.9476	6	false	39524	4887	false	42.495	61.2690	42.495
secant	imac_g3	1024	1024	666	55	56.0910	+1.0910	6	false	41960	4916	NA	NA	NA	NA
zloop	imac_g3	1024	1024	666	55	56.0910	+1.0910	6	false	41960	5570	false	45.937	66.1184	45.937
secant	imac_g3	1024	1024	666	60	59.8374	-0.1626	3	true	46136	2187	NA	NA	NA	NA
zloop	imac_g3	1024	1024	666	60	60.3000	+0.3000	5	true	46705	4081	false	50.294	69.9767	50.294
secant	imac_g3	1024	1024	666	65	65.4561	+0.4561	4	true	53170	2973	NA	NA	NA	NA
zloop	imac_g3	1024	1024	666	65	64.5246	-0.4754	2	true	51822	1403	false	56.654	76.9637	56.654
secant	imac_g3	1024	1024	666	70	70.0766	+0.0766	2	true	60562	1369	NA	NA	NA	NA
zloop	imac_g3	1024	1024	666	70	69.6685	-0.3315	2	true	59896	1428	false	61.060	79.3528	61.060
secant	imac_g3	1024	1024	666	75	75.2895	+0.2895	5	true	71392	2833	NA	NA	NA	NA
zloop	imac_g3	1024	1024	666	75	74.6950	-0.3050	3	true	69078	1728	false	66.338	80.2722	66.338
secant	imac_g3	1024	1024	666	80	80.3444	+0.3444	4	true	83428	2343	NA	NA	NA	NA
zloop	imac_g3	1024	1024	666	80	80.2722	+0.2722	3	true	91313	1773	false	74.021	82.9989	74.021
secant	imac_g3	1024	1024	666	85	84.8439	-0.1561	5	true	113774	2992	NA	NA	NA	NA
zloop	imac_g3	1024	1024	666	85	84.8439	-0.1561	3	true	113774	1787	false	81.451	88.3211	81.451
secant	imac_g3	1024	1024	666	90	90.2574	+0.2574	4	true	136443	2377	NA	NA	NA	NA
zloop	imac_g3	1024	1024	666	90	90.0006	+0.0006	3	true	140184	1827	false	92.628	92.2378	92.628
secant	gmessages	64	30	64	20	20.0469	+0.0469	5	true	341	11	NA	NA	NA	NA
zloop	gmessages	64	30	64	20	20.0469	+0.0469	5	true	341	10	false	24.546	14.9094	24.546
secant	gmessages	64	30	64	25	28.8730	+3.8730	6	false	352	14	NA	NA	NA	NA
zloop	gmessages	64	30	64	25	28.8730	+3.8730	6	false	352	12	false	27.502	13.1658	27.502
secant	gmessages	64	30	64	30	29.8611	-0.1389	4	true	370	10	NA	NA	NA	NA
zloop	gmessages	64	30	64	30	29.8611	-0.1389	4	true	370	10	false	30.540	16.5979	30.540
secant	gmessages	64	30	64	35	36.2454	+1.2454	6	false	386	16	NA	NA	NA	NA
zloop	gmessages	64	30	64	35	36.2454	+1.2454	5	false	386	12	false	33.217	21.3912	33.217
secant	gmessages	64	30	64	40	39.8737	-0.1263	6	true	392	14	NA	NA	NA	NA
zloop	gmessages	64	30	64	40	39.8737	-0.1263	5	true	392	11	false	35.999	24.4269	35.999
secant	gmessages	64	30	64	45	45.3753	+0.3753	5	true	406	13	NA	NA	NA	NA
zloop	gmessages	64	30	64	45	44.6564	-0.3436	3	true	407	7	false	40.040	31.3621	40.040
secant	gmessages	64	30	64	50	53.6643	+3.6643	6	false	431	14	NA	NA	NA	NA
zloop	gmessages	64	30	64	50	50.4247	+0.4247	2	true	425	4	false	42.495	34.9486	42.495
secant	gmessages	64	30	64	55	55.6227	+0.6227	5	false	446	12	NA	NA	NA	NA
zloop	gmessages	64	30	64	55	55.6227	+0.6227	5	false	446	12	false	45.937	44.6564	45.937
secant	gmessages	64	30	64	60	60.4212	+0.4212	4	true	472	11	NA	NA	NA	NA
zloop	gmessages	64	30	64	60	60.4212	+0.4212	3	true	472	7	false	50.294	53.6643	50.294
secant	gmessages	64	30	64	65	65.3543	+0.3543	2	true	530	5	NA	NA	NA	NA
zloop	gmessages	64	30	64	65	64.6269	-0.3731	6	true	519	16	false	56.654	64.4104	56.654
secant	gmessages	64	30	64	70	69.6282	-0.3718	6	true	541	17	NA	NA	NA	NA
zloop	gmessages	64	30	64	70	69.6282	-0.3718	3	true	541	8	false	61.060	64.6269	61.060
secant	gmessages	64	30	64	75	75.0272	+0.0272	2	true	607	5	NA	NA	NA	NA
zloop	gmessages	64	30	64	75	75.5823	+0.5823	6	false	629	19	false	66.338	72.4764	66.338
secant	gmessages	64	30	64	80	79.6035	-0.3965	6	true	673	20	NA	NA	NA	NA
zloop	gmessages	64	30	64	80	80.3392	+0.3392	2	true	683	5	false	74.021	78.1284	74.021
secant	gmessages	64	30	64	85	85.2125	+0.2125	4	true	821	13	NA	NA	NA	NA
zloop	gmessages	64	30	64	85	85.2125	+0.2125	3	true	821	10	false	81.451	80.8443	81.451
secant	gmessages	64	30	64	90	89.5471	-0.4529	1	true	990	4	NA	NA	NA	NA
zloop	gmessages	64	30	64	90	90.0285	+0.0285	3	true	1120	12	false	92.628	88.5805	92.628
secant	gmessages	256	119	256	20	22.2255	+2.2255	6	false	881	307	NA	NA	NA	NA
zloop	gmessages	256	119	256	20	19.7331	-0.2669	2	true	857	76	false	24.546	13.5242	24.546
secant	gmessages	256	119	256	25	28.3108	+3.3108	6	false	1004	290	NA	NA	NA	NA
zloop	gmessages	256	119	256	25	26.3321	+1.3321	6	false	929	271	false	27.502	19.1406	27.502
secant	gmessages	256	119	256	30	29.5216	-0.4784	5	true	1101	206	NA	NA	NA	NA
zloop	gmessages	256	119	256	30	29.5216	-0.4784	3	true	1101	136	false	30.540	23.8047	30.540
secant	gmessages	256	119	256	35	35.3942	+0.3942	4	true	1139	179	NA	NA	NA	NA
zloop	gmessages	256	119	256	35	37.0886	+2.0886	6	false	1186	261	false	33.217	28.0628	33.217
secant	gmessages	256	119	256	40	42.2233	+2.2233	5	false	1698	225	NA	NA	NA	NA
zloop	gmessages	256	119	256	40	42.1133	+2.1133	6	false	1441	271	false	35.999	30.1197	35.999
secant	gmessages	256	119	256	45	48.7596	+3.7596	6	false	1834	267	NA	NA	NA	NA
zloop	gmessages	256	119	256	45	44.8728	-0.1272	2	true	1555	98	false	40.040	37.9868	40.040
secant	gmessages	256	119	256	50	57.8593	+7.8593	6	false	1895	278	NA	NA	NA	NA
zloop	gmessages	256	119	256	50	51.9670	+1.9670	6	false	1661	274	false	42.495	35.4667	42.495
secant	gmessages	256	119	256	55	55.7692	+0.7692	6	false	1971	248	NA	NA	NA	NA
zloop	gmessages	256	119	256	55	57.8593	+2.8593	6	false	1895	248	false	45.937	47.4383	45.937
secant	gmessages	256	119	256	60	60.0141	+0.0141	4	true	2190	156	NA	NA	NA	NA
zloop	gmessages	256	119	256	60	60.0612	+0.0612	6	true	2346	233	false	50.294	46.1099	50.294
secant	gmessages	256	119	256	65	65.7717	+0.7717	6	false	2669	256	NA	NA	NA	NA
zloop	gmessages	256	119	256	65	65.7717	+0.7717	6	false	2669	254	false	56.654	60.0612	56.654
secant	gmessages	256	119	256	70	72.4530	+2.4530	6	false	3037	269	NA	NA	NA	NA
zloop	gmessages	256	119	256	70	72.4530	+2.4530	6	false	3037	261	false	61.060	63.9429	61.060
secant	gmessages	256	119	256	75	78.5982	+3.5982	6	false	3851	277	NA	NA	NA	NA
zloop	gmessages	256	119	256	75	74.9713	-0.0287	4	true	3508	178	false	66.338	71.1806	66.338
secant	gmessages	256	119	256	80	79.8300	-0.1700	4	true	4608	190	NA	NA	NA	NA
zloop	gmessages	256	119	256	80	83.9874	+3.9874	6	false	4973	282	false	74.021	71.7555	74.021
secant	gmessages	256	119	256	85	84.7151	-0.2849	2	true	5443	93	NA	NA	NA	NA
zloop	gmessages	256	119	256	85	87.6684	+2.6684	5	false	5914	236	false	81.451	78.9730	81.451
secant	gmessages	256	119	256	90	88.5829	-1.4171	4	false	12127	223	NA	NA	NA	NA
zloop	gmessages	256	119	256	90	88.5829	-1.4171	2	false	12127	112	false	92.628	85.0830	92.628
secant	gmessages	1024	478	1024	20	21.2224	+1.2224	6	false	4013	2564	NA	NA	NA	NA
zloop	gmessages	1024	478	1024	20	21.2224	+1.2224	6	false	4013	2665	false	24.546	35.4295	24.546
secant	gmessages	1024	478	1024	25	25.6038	+0.6038	6	false	4806	2569	NA	NA	NA	NA
zloop	gmessages	1024	478	1024	25	25.6038	+0.6038	6	false	4806	2477	false	27.502	42.9521	27.502
secant	gmessages	1024	478	1024	30	30.3995	+0.3995	4	true	5361	1726	NA	NA	NA	NA
zloop	gmessages	1024	478	1024	30	30.3995	+0.3995	2	true	5361	911	false	30.540	48.7166	30.540
secant	gmessages	1024	478	1024	35	35.1008	+0.1008	6	true	6143	2666	NA	NA	NA	NA
zloop	gmessages	1024	478	1024	35	35.1008	+0.1008	4	true	6143	1773	false	33.217	50.9173	33.217
secant	gmessages	1024	478	1024	40	40.4779	+0.4779	3	true	6903	1320	NA	NA	NA	NA
zloop	gmessages	1024	478	1024	40	43.6438	+3.6438	6	false	6967	2712	false	35.999	51.3024	35.999
secant	gmessages	1024	478	1024	45	45.6604	+0.6604	6	false	7587	2897	NA	NA	NA	NA
zloop	gmessages	1024	478	1024	45	45.6604	+0.6604	6	false	7587	2837	false	40.040	61.0607	40.040
secant	gmessages	1024	478	1024	50	50.9173	+0.9173	6	false	8792	2771	NA	NA	NA	NA
zloop	gmessages	1024	478	1024	50	52.5760	+2.5760	6	false	8774	2752	false	42.495	61.0240	42.495
secant	gmessages	1024	478	1024	55	55.7194	+0.7194	6	false	9242	2721	NA	NA	NA	NA
zloop	gmessages	1024	478	1024	55	58.6625	+3.6625	6	false	9533	2754	false	45.937	68.6239	45.937
secant	gmessages	1024	478	1024	60	60.1888	+0.1888	3	true	10335	1203	NA	NA	NA	NA
zloop	gmessages	1024	478	1024	60	60.1888	+0.1888	5	true	10335	2101	false	50.294	72.8409	50.294
secant	gmessages	1024	478	1024	65	65.2488	+0.2488	2	true	12093	733	NA	NA	NA	NA
zloop	gmessages	1024	478	1024	65	65.4760	+0.4760	4	true	11972	1929	false	56.654	76.3961	56.654
secant	gmessages	1024	478	1024	70	70.0271	+0.0271	3	true	13096	1051	NA	NA	NA	NA
zloop	gmessages	1024	478	1024	70	70.0271	+0.0271	4	true	13096	1707	false	61.060	78.9469	61.060
secant	gmessages	1024	478	1024	75	75.8552	+0.8552	6	false	16359	1754	NA	NA	NA	NA
zloop	gmessages	1024	478	1024	75	75.3544	+0.3544	5	true	16222	1481	false	66.338	80.6375	66.338
secant	gmessages	1024	478	1024	80	79.6235	-0.3765	3	true	20447	900	NA	NA	NA	NA
zloop	gmessages	1024	478	1024	80	79.6235	-0.3765	3	true	20447	895	false	74.021	85.4465	74.021
secant	gmessages	1024	478	1024	85	84.7707	-0.2293	3	true	26067	883	NA	NA	NA	NA
zloop	gmessages	1024	478	1024	85	85.4022	+0.4022	4	true	25119	1158	false	81.451	88.6389	81.451
secant	gmessages	1024	478	1024	90	89.7448	-0.2552	4	true	34459	1177	NA	NA	NA	NA
zloop	gmessages	1024	478	1024	90	89.7820	-0.2180	3	true	33979	884	false	92.628	92.2192	92.628
secant	d0208a1e9b4fde642b9752da2907d82d5b530a6e2e6e18ef71d5524a92d1cf9a	2048	1360	2048	20	20.5889	+0.5889	5	false	188919	17854	NA	NA	NA	NA
zloop	d0208a1e9b4fde642b9752da2907d82d5b530a6e2e6e18ef71d5524a92d1cf9a	2048	1360	2048	20	20.5889	+0.5889	6	false	188919	21777	false	24.546	9.0091	24.546
secant	d0208a1e9b4fde642b9752da2907d82d5b530a6e2e6e18ef71d5524a92d1cf9a	2048	1360	2048	30	29.7856	-0.2144	5	true	225657	17462	NA	NA	NA	NA
zloop	d0208a1e9b4fde642b9752da2907d82d5b530a6e2e6e18ef71d5524a92d1cf9a	2048	1360	2048	30	30.2483	+0.2483	3	true	230188	11046	false	30.540	11.0206	30.540
secant	d0208a1e9b4fde642b9752da2907d82d5b530a6e2e6e18ef71d5524a92d1cf9a	2048	1360	2048	40	40.9008	+0.9008	6	false	278559	22293	NA	NA	NA	NA
zloop	d0208a1e9b4fde642b9752da2907d82d5b530a6e2e6e18ef71d5524a92d1cf9a	2048	1360	2048	40	40.9008	+0.9008	6	false	278559	23575	false	35.999	20.5889	35.999
secant	d0208a1e9b4fde642b9752da2907d82d5b530a6e2e6e18ef71d5524a92d1cf9a	2048	1360	2048	50	50.8204	+0.8204	5	false	357575	17811	NA	NA	NA	NA
zloop	d0208a1e9b4fde642b9752da2907d82d5b530a6e2e6e18ef71d5524a92d1cf9a	2048	1360	2048	50	50.8204	+0.8204	5	false	357575	16439	false	42.495	34.4250	42.495
secant	d0208a1e9b4fde642b9752da2907d82d5b530a6e2e6e18ef71d5524a92d1cf9a	2048	1360	2048	60	60.1620	+0.1620	4	true	433937	11897	NA	NA	NA	NA
zloop	d0208a1e9b4fde642b9752da2907d82d5b530a6e2e6e18ef71d5524a92d1cf9a	2048	1360	2048	60	60.1620	+0.1620	4	true	433937	11817	false	50.294	50.8204	50.294
secant	d0208a1e9b4fde642b9752da2907d82d5b530a6e2e6e18ef71d5524a92d1cf9a	2048	1360	2048	70	69.7309	-0.2691	4	true	599101	12920	NA	NA	NA	NA
zloop	d0208a1e9b4fde642b9752da2907d82d5b530a6e2e6e18ef71d5524a92d1cf9a	2048	1360	2048	70	69.7309	-0.2691	4	true	599101	12958	false	61.060	65.6670	61.060
secant	d0208a1e9b4fde642b9752da2907d82d5b530a6e2e6e18ef71d5524a92d1cf9a	2048	1360	2048	80	80.3591	+0.3591	1	true	926385	3688	NA	NA	NA	NA
zloop	d0208a1e9b4fde642b9752da2907d82d5b530a6e2e6e18ef71d5524a92d1cf9a	2048	1360	2048	80	79.7993	-0.2007	2	true	949503	7353	false	74.021	78.0301	74.021
secant	d0208a1e9b4fde642b9752da2907d82d5b530a6e2e6e18ef71d5524a92d1cf9a	2048	1360	2048	90	89.8735	-0.1265	3	true	2029524	13877	NA	NA	NA	NA
zloop	d0208a1e9b4fde642b9752da2907d82d5b530a6e2e6e18ef71d5524a92d1cf9a	2048	1360	2048	90	89.5940	-0.4060	2	true	1965981	9017	false	92.628	89.4071	92.628
secant	c9510efb03d1852c29ecad84cc0558768728681a3b9b04eae0dbbd9be142dd95	2048	2048	1360	20	21.7246	+1.7246	6	false	34409	18908	NA	NA	NA	NA
zloop	c9510efb03d1852c29ecad84cc0558768728681a3b9b04eae0dbbd9be142dd95	2048	2048	1360	20	21.7246	+1.7246	6	false	34409	19099	false	24.546	27.6677	24.546
secant	c9510efb03d1852c29ecad84cc0558768728681a3b9b04eae0dbbd9be142dd95	2048	2048	1360	30	29.5887	-0.4113	3	true	40598	9772	NA	NA	NA	NA
zloop	c9510efb03d1852c29ecad84cc0558768728681a3b9b04eae0dbbd9be142dd95	2048	2048	1360	30	30.3116	+0.3116	4	true	42999	13457	false	30.540	32.5206	30.540
secant	c9510efb03d1852c29ecad84cc0558768728681a3b9b04eae0dbbd9be142dd95	2048	2048	1360	40	39.6907	-0.3093	4	true	53683	14071	NA	NA	NA	NA
zloop	c9510efb03d1852c29ecad84cc0558768728681a3b9b04eae0dbbd9be142dd95	2048	2048	1360	40	40.0049	+0.0049	1	true	55612	3536	false	35.999	40.0049	35.999
secant	c9510efb03d1852c29ecad84cc0558768728681a3b9b04eae0dbbd9be142dd95	2048	2048	1360	50	50.4644	+0.4644	5	true	67597	17848	NA	NA	NA	NA
zloop	c9510efb03d1852c29ecad84cc0558768728681a3b9b04eae0dbbd9be142dd95	2048	2048	1360	50	50.4644	+0.4644	3	true	67597	10854	false	42.495	50.8695	42.495
secant	c9510efb03d1852c29ecad84cc0558768728681a3b9b04eae0dbbd9be142dd95	2048	2048	1360	60	59.5850	-0.4150	3	true	85545	9909	NA	NA	NA	NA
zloop	c9510efb03d1852c29ecad84cc0558768728681a3b9b04eae0dbbd9be142dd95	2048	2048	1360	60	59.5850	-0.4150	3	true	85545	9779	false	50.294	61.5862	50.294
secant	c9510efb03d1852c29ecad84cc0558768728681a3b9b04eae0dbbd9be142dd95	2048	2048	1360	70	70.5680	+0.5680	6	false	117912	15836	NA	NA	NA	NA
zloop	c9510efb03d1852c29ecad84cc0558768728681a3b9b04eae0dbbd9be142dd95	2048	2048	1360	70	70.5680	+0.5680	6	false	117912	16087	false	61.060	72.7202	61.060
secant	c9510efb03d1852c29ecad84cc0558768728681a3b9b04eae0dbbd9be142dd95	2048	2048	1360	80	80.2912	+0.2912	1	true	209801	3126	NA	NA	NA	NA
zloop	c9510efb03d1852c29ecad84cc0558768728681a3b9b04eae0dbbd9be142dd95	2048	2048	1360	80	79.7410	-0.2590	1	true	196070	3081	false	74.021	79.7410	74.021
secant	c9510efb03d1852c29ecad84cc0558768728681a3b9b04eae0dbbd9be142dd95	2048	2048	1360	90	90.1266	+0.1266	3	true	664999	11365	NA	NA	NA	NA
zloop	c9510efb03d1852c29ecad84cc0558768728681a3b9b04eae0dbbd9be142dd95	2048	2048	1360	90	90.1712	+0.1712	1	true	625211	3787	false	92.628	90.1712	92.628
secant	imessage	2048	942	2048	20	22.3188	+2.3188	6	false	10297	10720	NA	NA	NA	NA
zloop	imessage	2048	942	2048	20	19.8642	-0.1358	3	true	10426	5546	false	24.546	39.9742	24.546
secant	imessage	2048	942	2048	30	30.4199	+0.4199	3	true	12287	5544	NA	NA	NA	NA
zloop	imessage	2048	942	2048	30	30.3309	+0.3309	4	true	12373	7429	false	30.540	52.2524	30.540
secant	imessage	2048	942	2048	40	40.5900	+0.5900	6	false	16567	11892	NA	NA	NA	NA
zloop	imessage	2048	942	2048	40	40.0898	+0.0898	5	true	16572	9986	false	35.999	58.9273	35.999
secant	imessage	2048	942	2048	50	52.4212	+2.4212	6	false	19891	12441	NA	NA	NA	NA
zloop	imessage	2048	942	2048	50	52.4212	+2.4212	6	false	19891	11924	false	42.495	63.0308	42.495
secant	imessage	2048	942	2048	60	61.1877	+1.1877	6	false	25363	12861	NA	NA	NA	NA
zloop	imessage	2048	942	2048	60	61.1877	+1.1877	6	false	25363	13010	false	50.294	71.8176	50.294
secant	imessage	2048	942	2048	70	71.4394	+1.4394	6	false	32730	12007	NA	NA	NA	NA
zloop	imessage	2048	942	2048	70	70.3393	+0.3393	6	true	31822	10202	false	61.060	78.7671	61.060
secant	imessage	2048	942	2048	80	81.0069	+1.0069	6	false	48796	9971	NA	NA	NA	NA
zloop	imessage	2048	942	2048	80	81.0069	+1.0069	6	false	48796	9383	false	74.021	85.0505	74.021
secant	imessage	2048	942	2048	90	89.8457	-0.1543	2	true	98314	2685	NA	NA	NA	NA
zloop	imessage	2048	942	2048	90	89.5571	-0.4429	1	true	123409	1392	false	92.628	89.5571	92.628
secant	imac_g3	2048	2048	1332	20	19.9642	-0.0358	5	true	38686	12774	NA	NA	NA	NA
zloop	imac_g3	2048	2048	1332	20	19.9642	-0.0358	2	true	38686	5317	false	24.546	44.8495	24.546
secant	imac_g3	2048	2048	1332	30	30.1317	+0.1317	3	true	48490	7939	NA	NA	NA	NA
zloop	imac_g3	2048	2048	1332	30	30.3521	+0.3521	4	true	47038	10655	false	30.540	52.9245	30.540
secant	imac_g3	2048	2048	1332	40	40.3130	+0.3130	3	true	62258	8105	NA	NA	NA	NA
zloop	imac_g3	2048	2048	1332	40	40.3640	+0.3640	4	true	61579	11077	false	35.999	57.8259	35.999
secant	imac_g3	2048	2048	1332	50	49.7240	-0.2760	3	true	76034	8187	NA	NA	NA	NA
zloop	imac_g3	2048	2048	1332	50	50.0863	+0.0863	4	true	78208	11252	false	42.495	67.2188	42.495
secant	imac_g3	2048	2048	1332	60	59.8192	-0.1808	4	true	100324	10382	NA	NA	NA	NA
zloop	imac_g3	2048	2048	1332	60	59.7357	-0.2643	4	true	98086	10429	false	50.294	76.7522	50.294
secant	imac_g3	2048	2048	1332	70	72.9839	+2.9839	6	false	127431	16219	NA	NA	NA	NA
zloop	imac_g3	2048	2048	1332	70	71.1355	+1.1355	6	false	122731	16617	false	61.060	81.9339	61.060
secant	imac_g3	2048	2048	1332	80	79.6120	-0.3880	4	true	166318	7579	NA	NA	NA	NA
zloop	imac_g3	2048	2048	1332	80	79.6138	-0.3862	3	true	176418	5703	false	74.021	87.7464	74.021
secant	imac_g3	2048	2048	1332	90	90.6094	+0.6094	6	false	318716	11787	NA	NA	NA	NA
zloop	imac_g3	2048	2048	1332	90	89.9882	-0.0118	5	true	315047	9921	false	92.628	92.8258	92.628
